# CAPTURA AUTOMATICA MULTIBITSTREAM
# Puerto serie: COM3
# Baudrate: 115200
# Muestras por bitstream: 500
# Orden: 100ms -> 10ms -> 1ms -> 100us ; etapas 3, 5, 51, 101

============================================================
# BITSTREAM: 100ms_3etapas.bit
# VENTANA: 100ms
# ETAPAS_PRINCIPAL: 3
# NUM_MUESTRAS: 500
# FORMATO: idx	freq1_hz	freq2_hz	freq3_hz	freq4_hz
============================================================
idx	freq1_hz	freq2_hz	freq3_hz	freq4_hz
0	34252970	55224500	34252980	34252980
1	34254020	44739780	34254020	34254020
2	34257910	34257900	34257900	34257900
3	34260910	76204110	34260910	34260920
4	34261960	55233480	34261960	34261960
5	34260830	44746590	34260830	34260830
6	34259330	34259340	34259340	34259330
7	34256760	65714040	34256760	34256760
8	34257260	55228770	34257250	34257260
9	34259320	44745080	34259330	34259320
10	34264660	34264670	34264660	34264660
11	34267340	65724610	34267330	34267330
12	34267820	55239340	34267820	34267830
13	34267950	44753720	34267960	34267950
14	34265420	34265420	34265420	34265420
15	34266670	65723940	34266670	34266670
16	34264080	55235600	34264070	34264080
17	34265760	44751530	34265770	34265760
18	34262750	34262750	34262750	34262750
19	34263170	65720440	34263160	34263160
20	34260290	65716930	34260290	34260300
21	34264730	44750490	34264730	34264720
22	34265190	34265190	34265190	34265200
23	34261440	65718730	34261450	34261440
24	34263130	55234640	34263120	34263130
25	34267960	44753720	34267960	34267950
26	34269290	34269300	34269300	34269300
27	34267870	65725140	34267860	34267860
28	34265880	55237410	34265890	34265890
29	34263140	44748890	34263130	34263140
30	34264840	34264840	34264800	34264830
31	34263790	65721070	34263790	34263790
32	34266920	55238440	34266930	34266930
33	34265990	44751750	34265990	34265990
34	34265890	34265890	34266060	34265880
35	34267300	34265890	34267310	34267310
36	34267640	55239160	34267640	34267640
37	34264780	44750530	34264780	34264780
38	34265430	34265440	34265430	34265430
39	34266670	65723940	34266660	34266670
40	34265490	55237020	34265500	34265490
41	34266130	44751880	34266120	34266120
42	34265440	34265440	34265440	34265450
43	34263170	65720450	34263170	34263160
44	34264050	55235570	34264050	34264050
45	34264800	44750570	34264810	34264810
46	34263100	34263100	34263100	34263100
47	34264630	65721900	34264630	34264630
48	34264030	55235560	34264030	34264030
49	34262530	44748280	34262520	34262520
50	34263230	34263230	34266950	34263240
51	34261280	65718560	34261280	34261270
52	34264800	65722080	34264800	34264810
53	34264030	44749790	34264040	34264030
54	34266470	34266480	34266470	34266470
55	34263890	65721160	34263880	34263890
56	34262320	55233850	34262330	34262320
57	34260600	44746350	34260600	34260600
58	34259770	2802490	34259760	34259760
59	34258670	65715950	34258670	34258670
60	34258040	55229560	34258050	34258050
61	34254680	44740450	34254680	34254680
62	34250560	34250550	34250550	34250560
63	34251970	65709260	34251980	34251970
64	34252490	55224000	34252480	34252480
65	34255900	44741660	34255900	34255910
66	34254810	34254810	34254810	34254810
67	34256490	65713770	34256500	34256490
68	34256230	55227750	34256230	34256230
69	34257860	44743620	34257860	34257860
70	34258610	34258620	34258610	34258610
71	34242050	65699320	34242050	34242050
72	34018830	54990350	34018830	34018830
73	33955510	44441280	33955510	33955510
74	33957530	33957530	33957530	33957530
75	34004890	65462160	34004880	34004880
76	34069080	55040600	34069080	34069090
77	34244820	44730580	34244830	34244820
78	34251720	34251720	34251710	34251720
79	34251990	65709270	34251990	34251980
80	34246610	55218130	34246620	34246620
81	34243460	44729230	34243460	34243460
82	34242940	34242930	34242930	34242930
83	34243340	65700630	34243350	34243350
84	34246370	55217880	34246360	34246360
85	34211850	55183370	34211850	34211860
86	34204200	34204200	34204200	34204190
87	34243740	65701020	34243750	34079910
88	34209520	55181040	34209510	34209510
89	34209790	44695550	34209800	34209800
90	34187300	34187300	34187290	34187300
91	34148620	65605900	34148620	34148620
92	34016030	54987560	34016040	34016030
93	34210800	44696560	34210800	34210800
94	34241440	34241430	34241440	34241440
95	34177140	65634420	34177140	34177140
96	34070550	55042070	34070540	34070540
97	34238500	44724260	34238500	34238500
98	34036480	34036480	34036480	34036490
99	33912040	65369330	33912050	33912040
100	34140060	55111580	34140060	34140060
101	34151050	44636800	34151040	34151050
102	34080420	34080430	34080430	34080420
103	34127430	65584700	34127430	34127430
104	34088220	55059740	34088210	34088220
105	34246260	44732030	34246270	34246260
106	34157190	34157190	34157190	34157190
107	34094620	65551900	34094620	34094620
108	34204010	55175530	34204010	34204010
109	34042220	44527970	34042220	34042220
110	34245380	34245390	34245380	35883820
111	34184840	65642110	34184830	34184830
112	34164580	55136100	34165060	34164580
113	34247200	44732970	34247210	34247210
114	34247310	34247300	34247300	34247310
115	34249730	65707020	34249740	34249730
116	34254030	55225550	34254030	34254030
117	34252460	44738210	34252450	34252460
118	34249560	34249560	34249560	34249560
119	34253270	65710550	34253270	34253260
120	34255490	55227020	34255500	34255500
121	34252260	44738010	34252250	34252250
122	34252560	34252560	34252570	34252570
123	34249210	65706500	34249210	34249210
124	34248510	55220020	34248500	34248510
125	34248970	44734740	34248980	34248970
126	34247130	34247130	34247130	34247130
127	34248630	65705900	34248620	34248620
128	34251700	55223220	34251700	34251710
129	34249870	44735630	34249870	34249860
130	34249440	34249440	34249120	34249450
131	34251120	65708400	34251120	34251120
132	34249310	55220830	34249320	34249310
133	34248320	44734090	34248320	34248320
134	34249680	34249680	34249680	34249680
135	34248930	65706200	34248920	34248920
136	34246690	55218210	34246690	34246690
137	34251950	44737720	34251960	34251960
138	34249850	34249840	34249840	34249850
139	34249270	65706550	34249270	34249270
140	34248350	55219870	34248350	34248340
141	34248920	44734680	34248920	34248930
142	34249800	34249800	34250120	34249800
143	34248990	65706270	34248990	34248980
144	34255100	55226620	34255100	34255100
145	34253090	44738850	34253100	34253100
146	34251480	34251480	34251470	34251480
147	34253020	65710300	34253030	34253020
148	34255990	55227510	34255980	34255990
149	34254940	44740700	34254940	34254940
150	34256700	34256710	34256710	34256700
151	34256130	65713400	34256120	34256120
152	34254090	55225620	34254100	34254100
153	34252890	44738650	34252890	34252890
154	34250940	23765170	34250930	34250930
155	34253790	65711070	34253790	34253790
156	34250710	55222240	34250720	34250720
157	34253090	44738850	34253090	34253090
158	34252600	34252600	34252600	34252600
159	34250130	65707400	34250130	34250130
160	34248130	55219650	34248120	34248120
161	34249140	44734910	34249150	34249150
162	34250780	34250770	34250770	34250780
163	34254290	65711570	34254290	34254290
164	34251540	55223060	34251540	34251530
165	34253600	55224340	34253600	34253610
166	34253690	34253700	34253700	34253690
167	34255090	65712360	34255080	34255090
168	34251810	55223330	34251820	34251810
169	34254620	44740380	34254610	34254610
170	34253490	34253490	34253490	34253500
171	34254110	65711390	34254120	34254110
172	34252840	55224360	34252830	34252830
173	34253420	44739180	34253420	34253420
174	34251880	34251880	34251880	34251880
175	34252480	65709770	34252490	34252490
176	34250240	55221750	34250230	34250240
177	34251000	44736760	34251000	34251000
178	34250560	34250570	34250570	34250560
179	34248320	65705600	34248320	34248320
180	34252110	55223630	34252110	34252110
181	34254110	44739860	34257140	34254100
182	34253540	34253550	34253550	34253550
183	34253970	65711250	34253970	34253970
184	34252170	55223690	34252170	34252170
185	34252240	44737990	34252240	34252240
186	34251050	34251060	34251050	34251050
187	34253370	65710650	34253370	34253370
188	34256550	55228070	34256550	34256550
189	34259310	55233180	34259300	34259310
190	34253220	44740260	34253220	34253220
191	34251240	65708520	34251240	34251240
192	34251110	55222630	34251110	34251100
193	34252080	44737840	34252090	34252090
194	34250760	34250760	34250760	34250760
195	34249300	65706590	34249300	34249300
196	34250170	55221690	34250170	34250170
197	34248040	44733790	34248040	34248040
198	34254050	23768290	34254040	34254040
199	34251300	65708590	34251310	34251310
200	34249760	55221270	34249750	34249750
201	34247270	55218790	34247270	34247280
202	34249790	34249800	34249800	34249790
203	34252340	65709620	34252340	34252340
204	34251650	55223160	34251640	34251650
205	34251480	44737240	34251480	34251470
206	34250960	34250970	34250970	34250970
207	34251570	65708840	34251560	34251560
208	34255380	55226900	34255390	34255390
209	34257210	44742970	34257200	34257210
210	34260470	44748090	34260470	34260460
211	34260190	65717470	34260190	34260190
212	34260150	55231670	34260150	34260160
213	34260890	44746650	34260890	34260890
214	34258640	34258640	34258650	34258640
215	34263880	65721160	34263870	34263870
216	34262800	55234320	34262800	34262810
217	34265620	44751380	34265620	34265610
218	34267660	34267670	34267670	34267670
219	34267300	65724580	34267300	34267300
220	34265720	55237230	34265710	34265710
221	34265730	44751500	34265740	34265740
222	34266180	34266170	34266170	34266170
223	34264430	65721720	34264440	34264440
224	34264740	55236250	34264730	34264730
225	34266990	44752750	34266990	34267000
226	34265390	23779630	34265390	34265390
227	34268070	65725350	34268070	34268060
228	34266060	55237580	34266060	34266060
229	34270210	44755980	34270220	34270220
230	34265270	34265260	34265260	34265270
231	34270460	65727740	34270460	34270460
232	34265650	55237170	34265650	34265650
233	34269520	44755280	34269520	34269510
234	34270260	34270260	34270260	34270260
235	34265400	65722680	34265400	34265410
236	34267950	55239470	34267950	34267950
237	34267000	44752770	34267010	34267000
238	34263390	34263390	34263390	34263390
239	34263220	65720500	34263220	34263220
240	34262910	55234420	34262900	34262900
241	34264850	44750620	34264860	34264860
242	34261560	34261550	34261550	34261560
243	34267700	65724990	34267710	34267700
244	34267680	55239190	34267680	34267680
245	34269470	44755240	34269470	34269470
246	34270040	34270030	34270030	34270030
247	34270870	65728150	34270870	34270870
248	34267160	55238680	34267160	34267160
249	34269660	44755420	34269660	34269660
250	34267860	34267860	34267860	34267860
251	34267640	65724930	34267650	34267650
252	34265390	55236900	34265380	34265390
253	34266340	44752100	34266340	34266340
254	34266360	34266360	34266360	34266360
255	34267270	65724550	34267270	34267260
256	34267330	55238850	34267330	34267340
257	34269450	44755220	34269460	34269450
258	34266800	2809510	34266790	34266790
259	34268350	65725630	34268350	34268350
260	34269020	55240540	34268980	34269030
261	34269120	44754880	34269120	34269120
262	34267650	34267650	34267650	34267650
263	34266090	65723370	34266100	34266090
264	34266380	55237900	34266810	34266380
265	34263100	55234620	34263100	34263100
266	34262520	34262530	34262530	34262520
267	34261680	65718950	34261670	34261680
268	34263080	55234600	34263080	34263080
269	34256580	44742340	34256580	34256580
270	34257300	34257300	34257300	34257290
271	34259990	65717280	34260000	34260000
272	34263930	55235440	34263930	34263930
273	34260580	44746340	34260570	34260580
274	34259290	34259300	34259300	34259290
275	34261360	65718630	34261350	34261360
276	34266110	55237630	34266110	34266100
277	34265440	44751200	34265440	34265440
278	34263760	34263760	34263760	34263760
279	34260440	65717730	34260450	34260450
280	34259500	55231010	34259490	34259500
281	34260560	44746320	34260560	34260560
282	34263440	34263440	34263440	34263440
283	34265730	65723010	34265730	34265720
284	34265660	55237180	34265660	34265660
285	34264820	44750590	34264830	34264830
286	34263610	34263600	34263600	34263610
287	34262270	65719550	34262270	34262270
288	34264990	55236510	34264990	34264990
289	34264130	44749900	34264140	34264130
290	34259990	34259980	34259980	34259980
291	34260180	65717460	34260180	34260190
292	34262720	55234250	34262730	34262720
293	34266280	44752030	34266280	34266280
294	34267760	34267760	34267750	34267750
295	34269820	65727110	34269830	34269830
296	34266690	55238200	34266680	34266680
297	34265620	44751380	34265630	34265630
298	34264290	44751710	34264280	34264290
299	34261940	65719220	34261940	34261930
300	34265820	65723100	34265830	34265830
301	34266530	44752290	34266520	34266530
302	34266600	34266600	34266600	34266630
303	34267030	65724310	34267030	34267030
304	34265560	55237080	34265560	34265570
305	34270740	44756510	34270750	34270740
306	34268280	34268270	34268280	34268280
307	34265870	65723150	34265860	34265860
308	34266310	55237840	34266320	34266320
309	34263890	55235400	34263880	34263880
310	34268570	34268570	34268580	34268580
311	34270920	65728210	34270920	34270920
312	34268570	55240090	34268570	34268570
313	34261870	44747620	34261860	34261870
314	34260180	34260180	34260180	34260180
315	34263930	76206970	34263930	34263930
316	34261700	55233230	34261710	34261700
317	34260660	44746410	34260660	34260660
318	34262330	34262340	34262330	34262330
319	34265550	65722820	34265540	34265550
320	34265570	55237090	34265570	34265560
321	34265410	44751180	34265420	34265420
322	34265170	34265160	34265170	34265170
323	34265360	65722640	34265350	34265360
324	34264420	55235940	34264420	34264410
325	34264180	55235700	34264180	34264180
326	34263420	34263420	34263420	34263420
327	34263760	76206800	34263760	34263760
328	34262350	55233870	34262350	34262360
329	34263220	44748990	34263230	34263220
330	34265260	34265250	34265260	34265260
331	34267250	65724530	34267240	34267250
332	34266970	55238490	34266980	34266970
333	34266710	44752480	34266710	34266710
334	34265590	34265580	34265580	34265580
335	34266440	65723720	34266440	34266450
336	34265710	55237240	34265720	34265710
337	34264510	44750270	34264510	34264510
338	34262750	34262740	34262740	34262750
339	34264700	65721980	34264710	34264700
340	34261740	55233260	34261730	34261740
341	34267170	44752940	34267180	34267170
342	34271810	44758060	34271800	34271810
343	34273820	65731100	34273820	34273820
344	34269320	55240840	34269320	34269320
345	34268790	44754550	34268790	34268790
346	34271850	34271850	34271850	34271840
347	34270960	65728240	34270960	34270960
348	34269700	55241220	34269700	34269700
349	34267790	44753550	34267790	34267790
350	34268740	34268740	34268750	34268750
351	34270130	65727410	34270120	34270130
352	34269290	55240810	34269290	34269290
353	34267820	44753580	34267820	34267820
354	34265260	34265270	34265270	34265260
355	34265840	65723110	34265840	34265840
356	34266210	55237730	34266200	34266210
357	34266630	44752390	34266630	34266620
358	34267980	34267990	34267990	34267990
359	34265060	65722330	34265060	34265060
360	34263790	55235310	34263780	34263790
361	34266240	44752000	34266240	34266230
362	34266240	34266250	34266250	34266250
363	34267640	65724910	34267630	34267640
364	34267770	65724910	34267770	34267770
365	34264230	44750000	34264240	34264230
366	34267490	34267480	34267490	34267490
367	34265320	65722600	34265310	34265310
368	34265250	55236770	34265250	34265250
369	34265550	44751310	34265560	34265560
370	34265310	34265320	34265310	34265310
371	34266200	65723470	34266200	34266200
372	34267840	55239360	34267830	34267840
373	34264120	44749880	34264120	34264110
374	34266090	2808810	34266090	34266100
375	34267270	65724550	34267270	34267270
376	34265170	55236690	34265170	34265160
377	34264770	44750530	34264770	34264770
378	34264970	34264980	34264980	34264980
379	34265130	65722410	34265130	34265130
380	34265480	55236990	34265480	34265480
381	34268100	44753860	34268100	34268100
382	34268850	34268850	34268840	34268850
383	34266790	65724080	34266800	34266790
384	34269480	55241000	34269480	34269480
385	34268860	44754610	34268850	34268850
386	34269730	34269730	34269740	34269740
387	34265350	76208390	34265340	34265350
388	34264820	55236340	34264820	34264820
389	34265460	44751230	34265470	34265460
390	34266190	34266190	34266190	34266190
391	34266880	65724150	34266870	34266880
392	34269780	55241300	34269780	34269780
393	34269690	55241050	34269700	34269690
394	34268460	34268470	34268460	34268460
395	34271120	65728400	34271120	34271120
396	34269680	55241200	34269680	34269680
397	34269990	44755750	34269990	34269990
398	34268310	34268310	34268310	34268310
399	34268890	65726160	34268880	34268880
400	34270050	55241580	34270060	34270060
401	34267140	44752890	34267130	34267130
402	34268030	34268030	34268030	34268040
403	34268480	65725760	34268480	34268470
404	34268580	55240100	34268580	34268590
405	34269740	44755510	34269750	34269740
406	34270770	34270760	34270760	34270770
407	34269340	65726620	34269340	34269340
408	34268360	55239880	34268360	34268360
409	34266790	44752550	34266790	34266790
410	34270770	34270780	34270780	34270770
411	34265820	65723090	34265810	34265820
412	34270370	55241900	34270380	34270370
413	34268770	44754520	34268760	34268770
414	34269000	34269010	34269010	34269000
415	34267970	65725240	34267970	34267970
416	34272980	55244500	34272970	34272980
417	34270480	44756240	34270480	34270480
418	34269900	34269910	34269910	34269900
419	34266030	65723300	34266030	34266030
420	34269030	55240550	34269020	34269020
421	34267930	44753690	34265250	34267930
422	34266260	34266260	34266260	34266260
423	34268710	65725990	34268710	34268710
424	34270120	55241640	34270120	34270120
425	34270400	44756160	34270410	34270410
426	34269370	34269370	34269360	34269360
427	34270570	34269370	34270580	34270580
428	34270490	55242020	34270490	34270490
429	34270390	44756140	34270380	34270380
430	34269540	34269550	34269550	34269550
431	34268390	65725670	34268390	34268390
432	34268020	65720550	34268010	34268010
433	34268800	44754560	34268810	34268810
434	34268030	34268040	34268030	34268030
435	34266960	65724230	34266950	34266960
436	34265570	55237090	34265570	34265560
437	34264620	44750390	34264630	34264630
438	34267470	34267470	34267470	34267470
439	34260300	65717570	34260290	34260300
440	34261680	55233200	34261680	34261670
441	34260870	44746630	34260880	34260920
442	34263190	34263190	34263180	34263180
443	34262930	76205970	34262930	34262940
444	34263670	55235200	34263680	34263670
445	34264100	44749850	34264100	34264100
446	34263930	34263930	34264240	34263920
447	34258750	65716030	34258750	34258760
448	34260380	55231900	34260380	34260370
449	34260080	44745840	34260080	34260080
450	34256850	34256860	34256860	34256860
451	34257010	65714280	34257000	34257000
452	34257240	55228760	34257240	34257240
453	34259970	44745730	34259980	34259980
454	34260070	34260070	34260060	34260070
455	34258880	65716160	34258880	34258870
456	34258630	55230160	34258640	34258640
457	34259060	44744810	34259050	34259060
458	34260280	34260280	34260290	34260280
459	34259160	65716440	34259150	34259150
460	34259660	55231180	34259660	34259670
461	34259680	44745440	34259680	34259680
462	34260370	34260370	34260380	34260370
463	34260150	65717430	34260140	34260140
464	34262620	55234150	34262630	34262630
465	34264900	44750660	34264900	34264900
466	34263480	34263470	34263470	34263470
467	34263970	65721260	34263980	34263980
468	34264560	55236070	34264550	34264560
469	34264670	44750430	34264680	34264670
470	34262650	34262650	34262640	34262640
471	34266190	65723480	34266200	34266200
472	34263670	55235180	34263660	34263660
473	34264280	44750040	34264280	34264290
474	34268150	34268160	34268160	34268150
475	34266880	65724160	34266880	34266880
476	34263460	55234980	34263460	34263460
477	34263380	44749140	34263380	34263380
478	34266940	34266930	34266940	34266940
479	34265220	65722500	34265210	34265220
480	34266630	55238150	34266640	34266630
481	34264380	44750140	34264370	34264380
482	34263370	34263380	34263380	34263370
483	34263390	65720670	34263390	34263390
484	34261100	55232620	34261100	34261100
485	34263040	44748790	34263030	34263030
486	34262840	34262840	34262840	34262850
487	34261990	65719270	34261990	34261980
488	34263300	55234820	34263300	34263310
489	34260280	44746040	34260280	34260280
490	34261690	34261690	34261700	34261690
491	34261330	65718610	34261330	34261330
492	34258330	55229850	34258320	34258330
493	34260080	44745850	34260090	34260080
494	34259860	34259860	34259860	34259860
495	34259810	65717090	34259810	34259810
496	34259540	55231050	34259530	34259530
497	34263930	44749690	34263930	34263940
498	34260230	34260230	34260240	34260230
499	34259320	65716600	34259320	34259320

============================================================
# BITSTREAM: 100ms_5etapas.bit
# VENTANA: 100ms
# ETAPAS_PRINCIPAL: 5
# NUM_MUESTRAS: 500
# FORMATO: idx	freq1_hz	freq2_hz	freq3_hz	freq4_hz
============================================================
idx	freq1_hz	freq2_hz	freq3_hz	freq4_hz
0	34208620	34203490	34208610	34208610
1	34207770	34202650	34207770	34207770
2	34210600	34205480	34210600	34210600
3	34208550	34203430	34208550	34208550
4	34208540	34203420	34208540	34208540
5	34212680	34212690	34212690	34212690
6	34211000	34205870	34210990	34211000
7	34209060	34203940	34209060	34209050
8	34209810	34204690	34209810	34209810
9	34211970	34211980	34211980	34211980
10	34213510	34213510	34213510	34213510
11	34207480	34202350	34207470	34207470
12	34206790	34201670	34206790	34206790
13	34204680	34204680	34204680	34204680
14	34203900	34203900	34203900	34203900
15	34202670	34202670	34202670	34202680
16	34201730	34201740	34201740	34201730
17	34199960	34194840	34199960	34199960
18	34201060	34195940	34201060	34201060
19	34201390	34196260	34201380	34201380
20	34200790	34195670	34200790	34200790
21	34201020	34195900	34201020	34201020
22	34201700	34201700	34201700	34201700
23	34202240	34202240	34202240	34202240
24	34203060	34203070	34203070	34203070
25	34202850	34202840	34202840	34202840
26	34201690	34201690	34201690	34201690
27	34201300	34196180	34201300	34201300
28	34201110	34196000	34201120	34201120
29	34200590	34195470	34200590	34200590
30	34205290	34205290	34205290	34205290
31	34202930	34202920	34202920	34202920
32	34202040	34202050	34202050	34202050
33	34201590	34196470	34201590	34201590
34	34200730	34195600	34200720	34200720
35	34197280	34192170	34197290	34197290
36	34199980	34194850	34199980	34199980
37	34200440	34195330	34200440	34200440
38	34201080	34195960	34201080	34201080
39	34199560	34194430	34199550	34199550
40	34199990	34194870	34199990	34199990
41	34198250	34193140	34198260	34198260
42	34196830	34191700	34196820	34196820
43	34196650	34191530	34196650	34196650
44	34196310	34196320	34196320	34196320
45	34196760	34191630	34196750	34196750
46	34200150	34195030	34200150	34200150
47	34200940	34195820	34200950	34200950
48	34201860	34201860	34201850	34201850
49	34201630	34201640	34201640	34201640
50	34198570	34193450	34198570	34198570
51	34197680	34192550	34197670	34197350
52	34200510	34195390	34200510	34200510
53	34198930	34193810	34198930	34198930
54	34193850	34193850	34193850	34193850
55	34192890	34192900	34192900	34192900
56	34166860	34161730	34166850	34166850
57	33891780	33886670	33891790	33891790
58	34327330	34327320	34327320	34327320
59	34607130	34602010	34607130	34607130
60	34684560	34684570	34684570	34684570
61	34700200	34695070	34700190	34700190
62	34704470	34704470	34704470	34704470
63	34163380	34163380	34163380	34163380
64	34190650	34185530	34190650	34190650
65	33370960	33365850	33370970	33370970
66	32776890	32771760	32776880	32776880
67	32716510	32711390	32716510	32716520
68	32702130	32697010	32702130	32702120
69	32853690	32853700	32853700	32853700
70	33645380	33640250	33645370	33645370
71	33669430	33669430	33669430	33669430
72	33667670	33662550	33667670	33667670
73	33654870	33649750	33654870	33654870
74	33417590	33417590	33417590	33417590
75	33355910	33355910	33355910	33355910
76	33347040	33341920	33347040	33347050
77	33357200	33352090	33357210	33357200
78	33470780	33465650	33470770	33470770
79	33660950	33660960	33660960	33660960
80	33669610	33669600	33669600	33669600
81	33669820	33669820	33669820	33669820
82	33722890	33722890	33722890	33722890
83	33733320	33733320	33733320	33733320
84	33731320	33731320	33731320	33731320
85	33734850	33734850	33734850	33734860
86	33685200	33680090	33685210	33685200
87	33673700	33673690	33673690	33673690
88	33676980	33671860	33676980	33676990
89	33675540	33670430	33675550	33675540
90	33674420	33669290	33674410	33674410
91	33674500	33669380	33674500	33674500
92	33671830	33671840	33671840	33674500
93	33673240	33673230	33673230	33673240
94	33680330	33680330	33680330	33680330
95	33682790	33682790	33682790	33682780
96	33685480	33680370	33685490	33685490
97	33686780	33681660	33686780	33686780
98	33686620	33681490	33686610	33686620
99	33688370	33683250	33688370	33688360
100	33683020	33683020	33683020	33683030
101	33682510	33682510	33682510	33682500
102	33683330	33683340	33683340	33683340
103	33685070	33679940	33685060	33685060
104	33681410	33681410	33681410	33681420
105	33682790	33682800	33682800	33682790
106	33682980	33682970	33682970	33682970
107	33684500	33679380	33684500	33684510
108	33680310	33680320	33680320	33680310
109	33682720	33682720	33682720	33682720
110	33682960	33682950	33682950	33682950
111	33683850	33683850	33683850	33683860
112	33680130	33680130	33680130	33680120
113	33682530	33682530	33682530	33682530
114	33681540	33681540	33681540	33681550
115	33679100	33673980	33679100	33679100
116	33675660	33670550	33675670	33675660
117	33676910	33671780	33676900	33676900
118	33677050	33671930	33677050	33677050
119	33677580	33672470	33677590	33677590
120	33680330	33680330	33680330	33680330
121	33679000	33673870	33678990	33678990
122	33681080	33681080	33681080	33681080
123	33679990	33679990	33679990	33679990
124	33679360	33679370	33679370	33679370
125	33680900	33680890	33680900	33680900
126	33681630	33681630	33681630	33681630
127	33679450	33679450	33679440	33679450
128	33677570	33672450	33677570	33677560
129	33673530	33673530	33673530	33673530
130	33672570	33672580	33672580	33672580
131	33671750	33671740	33671740	33671740
132	33673510	33673510	33673510	33673520
133	33675050	33669930	33675060	33675050
134	33679000	33673880	33678990	33678990
135	33675990	33670870	33676000	33676000
136	33670330	33670330	33670320	33670320
137	33671970	33671970	33671970	33671970
138	33669370	33669370	33669370	33669370
139	33672050	33672050	33672050	33672060
140	33658000	33652890	33658010	33658000
141	33711060	33711060	33711060	33711060
142	33719950	33714820	33719940	33719940
143	33668740	33663620	33668740	33668740
144	33668560	33663440	33668570	33668570
145	33676660	33671540	33676650	33676650
146	33676740	33671620	33676740	33676740
147	33673150	33673150	33673150	33673160
148	33673760	33673760	33673770	33673760
149	33694230	33694230	33694220	33694220
150	33708680	33703560	33708680	33708680
151	33718680	33713560	33718680	33718680
152	33720820	33720820	33720820	33720820
153	33677310	33672200	33677320	33677320
154	33669630	33669620	33669620	33669630
155	33669800	33669800	33669800	33669790
156	33671360	33671370	33671370	33671370
157	33672750	33672740	33672750	33672750
158	33669330	33669330	33669330	33669330
159	33661660	33661660	33661660	33661660
160	33664080	33658960	33664070	33664080
161	33663120	33663130	33663130	33663120
162	33662470	33662470	33662470	33662470
163	33667800	33662670	33667790	33667790
164	33664270	33659150	33664270	33664270
165	33663210	33663220	33663220	33662900
166	33661310	33661310	33661310	33661310
167	33660870	33660860	33660870	33660870
168	33659100	33659100	33659090	33659090
169	33659210	33659210	33659220	33659220
170	33660290	33660290	33660280	33660290
171	33658370	33653250	33658380	33658370
172	33657570	33652450	33657560	33657560
173	33658910	33658920	33658920	33658920
174	33661640	33661630	33661630	33661630
175	33661810	33661820	33661820	33661820
176	33661470	33661460	33661460	33661460
177	33659760	33659760	33659760	33659770
178	33663070	33663070	33663070	33663060
179	33658350	33653230	33658350	33658350
180	33663540	33663550	33663550	33663550
181	33666140	33661020	33666140	33666140
182	33664740	33659610	33664730	33664730
183	33666260	33661150	33666270	33666270
184	33663240	33663230	33663230	33663240
185	33663710	33663710	33663710	33663700
186	33666140	33661030	33666150	33666150
187	33667250	33662120	33667240	33667240
188	33667650	33662530	33667650	33667660
189	33666360	33661250	33666370	33666360
190	33662490	33662480	33662480	33662480
191	33663040	33663040	33663040	33663040
192	33664250	33659130	33664250	33664250
193	33662770	33662770	33662770	33662780
194	33662760	33662760	33662760	33662750
195	33661080	33661080	33661080	33661080
196	33657940	33652820	33657940	33657950
197	33656670	33651550	33656670	33656660
198	33661040	33661040	33661040	33661040
199	33661140	33661140	33661150	33661150
200	33662560	33662560	33662550	33662550
201	33661730	33661730	33661730	33661730
202	33663530	33663540	33663540	33663540
203	33664200	33659070	33664190	33664200
204	33666060	33660940	33666060	33666050
205	33663690	33663700	33663700	33663700
206	33661720	33661710	33661710	33661720
207	33663380	33663390	33663390	33663380
208	33664370	33659250	33664370	33664370
209	33663860	33663850	33663850	33663850
210	33659760	33659760	33659760	33659760
211	33661650	33661650	33661650	33661660
212	33659680	33659680	33659690	33659680
213	33658160	33653050	33658160	33658160
214	33657020	33651890	33657020	33657020
215	33657030	33651910	33657020	33657020
216	33655490	33650370	33655490	33655490
217	33656740	33651630	33656750	33656750
218	33659980	33659980	33659980	33659980
219	33660340	33660340	33660340	33660340
220	33667210	33662080	33667200	33667210
221	33663210	33663220	33663220	33663210
222	33667450	33662330	33667450	33663850
223	33667470	33662340	33667460	33667460
224	33666260	33661140	33666260	33666270
225	33664240	33659130	33664250	33664240
226	33666790	33661660	33666780	33666780
227	33669680	33669690	33669690	33669690
228	33667970	33662840	33667960	33667970
229	33665280	33660160	33665280	33665270
230	33670470	33670470	33670470	33670470
231	33667010	33661890	33667010	33667020
232	33663820	33663820	33663820	33663810
233	33668000	33662880	33668000	33668000
234	33669660	33669660	33669660	33669670
235	33666510	33661390	33666510	33666500
236	33668270	33663150	33668280	33668280
237	33664760	33659640	33664750	33664750
238	33668570	33663450	33668570	33668570
239	33667490	33662380	33667500	33667500
240	33669840	33669840	33669840	33669840
241	33669910	33669900	33669910	33669910
242	33669230	33669230	33669220	33669230
243	33668060	33662940	33668070	33668060
244	33669130	33669140	33669130	33669130
245	33668000	33662880	33668000	33668000
246	33665290	33660170	33665290	33665290
247	33668150	33663020	33668140	33668140
248	33668730	33663610	33668730	33668730
249	33670240	33670240	33670240	33670250
250	33670210	33670220	33670220	33670210
251	33671930	33671920	33671920	33671920
252	33669400	33669400	33669400	33669410
253	33668140	33663020	33668150	33668140
254	33668490	33663370	33668480	33668580
255	33667180	33662070	33667190	33667190
256	33663330	33663320	33663320	33663330
257	33666480	33661360	33666480	33666470
258	33669020	33663900	33669020	33669020
259	33667680	33662560	33667680	33667690
260	33661780	33661790	33661790	33661780
261	33664360	33659240	33664360	33664360
262	33661690	33661680	33661680	33661680
263	33667610	33662500	33667620	33667620
264	33669670	33669660	33669660	33669660
265	33668860	33663750	33668870	33668870
266	33669640	33669630	33669640	33669640
267	33673850	33673850	33673840	33673840
268	33674480	33669370	33674490	33674490
269	33670150	33670150	33670150	33670150
270	33667800	33662670	33667790	33667790
271	33663100	33663100	33663110	33663110
272	33659650	33659650	33659640	33659650
273	33664540	33659420	33664540	33664540
274	33663780	33663780	33663780	33663770
275	33661360	33661360	33661360	33661360
276	33663650	33663660	33663660	33663660
277	33663640	33663630	33663630	33663630
278	33664420	33659300	33664420	33664420
279	33667730	33662620	33667740	33667740
280	33664500	33659370	33664490	33664500
281	33663690	33663690	33663690	33663680
282	33660690	33660690	33660690	33660690
283	33660080	33660080	33660080	33660080
284	33663170	33663170	33663170	33663180
285	33662660	33662670	33662670	33662660
286	33661150	33661140	33661140	33661140
287	33662440	33662450	33662450	33662450
288	33664130	33659000	33664120	33664120
289	33663140	33663140	33663150	33663150
290	33659540	33659540	33659530	33659530
291	33662010	33662010	33662010	33662010
292	33652780	33652790	33652790	33652790
293	33586210	33581080	33586200	33581080
294	33463630	33458520	33463640	33463640
295	33351570	33018760	33351560	33351560
296	33637180	33632070	33637190	33637190
297	33648370	33643240	33648360	33648360
298	33392130	33387020	33392140	33392140
299	33461630	33456510	33461630	33461630
300	33664810	33659680	33664810	33664810
301	33667170	33662050	33667160	33667170
302	33671780	33671780	33671790	33671780
303	33674140	33674150	33674140	33674140
304	33671520	33671510	33671510	33671510
305	33668630	33663510	33668630	33668630
306	33669300	33669300	33669300	33669300
307	33670520	33670520	33670520	33670520
308	33672960	33672960	33672960	33672970
309	33673100	33673100	33673100	33673090
310	33671290	33671290	33671290	33671300
311	33671850	33671850	33671850	33671840
312	33671990	33671990	33671990	33671990
313	33677650	33672530	33677650	33677650
314	33675090	33669980	33675100	33675100
315	33674770	33669640	33674760	33674760
316	33674640	33669530	33674650	33674650
317	33677760	33672630	33677760	33677760
318	33677940	33672830	33677940	33677940
319	33676280	33671160	33676280	33676600
320	33676770	33671640	33676760	33676760
321	33677030	33671910	33677030	33674790
322	33675170	33670050	33675180	33675180
323	33675060	33669940	33675050	33675050
324	33675200	33670090	33675210	33675210
325	33671910	33671900	33671900	33671900
326	33673210	33673220	33673220	33673220
327	33672560	33672550	33672550	33672550
328	33672300	33672300	33672300	33672300
329	33672200	33672200	33672200	33672200
330	33671740	33671750	33671750	33671750
331	33670910	33670900	33670900	33670900
332	33674820	33669710	33674830	33674830
333	33678650	33673530	33678650	33678650
334	33674250	33669120	33674240	33674240
335	33675240	33670130	33675250	33675250
336	33676070	33670950	33676070	33676070
337	33677990	33672860	33677980	33677980
338	33673200	33673210	33673210	33673210
339	33678040	33672910	33678030	33678040
340	33673480	33673480	33673480	33673470
341	33673830	33673830	33673830	33673830
342	33671250	33671260	33671260	33671260
343	33670740	33670730	33670740	33670740
344	33674710	33669590	33674700	33669590
345	33677270	33672150	33677270	33677270
346	33678840	33673720	33678840	33678840
347	33677880	33672760	33677890	33677880
348	33674380	33669270	33674380	33674380
349	33675230	33670100	33675220	33675220
350	33674930	33669810	33674940	33674940
351	33675160	33670040	33675150	33675150
352	33673660	33673660	33673660	33673670
353	33673690	33673690	33673700	33673690
354	33674110	33674110	33674100	33674100
355	33681340	33681340	33681340	33681340
356	33676700	33671580	33676700	33676700
357	33669700	33669710	33669710	33669710
358	33669420	33669420	33669420	33669420
359	33669240	33669230	33669230	33669230
360	33674280	33669160	33674280	33674290
361	33670350	33670360	33670360	33670350
362	33671910	33671900	33671900	33671900
363	33672550	33672550	33672550	33672550
364	33676430	33671310	33676430	33676430
365	33674620	33669500	33674620	33674620
366	33673530	33673530	33673530	33673530
367	33673150	33673150	33673150	33673150
368	33671820	33671820	33671820	33671820
369	33674340	33669230	33674350	33674350
370	33675910	33670780	33675900	33675910
371	33678570	33673450	33678570	33678560
372	33682960	33682970	33682970	33689290
373	33679560	33679560	33679560	33679560
374	33678090	33672970	33678090	33678090
375	33678100	33672980	33678100	33678100
376	33677570	33672440	33677560	33677560
377	33676070	33670950	33676080	33676080
378	33670790	33670790	33670790	33670790
379	33669700	33669700	33669690	33669690
380	33672030	33672040	33672040	33672040
381	33671490	33671480	33671490	33671490
382	33670150	33670150	33670140	33670140
383	33668840	33663730	33668850	33668850
384	33665120	33659990	33665110	33665110
385	33669720	33669730	33669730	33669730
386	33671120	33671120	33671120	33671120
387	33675420	33670300	33675420	33675100
388	33673870	33673870	33673870	33673870
389	33673950	33673940	33673940	33673940
390	33672440	33672440	33672450	33672450
391	33676740	33671620	33676740	33676740
392	33683000	33683000	33682990	33682990
393	33684000	33684010	33684010	33684010
394	33686170	33681040	33686160	33686170
395	33684310	33684320	33684320	33684310
396	33684080	33684070	33684070	33684070
397	33685160	33680040	33685160	33685170
398	33681260	33681260	33681270	33681260
399	33686650	33681540	33686650	33686650
400	33685160	33680030	33685150	33685160
401	33681190	33681200	33681200	33681190
402	33676760	33671640	33676760	33676760
403	33682950	33682940	33682940	33682940
404	33684610	33679500	33684620	33684620
405	33685430	33680310	33685430	33685430
406	33685630	33680500	33685620	33685620
407	33684610	33679490	33684610	33684610
408	33685800	33680680	33685800	33685800
409	33682700	33682700	33682700	33682700
410	33682850	33682850	33682850	33682850
411	33684340	33684340	33684340	33684340
412	33680900	33680910	33680910	33680910
413	33680650	33680650	33680650	33680650
414	33680570	33680570	33680570	33680570
415	33676660	33671530	33676650	33676650
416	33676930	33671810	33676930	33675980
417	33674950	33669830	33674950	33674940
418	33679190	33674080	33679200	33679200
419	33679670	33679660	33679660	33679660
420	33678390	33673270	33678390	33678390
421	33678840	33673730	33678850	33678850
422	33678560	33673430	33678560	33678560
423	33679990	33680000	33679990	33679990
424	33680840	33680830	33680830	33680830
425	33680360	33680360	33680360	33680360
426	33681540	33681540	33681540	33681540
427	33682020	33682020	33682020	33682020
428	33682210	33682210	33682210	33682210
429	33682640	33682640	33682640	33682650
430	33682500	33682510	33682510	33682500
431	33681430	33681430	33681430	33681430
432	33684630	33679500	33684620	33684620
433	33683360	33683370	33683370	33683370
434	33681380	33681370	33681370	33681380
435	33686900	33681780	33686900	33686890
436	33684610	33679500	33684620	33684620
437	33679840	33679830	33679830	33679830
438	33676090	33670970	33676090	33676090
439	33671720	33671720	33671720	33671730
440	33671040	33671040	33671040	33671030
441	33672500	33672500	33672500	33672500
442	33673180	33673190	33673190	33673190
443	33674300	33669170	33674290	33674290
444	33675170	33670050	33675170	33675170
445	33674990	33669880	33675000	33675000
446	33676430	33671300	33676420	33676420
447	33673830	33673830	33673830	33673830
448	33676140	33671030	33676150	33676150
449	33673350	33673340	33673340	33673340
450	33672670	33672670	33672670	33672670
451	33675090	33669970	33675090	33675090
452	33674180	33674190	33674190	33674190
453	33673350	33673350	33673350	33673350
454	33671500	33671490	33671490	33671490
455	33673910	33673920	33673920	33673920
456	33677680	33672560	33677680	33677680
457	33679990	33679980	33679980	33679980
458	33678390	33673270	33678390	33678710
459	33672930	33672940	33672940	33672940
460	33671000	33671000	33671000	33671000
461	33664830	33659700	33664820	33664820
462	33664530	33659410	33664530	33664530
463	33665250	33660130	33665250	33665250
464	33672060	33672060	33672070	33672070
465	33671670	33671680	33671670	33671670
466	33674610	33669490	33674610	33674610
467	33677630	33672500	33677620	33677620
468	33674650	33669530	33674660	33674660
469	33675140	33670020	33675140	33675140
470	33676020	33670910	33676020	33676020
471	33675560	33670440	33675560	33675560
472	33673250	33673240	33673240	33673240
473	33677020	33671910	33677030	33677030
474	33672820	33672810	33672810	33672810
475	33678990	33673870	33678990	33679000
476	33680230	33680230	33680240	33680230
477	33681470	33681470	33681470	33681470
478	33678860	33673740	33678860	33678860
479	33676800	33671680	33676790	33676790
480	33676030	33670910	33676030	33676030
481	33671670	33671670	33671670	33671680
482	33674530	33669410	33674530	33674520
483	33680350	33680360	33680360	33680360
484	33685410	33680290	33685410	33685410
485	33681390	33681380	33681380	33681380
486	33682650	33682650	33682650	33682660
487	33681010	33681010	33681010	33681000
488	33682470	33682470	33682470	33682470
489	33685300	33680190	33685310	33685310
490	33682540	33682530	33682530	33682540
491	33680660	33680660	33680660	33680650
492	33682610	33682610	33682610	33682620
493	33676170	33671050	33676180	33676170
494	33671790	33671790	33671780	33671780
495	33668760	33663640	33668760	33668770
496	33672830	33672830	33672830	33672820
497	33674850	33669730	33674850	33674850
498	33675570	33670450	33675570	33675580
499	33673840	33673840	33673840	33673830

============================================================
# BITSTREAM: 100ms_51etapas.bit
# VENTANA: 100ms
# ETAPAS_PRINCIPAL: 51
# NUM_MUESTRAS: 500
# FORMATO: idx	freq1_hz	freq2_hz	freq3_hz	freq4_hz
============================================================
idx	freq1_hz	freq2_hz	freq3_hz	freq4_hz
0	14201980	13035430	13618710	11924200
1	14203700	13036370	13620040	11927550
2	14201750	13034790	13618260	11923620
3	14202120	13034160	13618140	11923900
4	14201680	13034540	13618110	11923500
5	14202380	13035610	13618990	11927060
6	14201780	13029780	13618430	11925960
7	14202030	13034500	13618260	11926800
8	14200650	13033860	13617250	11923050
9	14201580	13033830	13617710	11926070
10	14202590	13031850	13615940	11923910
11	14201330	13032810	13617070	11923610
12	14201280	13033130	13617240	11924850
13	14201130	13032230	13616680	11923990
14	14200810	13032160	13616490	11922930
15	14201420	13032690	13617050	11926050
16	14200820	13032510	13616670	11924480
17	14201500	13033620	13617560	11925740
18	14201250	13033760	13617500	11923130
19	14200930	13033910	13617420	11924190
20	14201240	13033450	13617350	11923330
21	14199920	13032210	13616070	11924810
22	14200160	13032230	13616190	11923960
23	14200840	13032400	13616620	11924920
24	14200760	13031890	13616330	11922440
25	14200530	13031830	13616180	11925390
26	14199790	13031280	13615530	11921670
27	14200730	13032220	13616470	11925250
28	14200230	13031940	13616090	11923800
29	14200150	13031440	13615790	11924510
30	14199970	13031310	13615640	11923980
31	14199910	13031050	13615480	11923100
32	14199810	13031630	13615720	11922600
33	14199540	13031520	13615540	11923000
34	14199120	13031190	13615150	11921010
35	14198920	13031000	13614960	11923680
36	14199580	13033510	13616540	11922170
37	14200410	13032580	13616500	11923830
38	14200560	13032460	13616510	11922980
39	14201050	13033240	13617150	11925620
40	14200550	13032910	13616730	11924960
41	14199890	13031740	13615810	11925410
42	14199440	13031850	13615640	11923810
43	14200770	13032990	13616880	11924590
44	14200360	13033020	13616690	11923380
45	14200310	13033070	13616690	11925570
46	14199860	13032950	13616410	11924590
47	14200230	13032410	13616320	11925340
48	14199350	13031610	13615480	11921950
49	14200470	13032880	13616680	11924250
50	14200950	13031840	13615750	11922460
51	14200560	13032180	13616370	11925710
52	14200070	13032520	13616300	11925090
53	14200410	13032730	13616570	11923830
54	14200490	13033740	13617110	11925210
55	14200820	13033140	13616980	11925890
56	14199530	13032900	13616210	11922250
57	14200640	13032680	13616660	11925340
58	14200000	13033560	13616790	11922770
59	14201210	13033030	13617110	11925510
60	14200700	13033670	13617190	11925560
61	14200670	13032670	13616670	11925610
62	14199990	13031900	13615950	11923940
63	14200860	13032570	13616710	11925930
64	14200500	13031520	13616010	11924100
65	14201280	13032680	13616980	11925630
66	14200080	13033080	13616580	11922850
67	14200110	13032660	13616660	11924030
68	14200020	13032180	13616100	11922270
69	14199980	13032080	13616040	11923600
70	14200780	13033140	13616950	11922940
71	14201850	13034440	13618150	11926460
72	14202120	13035230	13618680	11926490
73	14202610	13035420	13619010	11925420
74	14201840	13033680	13617760	11926210
75	14202140	13033820	13617980	11924960
76	14201680	13034180	13617930	11923870
77	14201590	13034080	13617830	11927000
78	14200760	13032930	13616850	11924970
79	14201070	13033240	13617160	11926440
80	14201240	13034210	13617720	11924220
81	14202370	13034490	13618430	11924770
82	14201910	13034780	13618340	11926530
83	14201910	13034220	13618070	11924700
84	14201750	13034390	13618070	11925880
85	14203170	13035220	13619190	11927640
86	14209230	13034700	13618770	11926770
87	14201960	13033540	13617750	11926420
88	14201920	13034190	13618050	11926000
89	14201870	13034610	13618240	11927250
90	14200760	13033630	13617200	11924240
91	14201670	13034150	13617910	11925440
92	14201750	13034450	13618100	11926010
93	14201220	13034000	13617610	11924840
94	14201240	13034020	13617630	11926460
95	14202340	13034950	13618640	11927480
96	14201050	13033610	13617330	11923760
97	14201380	13033160	13617280	11926150
98	14201320	13034040	13617670	11924240
99	14202140	13033790	13617970	11926410
100	14201340	13034140	13617740	11926080
101	14201600	13033660	13617630	11924950
102	14201840	13034430	13618130	11925880
103	14201470	13033960	13617720	11927120
104	14201480	13033860	13617670	11924080
105	14201170	13033100	13617130	11926290
106	14201310	13033660	13617490	11925980
107	14201500	13032740	13617120	11926190
108	14201240	13033190	13617220	11924170
109	14201490	13033540	13617510	11924410
110	14200750	13032790	13616770	11925230
111	14200600	13032310	13616460	11925910
112	14200880	13032830	13616850	11923500
113	14201580	13033840	13617710	11926460
114	14200400	13032460	13616430	11924430
115	14200880	13032710	13616790	11925570
116	14200760	13032920	13616840	11925190
117	14200350	13031610	13615990	11924010
118	14202010	13033550	13617770	11925950
119	14201270	13033190	13617230	11926370
120	14199990	13032980	13616490	11924910
121	14199750	13032420	13616090	11925580
122	14200120	13032980	13616550	11924650
123	14200900	13033160	13617020	11925720
124	14200330	13033040	13616690	11922910
125	14199580	13031720	13615650	11925280
126	14199570	13032120	13615840	11924770
127	14200030	13032440	13616240	11924150
128	14200580	13032570	13616570	11922620
129	14201410	13033760	13617590	11926450
130	14200200	13033420	13616810	11925230
131	14200340	13033040	13616690	11925750
132	14200320	13033680	13617000	11925250
133	14201190	13034020	13617600	11925200
134	14200000	13033090	13616550	11923290
135	14200590	13032960	13616770	11925770
136	14200330	13033180	13616760	11925380
137	14201310	13033900	13617600	11924860
138	14200820	13033750	13617290	11923460
139	14200890	13032970	13616930	11925420
140	14199790	13032530	13616160	11924730
141	14200640	13032720	13616680	11923360
142	14200800	13032890	13616560	11923140
143	14200510	13033040	13616780	11923580
144	14200860	13033940	13617400	11923190
145	14200960	13033700	13617330	11924190
146	14201050	13033650	13617350	11925350
147	14201020	13033180	13617100	11926190
148	14200630	13033250	13616940	11923010
149	14200650	13033030	13616840	11923540
150	14200510	13033360	13616930	11923780
151	14201050	13033580	13617320	11926330
152	14200220	13033020	13616620	11922840
153	14201250	13033730	13617490	11924230
154	14201010	13033720	13617360	11924860
155	14200910	13033410	13617170	11923630
156	14200570	13032820	13616690	11924270
157	14200590	13032320	13616450	11925460
158	14200320	13033300	13616820	11924690
159	14201760	13033830	13617790	11923650
160	14201650	13033280	13617460	11924880
161	14201990	13033730	13617860	11924240
162	14201660	13033790	13617730	11923320
163	14201360	13033270	13617320	11925990
164	14200560	13032660	13616600	11922040
165	14200930	13032870	13617230	11923470
166	14200610	13032560	13616580	11924520
167	14201080	13032560	13616820	11923890
168	14200130	13031820	13615970	11921950
169	14201100	13032470	13616790	11925400
170	14199810	13032000	13615910	11923640
171	14200660	13032620	13616630	11925420
172	14199990	13032600	13616300	11924000
173	14200790	13032950	13616870	11923860
174	14200460	13032890	13616680	11924170
175	14200670	13032580	13616620	11923690
176	14201070	13033250	13617160	11922970
177	14200430	13032430	13616430	11923820
178	14200750	13032630	13616690	11924190
179	14200650	13032710	13616680	11925290
180	14201600	13033940	13617770	11923660
181	14201590	13033320	13617450	11926110
182	14201100	13033490	13617140	11924560
183	14202650	13035190	13618920	11924660
184	14201610	13034260	13617940	11923190
185	14201470	13034500	13617980	11924000
186	14201460	13034340	13617900	11922980
187	14201710	13033580	13617640	11924330
188	14201420	13034020	13617730	11923070
189	14201190	13032700	13616940	11925440
190	14200910	13032710	13616810	11922070
191	14200500	13032350	13616420	11925020
192	14200130	13031960	13616050	11921880
193	14200350	13032000	13616170	11924580
194	14200470	13032290	13616390	11924130
195	14200830	13032480	13616650	11924910
196	14200320	13032310	13616310	11924380
197	14201580	13033500	13617550	11925780
198	14200730	13033570	13617140	11924570
199	14200850	13032290	13616570	11922810
200	14201200	13032620	13616910	11924820
201	14201580	13033170	13617380	11925460
202	14200460	13032520	13616480	11922320
203	14201230	13032460	13616860	11922980
204	14200190	13032400	13616290	11921830
205	14201100	13032840	13616970	11925230
206	14200360	13032680	13616520	11924230
207	14200980	13032670	13616830	11923290
208	14201070	13032990	13617030	11924500
209	14200790	13032190	13616440	11925150
210	14200090	13031770	13615930	11921610
211	14201000	13032740	13616880	11925010
212	14200730	13033010	13616870	11922770
213	14202450	13033520	13617980	11925760
214	14201270	13033740	13617510	11922500
215	14201600	13032920	13617250	11925370
216	14200670	13032060	13616370	11923610
217	14201460	13032500	13616980	11925630
218	14200260	13031610	13615930	11921570
219	14200960	13031970	13616470	11924700
220	14200390	13032120	13616260	11923650
221	14200610	13032320	13616460	11922880
222	14200830	13032410	13616620	11922400
223	14201710	13032530	13617120	11923750
224	14201250	13032310	13616780	11922990
225	14200260	13031300	13615780	11922840
226	14199540	13031240	13615390	11921510
227	14199710	13030900	13615300	11924160
228	14199400	13030570	13614990	11921780
229	14199810	13031590	13615700	11925130
230	14199960	13031270	13615610	11921990
231	14200770	13032100	13616440	11925910
232	14201020	13032100	13616560	11922610
233	14200690	13031350	13616020	11922950
234	14199600	13031070	13615340	11921520
235	14200810	13031970	13616380	11923180
236	14199740	13031070	13615410	11921590
237	14199990	13031450	13615720	11924930
238	14199760	13030740	13615250	11921840
239	14200010	13031670	13615840	11924820
240	14200170	13031560	13615870	11922660
241	14200760	13032330	13616540	11925850
242	14200510	13031810	13616160	11922940
243	14200030	13030630	13615330	11922370
244	14200830	13031260	13616050	11924510
245	14201080	13031750	13616410	11924790
246	14200810	13032260	13616530	11924860
247	14201780	13033490	13617640	11926160
248	14201310	13033920	13617610	11923290
249	14200890	13033160	13617030	11925920
250	14200590	13032630	13616610	11924980
251	14200270	13032000	13616130	11925110
252	14199350	13031200	13615280	11923470
253	14200230	13031410	13615820	11922670
254	14199350	13031870	13615610	11921790
255	14199790	13031320	13615550	11924930
256	14200280	13033260	13616770	11924470
257	14201090	13033210	13617160	11926140
258	14200460	13033470	13616960	11923470
259	14200740	13033010	13616880	11924270
260	14200150	13032100	13616120	11923080
261	14201230	13033010	13617120	11924130
262	14199880	13032150	13616020	11922830
263	14199060	13031830	13615440	11922840
264	14197970	13029880	13613920	11920980
265	14198910	13032200	13615560	11922700
266	14199590	13031670	13615630	11922410
267	14199110	13031550	13615330	11924240
268	14199940	13032830	13616390	11924610
269	14201000	13033130	13617060	11925310
270	14199910	13032420	13616160	11921750
271	14199460	13030630	13615050	11921900
272	14199240	13032310	13615770	11924120
273	14198160	13030690	13614430	11923440
274	14198740	13031440	13615090	11923260
275	14200090	13032680	13616380	11925260
276	14200300	13030900	13614960	11921340
277	14198530	13031100	13614820	11921770
278	14197580	13030020	13613800	11920710
279	14196940	13029370	13613150	11920710
280	14195530	13028350	13611940	11921300
281	14196940	13029640	13613290	11920880
282	14197280	13029960	13613620	11922030
283	14198760	13025750	13614820	11922130
284	14198020	13030360	13614190	11921050
285	14198960	13031180	13615070	11923800
286	14197770	13030790	13614280	11922680
287	14198810	13031510	13615160	11922470
288	14197450	13028980	13613210	11920080
289	14197120	13029650	13613390	11922730
290	14197000	13029620	13613310	11922010
291	14197120	13029160	13613140	11922990
292	14197290	13029840	13613600	11919860
293	14197020	13029300	13613170	11920930
294	14195660	13028700	13612180	11921270
295	14195990	13028960	13612470	11920580
296	14197160	13030100	13613630	11922480
297	14196450	13028800	13612630	11922540
298	14196090	13028330	13612200	11920900
299	14195170	13027600	13611390	11919280
300	14195380	13028210	13611800	11920410
301	14195530	13029360	13612800	11920950
302	14195430	13029040	13612230	11919480
303	14195510	13029130	13612320	11922420
304	14195640	13028940	13612300	11919450
305	14197030	13029500	13613260	11921450
306	14197150	13030550	13613850	11920710
307	14197670	13030620	13614150	11923940
308	14196660	13029790	13613220	11921680
309	14196880	13030100	13613490	11920750
310	14197650	13030610	13614130	11922380
311	14197660	13029840	13613750	11923590
312	14197130	13029860	13613500	11922670
313	14196230	13029000	13612610	11921080
314	14196890	13029960	13613420	11922690
315	14198050	13030570	13614320	11921600
316	14198030	13030000	13613690	11920820
317	14198010	13030190	13616640	11923540
318	14196130	13028670	13612400	11919690
319	14196320	13029100	13612710	11920820
320	14196070	13029320	13612690	11921700
321	14196500	13028980	13612750	11922560
322	14196430	13028840	13612630	11921650
323	14196090	13028190	13612140	11921800
324	14196320	13028800	13612560	11919310
325	14196470	13028350	13612410	11920270
326	14195340	13027910	13611630	11920740
327	14196390	13028940	13612660	11922520
328	14195740	13028840	13612290	11919600
329	14195690	13028040	13611860	11922020
330	14195780	13028510	13612150	11919300
331	14197070	13030310	13613690	11923540
332	14198240	13031840	13615040	11923340
333	14198550	13031890	13615220	11922470
334	14198870	13030000	13613470	11920890
335	14197700	13031310	13614510	11924160
336	14197240	13032160	13614700	11923240
337	14197630	13031560	13614590	11921900
338	14198690	13032630	13615670	11923650
339	14199180	13031480	13615320	11924160
340	14198090	13030400	13614250	11920910
341	14198190	13031370	13614780	11924090
342	14197880	13032010	13614940	11921480
343	14197720	13031920	13614820	11922110
344	14197000	13030470	13613740	11920320
345	14197820	13030720	13614270	11921700
346	14197380	13030640	13614010	11922140
347	14197140	13035160	13613590	11923410
348	14196420	13029910	13613170	11922050
349	14197430	13031060	13614240	11923160
350	14196860	13031110	13613980	11920980
351	14197860	13031620	13614740	11922380
352	14195110	13028680	13611900	11919390
353	14195880	13029500	13612690	11920600
354	14195080	13029010	13612050	11921870
355	14195020	13028630	13611820	11921830
356	14195390	13029180	13612290	11919590
357	14195140	13028420	13611770	11921650
358	14195510	13029180	13612350	11921870
359	14195610	13029780	13612690	11922230
360	14195030	13028610	13611820	11921200
361	14195350	13029100	13612230	11920000
362	14194770	13028860	13611810	11920970
363	14195240	13029160	13612210	11922380
364	14195020	13029540	13612280	11921220
365	14196280	13030240	13613250	11921170
366	14193470	13029560	13612030	11922020
367	14180350	13029110	13611650	11923270
368	14157950	13026020	13610580	11921620
369	14093620	12965600	13597150	11919120
370	14176580	12989010	13541050	11856930
371	14189520	13018840	13578260	11855210
372	14108650	12953150	13588690	11917190
373	14104600	12941280	13575110	11913260
374	14193600	13024700	13592370	11891070
375	14193500	13028400	13612270	11923050
376	14196490	13030470	13613480	11922650
377	14196230	13030070	13613150	11920980
378	14196170	13030260	13613210	11922370
379	14196710	13029500	13613110	11922940
380	14197290	13030320	13613800	11922230
381	14198230	13031240	13614740	11922190
382	14198050	13032000	13615020	11921470
383	14198510	13031820	13615170	11922730
384	14197110	13029780	13613450	11922640
385	14196280	13029360	13612820	11922760
386	14195930	13030170	13613050	11920190
387	14196950	13029900	13613420	11923760
388	14197130	13029980	13613560	11920560
389	14196610	13029030	13612820	11920890
390	14195210	13028580	13611890	11918970
391	14196940	13030260	13613600	11922900
392	14196380	13029990	13613190	11920130
393	14196970	13030590	13613770	11923240
394	14196170	13029460	13612820	11922370
395	14196960	13030120	13613540	11921160
396	14197130	13030330	13613730	11920930
397	14196780	13029740	13613260	11922720
398	14195390	13028930	13612160	11919510
399	14194860	13027540	13611200	11920140
400	14194680	13027360	13611020	11918930
401	14195170	13027950	13611560	11920330
402	14194890	13028490	13611690	11919680
403	14196120	13029300	13612710	11922910
404	14196460	13029630	13613040	11921910
405	14196700	13030190	13613450	11921800
406	14196090	13029660	13612870	11921840
407	14196870	13030270	13613570	11923150
408	14195420	13029070	13612250	11921300
409	14196280	13030110	13613200	11923180
410	14195700	13029910	13612800	11920500
411	14196250	13030030	13613140	11920800
412	14197750	13031720	13617310	11921030
413	14198640	13031450	13615050	11924650
414	14198940	13032430	13615690	11924320
415	14199000	13031520	13615260	11924480
416	14197890	13030530	13614210	11921770
417	14197500	13031590	13614540	11924240
418	14198850	13032170	13615510	11921940
419	14198390	13030700	13614550	11923960
420	14198180	13032140	13615150	11923890
421	14198510	13031330	13614920	11924380
422	14197850	13031740	13614800	11921760
423	14196530	13031170	13613850	11922030
424	14158060	13003230	13592970	11915210
425	14195770	13028800	13604030	11904900
426	14197610	13031740	13614670	11923120
427	14198360	13032460	13615410	11925020
428	14196480	13029740	13613120	11922890
429	14193480	13031300	13613670	11922520
430	14175980	13013680	13597550	11910000
431	14198090	13030720	13614400	11924160
432	14196740	13031170	13613960	11921370
433	14198330	13031880	13615100	11922650
434	14198080	13031630	13614860	11921510
435	14198780	13032040	13615410	11922710
436	14198340	13031470	13614900	11923630
437	14198050	13031930	13614990	11922560
438	14199100	13033220	13616170	11924620
439	14199420	13032460	13615930	11924400
440	14199260	13033000	13616450	11924250
441	14198320	13030760	13614550	11924340
442	14198280	13031400	13614830	11923460
443	14197920	13030780	13614360	11924080
444	14197440	13030830	13614130	11921450
445	14197500	13030900	13614200	11923900
446	14197980	13031470	13614730	11921570
447	14197960	13031050	13614500	11923530
448	14197970	13032310	13615140	11921010
449	14197700	13030150	13613930	11921560
450	14198070	13031570	13614810	11923640
451	14198220	13031150	13614690	11923900
452	14197850	13030370	13614110	11922880
453	14198590	13031030	13614810	11923780
454	14198440	13031390	13614920	11923360
455	14199450	13032350	13615890	11923180
456	14199330	13032040	13615690	11924180
457	14199380	13031640	13615510	11924530
458	14198840	13032420	13615630	11923850
459	14198490	13030970	13614370	11923790
460	14197170	13030750	13613960	11923210
461	14199320	13031990	13615650	11923130
462	14198880	13031540	13615210	11924470
463	14199420	13031970	13615700	11925210
464	14199420	13032540	13615980	11922300
465	14199330	13032130	13615730	11922900
466	14199780	13031610	13615050	11923600
467	14199200	13032740	13615970	11925490
468	14198530	13030730	13614630	11923330
469	14198870	13032260	13615570	11924780
470	14197770	13030280	13614020	11923510
471	14198650	13032130	13615390	11923190
472	14198870	13031830	13615350	11923520
473	14199200	13031640	13615430	11924520
474	14197750	13030220	13613980	11922690
475	14197470	13030690	13614080	11922190
476	14196400	13029490	13612940	11919860
477	14197970	13030970	13614480	11921630
478	14197500	13030670	13614080	11921340
479	14196900	13030310	13613600	11921460
480	14196680	13030000	13613340	11920520
481	14197730	13031150	13614440	11922150
482	14197400	13030780	13614090	11921580
483	14196690	13029810	13613260	11923580
484	14197120	13031250	13614180	11920960
485	14198200	13031250	13614730	11921990
486	14198100	13031520	13614810	11923540
487	14197920	13031430	13614670	11924460
488	14196990	13031090	13611500	11923260
489	14197820	13032170	13615000	11922820
490	14167420	13006900	13604080	11921750
491	14053330	12912830	13548790	11919380
492	14046310	12905690	13529700	11918100
493	14064790	12919190	13545080	11918300
494	14193070	13028810	13612130	11921490
495	14197490	13031880	13614680	11924130
496	14196530	13032560	13614540	11910770
497	14193260	13031390	13611790	11856620
498	14191390	13029820	13606840	11828930
499	14192520	13029990	13607870	11837490

============================================================
# BITSTREAM: 100ms_101etapas.bit
# VENTANA: 100ms
# ETAPAS_PRINCIPAL: 101
# NUM_MUESTRAS: 500
# FORMATO: idx	freq1_hz	freq2_hz	freq3_hz	freq4_hz
============================================================
idx	freq1_hz	freq2_hz	freq3_hz	freq4_hz
0	10119940	9343590	9842670	9842700
1	10120050	9343610	9842180	9842180
2	10119710	9342930	9842070	9842070
3	10120460	9343360	9842170	9842170
4	10119790	9342980	9841470	9841470
5	10119930	9342600	9842490	9842490
6	10119790	9342490	9842430	9842430
7	10120440	9343060	9842890	9842890
8	10120070	9342970	9843040	9843040
9	10119520	9342410	9842250	9842250
10	10118130	9341370	9841180	9841180
11	10118440	9340920	9841510	9841510
12	10118490	9341550	9841300	9841300
13	10118290	9341490	9840780	9840780
14	10117720	9341440	9840260	9840260
15	10117880	9341200	9840530	9840530
16	10117650	9341010	9840420	9840420
17	10117440	9340520	9840390	9840390
18	10117830	9341080	9840530	9840530
19	10118390	9341690	9840860	9840860
20	10117100	9340760	9839890	9850150
21	10117070	9340270	9840100	9840100
22	10117950	9341240	9840180	9840180
23	10118460	9341630	9841580	9831300
24	10119210	9342510	9841640	9841640
25	10118760	9342470	9841690	9841690
26	10118530	9341860	9841600	9841600
27	10118010	9341070	9840400	9840390
28	10118490	9341550	9841110	9841120
29	10118820	9341540	9840940	9840940
30	10118410	9341580	9841380	9841380
31	10118490	9341930	9841010	9841010
32	10118240	9341920	9841250	9841250
33	10118490	9341860	9841700	9841700
34	10117910	9341280	9840920	9840910
35	10118220	9341270	9841680	9841690
36	10118160	9341780	9841420	9841420
37	10118770	9342060	9841910	9841910
38	10118910	9342100	9841280	9841300
39	10117430	9340700	9840450	9840450
40	10118910	9342390	9842000	9842000
41	10118250	9341750	9841330	9841320
42	10117790	9341330	9840050	9840060
43	10118010	9341420	9840510	9840510
44	10118350	9341660	9841370	9841370
45	10117560	9340900	9840620	9840620
46	10117890	9341220	9840490	9840480
47	10117260	9340320	9840670	9840680
48	10117590	9341170	9840740	9840740
49	10116950	9340710	9840250	9840250
50	10117550	9341140	9840840	9840840
51	10117750	9341640	9840610	9840610
52	10118260	9341890	9840690	9840690
53	10117660	9341210	9840890	9840890
54	10117870	9341100	9840470	9840470
55	10118140	9341170	9841190	9841190
56	10117860	9341030	9840700	9840710
57	10118150	9341220	9840780	9841100
58	10118070	9341560	9840590	9840590
59	10118220	9341550	9840940	9840940
60	10117690	9341330	9840680	9840680
61	10116720	9340350	9840030	9840030
62	10116740	9340190	9839390	9839390
63	10116990	9340290	9840130	9840130
64	10116830	9340270	9839890	9839890
65	10117390	9340680	9840330	9840320
66	10117930	9341360	9840370	9840380
67	10117780	9341140	9840450	9840450
68	10117440	9340750	9840630	9840630
69	10117670	9341250	9840330	9840330
70	10117810	9341110	9840360	9840360
71	10117910	9341340	9840620	9840620
72	10118070	9341890	9840940	9840940
73	10117050	9341000	9840750	9840750
74	10117470	9340870	9840740	9840740
75	10101480	9340140	9840050	9840050
76	10116680	9340430	9839240	9839240
77	10116670	9340260	9839410	9839410
78	10116810	9340380	9840090	9840090
79	10116700	9339830	9839440	9839440
80	10116670	9340210	9840270	9840270
81	10116750	9339950	9839570	9839560
82	10116780	9340180	9839470	9839480
83	10116520	9339650	9840020	9839480
84	10116600	9340180	9839550	9839560
85	10116410	9339660	9840190	9839340
86	10116710	9340380	9839340	9840010
87	10116890	9340430	9839750	9839750
88	10116580	9340320	9839650	9839650
89	10116720	9340400	9840380	9840380
90	10117070	9340640	9840160	9840220
91	10116110	9339730	9839410	9839730
92	10116350	9340230	9839750	9839750
93	10116960	9340700	9839750	9839750
94	10117210	9340790	9839880	9839880
95	10117420	9340910	9840750	9830510
96	10116860	9340000	9840140	9840140
97	10117110	9340140	9840280	9840280
98	10116600	9339760	9839420	9839400
99	10116980	9340050	9840340	9840340
100	10116620	9340270	9839100	9839100
101	10115990	9339630	9838710	9838710
102	10116250	9340130	9839520	9839520
103	10115980	9339690	9838880	9838880
104	10116150	9340040	9839340	9839330
105	10116040	9340130	9839230	9839240
106	10116560	9340490	9839940	9839940
107	10116210	9340070	9839590	9839590
108	10116350	9340310	9839180	9839180
109	10115980	9339960	9839520	9839520
110	10116040	9340060	9838960	9838960
111	10116440	9340320	9839950	9839950
112	10116690	9340220	9839780	9839780
113	10116000	9339600	9838970	9838960
114	10117010	9340220	9840000	9840010
115	10117140	9340940	9839770	9839770
116	10117740	9341370	9840010	9840010
117	10117800	9341310	9840260	9840250
118	10117970	9341680	9840490	9840500
119	10117510	9341240	9840570	9840570
120	10118000	9341470	9840280	9840280
121	10117560	9341300	9840120	9840120
122	10117550	9341290	9839560	9839560
123	10117190	9340490	9839400	9839400
124	10116950	9340020	9839720	9839720
125	10116830	9340190	9839810	9839800
126	10117010	9340440	9839260	9839260
127	10116710	9339990	9838870	9838870
128	10116880	9339830	9839470	9839470
129	10116450	9339280	9839330	9839330
130	10116710	9339870	9839000	9839000
131	10116140	9339330	9838840	9838840
132	10117340	9341120	9839900	9839900
133	10118480	9342090	9841720	9841720
134	10118350	9341990	9841600	9841600
135	10118230	9341710	9840910	9840880
136	10117190	9340490	9840170	9840170
137	10117070	9340080	9840090	9840090
138	10117160	9340200	9839630	9839630
139	10116860	9340010	9840090	9840090
140	10116420	9339670	9839320	9839320
141	10117310	9340380	9840100	9840090
142	10116450	9339360	9839000	9839010
143	10115880	9339080	9838520	9838520
144	10115600	9339070	9839200	9839200
145	10116230	9339310	9839420	9839420
146	10116090	9339270	9839320	9839320
147	10116450	9339430	9839230	9839230
148	10115920	9338800	9839180	9839170
149	10115910	9338990	9839170	9839180
150	10115750	9339030	9838840	9838840
151	10116010	9339470	9838810	9838810
152	10116420	9340010	9838700	9838700
153	10116210	9340090	9839250	9839250
154	10116400	9340100	9838720	9838720
155	10116510	9340000	9838680	9838680
156	10116880	9340280	9839700	9839700
157	10116230	9339540	9839330	9839330
158	10117170	9340820	9839930	9839930
159	10117780	9341510	9840950	9840950
160	10117790	9341650	9840890	9840890
161	10117330	9341140	9840010	9840010
162	10117130	9341280	9839800	9839800
163	10116700	9340500	9839460	9839460
164	10115470	9339340	9838760	9838760
165	10115020	9339230	9837820	9837820
166	10114520	9338570	9837800	9837800
167	10114550	9338630	9838170	9838170
168	10114990	9339000	9838570	9838570
169	10115820	9339750	9839640	9839640
170	10114960	9338830	9838390	9838390
171	10114930	9338530	9838770	9838770
172	10115500	9339110	9838090	9838080
173	10115290	9338980	9839050	9839050
174	10115540	9339280	9838600	9838610
175	10115290	9339140	9838920	9838920
176	10115410	9339250	9839130	9839130
177	10115910	9339330	9839790	9839470
178	10115990	9339310	9838660	9838660
179	10115650	9339090	9838670	9838660
180	10116330	9340080	9839540	9839540
181	10115270	9338950	9838360	9838360
182	10115750	9339490	9839380	9839380
183	10115360	9338670	9839050	9839050
184	10115350	9339040	9838130	9838130
185	10115840	9339410	9839230	9839230
186	10115830	9339280	9838840	9838840
187	10115190	9338600	9838120	9838120
188	10115700	9339030	9838860	9838860
189	10115780	9339110	9838740	9838740
190	10115640	9339070	9838260	9838260
191	10115400	9338840	9839000	9839000
192	10115240	9338780	9837890	9837890
193	10115270	9338550	9838770	9838770
194	10114780	9338280	9837620	9837620
195	10116210	9339560	9839900	9839900
196	10117180	9340290	9840160	9840160
197	10116870	9339940	9840230	9840230
198	10117510	9340290	9840400	9840400
199	10117160	9340180	9840620	9840620
200	10118610	9341760	9840850	9840850
201	10118160	9341580	9840600	9840600
202	10119060	9342220	9841100	9841100
203	10117720	9340670	9840170	9840170
204	10117550	9340310	9839770	9839770
205	10117090	9340110	9838680	9838680
206	10117040	9340130	9839190	9839190
207	10133060	9340500	9839940	9839940
208	10118020	9341590	9840380	9840380
209	10118750	9341760	9840700	9840700
210	10117960	9341660	9840390	9840390
211	10117790	9340980	9840410	9840410
212	10117440	9340500	9839950	9839950
213	10118270	9341100	9840580	9840580
214	10117900	9341500	9840190	9840190
215	10117850	9341430	9840610	9840610
216	10116460	9339790	9839110	9839110
217	10115290	9338910	9838800	9838790
218	10114960	9338590	9837730	9837730
219	10115710	9338600	9838780	9838790
220	10115540	9338630	9838110	9838110
221	10115800	9338920	9839270	9839270
222	10116410	9339610	9838690	9838690
223	10115900	9339540	9838860	9838860
224	10115790	9339110	9838510	9838510
225	10115890	9339010	9839120	9839140
226	10115350	9338900	9838400	9838400
227	10115330	9338830	9838480	9838480
228	10115570	9338680	9838760	9838760
229	10115960	9339280	9838320	9838320
230	10115870	9339470	9839030	9839030
231	10115900	9339140	9838720	9838720
232	10115290	9338500	9838130	9838130
233	10115460	9338630	9839220	9839220
234	10116850	9340120	9839990	9839990
235	10117090	9340210	9839880	9839880
236	10117750	9341020	9840340	9840340
237	10117610	9340580	9839890	9839890
238	10117040	9340240	9839800	9839800
239	10117060	9340190	9839330	9839330
240	10117230	9340490	9839600	9839600
241	10117110	9340610	9839200	9839200
242	10117140	9340200	9839270	9839270
243	10117730	9340860	9839490	9839490
244	10117670	9340880	9839790	9839780
245	10117690	9341110	9840100	9840110
246	10117030	9340050	9839390	9839390
247	10115570	9338590	9838660	9838660
248	10115590	9338660	9838410	9838410
249	10115670	9338610	9839020	9839020
250	10115020	9338540	9837480	9837500
251	10115090	9338240	9838390	9838390
252	10116630	9339860	9839380	9839380
253	10116930	9340010	9839610	9839610
254	10117460	9340410	9839600	9839610
255	10117140	9340010	9839780	9839780
256	10117100	9340170	9839530	9839520
257	10117290	9340000	9839590	9839600
258	10117880	9340820	9840140	9840140
259	10118570	9341220	9841100	9841100
260	10117520	9340280	9839730	9839730
261	10118170	9340990	9840770	9840770
262	10117900	9340920	9840160	9840160
263	10118520	9341050	9841100	9841100
264	10118320	9341090	9840010	9840010
265	10117980	9340480	9839920	9839920
266	10118270	9341240	9840740	9830480
267	10118790	9342060	9841670	9841670
268	10118560	9342210	9841300	9841300
269	10118160	9341590	9840660	9840660
270	10118400	9341640	9840910	9840910
271	10118470	9341760	9841170	9841170
272	10117980	9341510	9840500	9840490
273	10117500	9338340	9790050	9789150
274	10116610	9336340	9755290	9750760
275	10118140	9341090	9822570	9805700
276	10116900	9341330	9840010	9840010
277	10101790	9330570	9826260	9820220
278	10097210	9334220	9840320	9840320
279	10114820	9333940	9822720	9815820
280	10116460	9341020	9839980	9839980
281	10117980	9341520	9841010	9841010
282	10117830	9341600	9840430	9840430
283	10118210	9341800	9841440	9841440
284	10117880	9341480	9841330	9841330
285	10117270	9340750	9845160	9840380
286	10117250	9340690	9840390	9840390
287	10117780	9341090	9841150	9841150
288	10117240	9340380	9839870	9839870
289	10117710	9340610	9840720	9840720
290	10116860	9340160	9840170	9840170
291	10118020	9341210	9841470	9841460
292	10117700	9340900	9840770	9840780
293	10117470	9340700	9839840	9839840
294	10116660	9339780	9839100	9839100
295	10117260	9340150	9839690	9839690
296	10116790	9339800	9839620	9839620
297	10117060	9340130	9840110	9840110
298	10117550	9340580	9839950	9839950
299	10117780	9340760	9841050	9841050
300	10118010	9340990	9840480	9840480
301	10117780	9340950	9840920	9840920
302	10117340	9341060	9840540	9840540
303	10117560	9341060	9840130	9840130
304	10117660	9340910	9840800	9840800
305	10117190	9340460	9840000	9840000
306	10117480	9340990	9840130	9840130
307	10117600	9340860	9840670	9840670
308	10117470	9340880	9840580	9840580
309	10117960	9340810	9840670	9830420
310	10117930	9340850	9840960	9840960
311	10118400	9341660	9841490	9841490
312	10118460	9341840	9841570	9841570
313	10117860	9340890	9840490	9840490
314	10117210	9340820	9840420	9840420
315	10117530	9340740	9837860	9840690
316	10117500	9340540	9840520	9840530
317	10117430	9340410	9839820	9839820
318	10116940	9340190	9839040	9839040
319	10116890	9339950	9839450	9839450
320	10116450	9339020	9839540	9839540
321	10116690	9339560	9839350	9839350
322	10116810	9339740	9839300	9839300
323	10115680	9338080	9838040	9838040
324	10115660	9338690	9838360	9838360
325	10115080	9338220	9838610	9838610
326	10115010	9338220	9838370	9838370
327	10115600	9338620	9839100	9839100
328	10115550	9338660	9838530	9838210
329	10116040	9338950	9839430	9839430
330	10115810	9338490	9839010	9839010
331	10115640	9338430	9838300	9838300
332	10115740	9338730	9839390	9839390
333	10115520	9338760	9839020	9839020
334	10115810	9339240	9838760	9838750
335	10115730	9338950	9838610	9838620
336	10116310	9339390	9839470	9839470
337	10117050	9339860	9840260	9840260
338	10117980	9341290	9840630	9840630
339	10117510	9340460	9840310	9840310
340	10116750	9339760	9840310	9839520
341	10117140	9340400	9840200	9840200
342	10117570	9340860	9840770	9840770
343	10117060	9340130	9839950	9839950
344	10117460	9339950	9840690	9840690
345	10117260	9340030	9840590	9850830
346	10116890	9339400	9839510	9839510
347	10116360	9338650	9838830	9838830
348	10116850	9339200	9839130	9839130
349	10116430	9338960	9839350	9839350
350	10117210	9339720	9839320	9839320
351	10117140	9339650	9839320	9839320
352	10117510	9340260	9839550	9839550
353	10117530	9340210	9839640	9839640
354	10117090	9340370	9839460	9839480
355	10117110	9340430	9839530	9839530
356	10117890	9340840	9839710	9839710
357	10117580	9340410	9840480	9840480
358	10117020	9340070	9839970	9839970
359	10117290	9339980	9840310	9840310
360	10118040	9340680	9840340	9840340
361	10117920	9340830	9840600	9840600
362	10117860	9340650	9840450	9840440
363	10117820	9340260	9840850	9840860
364	10118100	9340410	9840280	9840280
365	10117550	9339680	9840040	9840040
366	10118010	9340190	9840450	9840440
367	10117660	9339670	9841100	9841110
368	10118070	9340440	9840650	9840650
369	10117800	9339960	9841110	9841110
370	10118530	9340820	9840800	9840800
371	10117770	9340270	9840310	9840310
372	10117930	9340590	9840210	9840210
373	10117520	9340360	9840470	9840470
374	10118150	9340970	9841030	9841030
375	10117160	9339940	9839860	9839860
376	10117900	9340810	9840310	9840310
377	10117780	9340490	9840300	9840300
378	10117700	9340280	9840140	9840140
379	10117390	9340230	9840560	9840560
380	10117870	9340730	9840570	9840270
381	10118190	9340730	9840880	9840880
382	10117580	9340610	9840240	9840230
383	10117230	9340320	9840450	9840460
384	10118190	9341260	9841450	9841450
385	10117530	9340300	9840760	9840760
386	10117820	9340690	9840900	9840890
387	10118360	9341010	9841120	9841130
388	10118780	9341970	9841320	9841320
389	10118370	9341520	9841070	9841070
390	10118510	9341770	9841130	9841130
391	10118990	9342090	9841770	9841770
392	10118920	9341830	9841860	9841860
393	10119340	9342060	9841980	9841980
394	10119150	9342390	9842140	9842140
395	10119440	9342300	9841800	9841800
396	10119310	9342020	9841780	9841780
397	10119440	9342320	9842320	9842320
398	10119350	9342170	9841920	9841920
399	10120020	9342780	9842620	9842620
400	10120240	9343070	9842560	9842560
401	10120180	9342900	9842870	9842870
402	10119900	9342550	9843120	9843120
403	10120180	9342960	9843550	9843550
404	10119300	9342230	9842900	9842580
405	10119760	9342570	9843090	9843090
406	10120000	9342710	9843070	9843070
407	10119690	9342190	9842840	9842840
408	10120640	9343430	9843010	9843010
409	10120550	9343170	9843320	9843320
410	10119720	9342550	9842660	9842660
411	10120000	9342740	9842240	9842240
412	10119670	9342800	9842600	9842600
413	10119410	9342260	9842100	9842090
414	10119150	9342160	9841870	9841880
415	10119730	9342760	9842460	9842460
416	10119500	9342370	9843140	9843140
417	10119140	9342090	9842610	9842610
418	10119950	9342960	9842770	9842770
419	10119090	9342160	9842540	9842540
420	10119490	9342970	9842650	9842650
421	10119810	9343100	9842400	9842400
422	10120220	9343830	9842900	9842900
423	10119990	9343200	9842920	9842920
424	10119500	9342850	9842310	9842310
425	10119910	9343400	9842430	9842430
426	10119690	9343040	9842250	9842250
427	10119040	9342130	9842290	9842290
428	10118930	9341830	9841960	9841960
429	10118690	9341800	9842020	9842020
430	10119370	9342810	9842350	9842350
431	10118580	9342130	9841360	9841360
432	10117890	9341420	9840620	9840620
433	10118720	9342120	9841400	9841400
434	10118900	9341950	9841640	9841640
435	10118820	9342120	9841550	9841550
436	10119190	9342180	9842250	9842250
437	10118620	9342000	9842310	9842310
438	10118120	9341590	9841200	9841200
439	10118030	9341630	9841910	9841910
440	10118550	9342160	9841440	9841440
441	10118290	9341950	9841760	9841760
442	10118280	9341880	9841740	9841740
443	10118460	9341690	9841960	9841960
444	10118550	9342100	9841920	9841920
445	10118640	9342190	9842060	9842060
446	10118560	9342000	9841540	9841580
447	10118960	9342440	9842180	9842180
448	10118570	9342120	9842050	9842050
449	10119030	9342400	9841860	9841860
450	10117690	9341430	9840400	9840400
451	10117890	9340970	9841010	9841010
452	10117750	9340940	9841120	9841120
453	10117680	9340880	9840660	9840650
454	10118210	9341190	9841140	9841150
455	10118450	9341830	9840750	9840750
456	10118430	9341740	9841430	9841430
457	10117640	9340960	9841500	9841500
458	10118390	9341580	9841850	9841850
459	10118380	9341400	9841130	9841130
460	10117740	9341070	9840230	9840230
461	10118930	9342010	9841970	9841970
462	10118360	9341560	9841300	9841300
463	10117540	9340920	9840000	9839990
464	10118330	9341430	9840620	9840630
465	10118640	9341330	9841180	9841180
466	10117810	9341090	9841030	9841030
467	10118370	9341310	9840960	9840960
468	10119180	9342300	9842270	9842270
469	10119370	9342500	9842340	9842340
470	10118900	9342050	9841240	9841240
471	10118260	9341780	9841530	9841530
472	10118480	9341570	9841440	9841430
473	10119040	9341860	9842060	9842070
474	10118880	9341730	9841110	9841100
475	10118990	9341940	9841300	9841310
476	10118610	9341900	9840620	9840620
477	10119210	9342660	9841160	9841160
478	10118300	9341970	9840910	9840920
479	10117980	9341410	9840600	9840600
480	10118130	9341700	9840320	9840320
481	10118740	9342240	9841150	9841150
482	10118770	9342590	9841380	9841380
483	10119100	9342720	9841660	9841650
484	10118440	9341920	9840870	9840880
485	10118040	9341640	9840620	9840620
486	10118260	9342010	9840600	9840600
487	10117980	9341590	9840540	9840540
488	10118500	9341950	9841040	9841040
489	10118460	9341880	9841050	9841050
490	10118960	9342220	9841500	9841500
491	10119020	9341950	9842330	9842330
492	10118590	9341650	9841290	9841290
493	10118770	9341800	9841340	9841340
494	10118650	9341680	9841190	9841190
495	10118840	9341950	9841620	9841620
496	10118610	9342100	9840930	9840930
497	10118250	9341660	9840880	9840880
498	10118470	9341980	9840900	9840900
499	10118770	9342090	9841580	9841580

============================================================
# BITSTREAM: 10ms_3etapas.bit
# VENTANA: 10ms
# ETAPAS_PRINCIPAL: 3
# NUM_MUESTRAS: 500
# FORMATO: idx	freq1_hz	freq2_hz	freq3_hz	freq4_hz
============================================================
idx	freq1_hz	freq2_hz	freq3_hz	freq4_hz
0	34892500	34892500	34892500	34892500
1	34895400	34895400	34895400	34895400
2	34893400	34893400	34893400	34893400
3	34893800	34893800	34893800	34893800
4	34893200	34893200	34893200	34893200
5	34895600	34895600	34895700	34895700
6	34894600	34894600	34894500	34894900
7	34894100	34894100	34894100	34894100
8	34895200	34895200	34895200	34895300
9	34893500	34893600	34893600	34893500
10	34896600	34896500	34896500	34896500
11	34899400	34899400	34899500	34899500
12	34900300	34900400	34900300	34900300
13	34896900	34896800	34896800	34896900
14	34895200	34895200	34895300	34895200
15	34898500	34898500	34898400	34898400
16	34896200	34896200	34896300	34896300
17	34899300	34899300	34899300	34899300
18	34898100	34898100	34898000	34898000
19	34899000	34899000	34899000	34899000
20	34895900	34895900	34895900	34895900
21	34897800	34897800	34897800	34897900
22	34897700	34897700	34897800	34897700
23	34899300	34899300	34899200	34899200
24	34898000	34898000	34898000	34898000
25	34899200	34899200	34899200	34899200
26	34898200	34898200	34898200	34898300
27	34896600	34896600	34896600	34896500
28	34897800	34897800	34897900	34897900
29	34899600	34899600	34899500	34899500
30	34898700	34898700	34898800	34898800
31	34898800	34898800	34898800	34898800
32	34901000	34901000	34900900	34900900
33	34902800	34902800	34902800	34902800
34	34899000	34899000	34899000	34899000
35	34899700	34899800	34899800	34899800
36	34901300	34901300	34901300	34901300
37	34900800	34900700	34900700	34900700
38	34901600	34901600	34901700	34901700
39	34896400	34896400	34896300	34896400
40	34899500	34899500	34899500	34899400
41	34896300	34896300	34896400	34896400
42	34895200	34895200	34895100	34895100
43	34896700	34896700	34896700	34896700
44	34901600	34901600	34901700	34901700
45	34899100	34899100	34899000	34899100
46	34898400	34898400	34898400	34898300
47	34895200	34895200	34895200	34895200
48	34893100	34893100	34893100	34893100
49	34894000	34894000	34894000	34894000
50	34894700	34894700	34894700	34894800
51	34895900	34896000	34896000	34895900
52	34901400	34901300	34901300	34901400
53	34899500	34899500	34899600	34899500
54	34901200	34901300	34901200	34901200
55	34898400	34898300	34898300	34898400
56	34900500	34900500	34900500	34900400
57	34896100	34896100	34896100	34896200
58	34894200	34894200	34894300	34894200
59	34893900	34893900	34893800	34893900
60	34896000	34896100	34896100	34896000
61	34896000	34895900	34895900	34896000
62	34897100	34897100	34897100	34897000
63	34897500	34897500	34897500	34897500
64	34896800	34896900	34896900	34896900
65	34899500	34899400	34899400	34899400
66	34897600	34897600	34897700	34897700
67	34896600	34896600	34896500	34896500
68	34899400	34899400	34899500	34899500
69	34898400	34898400	34898300	34898300
70	34896200	34896200	34896200	34896200
71	34899600	34899600	34899700	34899700
72	34894500	34894500	34894400	34894400
73	34897600	34897700	34897700	34897700
74	34899100	34899000	34899000	34899000
75	34895800	34895900	34895900	34895900
76	34896600	34896500	34896600	34896600
77	34898300	34898300	34898200	34898200
78	34894300	34894300	34894300	34894300
79	34894100	34894100	34894100	34894100
80	34895000	34895000	34895100	34895100
81	34896500	34896500	34896400	34896400
82	34896900	34896900	34896900	34896900
83	34901100	34901100	34901100	34901100
84	34896700	34896700	34896800	34896800
85	34897000	34897000	34897000	34897000
86	34896800	34896800	34896700	34896800
87	34900600	34900600	34900700	34900600
88	34898200	34898200	34898100	34898100
89	34900300	34900300	34900400	34900400
90	34899000	34899000	34898900	34898900
91	34896800	34896900	34896900	34896900
92	34898600	34898500	34898500	34898500
93	34897100	34897100	34897100	34897100
94	34895600	34895600	34895600	34895600
95	34897600	34897600	34897600	34897600
96	34892700	34892800	34892800	34892800
97	34896200	34896100	34896100	34896100
98	34895400	34895400	34895400	34895400
99	34895500	34895500	34895500	34895500
100	34892800	34892800	34892900	34892900
101	34894700	34894800	34894700	34894700
102	34893600	34893500	34893600	34893600
103	34898700	34898700	34898700	34898700
104	34897900	34897900	34897800	34897800
105	34895100	34895100	34895100	34895100
106	34894900	34894900	34894900	34894900
107	34895200	34895200	34895300	34895300
108	34891500	34891500	34891500	34891500
109	34891700	34891700	34891600	34891600
110	34896700	34896800	34896800	34896800
111	34896600	34896500	34896500	34896500
112	34895800	34895800	34895900	34895900
113	34898700	34898700	34898600	34898700
114	34895800	34895800	34895800	34895800
115	34898500	34898500	34898500	34898400
116	34900900	34900900	34900900	34900900
117	34897700	34897700	34897800	34897800
118	34898800	34898800	34898700	34898700
119	34898000	34898100	34898100	34898100
120	34900700	34900600	34900600	34898900
121	34899900	34899900	34899900	34900000
122	34897800	34897800	34897800	34897700
123	34896800	34896800	34896800	34896800
124	34891500	34891500	34891500	34891500
125	34898900	34898900	34898900	34898900
126	34900200	34900300	34900300	34900300
127	34897900	34897800	34897800	34897800
128	34899900	34899900	34899900	34899900
129	34898100	34898200	34898200	34898200
130	34897900	34897800	34897900	34897900
131	34898200	34898200	34898100	34898100
132	34897000	34897100	34897100	34897100
133	34900800	34900700	34900700	34900700
134	34902100	34902100	34902200	34902200
135	34897500	34897500	34897400	34897400
136	34901100	34901200	34901200	34901200
137	34898500	34898400	34898400	34898400
138	34899100	34899100	34899200	34899200
139	34901400	34901400	34901400	34901400
140	34899600	34899600	34899500	34899600
141	34900400	34900500	34900500	34900400
142	34899400	34899300	34899300	34899300
143	34894200	34894200	34894200	34894200
144	34894500	34894500	34894500	34894500
145	34895500	34895500	34895600	34895600
146	34898700	34898700	34898600	34898600
147	34899300	34899300	34899300	34899300
148	34902900	34902900	34902900	34899300
149	34901200	34901200	34901300	34901300
150	34899200	34899300	34899200	34899200
151	34902900	34902800	34902800	34902900
152	34898500	34898500	34898500	34898500
153	34899100	34899100	34899100	34899000
154	34898000	34898000	34898000	34898100
155	34895700	34895700	34895700	34898800
156	34896500	34896500	34896500	34896600
157	34897800	34897800	34897900	34897800
158	34897800	34897800	34897700	34897700
159	34900100	34900100	34900200	34900200
160	34899800	34899800	34899700	34899700
161	34894300	34894300	34894300	34894400
162	34891000	34891000	34891000	34890900
163	34891400	34891400	34891400	34891400
164	34897800	34897800	34897900	34897900
165	34896900	34896900	34896800	34896900
166	34893400	34893400	34893400	34893400
167	34897300	34897300	34897400	34897300
168	34899000	34899000	34898900	34898900
169	34899000	34899100	34899100	34899100
170	34900100	34900100	34900100	34900100
171	34898300	34898200	34898300	34898300
172	34897700	34897700	34897600	34897700
173	34898600	34898600	34898700	34898600
174	34897500	34897600	34897500	34897500
175	34895500	34895500	34895500	34895500
176	34900300	34900200	34900200	34900200
177	34892800	34892800	34892900	34892900
178	34898100	34898100	34898100	34898100
179	34896500	34896500	34896400	34896400
180	34892800	34892800	34892800	34892800
181	34894200	34894200	34894200	34894200
182	34894000	34894000	34894000	34894100
183	34896200	34896200	34896300	34896200
184	34896300	34896300	34896200	34896200
185	34895600	34895600	34895600	34895700
186	34891500	34891500	34891500	34891400
187	34892700	34892700	34892800	34892800
188	34898800	34898800	34898800	34898800
189	34897700	34897800	34897700	34897700
190	34894100	34894000	34894000	34894000
191	34897700	34897700	34897700	34897800
192	34897800	34897800	34897800	34897800
193	34894200	34894300	34894300	34894200
194	34894200	34894100	34894100	34894100
195	34897400	34897400	34897400	34897400
196	34900300	34900300	34900400	34900400
197	34899500	34899600	34899500	34899500
198	34895800	34895700	34895700	34895700
199	34895800	34895900	34895900	34895900
200	34898500	34898400	34898400	34898500
201	34898200	34898200	34898200	34898100
202	34899100	34899100	34899200	34899200
203	34900200	34900200	34900100	34900100
204	34902100	34902100	34902100	34902100
205	34901200	34901200	34901300	34901300
206	34901700	34901800	34901700	34901700
207	34897200	34897100	34897100	34897200
208	34896000	34896000	34896000	34895900
209	34897600	34897600	34897700	34897700
210	34898100	34898100	34898000	34898100
211	34901600	34901600	34901600	34901500
212	34900900	34900900	34900900	34901000
213	34899200	34899200	34899200	34899200
214	34899400	34899400	34899500	34899400
215	34901800	34901800	34901800	34901800
216	34904200	34904200	34904100	34904100
217	34900800	34900800	34900900	34900900
218	34902600	34902600	34902500	34902500
219	34900100	34900100	34900200	34900200
220	34903500	34903500	34903400	34903400
221	34903700	34903700	34903700	34903700
222	34902000	34902100	34902100	34902100
223	34902300	34902200	34902200	34902300
224	34902500	34902500	34902500	34902500
225	34902700	34902700	34902700	34902700
226	34903300	34903400	34903400	34903300
227	34903600	34903600	34903600	34903600
228	34901600	34901600	34901600	34901600
229	34900900	34900800	34900800	34900800
230	34902200	34902200	34902200	34902300
231	34900500	34900600	34900600	34900500
232	34899700	34899600	34899600	34899600
233	34901800	34901800	34901800	34901900
234	34899200	34899200	34899200	34899100
235	34896200	34896200	34896300	34896300
236	34898100	34898100	34898000	34898000
237	34895800	34895800	34895800	34899000
238	34895900	34895900	34896000	34896000
239	34890700	34890700	34890600	34890600
240	34892300	34892300	34892300	34892300
241	34895000	34895000	34895100	34895100
242	34898500	34898600	34898500	34898500
243	34897500	34897400	34897400	34897500
244	34898800	34898800	34898900	34898800
245	34896900	34896900	34896800	34896800
246	34897000	34897000	34897000	34897000
247	34893600	34893600	34893600	34893600
248	34896100	34896100	34896200	34896200
249	34894600	34894600	34894600	34894600
250	34895300	34895300	34895300	34895500
251	34898400	34898500	34898400	34898400
252	34898800	34898700	34898700	34898700
253	34897000	34897000	34897000	34897000
254	34896600	34896600	34896700	34896700
255	34895000	34895000	34895000	34895000
256	34896900	34896900	34896800	34896800
257	34892000	34892000	34892000	34892100
258	34890400	34890500	34890500	34890400
259	34892400	34892300	34892300	34892300
260	34888800	34888900	34888900	34888900
261	34886600	34886500	34886500	34886500
262	34887500	34887600	34887600	34887600
263	34887800	34887700	34887700	34887700
264	34887600	34887600	34887600	34887600
265	34891200	34891300	34891300	34891300
266	34889300	34889200	34889200	34889200
267	34890800	34890800	34890800	34890800
268	34890700	34890700	34890700	34890800
269	34890500	34890600	34890600	34890500
270	34891700	34891600	34891700	34891700
271	34891600	34891600	34891500	34891500
272	34887500	34887600	34887600	34887600
273	34891700	34891600	34891700	34891700
274	34894800	34894800	34894700	34894800
275	34888700	34888700	34888700	34888700
276	34889800	34889800	34889900	34889800
277	34895900	34895900	34895800	34895900
278	34889400	34889400	34889500	34889400
279	34891800	34891900	34891800	34891800
280	34889200	34889100	34889200	34889200
281	34885000	34885000	34885000	34885000
282	34886200	34886200	34886100	34886100
283	34887900	34887900	34887900	34887900
284	34886000	34886000	34886000	34886000
285	34891900	34891900	34891900	34892000
286	34892600	34892600	34892600	34892600
287	34888300	34888300	34888300	34891800
288	34890100	34890100	34890100	34890100
289	34888700	34888700	34888700	34888700
290	34889500	34889600	34889600	34889600
291	34889500	34889400	34889400	34889400
292	34889300	34889300	34889300	34889300
293	34888900	34888900	34888900	34888900
294	34888200	34888200	34888200	34888200
295	34887900	34887900	34888000	34888000
296	34888800	34888800	34888700	34888800
297	34889200	34889200	34889300	34889200
298	34892700	34892700	34892600	34892600
299	34890800	34890800	34890800	34890900
300	34890800	34890800	34890800	34890700
301	34890500	34890500	34890500	34890500
302	34891200	34891300	34891300	34891300
303	34892600	34892500	34892500	34892500
304	34893400	34893500	34893500	34893500
305	34892800	34892800	34892800	34892800
306	34889800	34889700	34889700	34889700
307	34892900	34892900	34893000	34915400
308	34891400	34891400	34891300	34891300
309	34893300	34893300	34893300	34893400
310	34894900	34895000	34895000	34894900
311	34895200	34895100	34895100	34895100
312	34899200	34899300	34899300	34899300
313	34894800	34894800	34894800	34894800
314	34892900	34892800	34892800	34892800
315	34891200	34891200	34891200	34891200
316	34893200	34893200	34893200	34893200
317	34893400	34893400	34893400	34893500
318	34890700	34890800	34890800	34890700
319	34891100	34891000	34891000	34891100
320	34892600	34892600	34892600	34892500
321	34893600	34893600	34893600	34893600
322	34890600	34890600	34890700	34890700
323	34897800	34897800	34897700	34917100
324	34894300	34894400	34894400	34894400
325	34894300	34894200	34894300	34894300
326	34894400	34894400	34894300	34894300
327	34893900	34894000	34894000	34894000
328	34896000	34895900	34895900	34895900
329	34889600	34889600	34889600	34889600
330	34893100	34893100	34893100	34893100
331	34892600	34892700	34892700	34892700
332	34889800	34889700	34889800	34889800
333	34891400	34891400	34891300	34891300
334	34888400	34888400	34888500	34888500
335	34887700	34887800	34887700	34887700
336	34891200	34891100	34891100	34891100
337	34892600	34892600	34892600	34892600
338	34892200	34892200	34892200	34892200
339	34893500	34893500	34893500	34893600
340	34894400	34894400	34894400	34894300
341	34891500	34891500	34891500	34891500
342	34891900	34891900	34892000	34892000
343	34894000	34894000	34894000	34894000
344	34891100	34891100	34891100	34891100
345	34892200	34892300	34892200	34892200
346	34892000	34891900	34891900	34891900
347	34893500	34893500	34893500	34893500
348	34895500	34895500	34895600	34895600
349	34894500	34894500	34894500	34894500
350	34893900	34893900	34893800	34893900
351	34891300	34891300	34891300	34891200
352	34892900	34893000	34893000	34893000
353	34893000	34892900	34892900	34893000
354	34892700	34892700	34892700	34892600
355	34893000	34893000	34893000	34893000
356	34893600	34893600	34893600	34893700
357	34894900	34894900	34894900	34894800
358	34894500	34894500	34894500	34894500
359	34892100	34892200	34892200	34892200
360	34891500	34891400	34891400	34891400
361	34891000	34891000	34891100	34891100
362	34893300	34893300	34893200	34893200
363	34894300	34894400	34894400	34894400
364	34896500	34896400	34896500	34896500
365	34897100	34897100	34897100	34897100
366	34900300	34900300	34900200	34900300
367	34898200	34898200	34898200	34898100
368	34897900	34897900	34897900	34898000
369	34898600	34898600	34898600	34898500
370	34898200	34898200	34898200	34898200
371	34897800	34897800	34897900	34897900
372	34893800	34893900	34893800	34893800
373	34895600	34895600	34895600	34895600
374	34896000	34895900	34896000	34896000
375	34894700	34894800	34894700	34894700
376	34892900	34892800	34892900	34892900
377	34895400	34895400	34895400	34895400
378	34897500	34897500	34897500	34897500
379	34893100	34893200	34893100	34893100
380	34889500	34889400	34889400	34889500
381	34891100	34891200	34891200	34891100
382	34895300	34895200	34895200	34895200
383	34891900	34891900	34891900	34892000
384	34892700	34892700	34892800	34892700
385	34895300	34895300	34895300	34895300
386	34892900	34892900	34892800	34892900
387	34890900	34890900	34890900	34890800
388	34891100	34891100	34891100	34891100
389	34893300	34893300	34893300	34893400
390	34888100	34888100	34888100	34888000
391	34891500	34891500	34891500	34891600
392	34888600	34888600	34888600	34888500
393	34892700	34892700	34892700	34892800
394	34889200	34889300	34889300	34889200
395	34888100	34888000	34888000	34888000
396	34889500	34889500	34889600	34889600
397	34889800	34889800	34889800	34889800
398	34889000	34889000	34888900	34888900
399	34890100	34890100	34890100	34890200
400	34892100	34892100	34892100	34892100
401	34895700	34895700	34895700	34917600
402	34893900	34893900	34894000	34894000
403	34895300	34895300	34895200	34895200
404	34894100	34894100	34894100	34894200
405	34894200	34894300	34894300	34894200
406	34895200	34895100	34895100	34895100
407	34894500	34894600	34894600	34894600
408	34897700	34897600	34897700	34897700
409	34895500	34895500	34895400	34895500
410	34892500	34892500	34892500	34892500
411	34894000	34894000	34894000	34893900
412	34894200	34894200	34894300	34894300
413	34897700	34897700	34897700	34897700
414	34893700	34893700	34893600	34893600
415	34893200	34893200	34893200	34893200
416	34888300	34888300	34888300	34888300
417	34890300	34890300	34890400	34890400
418	34890600	34890600	34890500	34890500
419	34892800	34892800	34892800	34892900
420	34894600	34894600	34894600	34894500
421	34895100	34895100	34895100	34895100
422	34893800	34893800	34893800	34893800
423	34891800	34891800	34891800	34891800
424	34894300	34894300	34894400	34894400
425	34892000	34892000	34891900	34891900
426	34891200	34891200	34891200	34891200
427	34889700	34889700	34889700	34889800
428	34890600	34890600	34890700	34890600
429	34892600	34892600	34892500	34892500
430	34891500	34891500	34891500	34891600
431	34886400	34886400	34886400	34886300
432	34890600	34890700	34890700	34890700
433	34888200	34888200	34888200	34888200
434	34888100	34888000	34888000	34888000
435	34889800	34889800	34889800	34889800
436	34887800	34887900	34887900	34887900
437	34889300	34889200	34889200	34889300
438	34890600	34890600	34890600	34890500
439	34891900	34891900	34891900	34891300
440	34891400	34891400	34891500	34891500
441	34889500	34889500	34889400	34889400
442	34889300	34889300	34889300	34889300
443	34888500	34888600	34888600	34888600
444	34889800	34889700	34889700	34889800
445	34885400	34885400	34885400	34885300
446	34885900	34885900	34885900	34886000
447	34886500	34886500	34886500	34886500
448	34885400	34885500	34885500	34885400
449	34884000	34883900	34883900	34883900
450	34887700	34887700	34887800	34887800
451	34890100	34890100	34890100	34890100
452	34888000	34888000	34888000	34888000
453	34890900	34890900	34890800	34890900
454	34890400	34890400	34890500	34890400
455	34888700	34888800	34888700	34888700
456	34890700	34890600	34890600	34890700
457	34891000	34891100	34891100	34891000
458	34888700	34888600	34888700	34890200
459	34886800	34886800	34886700	34886800
460	34885300	34885300	34885300	34885200
461	34888200	34888200	34888300	34888300
462	34887300	34887400	34887300	34887300
463	34885900	34885900	34885900	34885900
464	34888400	34888300	34888300	34888300
465	34891300	34891300	34891400	34891400
466	34889300	34889300	34889300	34889300
467	34885000	34885000	34884900	34884900
468	34886100	34886100	34886200	34886200
469	34886900	34886900	34886800	34886800
470	34888500	34888600	34888600	34888600
471	34886300	34886200	34886200	34886300
472	34885900	34885900	34885900	34885800
473	34885500	34885500	34885500	34885500
474	34883500	34883600	34883600	34883600
475	34887900	34887800	34887900	34887900
476	34887600	34887600	34887600	34887600
477	34886300	34886300	34886200	34886200
478	34886300	34886300	34886400	34886400
479	34889700	34889700	34889600	34889600
480	34889000	34889000	34889000	34889100
481	34887000	34887000	34887100	34887000
482	34887500	34887500	34887400	34887500
483	34889700	34889700	34889700	34889600
484	34891200	34891200	34891300	34889700
485	34890100	34890100	34890000	34890000
486	34889300	34889300	34889300	34889400
487	34888300	34888400	34888400	34888300
488	34887800	34887800	34887800	34887800
489	34888500	34888400	34888400	34888500
490	34888900	34888900	34889000	34888900
491	34889700	34889700	34889600	34889600
492	34892600	34892600	34892600	34892600
493	34887800	34887800	34887900	34887900
494	34892500	34892500	34892400	34892400
495	34890800	34890800	34890900	34890900
496	34889100	34889100	34889000	34889000
497	34892800	34892800	34892800	34892900
498	34889600	34889600	34889600	34889500
499	34894100	34894200	34894200	34894200

============================================================
# BITSTREAM: 10ms_5etapas.bit
# VENTANA: 10ms
# ETAPAS_PRINCIPAL: 5
# NUM_MUESTRAS: 500
# FORMATO: idx	freq1_hz	freq2_hz	freq3_hz	freq4_hz
============================================================
idx	freq1_hz	freq2_hz	freq3_hz	freq4_hz
0	33544400	33544400	33544400	33544400
1	33541600	33541600	33541600	33541600
2	33545200	33545300	33545200	33545200
3	33544600	33544600	33544600	33544600
4	33542600	33542600	33542600	33542600
5	33542400	33542300	33542400	33542400
6	33543600	33543600	33543600	33543600
7	33542100	33542100	33542100	33542100
8	33542800	33542900	33542800	33542800
9	33539900	33539900	33539900	33539900
10	33541300	33541400	33541400	33541300
11	33541600	33541500	33541500	33541600
12	33542300	33542400	33542300	33542300
13	33541200	33541100	33541200	33541200
14	33543000	33543100	33543000	33543000
15	33545000	33544900	33545000	33545000
16	33546000	33546000	33546000	33546000
17	33542700	33542700	33542700	33542700
18	33543400	33543400	33543400	33543400
19	33544300	33544400	33544300	33544300
20	33544800	33544700	33544800	33544800
21	33545800	33545800	33545800	33545800
22	33548100	33548100	33548100	33548100
23	33546600	33546600	33546600	33546500
24	33549200	33549200	33549200	33549300
25	33547400	33547400	33547400	33547400
26	33547700	33547700	33547700	33547700
27	33546400	33546400	33546400	33546400
28	33545300	33545300	33545300	33545300
29	33546800	33546800	33546800	33546800
30	33549300	33549300	33549300	33549300
31	33547200	33547200	33547200	33547100
32	33545000	33545100	33545000	33545100
33	33547200	33547100	33547200	33547100
34	33543300	33543300	33543300	33543400
35	33545100	33545100	33545100	33545100
36	33543100	33543200	33543100	33543100
37	33539400	33539300	33539400	33539400
38	33538900	33538900	33538900	33538900
39	33540700	33540700	33540700	33540700
40	33540100	33540100	33540100	33540100
41	33541700	33541700	33541700	33541700
42	33545500	33545500	33545500	33545500
43	33543000	33543000	33543000	33543000
44	33544800	33544800	33544800	33544800
45	33545000	33545000	33545000	33545000
46	33545000	33545100	33545000	33545000
47	33543100	33543000	33543100	33543100
48	33547300	33547300	33547300	33547300
49	33548500	33548500	33548500	33548500
50	33546500	33546500	33546500	33546500
51	33546100	33546100	33546100	33546100
52	33547400	33547500	33547400	33547400
53	33548300	33548300	33548300	33548300
54	33546200	33546100	33546200	33546200
55	33547700	33547800	33547700	33547700
56	33546500	33546400	33546500	33546500
57	33546400	33546400	33546400	33546300
58	33546300	33546300	33546300	33546300
59	33545000	33545000	33545000	33545100
60	33547100	33547100	33547100	33547100
61	33543400	33543400	33543400	33543400
62	33546200	33546200	33546200	33546200
63	33544900	33544900	33544900	33544900
64	33543300	33543300	33543300	33543200
65	33541400	33541500	33541400	33541500
66	33543600	33543500	33543600	33543600
67	33540500	33540500	33540500	33540500
68	33541900	33541900	33541900	33541900
69	33545200	33545200	33545200	33545200
70	33542200	33542200	33542200	33542200
71	33546100	33546100	33546100	33546100
72	33544700	33544800	33544700	33544700
73	33542700	33542700	33542700	33542700
74	33542500	33542400	33542500	33542500
75	33543400	33543400	33543400	33543400
76	33545200	33545200	33545200	33545200
77	33545900	33545900	33545900	33545900
78	33544600	33544600	33544600	33544600
79	33544300	33544400	33544300	33544300
80	33543700	33543600	33543700	33543700
81	33543000	33543100	33543000	33543000
82	33544900	33544900	33544900	33544900
83	33544400	33544300	33544400	33544400
84	33547900	33547900	33547900	33547900
85	33548700	33548800	33548700	33548700
86	33547100	33547100	33547100	33547100
87	33546900	33546800	33546900	33546900
88	33546200	33546200	33546200	33546200
89	33545700	33545700	33545700	33545700
90	33547000	33547000	33547000	33547000
91	33547200	33547200	33547200	33547200
92	33545900	33545600	33545900	33545900
93	33544700	33544700	33544700	33544700
94	33545300	33545300	33545300	33545300
95	33546500	33546600	33546500	33546500
96	33546700	33546600	33546700	33546700
97	33544700	33544700	33544700	33544700
98	33546000	33546100	33546000	33546000
99	33545200	33545100	33545200	33545200
100	33545400	33545400	33545400	33545400
101	33543500	33543400	33543500	33543500
102	33545600	33545600	33545600	33545600
103	33545400	33545400	33545400	33545400
104	33547000	33547000	33547000	33547000
105	33547800	33547800	33547800	33547800
106	33546200	33546200	33546200	33546200
107	33546100	33546100	33546100	33546100
108	33547100	33547100	33547100	33547100
109	33547700	33547700	33547700	33547700
110	33542600	33542600	33542600	33542600
111	33544400	33544400	33544400	33544400
112	33545200	33545200	33545200	33545200
113	33546400	33546500	33546400	33546400
114	33546500	33546400	33546500	33546500
115	33549000	33558400	33549000	33549000
116	33546800	33546700	33546800	33546800
117	33546200	33546200	33546200	33546200
118	33546900	33543700	33543700	33543700
119	33545800	33545800	33545800	33545800
120	33542700	33542700	33542700	33542700
121	33541700	33541700	33541700	33541700
122	33543200	33543300	33543200	33543200
123	33544400	33544300	33544400	33544300
124	33544000	33544000	33544000	33544100
125	33543800	33543900	33543800	33543800
126	33547100	33547000	33547100	33547100
127	33548100	33544900	33544900	33544900
128	33545700	33545700	33545700	33545700
129	33542500	33542500	33542500	33542500
130	33543000	33543000	33543000	33543000
131	33542800	33542800	33543000	33542800
132	33549400	33549500	33549400	33549400
133	33547400	33547300	33547400	33547300
134	33546800	33546800	33546800	33546900
135	33550300	33550400	33550300	33550300
136	33547800	33547700	33547800	33547800
137	33545000	33545000	33545000	33545000
138	33544000	33544000	33544000	33543900
139	33544800	33544800	33544800	33544800
140	33544500	33544500	33544500	33544600
141	33543600	33543600	33543600	33543600
142	33543000	33543000	33543000	33542900
143	33544500	33544600	33544500	33544600
144	33543800	33543700	33543800	33543800
145	33543700	33543800	33543700	33543700
146	33544100	33544000	33544100	33544100
147	33546400	33546400	33546400	33546400
148	33544500	33544600	33544500	33544500
149	33544800	33544700	33544800	33544800
150	33543500	33543600	33543500	33543500
151	33545800	33545800	33545800	33545800
152	33544900	33544800	33544900	33544900
153	33544800	33544800	33544800	33544800
154	33547000	33547100	33547000	33547000
155	33544700	33544700	33544700	33544700
156	33544100	33544100	33544100	33544100
157	33546500	33546400	33546500	33546500
158	33541700	33541700	33541700	33541700
159	33543800	33543800	33543800	33543800
160	33544200	33544200	33544200	33544200
161	33541200	33541200	33541200	33541200
162	33542700	33542700	33542700	33542700
163	33542300	33542300	33542300	33542300
164	33542500	33542500	33542500	33542400
165	33541600	33541700	33541600	33541700
166	33540300	33540200	33540300	33540300
167	33538800	33538800	33538800	33538800
168	33538900	33538900	33538900	33538900
169	33541200	33541200	33541200	33541200
170	33543900	33543900	33543900	33543900
171	33543400	33543400	33543400	33543400
172	33543500	33543600	33543500	33543500
173	33543100	33543000	33543100	33543100
174	33544000	33544000	33544000	33544000
175	33544400	33544400	33544400	33544400
176	33544300	33544400	33544300	33544300
177	33544900	33544800	33544900	33544800
178	33543300	33543300	33543300	33543300
179	33544200	33544200	33544200	33544300
180	33543200	33543200	33543200	33543100
181	33542500	33542500	33542500	33542600
182	33543200	33543200	33543200	33543200
183	33542500	33542500	33542500	33542500
184	33542900	33543000	33543000	33542900
185	33543200	33543100	33543100	33543200
186	33541700	33541700	33541700	33541600
187	33541700	33541700	33541700	33541700
188	33541300	33541300	33541300	33541400
189	33541500	33541500	33541500	33541500
190	33541700	33541800	33541700	33541700
191	33541400	33541300	33541400	33541400
192	33543000	33543000	33543000	33543000
193	33544300	33544300	33544300	33544300
194	33542100	33542100	33542100	33542100
195	33542800	33542900	33542800	33542800
196	33545800	33545800	33545800	33545800
197	33544600	33544500	33544600	33544600
198	33545700	33545700	33545700	33545700
199	33545700	33545800	33545700	33545700
200	33544800	33544700	33544800	33544800
201	33543200	33543200	33543200	33543200
202	33542400	33542400	33542400	33542400
203	33545200	33545200	33542400	33545100
204	33545400	33545500	33545400	33545500
205	33545000	33544900	33545000	33544900
206	33542300	33542300	33542300	33542400
207	33545900	33545900	33545900	33545900
208	33542200	33542200	33542200	33542100
209	33542900	33542900	33542900	33543000
210	33542600	33542600	33542600	33542600
211	33546100	33546200	33546100	33546100
212	33545800	33545800	33545800	33545800
213	33545200	33545100	33545200	33545200
214	33543200	33543200	33543200	33543200
215	33544300	33544300	33544300	33544300
216	33541700	33541700	33541700	33541600
217	33540200	33540300	33540200	33540300
218	33543100	33543000	33543100	33543000
219	33545600	33545600	33545600	33545700
220	33543700	33543700	33543700	33543700
221	33542200	33542200	33542200	33542100
222	33542200	33542200	33542200	33542300
223	33543900	33543900	33543900	33543900
224	33545900	33545900	33545900	33545900
225	33544100	33544100	33544100	33544100
226	33542400	33542400	33542400	33542400
227	33540800	33540800	33540800	33540800
228	33539400	33539400	33539400	33539400
229	33540700	33540700	33540700	33540700
230	33540500	33540500	33540500	33540500
231	33541700	33541700	33541700	33541600
232	33544900	33544900	33544900	33545000
233	33545400	33545400	33545400	33545400
234	33542100	33542200	33542100	33542100
235	33543600	33543600	33543600	33543600
236	33545900	33545900	33545900	33545900
237	33541800	33541800	33541800	33541800
238	33537900	33537800	33537900	33537900
239	33542300	33542300	33542300	33542300
240	33542700	33542700	33542700	33542700
241	33541900	33541900	33541900	33541900
242	33540300	33540300	33540300	33540300
243	33541000	33541100	33541000	33541000
244	33542000	33541900	33542000	33541900
245	33541500	33541500	33541500	33541600
246	33541900	33541900	33541900	33541900
247	33543400	33543400	33543400	33543300
248	33542200	33542300	33542200	33542300
249	33541000	33544100	33544200	33544100
250	33544800	33544800	33544800	33544900
251	33542800	33542800	33542800	33542800
252	33544700	33544700	33544700	33544700
253	33543600	33543600	33543600	33543500
254	33543300	33543300	33543300	33543400
255	33544700	33544800	33544700	33544700
256	33541900	33541800	33541900	33541900
257	33539800	33539900	33539800	33539800
258	33545500	33545400	33545500	33545400
259	33542600	33542600	33542600	33542700
260	33542700	33542600	33542700	33542700
261	33540900	33540900	33540900	33540800
262	33542800	33542800	33542800	33542900
263	33543200	33543200	33543200	33543200
264	33542600	33542600	33542400	33542600
265	33542200	33542300	33542200	33542200
266	33542500	33542400	33542500	33542500
267	33543100	33543100	33543100	33543000
268	33542100	33542100	33542100	33542200
269	33543700	33543800	33543700	33543700
270	33543600	33543500	33543600	33543600
271	33539900	33539900	33539900	33539900
272	33540700	33540700	33539900	33540700
273	33538600	33538600	33538600	33538600
274	33539000	33539000	33539000	33538900
275	33540200	33540300	33540200	33540300
276	33542700	33542600	33542700	33542700
277	33540200	33540200	33540200	33540200
278	33539000	33539100	33539000	33539000
279	33539300	33539200	33539300	33539300
280	33542000	33542000	33542000	33542000
281	33539800	33539800	33539800	33539800
282	33539900	33539900	33539800	33539900
283	33540200	33540200	33540200	33540200
284	33540700	33540700	33540700	33540700
285	33541000	33541000	33541000	33541000
286	33542300	33542300	33542300	33542300
287	33542200	33542200	33542200	33542200
288	33543100	33543100	33543100	33543100
289	33543000	33543000	33543000	33543000
290	33544100	33544100	33544100	33544100
291	33546700	33546700	33546700	33546700
292	33545300	33545300	33545300	33545200
293	33544700	33544800	33544700	33544800
294	33546100	33546000	33546100	33546100
295	33546200	33546200	33546200	33546200
296	33546500	33546500	33546500	33546500
297	33543800	33543900	33543800	33543800
298	33544300	33544300	33544300	33544300
299	33543700	33543600	33543700	33543700
300	33542800	33542800	33542800	33542800
301	33543900	33543900	33543900	33543800
302	33543100	33543100	33543100	33543200
303	33542700	33542700	33542700	33542700
304	33541000	33541000	33544200	33541000
305	33540600	33540600	33540600	33540600
306	33539200	33539300	33539200	33539200
307	33536300	33536300	33536300	33536300
308	33532900	33532900	33532900	33532900
309	33532400	33532300	33532400	33532400
310	33532500	33532500	33532500	33532500
311	33530200	33530300	33530200	33530200
312	33531300	33531200	33531300	33531300
313	33530600	33530600	33530600	33530500
314	33531400	33531500	33531500	33531500
315	33530800	33530700	33530700	33530700
316	33532400	33532400	33532400	33532500
317	33533500	33533500	33533500	33533500
318	33522700	33522700	33522700	33522700
319	33499200	33499200	33499200	33499200
320	33484100	33484100	33484100	33484000
321	33460200	33460200	33460200	33460300
322	33391400	33391500	33391400	33391400
323	33297800	33297700	33297800	33297800
324	33283400	33283500	33283400	33283400
325	33378200	33378100	33378200	33378100
326	33872500	33872600	33242300	33242400
327	33792800	33792700	33253700	33253700
328	33508200	33508200	33508200	33508200
329	33536100	33536100	33536100	33536100
330	33537300	33537300	33537300	33537300
331	33539000	33539100	33539000	33539000
332	33537900	33537800	33537900	33537900
333	33540100	33540100	33540100	33540100
334	33537900	33537900	33537900	33537900
335	33537300	33537400	33537300	33537300
336	33538500	33538400	33538500	33538500
337	33537500	33537500	33537500	33537500
338	33536900	33540100	33540100	33540000
339	33537600	33537600	33537600	33537700
340	33534800	33534800	33534800	33534700
341	33529300	33529300	33529300	33529400
342	33501900	33501900	33406500	33406500
343	33930000	33930000	33229900	33229900
344	33529800	33529900	33330600	33330600
345	33313900	33313800	33330700	33313800
346	33354500	33354500	33354500	33354600
347	33404200	33404200	33404200	33404200
348	33449600	33453000	33449600	33449600
349	33473000	33472900	33473000	33473000
350	33482700	33482700	33482700	33482700
351	33480800	33480900	33480800	33480800
352	33480600	33480500	33480600	33480500
353	33477600	33477600	33477600	33477700
354	33462800	33462800	33462800	33462800
355	33412400	33412400	33412400	33412400
356	33308700	33308600	33308700	33308700
357	33336700	33336800	33336700	33336700
358	33709000	33708900	33282100	33282100
359	33743200	33743200	33279600	33279600
360	33521300	33521300	33521300	33521300
361	33534800	33534800	33534800	33534800
362	33532900	33532900	33532900	33532900
363	33532100	33532100	33532100	33532100
364	33536500	33536500	33536500	33536500
365	33535900	33536000	33535900	33535900
366	33535900	33535800	33535900	33535900
367	33534700	33534800	33534700	33534700
368	33537500	33537400	33537500	33537500
369	33538100	33538100	33538100	33538000
370	33534100	33534300	33534100	33534200
371	33531700	33531600	33531700	33531700
372	33528800	33528900	33528800	33528800
373	33509600	33509500	33421000	33421000
374	33914700	33914700	33230500	33230500
375	33374500	33374500	33339900	33339900
376	33328700	33328700	33328700	33328700
377	33400800	33400800	33400800	33400800
378	33447500	33447500	33447500	33447500
379	33465200	33465300	33465200	33465200
380	33463600	33463500	33463600	33463600
381	33457000	33457000	33457000	33457000
382	33410900	33410900	33410900	33410900
383	33323000	33323000	33323000	33323000
384	33720300	33720300	33292300	33292300
385	33510700	33510800	33505200	33505200
386	33539600	33539600	33539600	33539600
387	33543600	33543600	33543700	33543600
388	33545400	33545400	33545300	33545400
389	33546200	33546100	33546200	33546200
390	33544900	33544900	33544900	33544900
391	33540500	33540500	33540500	33540500
392	33540600	33540700	33540600	33540600
393	33539100	33539000	33539100	33539100
394	33541600	33541600	33541600	33541600
395	33541300	33541400	33541300	33541300
396	33543000	33542900	33543000	33543000
397	33538200	33538200	33538200	33538200
398	33539200	33539200	33539200	33539200
399	33540700	33540700	33540700	33540700
400	33541600	33541600	33541600	33541600
401	33542700	33542700	33542700	33542600
402	33539700	33539700	33539700	33539800
403	33540500	33540600	33540600	33540500
404	33539900	33539900	33539800	33539900
405	33538000	33537900	33538000	33538000
406	33541100	33541100	33541100	33541100
407	33540200	33540200	33540200	33540100
408	33540200	33540200	33540200	33540300
409	33541500	33541600	33541500	33541500
410	33544800	33544700	33544800	33544800
411	33540800	33540800	33547200	33540800
412	33543100	33543100	33543100	33543100
413	33542500	33542500	33542500	33542500
414	33543800	33543800	33543800	33543800
415	33542200	33542200	33542200	33542200
416	33543900	33544000	33540800	33543900
417	33545700	33545600	33545600	33545600
418	33545700	33545800	33545700	33545800
419	33544300	33544300	33544300	33544300
420	33543700	33543600	33543700	33543700
421	33545600	33545600	33545600	33545600
422	33544500	33544500	33544500	33544500
423	33542100	33542100	33542100	33542100
424	33541400	33541400	33541400	33541400
425	33544900	33544900	33544900	33544900
426	33545200	33545300	33545200	33545200
427	33543800	33543700	33543800	33543700
428	33545600	33545700	33545600	33545700
429	33546300	33546200	33546300	33546200
430	33542300	33542300	33542300	33542400
431	33541300	33541400	33541300	33541300
432	33540900	33540800	33540900	33540900
433	33542400	33539200	33542400	33542400
434	33543300	33543300	33543300	33543300
435	33541400	33541400	33541400	33541400
436	33541400	33541400	33541400	33541400
437	33540800	33540800	33540800	33540800
438	33542700	33542700	33542700	33542700
439	33539700	33539700	33539700	33539700
440	33544300	33544300	33544300	33544300
441	33542200	33542200	33542200	33542100
442	33541300	33541300	33541300	33541400
443	33542900	33539700	33542900	33542900
444	33542100	33542000	33542100	33542100
445	33545300	33545300	33545300	33545300
446	33543300	33543400	33543300	33543300
447	33544800	33544800	33544900	33544800
448	33544000	33543900	33543900	33544000
449	33544700	33544700	33544700	33544700
450	33543700	33543900	33543700	33543700
451	33543700	33543700	33543800	33543700
452	33543900	33543800	33543800	33543900
453	33544300	33544400	33544300	33544300
454	33543000	33542900	33543000	33543000
455	33544400	33544500	33544500	33544400
456	33543800	33543800	33543800	33543800
457	33548600	33548500	33548500	33548600
458	33551300	33551300	33551300	33551300
459	33546700	33546800	33546800	33546700
460	33547000	33546900	33546900	33546900
461	33548700	33548700	33548700	33548800
462	33549100	33552700	33549100	33549100
463	33549700	33549700	33549700	33549700
464	33549000	33548900	33549000	33549000
465	33549400	33549400	33549400	33549400
466	33550400	33550400	33550400	33550400
467	33550400	33550400	33550400	33550400
468	33550600	33550600	33550400	33550600
469	33549200	33549300	33549200	33549200
470	33547200	33547100	33547200	33547200
471	33547700	33547700	33547700	33547700
472	33546900	33546900	33546900	33546900
473	33547800	33547800	33547800	33547800
474	33549200	33549300	33549200	33549200
475	33549800	33549700	33549800	33549800
476	33549700	33549700	33549700	33549700
477	33550400	33550400	33550400	33550400
478	33550100	33550100	33550100	33550100
479	33553000	33553000	33553000	33553000
480	33552400	33552500	33552400	33552400
481	33549100	33549000	33549100	33549100
482	33548300	33548300	33537100	33548200
483	33547200	33547200	33547200	33547300
484	33548300	33548300	33548300	33548300
485	33549600	33549600	33549600	33549600
486	33550200	33550300	33550200	33550200
487	33551800	33551800	33551800	33551800
488	33550400	33550300	33550400	33550300
489	33550600	33550600	33550600	33550700
490	33548900	33548900	33548900	33548900
491	33552400	33549300	33552400	33552400
492	33547200	33547100	33547200	33547200
493	33546800	33546800	33546800	33546700
494	33546800	33546800	33546800	33546900
495	33547700	33547700	33547700	33547700
496	33545500	33545500	33545500	33545400
497	33546500	33546500	33546500	33546600
498	33546600	33546600	33546600	33546600
499	33549500	33549500	33549500	33549500

============================================================
# BITSTREAM: 10ms_51etapas.bit
# VENTANA: 10ms
# ETAPAS_PRINCIPAL: 51
# NUM_MUESTRAS: 500
# FORMATO: idx	freq1_hz	freq2_hz	freq3_hz	freq4_hz
============================================================
idx	freq1_hz	freq2_hz	freq3_hz	freq4_hz
0	13637200	13961300	12664900	11816000
1	13636200	13959900	12665200	11815300
2	13636800	13960500	12665500	11816500
3	13637200	13961100	12665700	11813900
4	13637400	13961100	12666400	11817900
5	13637100	13960600	12666400	11818200
6	13636900	13960500	12666100	11817700
7	13637600	13961500	12666100	11814800
8	13638200	13961900	12666800	11816400
9	13637900	13962000	12665600	11819300
10	13637300	13961400	12664900	11816800
11	13637500	13961300	12666600	11817300
12	13636900	13960600	12665400	11815800
13	13636700	13960300	12665700	11817700
14	13636800	13960300	12665500	11814100
15	13635800	13959300	12665600	11814100
16	13635400	13958900	12664700	11814500
17	13636000	13959400	12665800	11820600
18	13635200	13958700	12664500	11817600
19	13636800	13960300	12666200	11816800
20	13637000	13960100	12665700	11814300
21	13637100	13961000	12665700	11817300
22	13638100	13961900	12666500	11815100
23	13637900	13962100	12665500	11819100
24	13637400	13961600	12664800	11816900
25	13637200	13961400	12664200	11814600
26	13637400	13961100	12666100	11817600
27	13635800	13959400	12664900	11817800
28	13635500	13959300	12664400	11818300
29	13636000	13959900	12664400	11814600
30	13637200	13960900	12665900	11817500
31	13635500	13959100	12664600	11816700
32	13636400	13960200	12665400	11818400
33	13635300	13958700	12664700	11816100
34	13636100	13959700	12665300	11816100
35	13637000	13961000	12665200	11813700
36	13637200	13961000	12665900	11814200
37	13637100	13960800	12666000	11814100
38	13637100	13961000	12665200	11814500
39	13636200	13959900	12665200	11813900
40	13637600	13961400	12666100	11817400
41	13637100	13960900	12665800	11816900
42	13636800	13960500	12665400	11816800
43	13637500	13961500	12665600	11814400
44	13637600	13961300	12666300	11816700
45	13637300	13961200	12666000	11816100
46	13637100	13960800	12665800	11816400
47	13636500	13960200	12665500	11813900
48	13635600	13959200	12664900	11816100
49	13636600	13960400	12665100	11814900
50	13636100	13959900	12664800	11816200
51	13636300	13959800	12665500	11816700
52	13635200	13958700	12664700	11816500
53	13635800	13959200	12665500	11815900
54	13635200	13959100	12664100	11814000
55	13636600	13959900	12663100	11817800
56	13636300	13959900	12665400	11815200
57	13635700	13959300	12665300	11815900
58	13635100	13958500	12664600	11813700
59	13635400	13958900	12664700	11814900
60	13636200	13959800	12665700	11819800
61	13635700	13959200	12665300	11814800
62	13635900	13959600	12664500	11813800
63	13637100	13960900	12666200	11818700
64	13636700	13960200	12665700	11816700
65	13636500	13960100	12665700	11816500
66	13636500	13960000	12666000	11816700
67	13638100	13961600	12666000	11814900
68	13637300	13961600	12664600	11814700
69	13637400	13961600	12664800	11814800
70	13637800	13961900	12665400	11815100
71	13638000	13962100	12665600	11818800
72	13637400	13961600	12664800	11816900
73	13635700	13959700	12663800	11813900
74	13636800	13960700	12665200	11814300
75	13636900	13960600	12665900	11819200
76	13636300	13959800	12665600	11817600
77	13636100	13959600	12665600	11815300
78	13636400	13960200	12665400	11818400
79	13635100	13958600	12664400	11815900
80	13637200	13960800	12666200	11818200
81	13637400	13961300	12665600	11815100
82	13637600	13961700	12665700	11816300
83	13637900	13962000	12665100	11819300
84	13637800	13962100	12665000	11816700
85	13638400	13962700	12665400	11817600
86	13639200	13963600	12666200	11820900
87	13637500	13961800	12664900	11816100
88	13638000	13962400	12664800	11815300
89	13638300	13962600	12665100	11820300
90	13638300	13962700	12665100	11818200
91	13637500	13961700	12664800	11819400
92	13637300	13961700	12664300	11819000
93	13637000	13961300	12664100	11818600
94	13637600	13961600	12665800	11816000
95	13635800	13959600	12664100	11820000
96	13636000	13959600	12665200	11818400
97	13636000	13959600	12665300	11818100
98	13636700	13960400	12665700	11818400
99	13636700	13960500	12665300	11816400
100	13636300	13960100	12664600	11813600
101	13636600	13960400	12665500	11816600
102	13636000	13959800	12664300	11815500
103	13636100	13959700	12665400	11814400
104	13636300	13960300	12664200	11813300
105	13635800	13959300	12665300	11813700
106	13634800	13958500	12664100	11813700
107	13635500	13959000	12665000	11815200
108	13635000	13958500	12664300	11818700
109	13634800	13958400	12664200	11814400
110	13635400	13959100	12664000	11814600
111	13636600	13960300	12665600	11817600
112	13635100	13958300	12664400	11812900
113	13636000	13960000	12664200	11819400
114	13636600	13960500	12664800	11814100
115	13636500	13960400	12665000	11813500
116	13636800	13960500	12665200	11816500
117	13636900	13960900	12665100	11814000
118	13635700	13959500	12664400	11810100
119	13635700	13959400	12664800	11820300
120	13636500	13960300	12665000	11818000
121	13636400	13960000	12665600	11814300
122	13636700	13960500	12665000	11814300
123	13636700	13960600	12665300	11813700
124	13637300	13961100	12665800	11818000
125	13637300	13961000	12666200	11818300
126	13637700	13961500	12666100	11814300
127	13637500	13961300	12666100	11816000
128	13636300	13960200	12664600	11816900
129	13635100	13958800	12664200	11814600
130	13636100	13959800	12664900	11819000
131	13636500	13960100	12665700	11815600
132	13637000	13960700	12666000	11816800
133	13637400	13961000	12666500	11818700
134	13637800	13961700	12666100	11814200
135	13638200	13962400	12665300	11818700
136	13636700	13961000	12664300	11818600
137	13638200	13962100	12666500	11814300
138	13638000	13962200	12665300	11816400
139	13636800	13960700	12665100	11817700
140	13637000	13960600	12666400	11819100
141	13636800	13960400	12665600	11817700
142	13636100	13959900	12664900	11816400
143	13636200	13959800	12665200	11816500
144	13636500	13960100	12665700	11815100
145	13636100	13959700	12665100	11816700
146	13636200	13960300	12664300	11813300
147	13636600	13960100	12665500	11814100
148	13636600	13960400	12665400	11816700
149	13636700	13960600	12665000	11816500
150	13636200	13959900	12665100	11817400
151	13635700	13959400	12664600	11816000
152	13636000	13959700	12664900	11817900
153	13636500	13960400	12664900	11813800
154	13636200	13959900	12664900	11816200
155	13636200	13959800	12665600	11816300
156	13636800	13960200	12666400	11815200
157	13635100	13958600	12664800	11815500
158	13635700	13959300	12665100	11816900
159	13635800	13959400	12664600	11814200
160	13637000	13961000	12665400	11818400
161	13637300	13961100	12665500	11813900
162	13637000	13960800	12665700	11817800
163	13637800	13961700	12666000	11814900
164	13637900	13962200	12665100	11818800
165	13637300	13961300	12665300	11817600
166	13637500	13961400	12665700	11816000
167	13637200	13960800	12666400	11817000
168	13636200	13960000	12664800	11813800
169	13635100	13958800	12664100	11813500
170	13635600	13959200	12664800	11819000
171	13635100	13958900	12663500	11813300
172	13634900	13958400	12664600	11819200
173	13635700	13959400	12664300	11815500
174	13634600	13958400	12663400	11816900
175	13634900	13958700	12663500	11814800
176	13634800	13958300	12664300	11814900
177	13634700	13958600	12663000	11818700
178	13634900	13958500	12664000	11816100
179	13634700	13958300	12663900	11814700
180	13634500	13958500	12662700	11818500
181	13634400	13957800	12664100	11814700
182	13634600	13958400	12663100	11816100
183	13634400	13958000	12663700	11814300
184	13635700	13959600	12663800	11814500
185	13635200	13958700	12664700	11817500
186	13636800	13960500	12665900	11816100
187	13635800	13959600	12664400	11812900
188	13635400	13959000	12664600	11817800
189	13635300	13958700	12665000	11814700
190	13635700	13959000	12665800	11815800
191	13636100	13959600	12665700	11815700
192	13635900	13959500	12665100	11818400
193	13637000	13960600	12665900	11815000
194	13637400	13961300	12665800	11818500
195	13637600	13961600	12665700	11816600
196	13636700	13960800	12664300	11814800
197	13636900	13960900	12665200	11814500
198	13637100	13960800	12665700	11817300
199	13636400	13960100	12665300	11814200
200	13635400	13959000	12664700	11815600
201	13635400	13958900	12664800	11814600
202	13634800	13958200	12665000	11818400
203	13634800	13958500	12663600	11814000
204	13635800	13959300	12664800	11815100
205	13634800	13958500	12663900	11813600
206	13635200	13958800	12664400	11815000
207	13635100	13958800	12664300	11819000
208	13634500	13958200	12663200	11818400
209	13635000	13958800	12663400	11807700
210	13634100	13957800	12663500	11818400
211	13634500	13958100	12663200	11815800
212	13635300	13959400	12663200	11818700
213	13634400	13958000	12663500	11816300
214	13634900	13958800	12663300	11813500
215	13634500	13959600	12663900	11818100
216	13633200	13957000	12662000	11816900
217	13632400	13956000	12661700	11815200
218	13633700	13957600	12661900	11817800
219	13634600	13958300	12663500	11816800
220	13635000	13958800	12663600	11819000
221	13635100	13958700	12664100	11818100
222	13635000	13958400	12664700	11814500
223	13633900	13957500	12663100	11813600
224	13633600	13957300	12662500	11815100
225	13633100	13956800	12662100	11815200
226	13634200	13958300	12662200	11817900
227	13634800	13958700	12663100	11818700
228	13633700	13957000	12663500	11813900
229	13633500	13957200	12662600	11815700
230	13634200	13958000	12662800	11813300
231	13635400	13959400	12663500	11813900
232	13635300	13959000	12664300	11817200
233	13635500	13959100	12664500	11814600
234	13634900	13958600	12664000	11816400
235	13634000	13957600	12663200	11815700
236	13633800	13957600	12662300	11816000
237	13633600	13957400	12662400	11815700
238	13634100	13957700	12663000	11814000
239	13634400	13958500	12662300	11813300
240	13634700	13958200	12664200	11814400
241	13634700	13958600	12663300	11814000
242	13635400	13958900	12664500	11816800
243	13635200	13958700	12664700	11819400
244	13634900	13958300	12664600	11815100
245	13634100	13957900	12662900	11818300
246	13634200	13958100	12662700	11814300
247	13634800	13958800	12662900	11818700
248	13632800	13956100	12662500	11817500
249	13633400	13957400	12661500	11815800
250	13632700	13956300	12661700	11813100
251	13633700	13957500	12662600	11817800
252	13634400	13958100	12663100	11816000
253	13635500	13959500	12663400	11819000
254	13634100	13957700	12663500	11812600
255	13634100	13958100	12662200	11813000
256	13634900	13958800	12663200	11818800
257	13635200	13958800	12664200	11818900
258	13634800	13958400	12664100	11818200
259	13634800	13958500	12663500	11814300
260	13634900	13958600	12664100	11814500
261	13635600	13959200	12664700	11816700
262	13634900	13958800	12662900	11813200
263	13635000	13958700	12664000	11819100
264	13635500	13959100	12664700	11815200
265	13636200	13959900	12665300	11817600
266	13635600	13959300	12664500	11816100
267	13634600	13958200	12663900	11813300
268	13635200	13959000	12663600	11813900
269	13634800	13958300	12664500	11814400
270	13635900	13959700	12664200	11819800
271	13634700	13958600	12663300	11812500
272	13635600	13959200	12664600	11817000
273	13635400	13959100	12664200	11813600
274	13636300	13960000	12665300	11817900
275	13635500	13959200	12664000	11813600
276	13635000	13958900	12663400	11813500
277	13634700	13958100	12664300	11818700
278	13635400	13959400	12663300	11819000
279	13634500	13958200	12663600	11817300
280	13635200	13959100	12663500	11814500
281	13636400	13960000	12665600	11817800
282	13636100	13959700	12665000	11814400
283	13636700	13960600	12665200	11813800
284	13636400	13960100	12665400	11817200
285	13635900	13959500	12665000	11816700
286	13635900	13959500	12665100	11814100
287	13637200	13961000	12666000	11814800
288	13636500	13960200	12665200	11813800
289	13636000	13959700	12664900	11816300
290	13636400	13960300	12664900	11814100
291	13637500	13961100	12665900	11814800
292	13636400	13960300	12664800	11817300
293	13636400	13960000	12665600	11813800
294	13637600	13961400	12665300	11814800
295	13636700	13960300	12665800	11816800
296	13637100	13960900	12665900	11814200
297	13636300	13960100	12665200	11815800
298	13636600	13960400	12665100	11815900
299	13636700	13960500	12664900	11815400
300	13636100	13960000	12664500	11813000
301	13635400	13959200	12664200	11813800
302	13634700	13958400	12663400	11813000
303	13634700	13958300	12663800	11814400
304	13635500	13959500	12663700	11819300
305	13635000	13958700	12664000	11812900
306	13634100	13959100	12663900	11814100
307	13634400	13958100	12663000	11816300
308	13634500	13958600	12662700	11819500
309	13633600	13957100	12662800	11815500
310	13634400	13958100	12663400	11818100
311	13635100	13959000	12663300	11818900
312	13634700	13958100	12664300	11814000
313	13635200	13959200	12663400	11818800
314	13634200	13964200	12663300	11812200
315	13634200	13957900	12663100	11815800
316	13634500	13958400	12662600	11814100
317	13633500	13957300	12662600	11813600
318	13633700	13957400	12662500	11815400
319	13635500	13959100	12663600	11814400
320	13635100	13958600	12664600	11816600
321	13635000	13958600	12664300	11816100
322	13634700	13958200	12664300	11815800
323	13635100	13958900	12663500	11813700
324	13633800	13957300	12663600	11817800
325	13634800	13958600	12663200	11816000
326	13634800	13958300	12664500	11816100
327	13634700	13958400	12663400	11818600
328	13634100	13957700	12663400	11814200
329	13634400	13958400	12662500	11814000
330	13634300	13957800	12663500	11814700
331	13635100	13959000	12663700	11816500
332	13635100	13958500	12664800	11814500
333	13635100	13958600	12664500	11815100
334	13635400	13959000	12664700	11817200
335	13636100	13959800	12664900	11815200
336	13636000	13959700	12664800	11815000
337	13636100	13960100	12664200	11813500
338	13634400	13958100	12663400	11815300
339	13635500	13959500	12663300	11819100
340	13634000	13957600	12663100	11812400
341	13634100	13958200	12662300	11816300
342	13633800	13957500	12662400	11813100
343	13635000	13958900	12663500	11815900
344	13635000	13958400	12664500	11818900
345	13634600	13958400	12663200	11814200
346	13635400	13959200	12664500	11814900
347	13634000	13957700	12662700	11812600
348	13634800	13958800	12662500	11813600
349	13636100	13959800	12665000	11819500
350	13635800	13959500	12664800	11814500
351	13634700	13958300	12664100	11813100
352	13634400	13958100	12663300	11818900
353	13635200	13959100	12663400	11819000
354	13634900	13958300	12664600	11816800
355	13634700	13958600	12663100	11818800
356	13633800	13957100	12663900	11815800
357	13634900	13958500	12664200	11818800
358	13635000	13958500	12664700	11814700
359	13635000	13958500	12664300	11814500
360	13634600	13958100	12663900	11814300
361	13635400	13959300	12663600	11819200
362	13635900	13959600	12665000	11814400
363	13635100	13958700	12664600	11817400
364	13635200	13958500	12665000	11815000
365	13635400	13958900	12664900	11815200
366	13635800	13959300	12665100	11819400
367	13635200	13958900	12664100	11813600
368	13635000	13958400	12664700	11819700
369	13634700	13958600	12663600	11814800
370	13635500	13959000	12664600	11816800
371	13635000	13958600	12664200	11814600
372	13635100	13958700	12664600	11817100
373	13634800	13958200	12664500	11815000
374	13634900	13958700	12663300	11814200
375	13635000	13958400	12664800	11815300
376	13633700	13957300	12663100	11813800
377	13634500	13958200	12663100	11816300
378	13634600	13958500	12663000	11820100
379	13633900	13957300	12663800	11814500
380	13633900	13957700	12662500	11815800
381	13635600	13959700	12663300	11814100
382	13635800	13959600	12664500	11813100
383	13635200	13958900	12664100	11817200
384	13635300	13958600	12665200	11819200
385	13635900	13959500	12665100	11817100
386	13634800	13958400	12664200	11813300
387	13635500	13959100	12664400	11815100
388	13635900	13959600	12665200	11817300
389	13635700	13959200	12665000	11817600
390	13635800	13959500	12664600	11813900
391	13636600	13960100	12666200	11814100
392	13636000	13959600	12665300	11816100
393	13634800	13958200	12664400	11817300
394	13635500	13959300	12664200	11814700
395	13635100	13958800	12664100	11813300
396	13635500	13959100	12664700	11818600
397	13636000	13959500	12665600	11817300
398	13634700	13958000	12664700	11813400
399	13635300	13959200	12663700	11814400
400	13635000	13958600	12663800	11813400
401	13634900	13958400	12664400	11816600
402	13634600	13958300	12663900	11814300
403	13635800	13959500	12664200	11819400
404	13635900	13959500	12665500	11813500
405	13635600	13959000	12665100	11813300
406	13636300	13959900	12665900	11815600
407	13636400	13959900	12665600	11816200
408	13636000	13959600	12665100	11815700
409	13636000	13959600	12665400	11817600
410	13635900	13959400	12665500	11817500
411	13635500	13959200	12664300	11817200
412	13636100	13960000	12664100	11820400
413	13635300	13960500	12664600	11814100
414	13636700	13960600	12665100	11813600
415	13636100	13959800	12665200	11816600
416	13635600	13959000	12665300	11814100
417	13635900	13959500	12665100	11814800
418	13635200	13958900	12664100	11812500
419	13635300	13958800	12664600	11818800
420	13635600	13959500	12664000	11819000
421	13635200	13959000	12664100	11813100
422	13635500	13959100	12664500	11814300
423	13635300	13958900	12664200	11816600
424	13634000	13957600	12663800	11818100
425	13633700	13957600	12662000	11816200
426	13634200	13958000	12662600	11816500
427	13634800	13958700	12663200	11813700
428	13634100	13957400	12664100	11814300
429	13635000	13958700	12663100	11814100
430	13634300	13957700	12664200	11814600
431	13634100	13958000	12662400	11807200
432	13634200	13958000	12662600	11813700
433	13633600	13957500	12662200	11813000
434	13634300	13958000	12663300	11815700
435	13634400	13958100	12663000	11813500
436	13634600	13958500	12662700	11818400
437	13634100	13957600	12663800	11814300
438	13634200	13958300	12662300	11816900
439	13635500	13959400	12663400	11819000
440	13635100	13958900	12663900	11817100
441	13635200	13958600	12664800	11818900
442	13634600	13958100	12664000	11816100
443	13635300	13959300	12663500	11819000
444	13634600	13958200	12663600	11812900
445	13634600	13958500	12663300	11813500
446	13634600	13958100	12664000	11814300
447	13635300	13959200	12663400	11818800
448	13634800	13958600	12663600	11812900
449	13634700	13958100	12664300	11816100
450	13636000	13960100	12663700	11819200
451	13634600	13958300	12663700	11814800
452	13634400	13958200	12663000	11818500
453	13634700	13958500	12663200	11813600
454	13634700	13958200	12664300	11814300
455	13634700	13958500	12663100	11813400
456	13634600	13958200	12664000	11814600
457	13635300	13959300	12663200	11814100
458	13634700	13958300	12663700	11813700
459	13635400	13959500	12663500	11819200
460	13635400	13959100	12664200	11813800
461	13636000	13959700	12665000	11817800
462	13635300	13959100	12663700	11813100
463	13634700	13958200	12663900	11816700
464	13633900	13957800	12662300	11813500
465	13634500	13958500	12662600	11816400
466	13634500	13958200	12663700	11814900
467	13634000	13957800	12662600	11814000
468	13634100	13958000	12662300	11816700
469	13634600	13958600	12662600	11814000
470	13634300	13957700	12663800	11816100
471	13633800	13957800	12662000	11813000
472	13634300	13958300	12662600	11815700
473	13635300	13959100	12663400	11819000
474	13635600	13959500	12664400	11816900
475	13634700	13958300	12663700	11812700
476	13634500	13958300	12662700	11818300
477	13634100	13958200	12662300	11817800
478	13634100	13957900	12662500	11813400
479	13634100	13958100	12662300	11814200
480	13634400	13958300	12662500	11818400
481	13634400	13958300	12662900	11818500
482	13635200	13959100	12663300	11819100
483	13635000	13958600	12664200	11817000
484	13634200	13957800	12663400	11816000
485	13634300	13958200	12662500	11816000
486	13634700	13958800	12662700	11814000
487	13634300	13957900	12663400	11818700
488	13634200	13958200	12662300	11814700
489	13633400	13957200	12662000	11813100
490	13633400	13957300	12661800	11812900
491	13634200	13957900	12662600	11816200
492	13633900	13957900	12661900	11813800
493	13633900	13957800	12662300	11814100
494	13634100	13958100	12662500	11815400
495	13634500	13958400	12662700	11818300
496	13634400	13958100	12663200	11814100
497	13635300	13959300	12663300	11818900
498	13635000	13958700	12663900	11813000
499	13635200	13958700	12664600	11814600

============================================================
# BITSTREAM: 10ms_101etapas.bit
# VENTANA: 10ms
# ETAPAS_PRINCIPAL: 101
# NUM_MUESTRAS: 500
# FORMATO: idx	freq1_hz	freq2_hz	freq3_hz	freq4_hz
============================================================
idx	freq1_hz	freq2_hz	freq3_hz	freq4_hz
0	7555400	8238600	8246900	8730700
1	7556000	8239000	8247900	8730900
2	7555800	8239000	8248500	8731200
3	7555700	8239100	8247900	8730700
4	7555400	8238100	8248100	8730700
5	7555500	8238400	8247100	8730200
6	7555300	8238200	8247800	8730600
7	7555400	8238300	8247100	8730500
8	7555400	8238000	8248100	8730700
9	7555500	8238700	8247000	8730100
10	7555500	8238600	8246500	8730500
11	7555100	8238400	8246900	8730100
12	7555400	8238100	8247100	8730200
13	7555800	8239000	8248400	8731100
14	7555400	8238600	8247800	8730800
15	7555700	8238900	8247300	8730900
16	7555200	8238200	8247300	8730500
17	7555200	8238400	8247500	8730600
18	7556300	8238900	8248400	8732300
19	7555800	8239000	8248100	8731000
20	7555800	8238800	8247300	8730400
21	7554900	8238200	8247200	8730700
22	7555300	8238400	8247600	8730000
23	7555400	8238400	8247700	8730100
24	7555700	8238500	8247600	8731100
25	7555800	8238600	8247900	8730400
26	7555600	8238100	8248000	8730800
27	7555500	8238400	8247600	8730800
28	7555400	8238000	8247400	8729900
29	7555200	8238500	8245900	8730300
30	7555000	8237500	8247000	8730000
31	7555100	8238200	8246300	8730200
32	7555400	8237800	8247400	8730500
33	7555100	8238300	8245900	8730000
34	7555000	8237800	8247300	8730300
35	7555100	8238100	8247100	8730400
36	7555300	8238200	8247700	8730600
37	7555700	8238600	8247500	8730800
38	7555300	8237800	8247200	8730300
39	7554900	8237800	8247000	8729700
40	7555100	8237800	8246300	8730200
41	7555500	8238300	8247600	8730500
42	7555000	8237600	8247000	8729600
43	7555500	8238400	8246400	8730500
44	7554900	8237400	8246800	8729900
45	7555300	8237900	8247200	8730500
46	7555400	8237900	8247400	8730000
47	7555500	8238900	8246300	8730500
48	7554700	8237900	8247200	8730000
49	7554600	8237900	8247100	8729600
50	7555100	8238200	8247700	8730400
51	7555100	8238300	8247100	8730400
52	7554800	8237700	8247400	8730200
53	7555100	8238300	8245900	8730300
54	7555200	8237800	8247300	8730400
55	7554800	8237900	8246700	8730300
56	7555100	8237900	8247300	8730600
57	7554800	8237800	8246800	8730200
58	7553700	8236500	8245900	8729100
59	7553900	8236600	8246200	8729100
60	7554100	8237000	8245300	8729200
61	7554100	8236700	8246000	8728800
62	7553900	8236600	8246400	8729000
63	7553700	8236600	8245900	8729200
64	7553800	8236300	8246100	8728900
65	7554000	8236700	8245800	8729300
66	7554100	8236800	8245000	8729200
67	7554300	8237100	8245100	8729600
68	7554500	8236800	8246700	8729900
69	7554400	8237100	8246800	8729900
70	7553800	8236400	8246000	8728500
71	7554100	8236600	8246600	8728900
72	7553700	8236400	8245400	8729100
73	7554400	8237400	8246000	8729600
74	7554700	8236700	8247000	8729300
75	7554900	8237500	8246200	8730000
76	7554500	8237100	8245800	8729700
77	7554200	8236900	8245400	8729200
78	7554100	8236600	8245700	8729500
79	7554300	8237200	8245900	8729700
80	7554100	8236600	8246500	8729400
81	7554100	8237100	8246400	8729100
82	7554200	8237100	8246500	8729100
83	7554200	8237200	8246200	8729300
84	7555000	8237700	8246200	8729300
85	7555100	8238100	8246200	8730200
86	7554900	8237500	8246300	8730100
87	7554500	8237400	8246900	8729800
88	7554300	8236800	8246100	8729400
89	7554600	8237200	8246400	8730100
90	7554000	8236800	8246200	8729700
91	7554700	8237600	8246200	8730100
92	7555000	8237600	8246700	8730500
93	7554500	8237100	8247000	8730200
94	7554900	8237700	8246500	8730300
95	7554500	8237500	8246700	8729600
96	7555100	8237700	8247500	8730900
97	7554600	8236900	8246700	8729900
98	7554100	8236300	8246500	8729800
99	7553900	8236800	8245900	8728800
100	7554400	8236800	8246700	8729600
101	7555500	8238500	8247900	8731000
102	7555300	8238200	8248000	8731100
103	7554900	8238100	8247400	8730600
104	7554400	8237600	8245800	8730800
105	7554700	8237800	8246200	8730000
106	7554600	8237900	8245900	8730000
107	7554900	8237900	8247300	8730500
108	7554700	8237500	8246700	8730400
109	7555500	8238800	8248100	8730400
110	7555300	8238300	8246700	8730200
111	7555500	8238700	8247900	8731300
112	7555700	8238500	8248400	8731600
113	7555800	8238900	8248200	8731600
114	7555700	8238900	8246400	8730300
115	7554700	8237800	8246900	8730300
116	7554800	8237600	8246700	8729800
117	7555300	8238500	8247800	8730900
118	7555100	8238000	8246900	8730700
119	7555600	8238700	8247300	8730600
120	7554400	8237700	8246500	8730500
121	7554800	8238000	8246900	8730100
122	7555000	8238000	8246600	8730100
123	7554900	8238500	8246400	8730700
124	7554500	8237600	8246900	8730300
125	7555200	8238500	8247100	8730500
126	7555200	8238100	8247800	8730900
127	7555300	8238500	8247300	8730900
128	7554800	8237800	8247100	8730800
129	7555100	8238200	8247800	8730600
130	7555300	8238300	8246800	8730700
131	7554800	8238000	8246900	8730500
132	7555200	8238000	8246800	8730300
133	7554800	8237700	8247200	8730600
134	7555100	8238000	8247300	8730300
135	7554800	8238200	8246900	8730000
136	7555100	8237600	8246800	8730300
137	7554800	8237800	8247100	8730600
138	7554600	8237300	8246800	8730300
139	7554700	8237500	8246900	8730600
140	7554900	8237300	8246400	8729900
141	7554800	8237800	8247000	8730500
142	7554800	8237500	8246000	8730400
143	7554500	8237300	8246900	8729700
144	7554700	8237400	8246000	8729700
145	7554800	8237500	8246900	8729900
146	7554800	8237600	8246000	8730100
147	7554800	8237500	8247100	8729800
148	7554400	8236800	8246600	8729800
149	7554200	8237000	8245700	8729900
150	7554500	8237100	8245800	8730000
151	7554700	8237600	8245700	8729800
152	7554400	8236800	8245800	8729800
153	7554500	8237400	8245500	8729700
154	7554900	8237800	8247100	8730100
155	7555200	8237900	8247600	8729900
156	7555200	8237700	8247200	8730100
157	7554800	8237400	8246900	8729900
158	7554600	8237300	8246100	8729800
159	7554800	8237700	8246400	8730400
160	7554500	8237000	8246500	8730200
161	7554400	8237300	8246300	8729600
162	7555000	8237600	8247200	8730400
163	7554800	8238000	8247400	8730100
164	7554400	8237800	8245500	8730200
165	7554400	8237500	8246800	8729900
166	7553900	8237000	8246300	8729800
167	7554500	8237400	8246900	8730100
168	7554200	8237000	8246100	8729300
169	7554600	8237600	8246200	8730300
170	7554700	8237800	8246200	8730500
171	7554700	8237900	8245900	8730300
172	7554400	8237100	8246700	8730200
173	7555100	8238200	8247600	8731000
174	7554600	8237600	8246900	8729900
175	7554400	8237300	8246100	8729600
176	7554200	8237000	8245800	8730300
177	7554400	8237300	8245400	8730100
178	7554300	8237100	8245600	8730100
179	7553900	8236900	8245900	8729200
180	7554500	8237300	8246800	8730300
181	7554400	8237500	8246700	8730300
182	7554700	8237500	8247000	8730700
183	7554500	8237800	8246000	8730600
184	7554000	8237000	8246400	8730600
185	7554300	8237300	8246300	8729500
186	7554400	8237400	8246700	8730200
187	7554900	8237800	8247300	8730800
188	7554100	8237200	8246100	8730400
189	7554400	8237300	8246400	8730100
190	7554300	8237100	8246500	8730400
191	7554700	8237700	8246400	8730000
192	7554400	8237000	8246400	8730200
193	7554300	8237000	8246400	8730300
194	7554300	8237100	8246200	8730300
195	7554400	8237400	8245700	8729900
196	7554500	8237500	8246000	8730200
197	7554700	8237600	8247100	8729800
198	7554800	8237600	8247300	8729800
199	7553900	8237200	8245900	8730100
200	7553800	8236700	8246400	8729700
201	7553600	8236800	8246000	8729500
202	7554500	8236800	8246900	8729600
203	7554700	8237400	8246500	8729900
204	7554000	8236700	8245800	8729300
205	7554400	8237400	8245700	8729800
206	7554900	8237600	8246600	8729900
207	7554700	8237500	8246300	8730600
208	7554600	8237300	8247000	8730300
209	7555200	8238100	8246400	8730900
210	7554700	8237200	8246700	8730700
211	7555100	8237800	8247200	8731000
212	7554500	8236800	8246500	8729400
213	7554600	8237500	8246500	8729900
214	7554400	8236900	8246300	8729600
215	7554700	8237500	8247000	8730500
216	7554300	8237000	8245500	8730000
217	7554200	8237000	8246500	8729800
218	7554300	8237200	8246400	8729800
219	7554200	8237400	8246600	8730000
220	7554300	8237100	8246000	8730100
221	7554900	8237800	8247400	8730100
222	7555000	8238200	8246200	8730600
223	7554600	8238100	8246200	8730300
224	7554800	8237800	8246100	8730300
225	7554800	8238000	8246500	8730500
226	7554500	8237400	8246500	8729700
227	7554600	8237700	8246700	8730000
228	7555000	8237500	8247400	8730800
229	7554500	8237600	8245500	8730100
230	7554300	8237200	8246700	8729900
231	7554900	8238000	8247500	8730900
232	7554900	8237700	8247100	8730600
233	7554300	8237400	8247200	8730400
234	7554000	8236700	8246500	8729400
235	7554300	8237400	8246500	8729800
236	7553900	8236700	8246000	8729500
237	7554300	8237200	8246800	8729800
238	7554100	8236500	8246500	8730100
239	7554400	8237300	8246600	8730000
240	7554500	8237600	8246300	8730500
241	7554800	8237500	8247500	8730700
242	7554700	8237300	8247000	8730600
243	7554500	8237400	8246100	8730300
244	7554700	8237200	8246800	8730600
245	7555000	8238100	8247500	8730900
246	7555400	8237900	8247700	8731100
247	7556000	8238900	8248100	8731800
248	7555700	8238200	8247300	8730800
249	7555000	8238000	8247200	8731000
250	7555500	8238200	8247700	8730700
251	7555400	8238300	8247700	8731200
252	7555500	8238500	8247800	8731300
253	7555800	8239000	8247700	8731700
254	7555800	8239000	8248100	8731700
255	7555700	8238900	8247100	8730900
256	7555700	8238500	8248400	8731700
257	7555200	8238400	8247600	8731100
258	7555500	8238100	8247700	8730600
259	7555400	8238500	8247500	8731000
260	7555900	8238900	8248200	8731400
261	7555500	8238900	8246300	8731000
262	7555200	8238000	8247500	8730700
263	7555400	8238400	8247600	8730800
264	7555300	8238100	8247400	8730200
265	7555000	8238400	8246000	8730700
266	7554900	8237700	8247300	8730900
267	7555100	8238300	8247300	8731100
268	7554800	8237900	8247000	8730900
269	7555300	8238800	8246700	8731300
270	7555400	8238500	8248000	8731300
271	7555200	8238100	8247500	8731000
272	7555500	8238400	8247900	8731200
273	7555600	8238600	8248400	8731500
274	7555100	8238100	8247600	8731100
275	7554500	8237600	8246900	8729800
276	7554100	8236700	8246000	8729500
277	7554300	8237100	8246500	8729400
278	7554500	8237400	8246800	8729400
279	7554600	8237700	8246900	8730500
280	7554800	8237600	8246600	8730000
281	7554300	8237500	8245800	8730100
282	7554100	8237100	8245200	8729400
283	7554400	8236900	8247100	8730200
284	7554600	8237200	8247300	8730200
285	7553600	8236700	8245800	8729600
286	7553900	8236600	8245400	8747900
287	7554500	8237500	8246100	8729900
288	7554100	8237000	8246100	8729700
289	7554200	8237000	8246300	8729800
290	7554200	8236800	8246600	8729600
291	7553800	8236700	8245600	8729500
292	7553700	8236500	8245800	8728900
293	7553700	8236400	8245100	8729000
294	7553100	8235100	8245500	8728600
295	7553400	8236200	8245800	8728800
296	7553600	8236300	8245300	8729100
297	7553800	8236500	8245900	8728800
298	7553700	8236300	8246000	8729300
299	7554400	8236900	8246800	8729600
300	7553800	8236000	8245900	8729500
301	7553700	8236100	8246100	8729300
302	7553800	8236500	8245800	8729500
303	7553500	8236200	8245000	8729200
304	7553700	8236000	8245200	8729200
305	7553500	8235500	8246100	8729000
306	7553500	8235600	8245300	8728900
307	7553300	8235700	8245200	8728100
308	7553600	8235500	8246200	8729300
309	7554500	8237100	8245800	8729800
310	7554200	8236400	8245600	8729500
311	7553900	8236300	8245700	8728800
312	7553900	8236000	8245500	8729700
313	7553800	8235800	8246000	8729100
314	7553900	8235900	8246100	8729000
315	7553700	8236300	8245600	8729500
316	7553700	8236100	8245500	8728600
317	7553700	8236400	8246100	8728400
318	7553700	8236400	8245700	8729500
319	7553900	8236800	8245500	8729600
320	7554400	8236700	8246600	8729600
321	7554000	8237100	8245700	8729900
322	7554500	8236800	8246100	8730200
323	7554000	8236600	8245900	8729900
324	7554200	8236800	8246500	8730000
325	7554300	8236900	8246200	8729500
326	7554400	8237300	8245900	8730100
327	7553900	8236800	8246500	8729600
328	7554600	8236900	8246500	8729700
329	7553800	8236400	8245800	8729100
330	7553300	8235700	8244800	8728900
331	7554000	8236500	8246300	8729800
332	7554200	8236500	8246600	8729900
333	7554100	8236900	8245600	8730000
334	7554500	8236900	8246500	8729700
335	7554000	8236800	8246000	8729300
336	7553700	8235800	8246400	8729000
337	7553200	8235900	8245600	8729000
338	7553600	8236000	8245700	8728700
339	7554000	8236500	8246000	8729700
340	7554000	8236100	8246400	8729200
341	7554000	8236700	8246200	8729700
342	7554500	8237100	8245900	8730000
343	7554000	8236200	8246300	8729500
344	7554000	8236300	8246400	8729500
345	7553400	8236000	8245500	8729100
346	7554000	8236300	8246300	8729200
347	7553800	8236300	8246500	8729500
348	7554000	8236400	8246100	8729300
349	7554100	8236700	8246000	8729600
350	7554300	8236500	8246700	8729300
351	7554500	8237200	8247100	8730400
352	7554300	8236700	8247100	8729900
353	7553900	8236600	8246500	8729400
354	7554200	8236800	8246100	8729300
355	7554400	8237100	8246200	8730000
356	7555100	8237900	8246600	8730700
357	7554300	8236900	8245600	8730000
358	7554400	8237000	8246300	8729600
359	7554500	8237200	8246800	8730200
360	7553700	8236100	8246000	8729500
361	7554100	8236700	8246500	8729200
362	7553400	8236100	8245400	8728700
363	7553900	8236600	8245700	8729700
364	7554200	8236700	8245800	8730100
365	7554000	8236800	8245200	8729500
366	7553500	8235900	8246000	8729500
367	7553700	8236400	8246000	8728700
368	7553400	8235400	8245600	8728400
369	7553500	8235700	8245100	8728300
370	7553700	8235500	8245700	8729200
371	7553700	8236100	8245200	8729100
372	7553900	8236000	8246500	8729800
373	7553700	8236600	8245900	8729300
374	7553500	8236000	8246000	8729200
375	7553700	8236100	8246300	8728700
376	7553500	8235900	8245600	8728900
377	7553300	8236100	8245300	8728300
378	7554000	8236400	8245900	8728900
379	7553900	8236300	8246300	8729700
380	7553800	8236100	8246100	8729500
381	7554100	8236700	8246000	8729700
382	7553600	8235600	8246000	8728700
383	7553800	8236300	8246400	8728900
384	7553300	8235800	8245300	8728800
385	7553300	8236100	8245300	8728400
386	7553300	8235900	8245300	8728200
387	7553300	8236300	8245400	8728400
388	7553600	8236200	8245400	8729300
389	7553600	8236400	8245100	8729000
390	7553300	8235800	8245700	8728900
391	7553600	8236500	8245400	8729100
392	7553200	8236200	8244800	8728800
393	7553400	8236100	8245700	8728800
394	7553700	8236300	8245500	8729200
395	7553700	8236800	8246100	8729200
396	7553800	8236400	8245600	8729300
397	7553800	8236700	8245900	8728700
398	7553900	8236500	8246200	8729400
399	7554100	8237200	8245500	8729500
400	7554000	8236200	8246100	8729200
401	7553800	8236600	8245700	8729400
402	7553900	8236400	8245700	8729400
403	7553800	8236500	8245500	8729300
404	7554100	8236500	8246400	8729600
405	7554200	8236900	8246400	8730000
406	7553800	8236500	8245900	8729400
407	7553800	8236400	8246200	8729100
408	7553900	8236800	8245200	8729400
409	7554200	8236900	8246800	8729800
410	7553700	8236400	8245800	8747700
411	7554400	8237400	8245500	8729600
412	7554900	8237500	8247100	8730300
413	7554100	8236700	8246700	8729600
414	7554500	8236700	8247100	8730100
415	7554000	8236300	8246900	8729500
416	7554300	8236500	8246200	8729300
417	7553900	8236500	8245600	8729400
418	7554100	8236500	8246100	8729000
419	7554400	8236900	8246400	8729000
420	7553800	8236400	8246000	8747900
421	7554100	8236800	8246600	8729200
422	7554200	8236400	8245800	8729900
423	7553600	8236400	8245100	8729400
424	7553800	8236000	8246000	8729600
425	7553900	8235900	8246300	8729000
426	7553700	8235600	8246200	8729300
427	7554300	8236800	8245700	8729400
428	7553600	8235700	8245100	8729000
429	7553800	8235900	8246200	8729400
430	7553600	8235900	8245300	8729100
431	7553500	8236300	8245800	8728500
432	7553300	8235600	8244900	8728800
433	7553500	8236200	8245500	8728500
434	7553200	8235700	8245400	8728700
435	7553200	8235900	8245000	8728200
436	7553000	8235600	8244200	8728700
437	7553400	8236100	8245000	8729200
438	7552900	8235200	8244600	8728800
439	7553300	8236100	8245700	8729400
440	7553600	8235900	8245500	8729600
441	7554000	8236600	8246600	8729500
442	7553500	8236000	8245400	8729600
443	7553500	8236100	8245500	8729100
444	7553300	8235600	8245800	8728700
445	7553900	8236600	8245700	8729600
446	7554200	8236300	8245800	8729900
447	7553700	8236100	8245100	8729000
448	7554200	8235800	8246500	8729700
449	7554100	8236600	8246000	8729400
450	7553800	8235800	8246200	8729000
451	7554200	8236700	8245500	8729500
452	7554300	8236700	8246400	8729700
453	7553800	8236400	8245900	8729400
454	7554700	8236600	8246900	8730100
455	7555100	8237500	8246800	8730000
456	7554500	8236700	8246500	8730000
457	7554600	8237000	8246500	8733200
458	7554300	8236600	8246200	8729400
459	7554400	8237000	8246000	8729700
460	7554400	8236000	8246800	8729200
461	7553700	8235900	8245800	8729200
462	7553600	8236100	8245200	8729100
463	7553500	8235700	8246200	8729200
464	7553900	8236400	8245400	8729300
465	7553600	8236500	8245600	8729100
466	7553400	8235600	8245300	8728300
467	7553600	8236600	8245800	8728600
468	7553400	8236000	8245000	8728800
469	7553600	8236200	8245100	8728900
470	7553600	8235400	8246300	8729000
471	7553800	8236000	8246600	8729300
472	7553700	8236200	8245500	8729200
473	7554500	8237000	8247000	8729800
474	7554900	8237400	8246600	8730300
475	7554300	8237200	8246200	8729900
476	7554400	8237000	8246000	8729800
477	7554100	8236200	8246900	8729000
478	7553900	8236600	8246100	8729100
479	7553900	8236600	8246100	8729500
480	7553900	8236600	8245900	8729300
481	7553700	8236600	8246400	8729200
482	7553500	8235900	8245500	8728900
483	7554200	8237000	8246500	8729400
484	7553700	8236200	8245600	8729000
485	7554100	8236900	8246300	8729100
486	7553700	8235900	8246400	8729300
487	7553200	8236000	8245600	8729100
488	7554000	8236200	8246000	8729000
489	7554200	8236600	8246900	8729500
490	7554000	8236800	8246100	8729100
491	7554300	8237200	8246400	8729800
492	7553700	8236600	8246000	8729300
493	7554100	8236900	8246900	8729400
494	7554100	8236800	8246200	8729300
495	7554400	8237200	8245900	8729500
496	7553900	8236100	8246600	8729600
497	7553900	8236800	8245800	8729500
498	7553700	8236000	8245300	8728900
499	7554100	8236900	8246200	8729100

============================================================
# BITSTREAM: 1ms_3etapas.bit
# VENTANA: 1ms
# ETAPAS_PRINCIPAL: 3
# NUM_MUESTRAS: 500
# FORMATO: idx	freq1_hz	freq2_hz	freq3_hz	freq4_hz
============================================================
idx	freq1_hz	freq2_hz	freq3_hz	freq4_hz
0	36390000	36390000	36390000	36390000
1	36393000	36393000	36393000	36393000
2	36391000	36391000	36391000	36391000
3	36388000	36388000	36388000	36388000
4	36394000	36394000	36394000	36394000
5	36390000	36390000	36390000	36390000
6	36387000	36387000	36387000	36388000
7	36390000	36390000	36390000	36390000
8	36392000	36392000	36392000	36392000
9	36389000	36389000	36389000	36389000
10	36393000	36393000	36393000	36393000
11	36393000	36393000	36393000	36393000
12	36393000	36393000	36393000	36393000
13	36391000	36391000	36391000	36391000
14	36392000	36392000	36392000	36392000
15	36394000	36394000	36394000	36394000
16	36400000	36400000	36400000	36400000
17	36386000	36386000	36386000	36386000
18	36391000	36391000	36391000	36391000
19	36393000	36393000	36393000	36393000
20	36390000	36390000	36390000	36390000
21	36390000	36390000	36390000	36390000
22	36394000	36394000	36394000	36394000
23	36393000	36393000	36393000	36393000
24	36393000	36393000	36393000	36392000
25	36399000	36399000	36399000	36399000
26	36392000	36392000	36392000	36393000
27	36388000	36388000	36388000	36389000
28	36394000	36394000	36394000	36394000
29	36391000	36391000	36391000	36390000
30	36393000	36393000	36393000	36393000
31	36393000	36393000	36393000	36393000
32	36385000	36385000	36385000	36384000
33	36386000	36386000	36386000	36386000
34	36388000	36388000	36388000	36388000
35	36388000	36388000	36388000	36388000
36	36395000	36395000	36395000	36395000
37	36394000	36394000	36394000	36392000
38	36395000	36395000	36395000	36395000
39	36394000	36394000	36394000	36393000
40	36396000	36396000	36396000	36396000
41	36392000	36392000	36392000	36392000
42	36394000	36394000	36394000	36395000
43	36388000	36388000	36388000	36388000
44	36391000	36391000	36391000	36391000
45	36391000	36391000	36391000	36391000
46	36395000	36395000	36395000	36394000
47	36391000	36391000	36391000	36391000
48	36391000	36391000	36391000	36391000
49	36392000	36392000	36391000	36391000
50	36390000	36390000	36390000	36390000
51	36390000	36390000	36390000	36390000
52	36389000	36389000	36389000	36389000
53	36391000	36391000	36391000	36391000
54	36393000	36393000	36393000	36393000
55	36389000	36389000	36389000	36389000
56	36394000	36394000	36394000	36394000
57	36395000	36395000	36395000	36395000
58	36388000	36388000	36388000	36388000
59	36390000	36390000	36390000	36390000
60	36386000	36386000	36386000	36386000
61	36391000	36391000	36391000	36391000
62	36389000	36389000	36389000	36389000
63	36391000	36391000	36391000	36391000
64	36389000	36389000	36389000	36389000
65	36390000	36390000	36390000	36390000
66	36396000	36396000	36396000	36396000
67	36392000	36392000	36392000	36392000
68	36394000	36394000	36394000	36394000
69	36388000	36388000	36391000	36388000
70	36388000	36388000	36388000	36388000
71	36390000	36391000	36391000	36391000
72	36391000	36391000	36391000	36392000
73	36393000	36393000	36393000	36393000
74	36387000	36387000	36387000	36387000
75	36389000	36389000	36389000	36389000
76	36391000	36391000	36391000	36391000
77	36388000	36388000	36388000	36388000
78	36387000	36387000	36387000	36387000
79	36389000	36389000	36389000	36389000
80	36389000	36389000	36389000	36389000
81	36387000	36387000	36387000	36388000
82	36391000	36391000	36391000	36392000
83	36391000	36391000	36391000	36391000
84	36390000	36390000	36390000	36389000
85	36393000	36393000	36393000	36393000
86	36390000	36390000	36390000	36390000
87	36393000	36393000	36393000	36393000
88	36391000	36391000	36391000	36391000
89	36393000	36393000	36393000	36393000
90	36398000	36398000	36398000	36398000
91	36393000	36393000	36393000	36393000
92	36396000	36396000	36396000	36396000
93	36393000	36393000	36393000	36393000
94	36391000	36391000	36391000	36391000
95	36393000	36393000	36393000	36393000
96	36389000	36389000	36389000	36389000
97	36390000	36390000	36390000	36390000
98	36385000	36385000	36385000	36386000
99	36389000	36389000	36389000	36389000
100	36396000	36396000	36396000	36396000
101	36389000	36389000	36389000	36389000
102	36393000	36393000	36393000	36393000
103	36392000	36392000	36392000	36392000
104	36390000	36390000	36390000	36390000
105	36386000	36386000	36386000	36385000
106	36383000	36383000	36383000	36384000
107	36386000	36386000	36386000	36386000
108	36384000	36384000	36384000	36385000
109	36388000	36387000	36387000	36387000
110	36386000	36386000	36386000	36386000
111	36390000	36390000	36390000	36390000
112	36391000	36391000	36391000	36391000
113	36387000	36387000	36387000	36387000
114	36386000	36386000	36386000	36386000
115	36384000	36384000	36384000	36384000
116	36388000	36388000	36388000	36388000
117	36388000	36388000	36388000	36388000
118	36387000	36387000	36387000	36387000
119	36383000	36383000	36383000	36384000
120	36385000	36385000	36385000	36385000
121	36385000	36385000	36385000	36385000
122	36387000	36387000	36387000	36387000
123	36389000	36389000	36389000	36389000
124	36385000	36385000	36385000	36386000
125	36388000	36388000	36388000	36388000
126	36387000	36387000	36387000	36387000
127	36390000	36391000	36391000	36391000
128	36390000	36390000	36390000	36391000
129	36393000	36393000	36393000	36393000
130	36390000	36390000	36390000	36390000
131	36391000	36392000	36392000	36392000
132	36396000	36396000	36396000	36395000
133	36386000	36386000	36386000	36386000
134	36385000	36385000	36385000	36385000
135	36386000	36386000	36386000	36386000
136	36387000	36387000	36387000	36387000
137	36394000	36395000	36395000	36394000
138	36395000	36395000	36395000	36395000
139	36390000	36390000	36390000	36390000
140	36386000	36386000	36386000	36387000
141	36391000	36391000	36391000	36391000
142	36387000	36387000	36387000	36387000
143	36386000	36387000	36387000	36387000
144	36389000	36389000	36389000	36389000
145	36385000	36385000	36385000	36385000
146	36393000	36393000	36393000	36393000
147	36390000	36390000	36390000	36390000
148	36386000	36386000	36386000	36386000
149	36389000	36389000	36389000	36389000
150	36387000	36387000	36387000	36387000
151	36389000	36389000	36389000	36389000
152	36390000	36390000	36390000	36390000
153	36392000	36392000	36392000	36392000
154	36386000	36386000	36386000	36386000
155	36392000	36392000	36392000	36392000
156	36393000	36393000	36393000	36393000
157	36391000	36391000	36391000	36390000
158	36389000	36389000	36389000	36390000
159	36392000	36392000	36392000	36392000
160	36390000	36390000	36390000	36391000
161	36388000	36388000	36388000	36388000
162	36393000	36393000	36393000	36393000
163	36387000	36387000	36387000	36387000
164	36385000	36385000	36385000	36385000
165	36390000	36390000	36390000	36390000
166	36391000	36391000	36391000	36391000
167	36392000	36392000	36392000	36392000
168	36392000	36392000	36394000	36392000
169	36393000	36393000	36393000	36393000
170	36395000	36395000	36395000	36395000
171	36395000	36395000	36395000	36395000
172	36391000	36391000	36391000	36391000
173	36391000	36391000	36391000	36391000
174	36385000	36385000	36385000	36386000
175	36388000	36388000	36388000	36388000
176	36389000	36389000	36389000	36389000
177	36391000	36391000	36391000	36391000
178	36390000	36390000	36390000	36390000
179	36393000	36393000	36393000	36393000
180	36393000	36393000	36393000	36393000
181	36396000	36396000	36396000	36396000
182	36395000	36395000	36395000	36395000
183	36390000	36390000	36390000	36390000
184	36390000	36390000	36390000	36390000
185	36390000	36390000	36390000	36390000
186	36390000	36390000	36390000	36390000
187	36388000	36388000	36388000	36388000
188	36386000	36386000	36386000	36386000
189	36389000	36390000	36390000	36390000
190	36389000	36389000	36389000	36389000
191	36390000	36390000	36390000	36390000
192	36391000	36391000	36391000	36391000
193	36393000	36393000	36393000	36392000
194	36389000	36389000	36389000	36389000
195	36392000	36392000	36392000	36392000
196	36390000	36390000	36390000	36389000
197	36387000	36387000	36387000	36387000
198	36389000	36389000	36389000	36388000
199	36392000	36392000	36392000	36392000
200	36389000	36389000	36389000	36389000
201	36389000	36389000	36389000	36389000
202	36389000	36389000	36389000	36389000
203	36386000	36386000	36386000	36385000
204	36391000	36390000	36391000	36391000
205	36392000	36392000	36392000	36392000
206	36388000	36388000	36388000	36388000
207	36391000	36391000	36391000	36391000
208	36393000	36393000	36393000	36393000
209	36387000	36387000	36387000	36387000
210	36383000	36383000	36383000	36383000
211	36384000	36384000	36384000	36384000
212	36383000	36383000	36383000	36384000
213	36393000	36392000	36392000	36392000
214	36386000	36386000	36386000	36386000
215	36389000	36389000	36389000	36389000
216	36389000	36389000	36389000	36389000
217	36388000	36388000	36388000	36388000
218	36387000	36387000	36387000	36387000
219	36390000	36390000	36390000	36390000
220	36387000	36387000	36387000	36386000
221	36391000	36390000	36390000	36390000
222	36390000	36390000	36390000	36390000
223	36388000	36388000	36388000	36388000
224	36390000	36390000	36390000	36390000
225	36396000	36396000	36395000	36396000
226	36391000	36391000	36391000	36391000
227	36392000	36392000	36392000	36392000
228	36389000	36389000	36389000	36389000
229	36387000	36387000	36387000	36387000
230	36387000	36387000	36387000	36387000
231	36388000	36388000	36388000	36389000
232	36390000	36390000	36390000	36390000
233	36391000	36392000	36392000	36392000
234	36392000	36392000	36392000	36392000
235	36387000	36387000	36387000	36387000
236	36387000	36387000	36387000	36388000
237	36389000	36389000	36389000	36389000
238	36392000	36392000	36392000	36392000
239	36395000	36395000	36395000	36395000
240	36387000	36387000	36387000	36387000
241	36394000	36394000	36394000	36394000
242	36389000	36389000	36389000	36389000
243	36395000	36395000	36395000	36395000
244	36389000	36389000	36389000	36389000
245	36387000	36387000	36387000	36387000
246	36391000	36391000	36391000	36391000
247	36388000	36388000	36388000	36388000
248	36389000	36389000	36389000	36389000
249	36390000	36390000	36390000	36389000
250	36388000	36388000	36388000	36388000
251	36391000	36391000	36391000	36390000
252	36389000	36389000	36389000	36388000
253	36394000	36394000	36394000	36395000
254	36390000	36390000	36390000	36390000
255	36393000	36393000	36393000	36393000
256	36388000	36388000	36388000	36388000
257	36387000	36387000	36387000	36387000
258	36387000	36387000	36387000	36387000
259	36386000	36386000	36386000	36386000
260	36386000	36386000	36386000	36386000
261	36385000	36385000	36385000	36385000
262	36396000	36396000	36396000	36395000
263	36391000	36391000	36391000	36391000
264	36390000	36390000	36390000	36390000
265	36385000	36385000	36385000	36385000
266	36382000	36382000	36382000	36382000
267	36390000	36390000	36390000	36390000
268	36384000	36384000	36384000	36384000
269	36391000	36391000	36391000	36392000
270	36390000	36390000	36390000	36390000
271	36385000	36385000	36385000	36385000
272	36389000	36389000	36389000	36389000
273	36383000	36383000	36383000	36383000
274	36388000	36388000	36388000	36388000
275	36388000	36389000	36389000	36389000
276	36391000	36391000	36391000	36391000
277	36388000	36388000	36388000	36388000
278	36386000	36386000	36386000	36387000
279	36394000	36394000	36394000	36394000
280	36392000	36392000	36392000	36392000
281	36389000	36389000	36389000	36389000
282	36391000	36391000	36391000	36391000
283	36391000	36391000	36391000	36391000
284	36391000	36391000	36391000	36391000
285	36394000	36394000	36394000	36394000
286	36392000	36392000	36392000	36392000
287	36391000	36391000	36391000	36391000
288	36396000	36396000	36396000	36396000
289	36394000	36394000	36394000	36394000
290	36395000	36395000	36395000	36394000
291	36392000	36392000	36392000	36392000
292	36394000	36394000	36394000	36394000
293	36393000	36393000	36393000	36393000
294	36387000	36387000	36387000	36387000
295	36398000	36398000	36398000	36398000
296	36393000	36393000	36393000	36392000
297	36391000	36391000	36391000	36391000
298	36386000	36386000	36386000	36386000
299	36390000	36390000	36390000	36391000
300	36392000	36392000	36392000	36392000
301	36389000	36388000	36388000	36388000
302	36393000	36393000	36393000	36393000
303	36390000	36391000	36391000	36391000
304	36385000	36385000	36385000	36385000
305	36391000	36391000	36391000	36391000
306	36391000	36391000	36391000	36391000
307	36398000	36398000	36398000	36398000
308	36393000	36393000	36393000	36393000
309	36391000	36391000	36391000	36391000
310	36391000	36391000	36391000	36391000
311	36390000	36389000	36389000	36389000
312	36388000	36388000	36388000	36388000
313	36388000	36388000	36388000	36388000
314	36392000	36392000	36392000	36391000
315	36395000	36395000	36395000	36395000
316	36397000	36397000	36397000	36397000
317	36396000	36396000	36396000	36397000
318	36396000	36396000	36396000	36396000
319	36391000	36391000	36391000	36390000
320	36388000	36388000	36388000	36388000
321	36388000	36388000	36388000	36388000
322	36386000	36386000	36386000	36386000
323	36391000	36391000	36391000	36391000
324	36394000	36394000	36394000	36394000
325	36390000	36390000	36390000	36390000
326	36387000	36387000	36387000	36387000
327	36392000	36392000	36392000	36392000
328	36391000	36391000	36391000	36392000
329	36393000	36393000	36393000	36393000
330	36393000	36392000	36392000	36392000
331	36392000	36392000	36392000	36392000
332	36395000	36395000	36395000	36395000
333	36394000	36394000	36394000	36393000
334	36389000	36389000	36389000	36389000
335	36387000	36387000	36387000	36387000
336	36389000	36389000	36389000	36389000
337	36390000	36390000	36390000	36390000
338	36390000	36390000	36390000	36390000
339	36385000	36385000	36385000	36385000
340	36392000	36392000	36392000	36392000
341	36393000	36393000	36393000	36393000
342	36393000	36393000	36393000	36393000
343	36391000	36391000	36391000	36391000
344	36386000	36386000	36386000	36386000
345	36384000	36384000	36384000	36384000
346	36386000	36386000	36386000	36386000
347	36388000	36388000	36388000	36388000
348	36392000	36392000	36392000	36392000
349	36389000	36389000	36389000	36389000
350	36386000	36386000	36386000	36386000
351	36384000	36384000	36384000	36384000
352	36391000	36391000	36391000	36391000
353	36390000	36390000	36390000	36390000
354	36394000	36394000	36394000	36393000
355	36389000	36389000	36389000	36389000
356	36392000	36392000	36392000	36392000
357	36395000	36395000	36395000	36395000
358	36394000	36394000	36394000	36394000
359	36392000	36392000	36392000	36392000
360	36395000	36395000	36395000	36395000
361	36393000	36392000	36392000	36393000
362	36394000	36394000	36394000	36395000
363	36391000	36391000	36391000	36391000
364	36391000	36391000	36391000	36391000
365	36397000	36397000	36397000	36397000
366	36400000	36399000	36399000	36399000
367	36396000	36396000	36396000	36396000
368	36391000	36391000	36391000	36391000
369	36391000	36391000	36391000	36391000
370	36394000	36393000	36393000	36393000
371	36390000	36390000	36390000	36390000
372	36395000	36395000	36395000	36395000
373	36402000	36403000	36403000	36403000
374	36398000	36398000	36398000	36398000
375	36395000	36395000	36395000	36396000
376	36393000	36393000	36393000	36393000
377	36395000	36395000	36395000	36395000
378	36393000	36393000	36393000	36392000
379	36392000	36392000	36392000	36393000
380	36393000	36393000	36393000	36393000
381	36391000	36391000	36391000	36392000
382	36395000	36395000	36395000	36395000
383	36393000	36393000	36393000	36393000
384	36395000	36395000	36395000	36395000
385	36394000	36394000	36394000	36394000
386	36392000	36392000	36392000	36391000
387	36396000	36396000	36396000	36396000
388	36391000	36391000	36391000	36390000
389	36396000	36396000	36396000	36395000
390	36388000	36388000	36388000	36388000
391	36393000	36393000	36393000	36392000
392	36389000	36389000	36389000	36389000
393	36395000	36395000	36395000	36395000
394	36393000	36393000	36393000	36393000
395	36387000	36387000	36388000	36388000
396	36393000	36393000	36393000	36393000
397	36388000	36388000	36388000	36388000
398	36392000	36392000	36392000	36392000
399	36394000	36394000	36394000	36394000
400	36387000	36387000	36387000	36387000
401	36396000	36396000	36396000	36396000
402	36398000	36398000	36398000	36398000
403	36394000	36394000	36394000	36394000
404	36396000	36396000	36396000	36397000
405	36398000	36398000	36398000	36398000
406	36399000	36398000	36398000	36398000
407	36401000	36401000	36401000	36400000
408	36395000	36395000	36395000	36396000
409	36398000	36398000	36398000	36398000
410	36399000	36399000	36399000	36399000
411	36397000	36397000	36397000	36397000
412	36400000	36400000	36400000	36400000
413	36400000	36400000	36384000	36400000
414	36390000	36390000	36390000	36389000
415	36393000	36393000	36393000	36393000
416	36394000	36394000	36394000	36394000
417	36394000	36394000	36393000	36393000
418	36398000	36398000	36398000	36398000
419	36399000	36398000	36398000	36398000
420	36398000	36398000	36398000	36396000
421	36396000	36396000	36396000	36396000
422	36394000	36395000	36395000	36395000
423	36393000	36393000	36393000	36393000
424	36391000	36390000	36390000	36390000
425	36387000	36387000	36387000	36387000
426	36391000	36391000	36391000	36391000
427	36391000	36391000	36391000	36391000
428	36392000	36392000	36392000	36392000
429	36389000	36389000	36389000	36388000
430	36387000	36387000	36388000	36387000
431	36385000	36385000	36385000	36385000
432	36384000	36384000	36384000	36384000
433	36391000	36391000	36391000	36391000
434	36387000	36387000	36387000	36387000
435	36386000	36386000	36386000	36386000
436	36392000	36392000	36392000	36392000
437	36385000	36385000	36401000	36385000
438	36391000	36391000	36391000	36391000
439	36390000	36390000	36390000	36390000
440	36392000	36392000	36392000	36392000
441	36389000	36389000	36389000	36389000
442	36399000	36399000	36399000	36399000
443	36388000	36388000	36388000	36389000
444	36389000	36389000	36389000	36389000
445	36388000	36388000	36388000	36388000
446	36391000	36391000	36391000	36391000
447	36386000	36386000	36386000	36387000
448	36394000	36394000	36394000	36394000
449	36384000	36384000	36384000	36384000
450	36389000	36389000	36389000	36389000
451	36393000	36393000	36393000	36395000
452	36390000	36390000	36390000	36390000
453	36389000	36389000	36389000	36389000
454	36390000	36390000	36390000	36390000
455	36389000	36389000	36389000	36388000
456	36393000	36393000	36393000	36393000
457	36387000	36387000	36387000	36387000
458	36390000	36390000	36390000	36390000
459	36385000	36386000	36386000	36386000
460	36389000	36389000	36389000	36389000
461	36390000	36390000	36390000	36390000
462	36389000	36389000	36389000	36389000
463	36384000	36384000	36384000	36384000
464	36392000	36392000	36392000	36392000
465	36388000	36387000	36388000	36388000
466	36390000	36390000	36390000	36390000
467	36390000	36390000	36390000	36390000
468	36386000	36386000	36386000	36386000
469	36392000	36391000	36391000	36391000
470	36393000	36393000	36393000	36393000
471	36391000	36391000	36391000	36391000
472	36394000	36394000	36394000	36393000
473	36390000	36390000	36390000	36390000
474	36393000	36393000	36393000	36393000
475	36393000	36393000	36393000	36393000
476	36388000	36388000	36388000	36388000
477	36393000	36393000	36393000	36393000
478	36395000	36395000	36395000	36395000
479	36392000	36392000	36392000	36393000
480	36391000	36391000	36391000	36391000
481	36395000	36395000	36395000	36395000
482	36392000	36392000	36392000	36392000
483	36395000	36395000	36395000	36395000
484	36394000	36394000	36394000	36394000
485	36395000	36396000	36396000	36396000
486	36392000	36392000	36392000	36392000
487	36387000	36387000	36387000	36388000
488	36394000	36394000	36394000	36392000
489	36392000	36392000	36392000	36391000
490	36390000	36390000	36390000	36391000
491	36390000	36390000	36390000	36390000
492	36396000	36396000	36396000	36396000
493	36393000	36393000	36393000	36393000
494	36390000	36390000	36390000	36390000
495	36398000	36398000	36398000	36398000
496	36393000	36393000	36393000	36393000
497	36395000	36395000	36395000	36395000
498	36393000	36393000	36393000	36393000
499	36393000	36393000	36393000	36393000

============================================================
# BITSTREAM: 1ms_5etapas.bit
# VENTANA: 1ms
# ETAPAS_PRINCIPAL: 5
# NUM_MUESTRAS: 500
# FORMATO: idx	freq1_hz	freq2_hz	freq3_hz	freq4_hz
============================================================
idx	freq1_hz	freq2_hz	freq3_hz	freq4_hz
0	4873000	34873000	34873000	34873000
1	34868000	34868000	34868000	34868000
2	34870000	34870000	34870000	34870000
3	34864000	34864000	34864000	34864000
4	34865000	34865000	34865000	34865000
5	34865000	34865000	34865000	34865000
6	34870000	34870000	34870000	34870000
7	34864000	34864000	34864000	34864000
8	34865000	34864000	34865000	34865000
9	34870000	34870000	34870000	34870000
10	34873000	34873000	34873000	34873000
11	34870000	34870000	34870000	34870000
12	34865000	34865000	34865000	34865000
13	34866000	34866000	34866000	34866000
14	34867000	34868000	34867000	34867000
15	34873000	34873000	34873000	34873000
16	34879000	34863000	34863000	34864000
17	34868000	34868000	34868000	34868000
18	34868000	34869000	34868000	34868000
19	34866000	34867000	34866000	34866000
20	34865000	34865000	34865000	34865000
21	34872000	34872000	34872000	34872000
22	34871000	34871000	34871000	34871000
23	34872000	34872000	34872000	34872000
24	34868000	34868000	34868000	34868000
25	34867000	34867000	34867000	34867000
26	34862000	34863000	34863000	34862000
27	34868000	34868000	34868000	34867000
28	34869000	34869000	34869000	34869000
29	34865000	34865000	34865000	34865000
30	34866000	34865000	34866000	34866000
31	34872000	34872000	34872000	34872000
32	34871000	34871000	34871000	34871000
33	34870000	34870000	34870000	34870000
34	34866000	34866000	34866000	34866000
35	34868000	34868000	34868000	34868000
36	34872000	34872000	34872000	34872000
37	34867000	34867000	34867000	34867000
38	34872000	34871000	34872000	34872000
39	34872000	34871000	34872000	34872000
40	34871000	34871000	34871000	34871000
41	34871000	34872000	34871000	34871000
42	34870000	34869000	34870000	34870000
43	34865000	34865000	34865000	34865000
44	34873000	34873000	34873000	34873000
45	34875000	34875000	34875000	34876000
46	34869000	34869000	34869000	34869000
47	34865000	34865000	34865000	34865000
48	34864000	34864000	34864000	34864000
49	34864000	34864000	34864000	34864000
50	34865000	34864000	34865000	34864000
51	34867000	34867000	34867000	34867000
52	34867000	34867000	34867000	34868000
53	34866000	34867000	34866000	34866000
54	34866000	34867000	34866000	34866000
55	34866000	34866000	34866000	34866000
56	34870000	34870000	34870000	34870000
57	34870000	34870000	34870000	34870000
58	34868000	34868000	34868000	34868000
59	34867000	34867000	34867000	34867000
60	34865000	34866000	34865000	34865000
61	34864000	34864000	34864000	34864000
62	34861000	34861000	34861000	34861000
63	34866000	34866000	34866000	34867000
64	34866000	34865000	34865000	34866000
65	34868000	34868000	34868000	34868000
66	34873000	34873000	34873000	34873000
67	34868000	34869000	34868000	34868000
68	34868000	34867000	34868000	34868000
69	34867000	34867000	34867000	34866000
70	34865000	34865000	34865000	34865000
71	34869000	34869000	34869000	34870000
72	34864000	34864000	34864000	34864000
73	34862000	34862000	34862000	34862000
74	34865000	34865000	34865000	34866000
75	34867000	34867000	34866000	34867000
76	34867000	34867000	34867000	34867000
77	34864000	34864000	34864000	34864000
78	34872000	34872000	34872000	34872000
79	34870000	34870000	34870000	34870000
80	34865000	34865000	34865000	34865000
81	34868000	34868000	34868000	34867000
82	34870000	34870000	34870000	34870000
83	34864000	34865000	34864000	34864000
84	34862000	34862000	34862000	34862000
85	34866000	34866000	34866000	34866000
86	34868000	34868000	34868000	34868000
87	34863000	34863000	34863000	34863000
88	34863000	34863000	34863000	34863000
89	34862000	34862000	34862000	34862000
90	34864000	34864000	34864000	34865000
91	34869000	34869000	34869000	34869000
92	34865000	34865000	34865000	34865000
93	34872000	34872000	34872000	34872000
94	34874000	34874000	34874000	34874000
95	34866000	34866000	34866000	34865000
96	34864000	34864000	34864000	34864000
97	34864000	34864000	34864000	34864000
98	34866000	34865000	34866000	34866000
99	34865000	34866000	34865000	34865000
100	34861000	34861000	34861000	34861000
101	34864000	34864000	34864000	34864000
102	34869000	34869000	34869000	34869000
103	34864000	34864000	34864000	34864000
104	34871000	34871000	34871000	34871000
105	34868000	34868000	34868000	34868000
106	34865000	34865000	34865000	34865000
107	34870000	34870000	34870000	34869000
108	34863000	34863000	34863000	34863000
109	34863000	34863000	34863000	34863000
110	34867000	34867000	34867000	34867000
111	34866000	34866000	34866000	34866000
112	34866000	34866000	34866000	34866000
113	34873000	34873000	34873000	34873000
114	34868000	34868000	34868000	34868000
115	34868000	34868000	34868000	34868000
116	34871000	34871000	34871000	34871000
117	34865000	34865000	34865000	34865000
118	34869000	34869000	34869000	34869000
119	34871000	34871000	34871000	34871000
120	34868000	34869000	34868000	34868000
121	34877000	34877000	34877000	34877000
122	34872000	34872000	34872000	34872000
123	34869000	34869000	34869000	34869000
124	34867000	34867000	34867000	34867000
125	34871000	34871000	34871000	34871000
126	34869000	34869000	34869000	34869000
127	34868000	34868000	34868000	34868000
128	34874000	34874000	34874000	34874000
129	34876000	34875000	34876000	34876000
130	34870000	34870000	34870000	34870000
131	34874000	34873000	34874000	34874000
132	34870000	34870000	34870000	34870000
133	34869000	34869000	34869000	34869000
134	34870000	34870000	34870000	34870000
135	34871000	34871000	34871000	34871000
136	34861000	34861000	34861000	34861000
137	34866000	34866000	34866000	34866000
138	34871000	34871000	34871000	34871000
139	34864000	34864000	34864000	34864000
140	34874000	34874000	34874000	34874000
141	34873000	34873000	34873000	34873000
142	34877000	34877000	34877000	34877000
143	34878000	34878000	34878000	34878000
144	34871000	34871000	34871000	34871000
145	34873000	34872000	34873000	34873000
146	34869000	34870000	34869000	34869000
147	34876000	34876000	34876000	34876000
148	34870000	34870000	34870000	34870000
149	34871000	34871000	34871000	34871000
150	34870000	34870000	34870000	34870000
151	34870000	34870000	34870000	34870000
152	34873000	34873000	34873000	34873000
153	34872000	34872000	34872000	34872000
154	34872000	34872000	34872000	34872000
155	34873000	34873000	34873000	34873000
156	34867000	34867000	34867000	34867000
157	34869000	34869000	34869000	34870000
158	34870000	34870000	34870000	34871000
159	34870000	34870000	34870000	34870000
160	34872000	34872000	34872000	34872000
161	34868000	34869000	34869000	34868000
162	34869000	34869000	34869000	34869000
163	34870000	34870000	34870000	34870000
164	34869000	34869000	34869000	34869000
165	34871000	34871000	34871000	34871000
166	34872000	34872000	34872000	34872000
167	34873000	34873000	34873000	34873000
168	34874000	34874000	34874000	34874000
169	34876000	34875000	34876000	34876000
170	34877000	34877000	34877000	34878000
171	34878000	34879000	34878000	34878000
172	34874000	34874000	34874000	34874000
173	34871000	34871000	34871000	34871000
174	34872000	34872000	34872000	34871000
175	34866000	34866000	34866000	34866000
176	34873000	34873000	34873000	34873000
177	34877000	34878000	34877000	34877000
178	34873000	34873000	34873000	34873000
179	34872000	34873000	34872000	34872000
180	34873000	34873000	34873000	34873000
181	34873000	34874000	34874000	34873000
182	34872000	34872000	34872000	34872000
183	34877000	34877000	34877000	34877000
184	34875000	34874000	34875000	34875000
185	34878000	34878000	34878000	34878000
186	34873000	34873000	34873000	34873000
187	34872000	34872000	34872000	34872000
188	34874000	34873000	34874000	34873000
189	34870000	34870000	34870000	34870000
190	34878000	34878000	34878000	34878000
191	34879000	34879000	34879000	34878000
192	34879000	34879000	34879000	34879000
193	34877000	34877000	34877000	34877000
194	34874000	34874000	34874000	34874000
195	34879000	34880000	34880000	34879000
196	34878000	34878000	34878000	34878000
197	34877000	34877000	34877000	34876000
198	34877000	34876000	34877000	34877000
199	34883000	34883000	34883000	34883000
200	34877000	34877000	34877000	34877000
201	34875000	34875000	34875000	34875000
202	34879000	34879000	34879000	34879000
203	34883000	34883000	34883000	34883000
204	34872000	34872000	34872000	34872000
205	34874000	34874000	34874000	34874000
206	34872000	34872000	34872000	34872000
207	34875000	34875000	34875000	34875000
208	34874000	34874000	34874000	34874000
209	34872000	34872000	34872000	34872000
210	34870000	34871000	34870000	34870000
211	34869000	34869000	34869000	34869000
212	34875000	34876000	34875000	34875000
213	34874000	34874000	34874000	34874000
214	34872000	34872000	34872000	34872000
215	34873000	34873000	34873000	34873000
216	34869000	34869000	34869000	34869000
217	34871000	34871000	34872000	34871000
218	34872000	34872000	34872000	34872000
219	34873000	34873000	34873000	34873000
220	34872000	34873000	34873000	34873000
221	34870000	34870000	34870000	34870000
222	34878000	34878000	34878000	34878000
223	34872000	34872000	34872000	34872000
224	34867000	34867000	34867000	34867000
225	34869000	34868000	34869000	34869000
226	34869000	34870000	34870000	34869000
227	34868000	34868000	34868000	34868000
228	34872000	34871000	34872000	34872000
229	34872000	34872000	34872000	34872000
230	34869000	34869000	34869000	34869000
231	34870000	34870000	34870000	34870000
232	34874000	34874000	34874000	34874000
233	34868000	34868000	34868000	34868000
234	34865000	34865000	34865000	34865000
235	34868000	34867000	34868000	34868000
236	34865000	34865000	34865000	34865000
237	34869000	34869000	34869000	34869000
238	34871000	34871000	34871000	34871000
239	34868000	34868000	34868000	34868000
240	34872000	34872000	34872000	34872000
241	34876000	34876000	34876000	34876000
242	34874000	34874000	34874000	34874000
243	34866000	34866000	34866000	34866000
244	34875000	34874000	34875000	34875000
245	34873000	34873000	34873000	34872000
246	34874000	34874000	34874000	34874000
247	34870000	34870000	34870000	34870000
248	34872000	34872000	34872000	34872000
249	34874000	34873000	34874000	34874000
250	34874000	34874000	34874000	34874000
251	34873000	34872000	34873000	34873000
252	34878000	34878000	34878000	34878000
253	34872000	34873000	34872000	34872000
254	34871000	34871000	34871000	34871000
255	34867000	34867000	34867000	34867000
256	34867000	34867000	34867000	34867000
257	34873000	34873000	34873000	34873000
258	34870000	34870000	34870000	34870000
259	34872000	34872000	34872000	34871000
260	34873000	34873000	34873000	34873000
261	34871000	34871000	34871000	34872000
262	34871000	34871000	34871000	34871000
263	34870000	34870000	34870000	34870000
264	34872000	34872000	34872000	34872000
265	34872000	34872000	34872000	34872000
266	34870000	34870000	34870000	34870000
267	34864000	34863000	34864000	34864000
268	34864000	34865000	34864000	34864000
269	34872000	34873000	34872000	34872000
270	34865000	34865000	34865000	34865000
271	34866000	34866000	34866000	34866000
272	34868000	34868000	34868000	34868000
273	34869000	34869000	34869000	34869000
274	34872000	34872000	34872000	34872000
275	34869000	34869000	34869000	34869000
276	34868000	34868000	34868000	34868000
277	34864000	34864000	34864000	34864000
278	34870000	34870000	34870000	34870000
279	34873000	34873000	34873000	34873000
280	34875000	34876000	34875000	34875000
281	34875000	34875000	34875000	34875000
282	34877000	34877000	34877000	34877000
283	34878000	34878000	34878000	34878000
284	34876000	34877000	34876000	34876000
285	34873000	34873000	34873000	34873000
286	34874000	34874000	34874000	34874000
287	34873000	34873000	34873000	34873000
288	34870000	34869000	34869000	34870000
289	34877000	34877000	34877000	34877000
290	34872000	34873000	34872000	34873000
291	34870000	34870000	34870000	34870000
292	34870000	34870000	34870000	34870000
293	34878000	34879000	34878000	34878000
294	34877000	34877000	34877000	34877000
295	34879000	34879000	34879000	34879000
296	34873000	34873000	34873000	34873000
297	34877000	34877000	34877000	34877000
298	34875000	34875000	34875000	34875000
299	34874000	34874000	34874000	34874000
300	34877000	34876000	34877000	34877000
301	34874000	34874000	34874000	34874000
302	34876000	34876000	34876000	34876000
303	34881000	34881000	34881000	34881000
304	34878000	34878000	34878000	34878000
305	34883000	34883000	34883000	34883000
306	34883000	34882000	34883000	34883000
307	34877000	34878000	34877000	34877000
308	34878000	34878000	34878000	34878000
309	34880000	34880000	34880000	34880000
310	34877000	34877000	34877000	34877000
311	34879000	34879000	34879000	34879000
312	34881000	34881000	34881000	34881000
313	34876000	34876000	34876000	34876000
314	34876000	34876000	34876000	34876000
315	34881000	34881000	34881000	34881000
316	34880000	34881000	34881000	34880000
317	34878000	34878000	34878000	34878000
318	34881000	34881000	34881000	34881000
319	34881000	34881000	34881000	34881000
320	34878000	34877000	34878000	34878000
321	34874000	34874000	34874000	34874000
322	34876000	34876000	34876000	34876000
323	34880000	34879000	34880000	34880000
324	34877000	34877000	34877000	34877000
325	34878000	34878000	34878000	34878000
326	34877000	34877000	34877000	34877000
327	34877000	34877000	34877000	34877000
328	34879000	34880000	34879000	34879000
329	34879000	34879000	34879000	34879000
330	34883000	34884000	34883000	34883000
331	34886000	34886000	34886000	34886000
332	34881000	34881000	34881000	34881000
333	34883000	34882000	34882000	34883000
334	34878000	34878000	34878000	34878000
335	34876000	34876000	34876000	34876000
336	34875000	34875000	34875000	34875000
337	34881000	34881000	34881000	34881000
338	34875000	34875000	34875000	34875000
339	34881000	34881000	34881000	34881000
340	34877000	34877000	34877000	34877000
341	34878000	34879000	34878000	34878000
342	34880000	34880000	34880000	34881000
343	34880000	34879000	34879000	34880000
344	34876000	34877000	34876000	34876000
345	34881000	34881000	34881000	34881000
346	34875000	34875000	34875000	34875000
347	34877000	34877000	34877000	34876000
348	34877000	34877000	34877000	34876000
349	34876000	34876000	34876000	34876000
350	34873000	34873000	34873000	34873000
351	34872000	34871000	34872000	34872000
352	34875000	34874000	34875000	34875000
353	34878000	34878000	34878000	34878000
354	34880000	34880000	34880000	34880000
355	34881000	34881000	34881000	34881000
356	34878000	34877000	34878000	34878000
357	34880000	34880000	34880000	34880000
358	34881000	34881000	34881000	34882000
359	34879000	34879000	34879000	34879000
360	34880000	34880000	34880000	34880000
361	34880000	34880000	34880000	34880000
362	34884000	34884000	34884000	34884000
363	34882000	34883000	34882000	34882000
364	34879000	34879000	34879000	34879000
365	34881000	34881000	34881000	34881000
366	34881000	34881000	34881000	34881000
367	34888000	34888000	34888000	34888000
368	34882000	34882000	34882000	34882000
369	34882000	34882000	34882000	34882000
370	34883000	34883000	34883000	34883000
371	34882000	34881000	34882000	34882000
372	34886000	34886000	34886000	34886000
373	34883000	34883000	34883000	34883000
374	34886000	34887000	34886000	34886000
375	34886000	34885000	34886000	34886000
376	34885000	34885000	34885000	34885000
377	34883000	34883000	34883000	34883000
378	34886000	34886000	34886000	34886000
379	34885000	34884000	34885000	34885000
380	34876000	34876000	34876000	34876000
381	34879000	34879000	34879000	34879000
382	34877000	34877000	34877000	34877000
383	34883000	34883000	34883000	34883000
384	34880000	34880000	34880000	34880000
385	34880000	34880000	34880000	34880000
386	34875000	34875000	34875000	34875000
387	34879000	34879000	34879000	34879000
388	34873000	34874000	34873000	34873000
389	34879000	34879000	34879000	34879000
390	34875000	34875000	34875000	34875000
391	34870000	34870000	34870000	34870000
392	34880000	34879000	34879000	34879000
393	34875000	34874000	34874000	34875000
394	34876000	34876000	34876000	34876000
395	34879000	34879000	34879000	34879000
396	34880000	34880000	34880000	34880000
397	34876000	34876000	34876000	34876000
398	34878000	34878000	34878000	34879000
399	34879000	34879000	34879000	34879000
400	34881000	34881000	34881000	34881000
401	34877000	34877000	34877000	34877000
402	34880000	34880000	34880000	34880000
403	34883000	34883000	34883000	34883000
404	34879000	34879000	34879000	34880000
405	34878000	34878000	34878000	34878000
406	34877000	34877000	34877000	34877000
407	34879000	34879000	34879000	34879000
408	34876000	34876000	34876000	34877000
409	34880000	34879000	34880000	34880000
410	34877000	34876000	34877000	34877000
411	34875000	34875000	34875000	34875000
412	34880000	34880000	34880000	34880000
413	34885000	34885000	34885000	34884000
414	34878000	34878000	34878000	34878000
415	34882000	34881000	34881000	34881000
416	34880000	34881000	34880000	34880000
417	34885000	34885000	34885000	34885000
418	34883000	34883000	34883000	34882000
419	34878000	34878000	34878000	34878000
420	34876000	34876000	34876000	34876000
421	34880000	34880000	34880000	34880000
422	34878000	34879000	34879000	34878000
423	34877000	34877000	34877000	34877000
424	34875000	34875000	34875000	34875000
425	34873000	34873000	34873000	34873000
426	34875000	34875000	34875000	34875000
427	34878000	34878000	34878000	34878000
428	34879000	34880000	34879000	34879000
429	34882000	34882000	34882000	34882000
430	34885000	34885000	34885000	34885000
431	34879000	34878000	34879000	34879000
432	34879000	34879000	34879000	34878000
433	34877000	34877000	34877000	34877000
434	34873000	34873000	34873000	34873000
435	34877000	34877000	34877000	34877000
436	34878000	34878000	34878000	34878000
437	34875000	34875000	34875000	34876000
438	34875000	34876000	34875000	34875000
439	34876000	34876000	34876000	34876000
440	34872000	34872000	34872000	34872000
441	34872000	34872000	34872000	34872000
442	34876000	34876000	34876000	34876000
443	34874000	34874000	34874000	34874000
444	34872000	34872000	34872000	34872000
445	34875000	34874000	34875000	34875000
446	34871000	34871000	34871000	34871000
447	34871000	34871000	34871000	34871000
448	34871000	34871000	34871000	34871000
449	34875000	34875000	34875000	34875000
450	34875000	34875000	34875000	34875000
451	34874000	34874000	34874000	34874000
452	34870000	34869000	34870000	34870000
453	34872000	34872000	34872000	34872000
454	34875000	34875000	34875000	34875000
455	34878000	34878000	34878000	34877000
456	34873000	34873000	34873000	34873000
457	34883000	34883000	34883000	34883000
458	34878000	34878000	34877000	34878000
459	34882000	34882000	34882000	34882000
460	34876000	34876000	34876000	34876000
461	34875000	34875000	34875000	34875000
462	34873000	34873000	34873000	34873000
463	34880000	34880000	34880000	34880000
464	34875000	34875000	34875000	34875000
465	34874000	34874000	34874000	34874000
466	34874000	34874000	34874000	34874000
467	34879000	34879000	34879000	34879000
468	34875000	34876000	34876000	34875000
469	34880000	34880000	34880000	34880000
470	34879000	34879000	34879000	34880000
471	34879000	34879000	34879000	34879000
472	34882000	34882000	34882000	34882000
473	34882000	34882000	34882000	34882000
474	34882000	34882000	34882000	34882000
475	34876000	34877000	34876000	34876000
476	34881000	34881000	34881000	34881000
477	34875000	34875000	34875000	34875000
478	34875000	34875000	34875000	34874000
479	34877000	34877000	34877000	34877000
480	34876000	34876000	34875000	34876000
481	34876000	34876000	34876000	34876000
482	34879000	34879000	34879000	34879000
483	34876000	34875000	34876000	34876000
484	34875000	34875000	34875000	34875000
485	34876000	34876000	34876000	34876000
486	34879000	34879000	34879000	34879000
487	34874000	34874000	34874000	34874000
488	34878000	34878000	34878000	34878000
489	34881000	34881000	34881000	34881000
490	34877000	34877000	34877000	34877000
491	34873000	34873000	34873000	34874000
492	34874000	34874000	34874000	34875000
493	34877000	34876000	34877000	34877000
494	34875000	34875000	34875000	34874000
495	34876000	34876000	34876000	34876000
496	34881000	34881000	34881000	34881000
497	34874000	34875000	34874000	34874000
498	34876000	34876000	34876000	34876000
499	34876000	34876000	34876000	34876000

============================================================
# BITSTREAM: 1ms_51etapas.bit
# VENTANA: 1ms
# ETAPAS_PRINCIPAL: 51
# NUM_MUESTRAS: 500
# FORMATO: idx	freq1_hz	freq2_hz	freq3_hz	freq4_hz
============================================================
idx	freq1_hz	freq2_hz	freq3_hz	freq4_hz
0	12544000	12899000	13118000	13402000
1	12544000	12899000	13119000	13403000
2	12547000	12905000	13120000	13405000
3	12546000	12904000	13119000	13402000
4	12545000	12899000	13118000	13404000
5	12547000	12901000	13122000	13406000
6	12544000	12897000	13119000	13404000
7	12545000	12899000	13119000	13404000
8	12544000	12903000	13120000	13402000
9	12547000	12905000	13121000	13407000
10	12545000	12901000	13122000	13404000
11	12545000	12900000	13122000	13406000
12	12545000	12903000	13120000	13405000
13	12545000	12899000	13121000	13405000
14	12547000	12900000	13120000	13405000
15	12546000	12900000	13120000	13403000
16	12547000	12904000	13121000	13405000
17	12545000	12899000	13122000	13405000
18	12545000	12899000	13120000	13405000
19	12544000	12899000	13121000	13405000
20	12544000	12897000	13119000	13403000
21	12546000	12903000	13119000	13404000
22	12544000	12897000	13117000	13405000
23	12544000	12899000	13118000	13402000
24	12544000	12903000	13121000	13403000
25	12545000	12901000	13120000	13405000
26	12547000	12901000	13120000	13405000
27	12545000	12901000	13120000	13404000
28	12545000	12899000	13122000	13405000
29	12546000	12899000	13119000	13405000
30	12547000	12904000	13122000	13406000
31	12546000	12901000	13121000	13404000
32	12544000	12897000	13119000	13405000
33	12546000	12904000	13120000	13405000
34	12545000	12900000	13119000	13406000
35	12547000	12906000	13121000	13406000
36	12548000	12906000	13121000	13406000
37	12546000	12904000	13120000	13404000
38	12547000	12900000	13119000	13406000
39	12546000	12900000	13119000	13407000
40	12546000	12903000	13120000	13406000
41	12546000	12903000	13119000	13404000
42	12545000	12899000	13120000	13405000
43	12545000	12899000	13122000	13406000
44	12546000	12898000	13121000	13408000
45	12546000	12900000	13120000	13405000
46	12545000	12898000	13120000	13406000
47	12545000	12900000	13120000	13403000
48	12546000	12904000	13121000	13406000
49	12545000	12904000	13120000	13405000
50	12544000	12903000	13119000	13404000
51	12547000	12899000	13121000	13406000
52	12546000	12900000	13120000	13405000
53	12545000	12903000	13119000	13404000
54	12547000	12900000	13122000	13407000
55	12543000	12899000	13118000	13405000
56	12545000	12901000	13120000	13405000
57	12545000	12899000	13119000	13405000
58	12545000	12897000	13120000	13407000
59	12545000	12899000	13121000	13408000
60	12546000	12904000	13121000	13404000
61	12547000	12902000	13119000	13405000
62	12545000	12899000	13122000	13406000
63	12545000	12904000	13120000	13403000
64	12545000	12899000	13119000	13407000
65	12544000	12899000	13118000	13403000
66	12548000	12902000	13121000	13405000
67	12545000	12899000	13121000	13405000
68	12545000	12899000	13119000	13405000
69	12546000	12899000	13118000	13405000
70	12545000	12899000	13119000	13404000
71	12545000	12893000	13120000	13406000
72	12544000	12898000	13122000	13408000
73	12545000	12900000	13121000	13404000
74	12546000	12899000	13121000	13405000
75	12547000	12905000	13122000	13406000
76	12546000	12899000	13119000	13406000
77	12545000	12901000	13120000	13405000
78	12547000	12901000	13119000	13406000
79	12545000	12901000	13122000	13406000
80	12545000	12897000	13121000	13407000
81	12545000	12900000	13122000	13405000
82	12545000	12902000	13118000	13404000
83	12543000	12898000	13118000	13403000
84	12543000	12898000	13117000	13402000
85	12543000	12896000	13119000	13404000
86	12545000	12901000	13121000	13405000
87	12545000	12899000	13120000	13405000
88	12544000	12904000	13119000	13403000
89	12544000	12902000	13119000	13402000
90	12545000	12901000	13119000	13404000
91	12544000	12900000	13120000	13405000
92	12544000	12899000	13118000	13403000
93	12545000	12898000	13119000	13403000
94	12544000	12896000	13119000	13405000
95	12544000	12898000	13121000	13404000
96	12545000	12902000	13118000	13403000
97	12545000	12899000	13121000	13406000
98	12546000	12902000	13121000	13406000
99	12545000	12900000	13119000	13405000
100	12545000	12899000	13118000	13406000
101	12547000	12905000	13122000	13405000
102	12546000	12903000	13122000	13405000
103	12547000	12906000	13121000	13404000
104	12547000	12904000	13120000	13406000
105	12546000	12900000	13118000	13405000
106	12546000	12900000	13119000	13405000
107	12545000	12900000	13120000	13406000
108	12544000	12900000	13119000	13403000
109	12548000	12901000	13121000	13408000
110	12544000	12899000	13119000	13405000
111	12546000	12900000	13121000	13407000
112	12546000	12900000	13118000	13405000
113	12544000	12899000	13121000	13406000
114	12543000	12897000	13118000	13404000
115	12544000	12899000	13118000	13405000
116	12545000	12898000	13121000	13405000
117	12544000	12900000	13118000	13402000
118	12545000	12903000	13119000	13404000
119	12545000	12899000	13120000	13406000
120	12545000	12903000	13121000	13404000
121	12546000	12900000	13120000	13407000
122	12544000	12898000	13120000	13405000
123	12545000	12900000	13120000	13404000
124	12547000	12902000	13121000	13406000
125	12547000	12904000	13122000	13405000
126	12545000	12905000	13120000	13404000
127	12545000	12903000	13121000	13404000
128	12546000	12904000	13121000	13405000
129	12546000	12905000	13121000	13404000
130	12545000	12902000	13120000	13404000
131	12545000	12903000	13120000	13404000
132	12547000	12904000	13120000	13405000
133	12545000	12898000	13120000	13407000
134	12544000	12897000	13120000	13405000
135	12544000	12899000	13117000	13403000
136	12545000	12899000	13119000	13405000
137	12546000	12905000	13118000	13404000
138	12546000	12903000	13120000	13405000
139	12545000	12899000	13121000	13405000
140	12543000	12899000	13118000	13404000
141	12544000	12900000	13118000	13404000
142	12544000	12898000	13117000	13406000
143	12545000	12900000	13120000	13405000
144	12545000	12899000	13118000	13404000
145	12547000	12904000	13119000	13405000
146	12546000	12900000	13119000	13406000
147	12547000	12902000	13122000	13406000
148	12548000	12906000	13120000	13406000
149	12546000	12901000	13122000	13406000
150	12546000	12905000	13120000	13404000
151	12545000	12900000	13123000	13404000
152	12544000	12898000	13119000	13406000
153	12546000	12902000	13121000	13405000
154	12546000	12905000	13121000	13404000
155	12546000	12900000	13119000	13404000
156	12546000	12900000	13120000	13406000
157	12545000	12901000	13120000	13404000
158	12546000	12900000	13119000	13403000
159	12545000	12899000	13121000	13406000
160	12545000	12903000	13119000	13403000
161	12546000	12900000	13120000	13406000
162	12546000	12899000	13119000	13406000
163	12545000	12900000	13120000	13403000
164	12544000	12899000	13122000	13407000
165	12546000	12900000	13119000	13404000
166	12546000	12900000	13121000	13405000
167	12546000	12901000	13121000	13404000
168	12544000	12898000	13119000	13405000
169	12546000	12899000	13120000	13406000
170	12545000	12900000	13119000	13406000
171	12544000	12901000	13118000	13402000
172	12545000	12898000	13120000	13405000
173	12546000	12900000	13119000	13405000
174	12546000	12903000	13119000	13405000
175	12544000	12900000	13120000	13404000
176	12545000	12900000	13121000	13405000
177	12544000	12897000	13118000	13404000
178	12544000	12898000	13120000	13406000
179	12545000	12899000	13119000	13405000
180	12544000	12898000	13118000	13405000
181	12545000	12898000	13119000	13404000
182	12545000	12899000	13118000	13403000
183	12545000	12898000	13119000	13404000
184	12544000	12898000	13120000	13406000
185	12546000	12901000	13120000	13404000
186	12545000	12899000	13120000	13404000
187	12544000	12896000	13120000	13406000
188	12545000	12900000	13122000	13405000
189	12544000	12899000	13119000	13402000
190	12543000	12897000	13118000	13403000
191	12543000	12898000	13122000	13404000
192	12546000	12902000	13119000	13405000
193	12545000	12898000	13119000	13404000
194	12543000	12897000	13120000	13405000
195	12544000	12898000	13121000	13405000
196	12544000	12898000	13120000	13403000
197	12544000	12898000	13123000	13405000
198	12544000	12898000	13119000	13404000
199	12545000	12899000	13120000	13405000
200	12545000	12899000	13119000	13404000
201	12545000	12903000	13120000	13403000
202	12546000	12900000	13120000	13405000
203	12545000	12900000	13120000	13404000
204	12546000	12903000	13121000	13404000
205	12546000	12901000	13120000	13405000
206	12544000	12899000	13121000	13404000
207	12547000	12905000	13119000	13405000
208	12546000	12903000	13118000	13404000
209	12545000	12900000	13119000	13405000
210	12545000	12898000	13120000	13405000
211	12544000	12896000	13120000	13407000
212	12545000	12900000	13119000	13403000
213	12544000	12900000	13120000	13404000
214	12545000	12899000	13121000	13403000
215	12544000	12898000	13120000	13405000
216	12544000	12898000	13118000	13402000
217	12544000	12898000	13119000	13404000
218	12543000	12896000	13119000	13406000
219	12543000	12898000	13121000	13403000
220	12544000	12898000	13120000	13405000
221	12544000	12899000	13120000	13404000
222	12546000	12898000	13118000	13406000
223	12545000	12899000	13118000	13404000
224	12545000	12899000	13119000	13404000
225	12545000	12897000	13122000	13407000
226	12544000	12899000	13119000	13404000
227	12544000	12899000	13120000	13404000
228	12544000	12898000	13120000	13404000
229	12545000	12898000	13119000	13404000
230	12544000	12898000	13122000	13406000
231	12545000	12899000	13121000	13405000
232	12545000	12899000	13121000	13407000
233	12545000	12902000	13122000	13404000
234	12545000	12899000	13121000	13405000
235	12546000	12900000	13122000	13405000
236	12544000	12897000	13119000	13404000
237	12547000	12901000	13120000	13407000
238	12545000	12904000	13119000	13404000
239	12545000	12899000	13122000	13404000
240	12548000	12903000	13122000	13407000
241	12545000	12903000	13121000	13405000
242	12547000	12901000	13121000	13406000
243	12546000	12900000	13119000	13406000
244	12546000	12903000	13121000	13404000
245	12547000	12901000	13120000	13403000
246	12547000	12905000	13121000	13405000
247	12545000	12902000	13121000	13405000
248	12546000	12905000	13121000	13405000
249	12547000	12901000	13121000	13405000
250	12546000	12900000	13118000	13403000
251	12546000	12899000	13120000	13406000
252	12545000	12898000	13119000	13405000
253	12544000	12898000	13119000	13405000
254	12546000	12900000	13118000	13404000
255	12544000	12898000	13118000	13405000
256	12544000	12898000	13119000	13405000
257	12545000	12899000	13120000	13403000
258	12546000	12904000	13120000	13404000
259	12545000	12898000	13120000	13406000
260	12545000	12900000	13119000	13405000
261	12546000	12900000	13118000	13404000
262	12546000	12904000	13120000	13405000
263	12546000	12900000	13120000	13405000
264	12545000	12897000	13118000	13406000
265	12546000	12899000	13120000	13405000
266	12544000	12899000	13117000	13403000
267	12547000	12900000	13119000	13407000
268	12546000	12898000	13120000	13407000
269	12545000	12903000	13119000	13406000
270	12546000	12900000	13120000	13405000
271	12545000	12902000	13122000	13405000
272	12545000	12899000	13120000	13405000
273	12544000	12899000	13117000	13402000
274	12544000	12897000	13119000	13406000
275	12546000	12897000	13121000	13408000
276	12545000	12900000	13118000	13404000
277	12545000	12898000	13118000	13406000
278	12543000	12897000	13119000	13405000
279	12544000	12897000	13119000	13406000
280	12544000	12903000	13121000	13404000
281	12546000	12904000	13119000	13405000
282	12545000	12899000	13121000	13407000
283	12544000	12900000	13120000	13403000
284	12544000	12902000	13120000	13404000
285	12543000	12897000	13118000	13403000
286	12544000	12898000	13120000	13405000
287	12543000	12896000	13121000	13405000
288	12545000	12901000	13120000	13405000
289	12545000	12905000	13120000	13404000
290	12547000	12902000	13120000	13406000
291	12545000	12909000	13119000	13403000
292	12544000	12899000	13118000	13405000
293	12544000	12898000	13120000	13405000
294	12546000	12900000	13120000	13407000
295	12546000	12900000	13119000	13406000
296	12545000	12904000	13121000	13404000
297	12544000	12898000	13120000	13407000
298	12544000	12899000	13117000	13403000
299	12545000	12899000	13121000	13404000
300	12545000	12901000	13120000	13404000
301	12545000	12898000	13120000	13406000
302	12545000	12899000	13120000	13405000
303	12545000	12898000	13120000	13406000
304	12544000	12899000	13118000	13404000
305	12546000	12899000	13120000	13406000
306	12545000	12901000	13119000	13403000
307	12545000	12899000	13119000	13404000
308	12544000	12899000	13120000	13405000
309	12545000	12900000	13118000	13404000
310	12546000	12900000	13118000	13405000
311	12545000	12899000	13121000	13405000
312	12545000	12900000	13120000	13405000
313	12546000	12900000	13119000	13406000
314	12547000	12905000	13121000	13405000
315	12547000	12902000	13121000	13407000
316	12546000	12903000	13120000	13405000
317	12546000	12900000	13121000	13406000
318	12546000	12900000	13120000	13405000
319	12545000	12899000	13120000	13406000
320	12545000	12899000	13118000	13407000
321	12545000	12899000	13120000	13406000
322	12546000	12903000	13122000	13405000
323	12546000	12900000	13120000	13405000
324	12546000	12899000	13121000	13408000
325	12546000	12903000	13121000	13404000
326	12545000	12900000	13118000	13403000
327	12544000	12896000	13122000	13407000
328	12545000	12899000	13120000	13404000
329	12545000	12898000	13120000	13407000
330	12546000	12899000	13119000	13405000
331	12544000	12899000	13118000	13404000
332	12546000	12901000	13120000	13406000
333	12543000	12897000	13120000	13403000
334	12546000	12900000	13119000	13404000
335	12543000	12898000	13118000	13403000
336	12545000	12898000	13119000	13405000
337	12545000	12900000	13120000	13405000
338	12545000	12896000	13120000	13406000
339	12545000	12901000	13118000	13403000
340	12545000	12900000	13120000	13406000
341	12545000	12902000	13120000	13406000
342	12547000	12900000	13121000	13406000
343	12545000	12899000	13119000	13405000
344	12546000	12901000	13118000	13405000
345	12547000	12904000	13118000	13404000
346	12545000	12899000	13119000	13404000
347	12546000	12900000	13119000	13406000
348	12545000	12904000	13119000	13404000
349	12545000	12900000	13120000	13405000
350	12546000	12901000	13120000	13407000
351	12546000	12900000	13121000	13406000
352	12546000	12901000	13120000	13404000
353	12546000	12900000	13119000	13404000
354	12546000	12903000	13121000	13406000
355	12547000	12901000	13120000	13404000
356	12546000	12899000	13119000	13405000
357	12544000	12899000	13119000	13405000
358	12546000	12903000	13119000	13404000
359	12547000	12903000	13121000	13405000
360	12547000	12904000	13120000	13404000
361	12545000	12898000	13122000	13405000
362	12545000	12903000	13121000	13405000
363	12546000	12900000	13119000	13406000
364	12546000	12903000	13122000	13406000
365	12544000	12897000	13120000	13405000
366	12544000	12903000	13120000	13403000
367	12547000	12903000	13120000	13404000
368	12546000	12903000	13119000	13404000
369	12546000	12899000	13120000	13406000
370	12546000	12900000	13120000	13405000
371	12546000	12898000	13120000	13405000
372	12546000	12903000	13119000	13404000
373	12546000	12901000	13121000	13405000
374	12546000	12904000	13120000	13405000
375	12545000	12899000	13118000	13406000
376	12547000	12901000	13119000	13405000
377	12546000	12900000	13119000	13405000
378	12547000	12905000	13122000	13407000
379	12547000	12904000	13119000	13404000
380	12545000	12898000	13121000	13405000
381	12545000	12900000	13120000	13403000
382	12546000	12900000	13120000	13406000
383	12545000	12898000	13122000	13407000
384	12546000	12899000	13119000	13407000
385	12548000	12905000	13123000	13406000
386	12548000	12904000	13121000	13406000
387	12546000	12900000	13123000	13408000
388	12546000	12900000	13120000	13406000
389	12547000	12903000	13121000	13406000
390	12547000	12902000	13119000	13405000
391	12546000	12904000	13121000	13404000
392	12547000	12899000	13120000	13406000
393	12545000	12901000	13119000	13405000
394	12546000	12901000	13122000	13407000
395	12546000	12900000	13120000	13407000
396	12546000	12902000	13120000	13405000
397	12547000	12904000	13119000	13406000
398	12546000	12905000	13121000	13405000
399	12547000	12899000	13119000	13406000
400	12545000	12899000	13118000	13403000
401	12544000	12898000	13122000	13405000
402	12546000	12903000	13120000	13404000
403	12545000	12900000	13121000	13406000
404	12546000	12900000	13120000	13405000
405	12545000	12899000	13118000	13403000
406	12545000	12897000	13119000	13405000
407	12546000	12899000	13118000	13406000
408	12546000	12898000	13120000	13405000
409	12545000	12898000	13119000	13406000
410	12547000	12900000	13119000	13405000
411	12545000	12899000	13117000	13404000
412	12545000	12899000	13119000	13406000
413	12546000	12898000	13122000	13407000
414	12544000	12898000	13121000	13406000
415	12544000	12900000	13118000	13403000
416	12546000	12899000	13116000	13405000
417	12545000	12899000	13121000	13405000
418	12546000	12902000	13119000	13403000
419	12547000	12900000	13119000	13405000
420	12545000	12897000	13119000	13405000
421	12546000	12899000	13118000	13405000
422	12546000	12900000	13118000	13403000
423	12545000	12900000	13119000	13404000
424	12543000	12897000	13118000	13403000
425	12545000	12898000	13120000	13405000
426	12545000	12899000	13119000	13405000
427	12546000	12900000	13120000	13403000
428	12543000	12899000	13118000	13402000
429	12544000	12897000	13118000	13405000
430	12543000	12894000	13118000	13405000
431	12545000	12899000	13119000	13403000
432	12544000	12897000	13118000	13405000
433	12544000	12896000	13117000	13402000
434	12542000	12895000	13118000	13403000
435	12544000	12897000	13119000	13404000
436	12544000	12897000	13115000	13402000
437	12545000	12899000	13118000	13403000
438	12543000	12897000	13117000	13402000
439	12543000	12898000	13120000	13404000
440	12546000	12899000	13119000	13403000
441	12545000	12902000	13119000	13402000
442	12546000	12901000	13117000	13403000
443	12544000	12897000	13120000	13404000
444	12545000	12902000	13118000	13404000
445	12545000	12901000	13121000	13403000
446	12543000	12896000	13120000	13405000
447	12544000	12898000	13117000	13402000
448	12546000	12900000	13119000	13405000
449	12545000	12895000	13118000	13405000
450	12544000	12897000	13118000	13404000
451	12545000	12900000	13119000	13403000
452	12545000	12897000	13120000	13407000
453	12544000	12897000	13120000	13405000
454	12545000	12898000	13116000	13403000
455	12545000	12901000	13118000	13403000
456	12545000	12898000	13119000	13407000
457	12545000	12901000	13119000	13404000
458	12545000	12899000	13118000	13402000
459	12545000	12899000	13121000	13404000
460	12543000	12896000	13120000	13404000
461	12545000	12897000	13119000	13405000
462	12545000	12897000	13120000	13404000
463	12545000	12898000	13119000	13402000
464	12543000	12896000	13120000	13404000
465	12545000	12900000	13120000	13403000
466	12545000	12902000	13119000	13402000
467	12544000	12897000	13121000	13404000
468	12546000	12899000	13120000	13405000
469	12547000	12903000	13120000	13404000
470	12546000	12900000	13119000	13404000
471	12545000	12897000	13120000	13404000
472	12545000	12901000	13121000	13404000
473	12546000	12899000	13119000	13404000
474	12545000	12898000	13117000	13401000
475	12545000	12899000	13121000	13405000
476	12543000	12896000	13119000	13404000
477	12544000	12897000	13118000	13403000
478	12544000	12896000	13120000	13404000
479	12544000	12898000	13118000	13404000
480	12544000	12898000	13117000	13404000
481	12543000	12897000	13117000	13403000
482	12544000	12897000	13117000	13403000
483	12543000	12896000	13117000	13404000
484	12542000	12895000	13118000	13405000
485	12543000	12897000	13118000	13403000
486	12544000	12897000	13116000	13403000
487	12543000	12896000	13121000	13404000
488	12544000	12897000	13120000	13405000
489	12544000	12898000	13121000	13406000
490	12543000	12897000	13119000	13403000
491	12543000	12896000	13118000	13402000
492	12544000	12898000	13118000	13402000
493	12544000	12898000	13119000	13403000
494	12545000	12897000	13118000	13406000
495	12543000	12897000	13119000	13404000
496	12543000	12897000	13120000	13404000
497	12544000	12897000	13119000	13404000
498	12543000	12897000	13118000	13404000
499	12543000	12897000	13118000	13403000

============================================================
# BITSTREAM: 1ms_101etapas.bit
# VENTANA: 1ms
# ETAPAS_PRINCIPAL: 101
# NUM_MUESTRAS: 500
# FORMATO: idx	freq1_hz	freq2_hz	freq3_hz	freq4_hz
============================================================
idx	freq1_hz	freq2_hz	freq3_hz	freq4_hz
0	8487000	8972000	8245000	9649000
1	8488000	8974000	8244000	9652000
2	8487000	8972000	8244000	9649000
3	8488000	8972000	8243000	9652000
4	8488000	8972000	8246000	9649000
5	8489000	8972000	8245000	9652000
6	8489000	8974000	8245000	9652000
7	8488000	8972000	8243000	9649000
8	8488000	8974000	8246000	9652000
9	8490000	8974000	8243000	9652000
10	8488000	8974000	8245000	9652000
11	8488000	8972000	8243000	9649000
12	8487000	8972000	8246000	9652000
13	8486000	8972000	8243000	9648000
14	8488000	8972000	8245000	9652000
15	8487000	8972000	8244000	9649000
16	8488000	8972000	8245000	9652000
17	8487000	8972000	8243000	9649000
18	8487000	8972000	8244000	9649000
19	8487000	8972000	8242000	9648000
20	8488000	8974000	8244000	9649000
21	8489000	8974000	8243000	9649000
22	8489000	8974000	8246000	9652000
23	8487000	8972000	8243000	9649000
24	8488000	8972000	8246000	9653000
25	8489000	8974000	8243000	9653000
26	8488000	8974000	8245000	9653000
27	8487000	8974000	8244000	9649000
28	8488000	8974000	8244000	9652000
29	8488000	8972000	8244000	9649000
30	8489000	8974000	8245000	9652000
31	8489000	8972000	8243000	9652000
32	8488000	8974000	8246000	9652000
33	8488000	8972000	8244000	9652000
34	8488000	8972000	8244000	9649000
35	8489000	8974000	8243000	9652000
36	8488000	8972000	8246000	9652000
37	8489000	8974000	8245000	9652000
38	8489000	8972000	8245000	9652000
39	8488000	8972000	8243000	9652000
40	8489000	8974000	8245000	9652000
41	8487000	8972000	8244000	9652000
42	8487000	8972000	8244000	9652000
43	8488000	8972000	8245000	9652000
44	8488000	8972000	8246000	9649000
45	8487000	8972000	8243000	9652000
46	8489000	8974000	8245000	9653000
47	8488000	8974000	8243000	9649000
48	8489000	8974000	8245000	9653000
49	8486000	8972000	8245000	9649000
50	8488000	8974000	8244000	9652000
51	8486000	8972000	8242000	9649000
52	8488000	8972000	8243000	9649000
53	8489000	8974000	8245000	9653000
54	8488000	8972000	8245000	9652000
55	8488000	8972000	8245000	9652000
56	8487000	8972000	8245000	9652000
57	8490000	8974000	8245000	9653000
58	8488000	8974000	8244000	9649000
59	8488000	8974000	8244000	9652000
60	8488000	8972000	8244000	9649000
61	8487000	8972000	8242000	9652000
62	8488000	8972000	8244000	9649000
63	8487000	8972000	8243000	9649000
64	8489000	8974000	8245000	9652000
65	8487000	8972000	8243000	9652000
66	8488000	8972000	8244000	9652000
67	8489000	8974000	8245000	9652000
68	8489000	8974000	8245000	9653000
69	8489000	8972000	8244000	9652000
70	8488000	8972000	8244000	9652000
71	8487000	8972000	8242000	9652000
72	8489000	8974000	8244000	9652000
73	8488000	8972000	8243000	9652000
74	8487000	8972000	8244000	9649000
75	8489000	8974000	8243000	9649000
76	8487000	8972000	8244000	9649000
77	8489000	8974000	8244000	9653000
78	8488000	8974000	8244000	9653000
79	8488000	8972000	8244000	9649000
80	8489000	8974000	8245000	9652000
81	8488000	8974000	8246000	9649000
82	8486000	8970000	8244000	9649000
83	8488000	8974000	8243000	9649000
84	8488000	8972000	8243000	9649000
85	8487000	8972000	8242000	9652000
86	8487000	8972000	8243000	9649000
87	8487000	8972000	8242000	9649000
88	8486000	8970000	8243000	9648000
89	8487000	8972000	8244000	9652000
90	8487000	8972000	8244000	9652000
91	8487000	8968000	8243000	9648000
92	8488000	8972000	8245000	9652000
93	8486000	8972000	8243000	9649000
94	8486000	8972000	8243000	9649000
95	8486000	8972000	8242000	9648000
96	8488000	8972000	8244000	9652000
97	8487000	8970000	8242000	9648000
98	8487000	8970000	8243000	9648000
99	8488000	8972000	8241000	9648000
100	8488000	8972000	8243000	9649000
101	8486000	8972000	8241000	9648000
102	8487000	8972000	8243000	9648000
103	8487000	8972000	8242000	9648000
104	8488000	8972000	8244000	9649000
105	8487000	8972000	8243000	9649000
106	8487000	8972000	8244000	9652000
107	8487000	8972000	8242000	9648000
108	8488000	8972000	8243000	9649000
109	8487000	8972000	8242000	9648000
110	8487000	8972000	8243000	9652000
111	8487000	8972000	8242000	9648000
112	8487000	8972000	8242000	9648000
113	8487000	8972000	8242000	9649000
114	8487000	8972000	8243000	9649000
115	8487000	8972000	8242000	9649000
116	8487000	8972000	8243000	9648000
117	8487000	8972000	8243000	9649000
118	8486000	8970000	8243000	9649000
119	8487000	8972000	8243000	9649000
120	8487000	8972000	8242000	9648000
121	8487000	8972000	8243000	9649000
122	8486000	8970000	8244000	9649000
123	8486000	8970000	8242000	9648000
124	8486000	8972000	8243000	9648000
125	8486000	8968000	8241000	9649000
126	8486000	8972000	8243000	9648000
127	8486000	8970000	8242000	9649000
128	8486000	8972000	8242000	9648000
129	8487000	8972000	8242000	9648000
130	8486000	8970000	8243000	9649000
131	8487000	8972000	8242000	9648000
132	8486000	8972000	8244000	9648000
133	8487000	8972000	8242000	9649000
134	8487000	8970000	8243000	9648000
135	8487000	8972000	8242000	9648000
136	8487000	8972000	8244000	9649000
137	8487000	8972000	8242000	9649000
138	8487000	8972000	8245000	9649000
139	8488000	8972000	8241000	9648000
140	8488000	8972000	8243000	9649000
141	8487000	8972000	8242000	9649000
142	8486000	8970000	8243000	9648000
143	8487000	8972000	8242000	9649000
144	8487000	8972000	8244000	9649000
145	8487000	8970000	8242000	9648000
146	8486000	8972000	8244000	9648000
147	8486000	8972000	8243000	9648000
148	8487000	8972000	8244000	9648000
149	8487000	8972000	8241000	9648000
150	8487000	8972000	8243000	9649000
151	8486000	8970000	8243000	9648000
152	8487000	8974000	8244000	9649000
153	8487000	8972000	8242000	9648000
154	8487000	8974000	8243000	9649000
155	8485000	8970000	8242000	9648000
156	8487000	8972000	8244000	9649000
157	8487000	8972000	8242000	9648000
158	8486000	8970000	8243000	9648000
159	8487000	8972000	8243000	9649000
160	8486000	8972000	8244000	9648000
161	8488000	8972000	8243000	9649000
162	8487000	8972000	8244000	9652000
163	8487000	8972000	8243000	9649000
164	8487000	8972000	8243000	9649000
165	8487000	8972000	8243000	9649000
166	8486000	8972000	8242000	9648000
167	8487000	8972000	8242000	9649000
168	8487000	8972000	8244000	9648000
169	8487000	8972000	8242000	9648000
170	8487000	8972000	8244000	9649000
171	8487000	8972000	8242000	9649000
172	8487000	8972000	8243000	9649000
173	8488000	8972000	8242000	9649000
174	8487000	8972000	8243000	9649000
175	8486000	8970000	8242000	9649000
176	8487000	8972000	8244000	9649000
177	8487000	8972000	8242000	9649000
178	8486000	8970000	8243000	9649000
179	8487000	8972000	8242000	9649000
180	8486000	8970000	8244000	9649000
181	8487000	8970000	8242000	9648000
182	8486000	8972000	8244000	9648000
183	8487000	8972000	8243000	9649000
184	8485000	8970000	8242000	9649000
185	8487000	8972000	8243000	9649000
186	8487000	8972000	8243000	9649000
187	8486000	8970000	8242000	9648000
188	8487000	8972000	8244000	9648000
189	8487000	8972000	8242000	9649000
190	8487000	8972000	8243000	9648000
191	8487000	8972000	8242000	9648000
192	8486000	8970000	8243000	9648000
193	8487000	8972000	8242000	9648000
194	8488000	8972000	8244000	9649000
195	8487000	8972000	8242000	9649000
196	8487000	8972000	8244000	9649000
197	8488000	8972000	8243000	9649000
198	8488000	8972000	8244000	9649000
199	8486000	8970000	8242000	9649000
200	8486000	8972000	8243000	9648000
201	8486000	8972000	8242000	9648000
202	8485000	8970000	8243000	9649000
203	8486000	8972000	8243000	9649000
204	8486000	8972000	8245000	9649000
205	8487000	8972000	8242000	9652000
206	8487000	8972000	8243000	9649000
207	8487000	8972000	8242000	9649000
208	8488000	8972000	8243000	9649000
209	8487000	8972000	8243000	9649000
210	8488000	8972000	8243000	9652000
211	8486000	8970000	8242000	9649000
212	8487000	8972000	8245000	9652000
213	8486000	8972000	8243000	9649000
214	8486000	8970000	8242000	9648000
215	8487000	8972000	8242000	9649000
216	8487000	8972000	8243000	9652000
217	8488000	8972000	8242000	9649000
218	8486000	8972000	8243000	9648000
219	8488000	8972000	8243000	9649000
220	8487000	8972000	8244000	9649000
221	8487000	8972000	8243000	9649000
222	8487000	8972000	8244000	9649000
223	8487000	8972000	8242000	9649000
224	8487000	8972000	8244000	9649000
225	8488000	8972000	8243000	9652000
226	8488000	8972000	8244000	9652000
227	8488000	8974000	8243000	9652000
228	8488000	8972000	8244000	9652000
229	8487000	8972000	8246000	9649000
230	8486000	8972000	8243000	9649000
231	8486000	8972000	8242000	9649000
232	8486000	8970000	8244000	9648000
233	8486000	8970000	8242000	9649000
234	8488000	8972000	8244000	9649000
235	8487000	8972000	8242000	9649000
236	8487000	8972000	8244000	9649000
237	8486000	8970000	8242000	9649000
238	8487000	8972000	8244000	9649000
239	8487000	8972000	8243000	9649000
240	8487000	8972000	8243000	9648000
241	8487000	8972000	8242000	9649000
242	8486000	8970000	8244000	9648000
243	8487000	8972000	8243000	9652000
244	8487000	8972000	8244000	9648000
245	8486000	8972000	8243000	9648000
246	8486000	8972000	8244000	9648000
247	8486000	8970000	8242000	9648000
248	8487000	8970000	8243000	9648000
249	8487000	8972000	8242000	9648000
250	8487000	8970000	8243000	9648000
251	8487000	8972000	8242000	9648000
252	8487000	8972000	8244000	9649000
253	8486000	8970000	8242000	9648000
254	8487000	8970000	8244000	9649000
255	8487000	8970000	8241000	9649000
256	8487000	8972000	8244000	9649000
257	8487000	8972000	8243000	9649000
258	8487000	8972000	8243000	9649000
259	8487000	8970000	8242000	9648000
260	8487000	8972000	8243000	9649000
261	8487000	8972000	8242000	9652000
262	8488000	8972000	8243000	9652000
263	8487000	8972000	8242000	9649000
264	8487000	8972000	8245000	9649000
265	8487000	8972000	8242000	9649000
266	8487000	8972000	8244000	9648000
267	8486000	8972000	8242000	9648000
268	8488000	8972000	8244000	9649000
269	8487000	8972000	8242000	9649000
270	8487000	8972000	8242000	9648000
271	8486000	8972000	8242000	9649000
272	8488000	8972000	8244000	9652000
273	8486000	8970000	8242000	9649000
274	8487000	8972000	8243000	9649000
275	8487000	8972000	8242000	9649000
276	8486000	8972000	8244000	9652000
277	8486000	8970000	8242000	9649000
278	8486000	8972000	8244000	9648000
279	8486000	8972000	8243000	9648000
280	8487000	8972000	8243000	9649000
281	8487000	8970000	8242000	9649000
282	8487000	8972000	8244000	9649000
283	8487000	8972000	8243000	9649000
284	8488000	8972000	8244000	9649000
285	8487000	8972000	8242000	9649000
286	8489000	8972000	8244000	9649000
287	8487000	8972000	8243000	9649000
288	8487000	8972000	8243000	9649000
289	8488000	8972000	8243000	9652000
290	8487000	8972000	8244000	9649000
291	8486000	8972000	8243000	9649000
292	8488000	8972000	8244000	9649000
293	8486000	8972000	8242000	9649000
294	8488000	8972000	8244000	9649000
295	8487000	8972000	8242000	9649000
296	8487000	8972000	8243000	9649000
297	8487000	8972000	8243000	9649000
298	8486000	8972000	8243000	9649000
299	8486000	8972000	8242000	9652000
300	8488000	8972000	8244000	9649000
301	8486000	8970000	8242000	9648000
302	8487000	8972000	8243000	9648000
303	8486000	8972000	8242000	9648000
304	8487000	8972000	8243000	9649000
305	8487000	8972000	8242000	9648000
306	8486000	8972000	8243000	9649000
307	8486000	8970000	8242000	9649000
308	8486000	8972000	8243000	9649000
309	8487000	8972000	8243000	9649000
310	8487000	8972000	8244000	9649000
311	8487000	8972000	8242000	9649000
312	8488000	8972000	8243000	9649000
313	8487000	8972000	8242000	9649000
314	8486000	8970000	8243000	9649000
315	8487000	8972000	8242000	9649000
316	8487000	8972000	8244000	9648000
317	8487000	8972000	8241000	9648000
318	8486000	8972000	8243000	9649000
319	8486000	8972000	8242000	9649000
320	8487000	8972000	8244000	9648000
321	8486000	8970000	8242000	9649000
322	8487000	8970000	8242000	9648000
323	8487000	8970000	8241000	9649000
324	8487000	8972000	8243000	9649000
325	8487000	8972000	8242000	9648000
326	8485000	8970000	8243000	9648000
327	8487000	8972000	8243000	9649000
328	8486000	8972000	8244000	9649000
329	8487000	8972000	8244000	9649000
330	8486000	8972000	8244000	9648000
331	8485000	8970000	8242000	9648000
332	8486000	8970000	8243000	9648000
333	8486000	8970000	8241000	9648000
334	8487000	8970000	8242000	9648000
335	8486000	8970000	8242000	9648000
336	8487000	8972000	8244000	9649000
337	8487000	8972000	8243000	9648000
338	8485000	8970000	8242000	9648000
339	8487000	8972000	8242000	9648000
340	8486000	8970000	8244000	9648000
341	8485000	8970000	8242000	9649000
342	8486000	8970000	8243000	9649000
343	8485000	8970000	8242000	9649000
344	8485000	8970000	8243000	9648000
345	8486000	8972000	8242000	9648000
346	8485000	8968000	8242000	9648000
347	8487000	8970000	8242000	9649000
348	8486000	8970000	8243000	9648000
349	8485000	8972000	8242000	9648000
350	8485000	8970000	8243000	9648000
351	8486000	8972000	8243000	9648000
352	8487000	8970000	8244000	9649000
353	8486000	8972000	8243000	9649000
354	8486000	8970000	8243000	9648000
355	8486000	8970000	8242000	9648000
356	8487000	8972000	8243000	9648000
357	8486000	8970000	8242000	9648000
358	8486000	8970000	8244000	9648000
359	8485000	8970000	8242000	9648000
360	8485000	8970000	8243000	9648000
361	8487000	8970000	8242000	9648000
362	8486000	8970000	8244000	9648000
363	8486000	8970000	8241000	9648000
364	8487000	8972000	8243000	9648000
365	8486000	8972000	8242000	9648000
366	8486000	8970000	8243000	9648000
367	8486000	8972000	8242000	9648000
368	8487000	8972000	8242000	9648000
369	8487000	8972000	8243000	9648000
370	8486000	8970000	8244000	9648000
371	8487000	8972000	8242000	9648000
372	8486000	8970000	8243000	9649000
373	8486000	8970000	8242000	9649000
374	8487000	8970000	8243000	9649000
375	8487000	8972000	8241000	9648000
376	8487000	8972000	8243000	9649000
377	8488000	8972000	8242000	9649000
378	8486000	8972000	8244000	9649000
379	8485000	8970000	8241000	9648000
380	8487000	8972000	8243000	9648000
381	8488000	8972000	8242000	9649000
382	8487000	8970000	8242000	9648000
383	8488000	8972000	8242000	9649000
384	8487000	8972000	8242000	9649000
385	8487000	8972000	8242000	9648000
386	8486000	8972000	8243000	9648000
387	8487000	8970000	8242000	9648000
388	8488000	8972000	8244000	9649000
389	8487000	8972000	8242000	9649000
390	8486000	8970000	8243000	9648000
391	8486000	8972000	8242000	9648000
392	8488000	8972000	8243000	9648000
393	8487000	8972000	8242000	9648000
394	8487000	8972000	8243000	9648000
395	8487000	8968000	8242000	9649000
396	8487000	8970000	8244000	9648000
397	8488000	8972000	8244000	9649000
398	8486000	8970000	8243000	9649000
399	8486000	8972000	8242000	9648000
400	8486000	8972000	8243000	9648000
401	8486000	8970000	8242000	9648000
402	8487000	8972000	8244000	9648000
403	8488000	8972000	8243000	9649000
404	8487000	8972000	8240000	9649000
405	8486000	8972000	8242000	9648000
406	8486000	8970000	8243000	9648000
407	8485000	8970000	8241000	9649000
408	8487000	8972000	8244000	9649000
409	8487000	8972000	8242000	9648000
410	8485000	8968000	8241000	9649000
411	8487000	8970000	8242000	9649000
412	8485000	8970000	8243000	9649000
413	8487000	8970000	8241000	9648000
414	8485000	8970000	8242000	9649000
415	8485000	8970000	8241000	9649000
416	8486000	8970000	8243000	9648000
417	8486000	8970000	8241000	9649000
418	8486000	8970000	8243000	9648000
419	8487000	8972000	8242000	9648000
420	8487000	8972000	8243000	9648000
421	8486000	8970000	8241000	9648000
422	8487000	8972000	8242000	9648000
423	8486000	8970000	8241000	9648000
424	8486000	8970000	8243000	9649000
425	8486000	8972000	8242000	9649000
426	8486000	8970000	8244000	9649000
427	8485000	8970000	8242000	9648000
428	8487000	8970000	8243000	9649000
429	8485000	8970000	8241000	9648000
430	8486000	8970000	8242000	9649000
431	8485000	8970000	8243000	9648000
432	8487000	8970000	8243000	9648000
433	8487000	8972000	8242000	9648000
434	8486000	8972000	8243000	9648000
435	8486000	8970000	8241000	9649000
436	8486000	8970000	8241000	9648000
437	8485000	8970000	8241000	9649000
438	8486000	8970000	8243000	9648000
439	8485000	8970000	8241000	9649000
440	8485000	8970000	8242000	9649000
441	8486000	8970000	8242000	9648000
442	8487000	8970000	8244000	9648000
443	8486000	8970000	8242000	9649000
444	8487000	8972000	8244000	9648000
445	8486000	8970000	8242000	9648000
446	8487000	8972000	8243000	9648000
447	8487000	8970000	8242000	9648000
448	8486000	8972000	8245000	9648000
449	8486000	8970000	8241000	9648000
450	8486000	8970000	8244000	9648000
451	8486000	8970000	8242000	9648000
452	8487000	8972000	8244000	9649000
453	8487000	8972000	8243000	9649000
454	8486000	8970000	8244000	9648000
455	8487000	8972000	8242000	9649000
456	8487000	8970000	8244000	9648000
457	8485000	8970000	8242000	9648000
458	8487000	8972000	8243000	9652000
459	8487000	8972000	8242000	9648000
460	8486000	8970000	8244000	9648000
461	8486000	8968000	8242000	9649000
462	8486000	8970000	8243000	9649000
463	8487000	8972000	8243000	9652000
464	8487000	8972000	8243000	9649000
465	8487000	8972000	8243000	9652000
466	8487000	8972000	8244000	9649000
467	8488000	8972000	8243000	9649000
468	8487000	8972000	8244000	9652000
469	8486000	8970000	8242000	9648000
470	8486000	8972000	8244000	9649000
471	8487000	8970000	8243000	9648000
472	8487000	8972000	8244000	9649000
473	8487000	8972000	8243000	9649000
474	8487000	8972000	8243000	9649000
475	8486000	8970000	8242000	9648000
476	8487000	8972000	8243000	9649000
477	8487000	8972000	8242000	9649000
478	8486000	8972000	8242000	9648000
479	8485000	8970000	8242000	9648000
480	8486000	8972000	8243000	9649000
481	8487000	8972000	8242000	9649000
482	8487000	8972000	8243000	9649000
483	8487000	8972000	8243000	9649000
484	8487000	8972000	8244000	9652000
485	8487000	8972000	8242000	9649000
486	8487000	8972000	8243000	9649000
487	8487000	8972000	8243000	9652000
488	8488000	8974000	8245000	9652000
489	8487000	8972000	8242000	9649000
490	8487000	8972000	8243000	9649000
491	8487000	8972000	8242000	9649000
492	8487000	8972000	8243000	9649000
493	8488000	8972000	8242000	9649000
494	8487000	8972000	8243000	9649000
495	8488000	8972000	8243000	9649000
496	8488000	8972000	8245000	9649000
497	8488000	8974000	8243000	9649000
498	8487000	8972000	8244000	9649000
499	8487000	8970000	8243000	9649000

============================================================
# BITSTREAM: 100us_3etapas.bit
# VENTANA: 100us
# ETAPAS_PRINCIPAL: 3
# NUM_MUESTRAS: 500
# FORMATO: idx	freq1_hz	freq2_hz	freq3_hz	freq4_hz
============================================================
idx	freq1_hz	freq2_hz	freq3_hz	freq4_hz
0	35600000	35600000	35600000	35600000
1	35600000	35600000	35600000	35600000
2	35600000	35600000	35600000	35600000
3	35600000	35590000	35600000	35600000
4	35600000	35600000	35600000	35600000
5	35590000	35590000	35590000	35590000
6	35600000	35600000	35600000	35600000
7	35590000	35590000	35590000	35590000
8	35610000	35610000	35610000	35610000
9	35600000	35600000	35600000	35600000
10	35600000	35600000	35600000	35600000
11	35600000	35600000	35600000	35600000
12	35590000	35590000	35590000	35590000
13	35590000	35590000	35590000	35590000
14	35600000	35600000	35600000	35600000
15	35600000	35600000	35600000	35600000
16	35590000	35590000	35590000	35600000
17	35600000	35600000	35600000	35600000
18	35610000	35610000	35610000	35610000
19	35600000	35600000	35600000	35600000
20	35600000	35600000	35600000	35600000
21	35610000	35610000	35610000	35610000
22	35600000	35600000	35600000	35600000
23	35600000	35600000	35600000	35600000
24	35600000	35600000	35600000	35610000
25	35600000	35600000	35600000	35600000
26	35600000	35600000	35600000	35590000
27	35600000	35600000	35600000	35600000
28	35590000	35590000	35590000	35590000
29	35600000	35600000	35600000	35590000
30	35610000	35610000	35610000	35610000
31	35590000	35590000	35590000	35590000
32	35590000	35590000	35590000	35600000
33	35600000	35600000	35600000	35600000
34	35600000	35600000	35600000	35600000
35	35600000	35600000	35600000	35600000
36	35590000	35590000	35590000	35590000
37	35600000	35600000	35600000	35600000
38	35610000	35610000	35610000	35610000
39	35590000	35590000	35590000	35590000
40	35600000	35600000	35600000	35600000
41	35600000	35600000	35600000	35600000
42	35590000	35590000	35590000	35590000
43	35600000	35600000	35600000	35610000
44	35600000	35600000	35600000	35600000
45	35590000	35590000	35590000	35590000
46	35600000	35600000	35600000	35600000
47	35590000	35590000	35590000	35590000
48	35600000	35600000	35600000	35600000
49	35600000	35600000	35600000	35600000
50	35600000	35600000	35600000	35600000
51	35600000	35600000	35600000	35600000
52	35600000	35600000	35600000	35600000
53	35590000	35590000	35590000	35590000
54	35600000	35600000	35600000	35600000
55	35600000	35600000	35600000	35600000
56	35600000	35600000	35600000	35600000
57	35590000	35590000	35590000	35590000
58	35600000	35600000	35600000	35600000
59	35590000	35590000	35590000	35590000
60	35590000	35590000	35590000	35600000
61	35600000	35600000	35600000	35600000
62	35590000	35590000	35590000	35600000
63	35600000	35600000	35600000	35600000
64	35610000	35610000	35600000	35600000
65	35600000	35600000	35600000	35600000
66	35600000	35600000	35600000	35600000
67	35600000	35600000	35600000	35600000
68	35590000	35590000	35590000	35590000
69	35600000	35600000	35600000	35600000
70	35600000	35600000	35600000	35590000
71	35590000	35590000	35590000	35590000
72	35600000	35600000	35600000	35600000
73	35590000	35590000	35590000	35590000
74	35600000	35600000	35600000	35600000
75	35600000	35600000	35600000	35600000
76	35600000	35600000	35600000	35590000
77	35600000	35600000	35600000	35600000
78	35600000	35600000	35600000	35600000
79	35600000	35600000	35600000	35600000
80	35590000	35590000	35590000	35590000
81	35600000	35600000	35600000	35590000
82	35590000	35590000	35590000	35590000
83	35590000	35590000	35590000	35590000
84	35600000	35600000	35600000	35590000
85	35600000	35600000	35600000	35600000
86	35590000	35590000	35590000	35590000
87	35590000	35590000	35590000	35590000
88	35590000	35590000	35590000	35590000
89	35590000	35590000	35590000	35590000
90	35590000	35590000	35590000	35590000
91	35590000	35590000	35590000	35590000
92	35590000	35590000	35590000	35590000
93	35590000	35590000	35590000	35590000
94	35590000	35590000	35590000	35590000
95	35600000	35600000	35600000	35600000
96	35600000	35600000	35600000	35600000
97	35600000	35600000	35600000	35600000
98	35600000	35600000	35600000	35600000
99	35600000	35600000	35600000	35600000
100	35600000	35600000	35600000	35600000
101	35590000	35600000	35590000	35590000
102	35600000	35600000	35600000	35600000
103	35590000	35590000	35590000	35590000
104	35600000	35600000	35600000	35590000
105	35600000	35600000	35600000	35600000
106	35590000	35590000	35590000	35590000
107	35600000	35600000	35600000	35600000
108	35600000	35600000	35590000	35590000
109	35590000	35590000	35590000	35590000
110	35600000	35600000	35600000	35600000
111	35600000	35600000	35600000	35600000
112	35590000	35590000	35590000	35590000
113	35600000	35600000	35600000	35620000
114	35600000	35600000	35600000	35600000
115	35590000	35590000	35590000	35590000
116	35600000	35600000	35600000	35600000
117	35590000	35590000	35590000	35590000
118	35590000	35590000	35590000	35590000
119	35600000	35600000	35600000	35600000
120	35590000	35590000	35590000	35590000
121	35600000	35600000	35600000	35600000
122	35600000	35600000	35600000	35600000
123	35600000	35600000	35600000	35600000
124	35600000	35600000	35600000	35600000
125	35600000	35590000	35600000	35600000
126	35600000	35600000	35600000	35600000
127	35600000	35600000	35600000	35600000
128	35600000	35600000	35600000	35610000
129	35600000	35600000	35600000	35600000
130	35590000	35590000	35600000	35600000
131	35600000	35600000	35600000	35600000
132	35590000	35590000	35600000	35600000
133	35600000	35600000	35600000	35600000
134	35600000	35600000	35600000	35600000
135	35590000	35590000	35590000	35590000
136	35600000	35600000	35600000	35600000
137	35600000	35600000	35600000	35590000
138	35600000	35600000	35600000	35600000
139	35600000	35600000	35600000	35600000
140	35600000	35600000	35590000	35590000
141	35590000	35590000	35590000	35590000
142	35600000	35600000	35600000	35600000
143	35600000	35600000	35600000	35600000
144	35600000	35600000	35600000	35590000
145	35600000	35600000	35600000	35600000
146	35590000	35590000	35590000	35590000
147	35600000	35600000	35600000	35600000
148	35590000	35590000	35590000	35600000
149	35600000	35600000	35600000	35600000
150	35590000	35590000	35590000	35590000
151	35600000	35600000	35590000	35600000
152	35600000	35600000	35600000	35600000
153	35600000	35600000	35600000	35600000
154	35610000	35610000	35610000	35600000
155	35600000	35600000	35600000	35600000
156	35600000	35600000	35600000	35600000
157	35600000	35600000	35600000	35600000
158	35600000	35600000	35600000	35600000
159	35600000	35600000	35600000	35600000
160	35600000	35600000	35600000	35600000
161	35590000	35590000	35590000	35590000
162	35600000	35600000	35600000	35600000
163	35610000	35610000	35610000	35610000
164	35600000	35600000	35600000	35600000
165	35590000	35590000	35600000	35600000
166	35610000	35610000	35610000	35610000
167	35600000	35600000	35600000	35610000
168	35600000	35610000	35600000	35600000
169	35600000	35600000	35600000	35600000
170	35600000	35600000	35600000	35600000
171	35600000	35600000	35600000	35600000
172	35600000	35600000	35600000	35590000
173	35600000	35600000	35600000	35600000
174	35600000	35600000	35600000	35600000
175	35600000	35600000	35600000	35600000
176	35590000	35590000	35580000	35580000
177	35590000	35590000	35590000	35590000
178	35600000	35600000	35600000	35600000
179	35590000	35590000	35600000	35600000
180	35590000	35590000	35590000	35600000
181	35590000	35590000	35590000	35580000
182	35590000	35590000	35590000	35590000
183	35590000	35590000	35590000	35590000
184	35590000	35590000	35600000	35600000
185	35590000	35590000	35600000	35600000
186	35590000	35590000	35590000	35590000
187	35600000	35600000	35600000	35600000
188	35590000	35590000	35590000	35590000
189	35590000	35590000	35590000	35590000
190	35600000	35600000	35590000	35600000
191	35600000	35600000	35600000	35600000
192	35600000	35600000	35600000	35600000
193	35600000	35600000	35600000	35600000
194	35600000	35600000	35600000	35600000
195	35600000	35600000	35600000	35600000
196	35590000	35590000	35590000	35590000
197	35600000	35600000	35590000	35590000
198	35600000	35600000	35600000	35600000
199	35590000	35590000	35590000	35590000
200	35600000	35600000	35600000	35600000
201	35590000	35590000	35590000	35590000
202	35600000	35600000	35600000	35600000
203	35590000	35590000	35590000	35590000
204	35590000	35590000	35590000	35590000
205	35590000	35590000	35590000	35590000
206	35600000	35600000	35600000	35600000
207	35590000	35590000	35590000	35590000
208	35590000	35590000	35590000	35590000
209	35600000	35600000	35590000	35590000
210	35590000	35590000	35590000	35590000
211	35600000	35600000	35600000	35600000
212	35590000	35590000	35590000	35590000
213	35590000	35590000	35590000	35590000
214	35590000	35590000	35590000	35590000
215	35590000	35590000	35590000	35590000
216	35590000	35590000	35590000	35600000
217	35590000	35590000	35590000	35590000
218	35590000	35590000	35590000	35590000
219	35600000	35600000	35590000	35590000
220	35590000	35590000	35590000	35590000
221	35590000	35590000	35590000	35590000
222	35590000	35590000	35590000	35590000
223	35590000	35590000	35590000	35590000
224	35600000	35600000	35600000	35600000
225	35590000	35590000	35590000	35590000
226	35590000	35590000	35590000	35590000
227	35600000	35600000	35600000	35600000
228	35610000	35610000	35610000	35600000
229	35600000	35600000	35600000	35600000
230	35600000	35600000	35600000	35600000
231	35600000	35600000	35600000	35600000
232	35600000	35600000	35600000	35600000
233	35590000	35590000	35590000	35590000
234	35590000	35590000	35590000	35600000
235	35590000	35590000	35590000	35590000
236	35590000	35590000	35590000	35590000
237	35590000	35590000	35590000	35590000
238	35600000	35600000	35600000	35600000
239	35600000	35600000	35600000	35600000
240	35590000	35590000	35590000	35590000
241	35590000	35590000	35590000	35590000
242	35600000	35600000	35600000	35600000
243	35590000	35590000	35590000	35590000
244	35590000	35590000	35590000	35580000
245	35590000	35590000	35590000	35600000
246	35600000	35600000	35600000	35600000
247	35600000	35600000	35600000	35600000
248	35590000	35590000	35590000	35580000
249	35600000	35600000	35600000	35600000
250	35590000	35590000	35590000	35590000
251	35590000	35590000	35590000	35590000
252	35590000	35590000	35590000	35590000
253	35600000	35600000	35600000	35600000
254	35600000	35600000	35590000	35590000
255	35600000	35600000	35600000	35600000
256	35600000	35600000	35600000	35600000
257	35600000	35600000	35600000	35600000
258	35600000	35600000	35600000	35600000
259	35600000	35600000	35600000	35600000
260	35590000	35590000	35590000	35590000
261	35590000	35590000	35590000	35590000
262	35600000	35600000	35600000	35600000
263	35600000	35600000	35600000	35600000
264	35590000	35590000	35590000	35590000
265	35590000	35590000	35600000	35600000
266	35590000	35590000	35590000	35590000
267	35590000	35590000	35590000	35590000
268	35600000	35600000	35600000	35600000
269	35590000	35590000	35590000	35590000
270	35600000	35600000	35600000	35600000
271	35600000	35600000	35600000	35600000
272	35590000	35590000	35590000	35590000
273	35600000	35600000	35590000	35590000
274	35600000	35600000	35600000	35610000
275	35600000	35600000	35600000	35600000
276	35600000	35600000	35600000	35600000
277	35590000	35590000	35590000	35590000
278	35600000	35600000	35600000	35600000
279	35590000	35590000	35590000	35590000
280	35600000	35600000	35590000	35600000
281	35590000	35590000	35590000	35590000
282	35600000	35600000	35600000	35600000
283	35590000	35590000	35600000	35600000
284	35600000	35600000	35600000	35600000
285	35600000	35600000	35600000	35590000
286	35590000	35600000	35590000	35600000
287	35590000	35590000	35590000	35600000
288	35600000	35600000	35600000	35590000
289	35600000	35600000	35600000	35600000
290	35600000	35600000	35600000	35600000
291	35600000	35600000	35600000	35600000
292	35600000	35600000	35600000	35600000
293	35600000	35600000	35600000	35600000
294	35600000	35600000	35600000	35600000
295	35590000	35590000	35590000	35590000
296	35600000	35600000	35600000	35590000
297	35590000	35590000	35590000	35590000
298	35600000	35600000	35600000	35590000
299	35590000	35600000	35600000	35600000
300	35600000	35600000	35600000	35600000
301	35590000	35590000	35590000	35590000
302	35600000	35600000	35600000	35590000
303	35600000	35600000	35600000	35600000
304	35600000	35600000	35600000	35600000
305	35590000	35590000	35590000	35590000
306	35590000	35590000	35590000	35590000
307	35600000	35600000	35600000	35600000
308	35600000	35600000	35590000	35590000
309	35590000	35590000	35590000	35600000
310	35600000	35600000	35600000	35590000
311	35590000	35590000	35590000	35590000
312	35600000	35600000	35600000	35600000
313	35600000	35600000	35600000	35600000
314	35590000	35590000	35590000	35590000
315	35590000	35590000	35590000	35590000
316	35600000	35600000	35600000	35600000
317	35600000	35600000	35600000	35600000
318	35600000	35600000	35590000	35590000
319	35600000	35600000	35600000	35600000
320	35590000	35590000	35590000	35590000
321	35600000	35600000	35600000	35600000
322	35590000	35590000	35590000	35590000
323	35590000	35590000	35600000	35600000
324	35590000	35590000	35590000	35590000
325	35600000	35600000	35600000	35600000
326	35590000	35590000	35590000	35590000
327	35600000	35600000	35600000	35600000
328	35600000	35600000	35600000	35600000
329	35600000	35600000	35600000	35600000
330	35600000	35600000	35600000	35600000
331	35590000	35590000	35590000	35590000
332	35600000	35600000	35590000	35590000
333	35600000	35600000	35600000	35600000
334	35590000	35590000	35590000	35600000
335	35590000	35590000	35590000	35590000
336	35600000	35600000	35600000	35600000
337	35590000	35590000	35590000	35590000
338	35600000	35600000	35600000	35600000
339	35600000	35600000	35600000	35600000
340	35590000	35590000	35590000	35590000
341	35600000	35600000	35600000	35600000
342	35590000	35590000	35590000	35590000
343	35590000	35590000	35590000	35600000
344	35590000	35590000	35590000	35590000
345	35600000	35600000	35590000	35590000
346	35600000	35600000	35600000	35600000
347	35590000	35590000	35590000	35590000
348	35590000	35590000	35590000	35590000
349	35580000	35580000	35590000	35590000
350	35590000	35590000	35590000	35590000
351	35600000	35590000	35600000	35600000
352	35590000	35590000	35590000	35590000
353	35590000	35590000	35590000	35590000
354	35600000	35590000	35600000	35600000
355	35590000	35600000	35590000	35600000
356	35590000	35590000	35590000	35590000
357	35600000	35600000	35600000	35600000
358	35590000	35590000	35590000	35590000
359	35590000	35590000	35590000	35590000
360	35600000	35600000	35600000	35600000
361	35590000	35590000	35590000	35590000
362	35600000	35600000	35600000	35590000
363	35590000	35590000	35590000	35600000
364	35600000	35600000	35600000	35600000
365	35600000	35600000	35600000	35600000
366	35590000	35590000	35590000	35590000
367	35590000	35590000	35590000	35590000
368	35600000	35600000	35600000	35600000
369	35600000	35600000	35600000	35600000
370	35600000	35600000	35600000	35600000
371	35590000	35590000	35590000	35590000
372	35600000	35600000	35600000	35590000
373	35590000	35590000	35590000	35590000
374	35600000	35600000	35600000	35600000
375	35590000	35590000	35590000	35590000
376	35590000	35590000	35590000	35600000
377	35600000	35600000	35600000	35600000
378	35600000	35600000	35600000	35600000
379	35600000	35600000	35600000	35600000
380	35600000	35600000	35600000	35600000
381	35590000	35590000	35590000	35590000
382	35600000	35600000	35600000	35600000
383	35610000	35610000	35610000	35610000
384	35590000	35590000	35590000	35590000
385	35600000	35600000	35600000	35600000
386	35600000	35600000	35600000	35600000
387	35610000	35610000	35610000	35610000
388	35600000	35600000	35600000	35600000
389	35590000	35590000	35590000	35590000
390	35590000	35590000	35590000	35580000
391	35600000	35600000	35600000	35600000
392	35600000	35600000	35600000	35600000
393	35590000	35590000	35590000	35590000
394	35580000	35580000	35580000	35590000
395	35590000	35590000	35590000	35590000
396	35600000	35600000	35600000	35600000
397	35590000	35590000	35590000	35590000
398	35590000	35590000	35590000	35590000
399	35590000	35590000	35590000	35590000
400	35590000	35590000	35590000	35590000
401	35590000	35590000	35590000	35590000
402	35600000	35600000	35600000	35600000
403	35590000	35590000	35590000	35590000
404	35590000	35590000	35590000	35590000
405	35590000	35590000	35590000	35590000
406	35580000	35580000	35580000	35590000
407	35580000	35580000	35580000	35590000
408	35590000	35590000	35590000	35590000
409	35600000	35600000	35600000	35600000
410	35600000	35600000	35600000	35600000
411	35590000	35590000	35590000	35590000
412	35590000	35590000	35590000	35590000
413	35580000	35580000	35580000	35590000
414	35590000	35590000	35590000	35590000
415	35590000	35590000	35590000	35590000
416	35590000	35590000	35590000	35590000
417	35600000	35600000	35600000	35600000
418	35590000	35590000	35590000	35590000
419	35600000	35600000	35590000	35590000
420	35590000	35590000	35590000	35590000
421	35590000	35590000	35590000	35590000
422	35590000	35590000	35590000	35590000
423	35590000	35590000	35590000	35590000
424	35590000	35590000	35590000	35590000
425	35590000	35590000	35590000	35590000
426	35580000	35580000	35580000	35580000
427	35600000	35600000	35600000	35600000
428	35600000	35600000	35600000	35590000
429	35590000	35590000	35590000	35590000
430	35600000	35600000	35600000	35600000
431	35600000	35600000	35600000	35600000
432	35600000	35600000	35600000	35600000
433	35590000	35590000	35590000	35590000
434	35590000	35590000	35590000	35590000
435	35600000	35600000	35600000	35590000
436	35590000	35590000	35600000	35600000
437	35590000	35590000	35590000	35590000
438	35600000	35600000	35600000	35600000
439	35590000	35590000	35590000	35590000
440	35580000	35580000	35580000	35580000
441	35600000	35600000	35600000	35590000
442	35590000	35590000	35590000	35590000
443	35590000	35590000	35590000	35590000
444	35590000	35590000	35590000	35600000
445	35600000	35600000	35600000	35590000
446	35590000	35590000	35590000	35590000
447	35600000	35600000	35600000	35600000
448	35600000	35600000	35600000	35600000
449	35580000	35580000	35580000	35580000
450	35590000	35590000	35590000	35590000
451	35600000	35600000	35600000	35590000
452	35600000	35600000	35600000	35600000
453	35600000	35600000	35600000	35600000
454	35590000	35590000	35590000	35590000
455	35590000	35590000	35590000	35590000
456	35590000	35590000	35590000	35590000
457	35600000	35590000	35600000	35600000
458	35590000	35590000	35590000	35580000
459	35590000	35590000	35590000	35590000
460	35590000	35590000	35590000	35590000
461	35590000	35590000	35590000	35590000
462	35590000	35590000	35590000	35590000
463	35590000	35590000	35590000	35590000
464	35590000	35590000	35590000	35590000
465	35590000	35590000	35590000	35600000
466	35590000	35590000	35590000	35590000
467	35590000	35590000	35590000	35590000
468	35580000	35580000	35580000	35580000
469	35590000	35590000	35590000	35590000
470	35600000	35600000	35600000	35600000
471	35610000	35610000	35610000	35600000
472	35600000	35600000	35600000	35600000
473	35600000	35600000	35600000	35600000
474	35600000	35600000	35600000	35600000
475	35590000	35590000	35590000	35590000
476	35590000	35590000	35590000	35600000
477	35590000	35590000	35590000	35590000
478	35590000	35590000	35590000	35590000
479	35590000	35590000	35590000	35590000
480	35590000	35590000	35590000	35590000
481	35590000	35590000	35590000	35590000
482	35580000	35580000	35580000	35590000
483	35600000	35600000	35600000	35600000
484	35600000	35600000	35600000	35600000
485	35590000	35590000	35590000	35590000
486	35590000	35590000	35590000	35580000
487	35590000	35590000	35590000	35590000
488	35580000	35590000	35580000	35580000
489	35590000	35590000	35590000	35590000
490	35600000	35600000	35590000	35590000
491	35600000	35600000	35600000	35600000
492	35590000	35590000	35590000	35590000
493	35590000	35590000	35590000	35590000
494	35600000	35600000	35600000	35590000
495	35600000	35600000	35600000	35590000
496	35600000	35600000	35600000	35600000
497	35590000	35590000	35600000	35600000
498	35590000	35590000	35590000	35590000
499	35600000	35590000	35600000	35600000

============================================================
# BITSTREAM: 100us_5etapas.bit
# VENTANA: 100us
# ETAPAS_PRINCIPAL: 5
# NUM_MUESTRAS: 500
# FORMATO: idx	freq1_hz	freq2_hz	freq3_hz	freq4_hz
============================================================
idx	freq1_hz	freq2_hz	freq3_hz	freq4_hz
0	0	33440000	33440000	33430000
1	34020000	33440000	33440000	33440000
2	34040000	33450000	33450000	33450000
3	34030000	33450000	33440000	33440000
4	34020000	33440000	33430000	33440000
5	34040000	33440000	33440000	33440000
6	34030000	33430000	33430000	33430000
7	34040000	33440000	33440000	33440000
8	34030000	33430000	33440000	33440000
9	34040000	33450000	33450000	33450000
10	34030000	33440000	33440000	33440000
11	34030000	33440000	33440000	33440000
12	34030000	33440000	33440000	33450000
13	34030000	33440000	33440000	33430000
14	34010000	33440000	33440000	33440000
15	34000000	33430000	33430000	33430000
16	34020000	33440000	33440000	33440000
17	34010000	33440000	33430000	33440000
18	34020000	33440000	33440000	33440000
19	34010000	33430000	33430000	33430000
20	34010000	33440000	33440000	33440000
21	34040000	33440000	33440000	33440000
22	34020000	33430000	33440000	33430000
23	34020000	33450000	33450000	33450000
24	34020000	33440000	33440000	33440000
25	34010000	33440000	33440000	33440000
26	34040000	33450000	33440000	33450000
27	34020000	33440000	33440000	33430000
28	34000000	33430000	33430000	33430000
29	34010000	33430000	33440000	33430000
30	34030000	33450000	33440000	33440000
31	34030000	33440000	33440000	33440000
32	34030000	33440000	33440000	33440000
33	34030000	33440000	33440000	33440000
34	34030000	33440000	33440000	33440000
35	34010000	33430000	33430000	33430000
36	34010000	33430000	33430000	33430000
37	34020000	33440000	33440000	33440000
38	34020000	33440000	33430000	33430000
39	34030000	33440000	33440000	33440000
40	34020000	33430000	33430000	33440000
41	34000000	33430000	33430000	33430000
42	34010000	33440000	33440000	33440000
43	34010000	33430000	33430000	33430000
44	34010000	33440000	33440000	33440000
45	34000000	33430000	33430000	33430000
46	34010000	33430000	33430000	33440000
47	34010000	33430000	33430000	33430000
48	34010000	33430000	33430000	33430000
49	34030000	33440000	33440000	33440000
50	34010000	33440000	33430000	33440000
51	34010000	33440000	33440000	33430000
52	33990000	33420000	33430000	33430000
53	34020000	33440000	33450000	33440000
54	34020000	33430000	33440000	33440000
55	34020000	33440000	33440000	33440000
56	34020000	33440000	33440000	33440000
57	34010000	33440000	33440000	33440000
58	34000000	33440000	33430000	33440000
59	34000000	33440000	33440000	33440000
60	34020000	33430000	33440000	33430000
61	34010000	33430000	33430000	33430000
62	34020000	33440000	33440000	33440000
63	34020000	33440000	33440000	33430000
64	34010000	33430000	33440000	33430000
65	34010000	33440000	33430000	33440000
66	34020000	33440000	33450000	33440000
67	34010000	33440000	33440000	33440000
68	34010000	33440000	33440000	33440000
69	34000000	33440000	33440000	33440000
70	34000000	33430000	33430000	33430000
71	34010000	33430000	33440000	33430000
72	34010000	33430000	33430000	33430000
73	33980000	33430000	33420000	33420000
74	33980000	33420000	33420000	33430000
75	34000000	33430000	33440000	33440000
76	34020000	33440000	33430000	33440000
77	33980000	33420000	33430000	33420000
78	34010000	33430000	33440000	33440000
79	34000000	33430000	33430000	33430000
80	34000000	33440000	33440000	33440000
81	34010000	33440000	33440000	33440000
82	34020000	33440000	33440000	33440000
83	34010000	33430000	33430000	33430000
84	33990000	33430000	33430000	33430000
85	34020000	33430000	33440000	33430000
86	34020000	33430000	33430000	33440000
87	34020000	33440000	33440000	33440000
88	34010000	33440000	33440000	33440000
89	33990000	33430000	33430000	33430000
90	34030000	33450000	33450000	33450000
91	34020000	33440000	33440000	33440000
92	34010000	33450000	33440000	33450000
93	34020000	33450000	33450000	33450000
94	34020000	33440000	33440000	33440000
95	34020000	33440000	33450000	33440000
96	34010000	33440000	33440000	33440000
97	34010000	33440000	33440000	33440000
98	34000000	33430000	33430000	33440000
99	34020000	33440000	33440000	33440000
100	34010000	33440000	33440000	33440000
101	34010000	33440000	33440000	33440000
102	34020000	33440000	33440000	33440000
103	34020000	33440000	33440000	33440000
104	33990000	33430000	33430000	33440000
105	34020000	33440000	33440000	33430000
106	34030000	33440000	33440000	33440000
107	34000000	33440000	33440000	33440000
108	34000000	33430000	33430000	33430000
109	34000000	33430000	33430000	33430000
110	33990000	33430000	33430000	33440000
111	33980000	33430000	33420000	33420000
112	33990000	33440000	33430000	33430000
113	33990000	33430000	33440000	33430000
114	34040000	33460000	33450000	33450000
115	34000000	33430000	33440000	33430000
116	34000000	33440000	33440000	33440000
117	34010000	33440000	33440000	33440000
118	34040000	33440000	33440000	33440000
119	34020000	33440000	33450000	33440000
120	34000000	33430000	33430000	33430000
121	34020000	33450000	33440000	33440000
122	33990000	33440000	33440000	33440000
123	34000000	33440000	33430000	33440000
124	34020000	33440000	33440000	33440000
125	34000000	33430000	33430000	33430000
126	33990000	33430000	33430000	33430000
127	33990000	33420000	33430000	33420000
128	34010000	33440000	33440000	33440000
129	34000000	33430000	33420000	33430000
130	34000000	33440000	33440000	33440000
131	34000000	33430000	33430000	33440000
132	34020000	33440000	33440000	33440000
133	34000000	33440000	33440000	33440000
134	34010000	33440000	33450000	33440000
135	34000000	33430000	33440000	33440000
136	34020000	33440000	33440000	33440000
137	34000000	33430000	33430000	33430000
138	34030000	33440000	33440000	33440000
139	34020000	33440000	33440000	33440000
140	34010000	33430000	33430000	33440000
141	34020000	33440000	33440000	33440000
142	34000000	33430000	33430000	33430000
143	34010000	33440000	33440000	33440000
144	34000000	33430000	33440000	33430000
145	34020000	33440000	33440000	33440000
146	34030000	33440000	33440000	33430000
147	34010000	33440000	33440000	33440000
148	34010000	33430000	33440000	33440000
149	34040000	33460000	33450000	33460000
150	34030000	33450000	33450000	33450000
151	34010000	33440000	33440000	33440000
152	34020000	33440000	33450000	33450000
153	34040000	33450000	33450000	33450000
154	34040000	33440000	33440000	33440000
155	34020000	33440000	33440000	33440000
156	34010000	33430000	33430000	33430000
157	34030000	33440000	33440000	33440000
158	34020000	33440000	33440000	33440000
159	34030000	33450000	33450000	33450000
160	34040000	33450000	33450000	33450000
161	34040000	33450000	33450000	33460000
162	34020000	33440000	33450000	33440000
163	34030000	33440000	33440000	33440000
164	34030000	33440000	33440000	33450000
165	34030000	33450000	33450000	33450000
166	34030000	33440000	33440000	33440000
167	34020000	33440000	33440000	33440000
168	34010000	33430000	33430000	33430000
169	34040000	33440000	33440000	33450000
170	34030000	33440000	33440000	33440000
171	34060000	33450000	33440000	33450000
172	34050000	33450000	33450000	33450000
173	34040000	33440000	33440000	33440000
174	34040000	33440000	33440000	33440000
175	34020000	33440000	33430000	33430000
176	34010000	33440000	33440000	33440000
177	34030000	33450000	33440000	33450000
178	34020000	33440000	33440000	33440000
179	34010000	33430000	33440000	33440000
180	34010000	33430000	33430000	33430000
181	34000000	33440000	33430000	33440000
182	34010000	33430000	33430000	33430000
183	34020000	33430000	33430000	33430000
184	34020000	33440000	33440000	33440000
185	34030000	33440000	33440000	33440000
186	34030000	33440000	33440000	33440000
187	34030000	33440000	33440000	33440000
188	34000000	33420000	33430000	33430000
189	34000000	33430000	33430000	33420000
190	34000000	33440000	33430000	33430000
191	34010000	33440000	33440000	33430000
192	34030000	33440000	33440000	33440000
193	34020000	33440000	33440000	33450000
194	34030000	33440000	33440000	33440000
195	34010000	33430000	33440000	33450000
196	34020000	33440000	33440000	33440000
197	34000000	33430000	33430000	33430000
198	34010000	33440000	33440000	33440000
199	34020000	33440000	33440000	33440000
200	34020000	33440000	33430000	33440000
201	34010000	33430000	33430000	33430000
202	34020000	33440000	33440000	33440000
203	34050000	33450000	33450000	33440000
204	34020000	33440000	33440000	33440000
205	34050000	33450000	33440000	33450000
206	34030000	33440000	33440000	33440000
207	34010000	33440000	33440000	33440000
208	34020000	33450000	33440000	33440000
209	34020000	33440000	33440000	33440000
210	34030000	33450000	33450000	33450000
211	34040000	33450000	33450000	33450000
212	34020000	33450000	33440000	33440000
213	34020000	33450000	33440000	33440000
214	34030000	33440000	33440000	33440000
215	34060000	33460000	33450000	33460000
216	34010000	33430000	33430000	33440000
217	34020000	33440000	33440000	33440000
218	34030000	33440000	33440000	33440000
219	34050000	33460000	33450000	33450000
220	34020000	33450000	33450000	33450000
221	34040000	33450000	33440000	33440000
222	34030000	33430000	33440000	33430000
223	34020000	33440000	33440000	33440000
224	34020000	33440000	33440000	33440000
225	34010000	33440000	33440000	33440000
226	34020000	33440000	33450000	33450000
227	33990000	33430000	33440000	33430000
228	34010000	33430000	33430000	33430000
229	34020000	33440000	33440000	33440000
230	34020000	33440000	33440000	33440000
231	34000000	33430000	33430000	33430000
232	34030000	33440000	33440000	33440000
233	34030000	33440000	33440000	33440000
234	34000000	33430000	33430000	33420000
235	34010000	33430000	33430000	33430000
236	34040000	33440000	33440000	33440000
237	34020000	33430000	33430000	33430000
238	34020000	33440000	33440000	33440000
239	34010000	33440000	33430000	33440000
240	34000000	33430000	33430000	33430000
241	34010000	33440000	33440000	33440000
242	34020000	33430000	33440000	33430000
243	34000000	33440000	33430000	33440000
244	34020000	33440000	33430000	33440000
245	34000000	33430000	33420000	33430000
246	34000000	33430000	33430000	33430000
247	34000000	33430000	33430000	33430000
248	34010000	33440000	33430000	33430000
249	34000000	33430000	33430000	33430000
250	34000000	33430000	33430000	33430000
251	34020000	33450000	33440000	33440000
252	34010000	33430000	33440000	33440000
253	34030000	33450000	33440000	33440000
254	34000000	33430000	33430000	33430000
255	34010000	33430000	33440000	33440000
256	34020000	33440000	33440000	33440000
257	34030000	33440000	33450000	33440000
258	33990000	33430000	33430000	33430000
259	33990000	33430000	33440000	33430000
260	34010000	33430000	33440000	33430000
261	34020000	33440000	33440000	33440000
262	34040000	33450000	33450000	33450000
263	34010000	33430000	33430000	33430000
264	34010000	33430000	33430000	33440000
265	34020000	33440000	33430000	33440000
266	34020000	33440000	33440000	33440000
267	34020000	33440000	33440000	33440000
268	34040000	33440000	33440000	33440000
269	34020000	33450000	33450000	33450000
270	34030000	33440000	33450000	33440000
271	34020000	33440000	33440000	33440000
272	34040000	33450000	33450000	33450000
273	34030000	33440000	33450000	33440000
274	34040000	33450000	33450000	33440000
275	34020000	33430000	33440000	33440000
276	34040000	33450000	33440000	33450000
277	34020000	33450000	33440000	33450000
278	34030000	33450000	33450000	33450000
279	34050000	33460000	33450000	33450000
280	34010000	33440000	33430000	33440000
281	34040000	33450000	33450000	33450000
282	34050000	33450000	33460000	33460000
283	34040000	33450000	33450000	33450000
284	34040000	33440000	33450000	33440000
285	34030000	33440000	33440000	33440000
286	34030000	33440000	33440000	33440000
287	34020000	33440000	33440000	33430000
288	34000000	33440000	33440000	33430000
289	34020000	33430000	33440000	33450000
290	34040000	33450000	33450000	33450000
291	34050000	33450000	33450000	33450000
292	34020000	33440000	33450000	33450000
293	34020000	33440000	33440000	33440000
294	34020000	33440000	33440000	33440000
295	34020000	33440000	33430000	33440000
296	34010000	33440000	33440000	33440000
297	34030000	33440000	33440000	33440000
298	34040000	33450000	33440000	33450000
299	34030000	33440000	33440000	33440000
300	34030000	33440000	33440000	33440000
301	34040000	33440000	33440000	33440000
302	34030000	33440000	33440000	33440000
303	34040000	33440000	33440000	33440000
304	34030000	33440000	33440000	33440000
305	34040000	33450000	33450000	33450000
306	34020000	33430000	33440000	33440000
307	34040000	33450000	33450000	33450000
308	34050000	33450000	33450000	33440000
309	34050000	33450000	33450000	33450000
310	34030000	33440000	33440000	33440000
311	34020000	33440000	33440000	33430000
312	34030000	33440000	33440000	33440000
313	34040000	33440000	33450000	33440000
314	34030000	33440000	33440000	33450000
315	34040000	33450000	33450000	33450000
316	34030000	33450000	33450000	33450000
317	34050000	33450000	33450000	33450000
318	34050000	33450000	33450000	33450000
319	34040000	33450000	33450000	33450000
320	34060000	33450000	33450000	33450000
321	34040000	33450000	33440000	33450000
322	34020000	33430000	33440000	33440000
323	34000000	33430000	33440000	33430000
324	34040000	33450000	33450000	33450000
325	34030000	33440000	33430000	33430000
326	34040000	33440000	33450000	33450000
327	34060000	33450000	33450000	33450000
328	34040000	33440000	33440000	33440000
329	34050000	33440000	33450000	33440000
330	34040000	33440000	33440000	33440000
331	34010000	33440000	33440000	33440000
332	34020000	33440000	33440000	33430000
333	34010000	33430000	33430000	33430000
334	34020000	33440000	33440000	33440000
335	34010000	33440000	33440000	33440000
336	34040000	33440000	33440000	33440000
337	34030000	33440000	33440000	33440000
338	34040000	33460000	33440000	33440000
339	34040000	33450000	33450000	33450000
340	34040000	33450000	33440000	33450000
341	34040000	33440000	33450000	33440000
342	34050000	33440000	33440000	33440000
343	34020000	33440000	33440000	33440000
344	34040000	33450000	33450000	33450000
345	34030000	33450000	33450000	33450000
346	34020000	33440000	33430000	33440000
347	34040000	33440000	33440000	33440000
348	34020000	33440000	33450000	33450000
349	34020000	33430000	33430000	33430000
350	34020000	33440000	33440000	33440000
351	34040000	33440000	33440000	33440000
352	34030000	33440000	33440000	33440000
353	34030000	33430000	33440000	33440000
354	34040000	33440000	33450000	33440000
355	34030000	33430000	33430000	33440000
356	34020000	33430000	33440000	33440000
357	34010000	33440000	33440000	33440000
358	34030000	33440000	33450000	33440000
359	34040000	33440000	33440000	33440000
360	34040000	33450000	33450000	33450000
361	34040000	33450000	33450000	33450000
362	34020000	33440000	33440000	33450000
363	34040000	33450000	33450000	33450000
364	34010000	33430000	33430000	33430000
365	34020000	33430000	33430000	33430000
366	34040000	33440000	33440000	33440000
367	34010000	33440000	33430000	33440000
368	34030000	33440000	33440000	33440000
369	34010000	33440000	33440000	33440000
370	34040000	33450000	33440000	33440000
371	34030000	33440000	33440000	33440000
372	34000000	33420000	33430000	33430000
373	34050000	33460000	33450000	33450000
374	34020000	33440000	33440000	33440000
375	34030000	33440000	33440000	33440000
376	34030000	33440000	33440000	33440000
377	34020000	33440000	33430000	33440000
378	34030000	33440000	33440000	33440000
379	34020000	33440000	33440000	33440000
380	34020000	33440000	33440000	33440000
381	34010000	33440000	33440000	33440000
382	34010000	33440000	33440000	33440000
383	34010000	33430000	33430000	33430000
384	34010000	33440000	33440000	33440000
385	34010000	33440000	33430000	33440000
386	34050000	33450000	33440000	33440000
387	34040000	33450000	33450000	33450000
388	34010000	33440000	33440000	33440000
389	34020000	33430000	33430000	33430000
390	34020000	33440000	33440000	33440000
391	34020000	33440000	33440000	33440000
392	34040000	33440000	33440000	33440000
393	34030000	33440000	33440000	33440000
394	34030000	33440000	33440000	33440000
395	34040000	33450000	33450000	33450000
396	34020000	33440000	33440000	33440000
397	34030000	33450000	33450000	33440000
398	34020000	33440000	33440000	33430000
399	34030000	33440000	33440000	33440000
400	34020000	33440000	33450000	33440000
401	34040000	33450000	33450000	33460000
402	34030000	33440000	33440000	33450000
403	34030000	33450000	33450000	33450000
404	34020000	33440000	33440000	33440000
405	34010000	33440000	33440000	33440000
406	34030000	33440000	33440000	33440000
407	34030000	33450000	33450000	33450000
408	33990000	33430000	33420000	33430000
409	34030000	33440000	33440000	33440000
410	34010000	33430000	33440000	33440000
411	34050000	33450000	33450000	33450000
412	34050000	33450000	33450000	33450000
413	34000000	33430000	33430000	33430000
414	34020000	33440000	33430000	33440000
415	34000000	33440000	33430000	33430000
416	34010000	33440000	33430000	33430000
417	34020000	33440000	33440000	33440000
418	34010000	33440000	33440000	33440000
419	34020000	33430000	33440000	33430000
420	34020000	33440000	33440000	33440000
421	34020000	33430000	33430000	33430000
422	34010000	33440000	33440000	33440000
423	34010000	33440000	33440000	33440000
424	34020000	33450000	33440000	33440000
425	34000000	33430000	33430000	33440000
426	34000000	33440000	33430000	33430000
427	33990000	33430000	33430000	33430000
428	34040000	33450000	33450000	33450000
429	34030000	33440000	33430000	33440000
430	34020000	33440000	33440000	33450000
431	34020000	33440000	33440000	33440000
432	34020000	33440000	33440000	33440000
433	34010000	33430000	33440000	33440000
434	34040000	33450000	33450000	33450000
435	34000000	33430000	33440000	33430000
436	33990000	33430000	33440000	33440000
437	34020000	33440000	33440000	33440000
438	34000000	33430000	33440000	33430000
439	34010000	33430000	33430000	33430000
440	34000000	33430000	33430000	33430000
441	34000000	33430000	33430000	33430000
442	33990000	33430000	33440000	33430000
443	34010000	33440000	33440000	33440000
444	34020000	33440000	33440000	33440000
445	34020000	33440000	33440000	33440000
446	34020000	33440000	33440000	33430000
447	34010000	33430000	33430000	33440000
448	34010000	33440000	33440000	33440000
449	33990000	33430000	33430000	33430000
450	34000000	33430000	33430000	33430000
451	33990000	33430000	33430000	33430000
452	33990000	33430000	33430000	33430000
453	34000000	33440000	33430000	33430000
454	33980000	33420000	33420000	33420000
455	33990000	33430000	33430000	33430000
456	34000000	33440000	33430000	33440000
457	34010000	33430000	33440000	33430000
458	34000000	33420000	33420000	33430000
459	34010000	33430000	33440000	33430000
460	34020000	33440000	33440000	33440000
461	34010000	33440000	33430000	33430000
462	34000000	33430000	33420000	33430000
463	34010000	33440000	33440000	33440000
464	33990000	33420000	33420000	33420000
465	34000000	33440000	33440000	33440000
466	34010000	33430000	33430000	33430000
467	34010000	33440000	33440000	33440000
468	34000000	33430000	33440000	33440000
469	34000000	33430000	33430000	33430000
470	34000000	33430000	33440000	33430000
471	34000000	33430000	33430000	33430000
472	34000000	33430000	33430000	33430000
473	33990000	33420000	33420000	33420000
474	34000000	33430000	33430000	33430000
475	34020000	33440000	33440000	33440000
476	33990000	33430000	33430000	33430000
477	34000000	33430000	33430000	33430000
478	34010000	33430000	33430000	33430000
479	34020000	33440000	33430000	33440000
480	34010000	33440000	33440000	33440000
481	33980000	33420000	33430000	33430000
482	34000000	33430000	33430000	33430000
483	34020000	33430000	33430000	33430000
484	33980000	33430000	33430000	33430000
485	34020000	33450000	33430000	33430000
486	34000000	33430000	33430000	33420000
487	33980000	33430000	33430000	33430000
488	34000000	33430000	33430000	33430000
489	34000000	33440000	33430000	33430000
490	34010000	33440000	33440000	33430000
491	34020000	33440000	33440000	33440000
492	33980000	33420000	33420000	33420000
493	33990000	33420000	33430000	33430000
494	34000000	33440000	33440000	33440000
495	34010000	33440000	33430000	33440000
496	34000000	33430000	33430000	33430000
497	34010000	33430000	33430000	33430000
498	34010000	33430000	33430000	33430000
499	34000000	33440000	33440000	33430000

============================================================
# BITSTREAM: 100us_51etapas.bit
# VENTANA: 100us
# ETAPAS_PRINCIPAL: 51
# NUM_MUESTRAS: 500
# FORMATO: idx	freq1_hz	freq2_hz	freq3_hz	freq4_hz
============================================================
idx	freq1_hz	freq2_hz	freq3_hz	freq4_hz
0	27980000	31480000	31480000	28830000
1	27980000	31480000	31480000	28810000
2	27980000	31480000	31480000	28820000
3	27980000	31480000	31480000	28820000
4	27980000	31470000	31470000	28830000
5	27980000	31480000	31480000	28820000
6	27990000	31480000	31480000	28810000
7	27980000	31470000	31470000	28810000
8	27980000	31480000	31480000	28810000
9	27970000	31480000	31470000	28820000
10	27970000	31470000	31470000	28810000
11	27960000	31470000	31470000	28830000
12	27980000	31480000	31480000	28810000
13	27980000	31470000	31470000	28810000
14	27970000	31480000	31480000	28810000
15	27990000	31490000	31480000	28810000
16	27980000	31480000	31480000	28820000
17	27980000	31480000	31480000	28830000
18	27990000	31490000	31490000	28820000
19	27980000	31490000	31490000	28820000
20	27980000	31480000	31480000	28820000
21	27980000	31480000	31480000	28810000
22	27980000	31480000	31470000	28810000
23	27980000	31480000	31480000	28810000
24	27980000	31480000	31480000	28810000
25	27980000	31480000	31480000	28810000
26	27980000	31480000	31480000	28810000
27	27980000	31480000	31480000	28820000
28	27980000	31480000	31480000	28800000
29	27980000	31470000	31470000	28820000
30	27970000	31480000	31480000	28820000
31	27990000	31490000	31490000	28820000
32	27980000	31480000	31480000	28810000
33	27990000	31490000	31490000	28820000
34	27970000	31470000	31470000	28820000
35	27990000	31490000	31490000	28810000
36	27980000	31480000	31480000	28820000
37	27980000	31480000	31480000	28820000
38	27980000	31490000	31490000	28820000
39	27980000	31490000	31490000	28820000
40	27980000	31490000	31490000	28820000
41	27990000	31480000	31480000	28820000
42	27980000	31480000	31480000	28810000
43	27980000	31470000	31470000	28830000
44	27980000	31480000	31480000	28810000
45	27990000	31500000	31500000	28810000
46	27980000	31490000	31490000	28820000
47	27990000	31500000	31500000	28820000
48	27990000	31480000	31480000	28810000
49	27990000	31490000	31490000	28820000
50	27980000	31480000	31480000	28810000
51	27990000	31500000	31500000	28820000
52	27990000	31490000	31490000	28820000
53	27990000	31490000	31490000	28820000
54	28000000	31500000	31500000	28820000
55	27990000	31490000	31490000	28820000
56	27990000	31490000	31490000	28810000
57	27980000	31490000	31490000	28820000
58	27980000	31490000	31490000	28820000
59	27990000	31490000	31490000	28820000
60	28000000	31500000	31500000	28820000
61	27990000	31500000	31500000	28820000
62	27990000	31490000	31490000	28830000
63	28000000	31500000	31500000	28810000
64	27980000	31480000	31480000	28820000
65	27990000	31480000	31480000	28810000
66	27990000	31490000	31490000	28810000
67	27990000	31480000	31490000	28810000
68	27990000	31490000	31490000	28820000
69	27990000	31490000	31490000	28830000
70	27990000	31480000	31480000	28810000
71	27990000	31500000	31500000	28830000
72	27990000	31490000	31490000	28820000
73	27990000	31500000	31490000	28820000
74	27980000	31480000	31480000	28810000
75	27990000	31480000	31490000	28820000
76	27990000	31490000	31490000	28820000
77	27990000	31500000	31490000	28820000
78	27990000	31500000	31490000	28810000
79	27990000	31490000	31490000	28820000
80	28000000	31490000	31490000	28820000
81	28000000	31500000	31500000	28830000
82	27980000	31480000	31480000	28820000
83	27990000	31490000	31490000	28810000
84	27980000	31490000	31490000	28820000
85	27990000	31490000	31490000	28820000
86	27990000	31480000	31480000	28820000
87	27980000	31480000	31480000	28810000
88	27990000	31500000	31500000	28820000
89	27990000	31490000	31480000	28810000
90	27980000	31480000	31480000	28820000
91	27980000	31480000	31480000	28820000
92	27980000	31480000	31480000	28820000
93	27990000	31490000	31490000	28820000
94	28000000	31500000	31490000	28820000
95	27990000	31480000	31480000	28810000
96	27980000	31480000	31480000	28820000
97	28000000	31490000	31490000	28820000
98	27990000	31490000	31490000	28820000
99	27990000	31490000	31490000	28810000
100	27980000	31480000	31480000	28820000
101	28000000	31500000	31490000	28810000
102	27980000	31480000	31480000	28810000
103	27990000	31480000	31480000	28810000
104	27980000	31480000	31480000	28820000
105	27990000	31480000	31480000	28810000
106	27980000	31480000	31480000	28820000
107	28000000	31490000	31500000	28810000
108	27980000	31480000	31480000	28810000
109	27990000	31490000	31490000	28810000
110	27990000	31480000	31480000	28820000
111	27980000	31480000	31480000	28810000
112	27980000	31480000	31480000	28820000
113	27990000	31490000	31490000	28820000
114	27990000	31490000	31490000	28810000
115	27990000	31480000	31490000	28810000
116	27990000	31490000	31490000	28820000
117	27990000	31490000	31490000	28820000
118	27990000	31500000	31490000	28820000
119	27980000	31480000	31480000	28820000
120	28000000	31500000	31500000	28820000
121	27980000	31490000	31490000	28830000
122	27990000	31490000	31490000	28810000
123	27990000	31490000	31490000	28820000
124	27990000	31490000	31490000	28810000
125	27990000	31490000	31490000	28810000
126	27990000	31490000	31490000	28810000
127	27980000	31470000	31480000	28820000
128	27990000	31490000	31490000	28810000
129	27990000	31500000	31490000	28820000
130	27980000	31480000	31480000	28810000
131	27980000	31490000	31490000	28820000
132	27980000	31480000	31480000	28820000
133	27990000	31490000	31490000	28820000
134	27980000	31490000	31490000	28820000
135	27980000	31480000	31480000	28820000
136	27980000	31480000	31480000	28820000
137	27990000	31490000	31490000	28810000
138	28000000	31500000	31500000	28810000
139	28000000	31490000	31500000	28820000
140	27990000	31500000	31490000	28820000
141	27990000	31490000	31490000	28820000
142	28000000	31500000	31500000	28820000
143	27990000	31480000	31480000	28820000
144	27980000	31480000	31480000	28810000
145	27990000	31480000	31490000	28820000
146	27990000	31490000	31490000	28810000
147	27990000	31500000	31490000	28810000
148	27980000	31490000	31480000	28820000
149	27990000	31480000	31480000	28820000
150	27980000	31480000	31480000	28810000
151	27980000	31490000	31490000	28820000
152	27980000	31480000	31490000	28820000
153	27990000	31490000	31490000	28820000
154	27980000	31480000	31480000	28820000
155	27990000	31500000	31500000	28820000
156	27990000	31480000	31490000	28820000
157	27990000	31480000	31480000	28820000
158	27990000	31490000	31480000	28810000
159	27990000	31480000	31490000	28820000
160	27980000	31490000	31490000	28820000
161	27990000	31490000	31490000	28810000
162	27980000	31480000	31480000	28820000
163	27990000	31480000	31480000	28820000
164	27980000	31490000	31480000	28820000
165	27990000	31490000	31490000	28830000
166	27980000	31480000	31480000	28820000
167	27990000	31490000	31490000	28810000
168	27990000	31490000	31490000	28820000
169	27990000	31490000	31490000	28810000
170	27980000	31490000	31490000	28820000
171	27990000	31490000	31490000	28810000
172	27990000	31480000	31490000	28820000
173	27990000	31490000	31490000	28810000
174	27990000	31490000	31490000	28820000
175	27990000	31490000	31490000	28820000
176	27970000	31480000	31480000	28820000
177	27990000	31490000	31490000	28810000
178	27990000	31490000	31490000	28810000
179	27990000	31490000	31490000	28820000
180	27990000	31490000	31490000	28810000
181	27990000	31480000	31480000	28810000
182	27990000	31490000	31490000	28810000
183	27980000	31490000	31480000	28820000
184	27990000	31490000	31510000	28810000
185	28000000	31490000	31490000	28820000
186	27990000	31480000	31490000	28820000
187	28000000	31490000	31490000	28820000
188	27990000	31490000	31490000	28830000
189	27990000	31490000	31490000	28820000
190	27980000	31480000	31480000	28820000
191	28000000	31490000	31490000	28820000
192	27980000	31480000	31480000	28820000
193	27990000	31490000	31490000	28810000
194	27980000	31490000	31490000	28820000
195	27980000	31490000	31490000	28820000
196	27990000	31490000	31490000	28810000
197	27990000	31480000	31490000	28820000
198	27990000	31490000	31490000	28810000
199	27990000	31490000	31490000	28820000
200	27980000	31490000	31480000	28820000
201	27980000	31490000	31490000	28810000
202	27990000	31490000	31490000	28820000
203	28000000	31500000	31490000	28810000
204	27980000	31480000	31480000	28820000
205	27980000	31490000	31490000	28820000
206	27980000	31480000	31480000	28820000
207	28000000	31490000	31490000	28810000
208	27990000	31490000	31490000	28820000
209	28000000	31490000	31490000	28820000
210	27990000	31500000	31480000	28830000
211	28000000	31490000	31490000	28810000
212	27990000	31480000	31490000	28820000
213	27980000	31490000	31490000	28830000
214	27980000	31480000	31480000	28820000
215	27990000	31500000	31500000	28820000
216	28000000	31500000	31500000	28820000
217	27990000	31490000	31490000	28820000
218	27990000	31490000	31490000	28820000
219	27990000	31480000	31480000	28820000
220	28000000	31490000	31500000	28820000
221	28000000	31490000	31490000	28810000
222	28000000	31500000	31500000	28810000
223	27990000	31490000	31490000	28820000
224	27990000	31490000	31490000	28810000
225	27990000	31480000	31480000	28820000
226	27990000	31480000	31480000	28820000
227	27980000	31480000	31480000	28810000
228	27990000	31490000	31490000	28820000
229	27990000	31500000	31490000	28820000
230	27990000	31490000	31490000	28820000
231	27980000	31490000	31480000	28810000
232	27980000	31490000	31480000	28820000
233	27990000	31490000	31490000	28820000
234	27990000	31490000	31490000	28810000
235	27990000	31490000	31490000	28820000
236	27980000	31480000	31480000	28820000
237	27990000	31490000	31490000	28810000
238	27980000	31490000	31490000	28820000
239	27980000	31480000	31480000	28810000
240	27990000	31490000	31490000	28810000
241	27990000	31480000	31480000	28810000
242	27980000	31490000	31480000	28820000
243	27990000	31480000	31480000	28810000
244	27990000	31490000	31490000	28820000
245	27990000	31490000	31490000	28810000
246	27990000	31490000	31490000	28810000
247	27990000	31480000	31490000	28820000
248	27990000	31480000	31480000	28810000
249	27980000	31480000	31480000	28820000
250	27980000	31480000	31480000	28830000
251	27990000	31490000	31490000	28820000
252	27990000	31490000	31490000	28810000
253	27990000	31490000	31490000	28820000
254	27990000	31490000	31490000	28820000
255	28000000	31490000	31490000	28820000
256	27980000	31480000	31480000	28820000
257	28000000	31490000	31490000	28820000
258	27980000	31490000	31490000	28810000
259	27990000	31490000	31490000	28820000
260	27980000	31490000	31480000	28820000
261	27990000	31490000	31490000	28810000
262	27990000	31490000	31490000	28820000
263	27990000	31490000	31490000	28810000
264	27990000	31490000	31490000	28810000
265	27980000	31480000	31480000	28820000
266	27980000	31480000	31480000	28820000
267	27990000	31490000	31490000	28820000
268	27990000	31490000	31490000	28820000
269	27990000	31490000	31490000	28820000
270	27980000	31480000	31480000	28820000
271	27990000	31490000	31490000	28820000
272	27990000	31500000	31500000	28820000
273	27990000	31490000	31490000	28810000
274	27980000	31490000	31490000	28810000
275	27990000	31490000	31490000	28820000
276	27990000	31500000	31500000	28820000
277	27990000	31490000	31490000	28810000
278	27990000	31490000	31490000	28820000
279	27990000	31490000	31490000	28820000
280	27990000	31480000	31480000	28820000
281	27990000	31490000	31490000	28820000
282	27990000	31500000	31490000	28810000
283	27990000	31490000	31490000	28830000
284	27990000	31490000	31490000	28820000
285	27990000	31490000	31490000	28820000
286	27990000	31490000	31490000	28810000
287	27990000	31480000	31480000	28820000
288	27990000	31490000	31490000	28820000
289	27990000	31490000	31490000	28820000
290	28000000	31500000	31500000	28820000
291	28000000	31500000	31500000	28820000
292	27990000	31480000	31480000	28820000
293	27980000	31480000	31480000	28810000
294	27990000	31490000	31490000	28820000
295	27990000	31490000	31480000	28820000
296	27990000	31490000	31490000	28820000
297	27990000	31490000	31490000	28820000
298	27980000	31480000	31480000	28830000
299	27990000	31490000	31490000	28820000
300	27980000	31480000	31480000	28820000
301	27990000	31490000	31480000	28820000
302	27990000	31500000	31490000	28810000
303	27990000	31490000	31490000	28820000
304	27990000	31480000	31480000	28820000
305	27990000	31500000	31500000	28820000
306	27980000	31490000	31490000	28810000
307	27990000	31490000	31480000	28820000
308	27980000	31480000	31480000	28810000
309	27990000	31480000	31490000	28810000
310	27990000	31480000	31490000	28810000
311	27980000	31490000	31490000	28820000
312	27990000	31490000	31490000	28810000
313	27990000	31490000	31490000	28810000
314	27990000	31500000	31490000	28820000
315	27980000	31470000	31470000	28820000
316	27980000	31490000	31490000	28810000
317	27980000	31480000	31480000	28810000
318	27990000	31490000	31490000	28820000
319	28000000	31500000	31500000	28810000
320	28000000	31490000	31490000	28810000
321	28000000	31490000	31490000	28820000
322	27990000	31490000	31490000	28820000
323	27980000	31480000	31480000	28830000
324	27980000	31490000	31490000	28830000
325	27980000	31490000	31490000	28820000
326	27990000	31490000	31490000	28810000
327	27990000	31490000	31480000	28820000
328	27980000	31490000	31490000	28810000
329	27980000	31480000	31480000	28820000
330	27990000	31500000	31500000	28830000
331	27990000	31490000	31490000	28820000
332	27990000	31490000	31490000	28810000
333	27980000	31480000	31480000	28810000
334	27990000	31490000	31490000	28820000
335	27990000	31490000	31490000	28810000
336	27990000	31490000	31490000	28810000
337	28000000	31500000	31500000	28810000
338	27980000	31480000	31480000	28820000
339	27980000	31480000	31480000	28820000
340	27980000	31490000	31490000	28810000
341	27990000	31480000	31480000	28820000
342	27990000	31490000	31490000	28810000
343	27990000	31480000	31480000	28820000
344	27990000	31490000	31490000	28820000
345	27990000	31490000	31490000	28810000
346	27990000	31490000	31490000	28820000
347	27990000	31500000	31500000	28820000
348	27990000	31490000	31490000	28810000
349	27990000	31480000	31490000	28810000
350	27990000	31490000	31490000	28820000
351	27980000	31490000	31490000	28820000
352	28000000	31490000	31490000	28810000
353	27990000	31490000	31490000	28810000
354	27990000	31490000	31490000	28810000
355	27990000	31490000	31490000	28810000
356	27980000	31490000	31480000	28820000
357	27990000	31490000	31490000	28820000
358	27990000	31490000	31490000	28820000
359	27980000	31480000	31480000	28820000
360	27980000	31480000	31480000	28810000
361	27990000	31480000	31480000	28820000
362	27980000	31480000	31480000	28820000
363	27990000	31490000	31490000	28820000
364	27990000	31480000	31480000	28820000
365	27990000	31490000	31490000	28820000
366	27990000	31490000	31490000	28820000
367	27990000	31500000	31500000	28820000
368	27990000	31490000	31490000	28810000
369	27980000	31490000	31480000	28820000
370	27990000	31500000	31500000	28830000
371	27980000	31490000	31480000	28820000
372	28000000	31490000	31490000	28820000
373	28000000	31490000	31490000	28820000
374	27980000	31490000	31480000	28820000
375	27990000	31490000	31490000	28820000
376	27990000	31490000	31490000	28820000
377	27990000	31490000	31490000	28810000
378	27990000	31480000	31480000	28820000
379	27980000	31490000	31480000	28830000
380	27990000	31490000	31490000	28830000
381	28110000	31490000	31490000	28820000
382	27980000	31480000	31480000	28810000
383	27990000	31490000	31490000	28810000
384	27990000	31480000	31490000	28820000
385	27990000	31490000	31490000	28820000
386	27980000	31490000	31490000	28820000
387	27990000	31490000	31490000	28810000
388	27990000	31490000	31490000	28820000
389	27980000	31480000	31470000	28810000
390	27990000	31490000	31490000	28810000
391	27990000	31490000	31490000	28820000
392	27980000	31490000	31480000	28810000
393	27980000	31490000	31490000	28830000
394	27990000	31480000	31480000	28820000
395	27980000	31480000	31480000	28820000
396	27990000	31490000	31490000	28820000
397	27990000	31490000	31490000	28820000
398	27990000	31490000	31490000	28810000
399	27980000	31480000	31480000	28820000
400	27970000	31470000	31470000	28820000
401	27980000	31480000	31480000	28830000
402	27980000	31480000	31480000	28820000
403	27980000	31480000	31480000	28810000
404	27980000	31470000	31480000	28830000
405	27990000	31490000	31490000	28810000
406	27990000	31490000	31490000	28820000
407	27990000	31490000	31490000	28830000
408	27990000	31490000	31490000	28820000
409	27980000	31480000	31490000	28810000
410	27990000	31490000	31490000	28820000
411	27980000	31480000	31480000	28820000
412	27990000	31480000	31480000	28820000
413	27990000	31490000	31490000	28820000
414	27990000	31490000	31490000	28820000
415	27990000	31490000	31490000	28810000
416	27980000	31480000	31480000	28830000
417	27980000	31480000	31480000	28810000
418	27990000	31490000	31490000	28820000
419	27990000	31490000	31490000	28820000
420	27980000	31490000	31480000	28820000
421	27980000	31480000	31480000	28820000
422	27990000	31490000	31490000	28820000
423	27990000	31480000	31490000	28820000
424	27990000	31490000	31490000	28810000
425	27980000	31490000	31490000	28820000
426	27980000	31480000	31480000	28820000
427	27990000	31490000	31490000	28810000
428	27990000	31490000	31490000	28820000
429	27980000	31480000	31480000	28820000
430	27990000	31490000	31490000	28820000
431	28000000	31500000	31500000	28820000
432	27990000	31480000	31490000	28820000
433	27990000	31490000	31490000	28820000
434	27990000	31480000	31480000	28820000
435	27980000	31480000	31490000	28810000
436	27980000	31490000	31490000	28820000
437	27980000	31480000	31480000	28820000
438	27990000	31490000	31490000	28810000
439	27990000	31490000	31490000	28830000
440	27990000	31480000	31480000	28830000
441	27990000	31490000	31490000	28830000
442	27990000	31480000	31490000	28820000
443	27990000	31490000	31490000	28820000
444	27990000	31490000	31490000	28820000
445	27990000	31490000	31490000	28820000
446	27990000	31490000	31490000	28820000
447	27990000	31500000	31500000	28830000
448	27990000	31490000	31490000	28820000
449	27990000	31490000	31490000	28810000
450	27990000	31490000	31490000	28830000
451	27980000	31480000	31480000	28810000
452	27980000	31490000	31490000	28830000
453	28000000	31500000	31500000	28810000
454	27990000	31490000	31490000	28820000
455	27980000	31480000	31480000	28820000
456	27990000	31490000	31490000	28820000
457	27990000	31480000	31490000	28820000
458	27980000	31490000	31490000	28820000
459	27990000	31490000	31490000	28820000
460	27990000	31480000	31480000	28820000
461	27980000	31490000	31480000	28810000
462	27980000	31490000	31490000	28810000
463	27990000	31490000	31490000	28810000
464	27990000	31490000	31490000	28820000
465	27990000	31490000	31490000	28830000
466	27990000	31480000	31480000	28820000
467	27990000	31490000	31490000	28820000
468	27980000	31480000	31480000	28830000
469	27980000	31470000	31480000	28810000
470	27980000	31480000	31480000	28820000
471	27980000	31490000	31490000	28830000
472	27980000	31480000	31480000	28820000
473	27980000	31480000	31480000	28820000
474	27980000	31490000	31490000	28820000
475	27990000	31490000	31490000	28820000
476	27980000	31480000	31480000	28830000
477	27990000	31490000	31490000	28820000
478	27990000	31490000	31490000	28810000
479	27990000	31490000	31490000	28810000
480	27990000	31480000	31480000	28820000
481	27980000	31480000	31480000	28820000
482	27990000	31480000	31480000	28820000
483	27990000	31490000	31490000	28820000
484	27980000	31480000	31490000	28820000
485	27980000	31480000	31480000	28810000
486	27980000	31480000	31480000	28820000
487	27980000	31480000	31480000	28830000
488	27990000	31480000	31480000	28820000
489	27980000	31480000	31480000	28820000
490	27980000	31480000	31480000	28820000
491	27980000	31480000	31480000	28810000
492	27990000	31490000	31490000	28820000
493	27990000	31490000	31490000	28820000
494	27970000	31470000	31480000	28820000
495	27990000	31490000	31490000	28820000
496	27980000	31480000	31480000	28820000
497	27980000	31480000	31480000	28820000
498	27980000	31480000	31490000	28820000
499	27980000	31470000	31470000	28820000

============================================================
# BITSTREAM: 100us_101etapas.bit
# VENTANA: 100us
# ETAPAS_PRINCIPAL: 101
# NUM_MUESTRAS: 500
# FORMATO: idx	freq1_hz	freq2_hz	freq3_hz	freq4_hz
============================================================
idx	freq1_hz	freq2_hz	freq3_hz	freq4_hz
0	8210000	9750000	8840000	8880000
1	8210000	9760000	8850000	8890000
2	8210000	9750000	8850000	8890000
3	8210000	9760000	8840000	8880000
4	8210000	9760000	8850000	8890000
5	8200000	9750000	8840000	8890000
6	8210000	9760000	8850000	8890000
7	8210000	9760000	8850000	8890000
8	8210000	9750000	8840000	8890000
9	8210000	9760000	8850000	8890000
10	8210000	9750000	8840000	8890000
11	8200000	9750000	8840000	8890000
12	8200000	9750000	8840000	8880000
13	8210000	9760000	8840000	8890000
14	8210000	9750000	8840000	8880000
15	8210000	9750000	8850000	8890000
16	8200000	9750000	8850000	8890000
17	8210000	9760000	8840000	8880000
18	8200000	9760000	8840000	8880000
19	8210000	9750000	8850000	8890000
20	8210000	9760000	8840000	8890000
21	8200000	9750000	8840000	8890000
22	8210000	9760000	8840000	8890000
23	8210000	9760000	8840000	8890000
24	8210000	9750000	8840000	8880000
25	8210000	9750000	8850000	8890000
26	8210000	9760000	8850000	8890000
27	8210000	9760000	8850000	8890000
28	8210000	9750000	8840000	8880000
29	8210000	9750000	8840000	8880000
30	8200000	9760000	8850000	8890000
31	8210000	9760000	8850000	8890000
32	8210000	9750000	8840000	8890000
33	8210000	9760000	8840000	8890000
34	8210000	9750000	8840000	8880000
35	8210000	9750000	8840000	8880000
36	8210000	9750000	8840000	8890000
37	8210000	9760000	8840000	8890000
38	8210000	9760000	8840000	8880000
39	8200000	9760000	8840000	8890000
40	8210000	9760000	8850000	8890000
41	8200000	9760000	8850000	8890000
42	8210000	9760000	8840000	8890000
43	8200000	9760000	8840000	8890000
44	8200000	9760000	8840000	8890000
45	8210000	9760000	8840000	8880000
46	8210000	9750000	8840000	8890000
47	8200000	9760000	8840000	8880000
48	8210000	9760000	8840000	8890000
49	8200000	9760000	8840000	8890000
50	8200000	9760000	8840000	8880000
51	8200000	9750000	8840000	8880000
52	8210000	9760000	8840000	8890000
53	8200000	9750000	8840000	8880000
54	8200000	9760000	8840000	8890000
55	8210000	9750000	8840000	8880000
56	8200000	9750000	8840000	8890000
57	8210000	9760000	8840000	8890000
58	8210000	9760000	8850000	8890000
59	8210000	9760000	8840000	8890000
60	8210000	9750000	8840000	8880000
61	8210000	9760000	8830000	8880000
62	8210000	9760000	8840000	8880000
63	8210000	9760000	8840000	8890000
64	8200000	9760000	8840000	8880000
65	8210000	9760000	8840000	8890000
66	8210000	9750000	8840000	8890000
67	8210000	9750000	8840000	8880000
68	8210000	9760000	8840000	8890000
69	8210000	9760000	8850000	8890000
70	8210000	9760000	8840000	8890000
71	8210000	9750000	8850000	8890000
72	8200000	9750000	8840000	8890000
73	8200000	9750000	8850000	8890000
74	8210000	9760000	8840000	8890000
75	8210000	9760000	8840000	8890000
76	8210000	9760000	8840000	8890000
77	8210000	9760000	8840000	8890000
78	8210000	9750000	8840000	8890000
79	8210000	9750000	8840000	8900000
80	8200000	9750000	8850000	8890000
81	8210000	9750000	8840000	8880000
82	8210000	9760000	8840000	8890000
83	8210000	9760000	8840000	8880000
84	8210000	9750000	8840000	8880000
85	8210000	9760000	8850000	8890000
86	8200000	9750000	8840000	8890000
87	8210000	9750000	8840000	8890000
88	8210000	9750000	8840000	8890000
89	8210000	9750000	8850000	8880000
90	8210000	9750000	8850000	8890000
91	8210000	9760000	8850000	8880000
92	8210000	9760000	8840000	8900000
93	8210000	9760000	8850000	8890000
94	8210000	9750000	8840000	8880000
95	8210000	9750000	8840000	8890000
96	8210000	9760000	8850000	8890000
97	8210000	9750000	8850000	8890000
98	8210000	9750000	8850000	8890000
99	8200000	9760000	8830000	8890000
100	8200000	9750000	8840000	8890000
101	8200000	9760000	8840000	8890000
102	8200000	9750000	8840000	8890000
103	8210000	9750000	8840000	8890000
104	8210000	9760000	8840000	8890000
105	8200000	9750000	8850000	8890000
106	8200000	9750000	8840000	8890000
107	8210000	9750000	8840000	8890000
108	8200000	9750000	8840000	8890000
109	8210000	9750000	8840000	8880000
110	8200000	9750000	8840000	8890000
111	8210000	9760000	8840000	8880000
112	8210000	9750000	8840000	8890000
113	8210000	9760000	8840000	8890000
114	8210000	9760000	8840000	8890000
115	8210000	9760000	8840000	8890000
116	8210000	9760000	8830000	8880000
117	8210000	9750000	8840000	8880000
118	8210000	9750000	8840000	8890000
119	8210000	9760000	8840000	8890000
120	8200000	9750000	8830000	8890000
121	8200000	9750000	8840000	8880000
122	8210000	9750000	8840000	8880000
123	8200000	9760000	8840000	8880000
124	8210000	9750000	8840000	8880000
125	8210000	9750000	8840000	8890000
126	8210000	9750000	8840000	8890000
127	8200000	9760000	8840000	8890000
128	8210000	9760000	8840000	8880000
129	8210000	9760000	8850000	8890000
130	8210000	9750000	8840000	8880000
131	8210000	9760000	8840000	8880000
132	8210000	9760000	8840000	8880000
133	8210000	9750000	8830000	8880000
134	8210000	9750000	8840000	8890000
135	8210000	9750000	8840000	8890000
136	8210000	9750000	8850000	8890000
137	8200000	9760000	8840000	8880000
138	8210000	9760000	8850000	8880000
139	8210000	9750000	8840000	8880000
140	8200000	9750000	8830000	8880000
141	8210000	9750000	8830000	8880000
142	8210000	9750000	8840000	8890000
143	8210000	9750000	8850000	8890000
144	8210000	9760000	8840000	8890000
145	8210000	9760000	8850000	8890000
146	8210000	9750000	8850000	8890000
147	8210000	9760000	8850000	8890000
148	8210000	9760000	8840000	8900000
149	8210000	9760000	8850000	8880000
150	8210000	9750000	8840000	8890000
151	8200000	9760000	8840000	8890000
152	8210000	9750000	8840000	8890000
153	8210000	9750000	8840000	8880000
154	8210000	9750000	8850000	8890000
155	8210000	9760000	8840000	8890000
156	8210000	9750000	8840000	8890000
157	8200000	9760000	8840000	8890000
158	8200000	9750000	8840000	8890000
159	8210000	9760000	8850000	8890000
160	8210000	9760000	8840000	8900000
161	8210000	9750000	8840000	8890000
162	8210000	9760000	8840000	8890000
163	8210000	9750000	8840000	8890000
164	8200000	9750000	8840000	8880000
165	8200000	9750000	8840000	8880000
166	8200000	9760000	8840000	8890000
167	8200000	9750000	8840000	8890000
168	8210000	9760000	8830000	8880000
169	8210000	9750000	8840000	8890000
170	8210000	9760000	8840000	8890000
171	8200000	9750000	8840000	8890000
172	8200000	9760000	8840000	8890000
173	8210000	9760000	8850000	8890000
174	8210000	9760000	8840000	8890000
175	8200000	9760000	8840000	8880000
176	8200000	9750000	8840000	8890000
177	8200000	9750000	8840000	8880000
178	8200000	9750000	8840000	8890000
179	8210000	9760000	8840000	8890000
180	8210000	9750000	8840000	8890000
181	8210000	9750000	8840000	8890000
182	8200000	9750000	8840000	8890000
183	8210000	9760000	8840000	8900000
184	8210000	9750000	8840000	8890000
185	8210000	9750000	8840000	8880000
186	8200000	9750000	8840000	8880000
187	8210000	9750000	8840000	8880000
188	8210000	9760000	8840000	8890000
189	8210000	9750000	8850000	8890000
190	8200000	9750000	8840000	8890000
191	8210000	9750000	8840000	8880000
192	8210000	9750000	8840000	8880000
193	8210000	9750000	8840000	8880000
194	8200000	9760000	8840000	8880000
195	8200000	9750000	8840000	8880000
196	8210000	9750000	8840000	8890000
197	8210000	9750000	8840000	8880000
198	8210000	9750000	8840000	8880000
199	8210000	9750000	8840000	8880000
200	8200000	9750000	8840000	8890000
201	8200000	9750000	8840000	8880000
202	8200000	9750000	8840000	8880000
203	8210000	9750000	8840000	8880000
204	8210000	9750000	8840000	8880000
205	8210000	9750000	8840000	8880000
206	8210000	9760000	8830000	8880000
207	8210000	9760000	8840000	8880000
208	8210000	9750000	8850000	8890000
209	8210000	9760000	8840000	8890000
210	8200000	9750000	8840000	8890000
211	8210000	9750000	8840000	8880000
212	8200000	9750000	8840000	8890000
213	8200000	9750000	8840000	8890000
214	8200000	9750000	8840000	8890000
215	8200000	9750000	8840000	8890000
216	8200000	9750000	8850000	8890000
217	8210000	9760000	8840000	8880000
218	8210000	9760000	8840000	8890000
219	8210000	9760000	8850000	8890000
220	8210000	9750000	8840000	8900000
221	8200000	9760000	8840000	8890000
222	8200000	9760000	8840000	8890000
223	8210000	9760000	8840000	8890000
224	8210000	9750000	8840000	8880000
225	8210000	9760000	8840000	8890000
226	8210000	9750000	8850000	8890000
227	8210000	9750000	8840000	8880000
228	8210000	9760000	8850000	8890000
229	8210000	9750000	8840000	8880000
230	8210000	9760000	8850000	8890000
231	8210000	9760000	8840000	8890000
232	8210000	9760000	8840000	8890000
233	8200000	9750000	8840000	8880000
234	8200000	9750000	8840000	8890000
235	8210000	9760000	8850000	8880000
236	8200000	9750000	8840000	8900000
237	8210000	9750000	8840000	8880000
238	8210000	9750000	8840000	8890000
239	8200000	9750000	8850000	8890000
240	8200000	9750000	8850000	8890000
241	8200000	9750000	8840000	8880000
242	8210000	9760000	8850000	8880000
243	8210000	9760000	8840000	8880000
244	8210000	9760000	8840000	8890000
245	8210000	9750000	8840000	8890000
246	8200000	9750000	8840000	8890000
247	8210000	9760000	8840000	8880000
248	8210000	9750000	8840000	8880000
249	8200000	9760000	8840000	8880000
250	8210000	9750000	8840000	8890000
251	8210000	9760000	8840000	8880000
252	8200000	9750000	8840000	8890000
253	8210000	9760000	8840000	8890000
254	8210000	9750000	8840000	8890000
255	8210000	9760000	8840000	8880000
256	8200000	9750000	8840000	8880000
257	8200000	9750000	8840000	8880000
258	8200000	9760000	8840000	8890000
259	8200000	9750000	8840000	8890000
260	8210000	9750000	8840000	8890000
261	8200000	9750000	8840000	8890000
262	8210000	9750000	8840000	8880000
263	8210000	9750000	8840000	8880000
264	8210000	9750000	8840000	8890000
265	8210000	9750000	8840000	8890000
266	8210000	9760000	8840000	8890000
267	8200000	9750000	8840000	8880000
268	8210000	9750000	8840000	8890000
269	8200000	9760000	8840000	8880000
270	8210000	9760000	8840000	8880000
271	8210000	9760000	8840000	8890000
272	8200000	9760000	8840000	8880000
273	8200000	9750000	8830000	8880000
274	8210000	9750000	8840000	8880000
275	8210000	9760000	8840000	8880000
276	8200000	9760000	8840000	8890000
277	8210000	9750000	8840000	8880000
278	8210000	9750000	8840000	8890000
279	8200000	9760000	8840000	8890000
280	8210000	9750000	8840000	8880000
281	8200000	9760000	8850000	8890000
282	8210000	9750000	8840000	8880000
283	8210000	9750000	8840000	8880000
284	8210000	9750000	8850000	8890000
285	8210000	9750000	8850000	8890000
286	8200000	9760000	8840000	8880000
287	8210000	9760000	8850000	8880000
288	8200000	9750000	8850000	8890000
289	8210000	9750000	8840000	8880000
290	8210000	9760000	8840000	8890000
291	8200000	9750000	8850000	8890000
292	8210000	9760000	8840000	8880000
293	8210000	9760000	8840000	8890000
294	8210000	9760000	8840000	8900000
295	8210000	9750000	8850000	8890000
296	8210000	9760000	8840000	8890000
297	8210000	9750000	8840000	8890000
298	8210000	9760000	8840000	8890000
299	8200000	9760000	8850000	8890000
300	8210000	9760000	8840000	8890000
301	8200000	9750000	8840000	8890000
302	8200000	9760000	8840000	8890000
303	8210000	9750000	8840000	8890000
304	8210000	9750000	8840000	8880000
305	8200000	9760000	8840000	8880000
306	8210000	9750000	8850000	8890000
307	8210000	9760000	8840000	8890000
308	8200000	9750000	8840000	8890000
309	8210000	9750000	8850000	8880000
310	8200000	9760000	8840000	8880000
311	8210000	9750000	8840000	8890000
312	8210000	9750000	8840000	8890000
313	8210000	9760000	8840000	8890000
314	8210000	9760000	8840000	8890000
315	8210000	9750000	8840000	8890000
316	8200000	9750000	8840000	8890000
317	8200000	9760000	8850000	8890000
318	8200000	9760000	8850000	8880000
319	8210000	9750000	8850000	8890000
320	8210000	9760000	8840000	8890000
321	8200000	9750000	8840000	8890000
322	8210000	9750000	8840000	8880000
323	8210000	9760000	8840000	8890000
324	8210000	9760000	8830000	8880000
325	8210000	9750000	8840000	8890000
326	8200000	9760000	8840000	8890000
327	8200000	9760000	8840000	8890000
328	8210000	9760000	8840000	8890000
329	8210000	9760000	8840000	8880000
330	8210000	9750000	8840000	8890000
331	8210000	9760000	8850000	8890000
332	8200000	9760000	8850000	8880000
333	8210000	9760000	8850000	8890000
334	8200000	9760000	8840000	8890000
335	8210000	9760000	8840000	8890000
336	8210000	9760000	8840000	8890000
337	8210000	9750000	8840000	8890000
338	8210000	9760000	8840000	8890000
339	8210000	9750000	8840000	8890000
340	8210000	9760000	8850000	8890000
341	8210000	9750000	8840000	8880000
342	8200000	9760000	8840000	8880000
343	8210000	9760000	8840000	8880000
344	8210000	9760000	8840000	8880000
345	8210000	9750000	8840000	8890000
346	8210000	9760000	8850000	8890000
347	8210000	9760000	8850000	8890000
348	8200000	9760000	8840000	8880000
349	8200000	9750000	8850000	8880000
350	8200000	9760000	8840000	8880000
351	8210000	9760000	8840000	8880000
352	8200000	9750000	8840000	8890000
353	8200000	9750000	8840000	8890000
354	8200000	9760000	8840000	8890000
355	8200000	9760000	8850000	8890000
356	8210000	9760000	8850000	8890000
357	8200000	9750000	8840000	8890000
358	8200000	9750000	8840000	8880000
359	8210000	9760000	8840000	8890000
360	8200000	9760000	8840000	8890000
361	8200000	9750000	8840000	8890000
362	8200000	9760000	8840000	8890000
363	8210000	9750000	8840000	8890000
364	8200000	9750000	8850000	8890000
365	8200000	9750000	8840000	8880000
366	8200000	9750000	8840000	8890000
367	8210000	9760000	8830000	8880000
368	8200000	9760000	8850000	8890000
369	8200000	9750000	8830000	8880000
370	8200000	9750000	8840000	8880000
371	8200000	9750000	8840000	8890000
372	8200000	9750000	8850000	8880000
373	8200000	9750000	8840000	8880000
374	8210000	9750000	8840000	8890000
375	8210000	9750000	8850000	8890000
376	8210000	9750000	8840000	8880000
377	8200000	9760000	8840000	8880000
378	8200000	9750000	8840000	8880000
379	8200000	9750000	8840000	8880000
380	8200000	9750000	8840000	8880000
381	8200000	9750000	8840000	8880000
382	8210000	9750000	8840000	8890000
383	8210000	9760000	8850000	8890000
384	8210000	9760000	8840000	8890000
385	8200000	9760000	8840000	8890000
386	8210000	9750000	8840000	8880000
387	8210000	9750000	8840000	8880000
388	8210000	9750000	8840000	8890000
389	8200000	9760000	8840000	8880000
390	8210000	9760000	8840000	8890000
391	8200000	9750000	8840000	8880000
392	8200000	9750000	8840000	8890000
393	8200000	9750000	8840000	8880000
394	8210000	9760000	8830000	8880000
395	8200000	9760000	8840000	8890000
396	8210000	9760000	8840000	8890000
397	8210000	9750000	8840000	8890000
398	8210000	9750000	8850000	8890000
399	8200000	9760000	8840000	8890000
400	8210000	9750000	8840000	8890000
401	8210000	9750000	8840000	8880000
402	8200000	9750000	8840000	8880000
403	8210000	9750000	8850000	8890000
404	8210000	9760000	8840000	8890000
405	8210000	9760000	8840000	8880000
406	8210000	9750000	8840000	8890000
407	8200000	9760000	8850000	8890000
408	8200000	9750000	8850000	8890000
409	8200000	9750000	8850000	8880000
410	8200000	9760000	8840000	8880000
411	8210000	9750000	8830000	8880000
412	8210000	9760000	8840000	8880000
413	8210000	9760000	8850000	8890000
414	8200000	9760000	8840000	8880000
415	8210000	9750000	8840000	8880000
416	8200000	9760000	8850000	8890000
417	8210000	9750000	8840000	8890000
418	8200000	9750000	8840000	8890000
419	8200000	9760000	8840000	8880000
420	8210000	9760000	8850000	8890000
421	8210000	9750000	8840000	8880000
422	8210000	9760000	8850000	8890000
423	8210000	9760000	8840000	8890000
424	8210000	9760000	8840000	8890000
425	8200000	9760000	8850000	8890000
426	8210000	9760000	8840000	8880000
427	8210000	9760000	8840000	8890000
428	8210000	9750000	8840000	8890000
429	8210000	9750000	8850000	8890000
430	8210000	9750000	8840000	8880000
431	8210000	9760000	8850000	8890000
432	8200000	9750000	8830000	8880000
433	8200000	9760000	8840000	8880000
434	8200000	9750000	8840000	8890000
435	8210000	9750000	8840000	8890000
436	8200000	9760000	8840000	8890000
437	8210000	9750000	8850000	8890000
438	8200000	9750000	8840000	8890000
439	8210000	9760000	8840000	8880000
440	8200000	9750000	8840000	8890000
441	8200000	9750000	8840000	8890000
442	8210000	9760000	8840000	8890000
443	8210000	9760000	8840000	8890000
444	8200000	9760000	8840000	8880000
445	8210000	9750000	8850000	8890000
446	8200000	9750000	8840000	8880000
447	8200000	9750000	8840000	8880000
448	8200000	9750000	8850000	8890000
449	8210000	9760000	8840000	8890000
450	8210000	9760000	8840000	8890000
451	8200000	9750000	8840000	8890000
452	8210000	9760000	8840000	8880000
453	8210000	9750000	8830000	8880000
454	8210000	9750000	8840000	8890000
455	8200000	9750000	8840000	8890000
456	8200000	9750000	8840000	8890000
457	8200000	9750000	8840000	8880000
458	8210000	9750000	8840000	8890000
459	8210000	9760000	8840000	8880000
460	8200000	9750000	8840000	8890000
461	8210000	9760000	8840000	8880000
462	8200000	9750000	8840000	8880000
463	8210000	9750000	8850000	8890000
464	8210000	9750000	8840000	8880000
465	8210000	9750000	8840000	8890000
466	8210000	9760000	8840000	8880000
467	8200000	9750000	8840000	8890000
468	8200000	9750000	8840000	8880000
469	8210000	9760000	8840000	8890000
470	8210000	9750000	8850000	8890000
471	8200000	9750000	8850000	8880000
472	8210000	9750000	8840000	8890000
473	8210000	9750000	8850000	8890000
474	8210000	9760000	8840000	8880000
475	8200000	9750000	8850000	8890000
476	8200000	9750000	8850000	8890000
477	8200000	9750000	8840000	8880000
478	8210000	9760000	8830000	8880000
479	8200000	9750000	8840000	8890000
480	8210000	9750000	8840000	8890000
481	8210000	9750000	8840000	8890000
482	8200000	9760000	8850000	8890000
483	8200000	9760000	8840000	8890000
484	8210000	9750000	8840000	8880000
485	8200000	9760000	8840000	8890000
486	8210000	9750000	8840000	8890000
487	8210000	9750000	8840000	8880000
488	8200000	9750000	8840000	8880000
489	8210000	9750000	8850000	8890000
490	8200000	9750000	8840000	8890000
491	8200000	9750000	8840000	8880000
492	8200000	9750000	8840000	8890000
493	8200000	9760000	8840000	8890000
494	8200000	9750000	8840000	8880000
495	8210000	9760000	8840000	8890000
496	8210000	9760000	8840000	8880000
497	8210000	9750000	8840000	8880000
498	8210000	9750000	8840000	8880000
499	8200000	9760000	8840000	8890000
