# CAPTURA AUTOMATICA MULTIBITSTREAM
# Puerto serie: COM3
# Baudrate: 115200
# Muestras por bitstream: 500
# Orden: 100ms -> 10ms -> 1ms -> 100us ; etapas 3, 5, 51, 101

============================================================
# BITSTREAM: 100ms_3etapas.bit
# VENTANA: 100ms
# ETAPAS_PRINCIPAL: 3
# NUM_MUESTRAS: 500
# FORMATO: idx	freq1_hz	freq2_hz	freq3_hz	freq4_hz
============================================================
idx	freq1_hz	freq2_hz	freq3_hz	freq4_hz
0	34268980	55240510	34268990	34268980
1	34259500	44745260	34259500	34259500
2	34266480	34266480	34266480	34266480
3	34267640	65724910	34267630	34267640
4	34267480	55239000	34267480	34267470
5	34271990	44757750	34271990	34271990
6	34270080	34270090	34270090	34270090
7	34269730	65727010	34269730	34269730
8	34269370	55240890	34269370	34269370
9	34266850	44752610	34266850	34266850
10	34264550	23778780	34264540	34264550
11	34269390	65726680	34269400	34269390
12	34269230	55240750	34269230	34269230
13	34266880	44752630	34266870	34266880
14	34265030	34265030	34265040	34265030
15	34266390	65723670	34266380	34266380
16	34265790	65723670	34265790	34265800
17	34263510	44749270	34263510	34263500
18	34263510	34263520	34263520	34263520
19	34266720	76209750	34266710	34266720
20	34265620	55237140	34265620	34265610
21	34266170	44751930	34265850	34266180
22	34266250	34266260	34266260	34266250
23	34267540	34266270	34267530	34267530
24	34267880	55239400	34267880	34267880
25	34268950	44754710	34268950	34268950
26	34264550	34264550	34264550	34264560
27	34264030	65721310	34264040	34264030
28	34265780	55237300	34265770	34265770
29	34264970	44750730	34264970	34264970
30	34269830	34269840	34269840	34269840
31	34268980	65726250	34268970	34268980
32	34264600	55236120	34264600	34264590
33	34266770	44752530	34266770	34266780
34	34264540	34264540	34267420	34264540
35	34265810	65723090	34265810	34265800
36	34263050	55234570	34263050	34263060
37	34263320	44749090	34263330	34263320
38	34261630	34261630	34261630	34261630
39	34262740	65720020	34262740	34262740
40	34263000	65720030	34262990	34263000
41	34262700	44748470	34262710	34262700
42	34261600	34261600	34261600	34261600
43	34262270	65719550	34262270	34262270
44	34261930	55233440	34261930	34261930
45	34262790	44748560	34262790	34262790
46	34262310	34262300	34262310	34262310
47	34261990	65719270	34261980	34261990
48	34263220	55234750	34263230	34263220
49	34262070	44747820	34262060	34262070
50	34260930	34260930	34260930	34260920
51	34262320	65719600	34262330	34262330
52	34264290	55235810	34264280	34264280
53	34263530	44749290	34263530	34263530
54	34258220	34258230	34258230	34258230
55	34261650	65718920	34258760	34261640
56	34261510	55233040	34261520	34261520
57	34260520	44746270	34260510	34260510
58	34259850	34259850	34259850	34259860
59	34261590	65718870	34261590	34261580
60	34262040	55233560	34262050	34262050
61	34259260	44745020	34259250	34259260
62	34262490	34262490	34262490	34262480
63	34261240	65718520	34261240	34261240
64	34259730	55231250	34259730	34259740
65	34257990	44743750	34257990	34257980
66	34254210	34254210	34254210	34254220
67	34257490	65714770	34257500	34257490
68	34259680	55231210	34261980	34259680
69	34260200	44745960	34260200	34260200
70	34260390	34260380	34260390	34260390
71	34260130	65717420	34260130	34260130
72	34257260	55228770	34257250	34257260
73	34259040	44744810	34259050	34259040
74	34260110	34260100	34260110	34260110
75	34259810	65717090	34259800	34259800
76	34260230	55231750	34260230	34260230
77	34261260	44747030	34261270	34261270
78	34259200	34259190	34259190	34259190
79	34260730	65718020	34260740	34260740
80	34262110	55233620	34262100	34262110
81	34261860	44747630	34261870	34261860
82	34259040	34259040	34259040	34259040
83	34259430	76202460	34259420	34259430
84	34257750	55229270	34257750	34257750
85	34256630	55229270	34256630	34256630
86	34257960	34257960	34257960	34257950
87	34258590	65715870	34258590	34258600
88	34257320	55228840	34257320	34257310
89	34257830	44743590	34257830	34257840
90	34260480	34260490	34260490	34260480
91	34256980	76200010	34256970	34256970
92	34258060	55229580	34258070	34258070
93	34262070	44747830	34262060	34262060
94	34273440	34263200	34263210	34263210
95	34263880	65721170	34263880	34263880
96	34265730	55237240	34265720	34265720
97	34261440	55233080	34261440	34261450
98	34257510	34257520	34257520	34257510
99	34261880	65719150	34261870	34261870
100	34262650	55234180	34262660	34262660
101	34260810	44746560	34260810	34260810
102	34257950	34257950	34257940	34257940
103	34262150	65719430	34262150	34262160
104	34261180	55232700	34261180	34261180
105	34261160	44746920	34261160	34261160
106	34262530	34262530	34262530	34262530
107	34261360	65718640	34261360	34261350
108	34258580	55230110	34258590	34258630
109	34257540	44743290	34257540	34257540
110	34260270	34260280	34260270	34260270
111	34262250	65719530	34262250	34262250
112	34263280	65704170	34263280	34263280
113	34264350	44750120	34264350	34264350
114	34262060	34262060	34262060	34262060
115	34264400	34246710	34264390	34264400
116	34263310	55234840	34263320	34263310
117	34260780	44746530	34260770	34260770
118	34261960	34261970	34261970	34261970
119	34264220	65721490	34264210	34264210
120	34262110	55233640	34262120	34262120
121	34262900	44748650	34262890	34262900
122	34264590	34264590	34264590	34264590
123	34263100	65720380	34263110	34263100
124	34267890	55239410	34267890	34267890
125	34265960	44751720	34265950	34265960
126	34263120	34263120	34263120	34263110
127	34261880	76204920	34261880	34261890
128	34262250	55233770	34262260	34262250
129	34260250	44746010	34260250	34260250
130	34261110	2803830	34261100	34261110
131	34256940	65714220	34256940	34256930
132	34260510	55232040	34260520	34260520
133	34264230	44749980	34264220	34264230
134	34260700	34260700	34260700	34260690
135	34258860	65716140	34258860	34258860
136	34262560	55234090	34262570	34262570
137	34264880	44750630	34264870	34264880
138	34264710	34264720	34264720	34264710
139	34265410	65722680	34265410	34265410
140	34264500	55236020	34264490	34264490
141	34263910	44749680	34263920	34263920
142	34261860	34261860	34261860	34261860
143	34261130	65718410	34261130	34261130
144	34253280	55235030	34263510	34263520
145	34264300	44750060	34264300	34264290
146	34262820	34262820	34262820	34262830
147	34263130	65720420	34263140	34263130
148	34263610	55235120	34263610	34263610
149	34259200	44744960	34259190	34259190
150	34260710	34260710	34260710	34260720
151	34259850	65717140	34262620	34259850
152	34262300	55233810	34262290	34262290
153	34259840	44745600	34259850	34259850
154	34258610	34258620	34258610	34258610
155	34257840	34257670	34257830	34257830
156	34256350	55227880	34256360	34256360
157	34256830	44742580	34256830	34256830
158	34254400	34254400	34254390	34254390
159	34254280	65711560	34254280	34254290
160	34256790	55228310	34256800	34256790
161	34255900	44741660	34255900	34255900
162	34251190	23765430	34251180	34251180
163	34247540	65704830	34247550	34247550
164	34249040	55220550	34249030	34249030
165	34253490	44739260	34253500	34253500
166	34253280	34253280	34253280	34253280
167	34255210	65712480	34255200	34255200
168	34258880	55230410	34258890	34258890
169	34258940	44744700	34258940	34258940
170	34258000	23772230	34257990	34258000
171	34259880	65717160	34259880	34259880
172	34259820	55231340	34259820	34259820
173	34264390	44750160	34264400	34264390
174	34262510	34262500	34262500	34262500
175	34262480	65719760	34262480	34262480
176	34259560	55231080	34259560	34259570
177	34257750	44743510	34257750	34257750
178	34263510	34263510	34263510	34263500
179	34263360	65720650	34263370	34263370
180	34264880	55236390	34264870	34264870
181	34267860	44753620	34267860	34267860
182	34266190	34266200	34266200	34266200
183	34265130	65722400	34265120	34265130
184	34264830	55236350	34264840	34264830
185	34266030	55237630	34266030	34266030
186	34262660	34262660	34262660	34262660
187	34263690	65720970	34263690	34263690
188	34264090	55235610	34264080	34264080
189	34264620	44750390	34264630	34264630
190	34261150	34261150	34261150	34261150
191	34264330	65721610	34264330	34264330
192	34268380	55239890	34268370	34268380
193	34270990	44756750	34271000	34270990
194	34266090	34266090	34266090	34266090
195	34268240	65725520	34268230	34268240
196	34267470	55238990	34267480	34267470
197	34264880	44750640	34264880	34264880
198	34264290	34264300	34264290	34264290
199	34266260	65723530	34266260	34266260
200	34264390	55235910	34264390	34264390
201	34260770	44746530	34260760	34260770
202	34262670	34262680	34262680	34262670
203	34259310	65716580	34259300	34259300
204	34262430	55233960	34262440	34262440
205	34262790	44748540	34262790	34262790
206	34263590	34263600	34263590	34263590
207	34262020	65719290	34262010	34262010
208	34261140	55232670	34261150	34261150
209	34260690	44746440	34260680	34260680
210	34263840	34263840	34263840	34263850
211	34268720	65726000	34268720	34268720
212	34266460	55237980	34266460	34266460
213	34264160	44749920	34264170	34264160
214	34267400	2810120	34267390	34267390
215	34263980	65721260	34263990	34263990
216	34267000	55238520	34266990	34267000
217	34263500	44749260	34263500	34263500
218	34264420	34264430	34264430	34264420
219	34264250	65721520	34264250	34264250
220	34264480	55236000	34264470	34264480
221	34265940	44751710	34265950	34265940
222	34264820	34264810	34264810	34264810
223	34263380	65720660	34263380	34263380
224	34266650	55238180	34266660	34266660
225	34265030	55236540	34265020	34265030
226	34264260	34264270	34264270	34264260
227	34264240	65721510	34264230	34264240
228	34264770	55236300	34264780	34264770
229	34264510	44750270	34264510	34264510
230	34263360	34263360	34263360	34263360
231	34264630	65721900	34264620	34264630
232	34263510	55235040	34263520	34263510
233	34263910	44749660	34263900	34263910
234	34264400	34264410	34264410	34264400
235	34267520	65724800	34267520	34267520
236	34267120	55238630	34267110	34267120
237	34268090	44753850	34268090	34268080
238	34265390	34265400	34265400	34265400
239	34266320	65723600	34266320	34266320
240	34265890	55237410	34265690	34265890
241	34265340	44751090	34265330	34265340
242	34260850	34260860	34260860	34260850
243	34263120	65720390	34263110	34263110
244	34265040	55236560	34265050	34265050
245	34266130	44751900	34266130	34266130
246	34267350	34267340	34267340	34267340
247	34264300	65721590	34264310	34264310
248	34266340	55237860	34264300	34266340
249	34266300	44752050	34266300	34266300
250	34266670	34266670	34266660	34266660
251	34267580	65724860	34267580	34267590
252	34268130	55239650	34268130	34268120
253	34265540	44751300	34265540	34265540
254	34266420	34266420	34266420	34266420
255	34272440	65729730	34272450	34272450
256	34270710	55242220	34270700	34270700
257	34271820	44757590	34271830	34271830
258	34270550	23784780	34270540	34270540
259	34267800	65725080	34267800	34267800
260	34272990	55244510	34272990	34272990
261	34271790	44757550	34271790	34271800
262	34269340	34269340	34269340	34269340
263	34270140	65727430	34270150	34270140
264	34266300	55237810	34266300	34266300
265	34266790	44752560	34266790	34266790
266	34268870	34268860	34268860	34268860
267	34270010	65727290	34270020	34270020
268	34271130	55242650	34271130	34271130
269	34271140	44756900	34271140	34271140
270	34269400	34269400	34269400	34269400
271	34270320	65727610	34270320	34270320
272	34269480	55241000	34269480	34269480
273	34269630	44755390	34269630	34269630
274	34266400	34266390	34266400	34266400
275	34266300	65723580	34266290	34266290
276	34267580	55239100	34267590	34267590
277	34266960	44752720	34266950	34266960
278	34269840	34269840	34269840	34269830
279	34268560	65725840	34268570	34268570
280	34271020	55242540	34271010	34271020
281	34269290	44755050	34269290	34269280
282	34265200	34265200	34265200	34265210
283	34267340	65724620	34267350	34267340
284	34266940	55238460	34266930	34266940
285	34266880	44752640	34266880	34266870
286	34263750	34263750	34263750	34263750
287	34265380	65722660	34265380	34265390
288	34265870	65723150	34265880	34265870
289	34265070	44750830	34265060	34265070
290	34265850	34265850	34265850	34265850
291	34268910	65726190	34268910	34268900
292	34267140	55238670	34267150	34267150
293	34264580	44750330	34264570	34264580
294	34265490	34265500	34265500	34265490
295	34263270	65720540	34263260	34263270
296	34262390	55233920	34262400	34262390
297	34263160	44748920	34263160	34263160
298	34266660	34266660	34266660	34266660
299	34267850	65725130	34267850	34267850
300	34268430	55239950	34268430	34268430
301	34263750	44749500	34263740	34263740
302	34261710	34261720	34261720	34261720
303	34262330	65719600	34262320	34262320
304	34265020	55236550	34265030	34265030
305	34263130	55234640	34263120	34263130
306	34257950	34257950	34257950	34257950
307	34261960	65719250	34261970	34261960
308	34260510	55232020	34260500	34260500
309	34263120	44748880	34263120	34263130
310	34264260	34264260	34264260	34264260
311	34259290	65716570	34259290	34259290
312	34259470	55231000	34259480	34259470
313	34261020	44746770	34261020	34261020
314	34258780	34258780	34258770	34258770
315	34258870	65716150	34258870	34258870
316	34259940	55231460	34259940	34259940
317	34261210	44746970	34261210	34261220
318	34265090	34265090	34265090	34265090
319	34263520	65720810	34263530	34263520
320	34262420	55233930	34262410	34262410
321	34259030	44744790	34259030	34259030
322	34260880	34260880	34260880	34260880
323	34260940	65718220	34260940	34260940
324	34260380	55231910	34260390	34260390
325	34261640	44747400	34261640	34261640
326	34260200	34260190	34260190	34260190
327	34263060	65720350	34263070	34263070
328	34266350	55237860	34266350	34266350
329	34266130	44751890	34266120	34266120
330	34264320	34264320	34264320	34264320
331	34262980	65720260	34262980	34262980
332	34256760	55228280	34256770	34256770
333	34254590	44740350	34254580	34254590
334	34258080	34258090	34258090	34258080
335	34257410	65714690	34257410	34257410
336	34258360	55229870	34258360	34258360
337	34260600	44746360	34260590	34260600
338	34261720	34261720	34261720	34261710
339	34259990	76203030	34259990	34260000
340	34261150	55232670	34261150	34261140
341	34261610	44747370	34261610	34261610
342	34260150	34260150	34260150	34260160
343	34260400	65717680	34260400	34260390
344	34257660	55229180	34257660	34257660
345	34258820	44744590	34258830	34258830
346	34261820	34261820	34261820	34261820
347	34263960	65721240	34263960	34263960
348	34261890	55233400	34261890	34261890
349	34262390	44748160	34262390	34262390
350	34259980	34259970	34259980	34259980
351	34265140	65722430	34265140	34265140
352	34261840	55233350	34261840	34261840
353	34266040	44751800	34266030	34266030
354	34261560	34261560	34261560	34261560
355	34259340	65716630	34259350	34259350
356	34261490	55233000	34261490	34261490
357	34264530	55236050	34264520	34264530
358	34265270	34265280	34265280	34265270
359	34264810	65722090	34264810	34264810
360	34268640	55240160	34268640	34268640
361	34263180	44748930	34263170	34263170
362	34264120	34264120	34264120	34264130
363	34262870	65720160	34262880	34262870
364	34263620	55235140	34263620	34263620
365	34261630	44747380	34261630	34261630
366	34263400	34263410	34263400	34263400
367	34258390	65715670	34258390	34258390
368	34261110	55232620	34261100	34261100
369	34261770	44747530	34261770	34261780
370	34258820	34258820	34258820	34258810
371	34262110	65719390	34262110	34262120
372	34259340	55230860	34259350	34259340
373	34261930	44747690	34261920	34261920
374	34262570	34262660	34262660	34262660
375	34264710	65721980	34264710	34264710
376	34265160	55236680	34265150	34265150
377	34262160	44747920	34262160	34262170
378	34261720	34261720	34261720	34261720
379	34263760	65721040	34263760	34263750
380	34264760	65722050	34264770	34264770
381	34265060	44750820	34265060	34265060
382	34269600	34269600	34269600	34269600
383	34264550	65721820	34264540	34264550
384	34263610	55235130	34263620	34263610
385	34264350	44750110	34264340	34264340
386	34262810	34262820	34259940	34262820
387	34261750	65719020	34261750	34261750
388	34260940	55232470	34260940	34260940
389	34260840	44746590	34260870	34260830
390	34258990	34258990	34258990	34258990
391	34259700	65716990	34259710	34259710
392	34260610	55232120	34260600	34260600
393	34264970	44750730	34264970	34264970
394	34264610	34264620	34264400	34264620
395	34263110	65720380	34263100	34263110
396	34263450	55234980	34263460	34263450
397	34266760	44752520	34266760	34266760
398	34265490	34265480	34265480	34265480
399	34263470	65720750	34263470	34263470
400	34263560	55235080	34263560	34263570
401	34265760	44751530	34265770	34265760
402	34264150	23778380	34264140	34264150
403	34259360	65716640	34259370	34259360
404	34262810	55234330	34262800	34262810
405	34266740	44752500	34266740	34266730
406	34264920	34264920	34264920	34264930
407	34265220	65722500	34265580	34265220
408	34264750	55236270	34264590	34264740
409	34265010	55236530	34265020	34265020
410	34268810	34268810	34268800	34268800
411	34271050	65728330	34271060	34271060
412	34272010	65729290	34272000	34272010
413	34274530	44760290	34274540	34274530
414	34272690	34272700	34272690	34272690
415	34274430	65731700	34274420	34274460
416	34272570	55244090	34272580	34272580
417	34270130	44755900	34270130	34270130
418	34268750	34268740	34268740	34268750
419	34271490	76214530	34271490	34271480
420	34272170	55243690	34272170	34272170
421	34267940	44753700	34267940	34267950
422	34267060	34267060	34267060	34267050
423	34269190	65726470	34269190	34269190
424	34270690	55242210	34270690	34270700
425	34270630	44756400	34270640	34270630
426	34270360	34270360	34270360	34270360
427	34268300	65725580	34268300	34268300
428	34267530	55239040	34267530	34267530
429	34265280	44751040	34265270	34265280
430	34263710	34263710	34263720	34263710
431	34262160	76205200	34262150	34262150
432	34264560	55236080	34264560	34264560
433	34267190	44752960	34267200	34267200
434	34267980	34267970	34267970	34267930
435	34268630	65725920	34268640	34268640
436	34268230	65725660	34268220	34268220
437	34266870	44752630	34266870	34266870
438	34265000	34265010	34265010	34265010
439	34267410	65724690	34267410	34267410
440	34266740	55238250	34266730	34266730
441	34263690	44749450	34263690	34263690
442	34261870	34261870	34261870	34261880
443	34264120	65721400	34264120	34264110
444	34264890	65722700	34264900	34264900
445	34267580	44753330	34267570	34267580
446	34267690	34267700	34267700	34267690
447	34267820	65725090	34267820	34267820
448	34266810	55238340	34266810	34266810
449	34266470	44752220	34266460	34266460
450	34266650	34266650	34266650	34266660
451	34267660	65724950	34267670	34267660
452	34267590	55239100	34267580	34267590
453	34269920	44755680	34269920	34269920
454	34265920	34265920	34265920	34265920
455	34266180	65723470	34266190	34266180
456	34267350	55238870	34267350	34267350
457	34264330	44750080	34264320	34264320
458	34267980	34267980	34267980	34267980
459	34270360	65727610	34270330	34270330
460	34271740	55243260	34271740	34271740
461	34270250	44756010	34270250	34270250
462	34269800	34269800	34269800	34269800
463	34267640	65724920	34267640	34267640
464	34269650	55241170	34269650	34269650
465	34267160	44752920	34267160	34267160
466	34268230	34268220	34268220	34268230
467	34271700	65728980	34271700	34271700
468	34271040	55242570	34271050	34271040
469	34268320	44754080	34268320	34268320
470	34272130	34272120	34272120	34272130
471	34270110	65727390	34270120	34270110
472	34270530	55242060	34270530	34270530
473	34269750	44755510	34269750	34269750
474	34274220	34274210	34274210	34274220
475	34274680	65731960	34274690	34274680
476	34272990	44758750	34272980	34272990
477	34272730	44758490	34272730	34272730
478	34274280	34274280	34274290	34274280
479	34275620	65732900	34275620	34275620
480	34275520	55247040	34275510	34275510
481	34272890	44758650	34272900	34272900
482	34276440	2819160	34276440	34276440
483	34272160	65729450	34272160	34272160
484	34272500	55244020	34272500	34272500
485	34270940	44756690	34270940	34270940
486	34267990	34268000	34267990	34267990
487	34267430	65724700	34267420	34267420
488	34266380	55237910	34266390	34266390
489	34266130	55237640	34266120	34266120
490	34268010	34268010	34268010	34268010
491	34267670	65724950	34267670	34267670
492	34268500	55240030	34268510	34268510
493	34269830	44755580	34269820	34269820
494	34266140	34266150	34266150	34266150
495	34267560	65724840	34267560	34267560
496	34269830	55241340	34269830	34269830
497	34269590	44755350	34269580	34269590
498	34271190	34271190	34271190	34271190
499	34268320	65725610	34268330	34268320

============================================================
# BITSTREAM: 100ms_5etapas.bit
# VENTANA: 100ms
# ETAPAS_PRINCIPAL: 5
# NUM_MUESTRAS: 500
# FORMATO: idx	freq1_hz	freq2_hz	freq3_hz	freq4_hz
============================================================
idx	freq1_hz	freq2_hz	freq3_hz	freq4_hz
0	34223050	34223050	34223050	34223050
1	34225530	34225530	34225540	34225540
2	34227880	34222760	34227870	34227870
3	34228570	34223450	34228570	34228570
4	34230510	34225390	34230510	34230510
5	34228320	34223200	34228320	34228320
6	34229480	34224360	34229480	34229480
7	34229120	34224010	34229130	34229130
8	34229210	34224080	34229210	34229210
9	34225610	34225610	34225600	34225600
10	34228120	34223000	34228120	34228120
11	34227890	34222770	34227890	34227890
12	34231730	34226610	34231730	34231730
13	34229540	34224420	34229540	34229540
14	34229310	34224190	34229310	34229630
15	34226940	34226940	34226940	34226940
16	34223860	34223860	34223860	34223860
17	34227180	34227180	34227180	34227180
18	34227550	34222430	34227550	34227550
19	34226430	34226430	34226430	34226430
20	34221870	34216750	34221870	34221870
21	34223520	34223520	34223520	34223530
22	34223390	34223390	34223390	34223380
23	34223440	34223440	34223440	34223440
24	34224620	34224630	34224630	34224310
25	34221430	34216310	34221430	34221430
26	34223810	34223800	34223800	34223800
27	34222750	34222760	34222760	34222760
28	34222950	34222940	34222940	34222940
29	34220790	34215670	34220790	34220800
30	34222680	34222680	34222680	34222670
31	34225210	34225210	34225210	34225220
32	34226670	34226670	34226670	34226660
33	34221230	34216110	34221230	34221230
34	34222600	34222600	34222610	34222610
35	34222020	34216900	34222010	34222010
36	34222590	34222590	34222600	34222600
37	34223350	34223350	34223340	34223340
38	34222340	34222350	34222350	34222350
39	34219140	34214010	34219130	34219130
40	34218540	34213420	34218540	34218550
41	34219880	34214760	34219880	34219870
42	34218370	34213260	34218380	34218380
43	34219750	34214620	34219740	34219740
44	34224640	34224640	34224650	34224650
45	34222770	34222780	34222770	34222770
46	34224020	34224010	34224010	34224010
47	34222340	34222350	34222350	34222350
48	34219670	34214550	34219670	34219670
49	34218520	34213400	34218520	34218520
50	34222830	34222820	34222820	34218960
51	34223500	34223500	34223500	34223500
52	34224200	34224200	34224200	34224200
53	34221050	34215930	34221050	34221050
54	34219560	34214440	34219560	34219560
55	34221770	34216660	34221780	34221780
56	34220710	34215580	34220700	34220710
57	34218870	34213750	34218870	34218870
58	34220730	34215610	34220730	34220720
59	34221350	34216230	34221350	34221350
60	34218630	34213520	34218640	34218640
61	34217180	34212050	34217170	34217180
62	34215020	34215030	34215030	34215020
63	34216790	34216780	34216780	34216780
64	34216910	34216910	34216910	34216910
65	34217070	34211950	34217070	34217070
66	34216970	34211850	34216970	34216970
67	34216160	34216160	34216160	34216160
68	34215770	34215770	34215770	34215770
69	34216590	34216590	34216590	34216600
70	34219300	34214180	34219300	34219300
71	34220740	34215620	34220740	34220730
72	34221460	34216340	34221460	34221460
73	34222540	34222540	34222540	34222550
74	34223540	34223540	34223540	34223530
75	34222050	34216930	34222050	34222050
76	34224160	34224160	34224160	34224160
77	34217390	34212280	34217400	34217400
78	34217380	34212250	34217370	34217370
79	34216310	34216310	34216310	34216310
80	34216340	34216340	34216340	34216340
81	34215520	34215530	34215530	34215530
82	34212090	34212080	34212080	34212080
83	34211820	34206700	34211820	34211820
84	34209030	34203910	34209030	34209030
85	34211270	34206150	34211270	34211280
86	34212820	34212820	34212830	34212820
87	34214120	34214120	34214110	34214110
88	34218950	34213830	34218960	34218960
89	34218360	34213240	34218350	34218350
90	34214140	34214150	34214150	34214150
91	34211700	34206570	34211690	34211690
92	34215040	34215040	34215040	34215040
93	34215940	34215950	34215950	34215950
94	34218870	34213740	34218860	34218860
95	34217840	34212720	34217840	34217840
96	34216430	34216430	34216440	34216440
97	34217150	34212030	34217140	34217140
98	34215100	34215100	34215100	34215100
99	34215900	34215900	34215900	34215900
100	34217960	34212840	34217970	34217970
101	34216120	34216120	34216110	34216110
102	34215710	34215710	34215710	34215710
103	34216520	34216520	34216520	34216520
104	34215960	34215960	34215970	34215970
105	34216350	34216350	34216340	34216350
106	34219670	34214550	34219670	34219660
107	34216740	34216750	34216750	34216750
108	34217600	34212470	34217590	34217590
109	34218200	34213080	34218200	34218200
110	34219190	34214070	34219190	34219190
111	34217240	34212120	34217240	34217240
112	34217380	34212260	34217380	34217380
113	34218760	34213640	34218760	34218760
114	34218220	34213100	34218230	34218230
115	34218810	34213690	34218800	34218800
116	34218370	34213250	34218380	34218380
117	34217580	34212460	34217580	34217580
118	34214390	34214390	34214380	34214380
119	34213210	34213210	34213220	34213220
120	34215190	34215190	34215180	34215180
121	34215790	34215790	34215790	34215790
122	34216400	34216400	34216400	34216400
123	34215090	34215090	34215090	34215090
124	34214540	34214540	34214550	34214550
125	34211610	34206490	34211610	34211610
126	34212840	34212850	34212840	34221880
127	34212750	34212740	34212740	34212740
128	34211710	34206590	34211710	34211710
129	34213940	34213950	34213950	34213950
130	34213690	34213680	34213680	34213690
131	34216340	34216340	34216340	34216330
132	34217560	34212440	34217560	34217570
133	34214150	34214150	34214150	34214140
134	34213530	34213530	34213530	34213530
135	34214170	34214170	34214180	34214180
136	34215230	34215230	34215220	34215220
137	34215550	34215550	34215550	34215550
138	34213370	34213370	34213370	34213370
139	34209740	34204620	34209740	34209740
140	34210570	34205450	34210570	34210570
141	34212270	34212270	34212270	34212270
142	34210290	34205170	34210290	34210290
143	34208620	34203500	34208620	34208630
144	34212890	34212900	34212900	34212890
145	34215930	34215920	34215920	34215920
146	34214810	34214810	34214810	34214810
147	34214750	34214750	34214750	34214750
148	34216240	34216240	34216240	34216240
149	34219550	34214430	34219550	34219550
150	34220220	34215110	34220230	34220230
151	34220800	34215670	34220790	34220790
152	34220250	34215130	34220250	34220260
153	34224430	34224430	34224430	34224420
154	34223090	34223090	34223090	34223090
155	34224810	34224810	34224810	34224810
156	34227190	34227190	34227190	34227190
157	34225050	34225060	34225060	34225060
158	34223920	34223920	34223920	34223920
159	34222690	34222680	34222680	34222680
160	34223310	34223310	34223310	34223320
161	34222830	34222840	34222840	34222830
162	34221290	34216160	34221280	34221280
163	34223200	34223200	34223210	34223210
164	34227120	34227120	34227110	34227110
165	34222740	34222740	34222740	34223060
166	34224570	34224570	34224570	34224570
167	34221010	34215890	34221010	34221010
168	34218240	34213120	34218240	34218240
169	34220260	34215140	34220260	34220260
170	34220480	34215360	34220480	34220480
171	34218440	34213320	34218450	34218450
172	34220690	34215570	34220680	34220690
173	34219130	34214010	34219130	34219120
174	34219180	34214060	34219180	34219180
175	34220710	34215590	34220710	34220710
176	34220570	34215460	34220580	34220580
177	34218980	34213860	34218980	34218980
178	34219390	34214260	34219380	34219380
179	34220360	34215240	34220360	34220370
180	34215880	34215880	34215880	34215870
181	34214990	34214990	34214990	34214990
182	34214720	34214720	34214720	34214720
183	34215940	34215940	34215940	34215940
184	34216640	34216640	34216640	34216640
185	34212430	34212430	34212430	34212430
186	34213670	34213670	34213670	34213670
187	34214050	34214050	34214050	34214050
188	34215390	34215390	34215390	34215390
189	34217080	34211960	34217090	34217090
190	34214520	34214520	34214510	34214520
191	34216240	34216240	34216240	34216230
192	34212260	34212270	34212270	34212270
193	34214230	34214230	34214230	34214230
194	34209320	34204190	34209310	34209310
195	34215090	34215090	34215090	34215100
196	34216610	34216610	34216610	34216600
197	34215670	34215670	34215670	34215670
198	34215720	34215730	34215730	34215730
199	34216680	34216670	34216670	34216670
200	34214860	34214860	34214860	34214860
201	34215780	34215780	34215780	34215780
202	34214550	34214550	34214550	34214550
203	34211420	34206310	34211430	34211430
204	34213880	34213870	34213870	34213870
205	34214560	34214560	34214560	34214560
206	34217920	34212800	34217920	34217600
207	34218850	34213740	34218860	34218860
208	34218400	34213270	34218390	34218390
209	34219490	34214380	34219500	34219500
210	34216400	34216400	34216400	34216400
211	34217800	34212670	34217790	34217790
212	34218210	34213090	34218210	34218210
213	34220050	34214930	34220050	34220050
214	34220120	34215000	34220120	34220120
215	34221120	34216000	34221120	34221120
216	34220580	34215460	34220580	34220580
217	34218200	34213080	34218200	34218200
218	34219570	34214460	34219580	34219580
219	34218380	34213250	34218370	34218370
220	34218600	34213480	34218600	34218600
221	34219410	34214290	34219410	34219410
222	34220770	34215650	34220770	34220770
223	34219570	34214450	34219570	34219570
224	34218120	34213000	34218120	34218120
225	34221530	34216420	34221540	34221860
226	34219640	34214510	34219630	34219630
227	34217120	34212000	34217120	34217120
228	34217310	34212190	34217310	34217310
229	34219310	34214190	34219310	34219310
230	34218880	34213760	34218880	34218880
231	34219690	34214570	34219700	34219700
232	34218320	34213200	34218310	34218310
233	34220450	34215330	34220460	34220460
234	34219550	34214430	34219540	34219540
235	34220100	34214980	34220100	34220100
236	34219710	34214590	34219710	34219710
237	34221170	34216050	34221170	34221170
238	34220290	34215180	34220300	34220620
239	34218520	34213390	34218510	34218510
240	34216800	34216800	34216800	34216800
241	34217860	34212740	34217860	34217860
242	34221100	34215990	34221110	34221110
243	34219510	34214380	34219500	34219510
244	34217470	34212350	34217470	34217460
245	34217620	34212500	34217620	34217620
246	34218220	34213100	34218220	34218220
247	34218840	34213720	34218840	34218840
248	34218570	34213460	34218580	34218580
249	34216570	34216560	34216560	34216560
250	34219090	34213980	34219100	34219100
251	34216970	34211840	34216960	34216960
252	34220550	34215430	34220550	34220550
253	34218640	34213520	34218640	34218640
254	34217800	34212680	34217800	34217800
255	34216550	34216550	34216550	34216550
256	34215990	34215990	34215990	34215990
257	34217260	34212140	34217260	34217260
258	34218590	34213470	34218600	34218600
259	34218410	34213300	34218410	34218410
260	34216930	34216920	34216930	34216930
261	34216010	34216010	34216000	34216010
262	34214370	34214370	34214370	34214360
263	34219130	34214010	34219130	34219130
264	34217250	34212130	34217250	34217250
265	34217610	34212500	34217620	34217620
266	34220680	34215550	34220670	34217790
267	34216840	34216840	34216840	34216840
268	34216580	34216580	34216580	34216580
269	34220010	34214890	34220010	34220010
270	34215540	34215540	34215540	34215540
271	34217960	34212840	34217960	34217960
272	34218210	34213090	34218210	34218210
273	34217640	34212520	34217640	34217640
274	34215460	34215460	34215460	34215470
275	34218240	34213120	34218240	34218230
276	34213340	34213340	34213340	34213340
277	34211460	34206340	34211460	34211460
278	34215240	34215240	34215250	34215250
279	34215470	34215470	34215460	34215460
280	34214180	34214180	34214180	34214180
281	34212710	34212710	34212710	34212710
282	34212280	34212280	34212280	34212280
283	34215710	34215710	34215710	34215710
284	34213560	34213560	34213560	34213560
285	34214590	34214590	34214590	34214590
286	34213510	34213520	34213520	34213520
287	34214430	34214420	34214420	34214420
288	34217990	34212870	34217990	34218000
289	34217110	34212000	34217120	34217110
290	34218900	34213770	34218890	34218890
291	34219210	34214100	34219220	34219220
292	34219430	34214300	34219420	34219420
293	34217570	34212450	34217570	34217570
294	34217060	34211940	34217060	34217060
295	34216090	34216090	34216090	34216090
296	34215670	34215670	34215670	34215670
297	34217790	34212670	34217800	34217800
298	34222740	34222740	34222730	34222730
299	34220360	34215240	34220360	34220360
300	34220520	34215400	34220520	34220520
301	34221740	34216620	34221740	34221740
302	34217860	34212750	34217870	34217870
303	34217770	34212640	34217760	34217760
304	34218060	34212940	34218060	34218060
305	34219240	34214120	34219240	34219240
306	34218270	34213150	34218270	34218270
307	34218040	34212920	34218040	34218040
308	34220650	34215530	34220650	34220660
309	34219000	34213880	34219000	34218990
310	34218350	34213230	34218350	34218350
311	34216630	34216640	34216640	34218880
312	34214700	34214690	34214690	34214690
313	34216410	34216410	34216410	34216410
314	34216680	34216680	34216680	34216680
315	34213820	34213820	34213820	34213820
316	34214700	34214700	34214700	34214710
317	34212230	34212230	34212230	34212220
318	34216010	34216010	34216010	34216010
319	34218020	34212900	34218020	34218020
320	34215630	34215630	34215630	34215630
321	34214010	34214010	34214010	34214010
322	34213150	34213160	34213160	34213160
323	34211870	34211860	34211860	34211860
324	34211710	34206590	34211710	34211710
325	34210040	34204920	34210040	34210040
326	34212300	34212300	34212300	34212300
327	34212950	34212950	34212950	34212960
328	34216350	34216350	34216350	34216340
329	34214940	34214950	34214950	34214950
330	34210400	34205270	34210390	34210390
331	34213710	34213710	34213710	34213710
332	34212430	34212430	34212440	34212440
333	34208430	34203310	34208420	34208420
334	34210460	34205340	34210460	34210460
335	34209420	34204300	34209420	34209740
336	34210300	34205180	34210300	34210300
337	34210400	34205290	34210410	34210410
338	34214530	34214520	34214520	34214840
339	34216060	34216060	34216060	34216060
340	34216720	34216720	34216720	34216720
341	34211730	34206610	34211730	34211730
342	34213860	34213860	34213860	34213860
343	34212050	34212050	34212050	34212050
344	34212140	34212140	34212140	34212140
345	34214030	34214030	34214030	34214030
346	34212200	34212200	34212200	34212200
347	34207640	34202520	34207640	34207640
348	34211890	34211890	34211890	34211890
349	34213760	34213760	34213760	34213760
350	34211660	34206540	34211660	34211660
351	34212690	34212690	34212690	34212690
352	34212490	34212490	34212490	34212500
353	34212530	34212540	34212540	34212530
354	34212300	34212290	34212300	34212300
355	34212920	34212920	34212910	34212910
356	34213370	34213370	34213370	34213380
357	34212610	34212610	34212610	34212600
358	34211420	34206300	34211420	34211420
359	34212810	34212810	34212820	34212820
360	34210000	34204880	34209990	34209990
361	34208750	34203630	34208750	34208750
362	34206280	34206290	34206290	34206290
363	34207190	34202060	34207180	34207180
364	34208950	34203830	34208950	34208950
365	34208490	34203370	34208490	34208490
366	34212800	34212810	34212810	34212810
367	34209870	34204750	34209870	34209870
368	34211200	34206070	34211190	34211190
369	34213270	34213270	34213270	34213280
370	34213550	34213550	34213550	34213540
371	34214510	34214510	34214510	34214510
372	34214610	34214620	34214620	34214620
373	34211370	34206240	34211360	34211360
374	34209990	34204870	34209990	34210000
375	34209200	34204080	34209200	34209190
376	34210530	34205410	34210530	34210530
377	34207680	34202560	34207680	34207680
378	34207190	34202070	34207200	34207200
379	34207170	34202050	34207160	34207160
380	34206720	34201600	34206730	34206730
381	34206260	34206260	34206250	34206250
382	34210000	34204880	34210000	34210010
383	34206390	34206390	34206390	34206380
384	34205250	34205260	34205260	34205260
385	34208310	34203180	34208300	34208300
386	34208780	34203670	34208790	34208790
387	34208700	34203570	34208690	34208690
388	34209950	34204830	34209960	34209960
389	34209410	34204290	34209400	34209410
390	34208860	34203740	34208860	34208850
391	34206200	34206200	34206200	34206200
392	34203570	34203570	34203570	34203570
393	34206800	34201690	34206810	34206810
394	34205800	34205790	34205790	34205800
395	34207430	34202320	34207440	34207430
396	34208220	34203090	34208210	34208220
397	34206910	34201790	34206910	34206910
398	34206670	34206680	34206680	34208910
399	34204690	34204690	34204690	34204690
400	34207320	34202190	34207310	34207310
401	34209030	34203920	34209040	34209040
402	34211550	34206420	34211540	34211540
403	34211250	34206130	34211250	34211250
404	34214480	34214480	34214480	34214480
405	34211490	34206370	34211490	34211490
406	34214930	34214930	34214930	34214930
407	34213150	34213160	34213160	34213160
408	34211230	34206100	34211220	34211220
409	34208040	34202930	34208050	34208050
410	34210820	34205690	34210810	34210810
411	34210260	34205150	34210270	34210270
412	34210730	34205610	34210730	34210730
413	34207650	34202520	34207640	34207640
414	34208440	34203320	34208440	34208440
415	34206440	34206440	34206440	34206440
416	34207070	34201950	34207080	34207080
417	34207980	34202860	34207970	34207970
418	34207970	34202850	34207980	34207980
419	34208160	34203050	34208160	34208160
420	34209230	34204100	34209220	34209220
421	34210330	34205210	34210330	34210330
422	34211860	34211860	34211860	34211860
423	34211840	34211840	34211850	34211850
424	34211880	34211880	34211870	34211880
425	34211380	34206260	34211380	34211370
426	34210680	34205570	34210690	34210690
427	34211890	34211880	34211880	34211880
428	34211480	34206360	34211480	34211490
429	34212330	34212330	34212330	34212320
430	34212530	34212530	34212530	34212530
431	34213350	34213360	34213360	34213360
432	34215580	34215570	34215570	34215570
433	34217190	34212070	34217190	34217190
434	34219250	34214130	34219250	34219250
435	34219690	34214580	34219700	34219700
436	34219320	34214190	34219310	34219310
437	34214120	34214120	34214130	34214130
438	34216590	34216590	34216590	34216590
439	34216070	34216070	34216060	34216060
440	34218080	34212960	34218080	34218080
441	34218810	34213690	34218810	34218810
442	34216760	34216760	34216760	34216760
443	34216470	34216470	34216470	34216470
444	34218650	34213540	34218660	34218660
445	34220040	34214910	34220030	34220030
446	34219020	34213900	34219020	34219020
447	34218030	34212910	34218030	34218030
448	34219140	34214020	34219150	34219150
449	34216880	34216880	34216870	34216870
450	34211930	34211930	34211930	34211930
451	34215320	34215320	34215320	34215320
452	34217340	34212220	34217340	34217350
453	34216240	34216240	34216250	34216240
454	34215350	34215350	34215350	34215350
455	34217150	34212030	34217150	34217150
456	34217070	34211950	34217060	34217060
457	34216110	34216110	34216110	34216110
458	34221310	34216200	34221320	34221320
459	34223160	34223150	34223160	34223160
460	34222720	34222720	34222710	34222710
461	34221740	34216620	34221740	34221740
462	34219510	34214390	34219510	34219510
463	34219460	34214340	34219470	34219470
464	34220260	34215140	34220250	34220250
465	34217340	34212220	34217350	34217350
466	34216310	34216310	34216300	34216300
467	34217570	34212450	34217570	34217570
468	34219150	34214030	34219150	34219150
469	34219360	34214240	34219360	34219360
470	34220040	34214920	34220040	34220050
471	34222300	34222300	34222300	34222290
472	34221100	34215980	34221100	34221100
473	34221000	34215880	34221000	34221000
474	34226770	34226770	34226770	34226770
475	34225700	34225700	34225710	34225710
476	34219590	34214470	34219580	34219580
477	34218850	34213730	34218850	34218850
478	34219110	34213990	34219110	34219110
479	34216650	34216650	34216650	34216650
480	34215510	34215510	34215510	34215510
481	34215990	34216000	34216000	34216000
482	34216590	34216590	34216590	34216590
483	34216680	34216670	34216670	34216670
484	34218020	34212900	34218020	34218020
485	34216790	34216790	34216790	34216790
486	34218490	34213370	34218490	34218490
487	34217490	34212370	34217490	34217490
488	34214520	34214520	34214530	34214530
489	34215550	34215550	34215540	34215540
490	34215570	34215580	34215580	34215580
491	34213360	34213350	34213360	34213360
492	34211550	34206430	34211540	34211550
493	34214900	34214900	34214900	34214890
494	34217320	34212200	34217320	34217320
495	34215100	34215100	34215100	34215110
496	34216060	34216060	34216060	34216050
497	34218170	34213050	34218170	34218170
498	34220370	34215250	34220370	34220370
499	34219170	34214060	34219180	34219180

============================================================
# BITSTREAM: 100ms_51etapas.bit
# VENTANA: 100ms
# ETAPAS_PRINCIPAL: 51
# NUM_MUESTRAS: 500
# FORMATO: idx	freq1_hz	freq2_hz	freq3_hz	freq4_hz
============================================================
idx	freq1_hz	freq2_hz	freq3_hz	freq4_hz
0	14206190	13036090	13621140	11926210
1	14205860	13034980	13620420	11926660
2	14204910	13034380	13619650	11925390
3	14206790	13035650	13621210	11928650
4	14207220	13036460	13621840	11928720
5	14205040	13034590	13619820	11926560
6	14205990	13035190	13620590	11925690
7	14207210	13036390	13621800	11929410
8	14206470	13036070	13621270	11926920
9	14206790	13035610	13621200	11929210
10	14205930	13035440	13620690	11925620
11	14206140	13035410	13620770	11928860
12	14206390	13035710	13621050	11928370
13	14206130	13034980	13620550	11928270
14	14205080	13034410	13619750	11926830
15	14205690	13034910	13620300	11928330
16	14205220	13034870	13620050	11925200
17	14204690	13034080	13619380	11927000
18	14204650	13034630	13619640	11924570
19	14206020	13035200	13620610	11926680
20	14205770	13035350	13620560	11927740
21	14205250	13034530	13619890	11925940
22	14204840	13034260	13619550	11926380
23	14204270	13034230	13619250	11927330
24	14202900	13033660	13618280	11926150
25	14203250	13035220	13619880	11926850
26	14201640	13033690	13617700	11924190
27	14153290	13005590	13617260	11925740
28	14088870	12954220	13615050	11923710
29	14091830	12955250	13615070	11926220
30	14086630	12944440	13614420	11925230
31	14083410	12938330	13613710	11924260
32	14083090	12938460	13613430	11925140
33	14081950	12937960	13614120	11925960
34	14081240	12940110	13612930	11923310
35	14078700	12937100	13612400	11924680
36	14075570	12932420	13611820	11921880
37	14074450	12930000	13612490	11923350
38	14073300	12928000	13612730	11925310
39	14073150	12927800	13613270	11926820
40	14070740	12926060	13611690	11924790
41	14069180	12924850	13611310	11925480
42	14068730	12923750	13611070	11924690
43	14065450	12919470	13609310	11925390
44	14062940	12916500	13607410	11924840
45	14059940	12910780	13601790	11925860
46	14058220	12907440	13593210	11925360
47	14057300	12904930	13588020	11925610
48	14057380	12901220	13578090	11923100
49	14055000	12896040	13567770	11926400
50	14046340	12891370	13560060	11924410
51	14186220	13020200	13610890	11923390
52	14202200	13032390	13617300	11925090
53	14201620	13031250	13616460	11923780
54	14202390	13031940	13614620	11923440
55	14202460	13032680	13617580	11924040
56	14202770	13032400	13617590	11923940
57	14202660	13032200	13617440	11926320
58	14203020	13032600	13617810	11923380
59	14202940	13032760	13617850	11926980
60	14203410	13032630	13617380	11925650
61	14201900	13033130	13617540	11924510
62	14202500	13033310	13617900	11923910
63	14203470	13033940	13618710	11925680
64	14202420	13033390	13618030	11926070
65	14203670	13033720	13618690	11926920
66	14202880	13032950	13617930	11925530
67	14202770	13033140	13617960	11926930
68	14201840	13032570	13617210	11924070
69	14201490	13032520	13617010	11926150
70	14200850	13031860	13616380	11924930
71	14202030	13032830	13617440	11924590
72	14201470	13032250	13616860	11922910
73	14201620	13032020	13616840	11924210
74	14201710	13032210	13616970	11924080
75	14201560	13032070	13616870	11925920
76	14201610	13032480	13617070	11925410
77	14201970	13032820	13617470	11927230
78	14201260	13032670	13617090	11926200
79	14202080	13032870	13617490	11926820
80	14200860	13032290	13616850	11925040
81	14200450	13031620	13616420	11926230
82	14198210	13030640	13615450	11922790
83	14199780	13031300	13615620	11925580
84	14200030	13031630	13615890	11922520
85	14199720	13032010	13616340	11925500
86	14199650	13031650	13615690	11922840
87	14201270	13032900	13617080	11925800
88	14200550	13032250	13616480	11923490
89	14199840	13031630	13615840	11923180
90	14198710	13030820	13615020	11922440
91	14200560	13032330	13616480	11924000
92	14200230	13031270	13615800	11922040
93	14201780	13032560	13617190	11924600
94	14200640	13031820	13616280	11924620
95	14199560	13031070	13615930	11923230
96	14199500	13031150	13616090	11924690
97	14199820	13032560	13617100	11926620
98	14200900	13032380	13616690	11923270
99	14201640	13032860	13617310	11926650
100	14202050	13033510	13617940	11926400
101	14201620	13032570	13617340	11924360
102	14201030	13032440	13616970	11923680
103	14200470	13032180	13617080	11926110
104	14200590	13031950	13616620	11923920
105	14202120	13032910	13617530	11925090
106	14201330	13032580	13616970	11925230
107	14201140	13032060	13616600	11925600
108	14200790	13032130	13616500	11922950
109	14200920	13032210	13616580	11924180
110	14199420	13031120	13615530	11922740
111	14200120	13031660	13616020	11926240
112	14199540	13031790	13615690	11923150
113	14200280	13032010	13616170	11925500
114	14200370	13031980	13616170	11924680
115	14200870	13032390	13616630	11925770
116	14201050	13032540	13616800	11925210
117	14200530	13031750	13616140	11924000
118	14200620	13032080	13616360	11922840
119	14201750	13032620	13617210	11924250
120	14200440	13031710	13616070	11924580
121	14200890	13031430	13615540	11925060
122	14200000	13031750	13615900	11922050
123	14202010	13032740	13617390	11923950
124	14200640	13031870	13616250	11924980
125	14200290	13031270	13615810	11925080
126	14199490	13030720	13615280	11923720
127	14199760	13031120	13615810	11922960
128	14199060	13030900	13615210	11923910
129	14198270	13030160	13614370	11924510
130	14199050	13031510	13615320	11923890
131	14199700	13031270	13615850	11923080
132	14200000	13031220	13615650	11923880
133	14200440	13031780	13616120	11925370
134	14199290	13030460	13614940	11921810
135	14199450	13031570	13615680	11923200
136	14199280	13029860	13614290	11921910
137	14200460	13032270	13616370	11925640
138	14200920	13032500	13616720	11925640
139	14200760	13032250	13616550	11924430
140	14200670	13032520	13616630	11925090
141	14200170	13032050	13616620	11926020
142	14199680	13031500	13615800	11923220
143	14200480	13032040	13616420	11924690
144	14199410	13031880	13615890	11923000
145	14200400	13032150	13616430	11925680
146	14200050	13031910	13616010	11924500
147	14200320	13031910	13616150	11925540
148	14199480	13032040	13615950	11924950
149	14200470	13032390	13616460	11925950
150	14199500	13031790	13615820	11922550
151	14200470	13032360	13616420	11923630
152	14200110	13032140	13616130	11922520
153	14199310	13031240	13615420	11924440
154	14200410	13032270	13616350	11922730
155	14200230	13032000	13616160	11925690
156	14200190	13031500	13615850	11922410
157	14200360	13031450	13616150	11925560
158	14198900	13030830	13615250	11924180
159	14199390	13030950	13615520	11925310
160	14200320	13031390	13615920	11923530
161	14201430	13032530	13617000	11924880
162	14200410	13031890	13616170	11923390
163	14200100	13031360	13615750	11924940
164	14200870	13032510	13616750	11925400
165	14201150	13032370	13616760	11925790
166	14200510	13031760	13616140	11923320
167	14201400	13032100	13616750	11924340
168	14200610	13031290	13615950	11924280
169	14201590	13032360	13616980	11926380
170	14200530	13031600	13616070	11922470
171	14200520	13031710	13616120	11925850
172	14200510	13033220	13617220	11923500
173	14199950	13031160	13615570	11923060
174	14201320	13032360	13616850	11925630
175	14201310	13031910	13616620	11926320
176	14200450	13031470	13615970	11922900
177	14201540	13032210	13616880	11925600
178	14201390	13032000	13616690	11923770
179	14201980	13032940	13617460	11926710
180	14200130	13031270	13615700	11922570
181	14200800	13032240	13616530	11923810
182	14201520	13032420	13616980	11925520
183	14201410	13032480	13617270	11924160
184	14202520	13033020	13617770	11926130
185	14202830	13033280	13618050	11927260
186	14202230	13033110	13617680	11926270
187	14200070	13031850	13616110	11923750
188	14198400	13031160	13615420	11925140
189	14181730	12995900	13582580	11917700
190	14050770	12841830	13416270	11850630
191	13960560	12808930	13378840	11812120
192	13947470	12800880	13367230	11791540
193	14039630	12853380	13426020	11839110
194	14196640	13031280	13615710	11922730
195	14200530	13031830	13616280	11926170
196	14201200	13032430	13616910	11923530
197	14188820	13012190	13593280	11912030
198	14041830	12804190	13354900	11749630
199	14041630	12787890	13328900	11731170
200	14004400	12777320	13313950	11718840
201	14000440	12777250	13314960	11723110
202	14328000	12972990	13545510	11885150
203	14201080	13033540	13617320	11926260
204	14202130	13033390	13617770	11923860
205	14171770	12973850	13545120	11877640
206	14081510	12811430	13351480	11726610
207	14128500	12824770	13355900	11731690
208	14161380	12896100	13425710	11794580
209	14196820	13031940	13616110	11925810
210	14202270	13034220	13618250	11926440
211	14202440	13033450	13617940	11926570
212	14202290	13033690	13618000	11923750
213	14199130	13028620	13612110	11923560
214	14093570	12835440	13385080	11787420
215	14140120	12911560	13470800	11842170
216	14200550	13033460	13617170	11924510
217	14116830	12914100	13480690	11834240
218	14150830	12952050	13522220	11867270
219	14243320	13032760	13616960	11924580
220	14158400	12900000	13427430	11775070
221	14193670	13021700	13593330	11906780
222	14199380	13031490	13615770	11925390
223	14165300	12922070	13420070	11757290
224	14200370	13032000	13616670	11925280
225	14202040	13032020	13617030	11925740
226	14202350	13031710	13617030	11925410
227	14202970	13032030	13617500	11926610
228	14203690	13033110	13618400	11924350
229	14202510	13031720	13617110	11924670
230	14203160	13032680	13617920	11926370
231	14202300	13031580	13616940	11924280
232	14202950	13032810	13617890	11923790
233	14204080	13033350	13618710	11927510
234	14204090	13032620	13617680	11925570
235	14202140	13032210	13617170	11923670
236	14202450	13032260	13617350	11924820
237	14203170	13032950	13618070	11926630
238	14204100	13033020	13617910	11925240
239	14203610	13033180	13618400	11926630
240	14202080	13031800	13616940	11923660
241	14202020	13031720	13616870	11923870
242	14202240	13031900	13617070	11925190
243	14203380	13032930	13618160	11927300
244	14202990	13033100	13618040	11924640
245	14203870	13033260	13618560	11925450
246	14201930	13031300	13616620	11923350
247	14202730	13032090	13617410	11924790
248	14202770	13030720	13616100	11924680
249	14201900	13031400	13616660	11924570
250	14201990	13031620	13616800	11923060
251	14202540	13031520	13617030	11924550
252	14202410	13031510	13616960	11925290
253	14202710	13031790	13617250	11924600
254	14201570	13030760	13616170	11924320
255	14198900	13028280	13613580	11923380
256	14198780	13029720	13614250	11921480
257	14201240	13031200	13616220	11925610
258	14200360	13029690	13615030	11922520
259	14200640	13030810	13615770	11925290
260	14200520	13029980	13615250	11923940
261	14201020	13030370	13615690	11925190
262	14201350	13029690	13614920	11923550
263	14200380	13031080	13615730	11922780
264	14200220	13030830	13615520	11924130
265	14200280	13030240	13615260	11923210
266	14199700	13030140	13614930	11921960
267	14200280	13030880	13615580	11924650
268	14200240	13030470	13615350	11921910
269	14200250	13030430	13615340	11924450
270	14199830	13031260	13616180	11922740
271	14201250	13030680	13615990	11923240
272	14200970	13030730	13615850	11924980
273	14200120	13030220	13615170	11924800
274	14199530	13029830	13614680	11923830
275	14198790	13029570	13614180	11922380
276	14198610	13030200	13614400	11920830
277	14198940	13030250	13614600	11922740
278	14198830	13030110	13614470	11921760
279	14199040	13030210	13614630	11924260
280	14199820	13030560	13615180	11924100
281	14199620	13030000	13614810	11922870
282	14198520	13029790	13614160	11922890
283	14198840	13029630	13614230	11922400
284	14198110	13029550	13613830	11922600
285	14200180	13031550	13615870	11924820
286	14200660	13031580	13616120	11924900
287	14200840	13031190	13616020	11923310
288	14198620	13029580	13614100	11921640
289	14198090	13029740	13613910	11921530
290	14199050	13030680	13614870	11923330
291	14199440	13030780	13615100	11924690
292	14199700	13031230	13615470	11922230
293	14200420	13031100	13615760	11924510
294	14199080	13030150	13614620	11922210
295	14199020	13030260	13614630	11922440
296	14199120	13030830	13614980	11923820
297	14199420	13030990	13615210	11922790
298	14198770	13029100	13613930	11923470
299	14199580	13030440	13615010	11925100
300	14200060	13031140	13615600	11924100
301	14199800	13030160	13614980	11923110
302	14199930	13031150	13615540	11922570
303	14199950	13029970	13614960	11922900
304	14199340	13030230	13614780	11921670
305	14199860	13030210	13615040	11922880
306	14199360	13030680	13615020	11921470
307	14200350	13031590	13615970	11923430
308	14199180	13029840	13614510	11923430
309	14199850	13031100	13615470	11924840
310	14200010	13030660	13615340	11923920
311	14200020	13029680	13614570	11922620
312	14198260	13029070	13613670	11922370
313	14198540	13029540	13614040	11923620
314	14198140	13029380	13613760	11920300
315	14198650	13029910	13614280	11921590
316	14198250	13030140	13614190	11921070
317	14198460	13030280	13614370	11923400
318	14197860	13029580	13613720	11922690
319	14198310	13030010	13614160	11921900
320	14196440	13028820	13612640	11920330
321	14196940	13029300	13613130	11921340
322	14196850	13029410	13613130	11921530
323	14196280	13028590	13612440	11916070
324	14189950	13013600	13575740	11867880
325	14129780	12993440	13601860	11919980
326	14147210	13024090	13612670	11920520
327	14159770	12988600	13572480	11888490
328	14196920	13029660	13613290	11917050
329	14147880	12990530	13580460	11895770
330	14114300	13002260	13603260	11919620
331	14191380	13014790	13585620	11889530
332	14194720	13025850	13599210	11896270
333	14125630	12990440	13588620	11912840
334	14149630	12996900	13580640	11891750
335	14197000	13030100	13613550	11919830
336	14152490	13003070	13589700	11903310
337	14160490	13011090	13598000	11909990
338	14199110	13030360	13614730	11922330
339	14199700	13031170	13615440	11924530
340	14198690	13029730	13614200	11921630
341	14199980	13031450	13615720	11923200
342	14200130	13029950	13614680	11921770
343	14200220	13030910	13615570	11922990
344	14200270	13030790	13615530	11923940
345	14200930	13031860	13616390	11925460
346	14200930	13033130	13617630	11925180
347	14201490	13032190	13616840	11925770
348	14200060	13031160	13615610	11922810
349	14201320	13031560	13616440	11925910
350	14199730	13030470	13615100	11922160
351	14199650	13031150	13615400	11923450
352	14199400	13029690	13614550	11922260
353	14200950	13031440	13616190	11925880
354	14201070	13031070	13616070	11924870
355	14201060	13031710	13616390	11925990
356	14201370	13032000	13616680	11924710
357	14200950	13031320	13616130	11923720
358	14199860	13030710	13615290	11923240
359	14201260	13031900	13616580	11925810
360	14200690	13031840	13616270	11922650
361	14201870	13032700	13617280	11926230
362	14199870	13030800	13615340	11922150
363	14201320	13031970	13616640	11923790
364	14200400	13031210	13615800	11922180
365	14202410	13032920	13617670	11924940
366	14202120	13032510	13617320	11925030
367	14201980	13032650	13617310	11923700
368	14201020	13032080	13616550	11925230
369	14202210	13032720	13614910	11926100
370	14201990	13033100	13617540	11925390
371	14201260	13031880	13616570	11923970
372	14201270	13031680	13616480	11925040
373	14201840	13032030	13616930	11923440
374	14201450	13032220	13616830	11924940
375	14201550	13032030	13616790	11925150
376	14200950	13031560	13616260	11924110
377	14201430	13031660	13616550	11923400
378	14201620	13031920	13616760	11924260
379	14202630	13032680	13617660	11924350
380	14202540	13031840	13616550	11922830
381	14202130	13032640	13617380	11925550
382	14202110	13030560	13615060	11921920
383	14200490	13032120	13616300	11923310
384	14200870	13031260	13616070	11922400
385	14201540	13031190	13615730	11925030
386	14200670	13031310	13615990	11924020
387	14201300	13032130	13616710	11925800
388	14200970	13031360	13615840	11923900
389	14200910	13031790	13616360	11924100
390	14199750	13030860	13615300	11921890
391	14200650	13031720	13616180	11923690
392	14200020	13030910	13615470	11922070
393	14200470	13031630	13616050	11924910
394	14200430	13031590	13616010	11924190
395	14199630	13030560	13615090	11924580
396	14199670	13031510	13615590	11924380
397	14199270	13030370	13614830	11924190
398	14198970	13030740	13614850	11923780
399	14199420	13031130	13615280	11924420
400	14199990	13031180	13615580	11921710
401	14201490	13032350	13616920	11923400
402	14202340	13033000	13617680	11923990
403	14201680	13032340	13617010	11923580
404	14201240	13032280	13616750	11924700
405	14200490	13030950	13615730	11924790
406	14200690	13032070	13617060	11924900
407	14202050	13032220	13617130	11923970
408	14201770	13032190	13616990	11924980
409	14201910	13032410	13617150	11925990
410	14201270	13031410	13616350	11924430
411	14202580	13032750	13617660	11925870
412	14201770	13032140	13616950	11922860
413	14202140	13032240	13617200	11925380
414	14200030	13030310	13615160	11921920
415	14200550	13030520	13615550	11922660
416	14200980	13031370	13616180	11924080
417	14200540	13030830	13615680	11923310
418	14199730	13030220	13614970	11922050
419	14201290	13032520	13616910	11925300
420	14200340	13030960	13615650	11923840
421	14199480	13030080	13614780	11924840
422	14199370	13030940	13615160	11921760
423	14199940	13030290	13615110	11922500
424	14199300	13030310	13614800	11923270
425	14199850	13031090	13615480	11922440
426	14200160	13030570	13615360	11922030
427	14199810	13030410	13615110	11922330
428	14200560	13031790	13616180	11924370
429	14201270	13031880	13616570	11924020
430	14201040	13031860	13616450	11925270
431	14201180	13031480	13616330	11925890
432	14200380	13030780	13615580	11924680
433	14200330	13030480	13615400	11922650
434	14199640	13030290	13614970	11922190
435	14199680	13030960	13615320	11924420
436	14199290	13030160	13614720	11921850
437	14198540	13030310	13614430	11922840
438	14198640	13030540	13614590	11923780
439	14199550	13030900	13615220	11925320
440	14198810	13029660	13614240	11922110
441	14197880	13029780	13614430	11923040
442	14198590	13030160	13614380	11923770
443	14199630	13031010	13615320	11922920
444	14199510	13030220	13614860	11922210
445	14198950	13030210	13614580	11922980
446	14198170	13029530	13613850	11920910
447	14199810	13031280	13615550	11925410
448	14199210	13030220	13614710	11923460
449	14199650	13031740	13615700	11925300
450	14199630	13030530	13615070	11921850
451	14199600	13030530	13615070	11924330
452	14200070	13030850	13615460	11923900
453	14198740	13028480	13613610	11921450
454	14198060	13029260	13613660	11922830
455	14198510	13029290	13613900	11922320
456	14198240	13029610	13613920	11921510
457	14198890	13029350	13614130	11922040
458	14199040	13029570	13614300	11923660
459	14199470	13030230	13614850	11922620
460	14199040	13030230	13614640	11922990
461	14198610	13029460	13614030	11922060
462	14198600	13029950	13614280	11922910
463	14198360	13029440	13613900	11922130
464	14199090	13030270	13614680	11922020
465	14198410	13029480	13613940	11922500
466	14198400	13029940	13614180	11921640
467	14199190	13030270	13614730	11922130
468	14199040	13030060	13614550	11923260
469	14199370	13030470	13614920	11924980
470	14198520	13029740	13614130	11921510
471	14199380	13029700	13614550	11924520
472	14199500	13030350	13614920	11923570
473	14199880	13030210	13615040	11922450
474	14201330	13031970	13616660	11923060
475	14201240	13031610	13616420	11923690
476	14200740	13031510	13616130	11923010
477	14201590	13031820	13616700	11925740
478	14200470	13031270	13615870	11922330
479	14201090	13031410	13616250	11926080
480	14201230	13031630	13616390	11924740
481	14201150	13030250	13615100	11924510
482	14199930	13031320	13615630	11922320
483	14200300	13030700	13615500	11924290
484	14200260	13030960	13615610	11921800
485	14200550	13031350	13615950	11925300
486	14200980	13031200	13616090	11924330
487	14200660	13031070	13615870	11924750
488	14200350	13031140	13615740	11924310
489	14200110	13030730	13615420	11922500
490	14199960	13030410	13615180	11921240
491	14200700	13030740	13615730	11922740
492	14199890	13030400	13615140	11923130
493	14200050	13030540	13615290	11922600
494	14200990	13031420	13616210	11924480
495	14200540	13030810	13615670	11924450
496	14200170	13030910	13615550	11923500
497	14200680	13031200	13615930	11924540
498	14200410	13031300	13615860	11923980
499	14200880	13031140	13616010	11923080

============================================================
# BITSTREAM: 100ms_101etapas.bit
# VENTANA: 100ms
# ETAPAS_PRINCIPAL: 101
# NUM_MUESTRAS: 500
# FORMATO: idx	freq1_hz	freq2_hz	freq3_hz	freq4_hz
============================================================
idx	freq1_hz	freq2_hz	freq3_hz	freq4_hz
0	10119370	9342990	9843530	9843530
1	10119540	9343120	9843780	9843780
2	10119620	9343120	9843640	9843640
3	10120050	9343250	9844060	9844060
4	10119970	9343330	9843620	9843620
5	10118180	9341700	9841960	9841960
6	10117670	9341040	9841280	9841280
7	10118750	9341860	9841520	9841520
8	10118660	9341650	9841850	9841840
9	10117900	9340900	9840520	9840530
10	10117850	9341030	9840980	9840980
11	10118010	9341160	9841820	9841810
12	10118540	9341590	9841490	9841500
13	10117960	9340870	9841570	9841570
14	10117630	9340990	9841000	9841000
15	10117270	9340190	9840740	9840740
16	10116380	9339720	9840260	9840260
17	10117070	9339820	9840380	9840380
18	10117000	9339850	9840100	9840090
19	10117290	9340510	9840770	9840780
20	10117190	9340490	9840430	9840430
21	10118030	9341000	9841950	9841950
22	10117930	9341080	9841350	9841350
23	10117370	9340710	9840800	9840800
24	10117920	9341380	9840910	9840910
25	10117460	9340790	9841310	9841310
26	10117200	9340760	9840470	9840470
27	10117830	9340800	9841890	9841890
28	10117420	9340730	9840520	9840520
29	10117020	9340410	9840270	9840270
30	10117430	9340750	9840310	9840310
31	10117360	9340320	9840360	9840360
32	10117020	9339790	9839990	9839990
33	10117470	9340370	9840730	9840730
34	10117070	9339730	9840370	9840370
35	10117780	9340380	9840570	9840570
36	10117740	9340820	9840370	9840370
37	10117670	9340820	9840680	9840680
38	10117160	9340420	9840770	9840770
39	10116840	9340090	9840010	9840010
40	10116970	9339990	9839870	9839870
41	10116590	9339380	9839710	9839710
42	10115880	9338690	9839730	9839730
43	10115940	9338620	9839910	9839910
44	10116680	9339490	9840290	9840290
45	10116530	9339670	9840020	9840020
46	10116600	9339930	9839810	9839810
47	10116780	9339980	9839940	9839940
48	10116260	9339330	9839870	9839870
49	10116740	9339510	9839730	9839730
50	10116440	9339390	9839780	9839780
51	10116700	9339750	9839850	9839850
52	10116560	9340040	9839770	9839770
53	10116700	9340140	9839820	9839820
54	10116220	9339790	9839230	9839230
55	10116870	9340130	9840380	9840380
56	10117680	9341240	9840560	9840550
57	10117280	9340830	9840490	9840500
58	10116910	9340460	9840630	9840630
59	10116970	9340250	9839830	9839820
60	10116200	9339770	9839080	9839090
61	10117160	9340570	9840190	9840190
62	10117020	9340480	9840590	9840590
63	10116100	9339500	9839460	9839460
64	10116850	9340320	9840490	9840490
65	10116800	9339760	9840410	9840410
66	10116040	9339310	9839780	9839780
67	10115960	9339260	9839170	9839170
68	10115790	9339300	9839290	9839290
69	10116040	9339380	9839020	9839020
70	10116030	9339680	9838990	9838990
71	10116700	9340010	9839450	9839450
72	10116330	9339790	9839710	9839710
73	10117280	9340490	9840640	9840640
74	10116570	9340040	9840250	9840250
75	10116960	9340150	9840830	9840830
76	10116770	9340110	9839870	9839870
77	10116530	9339390	9839590	9839590
78	10116120	9338900	9839230	9839220
79	10116600	9339600	9840310	9840320
80	10117040	9339910	9840180	9840170
81	10116790	9339890	9840470	9840480
82	10116690	9340020	9840090	9840080
83	10116490	9339810	9839650	9839660
84	10116280	9339410	9839990	9839990
85	10117020	9339670	9840850	9840850
86	10115940	9338890	9839190	9839190
87	10116630	9339590	9840340	9840340
88	10115680	9497450	9838870	9838870
89	10116060	9338640	9839740	9839740
90	10116240	9339540	9840130	9840130
91	10115790	9339360	9839740	9839740
92	10115570	9338880	9839420	9839420
93	10116030	9339390	9840130	9840140
94	10115400	9338640	9839290	9839290
95	10116010	9339330	9839390	9839390
96	10116800	9340250	9840490	9840490
97	10116770	9340230	9840720	9840720
98	10116010	9339810	9839840	9850160
99	10116050	9339710	9839470	9839470
100	10116440	9340050	9840110	9840110
101	10116390	9339900	9839210	9839210
102	10115420	9338850	9838880	9838880
103	10114940	9338220	9838420	9838420
104	10115010	9338440	9838670	9838670
105	10114780	9337530	9838410	9838410
106	10114740	9337700	9838520	9838520
107	10114900	9338080	9839240	9839240
108	10115050	9338500	9838550	9838550
109	10115830	9339010	9839830	9839830
110	10115930	9339210	9838870	9838860
111	10116470	9339570	9840180	9840190
112	10116490	9339810	9840320	9840320
113	10116410	9339210	9839700	9839700
114	10116060	9338860	9839740	9839740
115	10115790	9175160	9839840	9839840
116	10116210	9339570	9839530	9839530
117	10116770	9339560	9839940	9839940
118	10116560	9339640	9840190	9840190
119	10115620	9338310	9839420	9839420
120	10115920	9339060	9839520	9839520
121	10116600	9339510	9839650	9839650
122	10115810	9338990	9839340	9839340
123	10115860	9338830	9839180	9839180
124	10115440	9338590	9839390	9839390
125	10115370	9338510	9839210	9839210
126	10115740	9339260	9839840	9839840
127	10116000	9339560	9839440	9839440
128	10116380	9339900	9839920	9839920
129	10116270	9339770	9839640	9839640
130	10115970	9339250	9839250	9839250
131	10115720	9338880	9838510	9838510
132	10116560	9339860	9840100	9840100
133	10116090	9339010	9838780	9838780
134	10115890	9339440	9838560	9838560
135	10115150	9339090	9838560	9839140
136	10115250	9339440	9839600	9839590
137	10115000	9339170	9838670	9838680
138	10070180	9302030	9840990	9840990
139	10099950	9328010	9839630	9839630
140	10115230	9339480	9839340	9839340
141	10067990	9317400	9838520	9838520
142	10114810	9338840	9839120	9839120
143	10071980	9302960	9842590	9842590
144	10096790	9325250	9839870	9839870
145	10115560	9339040	9838630	9838680
146	10111200	9308530	9815840	9815850
147	10114220	9338600	9834850	9834850
148	10114900	9337900	9838370	9838370
149	10115750	9338540	9839060	9839090
150	10115530	9338320	9838070	9838070
151	10116630	9339350	9839560	9839570
152	10116430	9339530	9838850	9838850
153	10115970	9338990	9838930	9838930
154	10115480	9338300	9838270	9838270
155	10115350	9338020	9838590	9838590
156	10116150	9338910	9839160	9839160
157	10115680	9338550	9838990	9838990
158	10115370	9338210	9838000	9838000
159	10115720	9338200	9838960	9838960
160	10115790	9338620	9839080	9839070
161	10116130	9339220	9838770	9838770
162	10116750	9340000	9839310	9839320
163	10116490	9339260	9839370	9839370
164	10116420	9339250	9839530	9839530
165	10116830	9339500	9839550	9839550
166	10117320	9340360	9839420	9839410
167	10117660	9340390	9840650	9840660
168	10116910	9340090	9840160	9850400
169	10116840	9339890	9840040	9840030
170	10116680	9340120	9839580	9839580
171	10117340	9340360	9840620	9840630
172	10118500	9341360	9841340	9841340
173	10118250	9341480	9841050	9841040
174	10117430	9340390	9840020	9840030
175	10117760	9340570	9840240	9840240
176	10118160	9341330	9841370	9841370
177	10117430	9340870	9840310	9850540
178	10118230	9341610	9840870	9840880
179	10117710	9340960	9840270	9840270
180	10101400	9339820	9839470	9839470
181	10116480	9339450	9839800	9839800
182	10115950	9339330	9838840	9838840
183	10116850	9339770	9839460	9839460
184	10116850	9339850	9839820	9839820
185	10117370	9340510	9839970	9839960
186	10117300	9340610	9840370	9840380
187	10117010	9339950	9839850	9839850
188	10116250	9339120	9839060	9839060
189	10116260	9339030	9839220	9839210
190	10115750	9338330	9839420	9839430
191	10115170	9337640	9838830	9838830
192	10115590	9338470	9838620	9838620
193	10115750	9338520	9838950	9838950
194	10115400	9338130	9839070	9839070
195	10115410	9337880	9838240	9838230
196	10116100	9338740	9839620	9839950
197	10115620	9338270	9839340	9839340
198	10115760	9338320	9838710	9838710
199	10115720	9338020	9839160	9839160
200	10116520	9339190	9840100	9840100
201	10116930	9339540	9839790	9839790
202	10117240	9339720	9839920	9839920
203	10116310	9338860	9839960	9839960
204	10115920	9338260	9839250	9839250
205	10115310	9337950	9838380	9838380
206	10116050	9338370	9839620	9839620
207	10116570	9338860	9839800	9839800
208	10116360	9339300	9839000	9839000
209	10115940	9338820	9838690	9838690
210	10115240	9338060	9839060	9839060
211	10115260	9337700	9838610	9838610
212	10116060	9338560	9839600	9839590
213	10116220	9338770	9839450	9839460
214	10115900	9338460	9839460	9839460
215	10115690	9337900	9839270	9839220
216	10115760	9338160	9838650	9838710
217	10114780	9337220	9838170	9838170
218	10115230	9338190	9838860	9838860
219	10115660	9338720	9839370	9839370
220	10115290	9337990	9838800	9838800
221	10115550	9338550	9838320	9838640
222	10116150	9338800	9839900	9839900
223	10116160	9338640	9839710	9839710
224	10116080	9338950	9839700	9839700
225	10115470	9338350	9839370	9839370
226	10115490	9338160	9839270	9839270
227	10115820	9338820	9839070	9839070
228	10115620	9338730	9838810	9838800
229	10115740	9338610	9838680	9838690
230	10115980	9339050	9839570	9839570
231	10117330	9339940	9840400	9840400
232	10116730	9339260	9840020	9840020
233	10116060	9338200	9839080	9839100
234	10115100	9337920	9838270	9838270
235	10115440	9338070	9839640	9839640
236	10115110	9338200	9838480	9838480
237	10114970	9338070	9838800	9838800
238	10115160	9338400	9838420	9838420
239	10115420	9338540	9839370	9839370
240	10114380	9337250	9837990	9837990
241	10114860	9337690	9838680	9838680
242	10114610	9337350	9838610	9838610
243	10115450	9337580	9838980	9838970
244	10115290	9337770	9838540	9838550
245	10115610	9338310	9839800	9839800
246	10115290	9338230	9838400	9838400
247	10115830	9338490	9839420	9839420
248	10115580	9338510	9839080	9839080
249	10115260	9338240	9838310	9838310
250	10115710	9338950	9839460	9839460
251	10115890	9338600	9839480	9839470
252	10115610	9338370	9839390	9839400
253	10114860	9337430	9838920	9838920
254	10114970	9337500	9838690	9838690
255	10115630	9338110	9839670	9839670
256	10115530	9338130	9838820	9839060
257	10115750	9338440	9838730	9838720
258	10115340	9337970	9838360	9838370
259	10115220	9337660	9839030	9839030
260	10115460	9338240	9838260	9838250
261	10115640	9338160	9839160	9839170
262	10115990	9338920	9839210	9839210
263	10115850	9338680	9838870	9838860
264	10115970	9338460	9838870	9838880
265	10115670	9337850	9838860	9838860
266	10115190	9338120	9838690	9838690
267	10116430	9339010	9839830	9839830
268	10116520	9339290	9839180	9839180
269	10116820	9339270	9840080	9840080
270	10116930	9339890	9839020	9839340
271	10115910	9338270	9838560	9838560
272	10116550	9338930	9840140	9840140
273	10116510	9339090	9840420	9840420
274	10116390	9339540	9839880	9839880
275	10116790	9339890	9840260	9840260
276	10116910	9339510	9839450	9839440
277	10116270	9338630	9839430	9839440
278	10116100	9338610	9839210	9839210
279	10115760	9338430	9839140	9839140
280	10115530	9338700	9838900	9838900
281	10116030	9338840	9839110	9839110
282	10115870	9338530	9839290	9839290
283	10116270	9338830	9839170	9839160
284	10115560	9338440	9838660	9838670
285	10116170	9338720	9839220	9839220
286	10116670	9339180	9839600	9839600
287	10116800	9339340	9839600	9839600
288	10116420	9502690	9839300	9839300
289	10115680	9337870	9838540	9838540
290	10116420	9338770	9839800	9839800
291	10116610	9338930	9839380	9839380
292	10116900	9339280	9840410	9840410
293	10116510	9338700	9839820	9839820
294	10116350	9338770	9839510	9839510
295	10116080	9338330	9839170	9839170
296	10116700	9339240	9839930	9839930
297	10116560	9339200	9839740	9839740
298	10116380	9338660	9839420	9839420
299	10116130	9338120	9839430	9839430
300	10116630	9338820	9839520	9839520
301	10117020	9339520	9839490	9839490
302	10116760	9339050	9839130	9839130
303	10116650	9338920	9839690	9840410
304	10116720	9339370	9839660	9839660
305	10117250	9339680	9840340	9840340
306	10117440	9339980	9839830	9839830
307	10116800	9339290	9839420	9839410
308	10116680	9338910	9839550	9839550
309	10116550	9338700	9839130	9839140
310	10114880	9337320	9837950	9837950
311	10115820	9338050	9839030	9839030
312	10115250	9337460	9837310	9837310
313	10115180	9337340	9838380	9838380
314	10114180	9336480	9837520	9837520
315	10114870	9337330	9838210	9838210
316	10114690	9337420	9837690	9837690
317	10114850	9337600	9837940	9837940
318	10115210	9337870	9838410	9838410
319	10115380	9337860	9838570	9838570
320	10115240	9337930	9838320	9838320
321	10115110	9337670	9838250	9838250
322	10115120	9337500	9837840	9837840
323	10114810	9337400	9837830	9837830
324	10114810	9337410	9837730	9837730
325	10114480	9337270	9837630	9837630
326	10114000	9336420	9837230	9837230
327	10114710	9337230	9838400	9838400
328	10114810	9337400	9838170	9838170
329	10115920	9338340	9839140	9839140
330	10116370	9338710	9839770	9839770
331	10116250	9338810	9839330	9839330
332	10115810	9338510	9838580	9838580
333	10115720	9338320	9839230	9839230
334	10116190	9338780	9839280	9839280
335	10116190	9338920	9839020	9839020
336	10117150	9340160	9839930	9839930
337	10116610	9339320	9840130	9840130
338	10116630	9339250	9839900	9839900
339	10116740	9339140	9840000	9840000
340	10116200	9338930	9838240	9838600
341	10117100	9339480	9840590	9840590
342	10116360	9338970	9838570	9838570
343	10115960	9339060	9839500	9839490
344	10115960	9339030	9838590	9838600
345	10116710	9339390	9840080	9840080
346	10115000	9337720	9820240	9812020
347	10113540	9335560	9764320	9759460
348	10115450	9336950	9761470	9726350
349	10115280	9336770	9763820	9728920
350	10091260	9318540	9829460	9829460
351	10109490	9339670	9563220	9839760
352	10087190	9317750	9825800	9754080
353	10114590	9337720	9788300	9762270
354	10084500	9311250	9813430	9805120
355	10066450	9320370	9836720	9836720
356	10116220	9338470	9829370	9825280
357	10116940	9340770	9841230	9841230
358	10116800	9339120	9840040	9840040
359	10116740	9339060	9839470	9839480
360	10116300	9338540	9839720	9839720
361	10115170	9337840	9838900	9838900
362	10116620	9338970	9839810	9839810
363	10116930	9339230	9839650	9839640
364	10116840	9339060	9839860	9839870
365	10116990	9339400	9839940	9839940
366	10116110	9338380	9839190	9839190
367	10116710	9339220	9839970	9839970
368	10116920	9339330	9840000	9840000
369	10116850	9338940	9839320	9839320
370	10117320	9339680	9839790	9839790
371	10117080	9339060	9839610	9839610
372	10117050	9339020	9839680	9839680
373	10115830	9337960	9839420	9839420
374	10115830	9338220	9839350	9839340
375	10115850	9337950	9838820	9838830
376	10115530	9337860	9838260	9838250
377	10115600	9338120	9839430	9839440
378	10115450	9337920	9838890	9838960
379	10115680	9338020	9839290	9839300
380	10115950	9338410	9838960	9838960
381	10115780	9338280	9839320	9839280
382	10115820	9338120	9838810	9838840
383	10116000	9338200	9838940	9838940
384	10116470	9338510	9839540	9839540
385	10116620	9338710	9839370	9839370
386	10115760	9338200	9839180	9839180
387	10116350	9338480	9839800	9839790
388	10116860	9338920	9839500	9839510
389	10116870	9338750	9839490	9839490
390	10115670	9337790	9838390	9838390
391	10117000	9339090	9840290	9840290
392	10116700	9339300	9839460	9839460
393	10115950	9338830	9839570	9839560
394	10116270	9338680	9839070	9839080
395	10116450	9338890	9839630	9839630
396	10116790	9338880	9840250	9840250
397	10116480	9338770	9840470	9840410
398	10116540	9338810	9840000	9840000
399	10114470	9336990	9837650	9837650
400	10114790	9337130	9838490	9838490
401	10114570	9336780	9838430	9838430
402	10114080	9336470	9837740	9837740
403	10113760	9336180	9837410	9837410
404	10114150	9336400	9837950	9837950
405	10114450	9336570	9838220	9838220
406	10114130	9336680	9838050	9838050
407	10114350	9336630	9837950	9837950
408	10114000	9336420	9837300	9837300
409	10114420	9336680	9838320	9838320
410	10114130	9336380	9838010	9838010
411	10114490	9336560	9837690	9837690
412	10114210	9336270	9837350	9837350
413	10114610	9336590	9837760	9837750
414	10114600	9336640	9837760	9837770
415	10114230	9336280	9837960	9837960
416	10113880	9335920	9837390	9837390
417	10115220	9337180	9838920	9838920
418	10114770	9336850	9838370	9838370
419	10114950	9336950	9838940	9838940
420	10115090	9337170	9838850	9838850
421	10114780	9336780	9838660	9838660
422	10115450	9337530	9838590	9838590
423	10115700	9337670	9838970	9838990
424	10114290	9336570	9837440	9837440
425	10114440	9336570	9837850	9837850
426	10114670	9336900	9838310	9838310
427	10114610	9336900	9838530	9838530
428	10114400	9336650	9837770	9837770
429	10112490	9333550	9779570	9753730
430	10114330	9337030	9835920	9835920
431	10114660	9337270	9837850	9837850
432	10089960	9281050	9804520	9804520
433	10051600	9233150	9775000	9775000
434	10055310	9238980	9779350	9779350
435	10113470	9337180	9837100	9837100
436	10113260	9332250	9833340	9833340
437	10103850	9270150	9775610	9775610
438	10110920	9326910	9825890	9825890
439	10113270	9337670	9837700	9837690
440	10112800	9335810	9836640	9836650
441	10084240	9276940	9799500	9799500
442	10109790	9333210	9835550	9835550
443	10112910	9335720	9836720	9836720
444	10113780	9336180	9837360	9836960
445	10113680	9335960	9837480	9837480
446	10114110	9336710	9837530	9837530
447	10113940	9336220	9837180	9837180
448	10114060	9336290	9837290	9837290
449	10115060	9337210	9838220	9838220
450	10114900	9337290	9838080	9838080
451	10114620	9336840	9837520	9837520
452	10113970	9336600	9836860	9836860
453	10114560	9337070	9837260	9837260
454	10114810	9337260	9837730	9837730
455	10113920	9336510	9836910	9836910
456	10114770	9337240	9837750	9837750
457	10114730	9337010	9837790	9837790
458	10114510	9336790	9837190	9837190
459	10115120	9337480	9838440	9838440
460	10115660	9338040	9839040	9839040
461	10115720	9337960	9838590	9838590
462	10116310	9338720	9839800	9839800
463	10115770	9338250	9838630	9838630
464	10115330	9337930	9838680	9838680
465	10115750	9338410	9839150	9839150
466	10115700	9338190	9838860	9838860
467	10114960	9337330	9838080	9838080
468	10114560	9337150	9838040	9838040
469	10115100	9337890	9838700	9838700
470	10115050	9337600	9838530	9838530
471	10115860	9338120	9839720	9839710
472	10115770	9338460	9839030	9839040
473	10115270	9337630	9837820	9837820
474	10115340	9338160	9838810	9838810
475	10114920	9337750	9838020	9838020
476	10114300	9337240	9838080	9838080
477	10114580	9337800	9838490	9838490
478	10115240	9338110	9838870	9838870
479	10114970	9337760	9838200	9838200
480	10115060	9338050	9838590	9838590
481	10115580	9338270	9839420	9839420
482	10114910	9337600	9838150	9838150
483	10115970	9338840	9839530	9839530
484	10115980	9339280	9838670	9838670
485	10116790	9339590	9839790	9839780
486	10116830	9339190	9838900	9838910
487	10116820	9339350	9839500	9839500
488	10116580	9339360	9838870	9838790
489	10116900	9339670	9839540	9839540
490	10116800	9339680	9839190	9839190
491	10117440	9339900	9840170	9840170
492	10116790	9339450	9839490	9839490
493	10116880	9339500	9839150	9839150
494	10116930	9339590	9839410	9839410
495	10116460	9339370	9838960	9838960
496	10116310	9339370	9838760	9838760
497	10116740	9339740	9838630	9838630
498	10116700	9339730	9839080	9839080
499	10116430	9339580	9838540	9838540

============================================================
# BITSTREAM: 10ms_3etapas.bit
# VENTANA: 10ms
# ETAPAS_PRINCIPAL: 3
# NUM_MUESTRAS: 500
# FORMATO: idx	freq1_hz	freq2_hz	freq3_hz	freq4_hz
============================================================
idx	freq1_hz	freq2_hz	freq3_hz	freq4_hz
0	34897800	34897800	34897900	34897900
1	34896400	34896400	34896400	34896400
2	34894600	34894600	34894600	34894600
3	34899400	34899400	34899300	34899300
4	34897400	34897500	34897500	34897500
5	34895400	34895300	34895400	34895400
6	34896000	34896100	34896000	34896000
7	34891900	34891800	34891800	34891900
8	34889500	34889500	34889500	34889400
9	34892200	34892200	34892200	34892200
10	34891300	34891400	34891400	34891400
11	34891100	34891000	34891100	34891100
12	34890500	34890500	34890500	34890500
13	34887300	34887300	34887200	34887200
14	34888300	34888300	34888300	34888400
15	34886600	34886600	34886700	34886600
16	34886500	34886500	34886400	34886400
17	34884400	34884400	34884500	34884500
18	34886100	34886200	34886100	34886100
19	34887600	34887500	34887500	34887500
20	34887800	34887800	34887800	34887900
21	34890200	34890200	34890200	34890200
22	34889400	34889400	34889500	34889400
23	34887100	34887100	34887000	34887100
24	34885100	34885100	34885100	34885000
25	34883800	34883800	34883800	34883900
26	34891000	34891000	34891000	34890900
27	34886800	34886900	34886900	34886900
28	34888700	34888600	34888600	34888600
29	34891700	34891700	34891700	34891700
30	34893100	34893100	34893200	34893200
31	34893600	34893600	34893500	34893500
32	34891200	34891200	34891200	34891200
33	34894800	34894800	34894800	34894800
34	34895800	34895900	34895900	34895900
35	34894500	34894500	34894500	34894500
36	34892900	34892800	34892800	34892800
37	34891300	34891300	34891300	34891300
38	34890800	34890900	34890900	34890900
39	34890900	34890800	34890800	34890800
40	34892400	34892400	34892400	34892400
41	34892200	34892200	34892300	34892300
42	34893100	34893100	34893000	34893000
43	34893000	34893100	34893100	34893100
44	34891700	34891700	34891700	34891700
45	34895400	34895300	34895400	34895400
46	34893700	34893800	34893700	34893700
47	34895000	34895000	34895000	34895000
48	34892900	34892800	34892900	34892900
49	34892200	34892200	34892100	34892100
50	34891700	34891800	34891800	34891800
51	34891700	34891600	34891600	34891700
52	34892600	34892600	34892600	34892500
53	34885600	34885600	34885600	34885600
54	34884300	34884300	34884400	34884400
55	34887800	34887800	34887800	34887800
56	34894600	34894600	34894500	34894600
57	34891700	34891700	34891700	34891600
58	34893600	34893600	34893600	34893600
59	34891600	34891600	34891600	34891600
60	34889200	34889200	34889200	34889200
61	34887100	34887100	34887200	34887200
62	34890500	34890500	34890400	34890400
63	34887400	34887400	34887400	34887400
64	34887200	34887200	34887200	34887200
65	34893700	34868100	34893800	34893800
66	34891200	34891200	34891100	34891100
67	34892300	34892300	34892300	34892300
68	34889500	34889500	34889500	34889600
69	34889800	34889900	34889900	34889800
70	34891800	34891800	34891800	34891800
71	34893800	34893700	34893700	34893800
72	34894000	34894000	34894000	34893900
73	34895800	34895800	34895800	34895800
74	34894500	34894500	34894600	34894600
75	34893400	34893400	34893300	34893300
76	34890000	34890000	34890100	34890100
77	34890800	34890800	34890700	34890700
78	34895300	34895300	34895400	34895400
79	34891800	34891800	34891700	34891800
80	34896100	34896100	34896100	34896100
81	34895200	34895200	34895200	34895100
82	34892600	34892600	34892600	34892700
83	34894600	34894600	34894600	34894600
84	34895700	34895700	34895800	34895700
85	34892200	34892200	34892100	34892100
86	34891000	34891000	34891000	34891000
87	34889800	34889800	34889800	34889900
88	34889500	34889600	34889600	34889500
89	34893600	34893500	34893600	34893600
90	34891400	34891500	34891400	34891400
91	34893200	34893100	34893100	34893100
92	34892100	34892100	34892100	34892200
93	34889800	34889800	34889800	34889700
94	34889200	34889200	34889200	34889200
95	34891100	34891200	34891200	34891200
96	34891200	34891100	34891100	34891200
97	34889900	34889900	34889900	34889900
98	34891700	34891700	34891700	34891600
99	34889200	34889200	34889200	34889200
100	34887900	34887900	34888000	34888000
101	34888200	34888200	34888100	34888100
102	34890600	34890600	34890600	34890600
103	34889500	34889500	34889600	34889600
104	34892200	34892200	34892200	34892200
105	34895300	34895400	34895300	34895300
106	34891600	34891600	34891600	34891600
107	34890800	34890700	34890700	34890700
108	34889700	34889700	34889700	34889700
109	34890000	34890100	34890100	34890100
110	34889200	34889200	34889200	34889200
111	34890200	34890100	34890100	34890200
112	34890500	34890500	34890600	34890500
113	34891400	34891400	34891300	34891300
114	34894900	34894900	34894900	34894900
115	34889800	34889800	34889900	34889900
116	34888700	34888700	34888700	34888700
117	34885900	34885900	34885800	34885800
118	34886700	34886700	34886800	34886800
119	34886400	34886400	34886300	34886300
120	34885900	34885900	34885900	34885900
121	34887600	34887600	34887600	34887700
122	34884700	34884700	34884700	34884600
123	34887500	34887500	34887500	34887600
124	34886500	34886500	34886600	34886500
125	34893000	34893000	34892900	34892900
126	34891000	34891000	34891000	34891100
127	34890900	34891000	34891000	34890900
128	34889600	34889500	34889600	34889600
129	34889300	34889300	34889300	34889300
130	34890400	34890400	34890300	34890300
131	34891600	34891600	34891700	34891700
132	34893100	34893100	34893000	34893000
133	34893400	34893400	34893400	34893500
134	34893700	34893700	34893700	34893700
135	34891500	34891600	34891600	34891500
136	34891900	34891800	34891900	34891900
137	34891000	34891000	34890900	34890900
138	34888800	34888800	34888900	34888900
139	34890800	34890800	34890700	34890700
140	34891400	34891400	34891500	34891500
141	34890200	34890200	34890100	34890200
142	34896500	34896500	34896600	34896500
143	34891700	34891700	34891600	34891600
144	34891300	34891400	34891400	34891400
145	34893000	34892900	34892900	34892900
146	34894900	34894900	34894900	34894900
147	34893400	34893400	34893400	34893400
148	34896200	34896200	34896200	34896300
149	34892900	34893000	34893000	34892900
150	34893700	34893600	34893600	34893600
151	34895300	34895400	34895400	34895400
152	34893400	34893300	34893300	34893400
153	34894100	34894100	34894200	34894100
154	34894900	34894900	34894900	34894900
155	34893000	34893000	34892900	34893000
156	34894200	34894200	34894200	34894100
157	34899200	34899200	34899300	34899300
158	34894200	34894200	34894200	34894200
159	34893100	34893100	34893000	34893000
160	34896500	34896500	34896500	34896500
161	34894700	34894700	34894700	34894700
162	34895100	34895100	34895100	34895200
163	34893500	34893500	34893600	34893500
164	34892000	34892000	34891900	34891900
165	34893100	34893100	34893100	34893100
166	34891000	34891000	34891000	34891000
167	34892500	34892500	34892500	34892500
168	34889500	34889500	34889500	34889600
169	34890100	34890100	34890200	34890100
170	34891700	34891700	34891600	34891600
171	34895100	34895200	34895200	34895200
172	34897100	34897000	34897000	34897000
173	34896100	34896100	34896100	34896100
174	34895900	34895900	34895900	34896000
175	34891000	34891100	34891100	34891000
176	34890500	34890400	34890500	34890500
177	34892700	34892700	34892600	34892600
178	34890200	34890200	34890200	34890300
179	34890000	34890000	34890100	34890000
180	34888900	34888900	34888800	34888900
181	34885800	34885800	34885800	34888900
182	34886200	34886200	34886300	34885700
183	34883500	34883500	34883500	34883500
184	34883300	34883300	34883200	34883300
185	34887600	34887600	34887600	34887600
186	34887800	34887800	34887900	34887800
187	34886900	34886900	34886800	34886800
188	34888200	34888200	34888200	34888200
189	34887100	34887100	34887100	34887100
190	34886000	34886000	34886100	34886100
191	34888400	34888400	34888300	34888400
192	34886700	34886700	34886800	34886700
193	34884800	34884800	34884700	34884700
194	34883100	34883100	34883100	34883100
195	34889800	34889800	34889800	34889900
196	34887300	34887300	34887300	34887200
197	34889400	34889400	34889400	34889500
198	34891000	34891000	34891000	34890900
199	34892100	34892100	34892100	34892200
200	34891700	34891800	34891800	34891700
201	34889500	34889400	34889400	34889500
202	34893100	34893100	34893100	34893000
203	34892100	34892100	34892100	34892200
204	34885200	34885300	34885300	34885200
205	34892500	34892400	34892500	34892500
206	34886200	34886200	34886100	34886100
207	34890300	34890300	34890400	34890400
208	34890900	34890900	34890900	34890900
209	34890000	34890000	34889900	34890000
210	34890500	34890500	34890600	34890500
211	34889300	34889300	34889200	34889200
212	34888100	34888100	34888100	34888200
213	34888100	34888100	34888100	34888000
214	34886300	34886300	34886300	34886300
215	34885600	34885600	34885700	34885700
216	34884100	34884100	34884000	34884000
217	34886100	34886100	34886100	34886200
218	34884700	34884700	34884700	34884600
219	34889000	34889000	34889000	34889000
220	34889600	34889600	34889700	34889700
221	34889900	34889900	34889800	34889900
222	34887800	34887800	34887900	34887800
223	34889400	34889400	34889400	34889400
224	34889900	34889900	34889800	34889800
225	34888800	34888800	34888800	34888900
226	34890700	34890800	34890800	34890700
227	34889800	34889700	34889700	34889700
228	34889400	34889400	34889400	34889400
229	34891200	34891200	34891300	34891300
230	34888600	34888600	34888600	34888600
231	34886500	34886500	34886500	34886500
232	34887200	34887200	34887200	34887200
233	34888000	34888000	34887900	34887900
234	34891600	34891700	34891700	34891700
235	34894500	34894400	34894400	34894400
236	34894000	34894000	34894000	34894000
237	34891500	34891500	34891600	34891600
238	34893100	34893200	34893100	34893100
239	34892600	34892500	34892500	34892500
240	34896100	34896100	34896100	34896200
241	34899100	34899100	34899200	34899100
242	34893000	34893000	34893000	34893000
243	34893100	34893100	34893000	34893000
244	34892600	34892700	34892700	34892700
245	34894100	34894000	34894000	34894100
246	34892000	34892000	34892100	34892000
247	34892500	34892500	34892400	34892400
248	34890800	34890800	34890800	34890800
249	34888000	34888000	34888100	34888100
250	34893300	34893300	34893200	34893200
251	34891300	34891300	34891400	34891400
252	34891300	34891400	34891300	34891300
253	34891900	34891800	34891800	34891800
254	34894100	34894200	34894200	34894200
255	34893300	34893200	34893200	34893300
256	34891300	34891400	34891400	34891300
257	34893900	34893800	34893800	34893800
258	34894700	34894700	34894700	34894700
259	34893700	34893700	34893700	34893700
260	34894300	34894300	34894300	34894300
261	34892600	34892600	34892600	34892700
262	34889000	34889000	34889100	34889000
263	34893000	34893000	34892900	34893000
264	34893700	34893700	34893700	34893600
265	34893100	34893100	34893100	34893100
266	34890700	34890700	34890800	34890800
267	34889700	34889800	34889700	34889700
268	34894100	34894000	34894100	34894100
269	34891300	34891300	34891300	34891300
270	34896200	34896200	34896200	34896200
271	34891500	34891500	34891500	34891500
272	34889900	34889900	34889800	34889800
273	34890200	34890200	34890300	34890300
274	34893200	34893200	34893100	34893100
275	34892100	34892100	34892100	34892200
276	34891400	34891400	34891400	34891300
277	34893900	34893900	34894000	34894000
278	34896900	34896900	34896800	34896800
279	34899500	34899500	34899500	34899600
280	34897300	34897300	34897300	34897200
281	34892200	34892300	34892300	34892300
282	34889300	34889300	34889300	34889300
283	34892700	34892600	34892700	34892700
284	34893100	34893100	34893100	34893100
285	34894100	34894100	34894000	34894000
286	34890300	34890300	34890300	34890300
287	34889400	34889400	34889400	34889500
288	34891500	34891500	34891500	34891400
289	34890300	34890400	34890400	34890400
290	34893900	34893800	34893800	34893800
291	34892900	34892900	34892900	34892900
292	34896200	34896300	34896300	34896300
293	34891100	34891000	34891100	34891100
294	34891400	34891400	34891400	34891400
295	34892300	34892300	34892200	34892200
296	34892800	34892900	34892900	34892900
297	34893000	34892900	34892900	34893000
298	34890800	34890800	34890900	34890800
299	34890800	34890800	34890700	34890700
300	34892200	34892200	34892200	34892300
301	34891300	34891300	34891300	34891200
302	34897100	34897100	34897100	34897100
303	34894300	34894400	34894400	34894400
304	34891000	34890900	34891000	34891000
305	34890100	34890100	34890000	34890000
306	34895400	34895400	34895400	34895400
307	34893000	34893000	34893100	34893100
308	34893200	34893200	34893100	34893100
309	34890600	34890600	34890600	34890600
310	34890800	34890800	34890800	34890800
311	34890600	34890600	34890700	34890700
312	34891900	34891900	34891900	34891900
313	34891200	34891200	34891100	34891100
314	34895200	34895200	34895300	34895300
315	34895600	34895600	34895600	34895600
316	34893800	34893800	34893800	34893800
317	34893300	34893300	34893200	34893200
318	34889300	34889300	34889400	34889400
319	34889800	34889800	34889700	34889700
320	34890900	34890900	34891000	34891000
321	34896500	34896600	34896500	34896500
322	34893500	34893400	34893400	34893500
323	34892100	34892100	34892200	34892100
324	34891900	34891900	34891800	34891900
325	34893400	34893400	34893400	34893300
326	34891000	34891000	34891000	34891100
327	34894600	34894700	34894700	34894600
328	34894600	34894600	34894600	34894600
329	34891900	34891900	34891900	34891900
330	34893300	34893200	34893200	34893300
331	34894900	34894900	34895000	34894900
332	34889100	34889200	34889100	34889100
333	34887900	34887800	34887800	34887800
334	34890000	34890000	34890000	34890100
335	34888500	34888500	34888500	34888400
336	34890100	34890200	34890200	34890200
337	34894100	34894100	34894100	34894100
338	34891800	34891700	34891700	34891700
339	34891900	34891900	34891900	34891900
340	34889300	34889300	34889300	34889400
341	34893000	34893000	34893100	34893000
342	34893200	34893200	34893100	34893100
343	34893100	34893100	34893100	34893100
344	34891500	34891500	34891500	34891500
345	34889400	34889400	34889400	34889400
346	34894700	34894700	34894700	34894700
347	34894900	34894900	34894900	34894900
348	34894300	34894400	34894400	34894400
349	34895700	34895700	34895700	34895700
350	34891000	34890900	34890900	34887700
351	34892800	34892800	34892800	34892800
352	34891000	34891000	34891000	34891100
353	34885600	34885600	34885700	34885600
354	34888900	34888900	34888800	34888800
355	34889000	34889000	34889000	34889000
356	34889200	34889200	34889300	34889300
357	34888100	34888100	34888000	34888000
358	34887500	34887500	34887500	34887500
359	34887000	34887100	34887100	34887100
360	34890100	34890000	34890100	34890100
361	34893200	34893200	34893100	34893100
362	34888800	34888800	34888800	34888800
363	34889200	34889300	34889300	34889300
364	34886700	34886600	34886600	34886700
365	34889100	34889100	34889100	34889000
366	34889500	34889500	34889500	34889500
367	34890800	34890800	34890800	34890900
368	34889300	34889300	34889300	34889300
369	34886700	34886700	34886700	34886600
370	34887700	34887700	34887800	34887800
371	34888600	34888700	34888600	34888600
372	34888400	34888300	34888400	34888400
373	34891900	34891900	34891900	34891900
374	34892100	34892100	34892000	34892100
375	34893600	34893600	34893600	34893500
376	34891200	34891200	34891300	34891300
377	34891000	34891000	34890900	34891000
378	34892000	34892000	34892100	34892000
379	34893400	34893500	34893400	34893400
380	34892700	34892600	34892600	34892600
381	34892300	34892300	34892300	34892300
382	34896200	34896200	34896200	34896200
383	34893200	34893200	34893200	34893200
384	34893300	34893300	34893400	34893400
385	34893300	34893300	34893200	34893200
386	34893700	34893700	34893800	34893800
387	34893300	34893300	34893200	34893200
388	34895100	34895100	34895100	34895100
389	34899200	34899300	34899300	34899300
390	34897400	34897400	34897400	34897400
391	34896400	34896300	34896300	34896300
392	34898000	34898100	34898100	34898100
393	34893700	34893600	34893600	34893600
394	34898200	34898200	34898200	34898200
395	34897000	34897000	34897000	34897000
396	34895100	34895100	34895100	34895100
397	34892200	34892200	34892200	34892300
398	34894200	34894300	34894300	34894200
399	34896200	34896100	34896100	34896100
400	34897200	34897300	34897300	34897300
401	34894800	34894700	34894700	34894700
402	34894900	34894900	34895000	34895000
403	34892500	34892500	34892400	34892500
404	34891800	34891800	34891800	34891700
405	34893800	34893900	34893900	34893900
406	34890700	34890600	34890600	34890600
407	34894400	34894500	34894500	34894500
408	34893200	34893100	34893100	34893100
409	34887400	34887400	34887400	34887500
410	34885200	34885200	34885200	34885100
411	34886200	34886200	34886200	34886200
412	34886300	34886400	34886400	34886400
413	34889800	34889700	34889700	34889700
414	34888100	34888100	34888200	34888200
415	34889900	34889900	34889900	34889900
416	34889900	34889900	34889900	34889900
417	34891100	34891100	34891000	34891000
418	34889900	34889900	34889900	34889900
419	34887100	34887200	34887200	34887200
420	34887600	34887500	34887500	34887600
421	34888800	34888800	34888800	34888700
422	34887600	34887600	34887600	34887600
423	34891400	34891400	34891500	34891500
424	34892300	34892300	34892200	34892200
425	34888800	34888900	34888900	34888900
426	34887000	34886900	34887000	34887000
427	34886000	34886000	34885900	34885900
428	34882800	34882900	34882900	34882900
429	34885200	34885100	34885100	34885100
430	34887000	34887100	34887100	34887100
431	34887000	34886900	34886900	34886900
432	34889600	34889600	34889600	34889600
433	34892500	34892500	34892500	34892600
434	34889400	34889400	34889500	34889400
435	34892400	34892400	34892400	34892400
436	34891400	34891400	34891400	34891400
437	34893200	34893200	34893100	34893100
438	34894300	34894300	34894300	34894400
439	34888000	34888000	34888000	34887900
440	34891300	34891300	34891300	34891300
441	34892100	34892100	34892200	34892200
442	34891700	34891800	34891700	34891700
443	34889200	34889100	34889100	34889100
444	34885600	34885600	34885600	34885700
445	34892100	34892100	34892100	34892000
446	34888700	34888700	34888700	34888700
447	34893000	34893000	34893100	34893100
448	34895400	34895400	34895300	34895400
449	34890900	34891000	34891000	34890900
450	34891000	34890900	34890900	34891000
451	34887600	34887600	34887700	34887600
452	34889800	34889800	34889700	34889700
453	34889900	34890000	34890000	34890000
454	34888400	34888300	34888300	34888300
455	34890100	34890100	34890100	34890200
456	34890400	34890400	34890400	34890300
457	34890700	34890700	34890700	34890700
458	34891800	34891800	34891800	34891900
459	34890400	34890400	34890400	34890300
460	34889500	34889600	34889600	34889600
461	34888900	34888900	34888900	34888900
462	34889800	34889700	34889800	34889800
463	34890000	34890000	34890000	34890000
464	34890700	34890700	34890600	34890600
465	34890600	34890600	34890600	34890700
466	34884600	34884600	34884600	34884600
467	34890000	34890000	34890000	34890000
468	34888500	34888600	34888600	34888500
469	34888300	34888200	34888200	34888200
470	34890000	34890000	34890000	34890000
471	34891800	34891900	34891900	34891900
472	34887500	34887400	34887400	34887400
473	34890900	34890900	34890900	34890900
474	34890100	34890100	34890100	34890100
475	34892700	34892700	34892700	34892800
476	34891200	34891200	34891200	34891100
477	34890400	34890400	34890500	34890500
478	34888400	34888400	34888400	34888400
479	34888100	34888200	34888100	34888100
480	34887000	34886900	34887000	34887000
481	34885000	34885000	34884900	34885000
482	34885300	34885300	34885300	34885200
483	34888100	34888200	34888200	34888200
484	34889000	34888900	34889000	34889000
485	34886700	34886700	34886700	34886700
486	34889200	34889200	34889200	34889200
487	34888900	34888900	34888800	34888900
488	34894700	34894800	34894800	34894700
489	34892300	34892200	34892200	34892300
490	34890700	34890700	34890700	34890600
491	34888700	34888700	34888700	34888700
492	34889000	34889000	34889000	34889000
493	34888100	34888100	34888100	34888100
494	34888800	34888800	34888800	34888900
495	34888300	34888300	34888300	34888300
496	34887400	34887500	34887500	34887400
497	34884700	34884600	34884600	34884600
498	34882700	34882700	34882800	34882800
499	34884300	34884400	34884300	34884300

============================================================
# BITSTREAM: 10ms_5etapas.bit
# VENTANA: 10ms
# ETAPAS_PRINCIPAL: 5
# NUM_MUESTRAS: 500
# FORMATO: idx	freq1_hz	freq2_hz	freq3_hz	freq4_hz
============================================================
idx	freq1_hz	freq2_hz	freq3_hz	freq4_hz
0	33533800	33533800	33533900	33533900
1	33534800	33534800	33534800	33534800
2	33537700	33547200	33537600	33537600
3	33536400	33536400	33536500	33536500
4	33537300	33537200	33537200	33537200
5	33537900	33538000	33538000	33538000
6	33538600	33538600	33538600	33538600
7	33536600	33536600	33536600	33536500
8	33535000	33535000	33535000	33535100
9	33536600	33536600	33536600	33536500
10	33535500	33535500	33535500	33535600
11	33535900	33535900	33535900	33535900
12	33535900	33535900	33535900	33535900
13	33535400	33535400	33535400	33535400
14	33534100	33537200	33537200	33537200
15	33535100	33535200	33535200	33535200
16	33535300	33535300	33535300	33535200
17	33534900	33534900	33534900	33535000
18	33534700	33534700	33534700	33534700
19	33534300	33534300	33534200	33534200
20	33536000	33536000	33536100	33536000
21	33536800	33536800	33536800	33536900
22	33536000	33536000	33536000	33536000
23	33536500	33536500	33536500	33536500
24	33536400	33536300	33536300	33536300
25	33535600	33535700	33535700	33535700
26	33537200	33537200	33537200	33537200
27	33536800	33536800	33536800	33536700
28	33538100	33538100	33538100	33538200
29	33539800	33539700	33539700	33539700
30	33539200	33539300	33539300	33539300
31	33540300	33540300	33540200	33540200
32	33540300	33540300	33540400	33540300
33	33540700	33540700	33540700	33540800
34	33543100	33543100	33543000	33543000
35	33542300	33542300	33542400	33542400
36	33541300	33541300	33541200	33541200
37	33540500	33540500	33540600	33540600
38	33538500	33538500	33538400	33538400
39	33540100	33540100	33538400	33540100
40	33540600	33540500	33540500	33540600
41	33538500	33538600	33538600	33538500
42	33536400	33536400	33536400	33536500
43	33539200	33539200	33539100	33539100
44	33541400	33541400	33541400	33541400
45	33541800	33541800	33541900	33541900
46	33539100	33539100	33539100	33539000
47	33537500	33537400	33537400	33537500
48	33539500	33539500	33539500	33539500
49	33540600	33540700	33540700	33540700
50	33538400	33538400	33538400	33538400
51	33543500	33543500	33543400	33543400
52	33543700	33543700	33543800	33543700
53	33545100	33545100	33545100	33545200
54	33542000	33541900	33541900	33541900
55	33543400	33543500	33543400	33543400
56	33542500	33542500	33542500	33542500
57	33543100	33543100	33543200	33543200
58	33541700	33541700	33541700	33541700
59	33541200	33541200	33541100	33541100
60	33537500	33537500	33537500	33537500
61	33539600	33539600	33539600	33539600
62	33540800	33540800	33540900	33540800
63	33544200	33544200	33544200	33544200
64	33541600	33541600	33541600	33541700
65	33540100	33540100	33540100	33540000
66	33540700	33540700	33540700	33540800
67	33540400	33540400	33540400	33540300
68	33540700	33540700	33540700	33540800
69	33542700	33542700	33542600	33542600
70	33541800	33541800	33541900	33541900
71	33542200	33542200	33542200	33542200
72	33541100	33541100	33541000	33541000
73	33537700	33537700	33537800	33537800
74	33539200	33539200	33539200	33539100
75	33540900	33540900	33540800	33540900
76	33539200	33539200	33539300	33539300
77	33542500	33542500	33542500	33542500
78	33541600	33541600	33541500	33541500
79	33542200	33542200	33542300	33542300
80	33539600	33539600	33539600	33539500
81	33540700	33540700	33540600	33540700
82	33541300	33541200	33541300	33541300
83	33540300	33540300	33540300	33540300
84	33540300	33540400	33540400	33540400
85	33539800	33539800	33539800	33539800
86	33538800	33538800	33538800	33538800
87	33541100	33541100	33541000	33541000
88	33540400	33540300	33541000	33540400
89	33539400	33536300	33536300	33536200
90	33536800	33536800	33536700	33536800
91	33537400	33537400	33537500	33537400
92	33537700	33537700	33537600	33537700
93	33539700	33536500	33539800	33539800
94	33537500	33537500	33537500	33537500
95	33537600	33537600	33537600	33537600
96	33538900	33538800	33537600	33538800
97	33540800	33540900	33540900	33540900
98	33538600	33538600	33538600	33538600
99	33540800	33540800	33540800	33540800
100	33539500	33539500	33539400	33539400
101	33539000	33539000	33539000	33539000
102	33539200	33539200	33539200	33539200
103	33538600	33538600	33538600	33538600
104	33537500	33537400	33537600	33537600
105	33537200	33537200	33537200	33537200
106	33536900	33536900	33536800	33536800
107	33538300	33538300	33538400	33538400
108	33538000	33538000	33538000	33538000
109	33538500	33538500	33538500	33538500
110	33537700	33537700	33537600	33537600
111	33539100	33539100	33539100	33539100
112	33538300	33538300	33538300	33538300
113	33540700	33540700	33540800	33540800
114	33540900	33540900	33540900	33540800
115	33542600	33542600	33542600	33542700
116	33539500	33539500	33539500	33539500
117	33541000	33541000	33541000	33540900
118	33542100	33542100	33542100	33542200
119	33541000	33541000	33541000	33541000
120	33542100	33542100	33542000	33542000
121	33540300	33540300	33540400	33540400
122	33538500	33538500	33538500	33538500
123	33539500	33539500	33539500	33539500
124	33539800	33539800	33539800	33539800
125	33538900	33538900	33538900	33538900
126	33539800	33539700	33539700	33539700
127	33538800	33538900	33538900	33538900
128	33539400	33539400	33539400	33539400
129	33539900	33539900	33539500	33539800
130	33539700	33539700	33539700	33539800
131	33539000	33539000	33539000	33538900
132	33542400	33542400	33537800	33542500
133	33544000	33544000	33544000	33543900
134	33543300	33543300	33543300	33543300
135	33543400	33543300	33543300	33543400
136	33537800	33537900	33537800	33537800
137	33536900	33537100	33536900	33536900
138	33538200	33538200	33538300	33538300
139	33537800	33537800	33537800	33537800
140	33538100	33538000	33538000	33538000
141	33539000	33539100	33539100	33539000
142	33540300	33540300	33540300	33540400
143	33540500	33540400	33540400	33540400
144	33542100	33542200	33542200	33542200
145	33542600	33542600	33542600	33542600
146	33542200	33542200	33542200	33542200
147	33540700	33540700	33540700	33540700
148	33540100	33540100	33540000	33540000
149	33540100	33540100	33540100	33540100
150	33538000	33537900	33538000	33538000
151	33540300	33540400	33540400	33540400
152	33539400	33539300	33539300	33539300
153	33540800	33540900	33540900	33540900
154	33539800	33539800	33539800	33539800
155	33540100	33540100	33540100	33540100
156	33540500	33540500	33540500	33540500
157	33541000	33541000	33541000	33541000
158	33543500	33543500	33543500	33543500
159	33542100	33542100	33542100	33542000
160	33540600	33540600	33540600	33540700
161	33540800	33540800	33540700	33540700
162	33542500	33542400	33542500	33542500
163	33542600	33542700	33542600	33542600
164	33542100	33542100	33542200	33542200
165	33541300	33541300	33541200	33541200
166	33540000	33540000	33540100	33540100
167	33537700	33537700	33537700	33537600
168	33541500	33541500	33541500	33541500
169	33542500	33542500	33542500	33542500
170	33541000	33541000	33541000	33541100
171	33542500	33542500	33542500	33542500
172	33540400	33540400	33540400	33540400
173	33542900	33542900	33542800	33542800
174	33544300	33544300	33544400	33544300
175	33542400	33542400	33542400	33542500
176	33541800	33541800	33541800	33541700
177	33541200	33541200	33541200	33541200
178	33540800	33540800	33540800	33540900
179	33542200	33542100	33542100	33542100
180	33540800	33540900	33540900	33540900
181	33541400	33541400	33541300	33541300
182	33541200	33541200	33541300	33541300
183	33545600	33545600	33545500	33545500
184	33539800	33539800	33539800	33539800
185	33541500	33541500	33541600	33541600
186	33539400	33539300	33539300	33539300
187	33540000	33540100	33540000	33540000
188	33540400	33540400	33540500	33540400
189	33539000	33539000	33538900	33539000
190	33541100	33541100	33541100	33541100
191	33540600	33540600	33540700	33540600
192	33538900	33538900	33538800	33538900
193	33540000	33540000	33538500	33540000
194	33542600	33542600	33542600	33542600
195	33543500	33543500	33543500	33543600
196	33539900	33539900	33539900	33539900
197	33540700	33540600	33540600	33540600
198	33541400	33541500	33541500	33541500
199	33541000	33541000	33540900	33540900
200	33542400	33542400	33542500	33542500
201	33540600	33540600	33540600	33540600
202	33539000	33539000	33539000	33539000
203	33538500	33538400	33538400	33538400
204	33539200	33539300	33539200	33539200
205	33539800	33539800	33539900	33539800
206	33539100	33539100	33539100	33539200
207	33539200	33539200	33539200	33539200
208	33540300	33540300	33540300	33540300
209	33538700	33538700	33538700	33538600
210	33542100	33542100	33542000	33542100
211	33540100	33540100	33540200	33540200
212	33538800	33538900	33538800	33538800
213	33539600	33539600	33539500	33539500
214	33537400	33537300	33537400	33537400
215	33539100	33539200	33539100	33539100
216	33539100	33539100	33539100	33539200
217	33539400	33539300	33539300	33539300
218	33540500	33540600	33540600	33540600
219	33541000	33540900	33540900	33540900
220	33541100	33541200	33541100	33541100
221	33540600	33540600	33540700	33540700
222	33541000	33541000	33540900	33540900
223	33540600	33540600	33540700	33540600
224	33540700	33540700	33540600	33540700
225	33541700	33541700	33541800	33541800
226	33539800	33539800	33539800	33539800
227	33539900	33539900	33539800	33539800
228	33540200	33540200	33540300	33540300
229	33541200	33541200	33541200	33541200
230	33542700	33542700	33542700	33542700
231	33546300	33546300	33546200	33546200
232	33545300	33545300	33545400	33545400
233	33546200	33546200	33546200	33546200
234	33544000	33544000	33543900	33543900
235	33544600	33544600	33544600	33544600
236	33543200	33543200	33543300	33543300
237	33544700	33544700	33544700	33544700
238	33542200	33542200	33542200	33542200
239	33540300	33540300	33540300	33540300
240	33541300	33541300	33541300	33541300
241	33541600	33541600	33541600	33541500
242	33541400	33541400	33541400	33541500
243	33540800	33540800	33540800	33540800
244	33542200	33542200	33542200	33542200
245	33542800	33542800	33542700	33542700
246	33543800	33543800	33543900	33543900
247	33541700	33541600	33548000	33541600
248	33541100	33541200	33541100	33541100
249	33542500	33542500	33542600	33542500
250	33543600	33543600	33543600	33543700
251	33542100	33542100	33543700	33542100
252	33541500	33541500	33541500	33541400
253	33540700	33540700	33540700	33540800
254	33542000	33542000	33542000	33542000
255	33542800	33542800	33542800	33542800
256	33547000	33547000	33547000	33546900
257	33541700	33541700	33541700	33541800
258	33539000	33539000	33539000	33539000
259	33541600	33541600	33541600	33541600
260	33543400	33543400	33543300	33543300
261	33542700	33542600	33542700	33542700
262	33544400	33544500	33544500	33544500
263	33543400	33543400	33543400	33543400
264	33544700	33544700	33544700	33544700
265	33542500	33542700	33542500	33542500
266	33541900	33541900	33541900	33541900
267	33539500	33539500	33539500	33539500
268	33538200	33538100	33538100	33538100
269	33540200	33540300	33540200	33540200
270	33541700	33541700	33541800	33541800
271	33541700	33541700	33541700	33541600
272	33542800	33542800	33542800	33542900
273	33544400	33544400	33544400	33544400
274	33542800	33542800	33542800	33542700
275	33545000	33545000	33544900	33545000
276	33543500	33543500	33543500	33543500
277	33540900	33540900	33541000	33541000
278	33543100	33543100	33543100	33543100
279	33546800	33546800	33546700	33546700
280	33543200	33543200	33543200	33543200
281	33541700	33541700	33541700	33541700
282	33542400	33542400	33542500	33542500
283	33541900	33541900	33541800	33541800
284	33542400	33542300	33542400	33542400
285	33542800	33542900	33542900	33542900
286	33542100	33542100	33542100	33542000
287	33542100	33542000	33542000	33542100
288	33543800	33543900	33543900	33543800
289	33541400	33541400	33541300	33541400
290	33542100	33542100	33542100	33542100
291	33543600	33543600	33543600	33543600
292	33544500	33544500	33544600	33544600
293	33541000	33541000	33544600	33540900
294	33540000	33540000	33539900	33540000
295	33541600	33541600	33541700	33541700
296	33541800	33541800	33541800	33541800
297	33542100	33542100	33542100	33542100
298	33542100	33542100	33542100	33542000
299	33541300	33541300	33541200	33541300
300	33537700	33537700	33537800	33537700
301	33539900	33539900	33539900	33539900
302	33540300	33540300	33540300	33540400
303	33540700	33540700	33540700	33540700
304	33539800	33539800	33539800	33539800
305	33539000	33539000	33539000	33538900
306	33541000	33541000	33541000	33541000
307	33540500	33540500	33540500	33540500
308	33539300	33539300	33539200	33539300
309	33539200	33539200	33539300	33539300
310	33541800	33541800	33541700	33541700
311	33541500	33541400	33541500	33541500
312	33539100	33539200	33539200	33539200
313	33540700	33540700	33540700	33540600
314	33541500	33541400	33541400	33541500
315	33539500	33539600	33539600	33539600
316	33540700	33540700	33540700	33540700
317	33543100	33543100	33543100	33543100
318	33546100	33546100	33546000	33546000
319	33543600	33543600	33543600	33543600
320	33544900	33544800	33545000	33545000
321	33544500	33544500	33544500	33544400
322	33547000	33547000	33547000	33547100
323	33546300	33546300	33546200	33546200
324	33544100	33544100	33544200	33544200
325	33542900	33542900	33542900	33542900
326	33542300	33542300	33542200	33542200
327	33543700	33543700	33543800	33543700
328	33542800	33542800	33542800	33542900
329	33543600	33543600	33543500	33543500
330	33544600	33544400	33544700	33544700
331	33542800	33542800	33542700	33542700
332	33543200	33543200	33543200	33543200
333	33543100	33543100	33543100	33543100
334	33542900	33542900	33543000	33543000
335	33539800	33539800	33539700	33539700
336	33541500	33541400	33541500	33541500
337	33540500	33540400	33540500	33540500
338	33542000	33542000	33542000	33542000
339	33544400	33544500	33544400	33544400
340	33542400	33542400	33542500	33542500
341	33541200	33541100	33541100	33541100
342	33543500	33543600	33543600	33543600
343	33541600	33541600	33541600	33541600
344	33541000	33541000	33540900	33540900
345	33539200	33539200	33539300	33539300
346	33540500	33540500	33540500	33540500
347	33541400	33538200	33538200	33538100
348	33537200	33537200	33537200	33537300
349	33545500	33535900	33535900	33535800
350	33535700	33535700	33535700	33535700
351	33538000	33538000	33538000	33538100
352	33538000	33537900	33537900	33537900
353	33538600	33538700	33538700	33538700
354	33540600	33540600	33540600	33540600
355	33541000	33541000	33541000	33541000
356	33541800	33541700	33541700	33541700
357	33538400	33538500	33538500	33538500
358	33539000	33539000	33538900	33538900
359	33537200	33537200	33537300	33537200
360	33538500	33538500	33538500	33538500
361	33536100	33536100	33536100	33536200
362	33545400	33535800	33535800	33535800
363	33536500	33536500	33536500	33536500
364	33538800	33538800	33538700	33538700
365	33538600	33538600	33538600	33538600
366	33538300	33538300	33538300	33538300
367	33539500	33539500	33539500	33539500
368	33539800	33539700	33539800	33539800
369	33540000	33540100	33540100	33540100
370	33541400	33541500	33541400	33541300
371	33538700	33538700	33538600	33538700
372	33536800	33536800	33536900	33536800
373	33534500	33534500	33534500	33534500
374	33536400	33536400	33536400	33536500
375	33536100	33536100	33536000	33536000
376	33537800	33537800	33537900	33537900
377	33542600	33542600	33542600	33542600
378	33544900	33544900	33544900	33544800
379	33547300	33547300	33547300	33547400
380	33541800	33541800	33541700	33541700
381	33542800	33542800	33542900	33542900
382	33543700	33543700	33543600	33543600
383	33544200	33544200	33544300	33544200
384	33544000	33544000	33544000	33544100
385	33543700	33543700	33543700	33543700
386	33544700	33544700	33544700	33544600
387	33543900	33543900	33543800	33543900
388	33542100	33542100	33542200	33542200
389	33541800	33541800	33541700	33541700
390	33539200	33539200	33539300	33539300
391	33538900	33538900	33538900	33538900
392	33536500	33536500	33536400	33536400
393	33537400	33537400	33537400	33537400
394	33538800	33538800	33538900	33538900
395	33538700	33538600	33538700	33538700
396	33538600	33538600	33538600	33538600
397	33539600	33539600	33539600	33539500
398	33539500	33539500	33539500	33539600
399	33537700	33537700	33537700	33537600
400	33536800	33536800	33536800	33536900
401	33539200	33539200	33539200	33539200
402	33538300	33538300	33538200	33538200
403	33540200	33540200	33540200	33540200
404	33541800	33541800	33541900	33541800
405	33543600	33543500	33543500	33543600
406	33542000	33542100	33542100	33542100
407	33541900	33541900	33541800	33541800
408	33541900	33541900	33542000	33542000
409	33541600	33541600	33541600	33541600
410	33542700	33542700	33542600	33542600
411	33540700	33540700	33540800	33540800
412	33538900	33538900	33538900	33538800
413	33538600	33538600	33538500	33538600
414	33537100	33540200	33540300	33540300
415	33538800	33538900	33538900	33538900
416	33536300	33536300	33536300	33536300
417	33537800	33537800	33537800	33537800
418	33536700	33536700	33536700	33536700
419	33538100	33538100	33538000	33538000
420	33539700	33539700	33538000	33539800
421	33537600	33540900	33537600	33537600
422	33536700	33536700	33536700	33536700
423	33540300	33540300	33540300	33540300
424	33540500	33540500	33540500	33540400
425	33538700	33538700	33538700	33538800
426	33539700	33539700	33539700	33539700
427	33541800	33541800	33541800	33541800
428	33541100	33541000	33541100	33541000
429	33539200	33539200	33539100	33539200
430	33540300	33540300	33540300	33540300
431	33537900	33537900	33538000	33538000
432	33537500	33537500	33537500	33537500
433	33538400	33538400	33538300	33538300
434	33539200	33539200	33539300	33539300
435	33538600	33538600	33538600	33538500
436	33539500	33539500	33539500	33539600
437	33539500	33539500	33539500	33539500
438	33540200	33540200	33540200	33540200
439	33540800	33540800	33540700	33540700
440	33539900	33539900	33539900	33539900
441	33542000	33542000	33542100	33542100
442	33540500	33540500	33540500	33540400
443	33539000	33539000	33539000	33539000
444	33536800	33536800	33536800	33536900
445	33537700	33537700	33537700	33537700
446	33536500	33536500	33536500	33536500
447	33538600	33538600	33538500	33538500
448	33537100	33537000	33537100	33537100
449	33536000	33536100	33536000	33536000
450	33539000	33539000	33539100	33539100
451	33538500	33538500	33538500	33538500
452	33540800	33540800	33540800	33540700
453	33539400	33539400	33539300	33539400
454	33538700	33538700	33538700	33538700
455	33539100	33539100	33539100	33539100
456	33540700	33540700	33540800	33540800
457	33540700	33540700	33540700	33540700
458	33538800	33538800	33538700	33538700
459	33539200	33539200	33539300	33539300
460	33538700	33538700	33538700	33538700
461	33538300	33538300	33538300	33538300
462	33540900	33540900	33540900	33540800
463	33540400	33540400	33540400	33540500
464	33542700	33542700	33542700	33542700
465	33543000	33543100	33542900	33542900
466	33540400	33540400	33540500	33540500
467	33541000	33541000	33541000	33541000
468	33538700	33538700	33538700	33538700
469	33537800	33537800	33537700	33537700
470	33538100	33538100	33538200	33538100
471	33538500	33538500	33538500	33538500
472	33541000	33541000	33540900	33541000
473	33542800	33542800	33542900	33542900
474	33542100	33542100	33542000	33542000
475	33541900	33541900	33542000	33541900
476	33542100	33542100	33542100	33542100
477	33538600	33538600	33538500	33538600
478	33540000	33540000	33540100	33540100
479	33542500	33542500	33542500	33542500
480	33541400	33541400	33541300	33541300
481	33542000	33541900	33542000	33542000
482	33543500	33543600	33543600	33543600
483	33542000	33542000	33542000	33542000
484	33542300	33542200	33542200	33542200
485	33545100	33545200	33545200	33545200
486	33544100	33544100	33544100	33544100
487	33541000	33540900	33540900	33540900
488	33541600	33541700	33541600	33541600
489	33541900	33541900	33542000	33541900
490	33538700	33541900	33538700	33538800
491	33539400	33539400	33539400	33539300
492	33540900	33540900	33540900	33541000
493	33539900	33539900	33539900	33539900
494	33537300	33537300	33537300	33537300
495	33541600	33541600	33541600	33541600
496	33542900	33542800	33542800	33542800
497	33542500	33542500	33542500	33542500
498	33541300	33541400	33541400	33541400
499	33540700	33540700	33540700	33540700

============================================================
# BITSTREAM: 10ms_51etapas.bit
# VENTANA: 10ms
# ETAPAS_PRINCIPAL: 51
# NUM_MUESTRAS: 500
# FORMATO: idx	freq1_hz	freq2_hz	freq3_hz	freq4_hz
============================================================
idx	freq1_hz	freq2_hz	freq3_hz	freq4_hz
0	13637200	13960700	12667000	11818600
1	13636500	13959700	12666600	11819500
2	13635900	13959500	12665200	11814000
3	13635700	13959200	12665400	11814400
4	13636200	13959700	12665400	11814700
5	13636400	13960100	12665500	11813900
6	13635400	13958800	12665100	11816000
7	13636100	13959600	12665400	11819300
8	13635200	13958800	12664900	11817500
9	13635200	13958500	12664900	11819100
10	13635800	13959300	12665500	11815700
11	13635700	13959000	12665400	11814200
12	13637000	13960600	12666600	11816100
13	13636400	13959800	12665900	11817800
14	13636100	13959600	12666000	11815200
15	13635600	13959000	12665300	11817900
16	13636700	13960000	12666700	11815700
17	13635300	13958600	12665200	11814000
18	13636200	13959500	12666300	11817200
19	13636600	13960100	12666200	11814000
20	13636000	13959400	12665800	11816300
21	13635900	13959400	12665400	11817800
22	13635500	13958900	12665400	11817600
23	13635800	13959000	12666000	11819300
24	13636900	13960500	12666400	11815800
25	13636000	13959500	12665400	11813300
26	13635200	13958500	12665300	11813300
27	13635700	13959100	12665800	11815300
28	13636600	13959800	12666700	11817700
29	13636500	13959900	12666300	11815200
30	13636800	13960300	12666200	11816900
31	13636500	13959700	12665800	11813600
32	13635400	13958900	12664700	11813000
33	13635500	13958800	12662700	11819200
34	13635200	13958500	12665000	11818700
35	13633700	13956800	12664600	11814300
36	13634600	13958400	12663400	11818700
37	13634100	13957500	12664100	11814400
38	13634500	13957800	12664100	11815900
39	13634100	13957800	12663000	11816100
40	13634700	13958500	12663500	11816700
41	13635200	13958600	12664700	11815100
42	13635500	13959000	12665300	11817100
43	13634800	13958100	12664800	11814400
44	13635100	13958800	12664200	11819200
45	13634700	13957900	12664800	11818400
46	13635000	13958800	12663900	11814900
47	13634500	13957800	12664400	11817900
48	13634700	13958400	12663700	11816400
49	13635200	13958700	12664500	11815100
50	13635200	13958600	12665300	11815500
51	13635100	13958600	12664700	11816700
52	13635200	13958500	12664900	11816500
53	13634900	13958400	12664600	11814900
54	13633800	13957300	12663200	11814500
55	13633800	13957400	12663000	11816600
56	13634100	13957600	12662800	11814000
57	13634500	13958200	12663600	11816900
58	13634600	13958300	12663300	11813900
59	13635600	13959400	12664100	11819700
60	13634800	13958300	12664600	11817300
61	13634800	13958600	12663600	11819300
62	13634900	13958300	12664800	11816600
63	13635000	13958600	12663800	11819100
64	13634700	13958100	12664500	11816600
65	13635200	13959000	12663700	11819100
66	13634700	13958100	12664800	11814100
67	13635200	13959000	12663800	11819100
68	13635100	13958400	12665100	11814600
69	13634300	13957700	12664300	11814700
70	13634700	13958500	12663100	11813700
71	13635100	13958500	12664800	11814700
72	13635100	13958400	12665100	11814600
73	13634300	13957900	12663800	11814400
74	13634500	13958100	12663300	11814700
75	13634700	13958500	12663500	11818900
76	13633300	13956500	12663700	11813500
77	13634000	13957500	12663300	11816900
78	13633800	13957400	12663400	11814900
79	13637100	13958900	12664300	11814500
80	13634800	13958000	12665000	11818600
81	13634900	13958500	12664200	11814200
82	13634300	13957700	12664100	11814400
83	13634300	13958100	12662700	11813600
84	13635000	13958900	12663700	11819000
85	13635100	13958400	12665000	11818600
86	13635600	13959200	12664800	11815100
87	13635200	13958800	12664600	11813600
88	13635000	13958200	12665000	11818500
89	13634500	13958100	12663800	11814100
90	13633900	13957700	12662700	11818400
91	13634000	13957800	12662600	11813400
92	13634000	13957600	12663100	11815900
93	13634000	13957600	12663100	11816500
94	13633900	13957500	12663400	11816200
95	13633600	13957100	12663000	11815100
96	13634100	13957500	12663700	11817600
97	13633500	13957000	12663400	11815800
98	13633900	13957400	12663200	11816200
99	13636000	13959200	12663800	11815100
100	13633800	13957400	12663000	11813000
101	13633800	13957200	12663000	11813500
102	13633300	13957000	12662500	11812800
103	13633900	13957400	12663200	11816700
104	13634700	13957600	12662800	11813500
105	13633500	13957100	12662500	11815900
106	13634000	13957600	12663400	11817200
107	13633400	13957000	12662600	11815600
108	13633700	13957200	12662900	11815600
109	13633600	13957100	12663000	11812800
110	13634900	13958200	12664200	11817600
111	13633800	13957400	12663000	11813600
112	13635500	13958300	12663500	11814300
113	13634700	13958300	12663700	11818600
114	13635500	13959200	12664500	11819300
115	13634100	13957500	12663700	11812700
116	13634500	13958000	12664000	11815600
117	13634500	13958300	12663500	11813900
118	13634600	13958200	12663900	11819100
119	13634400	13958000	12663300	11813900
120	13635000	13958700	12664000	11814600
121	13633900	13957100	12664300	11814800
122	13634300	13957700	12663800	11818400
123	13634000	13957800	12662700	11813600
124	13633600	13957300	12662700	11822100
125	13634100	13957700	12663100	11816400
126	13633400	13957200	12662000	11812900
127	13632900	13956500	12662100	11812500
128	13633700	13957400	12662800	11817500
129	13634000	13957400	12663400	11813800
130	13633600	13957000	12663000	11813700
131	13633300	13956800	12662900	11815700
132	13633400	13957000	12662600	11817800
133	13633900	13957400	12663300	11816000
134	13633500	13957000	12663200	11814000
135	13633600	13957000	12663100	11815900
136	13633500	13957000	12663200	11815900
137	13633400	13956900	12662900	11816200
138	13634200	13957600	12663800	11815100
139	13634400	13957900	12663800	11816500
140	13634200	13958000	12663300	11814400
141	13634800	13958500	12663600	11814100
142	13634700	13958000	12664900	11815100
143	13634900	13958600	12663600	11814200
144	13634300	13957600	12664300	11816000
145	13634700	13958300	12663800	11816700
146	13634700	13958400	12663700	11818800
147	13633600	13957000	12663500	11814000
148	13635000	13958600	12664400	11816900
149	13634500	13957600	12664800	11816400
150	13634400	13958100	12663600	11816500
151	13635800	13959600	12664400	11819800
152	13634900	13958200	12664700	11817300
153	13634100	13957700	12663200	11813900
154	13634500	13958300	12663400	11814100
155	13635200	13959000	12664000	11813400
156	13635500	13958800	12665500	11815100
157	13634600	13957900	12664500	11818300
158	13634400	13958100	12663300	11814500
159	13635100	13958800	12664100	11819500
160	13634200	13957500	12664300	11818100
161	13634500	13958000	12663800	11815800
162	13635400	13959300	12664000	11814500
163	13634700	13958000	12664700	11813800
164	13635200	13958800	12664400	11814500
165	13634600	13957900	12664700	11818800
166	13634600	13958200	12663500	11814800
167	13634500	13958100	12664100	11814600
168	13635200	13958900	12664300	11819700
169	13635300	13958300	12665900	11819500
170	13635100	13958700	12664300	11819300
171	13634200	13957400	12664800	11814900
172	13634900	13958200	12663400	11819000
173	13634500	13958100	12663600	11814200
174	13634900	13958600	12663800	11818900
175	13634700	13958000	12664900	11816700
176	13634700	13958300	12664000	11813800
177	13635400	13959000	12664500	11819300
178	13634700	13958000	12664600	11814200
179	13635100	13958900	12663900	11814200
180	13634700	13957900	12665000	11819000
181	13633900	13957700	12662900	11814400
182	13634100	13957800	12662700	11813600
183	13634300	13958000	12663200	11816000
184	13635400	13959200	12664100	11814200
185	13634700	13958300	12664000	11813400
186	13635500	13959100	12664200	11819600
187	13634700	13958000	12665000	11817100
188	13634100	13957800	12663400	11813500
189	13634300	13957800	12663200	11815900
190	13633700	13957400	12662900	11815700
191	13635100	13957700	12663400	11813800
192	13634200	13957800	12663100	11813700
193	13633500	13957100	12662800	11815300
194	13635700	13958900	12664400	11818300
195	13634900	13958100	12665300	11818800
196	13635300	13959100	12664000	11819200
197	13635100	13958400	12665200	11817200
198	13634600	13958100	12664100	11814500
199	13635700	13959400	12664300	11819100
200	13635600	13959300	12664700	11817300
201	13634300	13957700	12664200	11813500
202	13634800	13958700	12663300	11814200
203	13635400	13958600	12665400	11810800
204	13634800	13958100	12665100	11816900
205	13634500	13958200	12663400	11818900
206	13634800	13958400	12664100	11814300
207	13633700	13957100	12663400	11814300
208	13635400	13958500	12664400	11818800
209	13634900	13958500	12664500	11815300
210	13633900	13957100	12664000	11814900
211	13635800	13958400	12663900	11818200
212	13634500	13958100	12663500	11814400
213	13635300	13959100	12663800	11819300
214	13635000	13958300	12665300	11816600
215	13634600	13958100	12663700	11818700
216	13634800	13958500	12663600	11819200
217	13634200	13957600	12664500	11815000
218	13634100	13957600	12663400	11816500
219	13633900	13957500	12663100	11816600
220	13633300	13956800	12662800	11815100
221	13633800	13957500	12663000	11818200
222	13634500	13957900	12664300	11816100
223	13634900	13958500	12663900	11815100
224	13634800	13958300	12664700	11815300
225	13635600	13959400	12663900	11819600
226	13635100	13958700	12664300	11817600
227	13634900	13958300	12664800	11815400
228	13634600	13958300	12663600	11818800
229	13634100	13957600	12663300	11818700
230	13634200	13957900	12663400	11816700
231	13634200	13958000	12662800	11815100
232	13634700	13958300	12663800	11814400
233	13635800	13959600	12664500	11819900
234	13634800	13958100	12664500	11817400
235	13635100	13959000	12663700	11819200
236	13635300	13958700	12665100	11815100
237	13635100	13958400	12665100	11815500
238	13634400	13957800	12664300	11815200
239	13634300	13957900	12663400	11816400
240	13635300	13959100	12664000	11815300
241	13635300	13958700	12665100	11817300
242	13634700	13957900	12664900	11815300
243	13634000	13957600	12663100	11814700
244	13634500	13958200	12663500	11816700
245	13634100	13957800	12663200	11813700
246	13633100	13956700	12662500	11815200
247	13633900	13957300	12663800	11815100
248	13633700	13957100	12663200	11816700
249	13634400	13957900	12664100	11819100
250	13634100	13957700	12662900	11814800
251	13634400	13958200	12663000	11814100
252	13634200	13957900	12663500	11814600
253	13634700	13958300	12663500	11815800
254	13635000	13958800	12663800	11819500
255	13634500	13957900	12664200	11819100
256	13634300	13958000	12663400	11815500
257	13634400	13958000	12663600	11814600
258	13634600	13958300	12663600	11814200
259	13635000	13958700	12663700	11819400
260	13634900	13958200	12664900	11815600
261	13634600	13958300	12663500	11814100
262	13634500	13958300	12663300	11818900
263	13634800	13958400	12663800	11819000
264	13634500	13958000	12663900	11814800
265	13634800	13958500	12663800	11814300
266	13634300	13957500	12664800	11815000
267	13634800	13958200	12664600	11816400
268	13635000	13958600	12664300	11814700
269	13634700	13958000	12664900	11815200
270	13635600	13959300	12664500	11814900
271	13634800	13958200	12664400	11814100
272	13635800	13959600	12664500	11814900
273	13634900	13958400	12664600	11817200
274	13635400	13958800	12664700	11815400
275	13634400	13957900	12664200	11818500
276	13635200	13958800	12664200	11815100
277	13635200	13958600	12664900	11819000
278	13634700	13958200	12664700	11817100
279	13633900	13957400	12663100	11814000
280	13635000	13958000	12663900	11814800
281	13634900	13958600	12663800	11814400
282	13634400	13957600	12664600	11816900
283	13634000	13957600	12663400	11816500
284	13634200	13957700	12663700	11816600
285	13634800	13958600	12663200	11814100
286	13634200	13957400	12664700	11816400
287	13637400	13958900	12664300	11814700
288	13635100	13958300	12665400	11818900
289	13634600	13958300	12663700	11818700
290	13634700	13958200	12664100	11818800
291	13634000	13957500	12663400	11813600
292	13633800	13957200	12663700	11815700
293	13633700	13957300	12663000	11813400
294	13634500	13958000	12663800	11817000
295	13634000	13957700	12663000	11813900
296	13634400	13958200	12663100	11814400
297	13634700	13958400	12663600	11814400
298	13634200	13957600	12663900	11814700
299	13634300	13958000	12663400	11816800
300	13635200	13959000	12663800	11814600
301	13636100	13959500	12665900	11815600
302	13634700	13958000	12665000	11813200
303	13636400	13960000	12665100	11815300
304	13636900	13960400	12665600	11814700
305	13635700	13959400	12665100	11815600
306	13636500	13960000	12665600	11818100
307	13635800	13959300	12665100	11814100
308	13634900	13958300	12664600	11813400
309	13636000	13959700	12664900	11820100
310	13635200	13958800	12664400	11819400
311	13635300	13958800	12664900	11819200
312	13635900	13959300	12665400	11819300
313	13634200	13957700	12663700	11813300
314	13634600	13958600	12663000	11813900
315	13635300	13958800	12664700	11816700
316	13635200	13958900	12664200	11818300
317	13635100	13958400	12664900	11818900
318	13633600	13957200	12663000	11813800
319	13632200	13955800	12664500	11812500
320	13633700	13957200	12662600	11817900
321	13633600	13957400	12662700	11813700
322	13633500	13956900	12663000	11814100
323	13633600	13957100	12662900	11814500
324	13635100	13958500	12664300	11818400
325	13634600	13958100	12664400	11814800
326	13635600	13959300	12664300	11819600
327	13635200	13958700	12664800	11813400
328	13634600	13957800	12665100	11814900
329	13635000	13958700	12663800	11816400
330	13635200	13958600	12665100	11814800
331	13635400	13958800	12665100	11817300
332	13636000	13959400	12665700	11819300
333	13635400	13958800	12665100	11817500
334	13634700	13958200	12664700	11819000
335	13635900	13959500	12664600	11814600
336	13635200	13958700	12665000	11813600
337	13634800	13958000	12665000	11814900
338	13635300	13959100	12664100	11814300
339	13635700	13959100	12665600	11817600
340	13636300	13959700	12665900	11817500
341	13634800	13958500	12663700	11812300
342	13635700	13959200	12665100	11808100
343	13635000	13958700	12663900	11813000
344	13636800	13960400	12665500	11815500
345	13636100	13959800	12664800	11815800
346	13635500	13958800	12664700	11813900
347	13635700	13959400	12664600	11818600
348	13635500	13959200	12664700	11817600
349	13634900	13958700	12663500	11813500
350	13635200	13958600	12664800	11815200
351	13635400	13958800	12665100	11817200
352	13634900	13958400	12664600	11818300
353	13634800	13958200	12664400	11814700
354	13633100	13956700	12662500	11813000
355	13634800	13958300	12664000	11814900
356	13635500	13959200	12664500	11819700
357	13634700	13958300	12663700	11813300
358	13634300	13957800	12663900	11818900
359	13634600	13958400	12663400	11816000
360	13634200	13957600	12664100	11814400
361	13634700	13958300	12664000	11816700
362	13635200	13958800	12664100	11819200
363	13636000	13959500	12665400	11819200
364	13635000	13958400	12665100	11812900
365	13635000	13958500	12664300	11814600
366	13634600	13957900	12664500	11814400
367	13635000	13958900	12663500	11815000
368	13635100	13958300	12665200	11818300
369	13634400	13958100	12663300	11818700
370	13635000	13959000	12663600	11819000
371	13634200	13957600	12663800	11813500
372	13633800	13957500	12662400	11815500
373	13634400	13958200	12663200	11815300
374	13634100	13957800	12663100	11813500
375	13634000	13957800	12662700	11815800
376	13635300	13959200	12663500	11816300
377	13634100	13957700	12663100	11812600
378	13634500	13958400	12662800	11813500
379	13634400	13958100	12663300	11813800
380	13635000	13958900	12663500	11818900
381	13633900	13957300	12663600	11817800
382	13633700	13957400	12662300	11815600
383	13638200	13958300	12664000	11814700
384	13634100	13957700	12663300	11818500
385	13634800	13958600	12663600	11813800
386	13635500	13959000	12664700	11816800
387	13635300	13958900	12664700	11814400
388	13635800	13959000	12662700	11818600
389	13635400	13958900	12665100	11814500
390	13634400	13957800	12664300	11817800
391	13634300	13958200	12662600	11815600
392	13634400	13958100	12663500	11813600
393	13634700	13958300	12663700	11818400
394	13634400	13958000	12663500	11818400
395	13634400	13958200	12663300	11813600
396	13634100	13957600	12663100	11813600
397	13635000	13958800	12663900	11817000
398	13635000	13958400	12664700	11818500
399	13634500	13957900	12664100	11814100
400	13634000	13957700	12662900	11814300
401	13633700	13957600	12662400	11813300
402	13633500	13956900	12663000	11815800
403	13634700	13958300	12664000	11814300
404	13635300	13958900	12664300	11819000
405	13635200	13958600	12665100	11818000
406	13634900	13958200	12665100	11816100
407	13634500	13958200	12663700	11813800
408	13633600	13957100	12662700	11812900
409	13635900	13958200	12664300	11817600
410	13633500	13957000	12662900	11813100
411	13634100	13957800	12663100	11810700
412	13634000	13957800	12662600	11815600
413	13634600	13958400	12663200	11816100
414	13633900	13957300	12663700	11813800
415	13633400	13956900	12662900	11815500
416	13634900	13958500	12663500	11814700
417	13634600	13958100	12664400	11814500
418	13634400	13958000	12663600	11818000
419	13634300	13958000	12663400	11813400
420	13635100	13958700	12663900	11813800
421	13635300	13958500	12665500	11815200
422	13635400	13958600	12665800	11814800
423	13635400	13958700	12665700	11816800
424	13634600	13957600	12665500	11814700
425	13634100	13957700	12663700	11816100
426	13633600	13957100	12662800	11813100
427	13634800	13957700	12663800	11812900
428	13633000	13956600	12662200	11812900
429	13633700	13957000	12663700	11819100
430	13634100	13957600	12663900	11816500
431	13633300	13956700	12663200	11816300
432	13633700	13956900	12663800	11814800
433	13633300	13956500	12663700	11814400
434	13633400	13956900	12663000	11816900
435	13634100	13957300	12663200	11814400
436	13632900	13956200	12662800	11815600
437	13633000	13956600	12662300	11815400
438	13633200	13956600	12663300	11818200
439	13633000	13956300	12663100	11818500
440	13632500	13955800	12662300	11817500
441	13632700	13956200	12662100	11817100
442	13632500	13956000	12662200	11815300
443	13632800	13956200	12662400	11817500
444	13633500	13957100	12662800	11816000
445	13635100	13957300	12663500	11817100
446	13633600	13957200	12662700	11815800
447	13634000	13957700	12662800	11813400
448	13633700	13957300	12662900	11813400
449	13634500	13958000	12663800	11816500
450	13633600	13957300	12662700	11813000
451	13633100	13956800	12662200	11815400
452	13632700	13956300	12661700	11817000
453	13633300	13956800	12662800	11817300
454	13633100	13956600	12662600	11817500
455	13631900	13955300	12661800	11817400
456	13632000	13955500	12661400	11816800
457	13632700	13956200	12662300	11817300
458	13633100	13956600	12662400	11815100
459	13633500	13957000	12663300	11818100
460	13632800	13956200	12662500	11815000
461	13633200	13956700	12662400	11815400
462	13632800	13956100	12663000	11813800
463	13633400	13957100	12662500	11815700
464	13635700	13958100	12664100	11817900
465	13634700	13958600	12663500	11818400
466	13634300	13957600	12664300	11816000
467	13633900	13957600	12662600	11815500
468	13632600	13956200	12661700	11815000
469	13632700	13956500	12661700	11815700
470	13633500	13957100	12662400	11817200
471	13633000	13956500	12662900	11817900
472	13632700	13956200	12661900	11816500
473	13632000	13955600	12661200	11815400
474	13631400	13954800	12661200	11814800
475	13631900	13955100	12662400	11814900
476	13632300	13955400	12663000	11814100
477	13632000	13955500	12661300	11812400
478	13632600	13956000	12662600	11817700
479	13633400	13957000	12662400	11817400
480	13633300	13956700	12663000	11815600
481	13633300	13956900	12662900	11814000
482	13633700	13957100	12663100	11814400
483	13633700	13956800	12662900	11817200
484	13633000	13956700	12661800	11817400
485	13633100	13956500	12662800	11814300
486	13633200	13956900	12662400	11816800
487	13633500	13957000	12662700	11820000
488	13633400	13957100	12662300	11815500
489	13634500	13957600	12663400	11817200
490	13633300	13956900	12662500	11815500
491	13635600	13958700	12663200	11814400
492	13634400	13957600	12664400	11814300
493	13633400	13957000	12662500	11815500
494	13633100	13956700	12662400	11814900
495	13634000	13957400	12663600	11814000
496	13635300	13957600	12663300	11813300
497	13633600	13957200	12662900	11815200
498	13632300	13955700	12661700	11811600
499	13632800	13956400	12659300	11815400

============================================================
# BITSTREAM: 10ms_101etapas.bit
# VENTANA: 10ms
# ETAPAS_PRINCIPAL: 101
# NUM_MUESTRAS: 500
# FORMATO: idx	freq1_hz	freq2_hz	freq3_hz	freq4_hz
============================================================
idx	freq1_hz	freq2_hz	freq3_hz	freq4_hz
0	7554000	8235800	8246800	8729100
1	7554600	8236700	8247200	8731100
2	7554600	8236600	8247300	8729800
3	7554500	8236900	8246800	8730400
4	7554000	8235700	8246800	8729700
5	7554400	8236400	8247200	8730300
6	7554300	8236200	8247300	8729700
7	7554000	8236600	8246700	8730100
8	7554300	8236200	8247100	8730100
9	7554400	8236500	8247400	8730100
10	7554900	8237100	8246300	8730300
11	7555300	8237600	8248200	8730000
12	7555000	8237000	8246400	8730300
13	7554600	8236900	8246900	8730100
14	7555300	8237500	8247200	8730300
15	7555100	8237200	8247600	8729900
16	7555100	8237100	8247700	8730100
17	7555200	8237300	8247500	8730600
18	7555100	8237000	8247600	8730600
19	7555100	8237000	8247700	8730100
20	7554900	8237100	8247300	8730600
21	7554200	8236700	8246500	8729800
22	7554300	8236800	8246300	8729400
23	7554800	8237000	8247800	8730400
24	7554800	8236900	8246900	8730400
25	7554300	8236700	8246600	8729700
26	7554300	8236600	8246200	8729900
27	7554800	8237300	8246600	8730100
28	7554500	8236600	8246200	8729700
29	7555000	8237000	8246500	8730100
30	7554600	8236300	8246400	8729500
31	7554600	8236800	8246800	8730100
32	7555400	8237300	8247800	8730800
33	7555900	8238300	8247700	8731000
34	7555600	8237900	8247600	8730900
35	7556200	8238000	8248500	8731000
36	7555600	8237600	8247700	8730500
37	7556100	8238500	8248400	8731600
38	7555700	8237900	8248200	8731200
39	7555700	8238200	8247000	8731100
40	7555900	8238400	8247400	8731200
41	7555300	8238200	8246700	8730900
42	7555900	8238200	8248600	8731600
43	7555700	8238400	8247700	8731100
44	7555700	8237700	8247900	8731200
45	7555300	8237500	8248300	8731000
46	7556000	8238000	8248200	8732100
47	7555200	8237800	8246400	8730700
48	7555100	8237600	8247400	8730700
49	7555400	8238200	8246800	8731100
50	7554700	8236900	8247200	8730500
51	7554700	8237200	8247500	8730000
52	7555300	8237500	8247900	8731200
53	7555200	8237500	8248400	8731200
54	7554700	8237100	8247500	8730700
55	7555300	8237800	8247900	8731400
56	7555200	8237400	8248300	8731100
57	7555200	8237500	8247600	8731100
58	7555000	8237400	8247700	8730300
59	7554700	8237100	8247200	8730600
60	7554500	8236500	8247100	8729800
61	7555300	8237800	8248100	8731000
62	7554900	8237200	8246600	8730500
63	7554900	8237600	8246700	8730600
64	7555000	8237100	8247500	8730400
65	7555200	8237600	8247500	8730800
66	7555000	8237100	8247600	8730700
67	7555200	8237600	8248000	8730600
68	7554500	8236500	8247200	8730400
69	7554300	8236500	8246800	8729400
70	7554400	8236300	8246900	8729900
71	7555000	8237300	8246800	8729800
72	7554600	8236800	8247100	8730100
73	7554800	8237000	8247700	8730100
74	7554400	8236500	8246500	8729700
75	7554700	8237300	8246800	8729600
76	7554300	8236400	8246600	8729800
77	7554600	8237300	8246400	8730000
78	7554200	8236900	8246400	8730000
79	7554100	8237000	8246400	8729900
80	7554200	8236600	8246200	8729700
81	7554700	8237500	8246000	8729800
82	7555300	8237300	8247500	8730200
83	7554900	8237200	8247000	8730000
84	7554900	8237000	8246400	8730200
85	7554400	8236500	8246400	8729800
86	7554300	8236600	8246400	8729800
87	7554400	8236900	8246700	8730200
88	7555200	8237300	8247700	8730900
89	7555300	8237800	8247400	8730900
90	7554800	8237500	8246300	8730300
91	7555000	8237500	8247300	8730300
92	7554700	8237300	8246700	8730300
93	7554800	8237000	8247200	8730400
94	7554200	8236300	8246700	8729200
95	7554900	8237300	8247600	8711300
96	7554400	8236400	8246800	8729300
97	7554500	8236800	8246800	8729800
98	7554400	8236400	8246800	8730000
99	7554500	8237100	8246900	8730300
100	7553900	8235800	8245600	8728900
101	7554200	8236200	8246100	8729100
102	7554500	8236500	8246300	8729900
103	7555100	8237500	8247600	8730800
104	7554900	8236700	8247200	8729800
105	7554800	8237100	8247400	8729800
106	7554700	8236900	8246000	8730200
107	7554200	8236300	8246900	8729200
108	7554000	8236100	8245700	8729100
109	7554500	8236700	8246300	8730200
110	7554400	8236600	8247100	8729900
111	7554600	8236700	8247500	8730300
112	7554500	8236600	8247000	8730200
113	7554500	8237200	8246400	8730100
114	7554400	8236600	8246500	8730200
115	7554400	8237000	8246500	8729700
116	7554600	8236700	8246300	8729800
117	7554600	8237300	8247100	8729800
118	7554600	8236700	8247500	8730300
119	7554400	8236900	8246800	8729800
120	7554300	8236300	8246600	8729700
121	7553600	8236400	8245800	8729400
122	7554000	8236100	8245600	8729300
123	7554000	8236200	8246000	8728800
124	7554000	8235800	8246700	8729000
125	7554400	8236700	8247000	8729900
126	7554000	8236200	8245700	8729300
127	7554000	8236300	8245900	8729700
128	7554200	8236100	8246800	8729800
129	7554400	8236600	8246700	8730100
130	7554200	8236300	8246800	8730000
131	7553900	8236400	8246500	8729800
132	7553600	8235900	8245900	8728900
133	7554500	8237000	8247200	8730100
134	7553200	8235500	8245900	8728500
135	7553800	8236100	8246500	8729300
136	7554000	8236300	8244600	8729300
137	7554500	8237200	8246600	8730000
138	7553900	8236300	8245900	8729400
139	7554300	8236700	8247000	8729800
140	7554500	8237100	8246500	8730000
141	7554000	8237000	8246400	8729400
142	7554000	8236800	8246500	8729400
143	7554300	8237100	8246500	8729400
144	7554400	8237100	8246500	8729600
145	7555000	8237900	8247300	8730200
146	7554500	8237300	8246700	8730500
147	7555100	8238000	8247700	8730800
148	7554700	8237600	8247100	8730300
149	7554800	8237800	8247900	8730500
150	7554600	8236900	8247600	8730000
151	7554600	8237300	8247200	8729600
152	7554100	8236700	8246600	8729100
153	7553700	8236700	8245500	8729100
154	7554100	8236500	8246600	8729200
155	7553700	8236400	8245400	8729100
156	7554000	8236600	8245900	8729400
157	7554300	8236800	8246700	8729400
158	7554300	8236700	8246900	8729800
159	7554300	8237200	8246300	8729200
160	7554500	8236700	8247100	8729900
161	7554600	8237600	8247400	8729600
162	7555000	8237800	8246400	8730900
163	7554200	8236900	8246400	8729800
164	7554500	8236800	8246600	8730100
165	7554800	8237700	8246500	8730400
166	7554300	8236900	8246400	8729400
167	7554100	8236600	8246200	8729600
168	7555000	8237400	8246500	8730200
169	7554500	8237400	8246700	8729800
170	7554700	8237000	8247000	8730600
171	7554100	8236700	8245300	8729500
172	7553700	8235900	8245500	8729500
173	7554100	8236700	8246600	8729400
174	7554400	8237300	8246000	8730000
175	7554500	8236700	8247100	8729600
176	7554100	8236400	8246800	8729900
177	7553700	8236600	8246200	8729500
178	7554400	8237200	8246100	8730000
179	7554400	8237300	8246300	8730000
180	7554200	8236400	8246700	8729700
181	7554100	8236600	8246800	8729800
182	7553600	8236000	8245900	8729200
183	7553500	8236100	8246500	8729200
184	7553500	8235800	8245600	8728600
185	7554300	8236800	8246300	8729100
186	7554200	8236000	8246500	8729500
187	7553800	8236500	8246000	8728800
188	7554300	8236700	8246800	8729200
189	7553800	8236700	8246200	8729200
190	7553600	8236200	8245300	8729200
191	7553800	8236300	8246100	8728900
192	7553500	8235700	8245500	8728900
193	7553600	8235700	8246200	8728900
194	7553500	8236100	8245300	8729000
195	7553600	8236600	8245900	8728600
196	7553900	8236100	8246600	8729300
197	7553500	8236300	8245400	8729200
198	7553500	8235900	8245400	8729000
199	7553800	8236500	8245700	8729000
200	7553800	8236400	8245800	8729300
201	7553500	8236200	8245200	8728700
202	7553800	8235700	8246600	8729500
203	7553800	8236700	8245800	8729600
204	7553600	8235800	8245300	8728800
205	7553200	8235600	8245300	8727900
206	7553500	8235900	8245600	8728400
207	7553300	8235800	8245400	8728200
208	7554000	8236500	8245900	8729500
209	7553900	8236600	8246500	8729400
210	7554200	8237000	8246500	8729500
211	7553700	8236500	8245900	8728900
212	7554100	8236500	8246800	8736900
213	7554000	8236900	8246500	8729800
214	7553900	8236400	8246000	8747500
215	7553700	8235900	8246400	8728600
216	7553300	8235900	8245600	8728800
217	7553400	8236000	8245500	8728200
218	7553800	8236100	8246200	8728900
219	7553400	8235700	8245100	8728400
220	7553100	8234800	8245500	8728500
221	7553400	8235500	8245800	8728600
222	7553300	8235400	8244700	8728600
223	7553600	8235600	8246400	8729100
224	7553400	8235700	8245500	8729100
225	7553800	8236300	8246200	8729200
226	7553800	8236400	8245600	8729300
227	7553700	8236600	8246000	8728800
228	7553800	8236100	8246600	8728900
229	7553800	8236700	8245700	8729500
230	7553800	8236100	8245700	8729400
231	7554000	8236500	8245800	8729400
232	7553900	8236500	8245500	8729300
233	7554000	8237100	8246600	8729500
234	7553600	8236200	8245600	8729300
235	7553400	8236100	8245500	8728100
236	7553200	8236000	8245800	8728700
237	7552900	8235700	8244600	8728500
238	7552800	8235500	8244900	8728400
239	7552600	8235100	8244500	8727700
240	7552600	8234900	8244800	8728100
241	7552800	8234900	8244900	8728300
242	7552600	8234500	8244200	8727300
243	7552600	8234700	8244100	8727600
244	7552900	8234500	8244700	8728200
245	7553200	8235000	8246000	8728500
246	7553000	8234900	8245500	8727800
247	7553100	8235500	8245400	8729100
248	7553100	8235200	8244700	8728000
249	7553700	8235800	8246600	8729100
250	7553100	8235200	8244600	8728400
251	7552900	8235300	8244900	8728200
252	7553400	8235700	8245200	8728300
253	7553200	8235300	8246000	8728700
254	7553400	8235600	8246100	8728400
255	7553400	8236200	8245500	8728800
256	7553300	8235500	8245800	8728600
257	7553300	8235800	8245000	8728500
258	7553100	8235500	8244600	8728600
259	7553300	8235900	8245400	8728700
260	7552800	8235000	8244400	8728200
261	7552600	8235000	8244800	8727400
262	7552400	8234300	8244500	8727700
263	7553000	8235400	8245200	8728400
264	7553000	8234700	8245600	8728500
265	7553100	8235100	8245100	8727100
266	7553500	8235300	8245900	8728800
267	7553000	8235000	8245500	8728400
268	7553200	8235200	8245600	8728400
269	7553500	8235500	8245500	8728300
270	7553400	8235300	8245700	8728600
271	7553200	8235400	8244900	8728400
272	7552700	8234900	8244500	8727300
273	7552500	8234600	8244700	8727900
274	7552800	8234700	8246000	8728300
275	7553400	8235500	8245800	8727900
276	7553300	8235700	8245000	8728400
277	7553300	8235600	8244800	8728600
278	7552600	8234300	8245100	8728000
279	7553300	8235400	8245900	8728600
280	7553400	8235300	8246300	8728800
281	7553300	8235600	8245900	8728500
282	7553400	8235300	8246000	8728800
283	7553500	8235400	8246300	8728500
284	7553300	8235300	8246000	8728000
285	7553800	8236000	8246800	8728900
286	7553200	8235500	8245900	8729000
287	7553600	8235600	8246100	8728900
288	7553500	8235600	8245400	8729000
289	7553500	8236100	8245400	8728800
290	7553200	8235400	8245000	8728500
291	7553100	8235400	8244700	8728500
292	7553000	8234700	8246000	8728400
293	7553300	8235100	8246100	8728200
294	7553200	8235100	8245200	8728500
295	7553100	8235100	8246200	8728900
296	7553100	8235400	8244800	8728500
297	7552600	8234300	8245200	8727900
298	7553300	8234900	8245900	8728700
299	7553300	8235000	8246300	8728700
300	7553500	8235500	8246400	8728900
301	7552800	8234900	8245400	8728300
302	7553500	8235800	8245300	8728600
303	7552800	8234800	8244900	8727500
304	7552800	8234700	8244600	8727500
305	7553000	8235600	8245100	8728300
306	7552900	8234600	8245500	8728300
307	7552700	8234900	8245400	8727900
308	7552600	8234900	8244400	8727700
309	7552400	8234300	8245100	8727300
310	7552600	8234200	8245300	8727900
311	7552400	8234400	8244600	8727200
312	7552800	8235200	8245300	8728400
313	7552600	8235000	8245100	8727600
314	7552500	8234300	8245300	8728800
315	7552700	8234900	8245000	8727500
316	7552700	8234800	8244500	8728100
317	7552800	8235000	8245300	8728200
318	7553300	8235500	8245600	8728100
319	7553400	8235700	8245600	8728400
320	7553400	8235400	8245500	8728100
321	7553000	8235400	8245300	8728300
322	7552900	8235000	8245000	8726800
323	7553200	8235600	8244900	8728500
324	7553300	8235700	8245300	8728300
325	7553100	8235700	8245600	8728200
326	7553200	8235200	8245600	8728200
327	7553100	8235200	8245500	8728100
328	7553200	8235100	8245800	8728600
329	7552900	8235500	8244900	8728400
330	7552700	8234900	8244700	8727700
331	7553300	8235400	8246700	8727700
332	7553500	8235300	8246300	8728900
333	7553100	8235500	8246000	8728500
334	7552500	8234500	8245600	8727800
335	7552700	8235000	8245100	8727700
336	7552800	8234800	8245700	8728600
337	7552900	8235500	8245000	8728400
338	7553200	8235500	8245000	8728700
339	7553000	8235400	8244700	8728200
340	7553100	8234800	8246400	8728600
341	7552800	8235300	8245300	8728600
342	7553000	8234800	8245200	8727900
343	7552600	8234700	8245800	8728300
344	7552400	8234700	8244200	8727800
345	7552700	8234900	8244400	8728000
346	7552400	8234100	8245100	8727500
347	7553200	8235300	8246100	8728800
348	7553100	8235000	8245200	8728700
349	7552900	8234600	8245700	8728400
350	7553300	8235200	8245000	8728300
351	7553100	8235400	8244900	8728400
352	7552800	8234900	8245000	8727600
353	7553000	8235300	8244900	8728600
354	7553100	8234800	8245300	8728100
355	7553000	8234900	8245200	8727600
356	7552800	8234400	8245600	8728300
357	7553000	8235000	8245000	8727800
358	7552900	8235100	8244500	8728300
359	7552700	8235100	8245100	8728300
360	7553300	8235000	8245800	8728700
361	7553100	8235400	8244800	8728400
362	7553200	8234800	8245700	8728700
363	7553600	8235800	8245500	8729000
364	7553300	8235100	8245800	8728400
365	7553200	8235600	8245000	8728400
366	7553200	8235200	8244800	8728500
367	7552900	8234900	8245400	8728300
368	7553400	8235800	8245200	8728600
369	7553600	8235600	8246300	8729200
370	7553200	8235300	8245800	8728800
371	7553300	8235700	8244800	8728400
372	7553100	8234700	8245400	8728400
373	7553400	8235800	8245200	8728600
374	7553100	8234800	8245900	8728700
375	7553200	8235300	8245500	8728600
376	7553500	8235500	8245500	8728500
377	7553600	8236000	8245700	8728700
378	7553800	8236000	8245400	8729000
379	7553400	8236000	8244900	8728500
380	7553500	8235900	8245000	8728000
381	7553300	8235800	8244500	8728500
382	7553000	8235100	8245000	8728500
383	7553200	8235600	8244400	8728500
384	7553300	8235400	8245600	8728100
385	7553300	8235600	8245400	8728000
386	7553600	8236100	8245300	8728900
387	7553400	8236100	8245400	8728000
388	7553500	8235900	8245400	8728900
389	7553800	8236800	8245800	8729000
390	7553800	8236300	8245500	8729000
391	7554200	8237000	8246800	8729600
392	7553800	8236100	8245800	8729300
393	7553600	8236000	8245000	8728700
394	7553400	8235300	8244600	8728600
395	7553200	8235900	8245300	8728700
396	7553500	8235900	8245400	8728200
397	7553200	8235800	8244900	8728400
398	7553100	8235400	8244900	8727900
399	7553300	8235600	8245100	8728100
400	7553200	8235100	8245600	8728500
401	7553200	8235800	8245300	8728000
402	7553200	8235700	8245200	8728000
403	7553700	8236000	8246200	8728400
404	7554100	8236700	8245700	8729500
405	7554100	8236700	8245800	8729300
406	7553600	8235900	8245100	8728500
407	7553500	8235700	8245800	8728500
408	7553300	8235400	8244700	8728100
409	7553400	8235500	8246600	8728800
410	7553600	8235800	8245300	8728800
411	7553900	8236200	8245900	8728700
412	7553700	8235300	8246200	8728800
413	7554400	8236500	8245900	8729500
414	7553800	8235400	8246200	8728800
415	7553900	8236200	8245500	8728900
416	7553300	8235300	8245900	8728500
417	7553300	8235400	8246100	8728700
418	7553400	8235500	8245300	8728700
419	7553400	8236000	8245500	8728100
420	7553500	8235600	8246000	8728800
421	7553700	8235500	8246300	8728500
422	7553800	8235600	8246200	8728900
423	7553500	8235800	8245200	8728500
424	7553500	8235000	8246200	8728900
425	7554200	8236800	8246100	8729300
426	7553800	8235700	8245600	8729100
427	7553800	8236100	8245900	8728600
428	7553800	8235300	8246500	8729100
429	7553700	8235700	8245700	8728600
430	7553700	8235600	8245600	8729100
431	7553700	8235600	8245900	8728300
432	7553900	8235400	8246600	8729200
433	7553400	8235700	8245300	8728600
434	7553400	8235100	8245500	8728000
435	7553700	8235700	8246200	8728700
436	7554000	8236000	8245600	8728900
437	7553900	8235900	8245800	8728500
438	7553500	8235900	8245200	8728500
439	7553300	8235300	8246200	8728800
440	7553700	8235700	8245400	8728800
441	7553800	8236100	8245600	8729000
442	7553200	8235000	8245400	8727900
443	7553300	8235900	8245100	8728400
444	7553100	8234800	8245600	8728400
445	7553000	8234700	8244900	8727700
446	7553200	8235500	8245000	8728000
447	7552900	8235100	8244600	8728200
448	7553200	8235400	8244900	8728200
449	7553400	8235900	8245400	8728200
450	7553500	8236100	8245500	8728800
451	7553700	8236000	8246200	8728900
452	7553300	8235500	8245000	8728700
453	7553600	8235600	8245100	8728800
454	7554200	8236000	8246500	8729600
455	7554000	8236500	8246100	8728900
456	7553900	8236300	8246000	8729300
457	7553900	8236000	8246900	8728700
458	7553800	8236000	8246000	8728700
459	7553600	8235700	8246500	8728400
460	7553900	8236100	8245900	8728700
461	7553400	8235600	8246100	8728600
462	7552800	8234700	8244700	8728000
463	7553000	8235000	8246000	8728400
464	7552700	8234500	8245500	8727400
465	7553000	8235200	8245500	8728000
466	7552900	8234900	8245400	8728000
467	7553100	8235500	8244800	8728200
468	7552700	8234500	8245000	8728000
469	7552900	8235100	8244400	8728300
470	7552600	8234300	8245100	8727500
471	7553800	8235700	8246300	8727500
472	7554500	8236400	8246900	8729900
473	7554900	8237300	8246700	8729800
474	7554600	8236600	8247200	8730200
475	7553900	8236100	8246500	8728900
476	7553800	8235900	8246000	8728900
477	7554500	8236600	8247100	8729200
478	7554200	8236100	8246900	8729600
479	7554500	8237000	8246600	8729500
480	7553900	8236300	8245600	8729100
481	7553700	8236000	8245800	8728500
482	7553700	8236000	8245300	8729000
483	7553700	8236300	8245800	8728600
484	7553300	8235700	8245100	8728800
485	7553800	8236100	8246400	8729200
486	7553000	8235300	8245100	8728500
487	7553900	8236000	8246500	8729500
488	7553700	8235900	8245600	8728800
489	7553800	8236200	8245700	8728500
490	7553500	8235600	8245300	8729000
491	7553500	8235900	8245500	8728300
492	7553200	8235300	8245400	8728300
493	7553800	8236300	8245500	8729100
494	7553700	8235900	8246200	8729000
495	7553800	8236200	8245300	8729000
496	7554000	8235800	8245900	8728700
497	7554200	8236100	8246800	8729500
498	7553700	8235500	8245800	8729100
499	7553100	8235100	8244600	8728300

============================================================
# BITSTREAM: 1ms_3etapas.bit
# VENTANA: 1ms
# ETAPAS_PRINCIPAL: 3
# NUM_MUESTRAS: 500
# FORMATO: idx	freq1_hz	freq2_hz	freq3_hz	freq4_hz
============================================================
idx	freq1_hz	freq2_hz	freq3_hz	freq4_hz
0	36398000	36398000	36398000	36397000
1	36400000	36400000	36400000	36400000
2	36399000	36399000	36399000	36399000
3	36393000	36393000	36393000	36393000
4	36393000	36393000	36393000	36392000
5	36398000	36414000	36398000	36398000
6	36396000	36396000	36396000	36396000
7	36394000	36394000	36394000	36394000
8	36394000	36394000	36394000	36394000
9	36401000	36401000	36401000	36401000
10	36399000	36399000	36399000	36399000
11	36398000	36398000	36398000	36398000
12	36396000	36396000	36396000	36396000
13	36398000	36398000	36398000	36398000
14	36398000	36398000	36398000	36398000
15	36397000	36397000	36397000	36397000
16	36399000	36399000	36399000	36399000
17	36401000	36401000	36401000	36401000
18	36395000	36395000	36395000	36395000
19	36396000	36396000	36396000	36396000
20	36399000	36399000	36399000	36399000
21	36400000	36400000	36400000	36400000
22	36400000	36400000	36400000	36400000
23	36401000	36400000	36400000	36401000
24	36398000	36398000	36398000	36399000
25	36401000	36401000	36401000	36401000
26	36395000	36395000	36395000	36395000
27	36402000	36402000	36402000	36401000
28	36404000	36405000	36405000	36405000
29	36403000	36403000	36403000	36403000
30	36401000	36401000	36401000	36400000
31	36406000	36406000	36406000	36406000
32	36404000	36404000	36404000	36404000
33	36399000	36399000	36399000	36399000
34	36399000	36399000	36399000	36400000
35	36402000	36402000	36402000	36402000
36	36397000	36397000	36397000	36397000
37	36393000	36393000	36393000	36393000
38	36398000	36398000	36398000	36398000
39	36397000	36397000	36397000	36398000
40	36398000	36398000	36398000	36398000
41	36403000	36403000	36403000	36402000
42	36394000	36394000	36394000	36394000
43	36399000	36399000	36399000	36399000
44	36397000	36413000	36397000	36397000
45	36405000	36405000	36405000	36405000
46	36402000	36402000	36402000	36402000
47	36404000	36404000	36404000	36404000
48	36403000	36403000	36403000	36403000
49	36409000	36409000	36409000	36409000
50	36398000	36398000	36398000	36399000
51	36402000	36402000	36402000	36402000
52	36398000	36398000	36398000	36398000
53	36397000	36397000	36397000	36397000
54	36399000	36399000	36399000	36399000
55	36394000	36394000	36392000	36394000
56	36399000	36399000	36399000	36399000
57	36394000	36394000	36394000	36394000
58	36399000	36399000	36399000	36398000
59	36402000	36402000	36402000	36402000
60	36400000	36400000	36400000	36400000
61	36399000	36399000	36399000	36399000
62	36396000	36396000	36396000	36396000
63	36399000	36399000	36399000	36399000
64	36398000	36398000	36398000	36398000
65	36401000	36401000	36401000	36401000
66	36402000	36401000	36401000	36401000
67	36400000	36400000	36400000	36400000
68	36403000	36403000	36403000	36403000
69	36404000	36404000	36404000	36404000
70	36398000	36398000	36398000	36398000
71	36400000	36400000	36400000	36401000
72	36400000	36400000	36400000	36400000
73	36401000	36401000	36401000	36401000
74	36403000	36403000	36403000	36403000
75	36400000	36384000	36400000	36400000
76	36400000	36400000	36400000	36400000
77	36403000	36403000	36403000	36403000
78	36397000	36397000	36397000	36398000
79	36400000	36400000	36400000	36400000
80	36401000	36401000	36401000	36401000
81	36401000	36401000	36401000	36401000
82	36401000	36401000	36401000	36401000
83	36403000	36403000	36403000	36403000
84	36402000	36401000	36401000	36402000
85	36400000	36400000	36404000	36400000
86	36396000	36396000	36396000	36396000
87	36399000	36399000	36399000	36399000
88	36397000	36397000	36397000	36397000
89	36400000	36400000	36400000	36400000
90	36402000	36402000	36402000	36402000
91	36402000	36402000	36402000	36402000
92	36398000	36398000	36398000	36397000
93	36398000	36398000	36398000	36399000
94	36400000	36400000	36400000	36400000
95	36401000	36401000	36401000	36401000
96	36402000	36402000	36402000	36402000
97	36398000	36398000	36398000	36398000
98	36402000	36402000	36402000	36402000
99	36397000	36397000	36397000	36397000
100	36399000	36399000	36397000	36399000
101	36398000	36398000	36398000	36398000
102	36402000	36402000	36402000	36401000
103	36403000	36403000	36403000	36403000
104	36401000	36401000	36401000	36401000
105	36403000	36403000	36403000	36403000
106	36402000	36402000	36402000	36402000
107	36403000	36403000	36403000	36403000
108	36399000	36399000	36399000	36399000
109	36401000	36401000	36401000	36401000
110	36403000	36403000	36403000	36404000
111	36405000	36405000	36405000	36405000
112	36404000	36404000	36404000	36404000
113	36403000	36404000	36404000	36404000
114	36406000	36406000	36406000	36406000
115	36402000	36402000	36402000	36401000
116	36401000	36401000	36401000	36401000
117	36402000	36402000	36402000	36402000
118	36402000	36402000	36402000	36403000
119	36400000	36400000	36400000	36400000
120	36407000	36407000	36407000	36407000
121	36397000	36397000	36397000	36397000
122	36400000	36400000	36400000	36400000
123	36398000	36398000	36398000	36398000
124	36401000	36401000	36401000	36401000
125	36402000	36402000	36402000	36402000
126	36404000	36404000	36404000	36404000
127	36397000	36397000	36397000	36397000
128	36399000	36399000	36399000	36399000
129	36402000	36403000	36403000	36403000
130	36405000	36405000	36405000	36405000
131	36402000	36402000	36402000	36402000
132	36398000	36398000	36398000	36398000
133	36399000	36400000	36400000	36400000
134	36400000	36400000	36400000	36400000
135	36402000	36402000	36402000	36402000
136	36399000	36399000	36399000	36400000
137	36400000	36400000	36400000	36400000
138	36397000	36397000	36397000	36397000
139	36396000	36397000	36397000	36397000
140	36402000	36402000	36402000	36402000
141	36399000	36399000	36399000	36399000
142	36394000	36394000	36394000	36394000
143	36398000	36398000	36398000	36399000
144	36399000	36399000	36399000	36399000
145	36401000	36401000	36401000	36401000
146	36401000	36401000	36401000	36401000
147	36403000	36403000	36403000	36403000
148	36399000	36399000	36399000	36399000
149	36401000	36401000	36401000	36401000
150	36395000	36395000	36395000	36395000
151	36396000	36396000	36396000	36397000
152	36393000	36393000	36393000	36393000
153	36395000	36395000	36395000	36395000
154	36394000	36394000	36394000	36394000
155	36390000	36390000	36390000	36390000
156	36392000	36392000	36392000	36391000
157	36391000	36391000	36391000	36391000
158	36397000	36397000	36397000	36397000
159	36399000	36399000	36399000	36399000
160	36394000	36394000	36394000	36394000
161	36400000	36400000	36400000	36400000
162	36402000	36402000	36402000	36402000
163	36400000	36400000	36400000	36401000
164	36399000	36399000	36399000	36399000
165	36400000	36400000	36400000	36400000
166	36396000	36396000	36396000	36397000
167	36391000	36391000	36391000	36392000
168	36392000	36392000	36392000	36392000
169	36399000	36399000	36399000	36399000
170	36399000	36399000	36399000	36399000
171	36398000	36398000	36398000	36398000
172	36393000	36393000	36393000	36393000
173	36396000	36396000	36396000	36396000
174	36403000	36403000	36403000	36403000
175	36402000	36402000	36402000	36402000
176	36403000	36403000	36403000	36403000
177	36405000	36405000	36405000	36405000
178	36404000	36404000	36404000	36404000
179	36402000	36402000	36401000	36401000
180	36401000	36400000	36400000	36400000
181	36399000	36399000	36399000	36399000
182	36403000	36403000	36403000	36403000
183	36397000	36397000	36397000	36397000
184	36403000	36402000	36402000	36403000
185	36405000	36405000	36405000	36405000
186	36399000	36399000	36399000	36399000
187	36400000	36400000	36400000	36400000
188	36395000	36395000	36395000	36395000
189	36403000	36403000	36403000	36403000
190	36403000	36404000	36404000	36404000
191	36406000	36406000	36406000	36406000
192	36402000	36402000	36402000	36402000
193	36403000	36403000	36403000	36403000
194	36405000	36405000	36405000	36405000
195	36403000	36403000	36403000	36403000
196	36404000	36404000	36404000	36404000
197	36403000	36403000	36403000	36403000
198	36404000	36404000	36404000	36404000
199	36398000	36398000	36398000	36398000
200	36401000	36401000	36401000	36401000
201	36400000	36400000	36400000	36400000
202	36404000	36404000	36404000	36404000
203	36400000	36400000	36400000	36400000
204	36398000	36398000	36398000	36398000
205	36397000	36397000	36397000	36397000
206	36402000	36402000	36402000	36402000
207	36399000	36399000	36399000	36398000
208	36400000	36400000	36400000	36400000
209	36397000	36398000	36398000	36398000
210	36396000	36396000	36396000	36397000
211	36396000	36396000	36396000	36396000
212	36398000	36398000	36398000	36398000
213	36392000	36392000	36392000	36392000
214	36397000	36398000	36398000	36398000
215	36398000	36398000	36398000	36398000
216	36400000	36400000	36400000	36399000
217	36401000	36401000	36401000	36401000
218	36393000	36393000	36393000	36393000
219	36397000	36397000	36397000	36397000
220	36401000	36401000	36401000	36401000
221	36404000	36404000	36404000	36404000
222	36394000	36394000	36394000	36394000
223	36396000	36396000	36396000	36396000
224	36400000	36400000	36400000	36400000
225	36399000	36399000	36399000	36399000
226	36399000	36399000	36399000	36398000
227	36397000	36397000	36397000	36397000
228	36399000	36399000	36399000	36399000
229	36399000	36399000	36399000	36400000
230	36397000	36397000	36397000	36397000
231	36405000	36405000	36405000	36406000
232	36398000	36398000	36398000	36398000
233	36402000	36402000	36402000	36402000
234	36400000	36400000	36400000	36400000
235	36404000	36404000	36404000	36404000
236	36398000	36398000	36398000	36398000
237	36400000	36400000	36400000	36400000
238	36399000	36399000	36399000	36399000
239	36402000	36402000	36402000	36402000
240	36399000	36399000	36399000	36399000
241	36401000	36401000	36401000	36401000
242	36400000	36400000	36400000	36400000
243	36397000	36397000	36397000	36397000
244	36399000	36399000	36399000	36399000
245	36400000	36400000	36400000	36400000
246	36397000	36396000	36396000	36396000
247	36399000	36399000	36399000	36399000
248	36403000	36403000	36403000	36403000
249	36403000	36403000	36403000	36404000
250	36399000	36399000	36399000	36399000
251	36398000	36398000	36398000	36399000
252	36400000	36400000	36400000	36400000
253	36398000	36398000	36398000	36399000
254	36398000	36398000	36398000	36398000
255	36397000	36397000	36397000	36397000
256	36394000	36394000	36394000	36394000
257	36399000	36399000	36399000	36399000
258	36400000	36400000	36400000	36400000
259	36406000	36406000	36406000	36406000
260	36398000	36398000	36398000	36398000
261	36406000	36406000	36406000	36406000
262	36408000	36408000	36408000	36408000
263	36402000	36402000	36402000	36403000
264	36398000	36398000	36398000	36398000
265	36400000	36400000	36400000	36400000
266	36393000	36393000	36393000	36393000
267	36400000	36400000	36400000	36400000
268	36401000	36401000	36401000	36401000
269	36398000	36398000	36398000	36398000
270	36399000	36399000	36399000	36399000
271	36403000	36403000	36403000	36403000
272	36398000	36398000	36398000	36398000
273	36401000	36401000	36401000	36402000
274	36401000	36402000	36402000	36402000
275	36399000	36399000	36399000	36399000
276	36396000	36396000	36396000	36396000
277	36396000	36396000	36396000	36396000
278	36395000	36395000	36395000	36395000
279	36397000	36397000	36397000	36397000
280	36403000	36403000	36403000	36403000
281	36398000	36398000	36398000	36397000
282	36398000	36398000	36398000	36398000
283	36398000	36398000	36398000	36398000
284	36399000	36399000	36399000	36399000
285	36396000	36396000	36396000	36397000
286	36397000	36397000	36397000	36397000
287	36396000	36396000	36396000	36396000
288	36396000	36396000	36396000	36396000
289	36395000	36395000	36395000	36395000
290	36396000	36396000	36396000	36396000
291	36398000	36398000	36398000	36398000
292	36400000	36400000	36400000	36400000
293	36400000	36400000	36400000	36400000
294	36404000	36404000	36404000	36404000
295	36401000	36402000	36402000	36402000
296	36407000	36407000	36407000	36407000
297	36404000	36404000	36404000	36404000
298	36404000	36404000	36404000	36403000
299	36402000	36402000	36402000	36402000
300	36399000	36400000	36400000	36400000
301	36400000	36400000	36400000	36399000
302	36401000	36401000	36401000	36401000
303	36401000	36401000	36401000	36400000
304	36400000	36400000	36400000	36400000
305	36399000	36399000	36399000	36399000
306	36407000	36407000	36407000	36406000
307	36402000	36402000	36402000	36403000
308	36401000	36401000	36401000	36401000
309	36403000	36403000	36403000	36403000
310	36402000	36402000	36402000	36403000
311	36405000	36405000	36405000	36405000
312	36406000	36406000	36406000	36405000
313	36404000	36404000	36404000	36403000
314	36401000	36402000	36402000	36402000
315	36406000	36406000	36406000	36406000
316	36403000	36403000	36403000	36404000
317	36406000	36406000	36406000	36406000
318	36404000	36404000	36404000	36404000
319	36406000	36406000	36406000	36405000
320	36403000	36403000	36403000	36403000
321	36403000	36403000	36403000	36404000
322	36403000	36403000	36403000	36403000
323	36405000	36405000	36405000	36404000
324	36397000	36397000	36397000	36397000
325	36398000	36398000	36398000	36398000
326	36400000	36400000	36400000	36400000
327	36404000	36404000	36404000	36404000
328	36404000	36404000	36404000	36404000
329	36402000	36402000	36402000	36402000
330	36402000	36402000	36402000	36402000
331	36401000	36401000	36401000	36401000
332	36403000	36403000	36403000	36403000
333	36401000	36401000	36401000	36402000
334	36408000	36407000	36407000	36408000
335	36408000	36408000	36408000	36408000
336	36412000	36412000	36412000	36412000
337	36407000	36407000	36407000	36405000
338	36406000	36406000	36406000	36407000
339	36407000	36408000	36408000	36408000
340	36409000	36409000	36409000	36408000
341	36410000	36410000	36410000	36410000
342	36405000	36405000	36405000	36405000
343	36401000	36401000	36401000	36401000
344	36402000	36402000	36402000	36402000
345	36400000	36400000	36400000	36400000
346	36401000	36401000	36401000	36401000
347	36400000	36400000	36400000	36401000
348	36404000	36404000	36404000	36403000
349	36402000	36402000	36402000	36401000
350	36404000	36404000	36404000	36405000
351	36402000	36402000	36402000	36402000
352	36400000	36400000	36400000	36400000
353	36402000	36402000	36402000	36402000
354	36402000	36402000	36402000	36403000
355	36401000	36400000	36400000	36400000
356	36399000	36399000	36399000	36399000
357	36401000	36401000	36401000	36401000
358	36402000	36402000	36402000	36402000
359	36407000	36407000	36407000	36407000
360	36404000	36404000	36404000	36404000
361	36402000	36402000	36402000	36402000
362	36404000	36404000	36404000	36404000
363	36409000	36409000	36409000	36409000
364	36401000	36401000	36401000	36401000
365	36409000	36409000	36409000	36409000
366	36403000	36403000	36404000	36402000
367	36404000	36404000	36404000	36405000
368	36405000	36405000	36405000	36405000
369	36403000	36403000	36403000	36402000
370	36405000	36405000	36405000	36405000
371	36405000	36405000	36405000	36405000
372	36402000	36402000	36402000	36402000
373	36400000	36401000	36401000	36401000
374	36403000	36403000	36403000	36403000
375	36400000	36400000	36400000	36399000
376	36398000	36398000	36398000	36399000
377	36397000	36397000	36397000	36397000
378	36394000	36395000	36395000	36395000
379	36400000	36401000	36401000	36401000
380	36402000	36402000	36402000	36402000
381	36400000	36400000	36400000	36400000
382	36404000	36404000	36404000	36404000
383	36399000	36399000	36399000	36399000
384	36401000	36401000	36401000	36402000
385	36404000	36404000	36404000	36404000
386	36402000	36402000	36402000	36403000
387	36400000	36400000	36400000	36400000
388	36398000	36398000	36399000	36399000
389	36403000	36403000	36403000	36402000
390	36397000	36397000	36397000	36397000
391	36396000	36396000	36396000	36396000
392	36396000	36396000	36396000	36396000
393	36393000	36393000	36393000	36393000
394	36398000	36398000	36398000	36398000
395	36400000	36400000	36400000	36400000
396	36396000	36396000	36396000	36396000
397	36398000	36398000	36398000	36398000
398	36404000	36404000	36404000	36404000
399	36403000	36403000	36403000	36403000
400	36401000	36401000	36401000	36401000
401	36400000	36400000	36400000	36400000
402	36399000	36399000	36399000	36399000
403	36398000	36398000	36398000	36399000
404	36394000	36394000	36394000	36394000
405	36400000	36400000	36400000	36400000
406	36397000	36397000	36397000	36397000
407	36399000	36399000	36399000	36399000
408	36397000	36397000	36397000	36397000
409	36399000	36399000	36400000	36400000
410	36392000	36392000	36392000	36392000
411	36396000	36396000	36396000	36396000
412	36403000	36403000	36403000	36404000
413	36405000	36405000	36405000	36404000
414	36400000	36400000	36400000	36401000
415	36404000	36404000	36404000	36404000
416	36397000	36397000	36413000	36397000
417	36395000	36395000	36395000	36396000
418	36399000	36399000	36399000	36399000
419	36403000	36403000	36403000	36403000
420	36400000	36400000	36400000	36400000
421	36394000	36394000	36394000	36394000
422	36399000	36399000	36399000	36399000
423	36398000	36398000	36398000	36398000
424	36398000	36398000	36398000	36398000
425	36400000	36400000	36400000	36400000
426	36399000	36399000	36399000	36399000
427	36405000	36405000	36405000	36405000
428	36399000	36399000	36399000	36399000
429	36395000	36395000	36395000	36395000
430	36396000	36396000	36396000	36396000
431	36400000	36399000	36399000	36399000
432	36402000	36402000	36402000	36402000
433	36397000	36397000	36397000	36397000
434	36397000	36397000	36397000	36397000
435	36400000	36400000	36400000	36400000
436	36398000	36398000	36398000	36398000
437	36400000	36400000	36400000	36400000
438	36398000	36398000	36398000	36398000
439	36399000	36399000	36399000	36400000
440	36402000	36402000	36402000	36401000
441	36399000	36398000	36398000	36398000
442	36402000	36402000	36402000	36402000
443	36400000	36400000	36400000	36400000
444	36401000	36401000	36401000	36402000
445	36402000	36402000	36402000	36401000
446	36398000	36398000	36398000	36397000
447	36405000	36406000	36406000	36406000
448	36403000	36403000	36403000	36403000
449	36408000	36408000	36408000	36408000
450	36405000	36405000	36405000	36405000
451	36407000	36407000	36407000	36407000
452	36405000	36405000	36405000	36406000
453	36403000	36402000	36402000	36402000
454	36410000	36410000	36410000	36410000
455	36410000	36410000	36410000	36410000
456	36405000	36405000	36405000	36405000
457	36401000	36401000	36401000	36401000
458	36399000	36399000	36399000	36399000
459	36395000	36395000	36395000	36395000
460	36398000	36398000	36398000	36398000
461	36391000	36391000	36391000	36391000
462	36392000	36391000	36391000	36391000
463	36400000	36400000	36400000	36400000
464	36399000	36399000	36399000	36398000
465	36395000	36395000	36395000	36395000
466	36400000	36400000	36400000	36400000
467	36405000	36404000	36404000	36404000
468	36401000	36401000	36401000	36400000
469	36405000	36405000	36405000	36405000
470	36395000	36395000	36395000	36395000
471	36396000	36397000	36397000	36397000
472	36399000	36399000	36399000	36399000
473	36406000	36406000	36406000	36406000
474	36399000	36399000	36399000	36399000
475	36401000	36401000	36401000	36401000
476	36397000	36397000	36397000	36397000
477	36398000	36398000	36398000	36399000
478	36400000	36400000	36400000	36400000
479	36395000	36395000	36399000	36395000
480	36394000	36394000	36394000	36394000
481	36395000	36395000	36395000	36394000
482	36393000	36393000	36393000	36393000
483	36397000	36397000	36397000	36397000
484	36396000	36396000	36396000	36396000
485	36401000	36401000	36401000	36401000
486	36400000	36400000	36400000	36400000
487	36399000	36399000	36399000	36399000
488	36397000	36397000	36397000	36397000
489	36400000	36400000	36400000	36400000
490	36398000	36398000	36398000	36397000
491	36406000	36406000	36406000	36405000
492	36399000	36399000	36399000	36399000
493	36397000	36398000	36398000	36398000
494	36399000	36400000	36400000	36400000
495	36400000	36400000	36400000	36400000
496	36392000	36392000	36392000	36391000
497	36390000	36390000	36390000	36390000
498	36394000	36394000	36394000	36394000
499	36394000	36394000	36394000	36393000

============================================================
# BITSTREAM: 1ms_5etapas.bit
# VENTANA: 1ms
# ETAPAS_PRINCIPAL: 5
# NUM_MUESTRAS: 500
# FORMATO: idx	freq1_hz	freq2_hz	freq3_hz	freq4_hz
============================================================
idx	freq1_hz	freq2_hz	freq3_hz	freq4_hz
0	34873000	34873000	34873000	34874000
1	34876000	34876000	34876000	34876000
2	34876000	34876000	34876000	34876000
3	34873000	34873000	34873000	34873000
4	34873000	34873000	34873000	34873000
5	34874000	34874000	34874000	34874000
6	34873000	34872000	34873000	34872000
7	34874000	34875000	34874000	34874000
8	34868000	34868000	34868000	34868000
9	34869000	34869000	34869000	34869000
10	34874000	34874000	34874000	34874000
11	34867000	34867000	34867000	34867000
12	34871000	34871000	34871000	34871000
13	34873000	34873000	34873000	34873000
14	34876000	34876000	34876000	34876000
15	34872000	34873000	34872000	34872000
16	34872000	34871000	34872000	34872000
17	34869000	34870000	34869000	34869000
18	34870000	34870000	34870000	34870000
19	34871000	34871000	34871000	34871000
20	34876000	34877000	34877000	34876000
21	34868000	34868000	34868000	34868000
22	34873000	34873000	34873000	34873000
23	34869000	34869000	34869000	34869000
24	34870000	34870000	34870000	34870000
25	34866000	34866000	34866000	34866000
26	34871000	34872000	34871000	34871000
27	34868000	34869000	34868000	34868000
28	34868000	34868000	34868000	34868000
29	34867000	34866000	34867000	34867000
30	34875000	34875000	34875000	34874000
31	34868000	34868000	34868000	34868000
32	34870000	34870000	34870000	34870000
33	34872000	34872000	34872000	34872000
34	34871000	34871000	34871000	34871000
35	34867000	34867000	34867000	34867000
36	34871000	34871000	34871000	34871000
37	34867000	34867000	34867000	34867000
38	34867000	34867000	34867000	34867000
39	34871000	34871000	34871000	34871000
40	34870000	34870000	34870000	34871000
41	34871000	34871000	34871000	34870000
42	34866000	34865000	34866000	34866000
43	34865000	34865000	34865000	34865000
44	34872000	34872000	34872000	34872000
45	34873000	34873000	34873000	34873000
46	34868000	34868000	34868000	34868000
47	34865000	34865000	34865000	34865000
48	34870000	34870000	34870000	34870000
49	34870000	34870000	34870000	34870000
50	34870000	34870000	34870000	34870000
51	34872000	34873000	34872000	34872000
52	34872000	34872000	34872000	34872000
53	34869000	34869000	34869000	34869000
54	34871000	34871000	34871000	34871000
55	34870000	34870000	34870000	34870000
56	34867000	34867000	34867000	34867000
57	34870000	34870000	34870000	34870000
58	34872000	34873000	34872000	34872000
59	34874000	34874000	34874000	34874000
60	34877000	34877000	34877000	34877000
61	34872000	34872000	34872000	34871000
62	34870000	34870000	34870000	34870000
63	34874000	34874000	34874000	34874000
64	34872000	34872000	34872000	34871000
65	34873000	34873000	34873000	34873000
66	34877000	34877000	34877000	34877000
67	34874000	34874000	34874000	34874000
68	34874000	34874000	34874000	34873000
69	34874000	34874000	34874000	34874000
70	34874000	34875000	34874000	34874000
71	34873000	34873000	34873000	34873000
72	34874000	34874000	34874000	34874000
73	34870000	34869000	34870000	34870000
74	34872000	34872000	34872000	34872000
75	34869000	34869000	34869000	34869000
76	34874000	34874000	34874000	34874000
77	34877000	34877000	34877000	34877000
78	34879000	34879000	34879000	34879000
79	34870000	34871000	34871000	34870000
80	34877000	34877000	34877000	34876000
81	34877000	34877000	34877000	34877000
82	34877000	34877000	34877000	34877000
83	34871000	34871000	34871000	34871000
84	34873000	34874000	34873000	34873000
85	34873000	34873000	34873000	34873000
86	34874000	34874000	34874000	34873000
87	34874000	34873000	34874000	34874000
88	34871000	34871000	34871000	34871000
89	34873000	34872000	34873000	34873000
90	34870000	34870000	34870000	34870000
91	34874000	34874000	34874000	34874000
92	34875000	34874000	34875000	34875000
93	34876000	34877000	34876000	34876000
94	34878000	34878000	34878000	34878000
95	34877000	34877000	34877000	34877000
96	34874000	34874000	34874000	34874000
97	34868000	34868000	34868000	34868000
98	34868000	34868000	34868000	34868000
99	34873000	34873000	34873000	34873000
100	34878000	34878000	34878000	34878000
101	34876000	34876000	34876000	34877000
102	34878000	34877000	34878000	34878000
103	34877000	34876000	34877000	34877000
104	34875000	34875000	34875000	34875000
105	34874000	34874000	34874000	34874000
106	34869000	34869000	34869000	34869000
107	34873000	34874000	34873000	34873000
108	34873000	34873000	34873000	34873000
109	34870000	34871000	34870000	34870000
110	34874000	34874000	34874000	34874000
111	34876000	34876000	34876000	34876000
112	34876000	34876000	34876000	34876000
113	34875000	34874000	34875000	34875000
114	34874000	34874000	34874000	34874000
115	34876000	34876000	34876000	34876000
116	34872000	34872000	34872000	34871000
117	34876000	34876000	34876000	34876000
118	34874000	34874000	34874000	34875000
119	34880000	34880000	34880000	34880000
120	34870000	34871000	34870000	34870000
121	34870000	34870000	34870000	34870000
122	34874000	34875000	34874000	34874000
123	34871000	34871000	34871000	34871000
124	34874000	34874000	34874000	34874000
125	34876000	34876000	34876000	34877000
126	34874000	34874000	34874000	34874000
127	34872000	34872000	34872000	34873000
128	34872000	34872000	34872000	34872000
129	34866000	34866000	34866000	34866000
130	34872000	34872000	34872000	34872000
131	34873000	34873000	34873000	34873000
132	34874000	34874000	34874000	34874000
133	34875000	34876000	34875000	34875000
134	34878000	34878000	34878000	34878000
135	34876000	34876000	34876000	34876000
136	34873000	34873000	34873000	34873000
137	34872000	34872000	34872000	34871000
138	34866000	34866000	34866000	34866000
139	34869000	34869000	34869000	34869000
140	34876000	34876000	34876000	34876000
141	34879000	34879000	34879000	34879000
142	34867000	34866000	34867000	34867000
143	34869000	34869000	34869000	34869000
144	34868000	34868000	34868000	34868000
145	34873000	34873000	34873000	34873000
146	34870000	34870000	34870000	34870000
147	34868000	34869000	34868000	34868000
148	34870000	34870000	34870000	34870000
149	34868000	34868000	34868000	34868000
150	34867000	34867000	34867000	34867000
151	34867000	34867000	34867000	34867000
152	34870000	34870000	34870000	34870000
153	34870000	34870000	34870000	34870000
154	34876000	34876000	34876000	34876000
155	34874000	34874000	34874000	34874000
156	34872000	34872000	34872000	34872000
157	34871000	34870000	34871000	34871000
158	34871000	34871000	34871000	34871000
159	34867000	34867000	34867000	34867000
160	34868000	34868000	34868000	34868000
161	34866000	34866000	34866000	34866000
162	34867000	34867000	34867000	34867000
163	34873000	34873000	34873000	34873000
164	34869000	34869000	34869000	34869000
165	34871000	34871000	34871000	34871000
166	34871000	34871000	34871000	34871000
167	34873000	34873000	34873000	34872000
168	34875000	34874000	34875000	34875000
169	34871000	34870000	34871000	34871000
170	34869000	34869000	34869000	34869000
171	34871000	34871000	34871000	34871000
172	34868000	34868000	34868000	34868000
173	34866000	34866000	34866000	34866000
174	34870000	34870000	34870000	34870000
175	34872000	34872000	34872000	34872000
176	34868000	34868000	34868000	34868000
177	34866000	34866000	34866000	34866000
178	34864000	34863000	34864000	34864000
179	34866000	34866000	34866000	34866000
180	34866000	34866000	34866000	34866000
181	34868000	34868000	34868000	34868000
182	34868000	34868000	34868000	34868000
183	34872000	34872000	34872000	34872000
184	34870000	34870000	34870000	34870000
185	34872000	34872000	34872000	34873000
186	34867000	34866000	34867000	34867000
187	34874000	34874000	34874000	34874000
188	34875000	34875000	34875000	34875000
189	34871000	34871000	34871000	34871000
190	34874000	34874000	34874000	34874000
191	34873000	34873000	34873000	34873000
192	34872000	34871000	34872000	34872000
193	34876000	34876000	34876000	34876000
194	34876000	34876000	34876000	34876000
195	34872000	34872000	34872000	34872000
196	34874000	34874000	34874000	34874000
197	34872000	34872000	34872000	34872000
198	34868000	34868000	34868000	34868000
199	34869000	34869000	34869000	34869000
200	34866000	34866000	34866000	34866000
201	34873000	34873000	34873000	34873000
202	34868000	34868000	34868000	34868000
203	34876000	34877000	34876000	34876000
204	34870000	34869000	34870000	34870000
205	34872000	34872000	34872000	34872000
206	34869000	34868000	34868000	34869000
207	34875000	34875000	34875000	34875000
208	34869000	34869000	34869000	34869000
209	34871000	34871000	34871000	34871000
210	34877000	34877000	34877000	34877000
211	34874000	34874000	34874000	34874000
212	34877000	34877000	34877000	34877000
213	34869000	34868000	34869000	34869000
214	34869000	34869000	34869000	34870000
215	34872000	34872000	34872000	34873000
216	34875000	34876000	34875000	34875000
217	34867000	34868000	34868000	34867000
218	34864000	34864000	34864000	34864000
219	34866000	34866000	34866000	34866000
220	34868000	34868000	34868000	34869000
221	34871000	34872000	34871000	34871000
222	34865000	34865000	34865000	34865000
223	34870000	34869000	34870000	34870000
224	34871000	34871000	34871000	34871000
225	34868000	34868000	34868000	34868000
226	34865000	34865000	34865000	34865000
227	34868000	34868000	34868000	34868000
228	34867000	34867000	34867000	34867000
229	34870000	34871000	34870000	34870000
230	34868000	34869000	34868000	34869000
231	34866000	34866000	34866000	34866000
232	34873000	34873000	34873000	34873000
233	34866000	34866000	34866000	34866000
234	34862000	34861000	34862000	34862000
235	34868000	34869000	34868000	34868000
236	34866000	34867000	34867000	34866000
237	34866000	34866000	34866000	34866000
238	34864000	34864000	34864000	34864000
239	34873000	34873000	34873000	34873000
240	34870000	34870000	34870000	34870000
241	34871000	34871000	34871000	34871000
242	34873000	34873000	34873000	34873000
243	34873000	34873000	34873000	34873000
244	34868000	34868000	34868000	34868000
245	34872000	34872000	34872000	34872000
246	34871000	34871000	34871000	34871000
247	34869000	34869000	34869000	34869000
248	34873000	34873000	34873000	34874000
249	34875000	34875000	34875000	34875000
250	34872000	34872000	34872000	34873000
251	34874000	34874000	34874000	34874000
252	34869000	34869000	34869000	34869000
253	34871000	34871000	34871000	34870000
254	34874000	34873000	34874000	34874000
255	34873000	34873000	34873000	34873000
256	34880000	34880000	34880000	34880000
257	34875000	34875000	34875000	34875000
258	34876000	34876000	34876000	34876000
259	34878000	34878000	34878000	34878000
260	34874000	34874000	34874000	34874000
261	34871000	34872000	34871000	34871000
262	34875000	34875000	34875000	34875000
263	34873000	34873000	34873000	34873000
264	34874000	34874000	34874000	34874000
265	34880000	34880000	34880000	34879000
266	34878000	34878000	34878000	34878000
267	34873000	34873000	34873000	34873000
268	34872000	34872000	34872000	34872000
269	34873000	34873000	34873000	34873000
270	34872000	34871000	34872000	34872000
271	34868000	34868000	34868000	34868000
272	34869000	34868000	34869000	34869000
273	34871000	34871000	34871000	34871000
274	34869000	34870000	34869000	34869000
275	34870000	34870000	34870000	34870000
276	34876000	34876000	34876000	34877000
277	34871000	34872000	34871000	34872000
278	34869000	34869000	34869000	34869000
279	34873000	34873000	34873000	34873000
280	34872000	34873000	34872000	34872000
281	34870000	34870000	34870000	34870000
282	34873000	34874000	34874000	34873000
283	34872000	34872000	34872000	34872000
284	34874000	34874000	34874000	34874000
285	34872000	34872000	34872000	34872000
286	34866000	34867000	34866000	34866000
287	34867000	34867000	34867000	34867000
288	34867000	34867000	34867000	34867000
289	34870000	34870000	34870000	34870000
290	34875000	34875000	34875000	34875000
291	34870000	34870000	34870000	34870000
292	34873000	34873000	34873000	34873000
293	34870000	34870000	34870000	34870000
294	34877000	34877000	34877000	34877000
295	34871000	34871000	34871000	34871000
296	34872000	34872000	34872000	34871000
297	34873000	34873000	34873000	34874000
298	34873000	34872000	34873000	34873000
299	34870000	34870000	34870000	34869000
300	34879000	34879000	34879000	34879000
301	34872000	34872000	34872000	34872000
302	34870000	34870000	34870000	34871000
303	34871000	34871000	34871000	34871000
304	34872000	34872000	34872000	34872000
305	34872000	34872000	34872000	34873000
306	34870000	34870000	34870000	34870000
307	34876000	34876000	34876000	34876000
308	34870000	34870000	34870000	34870000
309	34875000	34875000	34875000	34875000
310	34875000	34875000	34875000	34875000
311	34869000	34869000	34869000	34869000
312	34868000	34868000	34868000	34868000
313	34869000	34869000	34869000	34869000
314	34871000	34871000	34871000	34870000
315	34873000	34873000	34873000	34873000
316	34877000	34877000	34877000	34877000
317	34874000	34874000	34874000	34874000
318	34876000	34876000	34875000	34876000
319	34875000	34875000	34875000	34875000
320	34872000	34872000	34872000	34872000
321	34874000	34874000	34874000	34874000
322	34870000	34870000	34870000	34870000
323	34875000	34875000	34875000	34875000
324	34880000	34880000	34880000	34880000
325	34883000	34882000	34882000	34883000
326	34878000	34879000	34878000	34878000
327	34882000	34882000	34882000	34882000
328	34881000	34881000	34881000	34881000
329	34878000	34878000	34878000	34878000
330	34874000	34874000	34874000	34874000
331	34874000	34875000	34874000	34874000
332	34884000	34883000	34884000	34884000
333	34878000	34879000	34878000	34878000
334	34878000	34878000	34878000	34878000
335	34873000	34873000	34873000	34874000
336	34874000	34874000	34874000	34874000
337	34877000	34877000	34877000	34877000
338	34877000	34877000	34877000	34877000
339	34878000	34878000	34878000	34878000
340	34877000	34877000	34877000	34877000
341	34880000	34880000	34880000	34880000
342	34875000	34874000	34875000	34875000
343	34874000	34874000	34874000	34874000
344	34872000	34873000	34872000	34873000
345	34868000	34868000	34868000	34868000
346	34872000	34872000	34872000	34872000
347	34879000	34879000	34879000	34880000
348	34878000	34879000	34878000	34878000
349	34878000	34878000	34878000	34878000
350	34873000	34873000	34873000	34873000
351	34875000	34875000	34875000	34875000
352	34875000	34875000	34875000	34875000
353	34872000	34872000	34872000	34872000
354	34869000	34869000	34869000	34869000
355	34870000	34869000	34870000	34870000
356	34866000	34866000	34866000	34866000
357	34875000	34875000	34875000	34875000
358	34870000	34870000	34870000	34870000
359	34874000	34874000	34874000	34874000
360	34876000	34876000	34876000	34876000
361	34872000	34873000	34872000	34872000
362	34872000	34873000	34873000	34872000
363	34875000	34875000	34875000	34875000
364	34872000	34872000	34872000	34871000
365	34871000	34871000	34871000	34871000
366	34870000	34870000	34870000	34870000
367	34873000	34873000	34873000	34873000
368	34871000	34871000	34871000	34871000
369	34869000	34869000	34869000	34869000
370	34869000	34869000	34869000	34869000
371	34871000	34871000	34871000	34871000
372	34865000	34865000	34865000	34866000
373	34871000	34871000	34871000	34871000
374	34872000	34871000	34872000	34872000
375	34870000	34870000	34870000	34870000
376	34866000	34866000	34866000	34866000
377	34871000	34872000	34871000	34871000
378	34872000	34872000	34872000	34872000
379	34877000	34876000	34877000	34877000
380	34874000	34874000	34874000	34874000
381	34876000	34876000	34876000	34876000
382	34874000	34874000	34874000	34874000
383	34876000	34876000	34876000	34876000
384	34876000	34876000	34876000	34876000
385	34869000	34869000	34869000	34869000
386	34874000	34874000	34874000	34874000
387	34873000	34873000	34873000	34873000
388	34873000	34873000	34873000	34873000
389	34871000	34871000	34871000	34871000
390	34868000	34868000	34868000	34868000
391	34873000	34872000	34873000	34873000
392	34872000	34872000	34872000	34872000
393	34873000	34873000	34873000	34872000
394	34866000	34866000	34866000	34866000
395	34869000	34869000	34869000	34869000
396	34870000	34870000	34870000	34870000
397	34869000	34869000	34869000	34869000
398	34868000	34868000	34868000	34868000
399	34873000	34873000	34873000	34873000
400	34864000	34872000	34872000	34872000
401	34871000	34871000	34871000	34871000
402	34873000	34874000	34873000	34873000
403	34871000	34871000	34871000	34871000
404	34876000	34876000	34876000	34876000
405	34875000	34875000	34875000	34876000
406	34872000	34872000	34872000	34872000
407	34871000	34871000	34871000	34871000
408	34866000	34866000	34866000	34866000
409	34873000	34874000	34873000	34873000
410	34872000	34872000	34872000	34872000
411	34871000	34871000	34871000	34871000
412	34875000	34875000	34875000	34875000
413	34867000	34867000	34867000	34867000
414	34871000	34871000	34871000	34871000
415	34873000	34874000	34873000	34873000
416	34866000	34866000	34866000	34865000
417	34872000	34872000	34872000	34872000
418	34871000	34871000	34871000	34871000
419	34880000	34880000	34880000	34880000
420	34867000	34867000	34867000	34867000
421	34873000	34873000	34873000	34873000
422	34872000	34872000	34872000	34872000
423	34872000	34872000	34872000	34872000
424	34874000	34874000	34874000	34873000
425	34871000	34871000	34871000	34871000
426	34870000	34870000	34870000	34869000
427	34873000	34873000	34873000	34873000
428	34873000	34873000	34873000	34873000
429	34875000	34875000	34875000	34874000
430	34875000	34875000	34875000	34875000
431	34875000	34875000	34875000	34875000
432	34873000	34872000	34873000	34873000
433	34870000	34870000	34870000	34870000
434	34872000	34873000	34873000	34872000
435	34867000	34867000	34867000	34867000
436	34873000	34873000	34873000	34872000
437	34869000	34869000	34869000	34869000
438	34875000	34875000	34875000	34875000
439	34869000	34869000	34869000	34870000
440	34872000	34872000	34872000	34872000
441	34872000	34872000	34872000	34872000
442	34872000	34872000	34872000	34872000
443	34868000	34868000	34868000	34869000
444	34868000	34867000	34868000	34868000
445	34870000	34870000	34870000	34870000
446	34871000	34870000	34871000	34871000
447	34871000	34871000	34871000	34871000
448	34868000	34868000	34868000	34868000
449	34873000	34873000	34873000	34873000
450	34868000	34868000	34868000	34868000
451	34872000	34872000	34872000	34872000
452	34869000	34869000	34869000	34869000
453	34874000	34874000	34874000	34874000
454	34871000	34871000	34871000	34871000
455	34871000	34871000	34871000	34870000
456	34871000	34871000	34871000	34871000
457	34873000	34873000	34873000	34873000
458	34876000	34876000	34876000	34876000
459	34869000	34870000	34869000	34869000
460	34872000	34872000	34872000	34872000
461	34874000	34874000	34874000	34874000
462	34869000	34868000	34869000	34869000
463	34873000	34873000	34873000	34873000
464	34871000	34871000	34871000	34871000
465	34866000	34866000	34866000	34866000
466	34868000	34868000	34868000	34868000
467	34869000	34869000	34869000	34869000
468	34863000	34863000	34863000	34863000
469	34865000	34865000	34865000	34865000
470	34871000	34871000	34871000	34870000
471	34869000	34869000	34869000	34869000
472	34872000	34872000	34872000	34872000
473	34875000	34875000	34875000	34875000
474	34870000	34870000	34870000	34870000
475	34866000	34866000	34866000	34866000
476	34872000	34872000	34872000	34873000
477	34873000	34873000	34873000	34873000
478	34871000	34871000	34871000	34871000
479	34873000	34873000	34873000	34872000
480	34870000	34870000	34870000	34870000
481	34871000	34871000	34871000	34871000
482	34871000	34871000	34871000	34871000
483	34872000	34872000	34872000	34872000
484	34866000	34866000	34866000	34866000
485	34868000	34869000	34868000	34868000
486	34867000	34867000	34867000	34867000
487	34868000	34868000	34868000	34868000
488	34869000	34870000	34869000	34869000
489	34871000	34871000	34871000	34871000
490	34872000	34872000	34872000	34872000
491	34865000	34865000	34865000	34865000
492	34866000	34866000	34866000	34866000
493	34866000	34866000	34866000	34866000
494	34869000	34869000	34869000	34869000
495	34868000	34868000	34868000	34869000
496	34866000	34867000	34866000	34866000
497	34873000	34873000	34873000	34873000
498	34865000	34865000	34865000	34865000
499	34868000	34868000	34868000	34868000

============================================================
# BITSTREAM: 1ms_51etapas.bit
# VENTANA: 1ms
# ETAPAS_PRINCIPAL: 51
# NUM_MUESTRAS: 500
# FORMATO: idx	freq1_hz	freq2_hz	freq3_hz	freq4_hz
============================================================
idx	freq1_hz	freq2_hz	freq3_hz	freq4_hz
0	12543000	12895000	13119000	13405000
1	12543000	12896000	13118000	13402000
2	12544000	12897000	13118000	13402000
3	12545000	12898000	13120000	13406000
4	12543000	12895000	13117000	13402000
5	12544000	12897000	13119000	13404000
6	12543000	12896000	13118000	13402000
7	12544000	12898000	13118000	13403000
8	12543000	12896000	13118000	13404000
9	12544000	12897000	13118000	13403000
10	12544000	12898000	13118000	13403000
11	12546000	12899000	13122000	13404000
12	12545000	12899000	13118000	13403000
13	12546000	12898000	13120000	13404000
14	12543000	12895000	13119000	13406000
15	12544000	12895000	13120000	13405000
16	12543000	12897000	13118000	13403000
17	12543000	12892000	13118000	13405000
18	12544000	12896000	13119000	13404000
19	12543000	12896000	13118000	13403000
20	12544000	12897000	13119000	13404000
21	12546000	12899000	13121000	13404000
22	12542000	12894000	13119000	13403000
23	12543000	12897000	13118000	13403000
24	12543000	12896000	13119000	13403000
25	12544000	12898000	13120000	13403000
26	12542000	12895000	13118000	13403000
27	12545000	12899000	13119000	13402000
28	12544000	12897000	13119000	13402000
29	12543000	12897000	13119000	13404000
30	12543000	12895000	13121000	13404000
31	12544000	12898000	13119000	13403000
32	12545000	12897000	13119000	13405000
33	12544000	12896000	13119000	13404000
34	12542000	12894000	13118000	13404000
35	12543000	12896000	13119000	13404000
36	12543000	12897000	13117000	13404000
37	12542000	12894000	13117000	13403000
38	12543000	12897000	13117000	13404000
39	12544000	12896000	13118000	13404000
40	12544000	12898000	13119000	13404000
41	12545000	12899000	13119000	13403000
42	12543000	12896000	13118000	13402000
43	12543000	12897000	13118000	13403000
44	12543000	12894000	13118000	13404000
45	12542000	12895000	13119000	13405000
46	12544000	12896000	13118000	13402000
47	12543000	12896000	13118000	13403000
48	12544000	12895000	13120000	13405000
49	12544000	12896000	13117000	13404000
50	12543000	12896000	13118000	13404000
51	12543000	12896000	13118000	13402000
52	12541000	12895000	13114000	13400000
53	12541000	12893000	13116000	13402000
54	12544000	12896000	13119000	13404000
55	12544000	12896000	13119000	13404000
56	12541000	12893000	13117000	13405000
57	12542000	12896000	13117000	13401000
58	12542000	12895000	13116000	13401000
59	12542000	12896000	13116000	13401000
60	12542000	12894000	13115000	13402000
61	12542000	12895000	13115000	13401000
62	12542000	12901000	13115000	13402000
63	12541000	12894000	13117000	13402000
64	12540000	12893000	13119000	13403000
65	12543000	12894000	13118000	13404000
66	12542000	12892000	13119000	13407000
67	12543000	12896000	13119000	13404000
68	12542000	12894000	13117000	13403000
69	12543000	12896000	13117000	13403000
70	12542000	12894000	13117000	13402000
71	12542000	12896000	13116000	13402000
72	12544000	12895000	13119000	13404000
73	12543000	12894000	13116000	13405000
74	12543000	12894000	13117000	13402000
75	12543000	12897000	13117000	13402000
76	12544000	12897000	13116000	13402000
77	12543000	12895000	13119000	13405000
78	12546000	12899000	13118000	13403000
79	12544000	12896000	13119000	13405000
80	12543000	12896000	13117000	13402000
81	12545000	12898000	13120000	13404000
82	12544000	12895000	13119000	13403000
83	12543000	12896000	13118000	13404000
84	12543000	12895000	13118000	13403000
85	12542000	12895000	13117000	13403000
86	12543000	12895000	13119000	13403000
87	12543000	12895000	13120000	13405000
88	12542000	12894000	13118000	13403000
89	12543000	12895000	13118000	13404000
90	12545000	12898000	13118000	13403000
91	12544000	12897000	13120000	13405000
92	12544000	12896000	13118000	13405000
93	12543000	12895000	13117000	13403000
94	12542000	12896000	13117000	13402000
95	12543000	12895000	13119000	13405000
96	12543000	12893000	13120000	13406000
97	12543000	12894000	13117000	13403000
98	12541000	12893000	13117000	13404000
99	12541000	12892000	13118000	13403000
100	12541000	12893000	13114000	13402000
101	12541000	12894000	13117000	13404000
102	12541000	12892000	13117000	13403000
103	12543000	12896000	13117000	13403000
104	12543000	12897000	13118000	13402000
105	12543000	12893000	13118000	13404000
106	12545000	12897000	13117000	13403000
107	12543000	12895000	13118000	13403000
108	12544000	12896000	13118000	13403000
109	12544000	12897000	13119000	13404000
110	12543000	12896000	13119000	13404000
111	12542000	12895000	13121000	13404000
112	12543000	12898000	13118000	13402000
113	12542000	12894000	13120000	13403000
114	12544000	12896000	13120000	13406000
115	12544000	12895000	13118000	13405000
116	12542000	12896000	13116000	13400000
117	12543000	12895000	13117000	13403000
118	12544000	12896000	13118000	13401000
119	12543000	12894000	13116000	13402000
120	12542000	12895000	13115000	13402000
121	12543000	12896000	13118000	13403000
122	12542000	12895000	13117000	13403000
123	12542000	12894000	13117000	13402000
124	12543000	12894000	13116000	13403000
125	12543000	12896000	13116000	13402000
126	12543000	12900000	13118000	13403000
127	12542000	12894000	13117000	13402000
128	12542000	12894000	13118000	13404000
129	12543000	12895000	13117000	13402000
130	12543000	12897000	13116000	13401000
131	12541000	12893000	13118000	13404000
132	12543000	12896000	13118000	13402000
133	12541000	12895000	13117000	13403000
134	12543000	12895000	13117000	13404000
135	12542000	12895000	13120000	13404000
136	12540000	12894000	13117000	13402000
137	12543000	12895000	13116000	13403000
138	12541000	12894000	13116000	13400000
139	12543000	12896000	13116000	13401000
140	12542000	12894000	13116000	13402000
141	12542000	12894000	13117000	13403000
142	12540000	12892000	13117000	13402000
143	12542000	12893000	13118000	13404000
144	12542000	12892000	13116000	13403000
145	12543000	12896000	13116000	13402000
146	12544000	12894000	13118000	13404000
147	12543000	12896000	13119000	13405000
148	12542000	12894000	13117000	13403000
149	12542000	12894000	13117000	13402000
150	12542000	12895000	13117000	13401000
151	12543000	12896000	13117000	13402000
152	12544000	12896000	13116000	13402000
153	12542000	12896000	13120000	13403000
154	12543000	12895000	13117000	13403000
155	12542000	12894000	13116000	13402000
156	12543000	12896000	13118000	13403000
157	12542000	12895000	13117000	13403000
158	12542000	12895000	13118000	13405000
159	12542000	12896000	13117000	13403000
160	12544000	12896000	13118000	13402000
161	12542000	12895000	13117000	13401000
162	12544000	12897000	13117000	13403000
163	12544000	12896000	13118000	13405000
164	12545000	12898000	13117000	13403000
165	12544000	12897000	13118000	13404000
166	12542000	12896000	13119000	13403000
167	12544000	12896000	13119000	13404000
168	12544000	12900000	13119000	13404000
169	12543000	12897000	13117000	13402000
170	12546000	12900000	13117000	13404000
171	12544000	12897000	13119000	13403000
172	12543000	12894000	13118000	13405000
173	12544000	12898000	13120000	13404000
174	12543000	12896000	13119000	13404000
175	12544000	12898000	13119000	13405000
176	12545000	12899000	13119000	13405000
177	12545000	12899000	13117000	13404000
178	12541000	12894000	13119000	13404000
179	12543000	12894000	13119000	13406000
180	12543000	12894000	13119000	13406000
181	12543000	12895000	13118000	13405000
182	12545000	12898000	13119000	13404000
183	12543000	12896000	13119000	13404000
184	12545000	12899000	13118000	13404000
185	12544000	12897000	13116000	13401000
186	12543000	12895000	13119000	13404000
187	12544000	12897000	13119000	13404000
188	12543000	12896000	13119000	13404000
189	12544000	12898000	13119000	13403000
190	12544000	12897000	13119000	13405000
191	12543000	12895000	13120000	13406000
192	12545000	12896000	13118000	13405000
193	12545000	12897000	13119000	13405000
194	12543000	12897000	13119000	13404000
195	12544000	12898000	13119000	13404000
196	12544000	12898000	13119000	13403000
197	12544000	12897000	13119000	13405000
198	12543000	12895000	13117000	13405000
199	12545000	12897000	13120000	13406000
200	12542000	12896000	13117000	13401000
201	12544000	12896000	13119000	13405000
202	12543000	12896000	13118000	13405000
203	12544000	12895000	13119000	13405000
204	12542000	12894000	13119000	13405000
205	12543000	12897000	13120000	13404000
206	12544000	12896000	13119000	13404000
207	12545000	12898000	13118000	13405000
208	12545000	12898000	13119000	13404000
209	12544000	12897000	13120000	13405000
210	12545000	12897000	13119000	13405000
211	12545000	12898000	13120000	13404000
212	12542000	12894000	13118000	13404000
213	12543000	12894000	13118000	13404000
214	12543000	12895000	13116000	13403000
215	12542000	12895000	13117000	13402000
216	12543000	12896000	13117000	13402000
217	12542000	12893000	13119000	13404000
218	12542000	12896000	13116000	13401000
219	12542000	12895000	13119000	13403000
220	12542000	12896000	13119000	13401000
221	12544000	12897000	13119000	13404000
222	12545000	12899000	13118000	13404000
223	12545000	12897000	13120000	13404000
224	12544000	12897000	13118000	13404000
225	12545000	12897000	13119000	13403000
226	12544000	12895000	13120000	13405000
227	12545000	12896000	13120000	13405000
228	12545000	12895000	13119000	13406000
229	12544000	12897000	13117000	13404000
230	12544000	12895000	13120000	13406000
231	12543000	12895000	13120000	13405000
232	12544000	12897000	13118000	13402000
233	12543000	12897000	13116000	13403000
234	12544000	12896000	13118000	13401000
235	12543000	12894000	13119000	13405000
236	12544000	12896000	13119000	13405000
237	12545000	12896000	13120000	13404000
238	12545000	12897000	13121000	13405000
239	12544000	12895000	13119000	13405000
240	12544000	12896000	13117000	13403000
241	12544000	12897000	13117000	13403000
242	12545000	12896000	13118000	13403000
243	12544000	12896000	13120000	13405000
244	12545000	12897000	13120000	13404000
245	12544000	12898000	13118000	13402000
246	12543000	12896000	13118000	13402000
247	12543000	12896000	13119000	13403000
248	12543000	12897000	13119000	13402000
249	12542000	12893000	13119000	13404000
250	12542000	12896000	13116000	13402000
251	12543000	12894000	13118000	13404000
252	12543000	12896000	13117000	13403000
253	12544000	12895000	13118000	13403000
254	12543000	12899000	13119000	13402000
255	12543000	12895000	13120000	13405000
256	12543000	12895000	13118000	13403000
257	12542000	12892000	13120000	13406000
258	12542000	12895000	13120000	13402000
259	12544000	12897000	13120000	13405000
260	12545000	12902000	13121000	13403000
261	12544000	12895000	13120000	13406000
262	12545000	12898000	13119000	13402000
263	12543000	12895000	13118000	13404000
264	12542000	12895000	13117000	13402000
265	12543000	12895000	13118000	13402000
266	12544000	12897000	13117000	13401000
267	12543000	12896000	13119000	13402000
268	12542000	12896000	13120000	13404000
269	12542000	12895000	13121000	13405000
270	12544000	12899000	13117000	13401000
271	12543000	12896000	13119000	13401000
272	12545000	12896000	13119000	13405000
273	12545000	12897000	13119000	13405000
274	12543000	12894000	13119000	13404000
275	12545000	12897000	13119000	13403000
276	12545000	12899000	13119000	13403000
277	12544000	12896000	13119000	13405000
278	12543000	12895000	13119000	13403000
279	12544000	12897000	13119000	13403000
280	12544000	12896000	13120000	13404000
281	12544000	12896000	13119000	13403000
282	12543000	12893000	13120000	13407000
283	12544000	12895000	13119000	13405000
284	12545000	12901000	13119000	13403000
285	12544000	12897000	13119000	13405000
286	12545000	12901000	13121000	13405000
287	12545000	12896000	13120000	13407000
288	12545000	12897000	13120000	13406000
289	12543000	12895000	13119000	13403000
290	12543000	12894000	13118000	13404000
291	12543000	12894000	13119000	13403000
292	12542000	12895000	13118000	13402000
293	12544000	12896000	13117000	13402000
294	12544000	12895000	13119000	13404000
295	12544000	12897000	13121000	13403000
296	12544000	12895000	13119000	13404000
297	12543000	12893000	13118000	13403000
298	12542000	12892000	13119000	13405000
299	12543000	12895000	13118000	13402000
300	12543000	12894000	13120000	13406000
301	12542000	12894000	13119000	13403000
302	12541000	12893000	13116000	13401000
303	12543000	12896000	13117000	13402000
304	12543000	12895000	13117000	13403000
305	12542000	12896000	13116000	13400000
306	12541000	12893000	13117000	13403000
307	12544000	12895000	13117000	13404000
308	12542000	12893000	13119000	13404000
309	12541000	12893000	13117000	13401000
310	12542000	12894000	13118000	13402000
311	12543000	12896000	13115000	13402000
312	12543000	12896000	13116000	13401000
313	12540000	12892000	13116000	13402000
314	12540000	12892000	13118000	13403000
315	12544000	12896000	13116000	13402000
316	12544000	12897000	13117000	13400000
317	12541000	12891000	13118000	13403000
318	12540000	12891000	13116000	13402000
319	12541000	12894000	13116000	13401000
320	12542000	12896000	13117000	13401000
321	12542000	12895000	13119000	13403000
322	12542000	12893000	13118000	13403000
323	12542000	12894000	13118000	13402000
324	12543000	12894000	13119000	13405000
325	12543000	12894000	13117000	13402000
326	12542000	12892000	13118000	13403000
327	12542000	12892000	13117000	13404000
328	12542000	12894000	13116000	13401000
329	12541000	12894000	13116000	13401000
330	12544000	12896000	13117000	13401000
331	12542000	12892000	13118000	13404000
332	12541000	12894000	13116000	13401000
333	12540000	12894000	13115000	13400000
334	12540000	12892000	13118000	13403000
335	12541000	12892000	13118000	13404000
336	12543000	12895000	13117000	13403000
337	12543000	12894000	13116000	13401000
338	12543000	12896000	13117000	13402000
339	12541000	12894000	13118000	13404000
340	12542000	12894000	13117000	13403000
341	12542000	12893000	13117000	13402000
342	12543000	12894000	13119000	13405000
343	12542000	12893000	13117000	13403000
344	12543000	12894000	13116000	13402000
345	12542000	12893000	13115000	13402000
346	12540000	12893000	13117000	13402000
347	12541000	12894000	13116000	13402000
348	12541000	12889000	13118000	13404000
349	12541000	12892000	13115000	13401000
350	12541000	12891000	13116000	13402000
351	12541000	12893000	13116000	13402000
352	12541000	12891000	13116000	13403000
353	12540000	12891000	13116000	13402000
354	12542000	12894000	13116000	13399000
355	12542000	12892000	13117000	13403000
356	12544000	12895000	13116000	13401000
357	12543000	12895000	13116000	13403000
358	12542000	12893000	13117000	13402000
359	12542000	12893000	13117000	13404000
360	12543000	12895000	13116000	13400000
361	12542000	12893000	13118000	13402000
362	12542000	12893000	13116000	13403000
363	12541000	12892000	13116000	13402000
364	12541000	12891000	13118000	13404000
365	12542000	12894000	13117000	13402000
366	12540000	12892000	13117000	13403000
367	12542000	12894000	13118000	13402000
368	12541000	12892000	13116000	13402000
369	12542000	12894000	13116000	13401000
370	12542000	12892000	13118000	13404000
371	12542000	12894000	13117000	13403000
372	12542000	12894000	13117000	13404000
373	12541000	12893000	13117000	13404000
374	12540000	12893000	13117000	13401000
375	12541000	12894000	13115000	13399000
376	12540000	12893000	13114000	13399000
377	12540000	12890000	13118000	13404000
378	12542000	12894000	13116000	13402000
379	12541000	12893000	13117000	13403000
380	12541000	12892000	13116000	13403000
381	12543000	12896000	13117000	13401000
382	12542000	12894000	13120000	13405000
383	12542000	12894000	13117000	13403000
384	12541000	12893000	13117000	13402000
385	12542000	12894000	13118000	13404000
386	12541000	12892000	13115000	13400000
387	12541000	12892000	13118000	13403000
388	12542000	12895000	13118000	13403000
389	12542000	12894000	13119000	13403000
390	12540000	12892000	13116000	13401000
391	12542000	12894000	13116000	13400000
392	12541000	12892000	13115000	13402000
393	12542000	12893000	13115000	13400000
394	12541000	12892000	13116000	13402000
395	12540000	12891000	13116000	13402000
396	12540000	12889000	13116000	13402000
397	12541000	12894000	13114000	13399000
398	12540000	12891000	13116000	13402000
399	12538000	12890000	13116000	13402000
400	12543000	12893000	13118000	13403000
401	12544000	12896000	13118000	13404000
402	12542000	12894000	13117000	13403000
403	12542000	12894000	13118000	13406000
404	12543000	12896000	13118000	13404000
405	12542000	12896000	13119000	13402000
406	12544000	12898000	13119000	13404000
407	12543000	12893000	13117000	13404000
408	12543000	12896000	13118000	13403000
409	12543000	12897000	13118000	13403000
410	12544000	12897000	13118000	13402000
411	12542000	12896000	13118000	13403000
412	12540000	12893000	13117000	13401000
413	12542000	12894000	13116000	13403000
414	12543000	12892000	13118000	13404000
415	12544000	12898000	13117000	13400000
416	12542000	12894000	13117000	13403000
417	12543000	12894000	13118000	13404000
418	12543000	12893000	13117000	13403000
419	12542000	12895000	13117000	13402000
420	12543000	12894000	13118000	13403000
421	12543000	12896000	13116000	13402000
422	12544000	12896000	13117000	13403000
423	12544000	12895000	13119000	13404000
424	12544000	12895000	13119000	13405000
425	12542000	12892000	13118000	13403000
426	12545000	12897000	13117000	13403000
427	12544000	12897000	13119000	13404000
428	12544000	12897000	13119000	13404000
429	12543000	12894000	13117000	13403000
430	12544000	12896000	13117000	13402000
431	12544000	12896000	13115000	13403000
432	12543000	12897000	13118000	13403000
433	12543000	12895000	13119000	13405000
434	12543000	12895000	13118000	13403000
435	12543000	12895000	13119000	13404000
436	12543000	12894000	13117000	13401000
437	12544000	12896000	13118000	13402000
438	12543000	12895000	13117000	13403000
439	12543000	12895000	13119000	13402000
440	12544000	12896000	13118000	13404000
441	12545000	12898000	13121000	13404000
442	12543000	12893000	13119000	13405000
443	12544000	12897000	13117000	13401000
444	12545000	12897000	13119000	13402000
445	12544000	12895000	13118000	13403000
446	12544000	12897000	13119000	13404000
447	12543000	12896000	13118000	13401000
448	12543000	12897000	13116000	13401000
449	12543000	12897000	13114000	13399000
450	12542000	12894000	13118000	13402000
451	12542000	12893000	13118000	13406000
452	12543000	12897000	13116000	13401000
453	12543000	12896000	13119000	13404000
454	12544000	12895000	13119000	13404000
455	12544000	12897000	13118000	13403000
456	12543000	12896000	13118000	13401000
457	12543000	12895000	13119000	13404000
458	12543000	12895000	13118000	13403000
459	12542000	12894000	13117000	13403000
460	12542000	12895000	13116000	13401000
461	12543000	12894000	13118000	13404000
462	12540000	12893000	13115000	13400000
463	12543000	12895000	13117000	13402000
464	12543000	12894000	13118000	13405000
465	12543000	12896000	13115000	13401000
466	12542000	12891000	13118000	13404000
467	12543000	12895000	13116000	13402000
468	12542000	12894000	13116000	13403000
469	12542000	12893000	13116000	13401000
470	12541000	12893000	13115000	13401000
471	12542000	12894000	13117000	13401000
472	12543000	12894000	13117000	13402000
473	12542000	12893000	13119000	13403000
474	12543000	12894000	13119000	13402000
475	12542000	12895000	13119000	13403000
476	12543000	12895000	13116000	13401000
477	12543000	12895000	13118000	13402000
478	12544000	12896000	13119000	13403000
479	12542000	12893000	13120000	13405000
480	12542000	12895000	13117000	13401000
481	12542000	12894000	13117000	13401000
482	12542000	12893000	13117000	13405000
483	12543000	12894000	13120000	13403000
484	12543000	12894000	13117000	13403000
485	12544000	12896000	13116000	13402000
486	12543000	12895000	13118000	13402000
487	12543000	12897000	13118000	13404000
488	12542000	12893000	13117000	13402000
489	12543000	12893000	13119000	13405000
490	12543000	12896000	13118000	13402000
491	12543000	12896000	13118000	13402000
492	12542000	12893000	13118000	13405000
493	12540000	12891000	13116000	13403000
494	12542000	12893000	13117000	13402000
495	12544000	12894000	13120000	13406000
496	12542000	12893000	13117000	13403000
497	12542000	12895000	13115000	13401000
498	12543000	12896000	13117000	13404000
499	12543000	12894000	13116000	13405000

============================================================
# BITSTREAM: 1ms_101etapas.bit
# VENTANA: 1ms
# ETAPAS_PRINCIPAL: 101
# NUM_MUESTRAS: 500
# FORMATO: idx	freq1_hz	freq2_hz	freq3_hz	freq4_hz
============================================================
idx	freq1_hz	freq2_hz	freq3_hz	freq4_hz
0	8487000	8972000	8245000	9649000
1	8487000	8972000	8243000	9649000
2	8488000	8972000	8244000	9652000
3	8488000	8972000	8243000	9652000
4	8488000	8972000	8244000	9649000
5	8489000	8972000	8245000	9649000
6	8488000	8972000	8244000	9649000
7	8488000	8974000	8243000	9652000
8	8488000	8972000	8244000	9649000
9	8488000	8972000	8243000	9649000
10	8495000	8972000	8244000	9649000
11	8489000	8974000	8243000	9649000
12	8487000	8972000	8244000	9648000
13	8490000	8974000	8245000	9652000
14	8487000	8972000	8245000	9649000
15	8487000	8972000	8244000	9652000
16	8487000	8972000	8245000	9652000
17	8487000	8972000	8244000	9652000
18	8488000	8972000	8244000	9649000
19	8488000	8972000	8244000	9652000
20	8489000	8974000	8245000	9653000
21	8489000	8974000	8243000	9649000
22	8488000	8974000	8244000	9649000
23	8488000	8972000	8243000	9652000
24	8488000	8972000	8244000	9652000
25	8488000	8972000	8244000	9652000
26	8487000	8972000	8244000	9649000
27	8489000	8974000	8244000	9652000
28	8488000	8972000	8245000	9652000
29	8489000	8974000	8244000	9652000
30	8489000	8972000	8246000	9652000
31	8488000	8974000	8243000	9652000
32	8488000	8972000	8245000	9649000
33	8488000	8972000	8243000	9652000
34	8488000	8972000	8245000	9649000
35	8488000	8972000	8244000	9652000
36	8487000	8972000	8244000	9649000
37	8487000	8974000	8244000	9652000
38	8488000	8972000	8246000	9652000
39	8489000	8974000	8245000	9652000
40	8488000	8972000	8245000	9652000
41	8488000	8974000	8243000	9649000
42	8488000	8972000	8244000	9652000
43	8487000	8972000	8243000	9649000
44	8489000	8972000	8244000	9652000
45	8489000	8974000	8244000	9652000
46	8488000	8972000	8245000	9652000
47	8488000	8974000	8244000	9652000
48	8490000	8974000	8246000	9652000
49	8488000	8972000	8243000	9652000
50	8488000	8974000	8245000	9652000
51	8489000	8972000	8243000	9652000
52	8488000	8974000	8246000	9652000
53	8488000	8972000	8243000	9649000
54	8488000	8972000	8246000	9652000
55	8489000	8972000	8244000	9649000
56	8488000	8972000	8244000	9652000
57	8488000	8974000	8243000	9652000
58	8488000	8972000	8245000	9652000
59	8488000	8972000	8245000	9652000
60	8489000	8972000	8244000	9649000
61	8489000	8974000	8243000	9652000
62	8488000	8972000	8246000	9652000
63	8489000	8974000	8244000	9652000
64	8488000	8974000	8244000	9649000
65	8488000	8972000	8244000	9652000
66	8488000	8974000	8244000	9652000
67	8488000	8972000	8243000	9649000
68	8488000	8974000	8246000	9653000
69	8488000	8972000	8244000	9652000
70	8487000	8972000	8244000	9653000
71	8488000	8972000	8245000	9649000
72	8489000	8972000	8245000	9649000
73	8487000	8972000	8242000	9649000
74	8487000	8972000	8245000	9649000
75	8487000	8972000	8243000	9649000
76	8487000	8972000	8244000	9649000
77	8486000	8972000	8243000	9649000
78	8487000	8972000	8243000	9649000
79	8488000	8972000	8243000	9652000
80	8489000	8974000	8245000	9652000
81	8488000	8972000	8243000	9652000
82	8480000	8972000	8244000	9652000
83	8489000	8974000	8244000	9653000
84	8488000	8972000	8244000	9652000
85	8486000	8972000	8243000	9649000
86	8487000	8972000	8243000	9649000
87	8487000	8972000	8242000	9649000
88	8489000	8972000	8245000	9652000
89	8487000	8972000	8243000	9649000
90	8488000	8974000	8244000	9652000
91	8487000	8972000	8243000	9649000
92	8486000	8972000	8243000	9649000
93	8488000	8974000	8244000	9649000
94	8486000	8968000	8243000	9649000
95	8486000	8972000	8242000	9649000
96	8488000	8972000	8244000	9649000
97	8487000	8972000	8243000	9649000
98	8487000	8970000	8243000	9649000
99	8488000	8972000	8242000	9649000
100	8480000	8972000	8243000	9648000
101	8486000	8972000	8243000	9649000
102	8487000	8972000	8244000	9649000
103	8487000	8972000	8243000	9649000
104	8487000	8972000	8243000	9649000
105	8486000	8970000	8242000	9648000
106	8488000	8972000	8244000	9652000
107	8486000	8970000	8242000	9648000
108	8488000	8972000	8243000	9649000
109	8486000	8970000	8242000	9648000
110	8487000	8972000	8243000	9652000
111	8486000	8972000	8242000	9649000
112	8487000	8972000	8245000	9649000
113	8488000	8972000	8243000	9652000
114	8487000	8972000	8244000	9648000
115	8486000	8970000	8242000	9649000
116	8486000	8970000	8243000	9648000
117	8486000	8970000	8242000	9648000
118	8486000	8970000	8244000	9649000
119	8486000	8972000	8242000	9648000
120	8487000	8972000	8244000	9649000
121	8486000	8970000	8242000	9648000
122	8486000	8972000	8244000	9648000
123	8487000	8972000	8242000	9648000
124	8487000	8972000	8244000	9649000
125	8488000	8972000	8242000	9648000
126	8487000	8972000	8243000	9648000
127	8488000	8972000	8243000	9649000
128	8487000	8972000	8244000	9652000
129	8487000	8972000	8242000	9652000
130	8487000	8972000	8242000	9649000
131	8488000	8972000	8242000	9648000
132	8488000	8972000	8244000	9652000
133	8488000	8972000	8243000	9652000
134	8488000	8972000	8244000	9652000
135	8488000	8972000	8244000	9652000
136	8488000	8972000	8242000	9649000
137	8487000	8972000	8243000	9649000
138	8488000	8972000	8243000	9648000
139	8487000	8970000	8242000	9649000
140	8486000	8972000	8242000	9648000
141	8487000	8972000	8242000	9648000
142	8488000	8972000	8244000	9652000
143	8488000	8972000	8243000	9652000
144	8487000	8970000	8243000	9649000
145	8488000	8972000	8242000	9649000
146	8487000	8972000	8243000	9649000
147	8487000	8972000	8243000	9649000
148	8487000	8972000	8244000	9649000
149	8487000	8972000	8242000	9648000
150	8486000	8970000	8242000	9648000
151	8488000	8972000	8243000	9649000
152	8486000	8970000	8243000	9648000
153	8488000	8972000	8243000	9649000
154	8486000	8970000	8243000	9649000
155	8487000	8972000	8242000	9649000
156	8487000	8972000	8243000	9648000
157	8487000	8970000	8242000	9648000
158	8487000	8972000	8243000	9649000
159	8486000	8970000	8242000	9649000
160	8487000	8972000	8244000	9649000
161	8487000	8972000	8242000	9649000
162	8487000	8972000	8243000	9648000
163	8487000	8972000	8243000	9649000
164	8487000	8972000	8245000	9652000
165	8488000	8972000	8243000	9652000
166	8486000	8972000	8244000	9649000
167	8487000	8972000	8242000	9649000
168	8488000	8972000	8243000	9649000
169	8488000	8972000	8242000	9649000
170	8487000	8972000	8245000	9649000
171	8488000	8972000	8244000	9652000
172	8487000	8972000	8244000	9648000
173	8489000	8972000	8243000	9649000
174	8488000	8972000	8243000	9649000
175	8488000	8972000	8243000	9649000
176	8488000	8972000	8243000	9649000
177	8487000	8972000	8241000	9649000
178	8486000	8972000	8245000	9649000
179	8487000	8972000	8242000	9652000
180	8488000	8972000	8244000	9652000
181	8487000	8972000	8243000	9652000
182	8488000	8972000	8244000	9652000
183	8487000	8972000	8243000	9649000
184	8488000	8972000	8244000	9652000
185	8488000	8974000	8244000	9652000
186	8488000	8974000	8244000	9652000
187	8488000	8972000	8243000	9649000
188	8489000	8972000	8244000	9652000
189	8489000	8974000	8244000	9652000
190	8488000	8974000	8244000	9652000
191	8487000	8972000	8243000	9649000
192	8488000	8972000	8244000	9649000
193	8487000	8972000	8243000	9649000
194	8486000	8970000	8243000	9648000
195	8487000	8972000	8243000	9649000
196	8487000	8972000	8244000	9649000
197	8488000	8972000	8242000	9649000
198	8486000	8970000	8243000	9649000
199	8486000	8970000	8242000	9648000
200	8487000	8972000	8243000	9648000
201	8486000	8972000	8243000	9648000
202	8488000	8972000	8244000	9652000
203	8488000	8972000	8244000	9652000
204	8486000	8972000	8245000	9649000
205	8487000	8972000	8243000	9649000
206	8487000	8972000	8244000	9652000
207	8487000	8972000	8242000	9649000
208	8487000	8972000	8243000	9649000
209	8487000	8972000	8243000	9649000
210	8487000	8970000	8244000	9649000
211	8486000	8972000	8243000	9649000
212	8487000	8972000	8243000	9648000
213	8486000	8972000	8243000	9649000
214	8486000	8970000	8243000	9648000
215	8488000	8972000	8243000	9652000
216	8494000	8972000	8244000	9649000
217	8489000	8974000	8243000	9652000
218	8487000	8972000	8244000	9652000
219	8488000	8972000	8243000	9652000
220	8489000	8974000	8244000	9652000
221	8488000	8972000	8244000	9652000
222	8488000	8972000	8243000	9652000
223	8489000	8972000	8244000	9649000
224	8488000	8972000	8244000	9649000
225	8488000	8972000	8243000	9652000
226	8486000	8972000	8245000	9652000
227	8488000	8972000	8243000	9652000
228	8489000	8972000	8246000	9652000
229	8487000	8972000	8243000	9649000
230	8488000	8974000	8244000	9652000
231	8487000	8970000	8242000	9649000
232	8488000	8972000	8243000	9649000
233	8488000	8972000	8245000	9652000
234	8487000	8972000	8245000	9652000
235	8489000	8974000	8244000	9652000
236	8489000	8972000	8245000	9652000
237	8488000	8972000	8244000	9652000
238	8489000	8972000	8244000	9652000
239	8489000	8972000	8245000	9649000
240	8488000	8974000	8243000	9652000
241	8489000	8974000	8243000	9653000
242	8489000	8974000	8246000	9652000
243	8489000	8972000	8243000	9652000
244	8489000	8974000	8246000	9653000
245	8489000	8972000	8244000	9652000
246	8487000	8972000	8243000	9649000
247	8488000	8970000	8244000	9652000
248	8488000	8972000	8244000	9649000
249	8489000	8974000	8243000	9653000
250	8489000	8972000	8244000	9652000
251	8487000	8972000	8243000	9652000
252	8488000	8972000	8244000	9652000
253	8489000	8974000	8244000	9652000
254	8487000	8972000	8244000	9649000
255	8487000	8972000	8243000	9649000
256	8487000	8970000	8243000	9649000
257	8487000	8972000	8242000	9648000
258	8488000	8972000	8243000	9648000
259	8486000	8972000	8242000	9648000
260	8488000	8972000	8244000	9649000
261	8487000	8972000	8242000	9648000
262	8487000	8972000	8243000	9649000
263	8488000	8972000	8243000	9649000
264	8487000	8972000	8244000	9649000
265	8487000	8972000	8243000	9649000
266	8487000	8970000	8243000	9649000
267	8488000	8972000	8243000	9648000
268	8486000	8972000	8244000	9649000
269	8488000	8972000	8244000	9649000
270	8488000	8972000	8246000	9652000
271	8488000	8972000	8243000	9649000
272	8488000	8972000	8244000	9649000
273	8487000	8972000	8243000	9649000
274	8489000	8974000	8244000	9652000
275	8486000	8968000	8242000	9648000
276	8487000	8970000	8243000	9649000
277	8489000	8972000	8242000	9652000
278	8486000	8972000	8242000	9648000
279	8489000	8972000	8246000	9652000
280	8488000	8972000	8244000	9649000
281	8488000	8972000	8242000	9649000
282	8487000	8972000	8244000	9649000
283	8488000	8972000	8243000	9652000
284	8488000	8972000	8245000	9649000
285	8489000	8972000	8244000	9649000
286	8487000	8972000	8244000	9649000
287	8488000	8972000	8242000	9649000
288	8481000	8972000	8244000	9648000
289	8487000	8972000	8242000	9648000
290	8488000	8972000	8245000	9649000
291	8487000	8972000	8242000	9649000
292	8486000	8970000	8243000	9649000
293	8488000	8972000	8243000	9649000
294	8488000	8972000	8244000	9652000
295	8488000	8972000	8243000	9649000
296	8488000	8972000	8244000	9649000
297	8489000	8974000	8244000	9652000
298	8489000	8972000	8244000	9652000
299	8489000	8972000	8245000	9649000
300	8487000	8972000	8245000	9649000
301	8488000	8972000	8245000	9652000
302	8487000	8972000	8244000	9652000
303	8489000	8974000	8243000	9652000
304	8488000	8972000	8246000	9652000
305	8489000	8974000	8243000	9652000
306	8489000	8972000	8245000	9652000
307	8488000	8972000	8243000	9652000
308	8488000	8972000	8244000	9652000
309	8488000	8972000	8243000	9649000
310	8487000	8972000	8244000	9649000
311	8488000	8972000	8243000	9649000
312	8488000	8972000	8244000	9649000
313	8487000	8974000	8243000	9649000
314	8487000	8972000	8244000	9649000
315	8487000	8972000	8244000	9649000
316	8487000	8972000	8243000	9649000
317	8487000	8972000	8243000	9649000
318	8488000	8972000	8244000	9652000
319	8488000	8972000	8242000	9649000
320	8487000	8972000	8243000	9648000
321	8487000	8972000	8241000	9648000
322	8488000	8972000	8244000	9649000
323	8486000	8970000	8242000	9648000
324	8486000	8970000	8243000	9648000
325	8488000	8972000	8242000	9648000
326	8486000	8970000	8243000	9648000
327	8488000	8972000	8242000	9649000
328	8487000	8970000	8244000	9649000
329	8487000	8970000	8241000	9649000
330	8486000	8970000	8243000	9648000
331	8486000	8970000	8241000	9649000
332	8487000	8972000	8243000	9648000
333	8486000	8972000	8246000	9648000
334	8485000	8970000	8243000	9648000
335	8487000	8972000	8242000	9648000
336	8487000	8972000	8242000	9648000
337	8487000	8972000	8243000	9648000
338	8489000	8972000	8245000	9649000
339	8488000	8972000	8243000	9648000
340	8487000	8970000	8243000	9648000
341	8487000	8972000	8242000	9649000
342	8487000	8972000	8243000	9648000
343	8487000	8972000	8243000	9648000
344	8487000	8972000	8242000	9648000
345	8487000	8972000	8243000	9649000
346	8486000	8972000	8243000	9649000
347	8487000	8972000	8242000	9649000
348	8487000	8970000	8244000	9649000
349	8488000	8972000	8243000	9649000
350	8486000	8970000	8243000	9648000
351	8487000	8970000	8242000	9648000
352	8488000	8972000	8243000	9649000
353	8488000	8972000	8242000	9649000
354	8488000	8974000	8244000	9649000
355	8487000	8972000	8243000	9648000
356	8487000	8972000	8244000	9649000
357	8487000	8972000	8243000	9649000
358	8494000	8972000	8244000	9652000
359	8488000	8972000	8243000	9649000
360	8487000	8972000	8243000	9649000
361	8486000	8972000	8242000	9648000
362	8487000	8972000	8240000	9648000
363	8488000	8972000	8242000	9649000
364	8487000	8972000	8243000	9648000
365	8488000	8972000	8247000	9652000
366	8487000	8972000	8244000	9649000
367	8488000	8972000	8243000	9649000
368	8487000	8972000	8244000	9649000
369	8488000	8972000	8242000	9649000
370	8495000	8972000	8244000	9649000
371	8486000	8972000	8243000	9648000
372	8487000	8972000	8243000	9652000
373	8487000	8972000	8242000	9648000
374	8487000	8972000	8244000	9652000
375	8488000	8972000	8243000	9649000
376	8486000	8972000	8244000	9652000
377	8488000	8972000	8244000	9652000
378	8486000	8970000	8243000	9649000
379	8487000	8972000	8243000	9649000
380	8486000	8972000	8243000	9649000
381	8487000	8972000	8244000	9652000
382	8487000	8972000	8243000	9648000
383	8486000	8972000	8242000	9649000
384	8488000	8972000	8244000	9652000
385	8487000	8972000	8243000	9649000
386	8486000	8972000	8243000	9649000
387	8487000	8972000	8243000	9652000
388	8486000	8970000	8243000	9648000
389	8488000	8972000	8243000	9649000
390	8486000	8972000	8243000	9648000
391	8488000	8972000	8243000	9652000
392	8487000	8972000	8243000	9652000
393	8486000	8970000	8242000	9649000
394	8487000	8970000	8243000	9648000
395	8487000	8970000	8246000	9649000
396	8486000	8970000	8243000	9648000
397	8487000	8972000	8242000	9649000
398	8487000	8972000	8243000	9649000
399	8486000	8970000	8243000	9648000
400	8488000	8972000	8244000	9649000
401	8488000	8972000	8243000	9649000
402	8486000	8970000	8244000	9648000
403	8487000	8972000	8242000	9648000
404	8488000	8972000	8244000	9652000
405	8486000	8972000	8243000	9649000
406	8488000	8972000	8245000	9652000
407	8488000	8972000	8244000	9649000
408	8488000	8972000	8244000	9652000
409	8486000	8972000	8242000	9648000
410	8486000	8970000	8243000	9648000
411	8486000	8970000	8242000	9648000
412	8487000	8972000	8244000	9648000
413	8486000	8970000	8242000	9649000
414	8487000	8972000	8244000	9649000
415	8487000	8972000	8242000	9649000
416	8486000	8972000	8242000	9648000
417	8487000	8972000	8243000	9649000
418	8487000	8972000	8244000	9649000
419	8487000	8970000	8243000	9648000
420	8486000	8970000	8243000	9648000
421	8485000	8970000	8241000	9649000
422	8486000	8970000	8243000	9648000
423	8486000	8972000	8243000	9648000
424	8486000	8972000	8242000	9648000
425	8487000	8972000	8242000	9649000
426	8487000	8972000	8244000	9649000
427	8485000	8970000	8242000	9648000
428	8486000	8970000	8243000	9649000
429	8487000	8972000	8241000	9648000
430	8487000	8970000	8243000	9649000
431	8486000	8970000	8242000	9648000
432	8487000	8972000	8244000	9648000
433	8486000	8972000	8243000	9648000
434	8487000	8972000	8243000	9649000
435	8487000	8970000	8242000	9649000
436	8487000	8972000	8244000	9649000
437	8487000	8972000	8242000	9649000
438	8487000	8972000	8244000	9649000
439	8494000	8972000	8243000	9649000
440	8487000	8972000	8243000	9652000
441	8489000	8972000	8244000	9652000
442	8487000	8972000	8243000	9649000
443	8488000	8972000	8243000	9652000
444	8487000	8972000	8243000	9649000
445	8487000	8972000	8242000	9649000
446	8487000	8972000	8245000	9652000
447	8487000	8972000	8242000	9649000
448	8487000	8972000	8244000	9649000
449	8487000	8972000	8243000	9649000
450	8486000	8972000	8243000	9648000
451	8487000	8972000	8242000	9648000
452	8487000	8972000	8244000	9649000
453	8486000	8972000	8242000	9648000
454	8487000	8972000	8244000	9649000
455	8487000	8972000	8242000	9648000
456	8486000	8970000	8242000	9648000
457	8487000	8972000	8242000	9648000
458	8487000	8972000	8242000	9649000
459	8487000	8972000	8243000	9649000
460	8487000	8972000	8243000	9649000
461	8487000	8972000	8242000	9649000
462	8487000	8970000	8243000	9649000
463	8488000	8972000	8243000	9652000
464	8487000	8972000	8243000	9649000
465	8488000	8972000	8243000	9649000
466	8488000	8972000	8244000	9649000
467	8486000	8970000	8242000	9648000
468	8487000	8970000	8244000	9649000
469	8495000	8972000	8243000	9652000
470	8488000	8972000	8244000	9649000
471	8488000	8972000	8243000	9649000
472	8487000	8972000	8242000	9649000
473	8488000	8972000	8242000	9649000
474	8486000	8972000	8243000	9649000
475	8488000	8972000	8242000	9649000
476	8487000	8972000	8243000	9649000
477	8487000	8972000	8242000	9652000
478	8486000	8972000	8243000	9649000
479	8487000	8972000	8243000	9652000
480	8487000	8972000	8243000	9649000
481	8487000	8972000	8242000	9652000
482	8487000	8972000	8244000	9652000
483	8489000	8974000	8244000	9652000
484	8486000	8972000	8243000	9649000
485	8487000	8972000	8242000	9652000
486	8488000	8972000	8242000	9649000
487	8486000	8970000	8242000	9648000
488	8487000	8972000	8242000	9649000
489	8487000	8972000	8242000	9649000
490	8487000	8972000	8244000	9652000
491	8488000	8972000	8243000	9649000
492	8487000	8972000	8243000	9649000
493	8486000	8970000	8242000	9648000
494	8487000	8970000	8242000	9649000
495	8486000	8972000	8242000	9649000
496	8486000	8970000	8242000	9648000
497	8488000	8972000	8242000	9649000
498	8487000	8972000	8243000	9649000
499	8488000	8972000	8242000	9649000

============================================================
# BITSTREAM: 100us_3etapas.bit
# VENTANA: 100us
# ETAPAS_PRINCIPAL: 3
# NUM_MUESTRAS: 500
# FORMATO: idx	freq1_hz	freq2_hz	freq3_hz	freq4_hz
============================================================
idx	freq1_hz	freq2_hz	freq3_hz	freq4_hz
0	0	35590000	35590000	35590000
1	35590000	35590000	35590000	35590000
2	35600000	35600000	35600000	35600000
3	35600000	35600000	35600000	35600000
4	35590000	35590000	35590000	35590000
5	35590000	35590000	35590000	35590000
6	35590000	35590000	35590000	35590000
7	35590000	35590000	35590000	35590000
8	35590000	35590000	35590000	35590000
9	35590000	35590000	35590000	35590000
10	35590000	35590000	35590000	35600000
11	35600000	35600000	35600000	35600000
12	35600000	35600000	35600000	35600000
13	35600000	35600000	35600000	35600000
14	35600000	35600000	35590000	35590000
15	35590000	35590000	35590000	35590000
16	35600000	35600000	35600000	35600000
17	35590000	35590000	35590000	35590000
18	35580000	35580000	35580000	35590000
19	35590000	35590000	35590000	35590000
20	35590000	35590000	35590000	35590000
21	35580000	35580000	35580000	35580000
22	35600000	35600000	35600000	35600000
23	35600000	35600000	35600000	35600000
24	35590000	35590000	35590000	35590000
25	35580000	35580000	35580000	35590000
26	35600000	35600000	35600000	35600000
27	35600000	35600000	35600000	35600000
28	35600000	35600000	35600000	35600000
29	35590000	35590000	35590000	35590000
30	35600000	35600000	35600000	35600000
31	35590000	35590000	35590000	35590000
32	35590000	35590000	35590000	35590000
33	35590000	35590000	35590000	35590000
34	35590000	35590000	35590000	35590000
35	35590000	35590000	35590000	35590000
36	35600000	35600000	35600000	35600000
37	35600000	35600000	35600000	35600000
38	35590000	35590000	35600000	35600000
39	35600000	35600000	35600000	35600000
40	35600000	35600000	35600000	35600000
41	35600000	35600000	35600000	35600000
42	35600000	35600000	35600000	35600000
43	35590000	35590000	35590000	35590000
44	35590000	35590000	35590000	35590000
45	35590000	35590000	35590000	35590000
46	35590000	35600000	35590000	35590000
47	35590000	35590000	35590000	35590000
48	35590000	35590000	35590000	35590000
49	35590000	35590000	35590000	35600000
50	35590000	35590000	35590000	35600000
51	35590000	35590000	35590000	35590000
52	35590000	35590000	35590000	35590000
53	35580000	35580000	35580000	35580000
54	35580000	35580000	35580000	35580000
55	35590000	35590000	35590000	35590000
56	35580000	35580000	35580000	35580000
57	35590000	35590000	35590000	35590000
58	35590000	35590000	35590000	35590000
59	35590000	35590000	35590000	35590000
60	35580000	35580000	35580000	35580000
61	35590000	35590000	35590000	35590000
62	35590000	35590000	35590000	35590000
63	35580000	35580000	35580000	35580000
64	35590000	35590000	35590000	35590000
65	35580000	35580000	35580000	35580000
66	35590000	35590000	35590000	35590000
67	35580000	35580000	35580000	35580000
68	35580000	35580000	35580000	35580000
69	35590000	35590000	35590000	35590000
70	35590000	35590000	35590000	35590000
71	35580000	35580000	35590000	35590000
72	35580000	35580000	35580000	35580000
73	35600000	35600000	35600000	35600000
74	35590000	35590000	35590000	35590000
75	35580000	35580000	35580000	35580000
76	35580000	35580000	35580000	35580000
77	35590000	35590000	35590000	35580000
78	35580000	35580000	35580000	35580000
79	35580000	35580000	35580000	35580000
80	35590000	35590000	35590000	35590000
81	35590000	35590000	35590000	35590000
82	35580000	35580000	35580000	35580000
83	35580000	35580000	35580000	35580000
84	35580000	35580000	35580000	35580000
85	35580000	35580000	35580000	35580000
86	35580000	35580000	35580000	35580000
87	35590000	35590000	35590000	35590000
88	35590000	35590000	35590000	35590000
89	35590000	35590000	35590000	35590000
90	35590000	35590000	35590000	35590000
91	35580000	35580000	35580000	35580000
92	35580000	35580000	35590000	35590000
93	35580000	35590000	35580000	35580000
94	35590000	35590000	35590000	35590000
95	35600000	35600000	35600000	35600000
96	35590000	35590000	35590000	35590000
97	35580000	35580000	35580000	35580000
98	35580000	35580000	35580000	35590000
99	35590000	35590000	35590000	35590000
100	35590000	35590000	35590000	35590000
101	35590000	35590000	35590000	35590000
102	35580000	35580000	35580000	35580000
103	35590000	35590000	35590000	35590000
104	35590000	35590000	35590000	35590000
105	35580000	35580000	35580000	35590000
106	35580000	35580000	35580000	35580000
107	35580000	35580000	35580000	35580000
108	35590000	35590000	35590000	35590000
109	35590000	35590000	35590000	35590000
110	35580000	35580000	35580000	35580000
111	35590000	35590000	35590000	35590000
112	35580000	35580000	35580000	35590000
113	35580000	35580000	35580000	35580000
114	35580000	35580000	35580000	35580000
115	35580000	35580000	35580000	35580000
116	35580000	35580000	35580000	35580000
117	35580000	35580000	35580000	35580000
118	35580000	35580000	35580000	35590000
119	35590000	35590000	35590000	35590000
120	35590000	35590000	35590000	35590000
121	35580000	35580000	35580000	35590000
122	35580000	35580000	35580000	35580000
123	35590000	35590000	35590000	35590000
124	35590000	35590000	35590000	35590000
125	35580000	35580000	35580000	35590000
126	35590000	35590000	35580000	35580000
127	35590000	35590000	35590000	35590000
128	35580000	35580000	35580000	35590000
129	35580000	35580000	35580000	35580000
130	35580000	35580000	35580000	35580000
131	35580000	35580000	35580000	35580000
132	35580000	35580000	35580000	35580000
133	35590000	35590000	35590000	35580000
134	35590000	35590000	35580000	35580000
135	35580000	35580000	35580000	35580000
136	35580000	35580000	35580000	35580000
137	35580000	35580000	35580000	35580000
138	35590000	35590000	35590000	35590000
139	35590000	35590000	35590000	35590000
140	35590000	35590000	35590000	35590000
141	35580000	35580000	35580000	35580000
142	35590000	35590000	35590000	35590000
143	35580000	35580000	35580000	35580000
144	35600000	35600000	35600000	35590000
145	35600000	35590000	35600000	35590000
146	35590000	35590000	35600000	35600000
147	35590000	35590000	35590000	35590000
148	35590000	35590000	35590000	35600000
149	35590000	35580000	35590000	35590000
150	35580000	35580000	35580000	35580000
151	35590000	35590000	35590000	35590000
152	35590000	35590000	35590000	35590000
153	35590000	35590000	35590000	35590000
154	35590000	35590000	35590000	35590000
155	35580000	35580000	35580000	35580000
156	35580000	35580000	35580000	35580000
157	35590000	35590000	35590000	35590000
158	35580000	35580000	35580000	35580000
159	35580000	35580000	35580000	35580000
160	35580000	35580000	35570000	35580000
161	35590000	35590000	35590000	35590000
162	35580000	35580000	35580000	35580000
163	35580000	35580000	35580000	35580000
164	35570000	35570000	35570000	35580000
165	35580000	35580000	35580000	35580000
166	35580000	35580000	35580000	35570000
167	35570000	35570000	35570000	35570000
168	35570000	35570000	35570000	35570000
169	35580000	35580000	35580000	35580000
170	35580000	35580000	35580000	35580000
171	35590000	35590000	35590000	35590000
172	35580000	35580000	35580000	35580000
173	35590000	35590000	35590000	35580000
174	35590000	35590000	35590000	35590000
175	35580000	35580000	35570000	35580000
176	35580000	35580000	35580000	35580000
177	35580000	35580000	35580000	35580000
178	35570000	35570000	35570000	35570000
179	35580000	35580000	35580000	35580000
180	35580000	35580000	35580000	35580000
181	35580000	35580000	35580000	35580000
182	35580000	35580000	35580000	35580000
183	35590000	35590000	35590000	35590000
184	35580000	35580000	35580000	35580000
185	35580000	35580000	35580000	35580000
186	35580000	35580000	35580000	35580000
187	35580000	35580000	35580000	35580000
188	35580000	35580000	35580000	35580000
189	35580000	35580000	35590000	35590000
190	35580000	35580000	35580000	35580000
191	35590000	35590000	35590000	35590000
192	35590000	35590000	35590000	35590000
193	35580000	35580000	35580000	35590000
194	35580000	35580000	35580000	35580000
195	35580000	35580000	35580000	35580000
196	35590000	35590000	35590000	35590000
197	35590000	35590000	35590000	35590000
198	35590000	35590000	35590000	35590000
199	35590000	35590000	35590000	35590000
200	35580000	35580000	35580000	35580000
201	35580000	35580000	35580000	35580000
202	35580000	35580000	35580000	35590000
203	35590000	35590000	35590000	35590000
204	35580000	35580000	35580000	35580000
205	35580000	35580000	35580000	35580000
206	35590000	35590000	35590000	35590000
207	35580000	35580000	35580000	35580000
208	35580000	35580000	35580000	35580000
209	35580000	35580000	35580000	35580000
210	35590000	35590000	35590000	35590000
211	35580000	35580000	35580000	35590000
212	35590000	35590000	35590000	35590000
213	35580000	35580000	35580000	35580000
214	35580000	35580000	35580000	35580000
215	35590000	35590000	35590000	35590000
216	35600000	35600000	35600000	35600000
217	35590000	35590000	35590000	35590000
218	35590000	35590000	35590000	35600000
219	35580000	35580000	35580000	35580000
220	35590000	35590000	35590000	35590000
221	35590000	35590000	35590000	35590000
222	35590000	35590000	35590000	35590000
223	35590000	35590000	35590000	35590000
224	35580000	35580000	35580000	35580000
225	35590000	35590000	35590000	35590000
226	35580000	35580000	35580000	35590000
227	35580000	35580000	35580000	35580000
228	35590000	35580000	35590000	35590000
229	35590000	35590000	35590000	35590000
230	35600000	35600000	35600000	35590000
231	35600000	35600000	35600000	35600000
232	35590000	35590000	35590000	35590000
233	35590000	35590000	35590000	35590000
234	35590000	35590000	35590000	35590000
235	35590000	35590000	35590000	35590000
236	35590000	35590000	35590000	35590000
237	35590000	35590000	35590000	35580000
238	35590000	35590000	35580000	35580000
239	35580000	35580000	35580000	35580000
240	35590000	35590000	35590000	35590000
241	35590000	35590000	35590000	35590000
242	35590000	35590000	35590000	35590000
243	35580000	35580000	35580000	35590000
244	35590000	35590000	35590000	35590000
245	35600000	35600000	35590000	35590000
246	35600000	35600000	35600000	35600000
247	35590000	35590000	35590000	35590000
248	35590000	35590000	35590000	35590000
249	35580000	35580000	35580000	35580000
250	35580000	35580000	35580000	35580000
251	35580000	35580000	35580000	35590000
252	35580000	35580000	35580000	35580000
253	35580000	35580000	35580000	35580000
254	35580000	35580000	35580000	35580000
255	35590000	35590000	35590000	35590000
256	35580000	35580000	35580000	35580000
257	35580000	35580000	35580000	35580000
258	35590000	35590000	35590000	35590000
259	35590000	35590000	35590000	35590000
260	35590000	35590000	35590000	35590000
261	35580000	35580000	35580000	35580000
262	35590000	35590000	35590000	35580000
263	35590000	35590000	35590000	35590000
264	35590000	35590000	35590000	35590000
265	35590000	35590000	35590000	35590000
266	35590000	35590000	35590000	35590000
267	35590000	35590000	35590000	35580000
268	35590000	35590000	35590000	35590000
269	35590000	35590000	35590000	35590000
270	35590000	35590000	35590000	35600000
271	35600000	35600000	35600000	35590000
272	35590000	35590000	35590000	35600000
273	35580000	35580000	35580000	35580000
274	35600000	35600000	35590000	35590000
275	35600000	35600000	35600000	35600000
276	35600000	35600000	35600000	35600000
277	35590000	35590000	35590000	35590000
278	35590000	35590000	35590000	35590000
279	35590000	35590000	35590000	35590000
280	35590000	35590000	35590000	35590000
281	35590000	35590000	35590000	35590000
282	35580000	35580000	35580000	35580000
283	35590000	35590000	35590000	35590000
284	35580000	35580000	35580000	35590000
285	35590000	35590000	35590000	35590000
286	35580000	35580000	35580000	35580000
287	35580000	35580000	35580000	35580000
288	35590000	35590000	35590000	35590000
289	35590000	35590000	35590000	35590000
290	35590000	35590000	35590000	35590000
291	35590000	35590000	35590000	35590000
292	35580000	35580000	35580000	35580000
293	35590000	35580000	35590000	35590000
294	35590000	35590000	35580000	35580000
295	35590000	35590000	35590000	35590000
296	35590000	35590000	35590000	35590000
297	35590000	35590000	35590000	35590000
298	35590000	35590000	35590000	35590000
299	35590000	35590000	35590000	35590000
300	35600000	35600000	35600000	35590000
301	35600000	35600000	35600000	35600000
302	35590000	35590000	35590000	35590000
303	35590000	35590000	35590000	35590000
304	35580000	35580000	35580000	35590000
305	35590000	35590000	35590000	35590000
306	35590000	35590000	35590000	35590000
307	35580000	35580000	35580000	35580000
308	35590000	35590000	35590000	35590000
309	35590000	35590000	35590000	35590000
310	35590000	35590000	35590000	35590000
311	35590000	35590000	35590000	35590000
312	35590000	35590000	35590000	35590000
313	35580000	35580000	35580000	35580000
314	35580000	35580000	35580000	35580000
315	35580000	35580000	35580000	35580000
316	35590000	35590000	35590000	35590000
317	35590000	35590000	35590000	35590000
318	35590000	35590000	35590000	35590000
319	35580000	35580000	35590000	35590000
320	35600000	35600000	35600000	35600000
321	35590000	35590000	35590000	35590000
322	35580000	35580000	35580000	35580000
323	35590000	35590000	35590000	35590000
324	35580000	35590000	35580000	35590000
325	35590000	35590000	35580000	35580000
326	35590000	35590000	35590000	35590000
327	35590000	35590000	35590000	35580000
328	35580000	35580000	35590000	35590000
329	35590000	35590000	35590000	35590000
330	35590000	35590000	35590000	35590000
331	35580000	35580000	35580000	35580000
332	35590000	35590000	35590000	35590000
333	35590000	35590000	35590000	35590000
334	35580000	35590000	35580000	35580000
335	35580000	35580000	35580000	35580000
336	35590000	35590000	35590000	35590000
337	35600000	35600000	35600000	35590000
338	35590000	35590000	35590000	35590000
339	35590000	35590000	35590000	35590000
340	35600000	35600000	35600000	35600000
341	35600000	35600000	35600000	35600000
342	35590000	35590000	35590000	35590000
343	35590000	35590000	35590000	35590000
344	35600000	35600000	35600000	35600000
345	35590000	35590000	35590000	35590000
346	35590000	35590000	35580000	35580000
347	35590000	35590000	35590000	35590000
348	35600000	35600000	35600000	35590000
349	35580000	35580000	35590000	35590000
350	35590000	35590000	35590000	35590000
351	35600000	35600000	35600000	35600000
352	35580000	35580000	35580000	35580000
353	35590000	35590000	35590000	35590000
354	35600000	35600000	35600000	35600000
355	35590000	35590000	35590000	35590000
356	35590000	35590000	35590000	35590000
357	35590000	35590000	35590000	35590000
358	35590000	35590000	35590000	35590000
359	35590000	35590000	35590000	35590000
360	35590000	35590000	35590000	35590000
361	35590000	35590000	35590000	35590000
362	35590000	35590000	35590000	35590000
363	35590000	35590000	35590000	35590000
364	35580000	35580000	35580000	35580000
365	35600000	35600000	35600000	35600000
366	35590000	35590000	35590000	35590000
367	35590000	35590000	35590000	35600000
368	35590000	35590000	35590000	35590000
369	35580000	35580000	35580000	35580000
370	35590000	35590000	35590000	35590000
371	35590000	35590000	35600000	35600000
372	35590000	35590000	35600000	35600000
373	35600000	35600000	35600000	35600000
374	35600000	35600000	35600000	35600000
375	35590000	35590000	35590000	35590000
376	35590000	35590000	35590000	35590000
377	35590000	35590000	35590000	35590000
378	35590000	35590000	35590000	35590000
379	35590000	35590000	35590000	35590000
380	35590000	35590000	35590000	35590000
381	35580000	35580000	35580000	35580000
382	35580000	35580000	35580000	35580000
383	35600000	35600000	35600000	35600000
384	35580000	35580000	35580000	35580000
385	35580000	35580000	35580000	35580000
386	35590000	35590000	35590000	35590000
387	35590000	35590000	35590000	35590000
388	35600000	35600000	35600000	35600000
389	35600000	35590000	35600000	35600000
390	35590000	35590000	35590000	35590000
391	35580000	35580000	35580000	35580000
392	35590000	35590000	35590000	35590000
393	35590000	35590000	35590000	35590000
394	35590000	35590000	35590000	35590000
395	35580000	35580000	35580000	35580000
396	35580000	35580000	35580000	35580000
397	35580000	35580000	35580000	35580000
398	35580000	35580000	35580000	35580000
399	35590000	35590000	35590000	35590000
400	35580000	35580000	35580000	35580000
401	35590000	35590000	35590000	35590000
402	35590000	35590000	35590000	35590000
403	35590000	35590000	35590000	35590000
404	35580000	35580000	35580000	35580000
405	35590000	35590000	35590000	35590000
406	35580000	35580000	35570000	35570000
407	35590000	35590000	35590000	35590000
408	35590000	35590000	35590000	35590000
409	35590000	35590000	35590000	35590000
410	35590000	35590000	35590000	35590000
411	35590000	35590000	35590000	35590000
412	35600000	35600000	35600000	35600000
413	35590000	35590000	35590000	35590000
414	35580000	35580000	35580000	35580000
415	35590000	35600000	35590000	35590000
416	35590000	35590000	35590000	35590000
417	35580000	35580000	35580000	35580000
418	35590000	35590000	35590000	35590000
419	35590000	35590000	35590000	35590000
420	35590000	35590000	35590000	35590000
421	35590000	35590000	35590000	35590000
422	35590000	35590000	35590000	35580000
423	35590000	35590000	35590000	35580000
424	35590000	35590000	35590000	35590000
425	35580000	35580000	35580000	35580000
426	35590000	35590000	35590000	35590000
427	35580000	35580000	35580000	35580000
428	35580000	35580000	35580000	35580000
429	35590000	35590000	35590000	35590000
430	35590000	35590000	35590000	35590000
431	35590000	35590000	35590000	35590000
432	35600000	35600000	35600000	35600000
433	35590000	35590000	35590000	35590000
434	35590000	35590000	35590000	35590000
435	35590000	35590000	35590000	35590000
436	35590000	35590000	35590000	35590000
437	35590000	35590000	35590000	35590000
438	35600000	35600000	35600000	35600000
439	35590000	35590000	35590000	35590000
440	35590000	35590000	35580000	35580000
441	35580000	35580000	35580000	35580000
442	35580000	35580000	35580000	35580000
443	35580000	35590000	35580000	35580000
444	35590000	35590000	35590000	35590000
445	35590000	35590000	35590000	35590000
446	35590000	35590000	35590000	35590000
447	35600000	35600000	35600000	35590000
448	35590000	35590000	35590000	35590000
449	35590000	35590000	35590000	35590000
450	35580000	35580000	35580000	35580000
451	35580000	35590000	35580000	35580000
452	35590000	35590000	35590000	35590000
453	35590000	35590000	35590000	35590000
454	35590000	35590000	35590000	35580000
455	35590000	35590000	35580000	35580000
456	35600000	35600000	35600000	35600000
457	35580000	35580000	35580000	35590000
458	35580000	35580000	35580000	35580000
459	35590000	35590000	35590000	35590000
460	35580000	35580000	35580000	35580000
461	35590000	35590000	35580000	35580000
462	35580000	35580000	35580000	35580000
463	35600000	35600000	35600000	35600000
464	35590000	35590000	35590000	35590000
465	35590000	35590000	35590000	35590000
466	35590000	35590000	35590000	35590000
467	35590000	35590000	35590000	35590000
468	35590000	35590000	35590000	35590000
469	35600000	35600000	35600000	35600000
470	35590000	35590000	35590000	35580000
471	35590000	35590000	35590000	35590000
472	35590000	35590000	35590000	35590000
473	35590000	35590000	35590000	35590000
474	35590000	35590000	35590000	35590000
475	35590000	35590000	35590000	35590000
476	35590000	35590000	35590000	35600000
477	35600000	35600000	35600000	35590000
478	35600000	35600000	35600000	35600000
479	35590000	35590000	35590000	35590000
480	35600000	35600000	35600000	35600000
481	35590000	35590000	35590000	35590000
482	35600000	35600000	35600000	35600000
483	35590000	35590000	35590000	35590000
484	35590000	35590000	35590000	35590000
485	35590000	35590000	35590000	35590000
486	35600000	35600000	35600000	35600000
487	35590000	35590000	35590000	35590000
488	35590000	35590000	35590000	35600000
489	35590000	35590000	35590000	35590000
490	35590000	35590000	35590000	35590000
491	35580000	35580000	35580000	35580000
492	35600000	35600000	35590000	35590000
493	35590000	35590000	35590000	35590000
494	35600000	35600000	35600000	35590000
495	35600000	35600000	35600000	35600000
496	35600000	35600000	35600000	35600000
497	35600000	35600000	35600000	35600000
498	35590000	35590000	35590000	35600000
499	35600000	35600000	35600000	35600000

============================================================
# BITSTREAM: 100us_5etapas.bit
# VENTANA: 100us
# ETAPAS_PRINCIPAL: 5
# NUM_MUESTRAS: 500
# FORMATO: idx	freq1_hz	freq2_hz	freq3_hz	freq4_hz
============================================================
idx	freq1_hz	freq2_hz	freq3_hz	freq4_hz
0	34070000	33440000	33440000	33440000
1	34070000	33440000	33440000	33440000
2	34060000	33430000	33430000	33430000
3	34080000	33440000	33440000	33440000
4	34070000	33440000	33440000	33440000
5	34070000	33440000	33440000	33440000
6	34080000	33440000	33440000	33440000
7	34070000	33440000	33440000	33440000
8	34080000	33440000	33440000	33440000
9	34060000	33430000	33430000	33430000
10	34060000	33440000	33440000	33430000
11	34070000	33440000	33440000	33440000
12	34080000	33440000	33440000	33440000
13	34080000	33440000	33440000	33440000
14	34090000	33440000	33440000	33440000
15	34070000	33430000	33440000	33430000
16	34080000	33430000	33440000	33430000
17	34090000	33440000	33440000	33440000
18	34080000	33440000	33440000	33440000
19	34080000	33430000	33430000	33430000
20	34080000	33440000	33430000	33440000
21	34080000	33440000	33440000	33440000
22	34080000	33440000	33440000	33440000
23	34080000	33440000	33430000	33440000
24	34080000	33440000	33440000	33440000
25	34070000	33440000	33440000	33440000
26	34060000	33430000	33430000	33440000
27	34060000	33440000	33440000	33440000
28	34080000	33440000	33440000	33440000
29	34070000	33440000	33450000	33440000
30	34070000	33440000	33440000	33440000
31	34070000	33440000	33430000	33440000
32	34070000	33450000	33440000	33450000
33	34070000	33430000	33440000	33430000
34	34070000	33440000	33430000	33430000
35	34060000	33440000	33430000	33430000
36	34070000	33440000	33440000	33440000
37	34070000	33440000	33440000	33440000
38	34060000	33430000	33430000	33440000
39	34070000	33430000	33430000	33430000
40	34080000	33440000	33440000	33440000
41	34060000	33430000	33430000	33430000
42	34070000	33440000	33440000	33440000
43	34090000	33450000	33440000	33440000
44	34080000	33440000	33440000	33440000
45	34090000	33440000	33440000	33440000
46	34080000	33440000	33440000	33440000
47	34060000	33440000	33440000	33440000
48	34080000	33440000	33440000	33440000
49	34050000	33430000	33430000	33430000
50	34050000	33430000	33430000	33430000
51	34060000	33430000	33430000	33440000
52	34070000	33440000	33440000	33440000
53	34070000	33440000	33440000	33440000
54	34050000	33440000	33440000	33440000
55	34080000	33440000	33450000	33440000
56	34080000	33440000	33440000	33450000
57	34090000	33450000	33450000	33450000
58	34060000	33440000	33440000	33440000
59	34090000	33450000	33440000	33440000
60	34090000	33450000	33450000	33450000
61	34070000	33440000	33440000	33430000
62	34080000	33440000	33440000	33440000
63	34080000	33440000	33440000	33440000
64	34080000	33440000	33440000	33430000
65	34090000	33440000	33440000	33440000
66	34050000	33440000	33430000	33440000
67	34070000	33440000	33440000	33440000
68	34100000	33450000	33450000	33440000
69	34040000	33430000	33440000	33440000
70	34070000	33440000	33430000	33440000
71	34070000	33430000	33440000	33430000
72	34070000	33440000	33450000	33440000
73	34060000	33430000	33430000	33430000
74	34080000	33450000	33440000	33450000
75	34090000	33440000	33430000	33440000
76	34060000	33440000	33430000	33440000
77	34060000	33440000	33450000	33450000
78	34070000	33440000	33440000	33440000
79	34060000	33430000	33430000	33440000
80	34050000	33440000	33440000	33440000
81	34060000	33440000	33430000	33430000
82	34050000	33440000	33440000	33440000
83	34060000	33440000	33440000	33440000
84	34070000	33440000	33440000	33440000
85	34050000	33440000	33430000	33430000
86	34030000	33420000	33420000	33430000
87	34060000	33440000	33440000	33440000
88	34060000	33440000	33440000	33440000
89	34070000	33440000	33440000	33440000
90	34040000	33440000	33440000	33440000
91	34040000	33430000	33440000	33440000
92	34050000	33450000	33440000	33440000
93	34060000	33440000	33450000	33440000
94	34050000	33440000	33440000	33440000
95	34060000	33450000	33440000	33440000
96	34080000	33440000	33440000	33440000
97	34060000	33440000	33450000	33440000
98	34060000	33430000	33440000	33430000
99	34050000	33430000	33440000	33430000
100	34060000	33440000	33440000	33440000
101	34040000	33430000	33440000	33440000
102	34060000	33440000	33440000	33440000
103	34070000	33440000	33440000	33440000
104	34060000	33450000	33440000	33450000
105	34060000	33430000	33430000	33440000
106	34060000	33440000	33440000	33440000
107	34070000	33440000	33440000	33440000
108	34060000	33440000	33440000	33440000
109	34080000	33450000	33440000	33450000
110	34060000	33440000	33440000	33440000
111	34080000	33440000	33440000	33440000
112	34080000	33440000	33430000	33440000
113	34080000	33450000	33450000	33450000
114	34080000	33450000	33460000	33450000
115	34070000	33440000	33440000	33440000
116	34070000	33440000	33440000	33450000
117	34080000	33450000	33450000	33450000
118	34060000	33450000	33450000	33450000
119	34060000	33440000	33440000	33450000
120	34060000	33440000	33430000	33430000
121	34050000	33430000	33440000	33440000
122	34060000	33440000	33440000	33440000
123	34060000	33450000	33440000	33450000
124	34070000	33450000	33450000	33450000
125	34070000	33440000	33440000	33440000
126	34060000	33440000	33440000	33440000
127	34070000	33440000	33440000	33440000
128	34060000	33440000	33440000	33450000
129	34060000	33440000	33440000	33440000
130	34070000	33450000	33450000	33450000
131	34090000	33440000	33440000	33450000
132	34080000	33440000	33440000	33440000
133	34080000	33440000	33440000	33440000
134	34050000	33430000	33430000	33430000
135	34050000	33440000	33440000	33440000
136	34070000	33450000	33440000	33440000
137	34070000	33440000	33440000	33440000
138	34070000	33450000	33450000	33450000
139	34060000	33440000	33440000	33440000
140	34050000	33440000	33440000	33440000
141	34050000	33430000	33440000	33440000
142	34060000	33430000	33430000	33430000
143	34040000	33430000	33430000	33430000
144	34050000	33440000	33440000	33440000
145	34050000	33430000	33430000	33440000
146	34060000	33440000	33440000	33440000
147	34040000	33430000	33430000	33430000
148	34040000	33430000	33440000	33430000
149	34070000	33440000	33440000	33440000
150	34070000	33440000	33440000	33440000
151	34090000	33450000	33450000	33450000
152	34060000	33440000	33440000	33440000
153	34060000	33440000	33430000	33440000
154	34080000	33440000	33440000	33440000
155	34060000	33440000	33440000	33440000
156	34060000	33430000	33440000	33430000
157	34070000	33440000	33440000	33440000
158	34100000	33450000	33450000	33450000
159	34080000	33440000	33440000	33440000
160	34080000	33450000	33450000	33450000
161	34060000	33440000	33430000	33430000
162	34050000	33430000	33430000	33440000
163	34060000	33430000	33510000	33430000
164	34070000	33450000	33440000	33450000
165	34070000	33440000	33440000	33440000
166	34060000	33440000	33430000	33440000
167	34040000	33440000	33440000	33440000
168	34060000	33430000	33430000	33430000
169	34060000	33440000	33440000	33440000
170	34070000	33440000	33440000	33440000
171	34060000	33440000	33430000	33440000
172	34060000	33430000	33440000	33430000
173	34070000	33430000	33440000	33440000
174	34060000	33440000	33440000	33440000
175	34060000	33440000	33440000	33430000
176	34080000	33440000	33450000	33440000
177	34070000	33440000	33440000	33440000
178	34060000	33440000	33440000	33430000
179	34080000	33440000	33440000	33440000
180	34060000	33440000	33440000	33440000
181	34050000	33440000	33440000	33440000
182	34070000	33440000	33440000	33440000
183	34040000	33430000	33430000	33440000
184	34060000	33440000	33430000	33440000
185	34060000	33440000	33440000	33440000
186	34040000	33430000	33430000	33430000
187	34050000	33440000	33440000	33440000
188	34070000	33440000	33440000	33440000
189	34080000	33440000	33440000	33440000
190	34080000	33450000	33450000	33450000
191	34070000	33440000	33440000	33440000
192	34060000	33440000	33440000	33440000
193	34080000	33450000	33450000	33450000
194	34080000	33440000	33440000	33440000
195	34060000	33430000	33440000	33430000
196	34070000	33450000	33450000	33440000
197	34060000	33440000	33440000	33440000
198	34050000	33430000	33440000	33430000
199	34070000	33440000	33440000	33440000
200	34060000	33440000	33440000	33440000
201	34060000	33440000	33440000	33440000
202	34050000	33440000	33440000	33440000
203	34050000	33440000	33440000	33440000
204	34070000	33440000	33440000	33440000
205	34080000	33440000	33440000	33440000
206	34060000	33440000	33440000	33440000
207	34060000	33430000	33430000	33440000
208	34070000	33450000	33450000	33450000
209	34050000	33440000	33440000	33440000
210	34060000	33450000	33450000	33450000
211	34050000	33430000	33430000	33430000
212	34060000	33440000	33440000	33440000
213	34050000	33430000	33430000	33440000
214	34060000	33450000	33450000	33450000
215	34050000	33440000	33430000	33440000
216	34060000	33440000	33440000	33440000
217	34070000	33440000	33440000	33440000
218	34060000	33440000	33440000	33440000
219	34060000	33440000	33440000	33440000
220	34060000	33440000	33440000	33450000
221	34070000	33450000	33440000	33440000
222	34070000	33440000	33450000	33450000
223	34070000	33440000	33440000	33440000
224	34080000	33450000	33440000	33440000
225	34060000	33440000	33440000	33440000
226	34070000	33440000	33440000	33440000
227	34060000	33440000	33440000	33440000
228	34060000	33440000	33440000	33450000
229	34040000	33440000	33440000	33440000
230	34060000	33450000	33450000	33450000
231	34070000	33450000	33450000	33440000
232	34080000	33460000	33450000	33450000
233	34070000	33450000	33450000	33450000
234	34070000	33450000	33450000	33450000
235	34080000	33440000	33440000	33440000
236	34070000	33450000	33450000	33450000
237	34080000	33450000	33450000	33450000
238	34080000	33440000	33450000	33440000
239	34080000	33450000	33460000	33450000
240	34080000	33450000	33450000	33450000
241	34090000	33450000	33450000	33450000
242	34080000	33450000	33450000	33450000
243	34090000	33450000	33440000	33440000
244	34070000	33450000	33450000	33450000
245	34070000	33450000	33450000	33450000
246	34090000	33460000	33450000	33450000
247	34080000	33460000	33460000	33460000
248	34080000	33460000	33460000	33460000
249	34080000	33460000	33460000	33460000
250	34070000	33450000	33450000	33450000
251	34060000	33440000	33450000	33450000
252	34060000	33440000	33440000	33450000
253	34070000	33440000	33440000	33440000
254	34070000	33440000	33440000	33440000
255	34060000	33450000	33440000	33450000
256	34070000	33460000	33450000	33440000
257	34080000	33460000	33460000	33460000
258	34080000	33450000	33450000	33450000
259	34050000	33450000	33440000	33450000
260	34070000	33440000	33440000	33440000
261	34080000	33450000	33450000	33440000
262	34080000	33450000	33460000	33450000
263	34060000	33440000	33440000	33440000
264	34070000	33440000	33450000	33450000
265	34090000	33450000	33450000	33450000
266	34070000	33440000	33440000	33450000
267	34060000	33440000	33440000	33440000
268	34060000	33450000	33450000	33450000
269	34060000	33440000	33440000	33440000
270	34070000	33450000	33440000	33450000
271	34060000	33440000	33450000	33440000
272	34060000	33440000	33440000	33440000
273	34070000	33440000	33440000	33440000
274	34060000	33430000	33440000	33430000
275	34100000	33460000	33450000	33460000
276	34050000	33430000	33430000	33430000
277	34050000	33440000	33440000	33440000
278	34070000	33430000	33430000	33440000
279	34060000	33430000	33440000	33440000
280	34060000	33440000	33440000	33440000
281	34050000	33440000	33440000	33440000
282	34050000	33430000	33440000	33430000
283	34060000	33440000	33440000	33440000
284	34080000	33440000	33440000	33440000
285	34080000	33440000	33440000	33440000
286	34050000	33440000	33440000	33440000
287	34060000	33440000	33430000	33440000
288	34040000	33440000	33440000	33440000
289	34060000	33450000	33450000	33450000
290	34070000	33440000	33450000	33440000
291	34050000	33440000	33440000	33440000
292	34060000	33440000	33430000	33440000
293	34060000	33440000	33440000	33440000
294	34050000	33430000	33440000	33440000
295	34040000	33440000	33440000	33440000
296	34060000	33440000	33440000	33440000
297	34050000	33440000	33440000	33440000
298	34070000	33440000	33440000	33440000
299	34070000	33450000	33440000	33450000
300	34070000	33440000	33440000	33440000
301	34060000	33440000	33440000	33440000
302	34080000	33440000	33440000	33440000
303	34090000	33450000	33460000	33450000
304	34070000	33440000	33450000	33440000
305	34070000	33440000	33440000	33440000
306	34080000	33450000	33450000	33450000
307	34060000	33440000	33440000	33450000
308	34070000	33450000	33440000	33450000
309	34070000	33440000	33440000	33440000
310	34060000	33430000	33440000	33430000
311	34050000	33430000	33430000	33430000
312	34050000	33430000	33440000	33430000
313	34040000	33440000	33430000	33440000
314	34070000	33450000	33450000	33440000
315	34080000	33450000	33450000	33450000
316	34070000	33450000	33450000	33450000
317	34050000	33440000	33440000	33440000
318	34060000	33440000	33440000	33440000
319	34070000	33440000	33440000	33440000
320	34070000	33440000	33440000	33440000
321	34080000	33450000	33440000	33450000
322	34100000	33460000	33450000	33460000
323	34060000	33450000	33440000	33440000
324	34080000	33450000	33440000	33450000
325	34070000	33440000	33440000	33450000
326	34070000	33440000	33440000	33440000
327	34070000	33450000	33440000	33440000
328	34070000	33450000	33450000	33450000
329	34070000	33440000	33440000	33440000
330	34070000	33440000	33440000	33440000
331	34060000	33440000	33450000	33450000
332	34060000	33440000	33440000	33440000
333	34070000	33440000	33440000	33440000
334	34060000	33440000	33440000	33440000
335	34100000	33450000	33440000	33450000
336	34080000	33440000	33450000	33440000
337	34080000	33440000	33440000	33440000
338	34070000	33440000	33440000	33440000
339	34080000	33440000	33430000	33440000
340	34100000	33440000	33440000	33440000
341	34090000	33450000	33450000	33450000
342	34100000	33450000	33450000	33450000
343	34070000	33440000	33450000	33440000
344	34080000	33440000	33440000	33440000
345	34070000	33450000	33450000	33450000
346	34080000	33440000	33440000	33440000
347	34070000	33440000	33450000	33440000
348	34070000	33440000	33440000	33440000
349	34090000	33450000	33450000	33450000
350	34070000	33450000	33450000	33450000
351	34080000	33450000	33450000	33440000
352	34090000	33450000	33450000	33450000
353	34080000	33450000	33450000	33450000
354	34100000	33440000	33450000	33440000
355	34060000	33430000	33440000	33440000
356	34060000	33440000	33440000	33440000
357	34070000	33440000	33440000	33440000
358	34080000	33440000	33440000	33440000
359	34070000	33440000	33440000	33440000
360	34080000	33440000	33440000	33440000
361	34060000	33430000	33430000	33430000
362	34070000	33440000	33450000	33440000
363	34090000	33450000	33440000	33440000
364	34070000	33450000	33440000	33450000
365	34070000	33440000	33440000	33440000
366	34080000	33450000	33440000	33440000
367	34060000	33430000	33430000	33430000
368	34080000	33440000	33440000	33430000
369	34090000	33450000	33440000	33440000
370	34070000	33440000	33440000	33440000
371	34060000	33430000	33440000	33440000
372	34070000	33440000	33440000	33440000
373	34070000	33440000	33450000	33440000
374	34060000	33430000	33440000	33430000
375	34060000	33440000	33440000	33440000
376	34080000	33450000	33450000	33450000
377	34070000	33450000	33440000	33450000
378	34060000	33440000	33440000	33440000
379	34090000	33440000	33440000	33440000
380	34050000	33430000	33440000	33440000
381	34070000	33440000	33440000	33440000
382	34060000	33440000	33440000	33450000
383	34060000	33440000	33440000	33440000
384	34070000	33440000	33440000	33440000
385	34090000	33440000	33440000	33440000
386	34060000	33440000	33440000	33440000
387	34060000	33440000	33440000	33440000
388	34030000	33430000	33430000	33430000
389	34060000	33440000	33430000	33430000
390	34070000	33440000	33440000	33440000
391	34060000	33450000	33440000	33440000
392	34040000	33430000	33440000	33430000
393	34040000	33430000	33440000	33430000
394	34070000	33440000	33440000	33440000
395	34060000	33440000	33440000	33440000
396	34070000	33440000	33440000	33440000
397	34050000	33430000	33430000	33430000
398	34050000	33430000	33440000	33440000
399	34060000	33450000	33440000	33440000
400	34080000	33440000	33440000	33440000
401	34040000	33430000	33430000	33430000
402	34040000	33430000	33430000	33440000
403	34060000	33440000	33440000	33440000
404	34070000	33430000	33440000	33440000
405	34070000	33440000	33440000	33440000
406	34060000	33430000	33430000	33440000
407	34080000	33450000	33440000	33440000
408	34050000	33440000	33440000	33440000
409	34080000	33440000	33430000	33440000
410	34050000	33430000	33430000	33440000
411	34060000	33440000	33440000	33440000
412	34060000	33440000	33450000	33450000
413	34060000	33440000	33440000	33440000
414	34070000	33450000	33450000	33450000
415	34060000	33450000	33440000	33450000
416	34080000	33450000	33440000	33450000
417	34060000	33440000	33440000	33440000
418	34050000	33440000	33440000	33440000
419	34060000	33440000	33440000	33440000
420	34060000	33440000	33440000	33440000
421	34060000	33440000	33440000	33440000
422	34060000	33440000	33450000	33440000
423	34060000	33440000	33440000	33440000
424	34080000	33450000	33450000	33450000
425	34060000	33450000	33450000	33450000
426	34050000	33440000	33440000	33440000
427	34040000	33440000	33440000	33440000
428	34050000	33440000	33440000	33440000
429	34060000	33430000	33430000	33430000
430	34040000	33440000	33440000	33440000
431	34060000	33430000	33440000	33440000
432	34050000	33440000	33440000	33440000
433	34070000	33450000	33450000	33450000
434	34070000	33440000	33450000	33440000
435	34050000	33430000	33430000	33440000
436	34050000	33430000	33430000	33430000
437	34060000	33430000	33430000	33430000
438	34070000	33440000	33450000	33440000
439	34080000	33440000	33440000	33440000
440	34070000	33440000	33450000	33450000
441	34050000	33440000	33440000	33440000
442	34060000	33440000	33440000	33440000
443	34080000	33450000	33460000	33450000
444	34090000	33450000	33450000	33450000
445	34080000	33450000	33450000	33450000
446	34100000	33460000	33460000	33460000
447	34070000	33440000	33440000	33440000
448	34090000	33460000	33450000	33460000
449	34080000	33450000	33450000	33450000
450	34080000	33440000	33440000	33450000
451	34090000	33450000	33450000	33450000
452	34070000	33450000	33450000	33450000
453	34050000	33430000	33440000	33440000
454	34050000	33440000	33440000	33440000
455	34080000	33450000	33450000	33450000
456	34060000	33440000	33450000	33440000
457	34060000	33440000	33440000	33440000
458	34080000	33440000	33440000	33450000
459	34050000	33430000	33440000	33440000
460	34050000	33430000	33430000	33430000
461	34080000	33450000	33450000	33450000
462	34060000	33430000	33440000	33430000
463	34050000	33450000	33450000	33450000
464	34060000	33450000	33450000	33440000
465	34050000	33440000	33440000	33440000
466	34090000	33460000	33460000	33460000
467	34080000	33450000	33450000	33450000
468	34070000	33440000	33430000	33440000
469	34080000	33450000	33450000	33440000
470	34070000	33440000	33440000	33440000
471	34080000	33450000	33440000	33450000
472	34070000	33430000	33430000	33440000
473	34070000	33440000	33450000	33450000
474	34070000	33440000	33440000	33440000
475	34080000	33450000	33450000	33450000
476	34070000	33450000	33440000	33450000
477	34070000	33450000	33450000	33450000
478	34070000	33440000	33440000	33440000
479	34060000	33440000	33440000	33440000
480	34050000	33430000	33440000	33440000
481	34070000	33440000	33440000	33430000
482	34050000	33440000	33440000	33440000
483	34090000	33450000	33450000	33450000
484	34070000	33440000	33440000	33440000
485	34090000	33450000	33440000	33440000
486	34060000	33440000	33440000	33440000
487	34060000	33440000	33440000	33440000
488	34070000	33440000	33440000	33450000
489	34060000	33440000	33440000	33440000
490	34090000	33460000	33450000	33460000
491	34070000	33440000	33450000	33440000
492	34070000	33450000	33450000	33450000
493	34060000	33440000	33450000	33450000
494	34060000	33440000	33440000	33440000
495	34060000	33440000	33440000	33440000
496	34080000	33450000	33440000	33450000
497	34070000	33440000	33440000	33440000
498	34070000	33440000	33440000	33440000
499	34070000	33450000	33440000	33450000

============================================================
# BITSTREAM: 100us_51etapas.bit
# VENTANA: 100us
# ETAPAS_PRINCIPAL: 51
# NUM_MUESTRAS: 500
# FORMATO: idx	freq1_hz	freq2_hz	freq3_hz	freq4_hz
============================================================
idx	freq1_hz	freq2_hz	freq3_hz	freq4_hz
0	980000	31480000	31480000	28820000
1	27980000	31490000	31490000	28810000
2	27980000	31480000	31480000	28830000
3	27980000	31480000	31480000	28820000
4	27980000	31480000	31480000	28840000
5	27990000	31480000	31480000	28820000
6	27990000	31480000	31480000	28820000
7	27980000	31480000	31480000	28820000
8	27990000	31480000	31480000	28820000
9	27980000	31480000	31480000	28820000
10	27970000	31470000	31470000	28850000
11	27970000	31470000	31480000	28830000
12	27980000	31480000	31480000	28820000
13	27980000	31480000	31480000	28830000
14	27990000	31480000	31480000	28820000
15	27990000	31480000	31480000	28820000
16	27990000	31480000	31490000	28830000
17	27980000	31480000	31480000	28820000
18	27980000	31480000	31480000	28830000
19	27980000	31490000	31490000	28820000
20	27980000	31490000	31480000	28820000
21	27990000	31480000	31490000	28820000
22	27990000	31480000	31480000	28830000
23	27990000	31480000	31480000	28830000
24	27990000	31490000	31490000	28820000
25	27980000	31480000	31480000	28830000
26	27990000	31480000	31480000	28820000
27	28000000	31500000	31500000	28820000
28	27990000	31490000	31490000	28820000
29	27980000	31480000	31480000	28820000
30	27980000	31480000	31480000	28830000
31	27990000	31480000	31480000	28820000
32	28000000	31490000	31490000	28830000
33	27990000	31490000	31480000	28820000
34	27990000	31490000	31490000	28820000
35	27990000	31490000	31480000	28820000
36	27990000	31480000	31480000	28810000
37	27980000	31490000	31490000	28830000
38	27980000	31480000	31480000	28820000
39	27990000	31490000	31490000	28830000
40	27980000	31480000	31480000	28830000
41	27990000	31490000	31490000	28830000
42	27980000	31490000	31490000	28820000
43	27980000	31490000	31490000	28830000
44	27990000	31490000	31490000	28820000
45	27990000	31490000	31490000	28820000
46	27990000	31490000	31490000	28820000
47	27980000	31480000	31470000	28810000
48	27980000	31480000	31480000	28820000
49	27970000	31480000	31480000	28820000
50	27970000	31470000	31470000	28810000
51	27970000	31470000	31470000	28820000
52	27980000	31440000	31470000	28820000
53	27980000	31480000	31480000	28820000
54	27990000	31480000	31490000	28820000
55	27980000	31480000	31480000	28820000
56	27980000	31470000	31480000	28830000
57	27980000	31480000	31480000	28820000
58	27980000	31480000	31480000	28830000
59	27970000	31460000	31460000	28840000
60	27990000	31480000	31480000	28820000
61	27970000	31460000	31460000	28830000
62	27980000	31480000	31480000	28820000
63	27970000	31470000	31470000	28840000
64	27980000	31480000	31480000	28810000
65	27980000	31470000	31490000	28820000
66	27980000	31480000	31480000	28820000
67	27990000	31480000	31480000	28820000
68	27980000	31490000	31490000	28820000
69	27990000	31490000	31490000	28820000
70	27980000	31480000	31480000	28820000
71	27980000	31490000	31490000	28810000
72	27980000	31480000	31480000	28810000
73	27990000	31490000	31490000	28820000
74	27980000	31480000	31480000	28820000
75	27980000	31480000	31480000	28810000
76	27980000	31470000	31480000	28820000
77	27970000	31480000	31480000	28820000
78	27970000	31470000	31470000	28820000
79	27980000	31480000	31480000	28830000
80	27980000	31470000	31480000	28820000
81	27960000	31460000	31460000	28840000
82	27970000	31480000	31480000	28830000
83	27990000	31480000	31480000	28830000
84	27980000	31490000	31480000	28820000
85	27980000	31470000	31480000	28810000
86	27980000	31480000	31480000	28820000
87	27980000	31470000	31470000	28820000
88	27970000	31470000	31470000	28850000
89	27980000	31480000	31480000	28820000
90	27980000	31480000	31480000	28820000
91	27980000	31480000	31480000	28820000
92	27980000	31480000	31480000	28820000
93	27980000	31490000	31490000	28820000
94	27980000	31480000	31490000	28820000
95	27990000	31490000	31490000	28820000
96	27990000	31490000	31490000	28830000
97	27990000	31490000	31490000	28820000
98	27980000	31480000	31480000	28820000
99	27980000	31490000	31490000	28820000
100	27990000	31480000	31480000	28820000
101	27980000	31480000	31480000	28810000
102	27980000	31480000	31480000	28810000
103	27980000	31480000	31480000	28810000
104	27990000	31480000	31480000	28820000
105	27980000	31480000	31480000	28830000
106	27980000	31480000	31480000	28810000
107	27970000	31480000	31480000	28810000
108	27990000	31480000	31480000	28820000
109	27980000	31480000	31480000	28830000
110	27980000	31480000	31480000	28830000
111	27980000	31480000	31490000	28810000
112	27990000	31490000	31490000	28810000
113	27980000	31490000	31490000	28820000
114	27990000	31480000	31480000	28810000
115	27980000	31480000	31480000	28830000
116	27990000	31490000	31480000	28810000
117	27980000	31490000	31490000	28820000
118	27980000	31480000	31480000	28820000
119	27980000	31480000	31480000	28820000
120	27980000	31480000	31480000	28820000
121	27960000	31470000	31460000	28840000
122	27980000	31480000	31480000	28810000
123	27980000	31480000	31480000	28820000
124	27960000	31460000	31460000	28840000
125	27980000	31490000	31480000	28820000
126	27970000	31460000	31460000	28840000
127	27970000	31470000	31460000	28830000
128	27980000	31480000	31480000	28820000
129	27980000	31470000	31470000	28830000
130	27990000	31490000	31490000	28830000
131	27980000	31470000	31470000	28820000
132	27990000	31480000	31480000	28830000
133	27990000	31480000	31490000	28810000
134	27980000	31490000	31490000	28820000
135	27990000	31490000	31480000	28810000
136	27990000	31490000	31490000	28820000
137	27980000	31480000	31480000	28820000
138	27980000	31480000	31480000	28810000
139	27970000	31470000	31470000	28840000
140	27990000	31480000	31490000	28820000
141	27970000	31470000	31470000	28830000
142	27980000	31470000	31470000	28810000
143	27970000	31470000	31490000	28820000
144	27970000	31470000	31470000	28830000
145	27990000	31480000	31480000	28810000
146	27970000	31480000	31480000	28840000
147	27980000	31470000	31470000	28810000
148	27980000	31480000	31460000	28820000
149	27970000	31480000	31480000	28820000
150	27970000	31460000	31460000	28840000
151	27990000	31480000	31480000	28820000
152	27980000	31470000	31470000	28830000
153	27980000	31480000	31480000	28820000
154	27980000	31470000	31480000	28810000
155	27970000	31470000	31470000	28820000
156	27980000	31480000	31470000	28820000
157	27980000	31470000	31480000	28820000
158	27980000	31480000	31480000	28820000
159	27970000	31470000	31470000	28820000
160	27970000	31480000	31480000	28830000
161	27980000	31470000	31470000	28820000
162	27970000	31470000	31470000	28830000
163	27960000	31460000	31460000	28830000
164	27980000	31470000	31470000	28820000
165	27980000	31470000	31470000	28820000
166	27980000	31470000	31470000	28820000
167	27970000	31470000	31490000	28810000
168	27980000	31480000	31480000	28810000
169	27970000	31480000	31480000	28820000
170	27980000	31480000	31480000	28830000
171	27970000	31470000	31470000	28830000
172	27970000	31470000	31470000	28850000
173	27980000	31480000	31480000	28820000
174	27980000	31480000	31480000	28820000
175	27970000	31460000	31460000	28810000
176	27980000	31480000	31480000	28820000
177	27980000	31480000	31480000	28820000
178	27960000	31460000	31460000	28840000
179	27980000	31470000	31470000	28810000
180	27980000	31480000	31480000	28810000
181	27980000	31470000	31470000	28840000
182	27980000	31470000	31470000	28820000
183	27970000	31460000	31460000	28830000
184	27970000	31460000	31460000	28830000
185	27980000	31480000	31480000	28820000
186	27980000	31480000	31480000	28810000
187	27970000	31480000	31480000	28830000
188	27970000	31460000	31460000	28840000
189	27980000	31470000	31470000	28820000
190	27970000	31470000	31450000	28840000
191	27980000	31480000	31480000	28820000
192	27980000	31480000	31480000	28820000
193	27980000	31480000	31480000	28810000
194	27980000	31480000	31480000	28820000
195	27970000	31470000	31470000	28820000
196	27970000	31480000	31480000	28830000
197	27960000	31460000	31460000	28830000
198	27980000	31480000	31480000	28820000
199	27980000	31490000	31490000	28820000
200	27980000	31490000	31480000	28820000
201	27980000	31470000	31480000	28820000
202	27980000	31470000	31480000	28820000
203	27970000	31470000	31470000	28820000
204	27960000	31460000	31460000	28810000
205	27970000	31460000	31460000	28840000
206	27970000	31460000	31460000	28840000
207	27960000	31460000	31460000	28830000
208	27980000	31480000	31480000	28810000
209	27980000	31490000	31490000	28810000
210	27980000	31470000	31470000	28820000
211	27980000	31480000	31480000	28820000
212	27980000	31470000	31470000	28830000
213	27980000	31480000	31480000	28820000
214	27990000	31490000	31480000	28820000
215	27980000	31480000	31480000	28820000
216	27980000	31480000	31480000	28820000
217	27980000	31480000	31480000	28820000
218	27990000	31490000	31480000	28820000
219	27980000	31490000	31490000	28820000
220	27990000	31490000	31490000	28820000
221	27990000	31490000	31490000	28820000
222	27980000	31490000	31490000	28810000
223	27970000	31470000	31470000	28850000
224	27990000	31490000	31490000	28820000
225	27970000	31470000	31470000	28850000
226	27980000	31490000	31490000	28820000
227	28000000	31490000	31490000	28820000
228	27980000	31480000	31490000	28820000
229	27990000	31490000	31490000	28820000
230	27980000	31480000	31480000	28820000
231	27980000	31480000	31480000	28820000
232	27990000	31480000	31490000	28820000
233	27990000	31490000	31490000	28820000
234	27990000	31480000	31490000	28830000
235	27980000	31480000	31480000	28820000
236	27990000	31480000	31490000	28820000
237	27970000	31480000	31480000	28820000
238	27990000	31480000	31480000	28820000
239	27980000	31480000	31480000	28830000
240	27990000	31480000	31480000	28830000
241	27980000	31480000	31480000	28830000
242	27970000	31480000	31480000	28830000
243	27970000	31470000	31470000	28840000
244	27980000	31470000	31470000	28820000
245	27980000	31480000	31480000	28820000
246	27980000	31480000	31480000	28820000
247	27980000	31470000	31470000	28850000
248	27970000	31460000	31460000	28840000
249	27980000	31490000	31480000	28830000
250	27980000	31480000	31480000	28820000
251	27980000	31490000	31480000	28820000
252	27990000	31490000	31480000	28820000
253	27990000	31480000	31480000	28830000
254	27990000	31480000	31480000	28820000
255	27980000	31480000	31480000	28830000
256	27980000	31480000	31480000	28820000
257	27970000	31480000	31480000	28840000
258	27980000	31480000	31480000	28830000
259	27980000	31480000	31490000	28820000
260	27990000	31480000	31480000	28820000
261	27990000	31480000	31480000	28820000
262	27970000	31470000	31470000	28840000
263	27980000	31490000	31480000	28820000
264	27970000	31470000	31460000	28840000
265	27990000	31490000	31480000	28820000
266	27970000	31460000	31460000	28840000
267	27990000	31480000	31480000	28820000
268	27980000	31470000	31480000	28810000
269	27980000	31480000	31480000	28830000
270	27980000	31480000	31480000	28820000
271	27970000	31480000	31480000	28820000
272	27980000	31470000	31470000	28830000
273	27980000	31470000	31470000	28820000
274	27990000	31480000	31490000	28820000
275	27980000	31480000	31480000	28820000
276	27980000	31480000	31480000	28820000
277	27980000	31480000	31490000	28820000
278	27980000	31490000	31490000	28820000
279	27980000	31470000	31470000	28830000
280	27980000	31480000	31480000	28830000
281	27980000	31470000	31480000	28820000
282	27980000	31480000	31480000	28810000
283	27980000	31480000	31480000	28820000
284	27980000	31480000	31480000	28820000
285	27980000	31480000	31480000	28830000
286	27990000	31480000	31490000	28820000
287	27990000	31490000	31490000	28830000
288	27990000	31490000	31490000	28830000
289	27980000	31490000	31480000	28820000
290	27970000	31470000	31470000	28840000
291	27980000	31480000	31480000	28820000
292	27980000	31470000	31470000	28820000
293	27980000	31480000	31480000	28820000
294	27980000	31480000	31470000	28820000
295	27990000	31480000	31480000	28820000
296	27980000	31480000	31480000	28830000
297	27980000	31490000	31480000	28830000
298	27980000	31480000	31480000	28820000
299	27990000	31490000	31480000	28820000
300	27990000	31480000	31480000	28820000
301	27980000	31480000	31480000	28820000
302	27990000	31480000	31480000	28820000
303	27990000	31480000	31480000	28820000
304	27990000	31480000	31480000	28830000
305	27990000	31480000	31490000	28820000
306	27990000	31480000	31490000	28820000
307	27990000	31490000	31480000	28820000
308	27980000	31480000	31480000	28830000
309	27980000	31470000	31470000	28830000
310	27980000	31480000	31470000	28840000
311	27990000	31490000	31490000	28830000
312	27980000	31480000	31480000	28820000
313	27990000	31490000	31480000	28830000
314	27990000	31480000	31480000	28820000
315	27980000	31490000	31490000	28840000
316	27990000	31480000	31480000	28830000
317	27990000	31490000	31490000	28820000
318	27990000	31490000	31490000	28820000
319	27980000	31480000	31480000	28820000
320	27960000	31460000	31460000	28840000
321	27980000	31490000	31490000	28820000
322	27980000	31480000	31490000	28820000
323	27990000	31490000	31490000	28820000
324	27990000	31490000	31490000	28820000
325	27990000	31490000	31490000	28830000
326	27990000	31490000	31500000	28830000
327	27990000	31490000	31490000	28830000
328	27990000	31480000	31490000	28820000
329	27990000	31480000	31480000	28830000
330	27980000	31480000	31480000	28830000
331	27990000	31490000	31490000	28820000
332	27990000	31490000	31490000	28830000
333	27990000	31490000	31490000	28830000
334	27990000	31500000	31490000	28820000
335	27970000	31480000	31480000	28840000
336	27990000	31490000	31490000	28820000
337	27980000	31480000	31480000	28820000
338	27980000	31480000	31480000	28820000
339	27980000	31480000	31480000	28830000
340	27980000	31490000	31490000	28830000
341	27980000	31490000	31490000	28810000
342	27980000	31480000	31480000	28810000
343	27990000	31490000	31490000	28830000
344	27990000	31490000	31490000	28830000
345	27980000	31480000	31480000	28840000
346	27990000	31490000	31490000	28830000
347	27980000	31480000	31480000	28820000
348	27980000	31480000	31480000	28820000
349	27990000	31480000	31480000	28820000
350	27980000	31490000	31490000	28830000
351	27970000	31470000	31470000	28840000
352	27990000	31490000	31490000	28830000
353	27990000	31490000	31490000	28830000
354	27980000	31480000	31480000	28820000
355	27990000	31490000	31490000	28830000
356	27990000	31490000	31480000	28820000
357	27990000	31490000	31490000	28820000
358	27980000	31480000	31480000	28820000
359	27980000	31480000	31480000	28820000
360	27980000	31480000	31480000	28810000
361	27970000	31470000	31470000	28840000
362	27980000	31480000	31480000	28830000
363	27990000	31490000	31490000	28820000
364	27970000	31470000	31470000	28840000
365	27980000	31480000	31480000	28820000
366	27970000	31460000	31460000	28840000
367	27990000	31490000	31490000	28820000
368	27980000	31480000	31480000	28820000
369	27990000	31490000	31490000	28820000
370	27990000	31490000	31490000	28820000
371	27970000	31470000	31470000	28830000
372	27980000	31480000	31480000	28830000
373	27990000	31490000	31490000	28820000
374	27980000	31490000	31480000	28820000
375	27980000	31480000	31480000	28810000
376	27980000	31480000	31480000	28820000
377	27970000	31470000	31470000	28840000
378	27980000	31480000	31480000	28820000
379	27990000	31480000	31480000	28820000
380	27990000	31480000	31490000	28810000
381	27980000	31490000	31490000	28820000
382	27980000	31470000	31470000	28820000
383	27980000	31490000	31490000	28820000
384	27990000	31490000	31490000	28820000
385	27980000	31480000	31480000	28810000
386	27980000	31490000	31490000	28830000
387	27980000	31480000	31480000	28810000
388	27980000	31470000	31470000	28820000
389	27990000	31480000	31480000	28820000
390	27980000	31480000	31480000	28840000
391	27980000	31480000	31480000	28820000
392	27990000	31480000	31480000	28830000
393	27980000	31490000	31480000	28820000
394	27980000	31480000	31480000	28820000
395	27990000	31490000	31490000	28820000
396	27980000	31480000	31480000	28820000
397	27980000	31480000	31480000	28820000
398	27980000	31480000	31480000	28820000
399	27980000	31480000	31480000	28820000
400	27990000	31480000	31480000	28830000
401	27980000	31480000	31480000	28840000
402	27980000	31480000	31480000	28820000
403	27970000	31460000	31460000	28830000
404	27990000	31490000	31480000	28830000
405	27970000	31470000	31460000	28840000
406	27980000	31480000	31480000	28830000
407	27990000	31500000	31490000	28830000
408	27990000	31490000	31490000	28820000
409	27990000	31490000	31490000	28820000
410	27990000	31500000	31500000	28830000
411	27980000	31490000	31490000	28810000
412	27980000	31480000	31480000	28820000
413	27980000	31480000	31490000	28820000
414	27970000	31480000	31480000	28830000
415	27990000	31490000	31490000	28830000
416	27990000	31490000	31490000	28820000
417	27990000	31480000	31490000	28810000
418	27970000	31470000	31470000	28830000
419	27970000	31470000	31470000	28810000
420	27980000	31490000	31480000	28820000
421	27980000	31470000	31480000	28840000
422	27980000	31480000	31480000	28820000
423	27980000	31480000	31480000	28810000
424	27980000	31490000	31490000	28820000
425	27980000	31480000	31480000	28810000
426	27980000	31470000	31470000	28830000
427	27990000	31490000	31490000	28810000
428	27980000	31480000	31480000	28820000
429	27980000	31490000	31480000	28820000
430	27990000	31480000	31480000	28820000
431	27990000	31480000	31490000	28820000
432	27990000	31490000	31490000	28820000
433	27980000	31480000	31480000	28830000
434	27980000	31480000	31480000	28820000
435	27990000	31490000	31490000	28830000
436	27990000	31490000	31490000	28820000
437	27980000	31480000	31480000	28820000
438	27980000	31480000	31480000	28820000
439	27990000	31490000	31490000	28820000
440	27970000	31470000	31470000	28830000
441	27980000	31480000	31480000	28830000
442	27990000	31480000	31480000	28820000
443	27990000	31490000	31490000	28830000
444	27990000	31490000	31490000	28820000
445	27980000	31480000	31480000	28820000
446	27990000	31490000	31490000	28820000
447	27980000	31490000	31490000	28810000
448	27990000	31490000	31490000	28830000
449	27990000	31490000	31490000	28820000
450	27990000	31480000	31480000	28820000
451	27990000	31480000	31480000	28820000
452	27990000	31490000	31490000	28820000
453	27980000	31490000	31480000	28830000
454	27990000	31500000	31490000	28830000
455	27990000	31490000	31490000	28820000
456	27980000	31480000	31480000	28830000
457	27980000	31480000	31480000	28830000
458	27970000	31460000	31460000	28840000
459	27980000	31490000	31490000	28820000
460	27970000	31480000	31470000	28830000
461	27990000	31490000	31490000	28820000
462	27990000	31490000	31490000	28810000
463	27980000	31480000	31480000	28820000
464	27990000	31490000	31490000	28820000
465	27990000	31490000	31490000	28820000
466	27990000	31480000	31480000	28810000
467	27980000	31480000	31490000	28830000
468	27980000	31480000	31480000	28820000
469	27980000	31480000	31480000	28820000
470	27980000	31480000	31480000	28830000
471	27990000	31490000	31490000	28820000
472	27980000	31490000	31490000	28820000
473	27990000	31490000	31490000	28820000
474	27980000	31490000	31480000	28810000
475	27970000	31480000	31470000	28820000
476	27980000	31490000	31480000	28820000
477	27990000	31490000	31490000	28820000
478	27990000	31490000	31490000	28830000
479	27990000	31490000	31490000	28820000
480	27970000	31470000	31470000	28850000
481	27980000	31490000	31480000	28820000
482	27980000	31480000	31480000	28830000
483	27980000	31470000	31480000	28820000
484	27980000	31470000	31480000	28810000
485	27970000	31450000	31470000	28820000
486	27960000	31470000	31470000	28830000
487	27990000	31490000	31490000	28820000
488	27980000	31480000	31480000	28820000
489	27980000	31490000	31480000	28820000
490	27980000	31480000	31480000	28810000
491	27990000	31490000	31490000	28820000
492	27990000	31490000	31490000	28830000
493	27980000	31490000	31490000	28830000
494	27980000	31470000	31470000	28820000
495	27970000	31480000	31480000	28840000
496	27990000	31490000	31490000	28830000
497	27990000	31480000	31480000	28830000
498	27990000	31480000	31490000	28820000
499	27960000	31460000	31460000	28840000

============================================================
# BITSTREAM: 100us_101etapas.bit
# VENTANA: 100us
# ETAPAS_PRINCIPAL: 101
# NUM_MUESTRAS: 500
# FORMATO: idx	freq1_hz	freq2_hz	freq3_hz	freq4_hz
============================================================
idx	freq1_hz	freq2_hz	freq3_hz	freq4_hz
0	0	9740000	8800000	8800000
1	8200000	9730000	8750000	8740000
2	8200000	9720000	8740000	8740000
3	8200000	9720000	8740000	8730000
4	8200000	9700000	8730000	8730000
5	8200000	9700000	8720000	8730000
6	8200000	9690000	8720000	8730000
7	8190000	9690000	8720000	8720000
8	8200000	9680000	8720000	8720000
9	8200000	9680000	8710000	8720000
10	8200000	9680000	8710000	8720000
11	8200000	9690000	8720000	8720000
12	8200000	9700000	8720000	8730000
13	8200000	9710000	8730000	8740000
14	8200000	9730000	8740000	8750000
15	8200000	9740000	8770000	8780000
16	8210000	9750000	8870000	8870000
17	8200000	9750000	8840000	8890000
18	8210000	9760000	8840000	8890000
19	8200000	9750000	8840000	8890000
20	8200000	9750000	8840000	8890000
21	8200000	9750000	8840000	8890000
22	8200000	9760000	8840000	8880000
23	8200000	9760000	8840000	8880000
24	8200000	9750000	8840000	8890000
25	8200000	9750000	8840000	8880000
26	8200000	9750000	8840000	8890000
27	8200000	9750000	8840000	8880000
28	8200000	9760000	8840000	8880000
29	8200000	9750000	8840000	8890000
30	8200000	9750000	8840000	8890000
31	8200000	9760000	8840000	8880000
32	8200000	9750000	8840000	8900000
33	8200000	9750000	8840000	8880000
34	8200000	9750000	8840000	8890000
35	8200000	9750000	8840000	8890000
36	8200000	9750000	8840000	8880000
37	8200000	9760000	8840000	8890000
38	8200000	9750000	8840000	8890000
39	8200000	9750000	8840000	8890000
40	8200000	9750000	8840000	8880000
41	8200000	9750000	8840000	8880000
42	8200000	9760000	8850000	8890000
43	8200000	9750000	8840000	8880000
44	8210000	9760000	8850000	8890000
45	8210000	9750000	8840000	8880000
46	8200000	9760000	8840000	8890000
47	8210000	9760000	8840000	8890000
48	8210000	9750000	8850000	8890000
49	8210000	9740000	8830000	8830000
50	8200000	9750000	8830000	8830000
51	8200000	9750000	8830000	8830000
52	8200000	9750000	8810000	8810000
53	8200000	9740000	8800000	8800000
54	8200000	9740000	8800000	8800000
55	8200000	9740000	8800000	8800000
56	8200000	9740000	8790000	8790000
57	8200000	9730000	8790000	8790000
58	8200000	9730000	8790000	8790000
59	8200000	9730000	8790000	8800000
60	8200000	9730000	8790000	8790000
61	8200000	9740000	8790000	8790000
62	8200000	9730000	8790000	8790000
63	8190000	9730000	8790000	8790000
64	8200000	9730000	8790000	8790000
65	8200000	9730000	8800000	8800000
66	8200000	9740000	8810000	8810000
67	8200000	9740000	8830000	8830000
68	8200000	9750000	8850000	8840000
69	8200000	9740000	8830000	8880000
70	8210000	9750000	8840000	8880000
71	8210000	9750000	8840000	8890000
72	8210000	9750000	8840000	8880000
73	8200000	9760000	8840000	8890000
74	8210000	9750000	8840000	8890000
75	8200000	9750000	8840000	8890000
76	8210000	9750000	8830000	8880000
77	8200000	9750000	8840000	8890000
78	8200000	9750000	8840000	8890000
79	8210000	9750000	8850000	8890000
80	8200000	9760000	8840000	8880000
81	8200000	9750000	8840000	8890000
82	8200000	9760000	8840000	8880000
83	8200000	9750000	8840000	8890000
84	8210000	9760000	8840000	8880000
85	8200000	9750000	8840000	8890000
86	8210000	9750000	8840000	8880000
87	8200000	9760000	8840000	8880000
88	8210000	9750000	8840000	8830000
89	8200000	9740000	8860000	8860000
90	8200000	9750000	8880000	8880000
91	8200000	9750000	8850000	8860000
92	8200000	9740000	8850000	8840000
93	8200000	9740000	8850000	8850000
94	8200000	9750000	8830000	8830000
95	8200000	9740000	8840000	8840000
96	8200000	9740000	8860000	8860000
97	8200000	9740000	8870000	8870000
98	8210000	9750000	8880000	8880000
99	8200000	9750000	8870000	8870000
100	8210000	9750000	8830000	8880000
101	8210000	9760000	8850000	8890000
102	8200000	9750000	8830000	8880000
103	8200000	9750000	8840000	8890000
104	8200000	9750000	8840000	8890000
105	8200000	9750000	8840000	8880000
106	8200000	9760000	8840000	8880000
107	8200000	9750000	8840000	8890000
108	8200000	9750000	8850000	8890000
109	8200000	9750000	8840000	8880000
110	8210000	9750000	8840000	8890000
111	8200000	9750000	8840000	8880000
112	8200000	9750000	8840000	8890000
113	8200000	9750000	8840000	8890000
114	8210000	9750000	8850000	8880000
115	8200000	9750000	8840000	8890000
116	8210000	9750000	8840000	8890000
117	8210000	9760000	8830000	8880000
118	8210000	9750000	8840000	8890000
119	8200000	9760000	8840000	8890000
120	8200000	9760000	8840000	8890000
121	8210000	9750000	8840000	8880000
122	8200000	9760000	8850000	8890000
123	8210000	9760000	8850000	8890000
124	8200000	9760000	8840000	8880000
125	8210000	9760000	8840000	8890000
126	8210000	9750000	8840000	8890000
127	8200000	9750000	8840000	8890000
128	8200000	9750000	8840000	8890000
129	8200000	9750000	8840000	8880000
130	8210000	9760000	8850000	8890000
131	8200000	9750000	8840000	8890000
132	8210000	9750000	8840000	8890000
133	8200000	9750000	8840000	8890000
134	8210000	9750000	8840000	8890000
135	8210000	9750000	8840000	8890000
136	8210000	9750000	8850000	8890000
137	8200000	9760000	8850000	8880000
138	8200000	9750000	8840000	8880000
139	8200000	9760000	8830000	8880000
140	8210000	9750000	8830000	8880000
141	8210000	9750000	8840000	8890000
142	8210000	9750000	8840000	8880000
143	8210000	9760000	8840000	8890000
144	8200000	9750000	8840000	8890000
145	8210000	9750000	8840000	8890000
146	8200000	9750000	8840000	8890000
147	8200000	9750000	8840000	8880000
148	8200000	9750000	8840000	8890000
149	8200000	9750000	8840000	8890000
150	8200000	9760000	8840000	8890000
151	8210000	9750000	8840000	8890000
152	8200000	9750000	8840000	8890000
153	8210000	9750000	8840000	8890000
154	8200000	9760000	8840000	8890000
155	8210000	9760000	8840000	8880000
156	8200000	9750000	8840000	8880000
157	8210000	9750000	8840000	8890000
158	8200000	9760000	8840000	8880000
159	8210000	9750000	8850000	8890000
160	8210000	9760000	8840000	8890000
161	8210000	9750000	8840000	8890000
162	8210000	9750000	8840000	8880000
163	8210000	9750000	8850000	8890000
164	8210000	9750000	8840000	8880000
165	8210000	9760000	8840000	8890000
166	8210000	9750000	8840000	8880000
167	8200000	9760000	8840000	8890000
168	8210000	9750000	8830000	8880000
169	8210000	9750000	8840000	8880000
170	8200000	9750000	8840000	8890000
171	8200000	9750000	8830000	8880000
172	8200000	9760000	8850000	8880000
173	8200000	9750000	8850000	8880000
174	8200000	9760000	8840000	8880000
175	8200000	9760000	8840000	8890000
176	8210000	9750000	8840000	8890000
177	8210000	9760000	8840000	8890000
178	8200000	9750000	8840000	8880000
179	8210000	9750000	8840000	8890000
180	8200000	9750000	8840000	8880000
181	8210000	9750000	8840000	8880000
182	8200000	9750000	8850000	8890000
183	8200000	9750000	8840000	8890000
184	8210000	9750000	8840000	8890000
185	8200000	9750000	8840000	8890000
186	8200000	9750000	8850000	8890000
187	8210000	9760000	8840000	8890000
188	8200000	9760000	8840000	8880000
189	8200000	9760000	8840000	8890000
190	8210000	9750000	8840000	8890000
191	8210000	9760000	8840000	8890000
192	8210000	9760000	8840000	8890000
193	8200000	9750000	8840000	8890000
194	8210000	9760000	8840000	8890000
195	8200000	9750000	8850000	8890000
196	8210000	9760000	8840000	8890000
197	8200000	9750000	8840000	8890000
198	8210000	9760000	8840000	8890000
199	8200000	9760000	8840000	8890000
200	8210000	9750000	8840000	8880000
201	8210000	9750000	8840000	8880000
202	8200000	9760000	8830000	8880000
203	8200000	9750000	8840000	8880000
204	8200000	9750000	8840000	8890000
205	8210000	9750000	8840000	8890000
206	8200000	9750000	8840000	8880000
207	8210000	9760000	8840000	8890000
208	8210000	9760000	8840000	8890000
209	8200000	9760000	8840000	8900000
210	8210000	9760000	8840000	8890000
211	8210000	9760000	8840000	8890000
212	8210000	9750000	8840000	8890000
213	8200000	9760000	8850000	8880000
214	8200000	9760000	8850000	8890000
215	8210000	9760000	8840000	8890000
216	8210000	9750000	8840000	8880000
217	8200000	9760000	8840000	8890000
218	8210000	9760000	8840000	8890000
219	8210000	9750000	8840000	8890000
220	8210000	9750000	8850000	8890000
221	8200000	9750000	8840000	8880000
222	8210000	9750000	8840000	8890000
223	8210000	9750000	8840000	8890000
224	8200000	9750000	8840000	8890000
225	8210000	9750000	8840000	8880000
226	8210000	9750000	8850000	8890000
227	8200000	9760000	8840000	8890000
228	8210000	9750000	8840000	8890000
229	8210000	9750000	8840000	8890000
230	8200000	9760000	8840000	8890000
231	8210000	9750000	8840000	8890000
232	8200000	9750000	8840000	8890000
233	8200000	9750000	8850000	8890000
234	8210000	9760000	8840000	8890000
235	8200000	9750000	8850000	8890000
236	8200000	9760000	8840000	8880000
237	8210000	9760000	8840000	8880000
238	8200000	9750000	8840000	8890000
239	8210000	9760000	8840000	8890000
240	8210000	9760000	8840000	8890000
241	8210000	9750000	8840000	8880000
242	8200000	9760000	8840000	8890000
243	8210000	9760000	8850000	8880000
244	8200000	9760000	8840000	8890000
245	8200000	9750000	8840000	8890000
246	8210000	9760000	8840000	8880000
247	8210000	9750000	8840000	8890000
248	8200000	9750000	8840000	8890000
249	8210000	9750000	8840000	8890000
250	8200000	9750000	8840000	8880000
251	8200000	9750000	8840000	8890000
252	8210000	9750000	8840000	8890000
253	8200000	9750000	8840000	8890000
254	8200000	9760000	8840000	8890000
255	8200000	9750000	8840000	8880000
256	8200000	9760000	8840000	8890000
257	8210000	9750000	8840000	8890000
258	8200000	9750000	8840000	8880000
259	8200000	9750000	8850000	8890000
260	8210000	9750000	8840000	8890000
261	8200000	9750000	8840000	8890000
262	8200000	9760000	8840000	8890000
263	8210000	9750000	8840000	8890000
264	8210000	9760000	8850000	8890000
265	8210000	9760000	8840000	8890000
266	8210000	9760000	8840000	8880000
267	8210000	9750000	8840000	8890000
268	8200000	9750000	8840000	8880000
269	8200000	9750000	8840000	8890000
270	8210000	9750000	8840000	8890000
271	8200000	9760000	8840000	8890000
272	8200000	9750000	8850000	8890000
273	8200000	9750000	8840000	8890000
274	8200000	9750000	8840000	8890000
275	8200000	9750000	8850000	8890000
276	8200000	9750000	8840000	8880000
277	8210000	9750000	8850000	8890000
278	8200000	9760000	8840000	8890000
279	8200000	9760000	8840000	8880000
280	8210000	9750000	8840000	8890000
281	8210000	9760000	8840000	8890000
282	8210000	9750000	8840000	8890000
283	8200000	9760000	8840000	8890000
284	8210000	9760000	8840000	8890000
285	8200000	9760000	8840000	8880000
286	8210000	9760000	8830000	8880000
287	8210000	9760000	8840000	8890000
288	8210000	9750000	8840000	8890000
289	8200000	9750000	8840000	8880000
290	8200000	9750000	8840000	8890000
291	8210000	9750000	8840000	8890000
292	8210000	9750000	8850000	8890000
293	8210000	9750000	8850000	8890000
294	8210000	9750000	8840000	8880000
295	8200000	9750000	8840000	8890000
296	8210000	9750000	8850000	8890000
297	8200000	9750000	8840000	8900000
298	8210000	9750000	8850000	8890000
299	8200000	9750000	8840000	8890000
300	8210000	9750000	8840000	8890000
301	8210000	9750000	8840000	8890000
302	8200000	9750000	8830000	8830000
303	8200000	9750000	8810000	8810000
304	8210000	9750000	8790000	8790000
305	8210000	9750000	8770000	8770000
306	8200000	9750000	8760000	8750000
307	8200000	9750000	8750000	8750000
308	8200000	9740000	8740000	8750000
309	8210000	9740000	8750000	8740000
310	8200000	9750000	8750000	8760000
311	8200000	9750000	8770000	8770000
312	8200000	9750000	8800000	8810000
313	8200000	9750000	8830000	8850000
314	8210000	9750000	8840000	8880000
315	8210000	9760000	8840000	8880000
316	8200000	9750000	8840000	8900000
317	8200000	9760000	8840000	8890000
318	8200000	9750000	8840000	8890000
319	8200000	9750000	8840000	8880000
320	8200000	9760000	8840000	8890000
321	8210000	9750000	8840000	8880000
322	8200000	9760000	8840000	8880000
323	8210000	9750000	8850000	8890000
324	8210000	9750000	8840000	8890000
325	8210000	9750000	8840000	8890000
326	8200000	9750000	8840000	8890000
327	8210000	9750000	8830000	8880000
328	8210000	9750000	8840000	8890000
329	8210000	9750000	8840000	8890000
330	8170000	9680000	8790000	8890000
331	8160000	9670000	8780000	8890000
332	8160000	9660000	8770000	8880000
333	8150000	9670000	8770000	8890000
334	8150000	9660000	8770000	8890000
335	8150000	9660000	8770000	8880000
336	8160000	9660000	8770000	8890000
337	8160000	9670000	8790000	8890000
338	8170000	9680000	8790000	8890000
339	8180000	9690000	8810000	8890000
340	8180000	9700000	8820000	8890000
341	8200000	9720000	8830000	8890000
342	8200000	9750000	8840000	8890000
343	8200000	9750000	8830000	8880000
344	8200000	9750000	8840000	8890000
345	8200000	9750000	8840000	8890000
346	8200000	9750000	8840000	8890000
347	8210000	9760000	8840000	8890000
348	8200000	9750000	8830000	8880000
349	8190000	9750000	8840000	8890000
350	8160000	9740000	8840000	8890000
351	8150000	9740000	8840000	8890000
352	8150000	9720000	8840000	8890000
353	8150000	9720000	8840000	8890000
354	8150000	9710000	8840000	8880000
355	8150000	9710000	8840000	8890000
356	8140000	9710000	8840000	8890000
357	8140000	9710000	8840000	8890000
358	8140000	9710000	8830000	8880000
359	8150000	9720000	8840000	8890000
360	8170000	9740000	8840000	8890000
361	8190000	9750000	8840000	8880000
362	8200000	9750000	8840000	8880000
363	8200000	9750000	8840000	8880000
364	8200000	9750000	8840000	8890000
365	8200000	9750000	8840000	8890000
366	8200000	9760000	8840000	8890000
367	8200000	9750000	8840000	8880000
368	8210000	9750000	8850000	8890000
369	8210000	9760000	8840000	8890000
370	8200000	9750000	8840000	8880000
371	8200000	9750000	8840000	8880000
372	8200000	9750000	8840000	8890000
373	8170000	9750000	8840000	8890000
374	8160000	9750000	8840000	8880000
375	8160000	9740000	8840000	8880000
376	8150000	9750000	8840000	8890000
377	8150000	9750000	8840000	8880000
378	8150000	9750000	8840000	8890000
379	8140000	9750000	8830000	8880000
380	8150000	9750000	8840000	8890000
381	8150000	9740000	8840000	8880000
382	8150000	9730000	8840000	8880000
383	8150000	9720000	8840000	8880000
384	8130000	9690000	8830000	8890000
385	8150000	9660000	8780000	8880000
386	8190000	9670000	8770000	8850000
387	8200000	9720000	8770000	8840000
388	8200000	9740000	8780000	8790000
389	8200000	9740000	8870000	8870000
390	8200000	9750000	8870000	8870000
391	8210000	9760000	8840000	8860000
392	8210000	9750000	8840000	8880000
393	8210000	9750000	8830000	8880000
394	8210000	9750000	8840000	8880000
395	8210000	9760000	8840000	8880000
396	8210000	9750000	8840000	8880000
397	8200000	9750000	8840000	8880000
398	8210000	9750000	8840000	8890000
399	8200000	9760000	8840000	8890000
400	8200000	9760000	8840000	8890000
401	8200000	9750000	8850000	8890000
402	8210000	9750000	8840000	8880000
403	8200000	9750000	8840000	8880000
404	8210000	9750000	8840000	8890000
405	8200000	9750000	8830000	8890000
406	8190000	9720000	8820000	8880000
407	8150000	9710000	8830000	8880000
408	8160000	9740000	8840000	8880000
409	8180000	9750000	8840000	8890000
410	8190000	9750000	8840000	8890000
411	8200000	9760000	8840000	8890000
412	8190000	9750000	8850000	8890000
413	8200000	9750000	8840000	8890000
414	8190000	9750000	8840000	8880000
415	8190000	9750000	8840000	8890000
416	8190000	9750000	8840000	8890000
417	8190000	9750000	8840000	8880000
418	8190000	9750000	8840000	8880000
419	8200000	9760000	8840000	8880000
420	8190000	9750000	8850000	8890000
421	8190000	9750000	8840000	8890000
422	8190000	9750000	8840000	8890000
423	8190000	9750000	8840000	8880000
424	8170000	9750000	8840000	8880000
425	8160000	9740000	8830000	8890000
426	8150000	9710000	8830000	8890000
427	8150000	9690000	8830000	8890000
428	8150000	9690000	8820000	8890000
429	8160000	9690000	8810000	8890000
430	8160000	9690000	8800000	8900000
431	8160000	9680000	8800000	8890000
432	8170000	9680000	8810000	8890000
433	8160000	9680000	8800000	8890000
434	8160000	9690000	8820000	8890000
435	8150000	9680000	8830000	8890000
436	8150000	9700000	8830000	8890000
437	8160000	9730000	8830000	8880000
438	8170000	9740000	8840000	8890000
439	8190000	9740000	8840000	8890000
440	8200000	9760000	8840000	8880000
441	8190000	9750000	8830000	8880000
442	8190000	9750000	8840000	8880000
443	8200000	9750000	8840000	8890000
444	8200000	9750000	8840000	8890000
445	8200000	9760000	8840000	8880000
446	8190000	9750000	8840000	8890000
447	8200000	9760000	8840000	8890000
448	8200000	9750000	8840000	8880000
449	8200000	9750000	8840000	8880000
450	8190000	9750000	8840000	8890000
451	8190000	9750000	8840000	8890000
452	8200000	9750000	8840000	8890000
453	8190000	9760000	8840000	8890000
454	8200000	9750000	8840000	8890000
455	8200000	9750000	8840000	8890000
456	8190000	9760000	8840000	8880000
457	8180000	9750000	8840000	8890000
458	8160000	9750000	8840000	8880000
459	8160000	9740000	8840000	8890000
460	8150000	9710000	8840000	8880000
461	8140000	9680000	8830000	8890000
462	8140000	9680000	8800000	8890000
463	8150000	9670000	8770000	8890000
464	8170000	9670000	8770000	8870000
465	8180000	9660000	8770000	8850000
466	8190000	9650000	8760000	8850000
467	8190000	9650000	8760000	8850000
468	8180000	9640000	8760000	8850000
469	8170000	9650000	8760000	8860000
470	8160000	9640000	8760000	8870000
471	8150000	9650000	8770000	8880000
472	8160000	9660000	8790000	8890000
473	8140000	9680000	8810000	8890000
474	8140000	9700000	8840000	8880000
475	8150000	9730000	8830000	8880000
476	8160000	9750000	8840000	8880000
477	8160000	9750000	8850000	8880000
478	8170000	9750000	8840000	8890000
479	8170000	9740000	8840000	8890000
480	8160000	9740000	8840000	8880000
481	8160000	9750000	8840000	8880000
482	8150000	9750000	8830000	8880000
483	8150000	9740000	8840000	8880000
484	8150000	9730000	8840000	8890000
485	8150000	9740000	8840000	8880000
486	8150000	9730000	8840000	8890000
487	8150000	9720000	8840000	8880000
488	8140000	9720000	8840000	8880000
489	8140000	9710000	8840000	8880000
490	8140000	9710000	8840000	8890000
491	8140000	9700000	8840000	8890000
492	8130000	9690000	8830000	8900000
493	8120000	9670000	8790000	8890000
494	8140000	9640000	8760000	8850000
495	8190000	9650000	8750000	8820000
496	8200000	9680000	8740000	8810000
497	8200000	9700000	8730000	8800000
498	8190000	9710000	8740000	8800000
499	8200000	9710000	8730000	8790000
