# CAPTURA AUTOMATICA MULTIBITSTREAM
# Puerto serie: COM7
# Baudrate: 115200
# Muestras por bitstream: 500
# Orden: 100ms -> 10ms -> 1ms -> 100us ; etapas 3, 5, 51, 101

============================================================
# BITSTREAM: 100ms_3etapas.bit
# VENTANA: 100ms
# ETAPAS_PRINCIPAL: 3
# NUM_MUESTRAS: 500
# FORMATO: idx	freq1_hz	freq2_hz	freq3_hz	freq4_hz
============================================================
idx	freq1_hz	freq2_hz	freq3_hz	freq4_hz
0	33918400	54889920	34520960	34657090
1	33924590	44410360	34482560	34653430
2	33929540	44415810	34463250	34654000
3	33929510	65386790	34494520	34660440
4	33926720	54898240	34513930	34661210
5	33923580	44409350	34534450	34662970
6	33918200	33918190	34549060	34663360
7	33916380	65373670	34588260	34672000
8	33912380	54883890	34571190	34666440
9	33910620	44396380	34584250	34668420
10	33911450	33911450	34595580	34671750
11	33909940	65367220	34640780	34683730
12	33909540	54881060	34618650	34677640
13	33910670	44396430	34601250	34672380
14	33906820	33906820	34625150	34677220
15	33908910	65366190	34612990	34674710
16	33906750	54878270	34610990	34673760
17	33905730	44391490	34631170	34678920
18	33904560	33904570	34631190	34677770
19	33908910	65366190	34612500	34674430
20	33914150	54885660	34585760	34671400
21	33917000	44402770	34567660	34668360
22	33910260	44396700	34604210	34673520
23	33911670	65368940	34597380	34672760
24	33910250	54881770	34611000	34674820
25	33910750	44396510	34604970	34673020
26	33908970	33908970	34613960	34674400
27	33912950	65370230	34566050	34664550
28	33916390	54887920	34569750	34667450
29	33919920	44405670	34494870	34653860
30	33920400	33920400	34526230	34660950
31	33915970	65373260	34541570	34660460
32	33911530	54883040	34532600	34657020
33	33911740	54882720	34533140	34657100
34	33909740	33909740	34665760	34666650
35	33913560	65370840	34493330	34650710
36	33911860	54883380	34574770	34667120
37	33913730	44399500	34572370	34668330
38	33909010	23423240	34582240	34666700
39	33898670	65355950	34637390	34678050
40	33899700	54871220	34587830	34663660
41	33901120	44386880	34547670	34655360
42	33896330	33896330	34674920	34663770
43	33894990	65352270	34596460	34663950
44	33898970	54870490	34596940	34665990
45	33903760	44389530	34596550	34669210
46	33901840	33901830	34619490	34673880
47	33897930	65355210	34634160	34676510
48	33904090	54875620	34616740	34673910
49	33899700	44385460	34617750	34671680
50	33896800	33896790	34611670	34667860
51	33895310	65352600	34596650	34663540
52	33899050	54870560	34604130	34667680
53	33893070	44378840	34650620	34680290
54	33892520	33892510	34630240	34673220
55	33893960	65351240	34654500	34682120
56	33898960	54870490	34597510	34667000
57	33901060	44386810	34603330	34669400
58	33902710	33902710	34629640	34676260
59	33906120	65363400	34608700	34672180
60	33900190	54871720	34644690	34680960
61	33895940	54867890	34662450	34685120
62	33897010	33897010	34656840	34684410
63	33900130	65357410	34640100	34679220
64	33902280	44388040	34625080	34675690
65	33908740	44394500	34584910	34667230
66	33912770	33902530	34615790	34672290
67	33898400	65355680	34640120	34678420
68	33898050	54869570	34635180	34676300
69	33893180	44378940	34641790	34675900
70	33899700	33899700	34622860	34673430
71	33906010	65363290	34611570	34674370
72	33903790	54875310	34614500	34673500
73	33897410	44383180	34630700	34675850
74	33898370	33898360	34635660	34676940
75	33898000	65355280	34636080	34676960
76	33892550	54864070	34661270	34683420
77	33899420	44385180	34646160	34681000
78	33905560	33905570	34654170	34687660
79	33245370	64702640	33245360	33245360
80	33241550	54213080	33241560	33241560
81	33240460	43726220	33240460	33240460
82	33243610	33243600	33243600	33243600
83	33243180	64700470	33243190	33243190
84	33245740	64705590	33245730	33245730
85	33246670	54218200	33246680	33246680
86	33246230	33246220	33246230	33246230
87	33251780	64709060	33251780	33251780
88	33252960	54224480	33252950	33252950
89	33250080	43735840	33250080	33250090
90	33250560	33250560	33250570	33250560
91	33250360	64707640	33250350	33250350
92	33247770	54219290	33247770	33247780
93	33249210	43734980	33249220	33249210
94	33250230	33250220	33250220	33250230
95	33245830	64703110	33245830	33245820
96	33250880	54222400	33250890	33250890
97	33253290	43739050	33253280	33253290
98	33250430	33250430	33250430	33250420
99	33252260	64709540	33252260	33252260
100	33249740	54221260	33249750	33249750
101	33248300	43734070	33248300	33248300
102	33247750	33247740	33247740	33247740
103	33249560	64706850	33249570	33249570
104	33249070	64706350	33249070	33249070
105	33250130	43735880	33250120	33250130
106	33250510	33250510	33250510	33250510
107	33246700	64703980	33246710	33246700
108	33248080	54219600	33248390	33248080
109	33250880	54222480	33250880	33250880
110	33248770	33248780	33248780	33248770
111	33248230	64705500	33248220	33248230
112	33247900	54219430	33247910	33247900
113	33244620	43730380	33244620	33244620
114	33246340	33246330	33246330	33246340
115	33245810	64703090	33245810	33245800
116	33248150	54219680	33248160	33248160
117	33249550	43735310	33249550	33249550
118	33250520	33250510	33250510	33250510
119	33251490	64708770	33251490	33251490
120	33247030	54218560	33247040	33247040
121	33249200	43734960	33249200	33249200
122	33248380	33248370	33248370	33248380
123	33250370	64707650	33250370	33250370
124	33252000	54223530	33252010	33252000
125	33252370	43738130	33252370	33252370
126	33249000	1791710	33248990	33248990
127	33247530	64704810	33247530	33247540
128	33250370	54221890	33250370	33250370
129	33247140	43732900	33247140	33247130
130	33247820	33247820	33247830	33247830
131	33251960	64709240	33251950	33251950
132	33252540	54224070	33252550	33252550
133	33252140	54223650	33252130	33252140
134	33248820	33248820	33248820	33248810
135	33245530	64702810	33245530	33245540
136	33249400	54220920	33249410	33249400
137	33249850	43735610	33249840	33249850
138	33250190	33250190	33250190	33250190
139	33247830	64705110	33247830	33247830
140	33248730	64706010	33248730	33248730
141	33251220	43736980	33251220	33251220
142	33252090	33252100	33252100	33252090
143	33251450	64708720	33251440	33251450
144	33252350	54223880	33252360	33252350
145	33253620	43739370	33253610	33253620
146	33251050	33251050	33251060	33251050
147	33254080	64711360	33254070	33254080
148	33252020	54223540	33252020	33252020
149	33252950	43738710	33252950	33252950
150	33248800	33248800	33248810	33248800
151	33249020	64706310	33249020	33249020
152	33248450	54219960	33248440	33248450
153	33252420	43738190	33252430	33252420
154	33254540	33254530	33254530	33254540
155	33243800	64701080	33243810	33243800
156	33241550	54213070	33241540	33241540
157	33242810	43728580	33242820	33242820
158	33239910	33239910	33239910	33239910
159	33244320	33245030	33244310	33244320
160	33243320	54214840	33243320	33243320
161	33241420	43727180	33241420	33241420
162	33241280	33241280	33241290	33241280
163	33245110	64702400	33245110	33245110
164	33244900	54216420	33244900	33244900
165	33241130	43726880	33241120	33241130
166	33241320	33241330	33241330	33241320
167	33244070	64701350	33244070	33244070
168	33243760	54215270	33243750	33243760
169	33242490	43728250	33242490	33242480
170	33242170	33242170	33242170	33242170
171	33240340	75183380	33240340	33240340
172	33243120	54214640	33243120	33243130
173	33244030	43729790	33244030	33244030
174	33244970	33244970	33244970	33244960
175	33244560	64701850	33244570	33244570
176	33242100	54213610	33242090	33242090
177	33244680	43730440	33244680	33244690
178	33246360	33246360	33246360	33246360
179	33248510	64705790	33248510	33248510
180	33248280	54219810	33248290	33248280
181	33242350	43728100	33242350	33242350
182	33245280	33245280	33245270	33245280
183	33248130	64705410	33248140	33248130
184	33249890	54221410	33249890	33249890
185	33245970	43731740	33245970	33245970
186	33242650	33242640	33242650	33242650
187	33245330	64702620	33245330	33245330
188	33247850	54219360	33247840	33247850
189	33245960	43731720	33245960	33245960
190	33249480	33249480	33249480	33249480
191	33245680	64702960	33245690	33245680
192	33243680	54215200	33243680	33243680
193	33244900	43730660	33244900	33244900
194	33244920	33244930	33244920	33244920
195	33241780	64699050	33241770	33241770
196	33243520	54215040	33243520	33243530
197	33246500	43732270	33246510	33246500
198	33246580	33246580	33246580	33246580
199	33245000	64702270	33244990	33244990
200	33246500	54218020	33246510	33246510
201	33245680	43731440	33245670	33245680
202	33247530	33247530	33247530	33247530
203	33242580	64699860	33242590	33242580
204	33244760	54216280	33244750	33244760
205	33245260	43731020	33245260	33245260
206	33246720	33246730	33246730	33246720
207	33241880	64699150	33241880	33241880
208	33247940	54219460	33247930	33247940
209	33243750	43729520	33243760	33243750
210	33247830	33247830	33247830	33247830
211	33248170	64705450	33248170	33248170
212	33248390	54219900	33248350	33248390
213	33246990	43732760	33246990	33246990
214	33247290	33247280	33247290	33247290
215	33247550	64704830	33247540	33247540
216	33246580	54218100	33246580	33246580
217	33251360	43737120	33251360	33251370
218	33247160	33247160	33247170	33247160
219	33244460	64701750	33244460	33244460
220	33243500	54215020	33243500	33243500
221	33241250	43727010	33241250	33241250
222	33242180	33242170	33242170	33242170
223	33246720	64704000	33246730	33246730
224	33247970	54219490	33247960	33247960
225	33248130	43733900	33248140	33248140
226	33244440	33244430	33244440	33244440
227	33247900	64705180	33247890	33247900
228	33244340	54215860	33244350	33244340
229	33240920	43726690	33240920	33240920
230	33240850	33240840	33240840	33240840
231	33241540	64698830	33241550	33241550
232	33242450	54213970	33242450	33242450
233	33242710	43728460	33242700	33242710
234	33239230	33239230	33239230	33239230
235	33241010	64698300	33241020	33241010
236	33236590	54208100	33236590	33236590
237	33242090	43727850	33242080	33242080
238	33241260	33241270	33241270	33241270
239	33237090	64694360	33237090	33237090
240	33236160	54207680	33236160	33236160
241	33237490	43723250	33237480	33237480
242	33240090	33240090	33240090	33240100
243	33236020	64693310	33236030	33236020
244	33239850	54211370	33239850	33239850
245	33242010	43727760	33242000	33242010
246	33240100	33240110	33240110	33240100
247	33243150	64700420	33243150	33243150
248	33244410	54215930	33244400	33244410
249	33241220	43726980	33241230	33241220
250	33239690	33239690	33239690	33239690
251	33240060	64697340	33240060	33240060
252	33240730	54212250	33240720	33240730
253	33242110	43727870	33242110	33242100
254	33241200	33241200	33241200	33241210
255	33237820	64695100	33237820	33237820
256	33241400	54212920	33241400	33241400
257	33243880	43729640	33243880	33243870
258	33245530	33245530	33245540	33245540
259	33243100	64700380	33243090	33243090
260	33238810	54210340	33238820	33238820
261	33241340	43727090	33241330	33241340
262	33241700	33241700	33241700	33241700
263	33238110	33257060	33238120	33238110
264	33238010	54209530	33238010	33238010
265	33235840	43721590	33235830	33235840
266	33240930	33240940	33240940	33240930
267	33240240	64697520	33240240	33240240
268	33240340	54211860	33240340	33240340
269	33237880	43723630	33237880	33237880
270	33237670	33237670	33237660	33237670
271	33237850	64695130	33237850	33237850
272	33239120	54210640	33239130	33239120
273	33238830	43724600	33238830	33238830
274	33237660	33237660	33237660	33237660
275	33239220	64696500	33239220	33239220
276	33239430	54210940	33239420	33239430
277	33245180	43730950	33245190	33245180
278	33241120	33241110	33241120	33241120
279	33241370	64698650	33241360	33241360
280	33238490	54210010	33238500	33238500
281	33238220	43723980	33238210	33238220
282	33241920	22756160	33241920	33241920
283	33243580	64700860	33243590	33243580
284	33243000	54214520	33243000	33243000
285	33243850	43729620	33243850	33243850
286	33245040	33245030	33245030	33245030
287	33245130	64702420	33245140	33245140
288	33244650	54217570	33246050	33246050
289	33249260	43735010	33249250	33249260
290	33248690	33248690	33248690	33248690
291	33247560	64704850	33247570	33247560
292	33246060	54217580	33246060	33246060
293	33249230	43734990	33249230	33249230
294	33249000	33248990	33248990	33249000
295	33250800	64708090	33250810	33250800
296	33255900	54227410	33255890	33255900
297	33249460	43735230	33249470	33249460
298	33250410	33250410	33250410	33250410
299	33246990	64704270	33246990	33246990
300	33249050	54220560	33249050	33249050
301	33246490	43732250	33246480	33246480
302	33244430	33244430	33244430	33244440
303	33248720	64706010	33248730	33248720
304	33248970	54220480	33248960	33248970
305	33245860	43731630	33245870	33245860
306	33244740	33244740	33244740	33244740
307	33246670	64703950	33246670	33246670
308	33247630	64704910	33247630	33247630
309	33246770	43732520	33246760	33246770
310	33245430	33245440	33245480	33245430
311	33245480	64702760	33245480	33245480
312	33247070	43732820	33247060	33247070
313	33244060	43729830	33244070	33244060
314	33242140	33242130	33242140	33242140
315	33245270	64702550	33245260	33245270
316	33244500	54216020	33244500	33244490
317	33244820	43730590	33244830	33244830
318	33244340	33244340	33244340	33244340
319	33243510	64700790	33243510	33243510
320	33247310	54218820	33247300	33247310
321	33248550	54220080	33248560	33248550
322	33248850	33248840	33248840	33248850
323	33248050	64705330	33248050	33248050
324	33246680	54218200	33246680	33246670
325	33244900	43730670	33244910	33244910
326	33242360	33242360	33242360	33242360
327	33244570	64701840	33244560	33244570
328	33246280	54217800	33246280	33246280
329	33246510	43732270	33246520	33246510
330	33247180	33247180	33247170	33247180
331	33247930	64705210	33247930	33247930
332	33242980	54214500	33242980	33242970
333	33240520	54212050	33240530	33240530
334	33246050	33246040	33246050	33246050
335	33246920	64704210	33246920	33246920
336	33248290	54219800	33248290	33248290
337	33248750	43734520	33248750	33248750
338	33250160	33250150	33250150	33250150
339	33249370	64706650	33249370	33249370
340	33248870	54220390	33248880	33248880
341	33246780	43732540	33246770	33246780
342	33246940	33248250	33248250	33248240
343	33248250	64705520	33248250	33248250
344	33249300	54220820	33249290	33249290
345	33250140	43735900	33250140	33250150
346	33247660	33247670	33247670	33247660
347	33246410	64703690	33246410	33246410
348	33247500	54219010	33247490	33247500
349	33250990	43736750	33251000	33250990
350	33251090	33251100	33251090	33251090
351	33248550	64705820	33248540	33248550
352	33248610	54220140	33248620	33248610
353	33248320	54219830	33248310	33248310
354	33247990	33247990	33247990	33248000
355	33245590	64702880	33245600	33245590
356	33242440	54213950	33242430	33242440
357	33246110	43731880	33246120	33246110
358	33245650	33245640	33245650	33245650
359	33246000	64703290	33246000	33246000
360	33243560	54215070	33243550	33243560
361	33245280	54216800	33245280	33245280
362	33250090	33250100	33250100	33250090
363	33247080	64704350	33247080	33247080
364	33248000	54219530	33248000	33248000
365	33249130	43734890	33249130	33249130
366	33248890	33248890	33248890	33248890
367	33248130	75191160	33248120	33248120
368	33248950	54220480	33248960	33248960
369	33250760	43736510	33250750	33250750
370	33249180	33249180	33249180	33249180
371	33253320	64710600	33253330	33253330
372	33255430	54226950	33255430	33255430
373	33254060	43739820	33254050	33254050
374	33249970	33249970	33249970	33249980
375	33250980	64708270	33251030	33250980
376	33246130	64703410	33246130	33246130
377	33245810	43731560	33245810	33245810
378	33247020	33247020	33247010	33247020
379	33247920	75190960	33247920	33247920
380	33251850	54223370	33251850	33251850
381	33257470	43734400	33248640	33248630
382	33249700	33249700	33249700	33249700
383	33249140	64706410	33249140	33249140
384	33250760	54222280	33250750	33250760
385	33252020	43737780	33252020	33252020
386	33246680	33246690	33246690	33246680
387	33251540	64708810	33251530	33251540
388	33250310	54221830	33250310	33250310
389	33249320	43735080	33249320	33249320
390	33250690	33250690	33250690	33250690
391	33249840	64707130	33249850	33249840
392	33246790	54218310	33246790	33246790
393	33249670	43735420	33249660	33249670
394	33252820	33252820	33252820	33252820
395	33256420	33257940	33256420	33256410
396	33251370	54222900	33251380	33251380
397	33252690	43738440	33252680	33252690
398	33253540	33253540	33253550	33253540
399	33252660	75195700	33252650	33252660
400	33252420	54223940	33252420	33252410
401	33254950	43740710	33254950	33254950
402	33251050	33251060	33251060	33251060
403	33251460	64708740	33251460	33251460
404	33250980	54222490	33250970	33250980
405	33251040	43736800	33251040	33251040
406	33251080	33251080	33251080	33251070
407	33251950	64709230	33251950	33251960
408	33252390	54223920	33252400	33252390
409	33251540	43737290	33251530	33251540
410	33254300	33254310	33254310	33254300
411	33253780	64711050	33253780	33253780
412	33253200	54224730	33253200	33253200
413	33251080	43736830	33251070	33251080
414	33256340	33256340	33256340	33256340
415	33250860	64708140	33250860	33250860
416	33249310	54220840	33249320	33249310
417	33248520	43734270	33248520	33248520
418	33249340	33249340	33249340	33249340
419	33246340	64703620	33246340	33246340
420	33247630	54219150	33247630	33247630
421	33251570	43737330	33251560	33251570
422	33247210	33247210	33247210	33247210
423	33247020	64704310	33247030	33247020
424	33248710	43734460	33248700	33248700
425	33249910	43735670	33249920	33249920
426	33249310	22763550	33249300	33249300
427	33248870	64706160	33248880	33248880
428	33247890	64706480	33247880	33247890
429	33250250	54221770	33250250	33250250
430	33256330	33256330	33256330	33256320
431	33255600	64712890	33255610	33255610
432	33256470	43742220	33256460	33256460
433	33252760	43738520	33252760	33252760
434	33252850	43738850	33252850	33252860
435	33252630	64709910	33252630	33252630
436	33252930	54224450	33252940	33252930
437	33250850	43736610	33250840	33250850
438	33249450	33249450	33249450	33249450
439	33250690	64707970	33250690	33250680
440	33250370	54221900	33250380	33250380
441	33252620	43738370	33252610	33252620
442	33252420	33252430	33252430	33252420
443	33254530	64711800	33254530	33254530
444	33255870	54227390	33255860	33255870
445	33253790	43739560	33253800	33253790
446	33253460	33253450	33253450	33253460
447	33253370	64710650	33253370	33253370
448	33251190	54222720	33251200	33251190
449	33252660	43738410	33252660	33252660
450	33252460	33252460	33252450	33252460
451	33251700	64708980	33251710	33251700
452	33254420	54225950	33254420	33254420
453	33252730	43738480	33252720	33252730
454	33251530	33251530	33251530	33251530
455	33256320	33256320	33256320	33256320
456	33253890	54225420	33253900	33253890
457	33252190	43737940	33252180	33252190
458	33251320	33251320	33251320	33251320
459	33249660	64706940	33249660	33249660
460	33251580	54223110	33251590	33251580
461	33251060	43736810	33251050	33251050
462	33256860	33246620	33246620	33246630
463	33247900	64705180	33247900	33247890
464	33247980	54219500	33247990	33247990
465	33249800	43735560	33249790	33249790
466	33248460	33248460	33248460	33248470
467	33249170	64706450	33249170	33249160
468	33250000	54221520	33250010	33250010
469	33250210	43735970	33250200	33250210
470	33251440	33251440	33251440	33251440
471	33249140	64706430	33249150	33249140
472	33251770	54223280	33251760	33251770
473	33251900	43737660	33251910	33251900
474	33254770	1797500	33254770	33254770
475	33252030	64709300	33252020	33252030
476	33247610	54219130	33247620	33247610
477	33248610	43734370	33248600	33248610
478	33248020	33248020	33248020	33248020
479	33245550	64702840	33245560	33245550
480	33247710	54219220	33247710	33247710
481	33246080	43731840	33246070	33246080
482	33247310	33247310	33247310	33247310
483	33249660	64706940	33249660	33249660
484	33248590	54220110	33248600	33248630
485	33250150	43735910	33250140	33250150
486	33248580	33248580	33248580	33248580
487	33249190	64706470	33249190	33249190
488	33249040	54220560	33249040	33249040
489	33246270	54217790	33246270	33246260
490	33245040	33245040	33245040	33245040
491	33244520	64701810	33244530	33244530
492	33245480	54217000	33245480	33245480
493	33247290	43733040	33247280	33247280
494	33249560	33249560	33249560	33249560
495	33248520	64705810	33248530	33248530
496	33251580	54223090	33251570	33251570
497	33251060	43736820	33251070	33251070
498	33251690	33251700	33251690	33251690
499	33250910	64708190	33250910	33250910

============================================================
# BITSTREAM: 100ms_5etapas.bit
# VENTANA: 100ms
# ETAPAS_PRINCIPAL: 5
# NUM_MUESTRAS: 500
# FORMATO: idx	freq1_hz	freq2_hz	freq3_hz	freq4_hz
============================================================
idx	freq1_hz	freq2_hz	freq3_hz	freq4_hz
0	33950370	33950360	33950360	33950360
1	33952730	33947610	33952730	33952740
2	33952390	33947270	33952390	33952380
3	33950600	33950600	33950600	33950600
4	33942630	33937510	33942630	33942630
5	33946320	33946330	33946330	33946330
6	33951880	33946750	33951870	33951870
7	33955930	33955940	33955940	33955940
8	33952470	33947340	33952460	33952460
9	33949960	33949970	33949970	33949970
10	33949510	33949510	33949510	33949510
11	33947960	33947960	33947960	33947960
12	33945020	33939890	33945010	33945020
13	33947070	33947070	33947070	33947060
14	33945060	33939940	33945060	33945060
15	33949720	33949720	33949720	33949720
16	33949320	33949320	33949320	33949320
17	33952550	33947430	33952550	33952550
18	33953000	33947880	33953000	33953000
19	33947530	33947530	33947530	33947530
20	33951760	33946640	33951760	33951760
21	33952930	33947820	33952940	33952940
22	33954990	33949860	33954980	33954980
23	33953790	33948670	33953790	33953790
24	33950550	33950550	33950550	33950550
25	33948800	33948800	33948800	33948810
26	33950930	33945820	33950940	33950930
27	33950510	33950500	33950500	33950510
28	33953590	33948480	33953600	33953590
29	33949050	33949040	33949040	33949040
30	33951110	33945990	33951110	33951110
31	33950060	33950060	33950060	33950060
32	33950140	33950150	33950150	33950150
33	33949970	33949960	33949960	33949960
34	33949310	33949310	33949310	33949310
35	33949770	33949770	33949770	33949780
36	33951370	33946260	33951380	33951370
37	33955600	33950470	33955590	33955590
38	33950580	33950580	33950580	33950590
39	33947480	33947490	33947490	33947480
40	33947560	33947550	33947550	33947550
41	33945680	33945680	33945680	33945680
42	33948640	33948640	33948640	33948640
43	33955180	33950060	33955180	33955180
44	33949330	33949330	33949330	33949330
45	33948080	33948080	33948080	33948090
46	33944510	33939390	33944510	33944500
47	33946220	33946220	33946220	33946220
48	33948090	33948090	33948090	33948090
49	33945410	33940290	33945410	33945410
50	33944290	33939170	33944290	33944290
51	33943750	33938630	33943750	33943750
52	33945680	33945680	33945680	33945680
53	33944030	33938910	33944030	33944030
54	33948280	33948290	33948290	33948290
55	33950100	33950090	33950090	33950090
56	33949710	33949720	33949720	33949720
57	33947000	33946990	33946990	33946990
58	33944650	33939530	33944650	33944650
59	33945260	33940140	33945260	33945260
60	33947690	33947690	33947690	33947690
61	33951320	33946200	33951320	33951330
62	33951730	33946610	33951730	33951730
63	33948070	33948070	33948070	33948060
64	33950780	33945660	33950780	33950780
65	33947230	33947230	33947230	33947230
66	33944400	33939280	33944400	33944410
67	33945920	33945930	33945930	33945920
68	33947060	33947050	33947050	33947050
69	33948970	33948980	33948980	33948980
70	33947520	33947510	33947510	33947510
71	33940970	33935860	33940980	33940980
72	33940580	33935450	33940570	33940570
73	33936560	33936560	33936560	33936560
74	33941810	33936690	33941810	33941810
75	33934310	33929190	33934310	33934310
76	33937180	33937180	33937180	33937190
77	33942680	33937560	33942680	33942670
78	33946940	33946950	33946950	33946950
79	33944380	33939250	33944370	33944370
80	33947140	33947150	33947150	33947150
81	33948900	33948890	33948890	33948890
82	33946950	33946950	33946950	33946950
83	33945690	33945700	33945700	33945700
84	33943120	33937990	33943110	33943110
85	33948040	33948040	33948040	33948040
86	33945650	33945650	33945650	33945650
87	33945060	33939940	33945060	33945060
88	33942890	33937770	33942890	33942890
89	33944420	33939300	33944420	33944420
90	33945560	33940450	33945570	33945570
91	33942890	33937770	33942890	33942890
92	33938990	33938980	33938980	33938980
93	33941720	33936600	33941720	33941720
94	33940090	33940090	33940090	33940100
95	33945960	33945960	33945970	33945960
96	33948800	33948800	33948790	33948790
97	33948190	33948190	33948190	33948190
98	33947930	33947930	33947940	33947940
99	33950820	33945700	33950810	33950820
100	33947560	33947560	33947560	33951470
101	33948050	33948050	33948050	33948050
102	33944220	33939100	33944220	33944220
103	33941750	33936630	33941750	33941750
104	33945410	33940290	33945410	33945410
105	33945030	33939910	33945030	33945030
106	33942000	33936880	33942000	33942000
107	33943540	33938420	33943540	33943540
108	33941590	33936470	33941590	33941590
109	33940350	33940350	33940350	33940350
110	33941610	33936500	33941620	33941620
111	33945440	33940310	33945430	33945430
112	33948870	33948870	33948870	33948870
113	33947670	33947670	33947670	33947670
114	33944050	33938930	33944050	33944050
115	33949200	33949200	33949200	33949210
116	33950340	33950350	33950350	33950340
117	33948360	33948350	33948350	33948350
118	33949500	33949510	33949510	33949510
119	33946730	33946730	33946730	33946730
120	33948100	33948090	33948090	33948090
121	33950630	33950630	33950630	33950630
122	33950250	33950250	33950250	33950260
123	33948800	33948810	33948810	33948800
124	33945900	33945890	33945890	33945890
125	33947360	33947370	33947370	33947370
126	33947570	33947560	33947560	33947560
127	33946670	33946680	33946680	33946680
128	33948080	33948070	33948070	33948070
129	33945580	33940460	33945580	33945590
130	33939870	33939870	33939870	33939860
131	33947120	33947130	33947130	33947130
132	33952250	33947130	33952250	33952250
133	33943000	33937880	33943000	33943000
134	33943900	33938770	33943890	33943890
135	33942700	33937580	33942700	33942700
136	33936110	33936110	33936110	33936110
137	33940440	33940450	33940450	33940450
138	33940660	33935530	33940650	33940650
139	33939770	33939770	33939770	33939770
140	33938500	33938500	33938500	33938500
141	33938530	33938540	33938540	33938540
142	33939740	33939730	33939730	33939730
143	33943040	33937920	33943040	33943040
144	33939240	33939240	33939240	33944360
145	33938660	33938660	33938660	33938660
146	33928590	33928590	33928590	33928590
147	33926260	33926260	33926260	33926260
148	33929070	33929080	33929080	33929080
149	33932950	33927820	33932940	33932940
150	33933880	33928760	33933880	33933880
151	33933690	33928570	33933690	33933690
152	33941390	33936280	33941400	33941400
153	33936630	33936620	33936620	33936620
154	33931810	33926690	33931810	33931810
155	33928550	33928560	33928560	33928560
156	33929760	33929750	33929750	33929750
157	33936200	33936210	33936210	33936210
158	33937460	33937450	33937450	33937450
159	33933330	33928210	33933330	33933330
160	33931750	33926630	33931750	33931750
161	33927950	33927950	33927950	33927950
162	33928300	33928300	33928300	33928300
163	33929610	33929610	33929610	33929610
164	33927430	33927430	33927430	33927430
165	33932710	33927590	33932710	33932710
166	33933970	33928850	33933970	33933980
167	33929600	33929600	33929600	33929590
168	33925200	33925200	33925200	33925200
169	33921160	33916040	33921160	33921160
170	33928840	33928840	33928840	33928840
171	33922310	33917190	33922310	33922310
172	33926950	33926950	33926950	33926950
173	33930190	33930200	33930200	33930200
174	33930890	33925760	33930880	33930880
175	33934810	33929690	33934810	33934810
176	33933730	33928610	33933730	33933730
177	33934840	33929720	33934840	33934850
178	33926800	33926800	33926800	33926790
179	33929490	33929490	33929490	33929490
180	33935500	33935500	33935500	33935500
181	33931880	33926760	33931880	33931880
182	33931410	33926290	33931410	33931420
183	33935570	33935570	33935570	33935570
184	33934010	33928890	33934010	33934000
185	33932510	33927390	33932510	33932520
186	33926510	33926520	33926520	33926510
187	33929520	33929510	33929510	33929520
188	33933050	33927930	33933050	33933040
189	33927290	33927300	33927300	33927300
190	33929870	33929860	33929860	33929860
191	33935770	33935770	33935770	33935770
192	33932960	33927840	33932960	33932960
193	33933070	33927960	33933080	33933080
194	33933020	33927890	33933010	33933010
195	33936680	33936690	33936690	33936690
196	33933500	33928370	33933490	33933490
197	33934420	33929300	33934420	33934420
198	33933320	33928210	33933330	33933330
199	33933970	33928850	33933970	33933970
200	33937200	33937190	33937190	33937190
201	33940640	33935520	33940640	33940650
202	33936320	33936320	33936320	33936310
203	33928580	33928580	33928580	33928580
204	33921870	33916750	33921870	33924110
205	33931000	33925880	33931000	33931000
206	33929090	33929090	33929090	33929090
207	33935600	33935600	33935600	33935600
208	33934960	33929840	33934960	33934960
209	33936190	33936190	33936190	33936200
210	33936530	33936530	33936530	33936520
211	33937820	33937820	33937830	33937830
212	33935280	33930160	33935270	33935270
213	33938840	33938840	33938840	33938850
214	33934210	33929090	33934210	33934200
215	33937130	33937130	33937130	33937130
216	33930560	33925440	33930560	33930560
217	33933280	33928160	33933280	33933290
218	33932960	33927840	33932960	33932950
219	33927000	33927010	33927010	33927010
220	33927650	33927640	33927640	33927640
221	33928380	33928390	33928390	33928390
222	33927660	33927650	33927650	33927650
223	33927030	33927040	33927040	33927040
224	33925610	33925600	33925600	33925600
225	33929150	33929160	33929160	33929160
226	33929920	33929920	33929920	33929920
227	33938080	33938070	33938070	33938070
228	33935010	33929890	33935010	33935010
229	33939640	33939640	33939640	33939640
230	33938320	33938320	33938320	33938320
231	33937530	33937530	33937540	33937540
232	33938570	33938570	33938560	33938560
233	33944580	33939470	33944590	33944590
234	33939800	33939790	33939790	33939790
235	33934390	33929270	33934390	33934390
236	33932110	33927000	33932120	33932120
237	33933880	33928750	33933870	33933870
238	33926660	33926670	33926670	33926670
239	33926390	33926380	33926380	33926380
240	33926140	33926140	33926140	33926140
241	33926260	33926260	33926260	33926260
242	33916800	33916800	33916800	33916800
243	33921240	33916120	33921240	33921240
244	33921240	33916120	33921240	33921240
245	33928400	33928400	33928400	33928400
246	33924170	33919050	33924170	33924170
247	33924030	33918910	33924030	33924040
248	33920930	33915820	33920940	33920930
249	33924870	33919740	33924860	33924860
250	33927790	33927790	33927790	33927790
251	33923630	33918510	33923630	33923630
252	33927000	33927010	33927010	33927010
253	33923020	33917890	33923010	33923010
254	33918050	33918050	33918050	33918050
255	33915550	33915550	33915550	33915560
256	33924090	33918980	33924100	33924090
257	33917640	33917630	33917630	33917630
258	33921110	33916000	33921120	33921120
259	33922820	33917700	33922820	33922820
260	33928150	33928140	33928140	33928140
261	33925870	33925870	33925870	33925870
262	33919370	33919370	33919370	33919370
263	33920920	33915800	33920920	33920920
264	33917970	33917970	33917970	33917970
265	33914660	33909540	33914660	33914660
266	33907680	33907680	33907680	33907680
267	33910380	33905260	33910380	33910380
268	33911260	33906140	33911260	33911260
269	33910910	33905790	33910910	33910910
270	33912570	33907450	33912570	33910270
271	33921140	33916020	33921140	33921140
272	33920550	33915430	33920550	33920550
273	33925860	33925860	33925860	33925860
274	33924540	33919420	33924540	33924540
275	33923050	33917940	33923060	33923060
276	33922650	33917520	33922640	33922640
277	33924810	33919690	33924810	33924810
278	33930140	33930140	33930140	33930140
279	33927340	33927350	33927350	33927350
280	33927300	33927290	33927290	33927290
281	33928230	33928230	33928230	33928230
282	33930380	33925260	33930380	33930380
283	33931130	33926010	33931130	33931130
284	33929650	33929660	33929660	33929660
285	33929530	33929530	33929530	33929530
286	33931370	33926250	33931370	33931370
287	33934330	33929200	33934320	33934320
288	33940870	33935760	33940880	33940880
289	33935860	33935850	33935850	33935850
290	33935240	33930120	33935240	33935240
291	33936620	33936620	33936620	33936620
292	33937760	33937760	33937760	33937760
293	33928570	33928570	33928570	33928570
294	33931160	33926050	33931170	33931170
295	33932100	33926980	33932100	33932100
296	33937120	33937110	33937110	33937110
297	33937930	33937940	33937940	33937940
298	33935000	33929870	33934990	33934990
299	33931890	33926770	33931890	33931890
300	33935000	33929880	33935000	33935000
301	33931480	33926370	33931490	33931490
302	33931760	33926630	33931750	33931750
303	33934500	33929380	33934500	33934500
304	33937760	33937760	33937760	33937760
305	33935350	33930230	33935350	33935360
306	33933310	33928190	33933310	33932980
307	33935210	33930100	33935220	33935220
308	33935840	33935830	33935830	33935830
309	33937400	33937410	33937410	33937410
310	33939560	33939560	33939560	33939560
311	33935180	33930050	33935170	33935170
312	33937250	33937250	33937260	33937260
313	33933500	33928380	33933490	33933490
314	33934700	33929580	33934700	33934700
315	33933810	33928700	33933820	33933820
316	33934310	33929180	33934300	33934300
317	33938100	33938100	33938100	33938100
318	33930960	33925840	33930960	33930960
319	33926990	33926990	33927000	33927000
320	33931340	33926230	33931340	33931340
321	33932030	33926900	33932030	33932030
322	33931040	33925920	33931030	33931030
323	33925250	33925260	33925260	33925260
324	33923720	33918590	33923710	33923710
325	33926870	33926870	33926870	33926870
326	33925570	33925570	33925570	33925580
327	33925410	33925410	33925410	33925400
328	33926710	33926720	33926720	33926720
329	33927010	33927010	33927010	33927010
330	33931070	33925940	33931060	33931060
331	33930990	33925870	33930990	33930990
332	33926790	33926790	33926790	33926790
333	33922740	33917620	33922740	33922740
334	33925490	33925490	33925490	33925490
335	33921330	33916210	33921330	33921330
336	33926450	33926450	33926450	33926450
337	33926090	33926090	33926090	33926100
338	33924280	33919160	33924280	33924270
339	33918970	33918970	33918970	33918980
340	33919300	33919300	33919300	33919290
341	33914840	33909730	33914850	33914850
342	33915760	33915750	33915750	33915750
343	33909580	33909580	33909580	33909580
344	33909840	33904730	33909850	33909850
345	33908970	33908970	33908970	33908970
346	33911450	33906330	33911450	33911450
347	33907760	33907750	33907750	33907750
348	33915150	33915160	33915160	33915160
349	33917160	33917160	33917160	33917160
350	33917910	33917900	33917900	33917900
351	33926210	33926210	33926210	33926210
352	33920300	33915180	33920300	33915480
353	33914250	33909130	33914250	33914250
354	33923370	33918250	33923370	33923370
355	33917810	33917810	33917810	33917810
356	33915810	33915810	33915810	33915810
357	33921150	33916030	33921150	33921150
358	33930050	33930050	33930050	33930050
359	33925400	33925400	33925400	33925400
360	33925580	33925580	33925580	33925260
361	33919510	33919510	33919510	33919510
362	33916480	33916480	33916480	33916490
363	33919810	33919820	33919820	33919810
364	33926730	33926720	33926720	33926730
365	33923950	33918830	33923950	33923940
366	33918610	33918610	33918610	33918620
367	33915040	33915050	33915050	33915040
368	33918540	33918540	33918540	33918540
369	33928260	33928260	33928260	33928260
370	33924940	33919810	33924930	33924930
371	33920370	33915250	33920370	33920370
372	33918350	33918350	33918350	33918350
373	33916030	33916040	33916040	33916040
374	33917540	33917530	33917530	33917530
375	33924960	33919840	33924960	33924960
376	33926180	33926180	33926180	33926180
377	33919910	33919910	33919910	33919910
378	33921810	33916700	33921820	33921820
379	33910950	33905820	33910940	33910940
380	33906840	33906840	33906840	33906850
381	33915450	33915450	33915450	33915440
382	33908780	33908780	33908780	33908780
383	33911520	33906400	33911520	33911520
384	33915040	33915040	33915040	33915040
385	33912040	33906920	33912040	33912040
386	33905230	33905230	33905230	33905230
387	33902400	33897290	33902410	33902410
388	33891610	33886490	33891610	33891610
389	33898770	33898760	33898770	33898770
390	33905110	33905120	33905110	33905110
391	33899200	33899190	33899190	33899190
392	33918710	33918720	33918720	33918720
393	33919370	33919360	33919360	33919360
394	33915070	33915080	33915080	33915080
395	33917720	33917720	33917720	33917720
396	33928630	33928620	33928620	33928620
397	33925020	33919900	33925020	33925020
398	33916980	33916980	33916980	33916980
399	33917850	33917850	33917850	33917850
400	33917670	33917680	33917680	33917680
401	33922170	33917040	33922160	33922160
402	33913630	33908510	33913630	33913630
403	33913220	33908100	33913220	33913220
404	33919930	33919930	33919930	33919930
405	33921590	33916470	33921590	33921590
406	33916780	33916780	33916780	33916460
407	33912560	33907440	33912560	33912570
408	33909310	33909320	33909320	33909310
409	33909660	33909660	33909660	33909660
410	33898860	33898850	33898850	33898860
411	33911000	33905890	33911010	33911000
412	33910710	33905580	33910700	33910710
413	33912370	33907260	33912380	33912370
414	33919200	33919190	33919190	33919190
415	33909340	33909340	33909340	33909340
416	33907130	33907130	33907130	33907130
417	33917560	33917560	33917560	33917560
418	33921510	33916390	33921510	33921510
419	33920080	33914960	33920080	33920080
420	33920400	33915280	33920400	33920400
421	33921830	33916710	33921830	33921830
422	33918070	33918070	33918070	33918070
423	33914740	33909620	33914740	33914740
424	33915420	33915420	33915420	33915420
425	33915890	33915890	33915890	33915890
426	33914460	33909340	33914460	33914460
427	33919610	33919610	33919610	33919610
428	33917300	33917300	33917300	33917300
429	33915970	33915970	33915970	33915970
430	33915570	33915570	33915570	33915570
431	33919650	33919650	33919650	33919650
432	33921380	33916260	33921380	33921380
433	33920940	33915820	33920940	33920940
434	33920150	33915030	33920150	33920150
435	33920330	33915210	33920330	33920340
436	33920690	33915570	33920690	33920680
437	33920730	33915610	33920730	33920730
438	33926810	33926820	33926820	33926820
439	33925180	33925180	33925180	33925180
440	33920330	33915210	33920330	33920330
441	33918080	33918070	33918070	33918080
442	33914490	33909370	33914490	33914480
443	33924600	33919480	33924600	33924600
444	33917570	33917570	33917570	33917570
445	33912990	33907880	33913000	33913000
446	33893160	33888030	33893150	33893160
447	33902500	33897390	33902510	33902500
448	33909810	33904680	33909800	33909800
449	33906330	33906340	33906340	33906340
450	33910590	33905460	33910580	33910580
451	33910590	33905470	33910600	33910600
452	33907340	33907340	33907330	33907330
453	33908690	33908700	33908700	33908700
454	33912070	33906940	33912060	33912060
455	33909470	33909470	33909470	33909470
456	33914950	33914960	33914960	33914960
457	33910660	33905530	33910650	33910650
458	33913910	33908800	33913920	33913920
459	33915890	33915880	33915880	33915880
460	33923350	33918230	33923350	33923350
461	33921440	33916320	33921440	33921440
462	33928050	33928060	33928060	33928060
463	33918710	33918700	33918700	33918700
464	33915160	33915160	33915160	33915160
465	33912590	33907480	33912600	33912600
466	33921980	33916850	33921970	33921980
467	33922980	33917860	33922980	33922970
468	33924720	33919600	33924720	33924720
469	33926640	33926640	33926640	33926640
470	33923020	33917900	33923020	33923020
471	33918190	33918190	33918190	33923630
472	33919040	33919040	33919040	33919040
473	33919300	33919300	33919300	33919300
474	33916850	33916850	33916850	33916850
475	33916230	33916230	33916230	33916230
476	33915140	33915140	33915140	33915150
477	33919880	33919880	33919880	33919870
478	33922920	33917800	33922920	33922920
479	33933940	33928820	33933940	33933940
480	33924230	33919120	33924240	33924240
481	33924790	33919660	33924780	33924780
482	33922540	33917420	33922540	33922540
483	33923200	33918080	33923200	33923200
484	33931130	33926010	33931130	33931130
485	33929600	33929600	33929600	33929600
486	33933450	33928340	33933460	33933460
487	33928600	33928600	33928600	33928600
488	33926740	33926740	33926740	33926740
489	33921780	33916650	33921770	33921770
490	33927650	33927650	33927650	33927650
491	33922990	33917870	33922990	33922990
492	33930540	33925420	33930550	33930550
493	33930210	33930210	33930200	33930200
494	33926710	33926710	33926710	33926710
495	33932590	33927470	33932590	33932590
496	33931920	33926800	33931920	33931920
497	33930470	33925350	33930470	33930470
498	33929410	33929420	33929420	33929420
499	33932580	33927450	33932570	33932570

============================================================
# BITSTREAM: 100ms_51etapas.bit
# VENTANA: 100ms
# ETAPAS_PRINCIPAL: 51
# NUM_MUESTRAS: 500
# FORMATO: idx	freq1_hz	freq2_hz	freq3_hz	freq4_hz
============================================================
idx	freq1_hz	freq2_hz	freq3_hz	freq4_hz
0	14068850	12956820	13547280	11869230
1	14069130	12956370	13546980	11867520
2	14069670	12957570	13547430	11868100
3	14069400	12957430	13547670	11870590
4	14068650	12956710	13546170	11868910
5	14069830	12956990	13547180	11870960
6	14068770	12956520	13546680	11867320
7	14069310	12957020	13547240	11869300
8	14068770	12956730	13547110	11866930
9	14070290	12958240	13548130	11871260
10	14068480	12956940	13546680	11868550
11	14069370	12957650	13547740	11869740
12	14068630	12957120	13546640	11867540
13	14069060	12956880	13547140	11869000
14	14068480	12956870	13546850	11867600
15	14069150	12957040	13546970	11869460
16	14068740	12956920	13546360	11868680
17	14068970	12956510	13546780	11869260
18	14068330	12956410	13546260	11867690
19	14068650	12956680	13546200	11868730
20	14069040	12957150	13546920	11867650
21	14068560	12956900	13546850	11867830
22	14067770	12956370	13546280	11868390
23	14069020	12957020	13546790	11869460
24	14068060	12956360	13546360	11869180
25	14067600	12955490	13546070	11868740
26	14066940	12955480	13545750	11869050
27	14067620	12955940	13546030	11869860
28	14068080	12956630	13546780	11869390
29	14068340	12956810	13546890	11868570
30	14068480	12957020	13547000	11869200
31	14067590	12956310	13546610	11867710
32	14066740	12955640	13545690	11868050
33	14066840	12955220	13545500	11868900
34	14066980	12955340	13545810	11866730
35	14068360	12956600	13546850	11869610
36	14068450	12956900	13546830	11868990
37	14067920	12956050	13546350	11869980
38	14067370	12955700	13546060	11868860
39	14068160	12956600	13546900	11868110
40	14067380	12955910	13545830	11866920
41	14068180	12956170	13546420	11869840
42	14067710	12956130	13546300	11867370
43	14065900	12954860	13545150	11866920
44	14065250	12953910	13544650	11867860
45	14065910	12954130	13545010	11869700
46	14066370	12954680	13544990	11868900
47	14066660	12955250	13545590	11869240
48	14066430	12954980	13545590	11868480
49	14066890	12955210	13545800	11869330
50	14066320	12954340	13545190	11865670
51	14066780	12954650	13545740	11869630
52	14065840	12953880	13544390	11865860
53	14065910	12954210	13545390	11868630
54	14066080	12954740	13545180	11867940
55	14066390	12954750	13545860	11866910
56	14066160	12954930	13545250	11865920
57	14067040	12955050	13545770	11869690
58	14065870	12954480	13545130	11866730
59	14066290	12954510	13545450	11869220
60	14065510	12954150	13544730	11866980
61	14064800	12953180	13544280	11868920
62	14065000	12953270	13544330	11866420
63	14065600	12953970	13544810	11868260
64	14065490	12954070	13544710	11868510
65	14065710	12954240	13545340	11868840
66	14066150	12954850	13545180	11866580
67	14067180	12955200	13545810	11867840
68	14066100	12954600	13544750	11867290
69	14066970	12955290	13545730	11869640
70	14066200	12954690	13544800	11867260
71	14066920	12955030	13545620	11866850
72	14064400	12953430	13543840	11865150
73	14064960	12953710	13544050	11867160
74	14066020	12954680	13544730	11867380
75	14065910	12954450	13544860	11869640
76	14065900	12954950	13545150	11866380
77	14066220	12954870	13545010	11868860
78	14065290	12954050	13544530	11867890
79	14065400	12954360	13544580	11867210
80	14065560	12955210	13545050	11865770
81	14065540	12954630	13544810	11869230
82	14065260	12953980	13544710	11868090
83	14065780	12954440	13545180	11868430
84	14066160	12955600	13545590	11866480
85	14065910	12954910	13545480	11868520
86	14065540	12954490	13544620	11866770
87	14065700	12954290	13544880	11866830
88	14065400	12954660	13545230	11865320
89	14066030	12955300	13544900	11869010
90	14065410	12955200	13544500	11866100
91	14064800	12954000	13544160	11865900
92	14064880	12954230	13544150	11866560
93	14064430	12953970	13544080	11868320
94	14064030	12953420	13543240	11866140
95	14064620	12953670	13544010	11865640
96	14064380	12953740	13543750	11866820
97	14065350	12954370	13544420	11869010
98	14064960	12954120	13544160	11866120
99	14065840	12954880	13545230	11868230
100	14065560	12955470	13545450	11869130
101	14065270	12954030	13544270	11867850
102	14063930	12953040	13542910	11866750
103	14064810	12953830	13544090	11868080
104	14065780	12955060	13544690	11867480
105	14066870	12955540	13545460	11869960
106	14065850	12955000	13545080	11866560
107	14064890	12953720	13544410	11867630
108	14064870	12953530	13544200	11867200
109	14064780	12953930	13544510	11867540
110	14064930	12954330	13544830	11867760
111	14065470	12954620	13544950	11869220
112	14064980	12954390	13544780	11868100
113	14064780	12954080	13544650	11866650
114	14065360	12954220	13544760	11869000
115	14065460	12954130	13544700	11866210
116	14065990	12954430	13545110	11866170
117	14066160	12954220	13544830	11869230
118	14065300	12953590	13543950	11867840
119	14064740	12953220	13543690	11868220
120	14064930	12953780	13543990	11868250
121	14066400	12954930	13545320	11869390
122	14067080	12955250	13545240	11867560
123	14067900	12956150	13546220	11868880
124	14067200	12955520	13545460	11866740
125	14067910	12955950	13545890	11867900
126	14066720	12955040	13545090	11867400
127	14066870	12955020	13545380	11869800
128	14066830	12955100	13545280	11866400
129	14065760	12954060	13544680	11867380
130	14067280	12955390	13543000	11866330
131	14067870	12955970	13546270	11869070
132	14067050	12956030	13545750	11869100
133	14066370	12954920	13545170	11868910
134	14066040	12954730	13545110	11869070
135	14066020	12954600	13545350	11869380
136	14066480	12955200	13545510	11868760
137	14067560	12955850	13546360	11869740
138	14066760	12955080	13545360	11867300
139	14066740	12954960	13545780	11868010
140	14066930	12955210	13545970	11866960
141	14068380	12956470	13546600	11871410
142	14066520	12954980	13545160	11867400
143	14067370	12955360	13545930	11868520
144	14067820	12956010	13546250	11870130
145	14068060	12955800	13546110	11870640
146	14068600	12956850	13546720	11870070
147	14068170	12956010	13546240	11869280
148	14067300	12955000	13545390	11866460
149	14067530	12955220	13545690	11869710
150	14066050	12954320	13544870	11867640
151	14066490	12954270	13545230	11869140
152	14066100	12954450	13545070	11868250
153	14066760	12954600	13545400	11869090
154	14066890	12954940	13545120	11867300
155	14067170	12954880	13545400	11868350
156	14066440	12954880	13545100	11867390
157	14065320	12954040	13544590	11867070
158	14066080	12954850	13545570	11868460
159	14067620	12955550	13546680	11869170
160	14067340	12955560	13546260	11868120
161	14066570	12954780	13545480	11867500
162	14066110	12954100	13545020	11866770
163	14067260	12955320	13545910	11867600
164	14067960	12956350	13546530	11869220
165	14068080	12955630	13545910	11870360
166	14067060	12955490	13545590	11868830
167	14067010	12955470	13545880	11869590
168	14067230	12955520	13545790	11866490
169	14066570	12954720	13545280	11869000
170	14065860	12954370	13544580	11867150
171	14066550	12954410	13545120	11867530
172	14066220	12954340	13547120	11867070
173	14066540	12954320	13545070	11866220
174	14066270	12954640	13544930	11868290
175	14067390	12954960	13545560	11870320
176	14065770	12953660	13544170	11866680
177	14064970	12952790	13544020	11867210
178	14064940	12952780	13543850	11864890
179	14065680	12952930	13544140	11868630
180	14064600	12953060	13543760	11865180
181	14063650	12952140	13542840	11865910
182	14064290	12952390	13543350	11865470
183	14064720	12952660	13544000	11867730
184	14063940	12952080	13543470	11865740
185	14065820	12953780	13545090	11868510
186	14065140	12953400	13544560	11868170
187	14064700	12952990	13544450	11865460
188	14064620	12952820	13544090	11866290
189	14064120	12952070	13543280	11867090
190	14064210	12952580	13543620	11864610
191	14064110	12952520	13543390	11865910
192	14064810	12953270	13544280	11867450
193	14065090	12952960	13544000	11867370
194	14064530	12952540	13543330	11865830
195	14064930	12953040	13544230	11867480
196	14065430	12953780	13544490	11867990
197	14065260	12953170	13544000	11867480
198	14064680	12952750	13543430	11866180
199	14064900	12952820	13544220	11868350
200	14064660	12953040	13544180	11865640
201	14065080	12953240	13544510	11866640
202	14064580	12953100	13544110	11867070
203	14064850	12953380	13544210	11868320
204	14064610	12953330	13544120	11866530
205	14065530	12953510	13544550	11867250
206	14065680	12953210	13543780	11866780
207	14064340	12952790	13543500	11866130
208	14063550	12952580	13542950	11864740
209	14063870	12952320	13542960	11867060
210	14064320	12952620	13543170	11865410
211	14063950	12952120	13543170	11866590
212	14063020	12951530	13542750	11865140
213	14062840	12951270	13542550	11866730
214	14062480	12950870	13542400	11866090
215	14063530	12951740	13543010	11864690
216	14065660	12954030	13545080	11867200
217	14065380	12953760	13544880	11867730
218	14065420	12953920	13545000	11865370
219	14065440	12953210	13544810	11867190
220	14064720	12952960	13544080	11867620
221	14064680	12952890	13544330	11866860
222	14064300	12952560	13543730	11866480
223	14064980	12952710	13544260	11868830
224	14065530	12953700	13544870	11866040
225	14065170	12953360	13544240	11868660
226	14065460	12953950	13544540	11866960
227	14065240	12953700	13544720	11866620
228	14064830	12953380	13544210	11864990
229	14065710	12953810	13544450	11868140
230	14065860	12953990	13544610	11867170
231	14065690	12953550	13544520	11867600
232	14064870	12952950	13543600	11864760
233	14063390	12951510	13542840	11864510
234	14064410	12952470	13543520	11865600
235	14065020	12953330	13544600	11865450
236	14064660	12953350	13543900	11864670
237	14066340	12954720	13545260	11867290
238	14065370	12953940	13544450	11865760
239	14064840	12953280	13544340	11867160
240	14064690	12953960	13544350	11865460
241	14065060	12953860	13544660	11868090
242	14065430	12954210	13544890	11865870
243	14065270	12953840	13544950	11868970
244	14064880	12953760	13544720	11867320
245	14064050	12952910	13543990	11864940
246	14063830	12952620	13543710	11866620
247	14064540	12952920	13543480	11867630
248	14064060	12953500	13544140	11864570
249	14065040	12953170	13544160	11866140
250	14065840	12954190	13544810	11866670
251	14065280	12953340	13543910	11868590
252	14064170	12952730	13543650	11866740
253	14064520	12952990	13543930	11868310
254	14063840	12952110	13543610	11866970
255	14064180	12952450	13544010	11868020
256	14064130	12952550	13543180	11865590
257	14063820	12952290	13543380	11865150
258	14063470	12952240	13543070	11864270
259	14064100	12952250	13543920	11866680
260	14063480	12951430	13543370	11864670
261	14063950	12952060	13543330	11867710
262	14063710	12952490	13543120	11865310
263	14064280	12952890	13543600	11865050
264	14063060	12951940	13543100	11863540
265	14064050	12952400	13543640	11865720
266	14064490	12952920	13544060	11864550
267	14064430	12952970	13543930	11866060
268	14064790	12953140	13544440	11867840
269	14064000	12952140	13544310	11864710
270	14063960	12952630	13543980	11866590
271	14063800	12952210	13543710	11865410
272	14063650	12952190	13543140	11865890
273	14064910	12953520	13544450	11865780
274	14064870	12953680	13544250	11865980
275	14064720	12953050	13544330	11866730
276	14064440	12953000	13544070	11866080
277	14064380	12953050	13544270	11867600
278	14064690	12953650	13544590	11867210
279	14065320	12953790	13544870	11868270
280	14064780	12953190	13544740	11867580
281	14063950	12952500	13543980	11865760
282	14063290	12951590	13543340	11864540
283	14064180	12952760	13544140	11865900
284	14063510	12952310	13543640	11865110
285	14063600	12951980	13543650	11864980
286	14064030	12952060	13543640	11867820
287	14063980	12951900	13543970	11865030
288	14063730	12952220	13543210	11867310
289	14064880	12952930	13544200	11867350
290	14065860	12953160	13543730	11866350
291	14064730	12953460	13544410	11868970
292	14064460	12952710	13544330	11866570
293	14063850	12952230	13543870	11866780
294	14064430	12953490	13544490	11867220
295	14065540	12954060	13545190	11867760
296	14066300	12955000	13545820	11868610
297	14066080	12954830	13546050	11867280
298	14065510	12954440	13545780	11868740
299	14065540	12954440	13545470	11866760
300	14065210	12953900	13545170	11868160
301	14063870	12952500	13544210	11868640
302	14063410	12952110	13543610	11865960
303	14064680	12953340	13544680	11869020
304	14064880	12952960	13544530	11865170
305	14065390	12953860	13545160	11868000
306	14065370	12953520	13544690	11866890
307	14064710	12953080	13544450	11869270
308	14063850	12952770	13543760	11866570
309	14063920	12952600	13543620	11866840
310	14063730	12952260	13543730	11865430
311	14064530	12952980	13544290	11868800
312	14064790	12953350	13544360	11867010
313	14065010	12953510	13544450	11866110
314	14063440	12951990	13542990	11865590
315	14063810	12951970	13543230	11867290
316	14063540	12952020	13542810	11866130
317	14064340	12952960	13543520	11866790
318	14064880	12953090	13543890	11864260
319	14064800	12952830	13544120	11868640
320	14064230	12952620	13543860	11865770
321	14065400	12953670	13544560	11866540
322	14064410	12953070	13543640	11864420
323	14064660	12952970	13544250	11865330
324	14064870	12953230	13543920	11866440
325	14064300	12952860	13543320	11866830
326	14064290	12953120	13543690	11864750
327	14064150	12953150	13543530	11868490
328	14063490	12952580	13543490	11867760
329	14063810	12952640	13543570	11868680
330	14063580	12952490	13543390	11867520
331	14064470	12953400	13544500	11868430
332	14063840	12953120	13544260	11865080
333	14064950	12953830	13544610	11866620
334	14065050	12953640	13544580	11866650
335	14065890	12954460	13545380	11866740
336	14065410	12954030	13544920	11865740
337	14064850	12953460	13544870	11865580
338	14065760	12954610	13545240	11867890
339	14064320	12953150	13544050	11866600
340	14064890	12953640	13544310	11866990
341	14065550	12954330	13545440	11869160
342	14064910	12953320	13544590	11866590
343	14064050	12952930	13544280	11868020
344	14064290	12953050	13544470	11866560
345	14064460	12953200	13544750	11868230
346	14064620	12953830	13545080	11867870
347	14064100	12953200	13544360	11866850
348	14063900	12953080	13544190	11864510
349	14064020	12953290	13544220	11867930
350	14063490	12953060	13543590	11865160
351	14063090	12952510	13543810	11867160
352	14062720	12952190	13543260	11866920
353	14064680	12953890	13545170	11866290
354	14063510	12952420	13543840	11867100
355	14063560	12952670	13543520	11866200
356	14063850	12953120	13544420	11864250
357	14064640	12953860	13545010	11866380
358	14064020	12953130	13544360	11867890
359	14063200	12951850	13544040	11864760
360	14063110	12952050	13543440	11865350
361	14063980	12952690	13544280	11865300
362	14064430	12953260	13544320	11866360
363	14063390	12952360	13544040	11866170
364	14062730	12951620	13543480	11864900
365	14063750	12952280	13544320	11864650
366	14062410	12951420	13543270	11864850
367	14063380	12952210	13544250	11867330
368	14062810	12951680	13543480	11865620
369	14064030	12952440	13544390	11864890
370	14064250	12953010	13544540	11866910
371	14064290	12953040	13544550	11866130
372	14064450	12953480	13544710	11867180
373	14063820	12952900	13544440	11867760
374	14064550	12953650	13544930	11864970
375	14064370	12953440	13544690	11868860
376	14063050	12952280	13543750	11867250
377	14064310	12953140	13544160	11867770
378	14063280	12952230	13543280	11865350
379	14064690	12953530	13544450	11865760
380	14063600	12952640	13543580	11865930
381	14065490	12954300	13545430	11866880
382	14065110	12953700	13544870	11867640
383	14065510	12954020	13545160	11868620
384	14064900	12953510	13544530	11866580
385	14065360	12953730	13544850	11867970
386	14064300	12953330	13544920	11868270
387	14065360	12953690	13545520	11866390
388	14065670	12953760	13545050	11866900
389	14066210	12953680	13545470	11869940
390	14065470	12953990	13545130	11868060
391	14065300	12952210	13543490	11868280
392	14063250	12952280	13543840	11867500
393	14063720	12952670	13543770	11866470
394	14064130	12953140	13543990	11868180
395	14064240	12952790	13544780	11868140
396	14063840	12952930	13544300	11865320
397	14064010	12952720	13544460	11865990
398	14063490	12952780	13543930	11864880
399	14064050	12952650	13544080	11868330
400	14064000	12952980	13543950	11865890
401	14064650	12953110	13544000	11867960
402	14063750	12952310	13543340	11865390
403	14065100	12953630	13544620	11866290
404	14064730	12953470	13544500	11865250
405	14064590	12953470	13544310	11865920
406	14064590	12953280	13544130	11867160
407	14063530	12952290	13543740	11866920
408	14063730	12952890	13543940	11865290
409	14063700	12952620	13543790	11866020
410	14064600	12953460	13544270	11867320
411	14064870	12953610	13544660	11868320
412	14064720	12953560	13544520	11865630
413	14065750	12959330	13545770	11866490
414	14066130	12954250	13545250	11867760
415	14066580	12954580	13546050	11870290
416	14064730	12952870	13544870	11867900
417	14064330	12952550	13544420	11867890
418	14064440	12952790	13544290	11865090
419	14065060	12953260	13544390	11867480
420	14065420	12953900	13544740	11867620
421	14065350	12953260	13544540	11866190
422	14063630	12952420	13543580	11864810
423	14063810	12952610	13543640	11865650
424	14063650	12952430	13543770	11864080
425	14063800	12952300	13543680	11868220
426	14064290	12951600	13542700	11863160
427	14063960	12952460	13543690	11865580
428	14063590	12952150	13543230	11867310
429	14063700	12953000	13544010	11868070
430	14063950	12952940	13543680	11866280
431	14063520	12952420	13543270	11864650
432	14064290	12953130	13544130	11867220
433	14063270	12952220	13543570	11866700
434	14062100	12951040	13542930	11866150
435	14062250	12951300	13543320	11866340
436	14063750	12952640	13544040	11864740
437	14063070	12952020	13543180	11866220
438	14063240	12953150	13544270	11865230
439	14064940	12953580	13544520	11868440
440	14065310	12954250	13544840	11865810
441	14065800	12954750	13545390	11866770
442	14064950	12953910	13544960	11867850
443	14064490	12953510	13544680	11865470
444	14064520	12953630	13544440	11864870
445	14064950	12953690	13545110	11866340
446	14064850	12953880	13545350	11868100
447	14065110	12954030	13545560	11868960
448	14064460	12953700	13544850	11866790
449	14064940	12954090	13545450	11869420
450	14064930	12953870	13545070	11867280
451	14064930	12954400	13545500	11869300
452	14065380	12953330	13544370	11865380
453	14064620	12953440	13544870	11867670
454	14065660	12954450	13545740	11868350
455	14065490	12954570	13545440	11867180
456	14064960	12953900	13545030	11866780
457	14065060	12954290	13545900	11868910
458	14064120	12953310	13545060	11865260
459	14063880	12953430	13544930	11866340
460	14064560	12953680	13545090	11868250
461	14065210	12954170	13545390	11869270
462	14066180	12954850	13545740	11868300
463	14066070	12954210	13545260	11866450
464	14064460	12953420	13544110	11865350
465	14063460	12952540	13543810	11867230
466	14064420	12952090	13543770	11867060
467	14064880	12953300	13544730	11868990
468	14066000	12959570	13545660	11868710
469	14066040	12954430	13545430	11867010
470	14065230	12953810	13545000	11868120
471	14064590	12952860	13544180	11866790
472	14064900	12953650	13544660	11865750
473	14065600	12954020	13545350	11866800
474	14065730	12954150	13545100	11867960
475	14065380	12953720	13545020	11867060
476	14064400	12952720	13544350	11865330
477	14063700	12952190	13543980	11867560
478	14063890	12953010	13544010	11865420
479	14063770	12952500	13543690	11866850
480	14064280	12952880	13544210	11867670
481	14064920	12953510	13544830	11867520
482	14063970	12952770	13544480	11867150
483	14063770	12952240	13544040	11865070
484	14063960	12952720	13544090	11865950
485	14064730	12953450	13544710	11867670
486	14063280	12952090	13543520	11866630
487	14063200	12951960	13543630	11864650
488	14064160	12952920	13544130	11867090
489	14062880	12951300	13543480	11866430
490	14063180	12951250	13543480	11863930
491	14064950	12952910	13545130	11865950
492	14063970	12952060	13543900	11867470
493	14063850	12951760	13543910	11866230
494	14063340	12952080	13543940	11867230
495	14063970	12952510	13543700	11866130
496	14064020	12952160	13543920	11865310
497	14064200	12952320	13544360	11866800
498	14064990	12953710	13545120	11865220
499	14064710	12947850	13544630	11867170

============================================================
# BITSTREAM: 100ms_101etapas.bit
# VENTANA: 100ms
# ETAPAS_PRINCIPAL: 101
# NUM_MUESTRAS: 500
# FORMATO: idx	freq1_hz	freq2_hz	freq3_hz	freq4_hz
============================================================
idx	freq1_hz	freq2_hz	freq3_hz	freq4_hz
0	10042470	9296280	9788600	9788600
1	10043370	9296270	9789090	9789090
2	10044130	9296840	9789850	9789850
3	10042900	9296550	9788650	9788650
4	10044040	9296960	9789750	9789750
5	10042580	9296370	9789290	9789290
6	10044270	9297080	9789780	9789780
7	10043480	9297210	9789760	9789750
8	10042030	9295950	9788430	9798680
9	10043750	9296180	9789230	9789230
10	10043390	9295910	9788910	9788910
11	10043050	9295710	9788430	9788430
12	10043320	9296000	9788460	9788460
13	10042970	9295640	9788490	9788490
14	10042720	9295840	9788790	9788790
15	10043310	9296120	9789290	9789290
16	10042940	9295620	9788670	9788650
17	10042660	9295770	9788630	9788630
18	10042740	9295860	9788780	9788780
19	10041910	9295160	9787980	9787980
20	10041320	9294690	9787380	9787380
21	10041810	9295300	9788170	9788180
22	10042130	9295730	9788160	9788160
23	10042510	9295670	9788230	9788230
24	10042130	9295480	9788010	9788010
25	10042420	9295620	9788350	9788350
26	10042100	9295310	9788250	9788250
27	10041720	9295300	9788040	9788040
28	10041650	9295150	9787830	9787830
29	10041490	9294520	9787190	9787190
30	10041200	9294160	9786950	9786950
31	10041400	9294320	9787700	9787700
32	10041140	9294220	9787520	9787520
33	10041160	9294150	9787410	9787410
34	10041250	9294290	9787550	9787550
35	10041710	9294560	9787790	9787790
36	10041710	9294860	9787890	9787890
37	10042540	9295420	9788830	9788850
38	10041690	9294520	9787770	9787770
39	10042300	9295410	9788540	9788540
40	10040920	9294220	9787320	9787320
41	10041260	9294400	9787810	9787810
42	10041540	9294660	9787560	9787550
43	10041640	9294420	9787660	9787670
44	10041910	9294960	9787910	9787910
45	10042010	9295150	9787980	9787980
46	10041510	9294840	9787890	9787890
47	10041540	9294940	9787780	9787780
48	10041830	9295060	9787940	9787940
49	10041630	9294840	9788070	9788070
50	10041820	9294890	9788060	9788060
51	10041420	9294470	9787820	9787820
52	10040870	9293820	9786880	9786880
53	10040670	9293900	9787080	9787080
54	10041620	9294940	9788030	9788030
55	10042330	9295160	9788730	9788730
56	10041980	9295040	9788100	9788100
57	10042100	9294990	9788340	9788340
58	10041700	9294570	9788130	9788130
59	10042090	9295060	9788780	9788780
60	10041920	9294940	9788060	9788060
61	10041530	9294810	9788070	9788070
62	10041640	9294970	9788240	9788240
63	10041350	9294780	9788220	9788220
64	10041910	9295230	9788000	9788000
65	10041850	9295190	9788120	9788120
66	10042250	9295250	9788140	9788140
67	10041990	9294780	9787640	9787640
68	10041530	9294250	9786810	9786810
69	10041550	9294190	9787120	9787120
70	10041730	9294300	9787340	9787340
71	10041650	9294420	9787660	9787670
72	10042050	9294540	9787280	9787290
73	10041490	9294150	9787230	9787220
74	10041980	9294640	9787460	9787470
75	10041140	9294200	9786950	9786940
76	10041450	9294540	9787680	9787690
77	10041010	9293750	9786820	9786820
78	10040750	9293530	9786330	9786330
79	10041060	9293720	9787010	9787010
80	10042070	9294770	9787830	9787830
81	10041340	9294050	9786700	9786700
82	10040840	9293600	9786240	9786240
83	10040580	9293590	9786730	9786730
84	10041000	9293800	9786650	9786650
85	10041200	9293840	9786680	9786680
86	10040850	9293990	9786680	9786680
87	10041450	9294450	9787030	9787030
88	10041380	9294320	9786840	9786830
89	10040980	9293740	9786550	9786560
90	10040570	9293410	9786310	9786310
91	10041050	9293820	9786710	9786700
92	10041920	9294770	9787390	9787400
93	10041710	9294520	9787670	9787670
94	10040490	9293420	9786100	9786090
95	10041010	9293940	9786590	9786600
96	10041390	9294370	9786980	9786980
97	10041200	9294210	9787180	9787100
98	10042280	9295070	9787790	9787790
99	10042100	9294740	9787700	9787710
100	10041700	9294540	9787510	9787530
101	10041850	9294450	9787620	9787620
102	10041380	9294310	9787620	9787270
103	10041460	9294020	9787260	9787260
104	10041590	9294520	9787880	9787870
105	10040920	9293790	9787050	9787060
106	10041290	9294320	9787630	9787630
107	10041410	9294460	9787640	9787640
108	10041110	9294080	9787210	9787210
109	10041190	9294220	9787390	9787390
110	10041410	9294200	9787640	9787640
111	10040930	9293880	9787140	9787140
112	10041120	9294200	9787440	9787440
113	10041290	9294320	9787830	9787830
114	10041980	9294980	9788060	9788060
115	10042040	9295030	9788660	9788650
116	10041690	9294870	9787740	9787750
117	10041460	9294640	9787780	9787770
118	10041290	9294580	9787190	9787200
119	10040610	9293770	9787340	9787340
120	10040620	9293990	9787220	9787220
121	10040970	9294010	9787410	9787410
122	10040390	9293690	9786740	9786740
123	10041690	9294810	9787870	9787870
124	10041990	9295140	9787950	9787950
125	10041380	9294700	9787920	9787920
126	10040960	9294560	9787320	9787320
127	10041140	9294800	9787860	9787860
128	10041210	9294630	9787350	9787350
129	10040960	9294170	9787090	9787090
130	10041300	9294970	9787890	9787890
131	10041100	9294420	9787510	9787510
132	10041660	9294650	9787800	9787800
133	10041380	9294460	9787310	9787310
134	10041210	9294560	9787420	9787420
135	10041780	9294840	9787920	9787920
136	10040970	9294350	9787410	9787410
137	10041650	9294570	9787590	9787590
138	10041920	9294910	9787640	9787640
139	10042240	9294920	9787910	9787910
140	10042410	9295300	9787860	9787860
141	10042450	9295160	9787930	9787930
142	10042310	9294990	9787760	9787760
143	10042550	9295250	9788380	9788380
144	10042050	9294950	9787970	9787970
145	10041910	9294880	9787810	9787810
146	10042760	9295660	9788010	9788010
147	10043940	9296610	9789060	9789060
148	10042880	9295810	9788370	9788370
149	10043130	9295960	9788860	9788860
150	10043240	9296120	9788840	9788840
151	10042540	9295480	9788260	9788260
152	10042350	9295340	9787880	9787880
153	10042340	9294850	9787460	9787460
154	10042600	9295460	9788010	9788010
155	10043350	9295930	9788670	9788670
156	10043250	9295650	9788190	9788190
157	10043480	9296060	9788740	9788740
158	10043760	9296500	9788910	9788910
159	10043340	9296150	9788700	9788700
160	10043500	9296540	9789030	9789030
161	10043700	9296420	9789490	9789490
162	10042300	9296100	9788290	9788290
163	10043270	9296000	9788740	9788740
164	10042950	9296080	9788710	9788710
165	10043110	9295920	9788760	9788750
166	10042810	9296050	9788780	9788790
167	10042120	9295300	9788260	9788260
168	10041660	9294950	9787510	9787510
169	10041850	9295070	9787960	9787960
170	10041970	9295290	9788230	9788230
171	10042650	9295750	9788300	9788290
172	10041910	9295290	9787980	9787990
173	10041250	9294440	9787450	9787450
174	10042220	9295140	9787880	9787880
175	10042530	9295600	9788180	9788840
176	10042760	9295770	9788330	9788320
177	10042410	9295320	9788150	9788160
178	10042500	9295630	9788200	9788200
179	10042250	9295390	9788050	9788040
180	10042120	9295220	9788030	9788040
181	10042010	9295060	9787870	9787870
182	10042400	9295580	9787770	9787770
183	10042000	9295170	9787870	9787870
184	10042060	9295310	9787930	9787930
185	10042550	9295740	9788580	9788580
186	10042500	9295580	9788370	9788370
187	10041870	9294990	9787960	9787960
188	10041350	9294670	9787610	9787610
189	10041460	9294840	9787300	9787300
190	10041840	9294890	9787720	9787720
191	10042110	9295120	9787730	9787730
192	10042490	9295710	9788130	9788130
193	10041720	9294760	9787560	9787550
194	10042120	9295130	9787530	9787540
195	10042160	9294920	9787420	9787420
196	10042160	9295070	9787960	9787640
197	10041770	9294770	9787850	9787850
198	10041890	9295210	9787870	9787860
199	10042430	9295270	9788150	9788160
200	10041860	9295000	9787740	9787740
201	10042070	9295180	9788180	9788180
202	10041960	9295060	9788010	9788010
203	10042340	9295480	9788490	9788490
204	10042470	9295680	9788250	9788250
205	10043110	9296060	9788770	9788770
206	10043070	9296280	9788840	9788840
207	10043360	9296190	9788620	9788620
208	10042700	9295650	9788200	9788200
209	10042590	9295650	9788490	9788490
210	10043110	9296070	9789040	9789040
211	10043900	9296800	9789760	9789760
212	10041710	9295450	9788160	9788160
213	10042380	9295150	9788460	9788460
214	10043020	9295800	9788660	9788660
215	10043070	9295940	9788880	9788880
216	10042980	9295990	9788430	9788430
217	10042780	9295480	9788440	9788440
218	10043240	9296140	9788540	9788540
219	10042810	9295450	9788450	9788450
220	10042760	9295560	9788370	9788370
221	10043940	9296360	9789690	9789690
222	10042420	9295970	9788380	9788380
223	10042980	9295570	9788700	9788700
224	10042830	9295600	9788610	9788610
225	10043000	9295470	9788370	9788370
226	10042400	9295350	9788360	9788360
227	10042570	9295470	9788600	9788600
228	10042620	9295520	9788140	9788140
229	10042600	9295520	9788290	9788280
230	10042650	9295870	9788310	9788320
231	10041660	9295100	9787580	9787580
232	10041760	9295190	9787250	9787250
233	10042280	9295480	9788180	9788180
234	10042450	9295860	9788170	9788170
235	10043120	9296300	9788760	9788760
236	10042870	9296060	9788700	9788700
237	10042330	9295500	9788200	9788200
238	10042650	9295710	9788210	9788200
239	10042190	9295260	9787610	9787610
240	10042070	9295510	9787510	9787500
241	10042560	9295880	9788120	9788130
242	10042420	9295420	9787710	9787710
243	10042310	9295260	9787560	9787560
244	10041490	9294790	9786630	9786620
245	10041270	9294370	9786960	9786970
246	10042230	9295390	9787740	9787740
247	10042760	9295770	9788050	9788050
248	10041390	9294450	9787040	9787040
249	10040910	9294130	9786510	9786510
250	10041090	9294370	9786610	9786610
251	10040660	9293930	9786460	9786460
252	10040910	9294050	9786880	9786880
253	10040000	9293200	9785950	9785940
254	10040300	9293610	9786360	9786370
255	10040550	9293490	9786430	9786430
256	10041010	9294010	9786250	9786250
257	10040280	9293360	9786250	9786170
258	10040240	9293330	9786070	9786070
259	10041020	9294040	9786700	9786700
260	10041010	9294010	9786730	9786720
261	10041180	9294340	9786960	9786970
262	10040100	9293430	9785990	9785990
263	10040070	9293430	9786670	9786670
264	10040120	9293430	9786240	9786240
265	10039810	9293110	9786250	9786250
266	10040370	9293730	9786510	9786830
267	10040680	9294010	9786780	9786780
268	10040490	9293800	9786490	9786490
269	10040230	9293720	9786340	9786340
270	10040570	9294210	9786750	9786740
271	10041190	9294220	9787560	9787570
272	10040360	9293620	9786640	9786640
273	10040940	9294050	9787020	9787020
274	10041030	9294310	9787020	9787450
275	10040250	9293520	9786790	9786790
276	10040410	9293730	9786560	9786560
277	10039920	9293380	9786720	9786420
278	10040190	9293550	9786350	9786350
279	10041450	9294530	9787620	9787630
280	10040200	9293690	9786670	9786680
281	10040690	9293860	9786880	9786880
282	10040420	9293900	9786900	9786900
283	10039750	9293580	9786540	9786540
284	10039830	9293510	9786430	9786430
285	10039570	9293160	9786230	9786230
286	10039890	9293510	9786800	9786800
287	10040300	9293730	9787090	9787090
288	10040030	9293690	9786830	9786870
289	10041050	9294530	9787030	9786990
290	10041330	9294590	9787350	9787350
291	10040860	9294130	9786960	9787030
292	10041360	9294940	9787310	9787310
293	10042070	9295340	9788160	9788160
294	10041120	9294470	9787070	9787070
295	10041040	9294030	9786960	9786950
296	10040740	9293990	9786780	9786790
297	10040940	9294120	9786950	9786950
298	10040620	9293880	9786460	9786460
299	10041000	9294080	9786850	9786850
300	10041600	9294740	9787650	9787650
301	10041570	9294870	9787740	9787740
302	10041450	9294890	9787630	9787630
303	10041480	9294750	9787270	9787260
304	10041360	9294890	9787030	9787040
305	10040730	9294440	9787060	9787060
306	10040690	9294190	9787030	9787030
307	10040870	9294250	9787220	9787220
308	10040600	9294110	9786840	9786840
309	10040680	9293760	9786860	9786860
310	10040510	9293510	9786440	9786440
311	10040610	9293610	9786710	9786710
312	10040950	9293890	9786860	9786860
313	10041370	9294370	9787320	9787320
314	10040900	9294050	9787010	9787010
315	10040300	9293320	9786270	9786270
316	10040290	9293150	9786290	9786290
317	10040300	9293220	9786290	9786290
318	10040460	9293640	9786490	9786490
319	10040830	9293740	9786500	9786500
320	10040750	9293570	9786240	9786240
321	10040280	9293220	9786180	9786180
322	10040990	9293920	9786600	9786600
323	10040900	9293790	9786370	9786370
324	10040170	9293090	9785950	9785950
325	10040350	9292980	9786400	9786430
326	10039720	9292750	9785990	9785990
327	10039720	9292820	9786210	9786230
328	10041750	9294780	9787630	9787630
329	10041340	9294230	9787200	9787200
330	10040740	9293860	9786730	9786730
331	10041200	9294140	9786920	9786920
332	10040900	9293890	9787060	9787080
333	10040770	9293720	9787030	9787030
334	10041000	9293910	9786900	9786890
335	10040830	9293860	9787140	9787140
336	10040530	9293230	9786320	9786330
337	10040580	9293430	9786300	9786300
338	10040200	9293210	9786040	9786040
339	10040940	9294100	9786950	9786950
340	10041410	9294550	9787060	9787060
341	10041450	9294220	9787260	9787260
342	10041430	9294370	9787350	9787350
343	10041920	9294940	9787780	9787780
344	10041280	9294300	9787130	9787130
345	10042000	9294980	9788090	9788090
346	10041870	9294940	9787970	9787970
347	10041410	9294280	9787510	9787510
348	10041570	9294480	9787460	9787460
349	10040930	9294050	9786990	9786990
350	10040890	9293850	9786780	9786780
351	10040630	9293520	9786290	9786290
352	10041280	9294190	9786870	9786870
353	10041630	9294460	9786800	9786800
354	10040800	9293670	9786270	9786270
355	10041670	9294400	9787520	9787520
356	10041600	9294410	9786840	9786840
357	10042210	9294770	9787340	9787340
358	10042390	9295220	9787550	9787550
359	10041290	9294090	9786340	9786340
360	10041350	9294250	9786300	9786300
361	10041740	9294560	9786900	9786900
362	10041140	9294120	9786380	9786380
363	10041740	9294700	9787270	9787270
364	10041720	9294610	9787120	9787120
365	10041470	9294370	9787260	9787250
366	10040810	9294050	9786510	9786520
367	10040650	9293610	9785780	9785780
368	10041780	9294990	9786810	9786810
369	10042070	9295110	9787050	9787050
370	10041530	9294530	9786690	9786570
371	10042050	9294670	9787170	9787170
372	10042020	9294840	9787410	9787410
373	10040910	9293550	9785950	9785950
374	10041020	9293910	9786630	9786370
375	10040900	9293890	9786590	9786590
376	10041200	9293970	9785820	9785820
377	10041650	9293910	9786280	9786280
378	10041240	9293550	9786350	9786350
379	10040380	9292960	9785650	9785650
380	10040320	9293170	9784940	9784940
381	10041200	9294180	9786110	9786110
382	10041050	9294060	9786080	9786080
383	10040850	9293750	9786100	9786100
384	10041170	9293690	9786230	9786180
385	10041330	9293820	9786580	9786580
386	10041180	9293840	9786150	9786150
387	10041810	9294800	9787280	9787280
388	10040710	9294200	9786310	9786310
389	10041060	9294250	9786590	9786590
390	10041370	9294450	9786570	9786570
391	10041450	9294650	9786660	9786660
392	10041360	9294560	9786600	9786600
393	10040980	9294290	9786490	9786490
394	10041210	9294410	9786380	9786380
395	10041260	9294420	9786510	9786510
396	10041120	9294310	9786300	9786300
397	10040930	9294130	9786710	9786710
398	10041340	9294350	9786600	9786600
399	10041130	9294470	9786930	9786930
400	10041600	9295140	9787730	9787730
401	10041410	9294710	9787320	9787320
402	10040800	9293990	9786750	9786750
403	10041340	9294140	9786990	9786990
404	10041000	9293990	9787040	9787040
405	10041840	9294620	9787910	9787910
406	10041600	9294340	9787420	9787190
407	10041430	9294170	9786960	9786960
408	10041420	9294400	9787000	9787000
409	10041670	9294490	9786980	9786980
410	10041450	9294210	9786740	9786740
411	10041770	9294310	9787030	9787030
412	10041270	9294210	9787000	9787000
413	10041190	9294130	9786800	9786800
414	10041410	9294200	9786580	9786580
415	10040770	9293480	9786130	9786130
416	10041480	9294240	9787120	9787120
417	10041540	9294140	9786990	9787230
418	10041290	9294030	9786770	9786770
419	10041450	9294250	9786890	9786890
420	10041180	9294340	9787090	9787090
421	10041690	9294650	9787660	9787660
422	10041180	9294410	9787130	9787130
423	10041400	9294390	9787440	9787440
424	10040770	9293790	9786660	9786660
425	10040380	9293320	9786460	9786460
426	10040260	9293370	9786070	9786070
427	10040440	9293540	9786290	9786290
428	10040340	9293410	9786180	9786180
429	10041240	9294240	9787250	9787250
430	10041450	9294620	9787210	9787210
431	10041080	9294110	9787290	9787290
432	10041090	9294230	9787170	9787170
433	10040920	9294080	9787290	9787290
434	10041340	9294480	9787430	9787370
435	10041180	9294160	9786800	9786800
436	10041150	9294420	9786660	9786660
437	10041300	9294400	9786900	9786890
438	10040690	9294170	9786690	9786700
439	10040970	9294480	9787180	9787180
440	10041580	9295090	9787500	9787500
441	10040860	9294360	9786740	9786740
442	10041080	9294640	9787130	9787130
443	10040900	9294240	9787010	9787010
444	10040640	9294040	9786560	9786560
445	10041230	9294700	9787460	9787460
446	10040980	9294480	9787090	9787090
447	10041450	9295180	9787660	9787650
448	10041900	9295560	9787700	9787710
449	10041910	9295440	9787690	9787710
450	10041950	9295410	9787410	9788000
451	10041710	9295230	9787650	9787660
452	10041420	9294930	9787250	9787250
453	10041710	9294910	9787490	9787490
454	10041640	9294890	9787010	9787010
455	10041670	9294940	9787460	9787460
456	10041340	9294620	9787230	9787230
457	10040690	9293980	9786620	9786620
458	10042510	9295830	9787980	9787980
459	10042960	9296220	9788550	9788550
460	10042170	9295380	9787450	9787450
461	10041870	9295210	9787730	9787720
462	10042380	9295650	9787690	9787700
463	10042410	9295520	9787810	9787810
464	10042540	9295780	9787660	9787660
465	10042300	9295680	9787950	9787950
466	10042290	9295850	9787680	9787680
467	10042860	9296350	9788420	9788420
468	10041590	9295000	9787270	9787270
469	10041400	9294610	9787010	9787010
470	10041830	9295050	9787400	9787400
471	10041630	9294870	9786750	9786750
472	10042150	9295280	9787220	9787210
473	10041980	9295350	9787810	9787820
474	10042480	9295840	9788020	9788020
475	10042830	9296290	9788610	9788610
476	10042520	9295730	9787720	9787720
477	10041740	9295030	9787470	9787470
478	10042920	9296090	9788720	9788720
479	10042900	9296230	9788660	9788660
480	10042280	9295830	9787980	9787980
481	10042430	9295950	9788340	9788340
482	10041810	9295530	9787450	9787450
483	10041990	9295790	9788080	9788080
484	10042890	9296600	9789200	9788860
485	10042500	9295900	9788400	9788400
486	10041850	9295440	9788010	9788010
487	10041960	9295430	9788000	9788000
488	10042340	9295970	9788210	9788210
489	10041430	9295090	9787580	9787580
490	10041700	9295370	9787580	9787580
491	10042710	9296040	9788610	9788610
492	10042930	9296390	9788870	9788870
493	10043040	9296560	9788930	9788930
494	10042900	9296070	9788580	9788580
495	10042750	9296000	9788250	9788250
496	10042910	9296130	9788650	9788650
497	10042950	9296070	9788540	9788540
498	10042510	9295880	9788220	9788220
499	10042630	9296130	9788610	9788600

============================================================
# BITSTREAM: 10ms_3etapas.bit
# VENTANA: 10ms
# ETAPAS_PRINCIPAL: 3
# NUM_MUESTRAS: 500
# FORMATO: idx	freq1_hz	freq2_hz	freq3_hz	freq4_hz
============================================================
idx	freq1_hz	freq2_hz	freq3_hz	freq4_hz
0	34341400	34341400	35111000	35111000
1	34342200	34342200	35108900	35108900
2	34340600	34340600	35108300	35108300
3	34341200	34341200	35108200	35108200
4	34340800	34340800	35108400	35108400
5	34333600	34333600	35106200	35106200
6	34335100	34335100	35106300	35106300
7	34333300	34333300	35107700	35107700
8	34335100	34335100	35109900	35109900
9	34338200	34338300	35109000	35109000
10	34340200	34340100	35110800	35114000
11	34342500	34342500	35112600	35112600
12	34344100	34344100	35113600	35113600
13	34343700	34343700	35112100	35112100
14	34346000	34346000	35114700	35114700
15	34342600	34342700	35111400	35111400
16	34338800	34338700	35112100	35112100
17	34339900	34340000	35114900	35114900
18	34344000	34343900	35114300	35114300
19	34341600	34341600	35112100	35112100
20	34344400	34344400	35113700	35113700
21	34345500	34345600	35114600	35114600
22	34342200	34342100	35112800	35112800
23	34343600	34343600	35113300	35113300
24	34344600	34344600	35114600	35114600
25	34341700	34341700	35114000	35114000
26	34340100	34340100	35112300	35112300
27	34341700	34341800	35112500	35112500
28	34343400	34343300	35112700	35112700
29	34346300	34346300	35114900	35114900
30	34346700	34346800	35116700	35116700
31	34344300	34344200	35113800	35113800
32	34342000	34342000	35113500	35113500
33	34342500	34342500	35114100	35114100
34	34344500	34344500	35112200	35112200
35	34346000	34346000	35112500	35112500
36	34343900	34343900	35111200	35111200
37	34338500	34338500	35105600	35105600
38	34338500	34338500	35109200	35109200
39	34340400	34340400	35110100	35110100
40	34342300	34342300	35111200	35111200
41	34343600	34343600	35113500	35113500
42	34338000	34338000	35109400	35109400
43	34337200	34337300	35108400	35108400
44	34338400	34338400	35111100	35111100
45	34336200	34336100	35109000	35109000
46	34335800	34335800	35107600	35107600
47	34339700	34339700	35110800	35110800
48	34340100	34340100	35111000	35111000
49	34341600	34341700	35114200	35114200
50	34338400	34338300	35110800	35110800
51	34337100	34337100	35111000	35111000
52	34339000	34339000	35112800	35112800
53	34337900	34337900	35113300	35113300
54	34340600	34340600	35113900	35113900
55	34341700	34341700	35115400	35115400
56	34341100	34341100	35113200	35113200
57	34339400	34339400	35109000	35112400
58	34338700	34338700	35109900	35109900
59	34338900	34339000	35108700	35108700
60	34337500	34337400	35110700	35110700
61	34335000	34335000	35107900	35107900
62	34336200	34336200	35108200	35108200
63	34338600	34338600	35111500	35111600
64	34338500	34338500	35111600	35111500
65	34341500	34341500	35113400	35113400
66	34339900	34339900	35112100	35112100
67	34336000	34336100	35109000	35109000
68	34340100	34340000	35113400	35113400
69	34337100	34337200	35110000	35110000
70	34340000	34339900	35111500	35111600
71	34338900	34338900	35109800	35109700
72	34342200	34342200	35111900	35111900
73	34341900	34342000	35109600	35109600
74	34342900	34342800	35111600	35111600
75	34341500	34341500	35112500	35112500
76	34343200	34343300	35112400	35112400
77	34342400	34342300	35113900	35113900
78	34343500	34343500	35115600	35115600
79	34342300	34342300	35116000	35116000
80	34340600	34340600	35112700	35112700
81	34343400	34343400	35112900	35112900
82	34341500	34341500	35114600	35114600
83	34343200	34343200	35112700	35112700
84	34342500	34342500	35113500	35113500
85	34342200	34342200	35114500	35114500
86	34349900	34349900	35117800	35117800
87	34344600	34344600	35116600	35116600
88	34344400	34344400	35114500	35114500
89	34342900	34342900	35112700	35112700
90	34343000	34343000	35113800	35113800
91	34344100	34344100	35113700	35113700
92	34338700	34338700	35113300	35113300
93	34340000	34340000	35112500	35112500
94	34338200	34338200	35110600	35110600
95	34340100	34340100	35113800	35113900
96	34337600	34337600	35112000	35111900
97	34341300	34341300	35115200	35112600
98	34335300	34335300	35109600	35109600
99	34338700	34338800	35111500	35111500
100	34339500	34339400	35112500	35112500
101	34345300	34345300	35116300	35116300
102	34343500	34343500	35116300	35116300
103	34340400	34340500	35114300	35114300
104	34333100	34333000	35108100	35108200
105	34334600	34334700	35109000	35108900
106	34332400	34332300	35105900	35105900
107	34330000	34330000	35104900	35104900
108	34334000	34334000	35107400	35107400
109	34333200	34333300	35108700	35108700
110	34329500	34329500	35105700	35105700
111	34331700	34331700	35108000	35108000
112	34330100	34330000	35105600	35105600
113	34331600	34331700	35106200	35106200
114	34335400	34335300	35107100	35107100
115	34334400	34334400	35107900	35107900
116	34335100	34335200	35111700	35111700
117	34337300	34337300	35110000	35110000
118	34334200	34334100	35109700	35109700
119	34332700	34332700	35107700	35107700
120	34328200	34328200	35103600	35103600
121	34330100	34330100	35105800	35105900
122	34332800	34332800	35107300	35107300
123	34336700	34336700	35106500	35106400
124	34333500	34333500	35106100	35106100
125	34335400	34335400	35107200	35107200
126	34335100	34335100	35107000	35107000
127	34330600	34330600	35104900	35105500
128	34333400	34333400	35108100	35108100
129	34332000	34332000	35106600	35106600
130	34336100	34336100	35108400	35108400
131	34332800	34332900	35108600	35108600
132	34334300	34334200	35106600	35106600
133	34335700	34335800	35108200	35108200
134	34335800	34335800	35109100	35109100
135	34334300	34334200	35111500	35111500
136	34333300	34333300	35111000	35111000
137	34332800	34332800	35112100	35112100
138	34333900	34333900	35112300	35112300
139	34330200	34330300	35108300	35108300
140	34332100	34332000	35109800	35109800
141	34332000	34332000	35106300	35106300
142	34334300	34334300	35107300	35107300
143	34334100	34334100	35110300	35110300
144	34334600	34334600	35110900	35111000
145	34336600	34336600	35108000	35107900
146	34332200	34332200	35104200	35104200
147	34334000	34334000	35106400	35106400
148	34331400	34331400	35106700	35106700
149	34335800	34335800	35109600	35109600
150	34334200	34334200	35110100	35110100
151	34335900	34336000	35110200	35110200
152	34333600	34333600	35107100	35107100
153	34333800	34333700	35107200	35107200
154	34334900	34334900	35105600	35105600
155	34331800	34331800	35103800	35103800
156	34333200	34333300	35104200	35104200
157	34332900	34332800	35103200	35103200
158	34336900	34336900	35107100	35107100
159	34338000	34338000	35108500	35108500
160	34340500	34340500	35110500	35110500
161	34343300	34343300	35111700	35111700
162	34341700	34341700	35112400	35112400
163	34342400	34342400	35111900	35111900
164	34339500	34339500	35108600	35108600
165	34345400	34345400	35112700	35112700
166	34341500	34341600	35111200	35111200
167	34343700	34343600	35113000	35113000
168	34340400	34340400	35110600	35110600
169	34346500	34346500	35113200	35113200
170	34344300	34344300	35109200	35109200
171	34344500	34344500	35111000	35111000
172	34343800	34343800	35110000	35110000
173	34344200	34344200	35110400	35110400
174	34341100	34341100	35109100	35109100
175	34341500	34341600	35111500	35111500
176	34339600	34339500	35110400	35110400
177	34342500	34342500	35114600	35114600
178	34340100	34340100	35112400	35112400
179	34341000	34341000	35112300	35112300
180	34345000	34345000	35112600	35112600
181	34342700	34342800	35111800	35111800
182	34342700	34342600	35115200	35115200
183	34340400	34340400	35114500	35114500
184	34338000	34338100	35110800	35110800
185	34340800	34340700	35112200	35112200
186	34339000	34339000	35107700	35107700
187	34339200	34339300	35108300	35108400
188	34338300	34338200	35109100	35109000
189	34340800	34340800	35110200	35110200
190	34344900	34344900	35113600	35113600
191	34350200	34350300	35119600	35119600
192	34341100	34341000	35110800	35110800
193	34344100	34344200	35114100	35114100
194	34345700	34345600	35113600	35113600
195	34343800	34343800	35113700	35113700
196	34343800	34343800	35113800	35113900
197	34344400	34344400	35116000	35115900
198	34346600	34346700	35117300	35117300
199	34344200	34344100	35116300	35116400
200	34343700	34343700	35117900	35117800
201	34345900	34345900	35118800	35118800
202	34341700	34341800	35117000	35117000
203	34340700	34340600	35118200	35118200
204	34341800	34341800	35115100	35115100
205	34343900	34343900	35117400	35117400
206	34343900	34343900	35115100	35115100
207	34341200	34341200	35114800	35114800
208	34341400	34341400	35111400	35111400
209	34339900	34339900	35112600	35112600
210	34341700	34341800	35115100	35115200
211	34342700	34342700	35113500	35113400
212	34341300	34341300	35113900	35113900
213	34341600	34341500	35116000	35116000
214	34340600	34340700	35116100	35116100
215	34344700	34344600	35116000	35116000
216	34345600	34345600	35116200	35116200
217	34346200	34346200	35114500	35114500
218	34340400	34340400	35112800	35112900
219	34335800	34335900	35110600	35110500
220	34340300	34340200	35113600	35113600
221	34340300	34340300	35114000	35114000
222	34339900	34339900	35112700	35112700
223	34334800	34334900	35111400	35111400
224	34337600	34337600	35112500	35112500
225	34338200	34338100	35113900	35113900
226	34337600	34337600	35112000	35112000
227	34339400	34339400	35112600	35112600
228	34339600	34339600	35111900	35111900
229	34337900	34337900	35109300	35109300
230	34334500	34334600	35110100	35110100
231	34339600	34339500	35113100	35113100
232	34341200	34341200	35113700	35113700
233	34338300	34338400	35110800	35110800
234	34340900	34340900	35115500	35115500
235	34337800	34337700	35112500	35112500
236	34343700	34343700	35115700	35115800
237	34339000	34339000	35114000	35113900
238	34337300	34337300	35112500	35112500
239	34338700	34338800	35111300	35111300
240	34340100	34340000	35114100	35114100
241	34341500	34341500	35115500	35115500
242	34341400	34341400	35113500	35113400
243	34337100	34337100	35113500	35113600
244	34337200	34337200	35111400	35111400
245	34341800	34341800	35115700	35115700
246	34339800	34339800	35113800	35115700
247	34340400	34340400	35113900	35114000
248	34338700	34338800	35113000	35112900
249	34341700	34341600	35113800	35113800
250	34341900	34341900	35113500	35113500
251	34340700	34340800	35115400	35115400
252	34342300	34342200	35115600	35115600
253	34342300	34342300	35115300	35115300
254	34335100	34335100	35110800	35110800
255	34338900	34338900	35113200	35113200
256	34337700	34337700	35111000	35111000
257	34336900	34336900	35112400	35112600
258	34337400	34337500	35111900	35111900
259	34340000	34339900	35112700	35112600
260	34341500	34341500	35114800	35114900
261	34344400	34344400	35115000	35115000
262	34343800	34343900	35116200	35116600
263	34345200	34345100	35116100	35116100
264	34343700	34343700	35114200	35114200
265	34339300	34339300	35109400	35109400
266	34340300	34340300	35112400	35112400
267	34343500	34343500	35115100	35115100
268	34343400	34343400	35113900	35113900
269	34345600	34345600	35113900	35113900
270	34342700	34342800	35112300	35112300
271	34340900	34340900	35111700	35111700
272	34339600	34339500	35109100	35109100
273	34345000	34345000	35110600	35110600
274	34343300	34343300	35110800	35110800
275	34346300	34346300	35114100	35114100
276	34346500	34346500	35115000	35115000
277	34349300	34349300	35115100	35115100
278	34353600	34353600	35117500	35117500
279	34351200	34351200	35114800	35114800
280	34349200	34349200	35115200	35115200
281	34349600	34349600	35116500	35116100
282	34347500	34347500	35114900	35114900
283	34347700	34347700	35115400	35115400
284	34344800	34344800	35111600	35111600
285	34344400	34344400	35112900	35112900
286	34346000	34346000	35113100	35113100
287	34347000	34347000	35114000	35114000
288	34347600	34347600	35114600	35114600
289	34348300	34348300	35112200	35112200
290	34346500	34346500	35112200	35112200
291	34345600	34345600	35113400	35113400
292	34347800	34347900	35114500	35114500
293	34342000	34341900	35110400	35110400
294	34340600	34340600	35110100	35110100
295	34342000	34342000	35112500	35112500
296	34342900	34342900	35114000	35114000
297	34342200	34342200	35112700	35112700
298	34342400	34342400	35112600	35112600
299	34347200	34347200	35114600	35114600
300	34343200	34343200	35113900	35113900
301	34348200	34348200	35117200	35117300
302	34346700	34346700	35114900	35114800
303	34347900	34347900	35117100	35117100
304	34345600	34345700	35115500	35115500
305	34348500	34348400	35118600	35118600
306	34351200	34351200	35119400	35119400
307	34349200	34349200	35118000	35118000
308	34348200	34348200	35115400	35115500
309	34346900	34346900	35116200	35116100
310	34349300	34349300	35117400	35117400
311	34346000	34346000	35115700	35115700
312	34346600	34346700	35115600	35115600
313	34341600	34341500	35111500	35111500
314	34345300	34345300	35115100	35115100
315	34349300	34349300	35119300	35119300
316	34349800	34349800	35119800	35119800
317	34348500	34348500	35116400	35116400
318	34345100	34345100	35114900	35114900
319	34348300	34348300	35117400	35117400
320	34345500	34345500	35115400	35115400
321	34346600	34346600	35117400	35117400
322	34344500	34344500	35114900	35114900
323	34346000	34346000	35117800	35117800
324	34344700	34344700	35114800	35114800
325	34347800	34347800	35118700	35118700
326	34352300	34352300	35118700	35118700
327	34349200	34349200	35118400	35118400
328	34345900	34345900	35114400	35114400
329	34350400	34350400	35115800	35115800
330	34348400	34348500	35114900	35114900
331	34349200	34349100	35115600	35115600
332	34349300	34349300	35116000	35116000
333	34344400	34344400	35115300	35115300
334	34344700	34344700	35115000	35115000
335	34345500	34345500	35117200	35117200
336	34344600	34344600	35116600	35116600
337	34345800	34345800	35118600	35118600
338	34345900	34346000	35116900	35116900
339	34341400	34341300	35113000	35113000
340	34343700	34343700	35112100	35112100
341	34343200	34343200	35109700	35109700
342	34343000	34343000	35109100	35109100
343	34344500	34344500	35114100	35114100
344	34341800	34341800	35113000	35113000
345	34342600	34342600	35115500	35115500
346	34343400	34343500	35114600	35114600
347	34341700	34341600	35114300	35114300
348	34338300	34338300	35114700	35114700
349	34341600	34341700	35114800	35114800
350	34344400	34344300	35117900	35117900
351	34343100	34343100	35115300	35115300
352	34343200	34343200	35116000	35116000
353	34338900	34339000	35114400	35114400
354	34337700	34337600	35111600	35111700
355	34340700	34340800	35112500	35112400
356	34338000	34337900	35112200	35112200
357	34336600	34336600	35110500	35110500
358	34338900	34338900	35111400	35111400
359	34343000	34343000	35114900	35114900
360	34341300	34341300	35114000	35114000
361	34343900	34344000	35114900	35114900
362	34339400	34339300	35114100	35114100
363	34338200	34338200	35111400	35111400
364	34339000	34339100	35112400	35112400
365	34341400	34341400	35114200	35114200
366	34341600	34341500	35113600	35113600
367	34340300	34340300	35114500	35114500
368	34339900	34340000	35113100	35113100
369	34342000	34341900	35115900	35115900
370	34340700	34340700	35113500	35113500
371	34338100	34338100	35112900	35112900
372	34334500	34334500	35108700	35108700
373	34335800	34335800	35111300	35111300
374	34339900	34339900	35112600	35112600
375	34342000	34342000	35113000	35113000
376	34339600	34339600	35112600	35112600
377	34337100	34337100	35111300	35111300
378	34343700	34343700	35115300	35115300
379	34342800	34342800	35115100	35115100
380	34339400	34339500	35111600	35111600
381	34339900	34339800	35113900	35113900
382	34341800	34341800	35115500	35115500
383	34342100	34342100	35114400	35114400
384	34342300	34342300	35114800	35114800
385	34343100	34343100	35116400	35116400
386	34343800	34343800	35117100	35117100
387	34343400	34343400	35116200	35116200
388	34341600	34341600	35115200	35115200
389	34334800	34334800	35113000	35113000
390	34332700	34332700	35110500	35110600
391	34336600	34336600	35114800	35114700
392	34333600	34333600	35113300	35113300
393	34334300	34334300	35112500	35112600
394	34340700	34340700	35116400	35116300
395	34340500	34340500	35115100	35115100
396	34338400	34338400	35114500	35114500
397	34337400	34337400	35115100	35115100
398	34337700	34337700	35114700	35114700
399	34340600	34340700	35115100	35115100
400	34339900	34339900	35115800	35115800
401	34342300	34342200	35117800	35117800
402	34340600	34340600	35115100	35115100
403	34341000	34341000	35116500	35116500
404	34341900	34341900	35113800	35113800
405	34345300	34345400	35115500	35115500
406	34346800	34346700	35116600	35116600
407	34344000	34344000	35114900	35114900
408	34344900	34345000	35117500	35117500
409	34341600	34341600	35114800	35114800
410	34345200	34345100	35117500	35117500
411	34346800	34346800	35119500	35119500
412	34349400	34349400	35120400	35120400
413	34345700	34345700	35117300	35117300
414	34345600	34345600	35117300	35117300
415	34345400	34345400	35117300	35117300
416	34344400	34344400	35116600	35116600
417	34342000	34342000	35114300	35114300
418	34345600	34345600	35117800	35117800
419	34348400	34348400	35118200	35118200
420	34344500	34344600	35115200	35115200
421	34343900	34343800	35114100	35114100
422	34342900	34342900	35113800	35113800
423	34342700	34342700	35111600	35111600
424	34345800	34345800	35112300	35112300
425	34348700	34348800	35115900	35115900
426	34345900	34345800	35114900	35114900
427	34345100	34345100	35114900	35114900
428	34344900	34344900	35113600	35113600
429	34344600	34344600	35114800	35114800
430	34348700	34348800	35115600	35115600
431	34349500	34349400	35113600	35113600
432	34347600	34347600	35114000	35114000
433	34345300	34345300	35115100	35115100
434	34346900	34347000	35117000	35117000
435	34344400	34344300	35112700	35112700
436	34347300	34347300	35114600	35114600
437	34347400	34347400	35114000	35114100
438	34348500	34348500	35116700	35116600
439	34344500	34344500	35115300	35115300
440	34341600	34341600	35114200	35114200
441	34345300	34345300	35115700	35115700
442	34346500	34346500	35116000	35116000
443	34343000	34343000	35114800	35114800
444	34345100	34345100	35114700	35114700
445	34343900	34343900	35113700	35113700
446	34345900	34345900	35113500	35113500
447	34345700	34345700	35112100	35112100
448	34346600	34346600	35115000	35115000
449	34341500	34341500	35113500	35113500
450	34345200	34345200	35114200	35114200
451	34346600	34346600	35114400	35114400
452	34342400	34342400	35112600	35112600
453	34341100	34341100	35113500	35113500
454	34339900	34339900	35112400	35112400
455	34342900	34342900	35112400	35112400
456	34338900	34338900	35110500	35110500
457	34341300	34341300	35111300	35111300
458	34345100	34345100	35113100	35113100
459	34348700	34348700	35115900	35115900
460	34346900	34347000	35114300	35114300
461	34346100	34346000	35114000	35114000
462	34346600	34346600	35112300	35112300
463	34347900	34347900	35113600	35113600
464	34345000	34345000	35111900	35111900
465	34342300	34342300	35108600	35108600
466	34345200	34345200	35111700	35111700
467	34342600	34342700	35110900	35110900
468	34339200	34339200	35110400	35110400
469	34341900	34341800	35111100	35111100
470	34340100	34340100	35110600	35110600
471	34338500	34338500	35107700	35107700
472	34339500	34339500	35108300	35108300
473	34344700	34344700	35111100	35111100
474	34341900	34341900	35111300	35111300
475	34342900	34342900	35112700	35112600
476	34341200	34341200	35113700	35113800
477	34342200	34342200	35111900	35111900
478	34341600	34341700	35111600	35111600
479	34341800	34341700	35109400	35109400
480	34342100	34342100	35112800	35112800
481	34340000	34340000	35111900	35111900
482	34336700	34336700	35110000	35110000
483	34338400	34338500	35112100	35112100
484	34340700	34340600	35112300	35112300
485	34341900	34342000	35113700	35113700
486	34339700	34339600	35112000	35112000
487	34338300	34338400	35109600	35109600
488	34343200	34343200	35112100	35112100
489	34340100	34340100	35111300	35111300
490	34344000	34343900	35113700	35113700
491	34341800	34341800	35110200	35110200
492	34342300	34342300	35114100	35114100
493	34344100	34344200	35115600	35115600
494	34341000	34340900	35111300	35111300
495	34342800	34342900	35112100	35112100
496	34342000	34341900	35111700	35111700
497	34348900	34348900	35117500	35117600
498	34347000	34347000	35113700	35113600
499	34349800	34349900	35115400	35115400

============================================================
# BITSTREAM: 10ms_5etapas.bit
# VENTANA: 10ms
# ETAPAS_PRINCIPAL: 5
# NUM_MUESTRAS: 500
# FORMATO: idx	freq1_hz	freq2_hz	freq3_hz	freq4_hz
============================================================
idx	freq1_hz	freq2_hz	freq3_hz	freq4_hz
0	33763000	33763000	33763000	33763000
1	33765300	33765300	33765300	33765300
2	33766400	33766500	33766400	33766400
3	33765800	33765700	33765800	33765800
4	33764000	33764000	33764000	33764000
5	33767000	33767000	33767000	33766900
6	33767500	33767500	33767500	33767600
7	33764600	33764600	33764600	33764600
8	33765500	33765500	33765500	33765500
9	33766200	33766200	33766200	33766200
10	33762500	33762500	33762500	33762400
11	33764700	33764700	33764700	33764800
12	33766900	33767000	33766900	33766900
13	33765700	33765600	33765700	33765600
14	33768800	33768800	33768800	33768900
15	33771600	33771600	33771600	33771600
16	33767700	33767700	33767700	33767700
17	33765400	33765400	33765400	33765400
18	33766100	33766100	33766100	33766100
19	33768600	33768600	33768600	33768600
20	33766700	33766700	33766600	33766600
21	33768700	33768700	33768800	33768800
22	33768700	33768700	33768700	33768700
23	33768900	33768900	33768900	33768900
24	33768600	33768600	33768600	33768600
25	33769500	33769500	33769500	33769500
26	33768100	33768100	33768100	33768100
27	33768300	33768300	33768300	33768300
28	33767300	33767300	33767300	33767300
29	33767200	33767300	33767200	33767200
30	33764700	33764600	33764700	33764600
31	33767600	33767600	33767600	33767700
32	33770700	33770700	33770700	33770700
33	33770500	33770500	33770500	33770400
34	33767800	33767800	33767800	33767900
35	33766200	33766200	33766200	33766200
36	33767900	33767900	33767900	33767900
37	33767100	33767100	33767100	33767100
38	33766500	33766500	33766500	33766500
39	33765000	33765000	33753800	33765000
40	33766400	33766400	33772800	33766400
41	33762300	33762300	33762300	33762300
42	33764300	33764300	33764200	33764200
43	33762700	33762700	33762800	33762800
44	33761700	33761700	33761700	33761700
45	33762000	33762000	33762000	33762000
46	33761300	33761300	33761200	33761200
47	33764800	33764800	33764900	33764900
48	33764400	33764400	33764400	33764400
49	33764700	33764700	33764700	33764700
50	33765600	33765600	33765600	33765600
51	33766200	33766200	33766200	33766100
52	33763600	33763600	33763600	33763700
53	33763000	33763000	33763000	33763000
54	33761000	33761000	33761000	33761000
55	33760300	33760200	33760300	33760300
56	33758800	33758800	33758800	33758800
57	33760800	33760800	33760800	33760700
58	33760200	33760200	33760200	33760300
59	33760700	33760800	33760700	33760700
60	33761100	33761000	33761100	33761100
61	33761000	33761000	33761000	33761000
62	33762600	33762600	33762600	33762600
63	33763100	33763100	33763000	33763000
64	33763100	33763100	33763200	33763200
65	33765200	33765200	33765200	33765200
66	33767100	33767100	33767100	33767000
67	33768000	33768000	33768000	33768100
68	33766600	33766600	33766600	33766600
69	33766600	33766600	33766600	33766600
70	33767200	33767200	33767200	33767200
71	33765500	33765500	33765400	33765400
72	33763700	33763700	33763800	33763800
73	33766400	33766400	33766400	33766400
74	33766200	33766200	33766200	33766200
75	33765800	33765800	33765800	33765800
76	33760200	33760300	33760200	33760200
77	33763700	33763600	33763700	33763700
78	33762800	33762800	33762800	33762800
79	33761700	33761700	33761600	33761600
80	33767200	33767200	33767200	33767200
81	33768800	33768800	33768900	33768900
82	33766000	33766100	33766000	33766000
83	33765700	33765600	33765700	33765700
84	33765500	33765200	33765500	33765500
85	33765100	33765100	33765100	33765100
86	33765400	33765400	33765400	33765400
87	33764600	33764600	33764600	33764600
88	33764200	33764200	33764100	33764100
89	33763300	33763300	33763400	33763400
90	33764400	33764400	33764400	33764400
91	33769500	33769500	33769500	33769500
92	33770200	33770200	33770200	33770200
93	33768200	33768200	33768200	33768200
94	33767200	33767200	33767200	33767200
95	33764000	33764000	33764000	33764000
96	33764100	33764100	33764100	33764100
97	33763500	33763500	33763500	33763500
98	33763100	33763100	33763000	33763000
99	33762900	33762900	33763000	33762900
100	33761800	33761800	33761800	33761900
101	33762900	33762900	33762900	33762900
102	33762500	33762500	33762400	33762400
103	33761800	33761800	33762500	33761900
104	33761900	33761900	33761900	33761900
105	33762800	33762800	33762800	33762800
106	33764300	33764300	33764300	33764200
107	33762600	33762600	33762600	33762700
108	33761500	33761500	33761500	33761500
109	33759400	33759400	33759400	33759400
110	33760900	33760900	33760900	33760900
111	33763400	33763400	33763400	33763400
112	33764700	33764700	33764700	33764700
113	33765900	33765900	33765900	33765900
114	33766000	33766000	33766000	33766000
115	33763400	33763400	33763400	33763400
116	33766000	33766000	33766000	33766000
117	33763600	33763600	33763600	33763600
118	33766800	33776400	33766800	33766800
119	33767200	33767200	33767200	33767200
120	33771600	33771600	33767200	33771600
121	33767200	33767200	33767200	33767200
122	33761900	33761900	33761900	33761900
123	33763600	33763600	33763600	33763600
124	33767700	33767700	33767700	33767700
125	33766100	33766100	33766000	33766000
126	33767600	33767600	33767700	33767700
127	33767900	33767900	33767900	33767900
128	33770300	33770300	33770300	33770200
129	33768800	33768800	33768800	33768900
130	33768100	33768000	33768100	33768100
131	33767200	33767200	33767200	33767200
132	33764000	33764000	33764000	33764000
133	33762900	33762900	33766100	33762900
134	33765300	33765300	33765300	33765300
135	33763400	33763400	33763400	33763400
136	33761100	33761100	33761100	33761100
137	33760000	33760000	33760000	33760000
138	33760800	33760800	33760800	33760800
139	33765100	33765100	33765100	33765100
140	33768500	33768500	33768500	33768500
141	33766700	33766700	33768300	33766700
142	33767000	33767000	33767000	33767000
143	33768400	33768400	33768400	33768400
144	33767400	33767400	33767400	33767400
145	33765900	33765900	33765900	33765900
146	33768300	33768300	33777900	33768300
147	33767200	33767200	33767200	33767200
148	33770500	33770500	33770500	33770500
149	33768000	33768000	33768000	33768000
150	33767800	33767800	33767800	33767700
151	33767100	33767100	33767100	33767100
152	33766400	33766400	33766300	33766400
153	33766000	33766000	33766100	33766100
154	33765500	33765500	33765500	33765500
155	33766900	33766900	33766900	33766900
156	33769000	33769000	33769000	33769000
157	33767300	33767300	33767300	33767300
158	33768000	33768000	33768000	33768000
159	33764100	33764100	33764100	33764000
160	33765100	33765100	33765100	33765200
161	33764000	33764000	33764000	33763900
162	33763900	33763900	33763900	33764000
163	33764200	33764200	33764200	33764200
164	33761500	33761500	33761500	33761500
165	33763200	33763200	33763200	33763100
166	33763200	33763200	33763200	33763300
167	33764600	33764600	33764600	33764600
168	33762300	33762300	33762300	33762300
169	33763100	33763100	33763100	33763100
170	33765100	33765100	33765100	33765100
171	33763800	33763800	33763800	33763700
172	33762100	33762100	33762100	33762100
173	33761600	33761600	33761600	33761700
174	33764200	33764200	33764200	33764200
175	33762600	33762600	33762600	33762600
176	33765800	33765800	33765800	33765800
177	33765800	33765800	33765800	33765800
178	33761900	33761900	33765800	33761900
179	33762800	33762800	33762800	33762800
180	33762000	33762000	33762000	33761900
181	33765000	33765000	33765000	33765100
182	33762700	33762700	33762700	33762700
183	33763500	33763500	33763500	33763500
184	33763500	33763500	33763500	33763400
185	33762100	33762100	33762100	33762100
186	33761900	33761900	33761900	33762000
187	33762800	33762800	33762800	33762700
188	33765000	33761600	33765000	33765100
189	33765700	33765600	33765700	33765700
190	33763100	33763100	33763100	33763100
191	33762700	33762700	33762700	33762700
192	33763600	33763600	33763500	33763500
193	33765700	33765700	33765800	33765800
194	33763300	33763300	33763300	33763300
195	33762900	33762900	33763300	33762900
196	33765800	33765800	33765800	33765800
197	33766800	33770200	33766800	33766800
198	33763800	33763700	33763800	33763800
199	33763100	33763100	33763100	33763100
200	33761000	33761000	33761000	33761000
201	33760500	33760500	33760500	33760500
202	33761900	33761900	33761900	33761900
203	33762800	33762800	33762800	33762800
204	33761300	33761300	33761300	33761200
205	33764700	33764700	33764600	33764700
206	33762100	33762100	33762200	33762200
207	33763500	33763500	33763500	33763500
208	33764900	33764900	33764900	33764900
209	33766600	33766600	33766600	33766500
210	33765500	33765500	33765500	33765600
211	33764800	33764800	33764800	33764800
212	33768400	33768400	33768400	33768400
213	33765300	33765300	33765300	33765300
214	33764300	33764300	33764300	33764300
215	33762900	33762900	33762900	33762800
216	33763100	33763100	33763100	33763200
217	33764700	33764700	33764700	33764700
218	33764100	33764100	33764100	33764100
219	33765300	33765300	33765300	33765300
220	33767400	33767300	33767400	33767400
221	33769800	33769800	33769800	33769800
222	33770000	33770000	33770000	33769900
223	33770700	33770700	33770700	33770800
224	33770300	33770300	33770300	33770300
225	33766100	33766300	33766100	33766100
226	33768000	33767900	33768000	33768000
227	33769000	33769000	33769000	33769000
228	33769200	33769200	33769100	33769100
229	33770200	33770200	33770200	33770200
230	33771000	33771000	33771100	33771100
231	33769900	33769900	33769900	33769900
232	33766900	33766900	33766900	33766900
233	33766700	33766700	33766700	33766700
234	33769300	33769300	33769300	33769300
235	33769800	33769800	33769800	33769800
236	33766300	33766300	33766300	33766300
237	33764900	33764900	33764900	33764900
238	33765000	33764900	33765000	33765000
239	33764600	33764500	33764600	33764600
240	33763700	33763700	33763700	33763600
241	33766000	33766000	33766000	33766100
242	33760800	33760800	33760800	33760800
243	33760200	33760200	33760200	33760200
244	33761500	33761500	33761400	33761400
245	33765800	33765800	33765900	33765900
246	33763100	33763100	33763100	33763100
247	33765600	33765600	33765600	33765600
248	33763000	33763000	33763000	33763000
249	33764300	33764300	33764300	33764300
250	33761600	33761600	33764200	33761600
251	33761900	33761900	33761900	33761900
252	33764000	33764000	33764000	33764000
253	33765800	33765800	33765800	33765800
254	33765600	33765600	33765600	33765600
255	33765200	33765200	33765200	33765200
256	33764500	33764500	33764500	33764500
257	33766000	33766000	33766000	33766000
258	33764000	33764000	33764000	33763900
259	33765300	33765200	33765300	33765400
260	33764200	33764200	33764200	33764200
261	33767300	33767300	33767300	33767300
262	33768000	33768000	33768000	33768000
263	33765300	33765300	33765200	33765200
264	33767300	33767300	33767400	33767400
265	33764600	33764600	33764600	33764500
266	33763800	33763800	33763800	33763900
267	33765300	33765400	33765300	33765300
268	33765900	33765900	33765900	33765900
269	33766900	33766900	33766900	33766900
270	33765100	33765100	33765000	33765000
271	33766900	33766900	33767000	33767000
272	33767900	33768000	33767900	33767900
273	33768000	33767900	33768000	33767900
274	33768600	33768600	33768600	33768700
275	33766600	33766600	33766600	33766600
276	33767700	33767700	33767700	33767700
277	33766800	33766800	33766800	33766700
278	33767200	33767200	33767200	33767300
279	33768500	33768500	33768500	33768500
280	33766700	33766700	33766700	33766700
281	33767100	33767100	33767100	33767100
282	33763900	33763900	33763900	33763900
283	33767900	33767900	33767900	33767900
284	33765900	33765900	33765900	33765900
285	33768000	33768000	33768000	33768000
286	33769400	33769400	33769400	33769300
287	33768700	33768700	33768700	33768800
288	33769700	33769700	33769700	33769700
289	33771100	33771100	33771100	33771100
290	33771100	33771100	33771100	33771100
291	33769200	33769200	33769200	33769200
292	33767200	33767200	33767200	33767200
293	33769500	33769500	33769500	33769500
294	33767400	33767400	33767400	33767400
295	33766200	33766200	33766200	33766200
296	33769300	33769300	33769200	33769200
297	33769400	33769400	33769500	33769500
298	33768800	33768800	33768800	33768800
299	33767900	33767900	33767900	33767900
300	33767600	33767600	33767600	33767500
301	33767500	33767500	33767500	33767600
302	33763500	33763500	33763500	33763500
303	33762700	33762700	33762700	33762700
304	33764400	33764400	33764400	33764400
305	33764300	33764300	33764300	33764300
306	33764500	33764500	33764500	33764500
307	33764300	33764300	33764300	33764300
308	33766000	33766000	33766000	33766000
309	33767200	33767200	33767200	33767200
310	33764900	33764900	33764900	33764900
311	33760700	33760800	33760700	33760700
312	33762100	33762000	33762100	33762100
313	33761900	33761900	33761800	33761800
314	33763500	33763500	33763600	33763600
315	33764300	33764300	33764300	33764300
316	33764300	33764300	33764300	33764300
317	33765500	33765500	33765500	33765500
318	33769000	33769000	33769000	33769000
319	33770500	33770500	33770400	33770400
320	33770100	33770100	33770200	33770200
321	33769100	33769100	33769100	33769100
322	33767000	33767000	33767000	33767000
323	33765200	33755800	33765200	33765200
324	33764300	33764200	33764300	33764300
325	33763000	33763000	33766200	33762900
326	33764800	33764800	33764800	33764900
327	33763800	33763800	33763800	33763800
328	33767500	33767500	33767500	33767500
329	33766800	33766800	33766800	33766800
330	33763000	33763000	33763000	33762900
331	33765800	33765800	33765800	33765900
332	33766800	33766800	33766800	33766800
333	33763900	33763900	33763900	33763900
334	33757500	33767100	33767000	33767000
335	33768800	33768800	33768900	33768900
336	33766700	33766700	33766700	33766700
337	33769700	33769700	33769700	33769700
338	33769200	33769200	33769200	33769200
339	33766500	33766500	33766500	33766500
340	33768700	33768900	33768700	33768700
341	33766700	33766600	33766700	33766600
342	33765700	33765700	33765700	33765800
343	33766300	33766300	33766300	33766200
344	33767900	33767900	33767900	33767900
345	33768600	33768600	33768600	33768700
346	33767500	33767500	33767400	33767400
347	33767500	33767500	33767600	33767600
348	33766900	33766900	33766900	33766900
349	33768900	33768900	33767300	33768800
350	33769200	33769200	33769200	33769300
351	33768000	33768000	33768000	33768000
352	33769400	33769400	33769400	33769400
353	33766100	33766100	33766100	33766100
354	33766700	33766700	33766700	33766700
355	33763700	33763700	33763700	33763700
356	33762500	33762500	33762500	33762500
357	33767500	33767500	33767500	33767500
358	33767100	33767100	33767100	33767000
359	33768900	33768900	33768900	33769000
360	33765500	33765500	33765500	33765500
361	33765500	33765500	33765500	33765500
362	33766600	33766600	33766600	33766600
363	33767900	33767900	33767900	33767900
364	33766300	33766300	33766300	33766300
365	33764300	33764300	33764200	33764200
366	33764400	33764400	33764500	33764500
367	33765400	33765400	33765300	33765300
368	33767200	33767200	33778500	33767200
369	33765600	33765600	33765600	33765700
370	33767800	33767800	33767800	33767800
371	33767400	33767400	33767400	33767400
372	33767500	33767500	33767400	33767400
373	33764600	33764600	33764700	33764700
374	33766800	33766800	33766800	33766700
375	33765600	33765600	33765600	33765700
376	33767900	33767900	33767900	33767800
377	33767500	33767500	33767500	33767600
378	33768300	33768300	33768300	33768300
379	33767600	33767600	33767600	33767600
380	33767100	33767100	33767000	33767000
381	33766900	33766900	33767000	33767000
382	33764700	33764700	33764700	33764700
383	33765000	33765000	33765000	33765000
384	33763000	33763000	33763000	33763000
385	33763400	33763400	33763400	33763400
386	33762600	33762600	33762600	33762600
387	33764300	33764300	33764300	33764200
388	33766600	33766600	33766600	33766700
389	33763400	33763400	33763400	33763400
390	33766400	33766300	33766400	33766400
391	33764200	33764200	33764200	33764200
392	33764300	33764300	33764300	33764300
393	33763200	33763200	33763200	33763200
394	33763000	33763000	33763000	33763000
395	33767000	33767000	33767000	33767000
396	33766500	33766500	33766500	33766500
397	33764200	33764200	33764200	33764200
398	33766800	33766800	33766800	33766800
399	33768200	33768200	33768200	33768200
400	33770900	33770900	33770900	33770800
401	33767000	33767000	33767000	33767100
402	33766600	33766600	33766600	33766600
403	33765700	33765700	33765700	33765700
404	33770300	33770300	33770300	33770300
405	33771000	33771000	33770900	33770900
406	33768500	33768500	33768600	33768600
407	33764100	33764100	33764000	33764000
408	33766100	33766100	33766200	33766200
409	33767300	33767200	33767300	33767200
410	33764700	33764700	33764700	33764800
411	33769400	33769400	33769400	33769400
412	33769900	33769900	33769900	33769900
413	33770100	33770100	33770100	33770100
414	33768000	33768000	33768000	33768000
415	33769700	33769700	33769700	33769700
416	33771800	33771800	33771700	33771700
417	33771100	33771100	33771200	33771200
418	33772400	33772400	33772400	33772300
419	33774500	33774500	33774500	33774600
420	33774800	33774800	33774800	33774700
421	33772100	33772100	33772100	33772200
422	33770100	33770100	33771700	33770100
423	33772300	33772300	33772300	33772300
424	33771700	33771700	33771700	33771700
425	33769200	33769200	33769200	33769200
426	33768800	33768800	33768800	33768800
427	33766200	33766200	33766200	33766200
428	33765400	33765400	33765400	33765400
429	33764300	33764300	33764300	33764300
430	33764500	33764500	33764500	33764500
431	33764700	33764700	33764700	33764700
432	33766600	33766600	33766600	33766600
433	33765300	33765300	33765300	33765300
434	33768200	33768200	33768200	33768200
435	33771000	33771000	33771000	33771000
436	33772000	33772000	33772000	33771900
437	33770500	33770500	33770500	33770600
438	33772100	33772100	33772100	33772100
439	33772600	33772600	33772600	33772600
440	33771600	33771600	33771500	33771500
441	33774300	33774300	33774400	33774400
442	33771700	33771700	33771700	33771700
443	33765900	33765900	33765900	33765900
444	33764700	33764700	33764700	33764700
445	33766900	33766900	33766900	33766900
446	33768200	33768200	33768100	33768100
447	33771100	33771100	33771200	33771200
448	33772100	33772100	33772100	33772100
449	33769700	33769700	33769700	33769700
450	33769200	33769200	33769200	33769200
451	33766500	33766500	33766500	33766500
452	33767100	33767100	33767000	33767000
453	33765500	33765500	33765600	33765600
454	33767100	33767100	33767100	33767100
455	33767300	33767300	33767300	33767300
456	33764500	33764500	33764500	33764500
457	33766200	33766200	33766200	33766200
458	33764300	33764300	33764300	33764300
459	33764600	33764600	33764600	33764600
460	33765300	33765200	33765300	33765300
461	33766100	33766100	33766100	33766100
462	33765200	33765200	33765200	33765200
463	33765000	33765000	33765000	33765000
464	33767500	33767500	33767500	33767500
465	33764500	33764500	33764500	33764500
466	33763000	33763000	33763000	33763000
467	33762600	33762600	33762600	33762600
468	33764900	33764900	33764900	33764900
469	33765400	33765400	33765400	33765300
470	33765600	33765600	33765600	33765700
471	33766500	33766500	33766500	33766500
472	33767700	33767700	33767700	33767700
473	33769300	33769300	33769300	33769300
474	33770900	33770900	33770900	33770900
475	33767100	33767100	33767100	33767100
476	33766500	33766500	33766500	33766500
477	33765900	33765900	33765900	33765900
478	33764600	33764600	33764600	33764600
479	33766100	33766100	33766100	33766100
480	33766700	33766700	33766700	33766700
481	33765900	33756300	33765900	33765900
482	33764300	33764300	33764300	33764300
483	33764300	33764300	33764300	33764300
484	33767300	33767300	33767300	33767200
485	33766500	33766500	33766500	33766600
486	33773700	33760900	33760900	33760900
487	33759500	33759500	33759500	33759400
488	33760600	33760600	33760600	33760700
489	33761300	33761300	33761300	33761300
490	33763800	33763800	33763800	33763800
491	33761100	33761100	33761100	33761100
492	33763700	33763700	33763700	33763700
493	33765600	33765600	33765600	33765600
494	33763800	33763800	33763800	33763800
495	33766300	33766300	33766300	33766300
496	33765700	33765700	33765700	33765700
497	33765200	33765200	33765200	33765200
498	33768200	33768200	33768200	33768200
499	33768900	33769000	33768900	33768900

============================================================
# BITSTREAM: 10ms_51etapas.bit
# VENTANA: 10ms
# ETAPAS_PRINCIPAL: 51
# NUM_MUESTRAS: 500
# FORMATO: idx	freq1_hz	freq2_hz	freq3_hz	freq4_hz
============================================================
idx	freq1_hz	freq2_hz	freq3_hz	freq4_hz
0	13519300	13893900	12603900	11759300
1	13519600	13893500	12603300	11762100
2	13520500	13893100	12604500	11764100
3	13521100	13893500	12605000	11764600
4	13521100	13893300	12604900	11764300
5	13520800	13894300	12604900	11764600
6	13520800	13895700	12605000	11764600
7	13520300	13895500	12604800	11760100
8	13521600	13894800	12606400	11762000
9	13520000	13893900	12605300	11765000
10	13520600	13895100	12604400	11762600
11	13521900	13893200	12607000	11765200
12	13522100	13895600	12605700	11762600
13	13522000	13896100	12607100	11766500
14	13521900	13895600	12606600	11764200
15	13522100	13896800	12607000	11766500
16	13521000	13896900	12606000	11760800
17	13521100	13894600	12606200	11764500
18	13520800	13893900	12605700	11764100
19	13520600	13895400	12604400	11762100
20	13520900	13895500	12606300	11765700
21	13520400	13894200	12605600	11755400
22	13520600	13893500	12604700	11761500
23	13521200	13894000	12605400	11764200
24	13520300	13893800	12603900	11760800
25	13520700	13893300	12604400	11764000
26	13520800	13894900	12605200	11764700
27	13520800	13892300	12605700	11765300
28	13521400	13894500	12605200	11764800
29	13521100	13894000	12605100	11761900
30	13520900	13893800	12604100	11760600
31	13521600	13893900	12604600	11764200
32	13520300	13895000	12603900	11761700
33	13521100	13893300	12605200	11761500
34	13520900	13894300	12604900	11764400
35	13520600	13895500	12604700	11764400
36	13520600	13893800	12605300	11761100
37	13519700	13892400	12603500	11763200
38	13519600	13894300	12603500	11762900
39	13518500	13893400	12602900	11762600
40	13518600	13890000	12602900	11761200
41	13517700	13891300	12603300	11761200
42	13518000	13891200	12602400	11762200
43	13518300	13893400	12602300	11759400
44	13518700	13890100	12603000	11761400
45	13517500	13892500	12603500	11758400
46	13516900	13892400	12602500	11762300
47	13517400	13891800	12602400	11761800
48	13519300	13890600	12603500	11763200
49	13518200	13892600	12603800	11759100
50	13519000	13891900	12603600	11763300
51	13519000	13892000	12603400	11760800
52	13518500	13891600	12602400	11762200
53	13518600	13891700	12602600	11762100
54	13517400	13892800	12602000	11761600
55	13518500	13893100	12602600	11762400
56	13520600	13893400	12604300	11763900
57	13518600	13890100	12602600	11761300
58	13518600	13893500	12604000	11759000
59	13518900	13891700	12603600	11763100
60	13517700	13892600	12602500	11761400
61	13518600	13891100	12603300	11763100
62	13519500	13892000	12604700	11762100
63	13518400	13891200	12602600	11762500
64	13518600	13892800	12602100	11759400
65	13518100	13892100	12602600	11762400
66	13518700	13891300	12602400	11762000
67	13517800	13889900	12602500	11762200
68	13518300	13891300	12603600	11758600
69	13518300	13889700	12602200	11762000
70	13518000	13889500	12603000	11761400
71	13518500	13892500	12603900	11762800
72	13519400	13893900	12603100	11762800
73	13518400	13892500	12602400	11760700
74	13519000	13893900	12602900	11762800
75	13518200	13892200	12601500	11760700
76	13518800	13893500	12599600	11762400
77	13519700	13891800	12603600	11762900
78	13519800	13890900	12603600	11763300
79	13519300	13893900	12604100	11767200
80	13517800	13892100	12602100	11760900
81	13517900	13891200	12602100	11761700
82	13518600	13893400	12602100	11759900
83	13519100	13890700	12603000	11761600
84	13518200	13891800	12603900	11763400
85	13519100	13891200	12603200	11763000
86	13518200	13893100	12602400	11759500
87	13518800	13891000	12603800	11763500
88	13518200	13890800	12604000	11762500
89	13518500	13893200	12604200	11762600
90	13518000	13891000	12602300	11759200
91	13518000	13890900	12603500	11762400
92	13517900	13893500	12603500	11760800
93	13518400	13891000	12602700	11762100
94	13517800	13891000	12603400	11762100
95	13518400	13891100	12603700	11762200
96	13517800	13889900	12603500	11760800
97	13518800	13892000	12603900	11758700
98	13518300	13891300	12602300	11762100
99	13518500	13890900	12602500	11762400
100	13517500	13892600	12602500	11761000
101	13517900	13890600	12602100	11761900
102	13517500	13891200	12602100	11758200
103	13517400	13891400	12600500	11759000
104	13517900	13890800	12601300	11758700
105	13517400	13892100	12602300	11761500
106	13517400	13889900	12600600	11760500
107	13517800	13890600	12602700	11758100
108	13518400	13891800	12603000	11758700
109	13518800	13889800	12602400	11762200
110	13518600	13891000	12603400	11761500
111	13518200	13890900	12603300	11762400
112	13517800	13892400	12602500	11761000
113	13517200	13890900	12601000	11760700
114	13517900	13892800	12603000	11760700
115	13517700	13892200	12602200	11762100
116	13517400	13891900	12601800	11760900
117	13518300	13890700	12602500	11760000
118	13517900	13891200	12603200	11762700
119	13516600	13891600	12600400	11758200
120	13517200	13889600	12600700	11760400
121	13517200	13888800	12601900	11758800
122	13517600	13892800	12602400	11759000
123	13517900	13892200	12602200	11762000
124	13518200	13892500	12602000	11761600
125	13518100	13892700	12602200	11762000
126	13517100	13890000	12601900	11759200
127	13516500	13889800	12602200	11760700
128	13517900	13889600	12602500	11761100
129	13516100	13886600	12601400	11757500
130	13517100	13889200	12600900	11759800
131	13517600	13890800	12602900	11762700
132	13517700	13892400	12603200	11761600
133	13517700	13891000	12601700	11761500
134	13519100	13891700	12604000	11763000
135	13518200	13893000	12602100	11761500
136	13518100	13891800	12601900	11761400
137	13517400	13888600	12601700	11761600
138	13517000	13890500	12602100	11757500
139	13516100	13890000	12602200	11760500
140	13517100	13889300	12601900	11760100
141	13516300	13891500	12601800	11757400
142	13517400	13890600	12601900	11761700
143	13516700	13890500	12602100	11758600
144	13517000	13890000	12602000	11761000
145	13516600	13889700	12602100	11760700
146	13517500	13889300	12602600	11760400
147	13517600	13893000	12602500	11758400
148	13518400	13891400	12602200	11761700
149	13517900	13891500	12601500	11759400
150	13518200	13891900	12602100	11761900
151	13517600	13889900	12601600	11759100
152	13516700	13890800	12602100	11757500
153	13516900	13891200	12601700	11761100
154	13517700	13892200	12600900	11758500
155	13516800	13891200	12600900	11760500
156	13516900	13892700	12601200	11759100
157	13517300	13890600	12601700	11759400
158	13517200	13891500	12602200	11758000
159	13519400	13893900	12603300	11763100
160	13517800	13892400	12601500	11760400
161	13518400	13892900	12602000	11761600
162	13517500	13891600	12601700	11759200
163	13516900	13889600	12600800	11760400
164	13517600	13888600	12602300	11758600
165	13517600	13891500	12602800	11758200
166	13518000	13891800	12601800	11761700
167	13516900	13888800	12601500	11761400
168	13516500	13891500	12601600	11758100
169	13517900	13891500	12602200	11762100
170	13518000	13892500	12602500	11762300
171	13517400	13892200	12601700	11761500
172	13517400	13892400	12601900	11761200
173	13517400	13891400	12601900	11761000
174	13517700	13892000	12601900	11758600
175	13516100	13889300	12601400	11761300
176	13517600	13892900	12602600	11757900
177	13518000	13891500	12601600	11759200
178	13517100	13891800	12602200	11762000
179	13517800	13890100	12602200	11762000
180	13517100	13892300	12602700	11757800
181	13518500	13891500	12602700	11762600
182	13518600	13892900	12602700	11762500
183	13518200	13891900	12601900	11759400
184	13518900	13892200	12602800	11759600
185	13519000	13894000	12603100	11761900
186	13517900	13890200	12601800	11758700
187	13518000	13890500	12603400	11762400
188	13518500	13892400	12603500	11761800
189	13518200	13892300	12602100	11761600
190	13517700	13890500	12602500	11762200
191	13517900	13892200	12603300	11761800
192	13517300	13892000	12601600	11761100
193	13517400	13890300	12601200	11761100
194	13518200	13891300	12603600	11763300
195	13517400	13890200	12601800	11761700
196	13517200	13890200	12602700	11762100
197	13517500	13890900	12603400	11762400
198	13517900	13893700	12603100	11761400
199	13516400	13889900	12603800	11758000
200	13517400	13890900	12602700	11757800
201	13517700	13893000	12603100	11761400
202	13517800	13891400	12601800	11761300
203	13518100	13892400	12602200	11759300
204	13518800	13893000	12602600	11761600
205	13518500	13892500	12602900	11761700
206	13520100	13894500	12604000	11763600
207	13518400	13890500	12603200	11759900
208	13518200	13892200	12603500	11761900
209	13518200	13892100	12601600	11761200
210	13517600	13890900	12601800	11761200
211	13516900	13891900	12602500	11760300
212	13517300	13890300	12602200	11758800
213	13517800	13891100	12603800	11763500
214	13517800	13890600	12603500	11760600
215	13517800	13892000	12602900	11758300
216	13518100	13891000	12601800	11761800
217	13518000	13891300	12603500	11762200
218	13518100	13891000	12602400	11762200
219	13518700	13891900	12603900	11762900
220	13517700	13890700	12602200	11759100
221	13517500	13891100	12602900	11762600
222	13518100	13890800	12603300	11761300
223	13518400	13893600	12603700	11762100
224	13518900	13892700	12602800	11762600
225	13517100	13890000	12602000	11759600
226	13517500	13890600	12602800	11760700
227	13517100	13890200	12602100	11758300
228	13517600	13889600	12602900	11761400
229	13517500	13887800	12602500	11758600
230	13518200	13891200	12602100	11759000
231	13517100	13891700	12600600	11758400
232	13518000	13892900	12601800	11761500
233	13517600	13890200	12601200	11759000
234	13517900	13889800	12602900	11762000
235	13517500	13891100	12602800	11760400
236	13517200	13888900	12602500	11760000
237	13517800	13889800	12602600	11758900
238	13518500	13890800	12603000	11761300
239	13518500	13892900	12603500	11761900
240	13517500	13890600	12601400	11759000
241	13518600	13892400	12603200	11759100
242	13519500	13893300	12602700	11762200
243	13518800	13892000	12602700	11762400
244	13517900	13891000	12601900	11761800
245	13518300	13891700	12603800	11762600
246	13518300	13893500	12602100	11761500
247	13516900	13889500	12601700	11761100
248	13517700	13892800	12603600	11761700
249	13518400	13892700	12602200	11762200
250	13518300	13891200	12602700	11760700
251	13517800	13892300	12601200	11759900
252	13518300	13890300	12602300	11762200
253	13517800	13890200	12603200	11762900
254	13517900	13890300	12602800	11762600
255	13518300	13891200	12603500	11763200
256	13517900	13892900	12601700	11759600
257	13518300	13892200	12602100	11760300
258	13517900	13893400	12602300	11762100
259	13518700	13890500	12603000	11761300
260	13517500	13891900	12603400	11761700
261	13517500	13890600	12602500	11760100
262	13518300	13892700	12603600	11759300
263	13518500	13891400	12602700	11761900
264	13517600	13891400	12601300	11759200
265	13518200	13892100	12601800	11759200
266	13517700	13890700	12601700	11761000
267	13517100	13890000	12602700	11762100
268	13517000	13890400	12602500	11760700
269	13517100	13891900	12602400	11758000
270	13516800	13889800	12601900	11758700
271	13516100	13888800	12602100	11760400
272	13516300	13891200	12601300	11757800
273	13516800	13891400	12600700	11758400
274	13517200	13891400	12601600	11759200
275	13517200	13891500	12601300	11758900
276	13518800	13893700	12603600	11763400
277	13518000	13891400	12602200	11759200
278	13518000	13892200	12601900	11759400
279	13518300	13893500	12602100	11761400
280	13518300	13891100	12602800	11762300
281	13517100	13890000	12602900	11760400
282	13516700	13890400	12602500	11760400
283	13516000	13890000	12601500	11756600
284	13516600	13889800	12601800	11759600
285	13517200	13889100	12601600	11760300
286	13517700	13890200	12602800	11758600
287	13517300	13890100	12602500	11761800
288	13517600	13892600	12602600	11757700
289	13516200	13889500	12601600	11761400
290	13516200	13891100	12601900	11760400
291	13516700	13889900	12601900	11760400
292	13517300	13891300	12602600	11757600
293	13516600	13889600	12601200	11761200
294	13516500	13887500	12601200	11757400
295	13516900	13890300	12600400	11757300
296	13517500	13890100	12603600	11762800
297	13517700	13892400	12603200	11757500
298	13517300	13891400	12601900	11760600
299	13516500	13890500	12601100	11758300
300	13517400	13891400	12602600	11760500
301	13516800	13891300	12601300	11758300
302	13517500	13890900	12602300	11762100
303	13517000	13892900	12602600	11760400
304	13516900	13891700	12601900	11759200
305	13517500	13894200	12602600	11761900
306	13516900	13889500	12601500	11758800
307	13517100	13893000	12603200	11761900
308	13517100	13891500	12602000	11760900
309	13517200	13892100	12602800	11762600
310	13517400	13891900	12602300	11761700
311	13517500	13891500	12602000	11759400
312	13517900	13893100	12602600	11762400
313	13517900	13891500	12602300	11762200
314	13517800	13893300	12602400	11762200
315	13517600	13892000	12602100	11761900
316	13517000	13890700	12601400	11761300
317	13517600	13891400	12603200	11762800
318	13517600	13892100	12601900	11759100
319	13517600	13891100	12601800	11761500
320	13517200	13890000	12603000	11760900
321	13517500	13891400	12602900	11761200
322	13517300	13892100	12601500	11759300
323	13516400	13890200	12600600	11760400
324	13517400	13890400	12602600	11761700
325	13517400	13892900	12602800	11758000
326	13517600	13892000	12602000	11759400
327	13517500	13891400	12601700	11761600
328	13517200	13891900	12601500	11759200
329	13517600	13891400	12601900	11759800
330	13517000	13892100	12601300	11758800
331	13516600	13890800	12601000	11760800
332	13516400	13892300	12602000	11761000
333	13517500	13890800	12602000	11761800
334	13516700	13892800	12602500	11761900
335	13516700	13891400	12600900	11760800
336	13517600	13892100	12601600	11759200
337	13516500	13890700	12601500	11761300
338	13516300	13889500	12602100	11761800
339	13517400	13892300	12603000	11761900
340	13517100	13889800	12601600	11761500
341	13516400	13889100	12601900	11761000
342	13516200	13888900	12601700	11758100
343	13515500	13888400	12601100	11758300
344	13515400	13888400	12601500	11761300
345	13516400	13889600	12602000	11761800
346	13515800	13887800	12601000	11758000
347	13516100	13889400	12600400	11758200
348	13515800	13889100	12601600	11759100
349	13516000	13889000	12601700	11757700
350	13517300	13892100	12602800	11762600
351	13516900	13891400	12601700	11761300
352	13517300	13892700	12601800	11759300
353	13517300	13891300	12602100	11759800
354	13517500	13891000	12601800	11761800
355	13517300	13892000	12603100	11762100
356	13516800	13891700	12601400	11761200
357	13516800	13893300	12601900	11761400
358	13517300	13891900	12602600	11762400
359	13517700	13891400	12602300	11760000
360	13516400	13891600	12601000	11758400
361	13516700	13889200	12600300	11760200
362	13516700	13890300	12602100	11761900
363	13516900	13889700	12602400	11762100
364	13517000	13889800	12602200	11761100
365	13517300	13890700	12602200	11761300
366	13515900	13889800	12601700	11761500
367	13516600	13890000	12601600	11760300
368	13515900	13889500	12601200	11759900
369	13516000	13890800	12601500	11760400
370	13516500	13891900	12602200	11761200
371	13517000	13890400	12601000	11759000
372	13516800	13892500	12602700	11757700
373	13517100	13892700	12601900	11761800
374	13517600	13891800	12602600	11759500
375	13516600	13888800	12601400	11761300
376	13516500	13892000	12601300	11758200
377	13516800	13890100	12600800	11760800
378	13516000	13891900	12602400	11758100
379	13517700	13891100	12602400	11760600
380	13516500	13889500	12602600	11760900
381	13516400	13891300	12602400	11760900
382	13516500	13889900	12601300	11761200
383	13515800	13889900	12601400	11757100
384	13516500	13891100	12602100	11758200
385	13517100	13890000	12602600	11760900
386	13517500	13892300	12603400	11762000
387	13518800	13892000	12603100	11762900
388	13517800	13891900	12601600	11761500
389	13518500	13891900	12602800	11760300
390	13517800	13890800	12602100	11760000
391	13517100	13892200	12602300	11761700
392	13516400	13891900	12600900	11760700
393	13515800	13889200	12600600	11758600
394	13516700	13890100	12602100	11761900
395	13515500	13890200	12601000	11758500
396	13516700	13888900	12601900	11761600
397	13516700	13889700	12601400	11759200
398	13515900	13888200	12601400	11760200
399	13516000	13888200	12601500	11760000
400	13516100	13887900	12601500	11759900
401	13516100	13890300	12600400	11760300
402	13515600	13888300	12601600	11761400
403	13516300	13887400	12601500	11758600
404	13517000	13890000	12600900	11760800
405	13516600	13890700	12602100	11760800
406	13517200	13890300	12602200	11762000
407	13516700	13889600	12602700	11762400
408	13516200	13886800	12600700	11757900
409	13517300	13899800	12600800	11758000
410	13517000	13889100	12601800	11759200
411	13517700	13890300	12603000	11758800
412	13517100	13890700	12603100	11762900
413	13516800	13890400	12602700	11762200
414	13517400	13893000	12602900	11758400
415	13517900	13891800	12602500	11761700
416	13518900	13891000	12602800	11762600
417	13518200	13891500	12603700	11762800
418	13518200	13892500	12602700	11762500
419	13518300	13893500	12602300	11762200
420	13517300	13890700	12602200	11761800
421	13517000	13890900	12603000	11762600
422	13517300	13892900	12603100	11760800
423	13517800	13892100	12602500	11760000
424	13516700	13890800	12601300	11760900
425	13516400	13892100	12601900	11760800
426	13516800	13890200	12600900	11760700
427	13516700	13889700	12602500	11761800
428	13515900	13887700	12601000	11759600
429	13516200	13891200	12600800	11760700
430	13515700	13890100	12599900	11757400
431	13515800	13890100	12601200	11756400
432	13516200	13890200	12601800	11756500
433	13516400	13889200	12601700	11756700
434	13517000	13890400	12602100	11761900
435	13516100	13891000	12601300	11756900
436	13517100	13890500	12602300	11761800
437	13516300	13890700	12602300	11760800
438	13517800	13890900	12603000	11762400
439	13517800	13893500	12603300	11761000
440	13517000	13890000	12602500	11761300
441	13515600	13889700	12601500	11760200
442	13516400	13888400	12601400	11760300
443	13515400	13888100	12600800	11760700
444	13515100	13886700	12600500	11757400
445	13516400	13886000	12600900	11760400
446	13515500	13888300	12599900	11758600
447	13516200	13887100	12601400	11758000
448	13516300	13888900	12600800	11759500
449	13516400	13889000	12601500	11758000
450	13515900	13890100	12601600	11761400
451	13516800	13891400	12602100	11757300
452	13516800	13891600	12601500	11758900
453	13516100	13889500	12600800	11762200
454	13517200	13892200	12602700	11761500
455	13516400	13891900	12601000	11760700
456	13517300	13890500	12601500	11759400
457	13517400	13892100	12602900	11760900
458	13517200	13890600	12601200	11760900
459	13515900	13890100	12601600	11757300
460	13515800	13890400	12601300	11756600
461	13515900	13891000	12601100	11757100
462	13516300	13889600	12601800	11761300
463	13516500	13887600	12601000	11758300
464	13516100	13889700	12600000	11757500
465	13515500	13887500	12601000	11759600
466	13516500	13890200	12600400	11758800
467	13517100	13889500	12602400	11762000
468	13517100	13891900	12603100	11761900
469	13516300	13889400	12601300	11758600
470	13516400	13889200	12605500	11758900
471	13516800	13890400	12602200	11762000
472	13516900	13893000	12602700	11758100
473	13517300	13891600	12601700	11761400
474	13517200	13890200	12601100	11761000
475	13517100	13890000	12602300	11761900
476	13516800	13890900	12601900	11760800
477	13517100	13892600	12603000	11760900
478	13517300	13891000	12602200	11762000
479	13517100	13890700	12603100	11762100
480	13516300	13890700	12602400	11762100
481	13516700	13890500	12602400	11761900
482	13517000	13891500	12602500	11761300
483	13516700	13891700	12602200	11762000
484	13516300	13891400	12600900	11760600
485	13515900	13889800	12599800	11758100
486	13515900	13888800	12601200	11760500
487	13515500	13890800	12600800	11757700
488	13515200	13890600	12601300	11760500
489	13515300	13890800	12600600	11756800
490	13515700	13890800	12601500	11761000
491	13515900	13890700	12601500	11761100
492	13515800	13888800	12601600	11761400
493	13515900	13891300	12601100	11757900
494	13515300	13888200	12599800	11759800
495	13516200	13888000	12601200	11759700
496	13516600	13889100	12601200	11758000
497	13515800	13888000	12600800	11757100
498	13516300	13888900	12600600	11758100
499	13516600	13888800	12601100	11758700

============================================================
# BITSTREAM: 10ms_101etapas.bit
# VENTANA: 10ms
# ETAPAS_PRINCIPAL: 101
# NUM_MUESTRAS: 500
# FORMATO: idx	freq1_hz	freq2_hz	freq3_hz	freq4_hz
============================================================
idx	freq1_hz	freq2_hz	freq3_hz	freq4_hz
0	7512000	8205700	8214000	8698100
1	7512100	8206100	8215400	8697800
2	7511800	8205400	8213400	8697900
3	7511400	8205800	8213900	8697800
4	7511200	8205000	8214300	8697300
5	7511600	8206100	8215000	8698000
6	7511300	8205600	8213300	8697400
7	7511000	8205200	8213800	8696700
8	7510500	8204700	8213000	8696700
9	7510700	8205300	8212900	8697100
10	7511300	8206100	8213900	8697200
11	7511800	8206400	8215200	8698200
12	7511200	8205300	8214400	8697000
13	7511600	8205900	8214400	8697800
14	7511700	8206000	8214600	8698000
15	7512000	8206500	8214300	8698200
16	7511600	8205200	8215000	8697700
17	7511600	8206200	8214000	8697700
18	7511200	8205100	8214900	8696800
19	7511400	8206000	8214100	8697100
20	7511300	8205500	8214100	8697300
21	7511800	8206600	8214400	8698000
22	7512000	8206300	8214900	8698200
23	7512000	8206800	8214500	8697700
24	7512300	8207000	8215200	8698200
25	7512000	8206600	8215200	8697700
26	7511700	8205700	8215100	8697500
27	7512300	8206700	8216200	8698600
28	7511700	8206100	8213800	8697700
29	7511300	8206100	8213800	8697500
30	7511900	8206600	8214300	8697800
31	7512300	8206200	8216100	8697800
32	7512200	8206400	8214700	8697900
33	7512500	8206500	8215900	8698600
34	7513000	8206700	8216800	8699200
35	7512800	8205700	8215800	8698100
36	7512100	8206200	8214500	8698100
37	7512000	8206700	8214700	8697700
38	7512300	8206100	8215600	8698400
39	7512200	8206300	8215300	8697800
40	7512300	8206300	8214900	8698500
41	7512300	8206700	8214600	8697700
42	7511900	8205800	8214000	8697700
43	7512000	8206200	8215400	8697700
44	7511800	8206300	8213900	8698300
45	7512200	8206600	8215500	8698500
46	7512400	8206300	8215400	8698700
47	7511600	8205800	8213500	8697700
48	7511900	8205800	8215200	8698000
49	7511600	8205900	8214800	8697700
50	7511600	8205800	8214500	8697800
51	7511900	8206200	8214500	8697800
52	7511700	8206000	8214300	8697400
53	7511900	8205900	8215200	8698200
54	7511400	8205400	8214400	8697100
55	7511700	8205900	8214700	8698800
56	7511700	8205400	8215300	8697900
57	7511400	8205500	8214100	8697700
58	7511800	8206100	8214300	8697800
59	7512300	8206300	8215800	8698400
60	7512000	8206200	8214500	8699000
61	7512000	8206600	8214800	8698000
62	7511900	8205800	8215200	8698200
63	7511500	8205600	8214900	8697300
64	7511600	8205700	8214400	8692100
65	7511100	8205100	8214400	8697700
66	7511300	8205200	8214200	8697600
67	7512100	8206300	8214300	8698200
68	7511500	8205300	8214900	8697800
69	7511300	8205800	8213600	8696900
70	7511200	8205500	8214000	8696900
71	7511700	8206300	8215200	8697500
72	7511300	8205300	8214500	8697000
73	7511600	8206000	8214300	8697400
74	7511400	8205300	8215000	8697800
75	7511700	8206400	8214000	8698100
76	7511200	8204900	8215000	8697100
77	7511400	8205700	8213600	8697900
78	7511400	8205000	8214200	8697200
79	7511700	8206000	8213900	8698100
80	7511600	8205600	8214900	8698000
81	7511400	8205600	8214100	8697200
82	7511200	8205200	8213900	8697500
83	7511800	8206000	8215200	8698800
84	7511300	8205200	8214400	8697300
85	7510700	8204800	8213900	8697100
86	7511000	8204300	8214700	8697400
87	7511500	8205500	8215100	8697800
88	7511600	8205500	8215300	8698100
89	7512000	8206300	8214800	8698400
90	7511800	8206000	8214900	8698000
91	7511700	8205900	8214400	8697500
92	7511400	8205400	8214400	8697800
93	7511800	8206300	8214800	8698200
94	7511600	8206000	8214700	8697900
95	7511800	8206100	8215100	8698100
96	7511900	8206100	8215500	8698200
97	7511900	8206300	8215000	8698000
98	7511500	8205900	8213500	8697500
99	7512200	8206400	8215400	8698400
100	7512200	8206200	8214200	8698300
101	7511500	8206100	8213700	8697400
102	7511500	8205900	8214000	8697600
103	7511800	8206200	8215200	8697400
104	7511200	8205200	8214200	8696900
105	7511900	8206500	8214100	8697800
106	7511300	8205700	8214000	8697300
107	7510900	8205500	8214400	8696800
108	7510400	8204900	8213500	8696700
109	7510900	8205300	8214400	8697100
110	7510400	8204100	8213500	8696600
111	7511100	8205200	8214400	8697100
112	7510500	8204000	8213700	8696700
113	7510600	8204900	8213000	8696600
114	7510400	8204600	8212400	8696300
115	7511200	8205100	8214200	8696700
116	7511000	8205400	8213200	8696900
117	7510900	8204900	8214400	8697300
118	7511200	8204900	8214100	8697300
119	7510900	8205200	8213700	8697200
120	7511500	8205400	8214000	8697600
121	7511100	8205300	8215000	8697000
122	7511000	8205300	8213300	8697100
123	7510800	8205500	8213700	8696700
124	7511700	8206100	8213900	8697700
125	7511300	8205600	8214700	8697400
126	7511300	8205300	8214800	8697600
127	7511300	8205600	8214400	8697500
128	7511300	8205200	8214000	8697400
129	7511200	8205500	8214700	8697100
130	7511600	8205600	8214600	8697600
131	7511600	8206100	8213800	8697600
132	7511800	8206300	8214000	8697800
133	7511600	8206200	8215100	8697300
134	7511200	8205100	8214900	8697500
135	7511500	8206100	8214000	8697400
136	7511600	8205900	8214800	8697400
137	7511900	8206600	8215000	8698300
138	7512200	8206800	8214400	8698500
139	7512200	8206900	8214900	8698400
140	7512100	8206300	8214600	8698100
141	7512400	8206800	8214400	8698300
142	7511700	8206100	8214500	8697900
143	7512200	8206500	8214800	8697900
144	7511900	8205900	8214900	8698000
145	7511800	8206300	8214400	8697500
146	7511900	8205600	8214600	8698000
147	7512300	8206600	8214400	8698200
148	7511800	8206000	8214500	8697800
149	7512100	8206700	8214700	8697800
150	7511700	8205600	8215000	8697800
151	7511700	8206400	8213900	8697700
152	7512000	8206000	8215300	8698200
153	7511500	8206200	8214100	8697700
154	7511600	8206000	8214000	8697800
155	7511900	8206400	8215000	8697500
156	7512000	8206200	8213900	8698000
157	7511900	8206000	8215200	8698000
158	7512300	8206400	8215100	8698100
159	7512100	8206200	8215500	8698300
160	7511900	8206000	8215000	8698000
161	7511800	8206600	8214000	8697800
162	7511700	8205500	8215200	8697200
163	7511500	8206000	8214700	8697300
164	7511600	8205400	8215100	8697300
165	7511900	8205700	8215600	8698100
166	7511300	8205000	8214600	8697100
167	7511900	8206100	8214000	8697900
168	7511600	8205300	8215000	8697200
169	7511900	8206300	8214000	8697200
170	7511500	8205200	8214900	8696900
171	7511600	8206100	8214300	8697200
172	7512200	8206000	8215300	8698200
173	7512500	8206700	8215000	8698600
174	7512400	8206600	8214400	8698400
175	7512800	8207200	8215800	8698900
176	7512300	8206400	8214700	8698200
177	7512100	8206200	8215300	8698000
178	7511700	8205500	8214300	8697700
179	7512100	8206400	8215300	8698000
180	7512200	8206500	8214700	8698400
181	7511800	8206000	8215000	8697900
182	7511300	8205300	8213300	8696400
183	7510800	8205200	8213600	8696300
184	7511000	8205000	8213500	8696200
185	7511900	8206100	8215200	8697700
186	7511600	8205000	8214500	8697000
187	7511800	8206000	8214500	8697300
188	7511500	8205500	8214000	8697000
189	7511700	8205500	8215200	8697200
190	7511600	8205200	8214700	8697000
191	7511600	8205300	8214800	8697300
192	7511400	8205300	8214400	8697300
193	7511400	8205400	8214100	8697300
194	7511400	8205000	8213700	8697200
195	7511600	8206100	8213900	8697600
196	7511500	8205700	8215000	8697700
197	7511800	8206500	8214000	8697900
198	7511400	8205500	8214700	8697000
199	7512200	8206500	8215400	8698200
200	7512100	8206500	8214100	8698000
201	7512000	8206600	8214600	8697800
202	7511700	8205900	8213900	8697600
203	7511800	8205800	8215200	8697700
204	7511500	8205900	8214600	8697400
205	7511100	8205600	8213300	8697100
206	7511400	8205600	8214100	8696500
207	7511800	8206300	8214200	8697600
208	7511600	8206200	8213800	8697500
209	7511700	8206200	8214000	8697500
210	7511600	8205400	8215000	8697100
211	7511800	8206200	8213900	8697600
212	7511800	8205800	8215200	8697700
213	7512100	8206300	8215300	8697700
214	7511900	8206300	8214600	8698000
215	7511800	8206600	8214100	8697800
216	7511800	8206200	8214400	8697800
217	7511900	8206500	8214500	8697900
218	7512000	8206500	8214300	8697500
219	7512200	8206800	8215300	8698300
220	7512000	8206600	8214500	8698200
221	7512300	8207200	8214700	8697900
222	7511900	8206000	8215100	8698000
223	7512100	8206300	8215200	8698100
224	7511900	8206100	8214800	8697500
225	7511800	8206300	8214600	8697700
226	7511700	8205700	8213500	8697600
227	7512500	8206600	8215700	8698200
228	7511500	8205800	8214200	8697500
229	7511900	8206500	8213900	8697500
230	7512000	8206000	8215200	8698200
231	7512000	8206300	8214900	8697600
232	7512200	8206400	8214600	8697700
233	7512400	8206900	8214400	8698400
234	7511700	8205900	8214600	8697900
235	7511900	8206300	8213900	8697800
236	7511600	8205400	8214700	8697700
237	7511600	8206000	8214700	8697900
238	7511400	8205400	8214800	8697700
239	7511600	8206100	8214600	8697700
240	7511200	8205300	8213300	8697100
241	7511600	8206200	8214200	8696900
242	7511900	8206200	8213900	8697800
243	7511300	8205800	8214200	8703100
244	7511900	8206000	8213800	8697600
245	7511400	8205700	8213500	8702800
246	7512400	8206300	8215400	8698100
247	7511900	8206400	8213800	8697600
248	7511700	8205900	8213500	8697400
249	7512000	8206600	8214900	8697700
250	7511600	8205700	8214000	8697000
251	7511500	8205700	8215200	8697000
252	7511700	8205700	8214900	8697300
253	7512100	8206800	8214800	8697800
254	7511800	8205900	8214900	8697800
255	7512000	8206400	8214400	8697600
256	7511200	8205400	8213900	8697300
257	7511300	8205700	8214700	8697600
258	7511800	8205600	8215100	8698000
259	7512100	8206600	8215300	8698300
260	7511600	8205900	8214000	8697900
261	7511700	8206200	8214700	8697100
262	7511600	8205900	8214700	8697700
263	7511200	8205500	8214600	8697500
264	7510800	8205100	8212700	8696700
265	7510700	8204700	8214300	8697100
266	7511100	8205000	8214200	8697100
267	7511500	8205900	8213500	8697300
268	7511400	8205800	8214400	8697100
269	7511000	8205400	8213900	8697000
270	7510800	8205000	8214300	8697100
271	7511200	8205200	8214600	8697100
272	7511400	8205900	8213500	8697500
273	7511500	8205800	8214800	8697400
274	7510600	8204800	8213700	8696700
275	7511100	8205200	8213500	8697100
276	7511300	8205600	8216300	8697400
277	7511700	8206200	8214700	8697400
278	7511400	8205400	8214700	8697400
279	7512000	8206300	8215400	8698200
280	7511000	8205300	8212900	8697000
281	7511300	8206000	8213600	8696700
282	7511000	8205200	8213500	8696400
283	7511400	8205700	8214400	8697000
284	7511300	8205100	8213900	8697100
285	7511600	8205600	8214500	8697500
286	7511800	8205800	8214200	8697300
287	7511500	8206000	8213500	8697300
288	7511300	8205200	8214400	8697200
289	7511000	8205200	8213900	8697000
290	7511300	8205600	8214500	8697400
291	7511500	8206300	8214300	8697400
292	7511200	8205500	8214300	8697200
293	7511600	8205900	8215000	8697800
294	7511200	8205800	8213400	8697100
295	7511200	8205900	8213600	8696900
296	7510700	8205200	8213400	8696100
297	7510900	8205300	8213000	8696500
298	7511200	8205500	8212900	8696800
299	7511300	8206000	8213400	8696500
300	7510900	8205000	8213100	8696500
301	7510800	8205000	8213700	8696600
302	7511000	8205100	8213300	8696900
303	7510900	8205500	8213700	8696400
304	7510700	8205000	8213000	8696600
305	7510900	8205300	8212800	8696700
306	7510900	8204700	8213900	8696900
307	7511000	8205200	8214300	8696900
308	7510900	8204700	8214300	8696900
309	7510900	8204900	8214200	8696600
310	7510700	8204800	8212700	8696100
311	7510400	8204500	8213700	8696200
312	7510300	8204400	8212300	8695800
313	7510900	8205000	8213500	8696600
314	7510900	8204800	8213800	8696400
315	7510700	8205300	8212800	8696400
316	7510000	8204000	8212800	8695900
317	7510400	8204700	8213100	8696200
318	7511100	8205400	8214000	8697000
319	7511100	8205500	8214400	8697300
320	7510700	8204900	8213400	8696600
321	7511600	8206100	8213700	8697000
322	7511800	8206000	8213900	8697700
323	7511300	8205800	8214400	8697300
324	7511400	8205600	8214100	8697200
325	7511300	8205500	8213700	8696900
326	7511000	8205100	8213200	8696600
327	7510900	8205300	8214100	8696700
328	7511100	8205200	8213300	8696700
329	7511100	8205300	8213700	8696200
330	7510900	8204800	8212800	8696500
331	7511100	8205200	8213900	8697000
332	7510900	8205100	8214200	8697100
333	7510800	8205100	8212700	8696400
334	7510600	8204300	8214100	8696500
335	7510700	8204800	8212900	8696400
336	7510800	8204900	8212700	8696200
337	7510500	8204000	8213900	8696400
338	7510700	8204200	8213800	8696700
339	7510700	8204900	8212600	8696400
340	7510500	8204400	8212800	8696300
341	7510600	8204600	8213300	8696400
342	7510400	8204600	8213000	8695800
343	7510700	8205000	8212500	8696400
344	7510000	8204000	8212600	8695800
345	7510300	8204700	8212500	8696200
346	7510100	8204300	8212600	8696000
347	7510900	8205300	8213200	8696500
348	7510700	8205000	8213900	8696700
349	7510900	8205000	8214000	8696700
350	7510100	8203900	8213700	8696700
351	7510100	8204300	8212500	8696000
352	7510300	8204700	8213000	8696400
353	7510800	8205100	8212700	8696500
354	7510700	8204700	8214200	8696500
355	7511100	8205700	8213200	8696900
356	7511400	8205500	8214800	8697900
357	7511100	8205500	8214000	8697200
358	7511000	8204900	8214400	8696600
359	7510700	8205200	8213300	8696700
360	7510200	8204400	8212800	8695400
361	7511000	8205300	8213800	8696900
362	7510600	8205000	8212600	8696400
363	7510700	8205200	8213100	8696700
364	7511300	8205500	8214100	8697100
365	7511200	8205900	8213500	8697100
366	7511800	8205900	8214900	8697700
367	7511100	8205600	8213400	8696600
368	7511000	8205400	8213100	8696900
369	7510300	8204500	8213100	8696100
370	7510400	8204200	8213100	8696300
371	7510800	8204900	8213700	8696800
372	7511300	8205400	8213600	8697300
373	7510800	8205600	8213500	8696500
374	7511900	8206100	8214900	8693300
375	7510900	8205700	8213200	8696500
376	7510800	8204900	8213800	8696600
377	7511200	8205800	8213400	8697300
378	7511300	8205700	8213500	8697300
379	7511600	8206000	8214400	8697500
380	7510900	8205100	8213600	8697000
381	7510900	8205300	8213400	8696200
382	7511300	8205600	8213300	8696900
383	7511300	8205700	8213600	8696600
384	7511100	8205400	8213400	8696200
385	7511100	8205500	8213200	8696700
386	7511200	8205500	8214100	8697100
387	7511300	8205900	8213600	8697300
388	7511300	8205600	8213700	8696700
389	7511600	8206100	8213700	8697600
390	7511600	8205700	8213500	8697400
391	7511400	8206100	8214300	8697500
392	7511200	8205200	8214200	8697200
393	7511400	8206000	8213300	8697300
394	7510900	8205200	8213400	8696200
395	7511100	8205700	8213200	8697000
396	7510700	8204800	8213800	8697000
397	7510800	8205700	8212700	8696900
398	7510700	8205400	8213800	8696800
399	7510800	8205700	8212700	8697100
400	7510900	8205000	8214300	8697200
401	7510500	8204600	8213600	8696600
402	7510300	8204500	8212500	8695900
403	7510300	8204800	8212800	8696500
404	7510700	8205100	8213600	8696900
405	7510600	8205400	8213200	8696200
406	7511000	8205300	8214300	8697500
407	7511500	8206000	8214300	8697600
408	7512000	8206500	8215000	8698200
409	7511200	8205600	8213300	8697400
410	7510600	8205000	8213500	8696500
411	7511400	8206100	8214300	8697600
412	7511300	8205600	8214400	8697400
413	7511400	8205900	8214000	8697700
414	7511500	8205800	8214700	8697200
415	7511300	8205900	8214500	8697500
416	7510900	8205400	8213500	8696600
417	7511200	8205600	8214400	8697300
418	7511300	8205500	8213900	8697300
419	7511200	8205800	8214400	8697400
420	7510800	8205100	8213500	8696900
421	7511200	8205200	8214000	8696900
422	7510700	8204500	8213800	8696200
423	7510700	8204900	8212500	8696200
424	7510700	8204800	8213200	8696400
425	7511100	8205100	8214100	8696800
426	7510700	8205000	8213000	8696500
427	7511000	8205400	8212700	8696800
428	7510800	8205100	8214300	8697000
429	7511100	8205300	8214300	8697100
430	7511100	8205400	8214200	8697000
431	7511300	8205800	8213300	8697100
432	7511000	8205300	8213700	8696500
433	7511000	8205400	8213200	8697000
434	7511000	8205100	8214200	8697100
435	7511300	8205800	8213400	8697200
436	7511400	8205800	8213500	8697400
437	7511700	8206000	8214600	8698400
438	7511400	8205700	8213400	8697500
439	7511400	8205900	8213800	8697300
440	7511500	8205900	8213500	8697300
441	7511900	8206700	8215000	8698000
442	7511600	8206200	8213600	8697500
443	7511000	8205500	8213600	8696500
444	7511200	8205300	8213800	8696600
445	7511300	8205700	8213400	8697200
446	7511500	8205500	8213700	8697300
447	7511200	8205700	8213400	8697300
448	7511600	8205500	8213600	8697400
449	7511500	8205800	8214100	8697000
450	7511500	8205500	8213700	8697500
451	7511300	8205500	8213200	8696900
452	7511200	8205000	8214500	8697100
453	7511300	8205700	8213900	8697100
454	7511500	8205500	8214600	8697500
455	7511000	8205600	8213200	8697000
456	7511100	8205000	8214500	8697200
457	7511800	8206200	8214300	8697500
458	7511300	8205200	8214100	8697300
459	7511600	8206000	8214000	8697700
460	7511400	8205500	8214600	8697000
461	7511400	8206100	8213500	8697500
462	7511800	8205600	8214800	8697600
463	7511400	8205800	8214400	8697600
464	7511800	8206500	8214700	8698200
465	7512100	8206300	8215300	8698400
466	7511900	8206400	8214400	8698200
467	7511800	8206500	8214300	8698000
468	7511900	8206200	8215000	8698100
469	7511900	8206800	8214200	8698100
470	7511800	8206100	8213700	8697600
471	7511900	8206400	8214000	8697800
472	7511100	8205200	8214600	8696500
473	7511400	8205900	8213600	8697200
474	7511300	8205500	8213600	8696700
475	7511000	8205600	8213500	8696400
476	7511000	8204800	8214100	8696800
477	7510500	8204900	8213200	8696400
478	7510600	8204600	8213700	8696600
479	7510900	8205600	8213000	8696800
480	7510800	8205200	8212600	8696800
481	7511000	8205900	8213400	8697100
482	7510600	8205100	8213100	8696700
483	7510800	8205300	8213700	8696900
484	7510600	8204900	8212900	8696900
485	7510600	8205200	8212700	8696200
486	7510600	8204600	8213900	8696800
487	7510900	8205100	8214000	8696900
488	7511300	8205500	8214600	8696900
489	7511200	8205800	8213400	8697100
490	7511100	8205300	8213600	8696900
491	7511400	8206000	8213800	8696900
492	7510700	8205200	8212800	8696600
493	7511300	8205400	8214200	8697200
494	7511800	8206100	8213600	8697600
495	7511800	8206100	8214300	8697100
496	7511800	8205900	8214800	8692000
497	7511200	8206000	8214100	8697300
498	7511300	8205800	8213600	8697100
499	7511400	8206000	8213900	8697000

============================================================
# BITSTREAM: 1ms_3etapas.bit
# VENTANA: 1ms
# ETAPAS_PRINCIPAL: 3
# NUM_MUESTRAS: 500
# FORMATO: idx	freq1_hz	freq2_hz	freq3_hz	freq4_hz
============================================================
idx	freq1_hz	freq2_hz	freq3_hz	freq4_hz
0	36018000	36018000	36018000	36018000
1	36022000	36022000	36022000	36022000
2	36015000	36015000	36015000	36016000
3	36018000	36018000	36018000	36018000
4	36018000	36018000	36018000	36018000
5	36018000	36018000	36018000	36018000
6	36021000	36021000	36021000	36021000
7	36021000	36021000	36021000	36021000
8	36018000	36018000	36018000	36018000
9	36021000	36021000	36021000	36021000
10	36022000	36022000	36022000	36022000
11	36024000	36024000	36024000	36024000
12	36019000	36019000	36019000	36019000
13	36026000	36026000	36026000	36026000
14	36025000	36025000	36025000	36025000
15	36025000	36025000	36025000	36025000
16	36026000	36025000	36025000	36025000
17	36024000	36024000	36024000	36024000
18	36020000	36020000	36020000	36020000
19	36028000	36028000	36028000	36028000
20	36021000	36021000	36021000	36021000
21	36023000	36023000	36023000	36023000
22	36028000	36028000	36028000	36028000
23	36026000	36026000	36026000	36026000
24	36026000	36026000	36026000	36026000
25	36020000	36020000	36020000	36020000
26	36015000	36015000	36015000	36015000
27	36020000	36020000	36020000	36020000
28	36017000	36017000	36017000	36017000
29	36019000	36019000	36019000	36019000
30	36014000	36014000	36014000	36013000
31	36019000	36019000	36019000	36019000
32	36021000	36021000	36021000	36021000
33	36019000	36019000	36019000	36019000
34	36019000	36019000	36019000	36019000
35	36017000	36017000	36017000	36017000
36	36022000	36022000	36022000	36022000
37	36019000	36019000	36019000	36019000
38	36012000	36012000	36028000	36013000
39	36011000	36011000	36011000	36011000
40	36021000	36021000	36021000	36021000
41	36013000	36013000	36016000	36013000
42	36020000	36020000	36020000	36020000
43	36018000	36018000	36018000	36018000
44	36018000	36018000	36018000	36018000
45	36015000	36015000	36015000	36015000
46	36018000	36018000	36018000	36018000
47	36016000	36016000	36016000	36017000
48	36020000	36020000	36020000	36020000
49	36019000	36019000	36019000	36020000
50	36016000	36016000	36016000	36015000
51	36016000	36016000	36017000	36016000
52	36021000	36021000	36021000	36021000
53	36018000	36018000	36018000	36018000
54	36017000	36017000	36017000	36018000
55	36013000	36013000	36013000	36013000
56	36018000	36018000	36018000	36018000
57	36016000	36016000	36016000	36016000
58	36019000	36019000	36019000	36019000
59	36014000	36014000	36014000	36014000
60	36019000	36019000	36019000	36019000
61	36016000	36016000	36016000	36016000
62	36017000	36017000	36017000	36017000
63	36018000	36018000	36018000	36018000
64	36011000	36011000	36011000	36011000
65	36013000	36013000	36013000	36013000
66	36011000	36011000	36011000	36011000
67	36020000	36021000	36021000	36021000
68	36018000	36018000	36018000	36018000
69	36014000	36014000	36014000	36015000
70	36017000	36017000	36001000	36017000
71	36011000	36011000	36011000	36011000
72	36017000	36017000	36017000	36017000
73	36013000	36013000	36013000	36013000
74	36018000	36018000	36018000	36018000
75	36019000	36019000	36019000	36019000
76	36017000	36017000	36017000	36017000
77	36018000	36018000	36018000	36018000
78	36012000	36012000	36012000	36012000
79	36018000	36018000	36018000	36018000
80	36015000	36015000	36015000	36014000
81	36017000	36017000	36017000	36017000
82	36014000	36014000	36014000	36014000
83	36013000	36014000	36014000	36013000
84	36019000	36019000	36019000	36018000
85	36010000	36010000	36010000	36010000
86	36013000	36013000	36013000	36013000
87	36019000	36019000	36019000	36018000
88	36022000	36022000	36022000	36021000
89	36015000	36015000	36015000	36015000
90	36017000	36017000	36017000	36017000
91	36022000	36022000	36022000	36022000
92	36022000	36022000	36024000	36022000
93	36016000	36016000	36016000	36016000
94	36016000	36016000	36016000	36016000
95	36019000	36019000	36019000	36020000
96	36019000	36019000	36019000	36019000
97	36019000	36019000	36019000	36019000
98	36020000	36020000	36020000	36020000
99	36018000	36018000	36018000	36017000
100	36015000	36015000	36015000	36015000
101	36015000	36015000	36015000	36015000
102	36015000	36015000	36015000	36015000
103	36013000	36013000	36013000	36013000
104	36017000	36017000	36017000	36017000
105	36019000	36019000	36019000	36019000
106	36024000	36024000	36024000	36024000
107	36019000	36019000	36019000	36019000
108	36024000	36024000	36024000	36024000
109	36020000	36020000	36020000	36020000
110	36021000	36021000	36021000	36021000
111	36017000	36017000	36017000	36017000
112	36019000	36019000	36019000	36019000
113	36021000	36021000	36021000	36021000
114	36023000	36023000	36023000	36022000
115	36017000	36018000	36018000	36018000
116	36017000	36017000	36017000	36017000
117	36021000	36021000	36021000	36021000
118	36020000	36020000	36020000	36020000
119	36014000	36014000	36014000	36014000
120	36017000	36017000	36017000	36017000
121	36019000	36019000	36019000	36020000
122	36022000	36022000	36022000	36022000
123	36014000	36014000	36014000	36014000
124	36023000	36023000	36023000	36023000
125	36018000	36019000	36019000	36019000
126	36019000	36019000	36019000	36019000
127	36016000	36016000	36016000	36016000
128	36019000	36019000	36019000	36019000
129	36021000	36021000	36021000	36021000
130	36017000	36017000	36017000	36017000
131	36018000	36018000	36018000	36018000
132	36018000	36018000	36018000	36017000
133	36020000	36020000	36020000	36020000
134	36018000	36018000	36018000	36018000
135	36021000	36021000	36021000	36021000
136	36018000	36017000	36017000	36017000
137	36019000	36019000	36019000	36019000
138	36021000	36021000	36021000	36021000
139	36017000	36017000	36017000	36017000
140	36019000	36018000	36018000	36018000
141	36019000	36019000	36019000	36019000
142	36018000	36018000	36018000	36018000
143	36018000	36018000	36018000	36018000
144	36022000	36022000	36022000	36022000
145	36020000	36020000	36020000	36020000
146	36022000	36022000	36022000	36022000
147	36021000	36021000	36021000	36021000
148	36025000	36025000	36025000	36025000
149	36020000	36020000	36020000	36020000
150	36025000	36025000	36025000	36025000
151	36023000	36023000	36023000	36023000
152	36023000	36023000	36023000	36023000
153	36020000	36020000	36020000	36020000
154	36020000	36020000	36020000	36020000
155	36018000	36018000	36018000	36019000
156	36026000	36026000	36026000	36026000
157	36022000	36022000	36022000	36022000
158	36023000	36023000	36023000	36023000
159	36024000	36024000	36024000	36024000
160	36022000	36022000	36022000	36022000
161	36019000	36019000	36019000	36019000
162	36022000	36022000	36022000	36022000
163	36021000	36021000	36021000	36021000
164	36020000	36020000	36020000	36020000
165	36020000	36020000	36020000	36020000
166	36020000	36020000	36020000	36020000
167	36016000	36016000	36016000	36016000
168	36015000	36015000	36015000	36015000
169	36017000	36017000	36017000	36016000
170	36021000	36021000	36021000	36021000
171	36029000	36029000	36029000	36029000
172	36020000	36020000	36020000	36020000
173	36024000	36024000	36024000	36024000
174	36021000	36021000	36021000	36021000
175	36021000	36021000	36021000	36021000
176	36021000	36021000	36021000	36021000
177	36024000	36024000	36024000	36024000
178	36026000	36026000	36026000	36026000
179	36023000	36023000	36023000	36023000
180	36019000	36019000	36019000	36019000
181	36020000	36020000	36020000	36020000
182	36019000	36019000	36019000	36018000
183	36019000	36019000	36019000	36019000
184	36017000	36017000	36017000	36017000
185	36015000	36015000	36015000	36016000
186	36020000	36020000	36020000	36020000
187	36019000	36019000	36019000	36019000
188	36020000	36020000	36020000	36030000
189	36013000	36013000	36013000	36013000
190	36017000	36017000	36017000	36017000
191	36017000	36017000	36017000	36017000
192	36010000	36010000	36010000	36010000
193	36015000	36015000	36015000	36015000
194	36012000	36012000	36012000	36012000
195	36016000	36016000	36000000	36016000
196	36017000	36017000	36017000	36017000
197	36021000	36021000	36021000	36021000
198	36022000	36022000	36022000	36021000
199	36018000	36018000	36018000	36018000
200	36024000	36024000	36024000	36024000
201	36019000	36019000	36019000	36019000
202	36016000	36016000	36016000	36017000
203	36018000	36018000	36018000	36018000
204	36014000	36014000	36014000	36013000
205	36019000	36019000	36019000	36019000
206	36015000	36015000	36015000	36014000
207	36012000	36012000	36012000	36012000
208	36012000	36012000	36012000	36013000
209	36013000	36013000	36013000	36012000
210	36017000	36017000	36017000	36017000
211	36013000	36013000	36013000	36013000
212	36005000	36005000	36005000	36005000
213	36010000	36010000	36010000	36010000
214	36015000	36015000	36015000	36015000
215	36017000	36017000	36017000	36017000
216	36014000	36014000	36014000	36014000
217	36009000	36009000	36009000	36009000
218	36012000	36012000	36012000	36012000
219	36013000	36013000	36013000	36013000
220	36018000	36018000	36018000	36017000
221	36016000	36016000	36016000	36016000
222	36011000	36011000	36011000	36011000
223	36015000	36015000	36015000	36015000
224	36014000	36014000	36014000	36014000
225	36008000	36008000	36008000	36008000
226	36015000	36015000	36015000	36014000
227	36017000	36017000	36017000	36016000
228	36012000	36012000	36012000	36012000
229	36017000	36017000	36017000	36016000
230	36015000	36015000	36015000	36016000
231	36012000	36012000	36012000	36013000
232	36010000	36010000	36010000	36010000
233	36011000	36011000	36011000	36011000
234	36010000	36010000	36010000	36010000
235	36016000	36016000	36016000	36016000
236	36021000	36021000	36021000	36021000
237	36016000	36016000	36016000	36016000
238	36016000	36016000	36016000	36017000
239	36020000	36020000	36020000	36020000
240	36012000	36012000	36012000	36012000
241	36013000	36013000	36013000	36013000
242	36014000	36014000	36014000	36014000
243	36017000	36017000	36017000	36017000
244	36015000	36015000	36015000	36015000
245	36017000	36017000	36017000	36017000
246	36021000	36021000	36021000	36021000
247	36017000	36017000	36017000	36017000
248	36011000	36011000	36011000	36012000
249	36012000	36013000	36013000	36013000
250	36015000	36015000	36015000	36014000
251	36012000	36012000	36012000	36012000
252	36015000	36015000	36015000	36015000
253	36006000	36006000	36006000	36006000
254	36012000	36012000	36012000	36012000
255	36011000	36011000	36011000	36011000
256	36015000	36015000	36015000	36015000
257	36010000	36010000	36010000	36010000
258	36007000	36008000	36008000	36008000
259	36011000	36012000	36012000	36012000
260	36019000	36019000	36019000	36019000
261	36017000	36017000	36017000	36017000
262	36019000	36019000	36019000	36019000
263	36011000	36011000	36011000	36010000
264	36015000	36015000	36015000	36015000
265	36019000	36019000	36019000	36019000
266	36019000	36019000	36019000	36019000
267	36018000	36018000	36018000	36018000
268	36020000	36020000	36020000	36020000
269	36022000	36022000	36022000	36022000
270	36022000	36022000	36022000	36022000
271	36019000	36019000	36019000	36019000
272	36020000	36020000	36020000	36021000
273	36017000	36017000	36017000	36017000
274	36016000	36016000	36016000	36016000
275	36017000	36017000	36017000	36017000
276	36021000	36021000	36021000	36021000
277	36019000	36019000	36003000	36019000
278	36013000	36013000	36013000	36013000
279	36016000	36016000	36016000	36016000
280	36017000	36017000	36017000	36017000
281	36018000	36018000	36018000	36018000
282	36020000	36020000	36020000	36020000
283	36017000	36017000	36017000	36016000
284	36018000	36018000	36018000	36018000
285	36019000	36019000	36019000	36019000
286	36021000	36021000	36021000	36021000
287	36021000	36020000	36020000	36020000
288	36019000	36019000	36019000	36019000
289	36019000	36019000	36019000	36019000
290	36019000	36019000	36019000	36019000
291	36017000	36017000	36017000	36017000
292	36021000	36021000	36021000	36021000
293	36021000	36021000	36021000	36021000
294	36023000	36023000	36023000	36023000
295	36020000	36020000	36020000	36020000
296	36022000	36022000	36022000	36022000
297	36019000	36019000	36019000	36019000
298	36022000	36022000	36022000	36022000
299	36019000	36019000	36019000	36019000
300	36026000	36026000	36026000	36026000
301	36019000	36019000	36019000	36019000
302	36013000	36013000	36013000	36013000
303	36021000	36021000	36021000	36021000
304	36027000	36027000	36027000	36027000
305	36020000	36020000	36020000	36020000
306	36025000	36025000	36025000	36025000
307	36023000	36023000	36023000	36023000
308	36024000	36024000	36024000	36024000
309	36026000	36026000	36026000	36026000
310	36025000	36025000	36025000	36025000
311	36024000	36024000	36024000	36024000
312	36024000	36024000	36024000	36024000
313	36032000	36032000	36032000	36032000
314	36024000	36024000	36024000	36024000
315	36025000	36025000	36025000	36025000
316	36028000	36028000	36028000	36028000
317	36023000	36023000	36023000	36023000
318	36025000	36025000	36025000	36025000
319	36023000	36023000	36023000	36023000
320	36023000	36023000	36023000	36024000
321	36025000	36025000	36025000	36026000
322	36027000	36027000	36027000	36027000
323	36022000	36022000	36022000	36022000
324	36018000	36018000	36018000	36018000
325	36021000	36021000	36021000	36020000
326	36026000	36026000	36026000	36026000
327	36025000	36025000	36025000	36025000
328	36023000	36023000	36023000	36023000
329	36020000	36020000	36020000	36020000
330	36022000	36022000	36022000	36022000
331	36025000	36025000	36025000	36025000
332	36023000	36023000	36023000	36023000
333	36025000	36025000	36025000	36025000
334	36021000	36021000	36021000	36021000
335	36024000	36024000	36024000	36024000
336	36022000	36022000	36022000	36023000
337	36021000	36021000	36021000	36021000
338	36017000	36017000	36017000	36017000
339	36028000	36028000	36028000	36028000
340	36021000	36022000	36022000	36022000
341	36029000	36029000	36029000	36029000
342	36022000	36022000	36022000	36022000
343	36021000	36021000	36021000	36022000
344	36027000	36027000	36027000	36027000
345	36021000	36021000	36021000	36022000
346	36022000	36022000	36022000	36022000
347	36020000	36020000	36020000	36020000
348	36021000	36021000	36021000	36022000
349	36025000	36025000	36025000	36025000
350	36021000	36021000	36021000	36021000
351	36019000	36019000	36019000	36019000
352	36023000	36023000	36023000	36023000
353	36021000	36021000	36021000	36021000
354	36021000	36021000	36021000	36021000
355	36025000	36025000	36025000	36025000
356	36025000	36025000	36025000	36025000
357	36023000	36023000	36023000	36024000
358	36025000	36025000	36025000	36025000
359	36022000	36022000	36022000	36022000
360	36024000	36024000	36024000	36024000
361	36020000	36020000	36020000	36020000
362	36020000	36020000	36020000	36020000
363	36015000	36015000	36015000	36015000
364	36025000	36025000	36025000	36025000
365	36024000	36024000	36024000	36024000
366	36023000	36023000	36023000	36023000
367	36018000	36018000	36018000	36018000
368	36018000	36018000	36018000	36018000
369	36022000	36022000	36022000	36022000
370	36020000	36020000	36020000	36020000
371	36023000	36023000	36023000	36023000
372	36018000	36018000	36018000	36018000
373	36016000	36016000	36016000	36016000
374	36024000	36024000	36024000	36024000
375	36022000	36022000	36022000	36022000
376	36016000	36016000	36016000	36017000
377	36023000	36023000	36023000	36023000
378	36019000	36019000	36019000	36020000
379	36023000	36023000	36023000	36023000
380	36021000	36021000	36021000	36021000
381	36018000	36018000	36018000	36018000
382	36022000	36022000	36022000	36022000
383	36021000	36021000	36021000	36021000
384	36015000	36015000	36015000	36016000
385	36017000	36017000	36017000	36018000
386	36024000	36024000	36024000	36024000
387	36021000	36021000	36021000	36021000
388	36019000	36019000	36019000	36019000
389	36016000	36016000	36016000	36016000
390	36016000	36016000	36016000	36016000
391	36016000	36016000	36016000	36017000
392	36018000	36018000	36018000	36018000
393	36019000	36019000	36019000	36019000
394	36020000	36020000	36020000	36020000
395	36018000	36018000	36018000	36018000
396	36013000	36013000	36013000	36013000
397	36020000	36020000	36020000	36020000
398	36017000	36018000	36018000	36018000
399	36014000	36014000	36014000	36014000
400	36018000	36018000	36018000	36018000
401	36017000	36017000	36017000	36017000
402	36017000	36017000	36017000	36017000
403	36018000	36018000	36018000	36018000
404	36017000	36017000	36017000	36017000
405	36018000	36018000	36018000	36018000
406	36020000	36020000	36020000	36020000
407	36019000	36018000	36018000	36018000
408	36019000	36019000	36019000	36019000
409	36022000	36022000	36022000	36022000
410	36022000	36022000	36022000	36020000
411	36019000	36019000	36019000	36019000
412	36019000	36019000	36019000	36019000
413	36017000	36017000	36017000	36017000
414	36017000	36017000	36017000	36017000
415	36019000	36019000	36019000	36019000
416	36020000	36020000	36020000	36020000
417	36018000	36018000	36018000	36018000
418	36016000	36016000	36016000	36016000
419	36015000	36015000	36015000	36015000
420	36018000	36019000	36019000	36019000
421	36015000	36016000	36016000	36016000
422	36011000	36011000	36011000	36011000
423	36014000	36014000	36014000	36013000
424	36017000	36016000	36016000	36017000
425	36021000	36021000	36021000	36021000
426	36018000	36018000	36018000	36018000
427	36018000	36018000	36018000	36018000
428	36013000	36013000	36013000	36013000
429	36015000	36015000	36015000	36016000
430	36019000	36019000	36019000	36019000
431	36016000	36016000	36016000	36015000
432	36013000	36013000	36013000	36013000
433	36024000	36024000	36024000	36024000
434	36015000	36015000	36015000	36015000
435	36019000	36019000	36019000	36019000
436	36024000	36024000	36024000	36024000
437	36020000	36020000	36020000	36020000
438	36019000	36019000	36019000	36019000
439	36021000	36021000	36021000	36021000
440	36021000	36021000	36021000	36021000
441	36022000	36022000	36022000	36022000
442	36022000	36022000	36022000	36023000
443	36023000	36023000	36023000	36024000
444	36026000	36026000	36026000	36026000
445	36022000	36022000	36022000	36022000
446	36018000	36018000	36018000	36018000
447	36020000	36020000	36020000	36020000
448	36018000	36018000	36018000	36018000
449	36012000	36012000	36012000	36012000
450	36016000	36016000	36016000	36026000
451	36013000	36013000	36013000	36013000
452	36021000	36021000	36021000	36020000
453	36017000	36017000	36017000	36018000
454	36021000	36021000	36021000	36021000
455	36017000	36017000	36017000	36017000
456	36019000	36019000	36019000	36019000
457	36020000	36020000	36020000	36020000
458	36023000	36024000	36024000	36024000
459	36020000	36020000	36020000	36020000
460	36017000	36017000	36017000	36017000
461	36016000	36016000	36016000	36017000
462	36018000	36018000	36018000	36018000
463	36019000	36019000	36019000	36019000
464	36021000	36021000	36021000	36021000
465	36024000	36024000	36024000	36024000
466	36020000	36020000	36020000	36020000
467	36023000	36023000	36023000	36023000
468	36024000	36024000	36024000	36024000
469	36026000	36026000	36026000	36026000
470	36023000	36023000	36023000	36023000
471	36017000	36017000	36017000	36017000
472	36023000	36023000	36024000	36023000
473	36024000	36024000	36024000	36024000
474	36021000	36021000	36021000	36021000
475	36019000	36019000	36019000	36019000
476	36017000	36017000	36017000	36017000
477	36020000	36020000	36020000	36020000
478	36018000	36018000	36018000	36017000
479	36018000	36018000	36018000	36018000
480	36016000	36016000	36016000	36017000
481	36019000	36019000	36019000	36019000
482	36014000	36014000	36014000	36014000
483	36015000	36015000	36015000	36015000
484	36020000	36020000	36020000	36020000
485	36021000	36021000	36021000	36021000
486	36018000	36018000	36020000	36018000
487	36020000	36020000	36020000	36020000
488	36026000	36026000	36026000	36026000
489	36020000	36020000	36020000	36019000
490	36024000	36024000	36024000	36023000
491	36019000	36019000	36019000	36019000
492	36019000	36019000	36019000	36019000
493	36022000	36022000	36022000	36022000
494	36023000	36023000	36023000	36023000
495	36018000	36018000	36018000	36017000
496	36019000	36019000	36019000	36020000
497	36020000	36020000	36020000	36020000
498	36017000	36018000	36018000	36018000
499	36020000	36020000	36020000	36020000

============================================================
# BITSTREAM: 1ms_5etapas.bit
# VENTANA: 1ms
# ETAPAS_PRINCIPAL: 5
# NUM_MUESTRAS: 500
# FORMATO: idx	freq1_hz	freq2_hz	freq3_hz	freq4_hz
============================================================
idx	freq1_hz	freq2_hz	freq3_hz	freq4_hz
0	34504000	34503000	34504000	34504000
1	34502000	34502000	34502000	34502000
2	34500000	34499000	34500000	34500000
3	34504000	34504000	34504000	34504000
4	34510000	34510000	34510000	34510000
5	34506000	34506000	34506000	34506000
6	34504000	34504000	34504000	34503000
7	34511000	34511000	34511000	34511000
8	34508000	34509000	34508000	34508000
9	34511000	34511000	34511000	34511000
10	34514000	34515000	34514000	34515000
11	34510000	34510000	34510000	34510000
12	34508000	34508000	34508000	34508000
13	34513000	34513000	34513000	34513000
14	34509000	34509000	34509000	34510000
15	34508000	34508000	34508000	34508000
16	34510000	34510000	34510000	34511000
17	34504000	34504000	34504000	34504000
18	34505000	34505000	34505000	34505000
19	34508000	34508000	34508000	34508000
20	34499000	34499000	34499000	34499000
21	34507000	34506000	34507000	34507000
22	34507000	34507000	34507000	34506000
23	34504000	34503000	34504000	34504000
24	34507000	34507000	34507000	34507000
25	34504000	34504000	34504000	34504000
26	34507000	34507000	34507000	34507000
27	34511000	34511000	34511000	34510000
28	34506000	34506000	34506000	34505000
29	34508000	34508000	34508000	34508000
30	34512000	34512000	34512000	34512000
31	34508000	34508000	34508000	34508000
32	34508000	34508000	34508000	34508000
33	34505000	34505000	34505000	34505000
34	34514000	34514000	34514000	34514000
35	34508000	34508000	34508000	34508000
36	34509000	34509000	34509000	34509000
37	34509000	34509000	34509000	34509000
38	34507000	34507000	34507000	34506000
39	34505000	34505000	34505000	34505000
40	34502000	34502000	34502000	34502000
41	34502000	34502000	34502000	34502000
42	34498000	34498000	34498000	34498000
43	34501000	34502000	34501000	34501000
44	34500000	34501000	34500000	34500000
45	34499000	34500000	34499000	34499000
46	34506000	34506000	34506000	34506000
47	34496000	34496000	34496000	34496000
48	34500000	34500000	34500000	34500000
49	34502000	34502000	34502000	34502000
50	34503000	34503000	34503000	34503000
51	34502000	34503000	34502000	34502000
52	34504000	34504000	34504000	34504000
53	34502000	34501000	34502000	34502000
54	34500000	34500000	34500000	34500000
55	34500000	34500000	34500000	34500000
56	34501000	34501000	34501000	34501000
57	34499000	34499000	34499000	34499000
58	34500000	34500000	34500000	34500000
59	34500000	34500000	34500000	34500000
60	34504000	34504000	34504000	34505000
61	34503000	34503000	34503000	34503000
62	34507000	34507000	34507000	34507000
63	34505000	34505000	34505000	34506000
64	34501000	34501000	34501000	34501000
65	34500000	34500000	34500000	34500000
66	34497000	34497000	34497000	34497000
67	34506000	34505000	34506000	34506000
68	34499000	34499000	34499000	34499000
69	34499000	34499000	34499000	34499000
70	34495000	34495000	34495000	34495000
71	34499000	34499000	34499000	34499000
72	34499000	34499000	34499000	34499000
73	34500000	34500000	34500000	34500000
74	34503000	34503000	34503000	34503000
75	34506000	34506000	34506000	34506000
76	34502000	34502000	34502000	34502000
77	34495000	34495000	34495000	34494000
78	34501000	34501000	34501000	34501000
79	34503000	34504000	34503000	34503000
80	34499000	34499000	34499000	34499000
81	34498000	34498000	34498000	34498000
82	34496000	34496000	34496000	34497000
83	34498000	34498000	34498000	34498000
84	34495000	34495000	34495000	34495000
85	34496000	34496000	34496000	34496000
86	34496000	34497000	34496000	34496000
87	34503000	34503000	34503000	34503000
88	34496000	34496000	34496000	34496000
89	34499000	34498000	34499000	34499000
90	34505000	34505000	34505000	34505000
91	34503000	34502000	34503000	34502000
92	34500000	34499000	34500000	34499000
93	34497000	34498000	34497000	34497000
94	34500000	34500000	34500000	34500000
95	34499000	34499000	34499000	34499000
96	34501000	34501000	34501000	34501000
97	34496000	34496000	34496000	34496000
98	34492000	34492000	34492000	34492000
99	34496000	34496000	34496000	34496000
100	34497000	34497000	34497000	34497000
101	34504000	34504000	34504000	34504000
102	34498000	34498000	34498000	34498000
103	34504000	34504000	34504000	34504000
104	34506000	34506000	34506000	34507000
105	34502000	34501000	34502000	34502000
106	34498000	34498000	34498000	34498000
107	34504000	34504000	34504000	34504000
108	34503000	34503000	34503000	34502000
109	34505000	34505000	34505000	34505000
110	34502000	34502000	34502000	34502000
111	34505000	34505000	34505000	34505000
112	34500000	34500000	34500000	34501000
113	34504000	34503000	34504000	34504000
114	34501000	34501000	34501000	34501000
115	34505000	34504000	34505000	34505000
116	34507000	34507000	34507000	34507000
117	34501000	34501000	34501000	34501000
118	34502000	34501000	34502000	34502000
119	34504000	34504000	34504000	34504000
120	34504000	34504000	34504000	34505000
121	34502000	34502000	34502000	34502000
122	34500000	34500000	34500000	34500000
123	34506000	34506000	34506000	34506000
124	34502000	34502000	34502000	34502000
125	34504000	34504000	34504000	34504000
126	34502000	34502000	34502000	34502000
127	34504000	34504000	34504000	34504000
128	34503000	34503000	34503000	34503000
129	34504000	34504000	34504000	34504000
130	34504000	34504000	34504000	34504000
131	34503000	34503000	34503000	34504000
132	34501000	34501000	34501000	34501000
133	34501000	34502000	34501000	34501000
134	34498000	34498000	34498000	34498000
135	34502000	34502000	34502000	34502000
136	34505000	34505000	34505000	34505000
137	34503000	34503000	34503000	34503000
138	34504000	34505000	34504000	34504000
139	34511000	34511000	34511000	34511000
140	34502000	34502000	34502000	34502000
141	34504000	34504000	34504000	34505000
142	34499000	34499000	34499000	34499000
143	34503000	34503000	34503000	34503000
144	34502000	34502000	34502000	34502000
145	34501000	34501000	34501000	34501000
146	34498000	34498000	34498000	34498000
147	34495000	34495000	34495000	34495000
148	34499000	34499000	34499000	34498000
149	34497000	34497000	34497000	34497000
150	34496000	34496000	34496000	34496000
151	34504000	34504000	34504000	34504000
152	34505000	34505000	34505000	34505000
153	34501000	34501000	34501000	34501000
154	34504000	34504000	34504000	34504000
155	34500000	34500000	34499000	34500000
156	34505000	34505000	34505000	34505000
157	34502000	34502000	34502000	34502000
158	34501000	34501000	34501000	34501000
159	34500000	34500000	34500000	34500000
160	34502000	34502000	34502000	34502000
161	34497000	34497000	34497000	34497000
162	34501000	34501000	34501000	34501000
163	34501000	34501000	34501000	34501000
164	34501000	34501000	34501000	34501000
165	34500000	34500000	34500000	34500000
166	34504000	34504000	34504000	34504000
167	34498000	34499000	34499000	34498000
168	34500000	34501000	34500000	34500000
169	34498000	34498000	34498000	34498000
170	34500000	34500000	34500000	34499000
171	34498000	34497000	34498000	34498000
172	34510000	34510000	34510000	34510000
173	34499000	34499000	34499000	34498000
174	34498000	34498000	34498000	34498000
175	34502000	34502000	34502000	34502000
176	34500000	34500000	34500000	34500000
177	34503000	34503000	34503000	34503000
178	34502000	34502000	34502000	34502000
179	34506000	34506000	34506000	34506000
180	34500000	34500000	34500000	34500000
181	34504000	34504000	34504000	34504000
182	34499000	34500000	34499000	34499000
183	34497000	34497000	34497000	34497000
184	34503000	34503000	34503000	34502000
185	34502000	34502000	34502000	34502000
186	34502000	34502000	34502000	34501000
187	34509000	34509000	34509000	34509000
188	34499000	34500000	34499000	34499000
189	34503000	34504000	34503000	34503000
190	34501000	34501000	34501000	34501000
191	34500000	34500000	34499000	34500000
192	34496000	34496000	34496000	34497000
193	34501000	34501000	34501000	34501000
194	34496000	34496000	34496000	34496000
195	34499000	34499000	34499000	34499000
196	34496000	34496000	34496000	34496000
197	34501000	34501000	34501000	34501000
198	34500000	34500000	34500000	34500000
199	34500000	34500000	34500000	34500000
200	34504000	34504000	34504000	34504000
201	34500000	34500000	34500000	34499000
202	34502000	34502000	34502000	34502000
203	34507000	34507000	34507000	34506000
204	34504000	34504000	34504000	34504000
205	34500000	34500000	34500000	34500000
206	34502000	34502000	34502000	34503000
207	34499000	34499000	34499000	34499000
208	34511000	34511000	34511000	34512000
209	34505000	34505000	34505000	34505000
210	34500000	34501000	34500000	34500000
211	34508000	34508000	34508000	34508000
212	34500000	34500000	34500000	34500000
213	34499000	34499000	34499000	34499000
214	34499000	34499000	34499000	34499000
215	34504000	34504000	34504000	34504000
216	34502000	34502000	34502000	34502000
217	34507000	34507000	34507000	34506000
218	34504000	34504000	34504000	34504000
219	34502000	34502000	34502000	34502000
220	34500000	34500000	34500000	34500000
221	34498000	34498000	34498000	34498000
222	34504000	34503000	34504000	34504000
223	34506000	34506000	34506000	34506000
224	34504000	34505000	34504000	34504000
225	34508000	34508000	34508000	34508000
226	34505000	34505000	34505000	34505000
227	34507000	34507000	34507000	34507000
228	34512000	34512000	34512000	34512000
229	34503000	34503000	34503000	34503000
230	34501000	34501000	34501000	34501000
231	34501000	34501000	34501000	34501000
232	34502000	34502000	34502000	34502000
233	34507000	34507000	34507000	34507000
234	34496000	34497000	34496000	34496000
235	34504000	34504000	34504000	34504000
236	34499000	34499000	34499000	34499000
237	34496000	34497000	34496000	34496000
238	34500000	34501000	34500000	34500000
239	34498000	34498000	34498000	34498000
240	34502000	34502000	34502000	34502000
241	34497000	34497000	34497000	34497000
242	34497000	34497000	34497000	34497000
243	34497000	34497000	34497000	34497000
244	34497000	34497000	34497000	34497000
245	34501000	34501000	34501000	34501000
246	34502000	34502000	34502000	34502000
247	34499000	34499000	34499000	34499000
248	34499000	34499000	34499000	34500000
249	34497000	34497000	34497000	34497000
250	34498000	34499000	34498000	34498000
251	34501000	34501000	34501000	34501000
252	34505000	34505000	34505000	34504000
253	34501000	34501000	34501000	34502000
254	34497000	34497000	34497000	34498000
255	34495000	34495000	34495000	34495000
256	34503000	34503000	34503000	34503000
257	34501000	34501000	34501000	34501000
258	34506000	34505000	34506000	34505000
259	34504000	34504000	34504000	34504000
260	34506000	34506000	34506000	34506000
261	34503000	34503000	34503000	34503000
262	34508000	34508000	34508000	34509000
263	34507000	34508000	34507000	34507000
264	34501000	34501000	34501000	34501000
265	34500000	34500000	34500000	34500000
266	34504000	34504000	34504000	34504000
267	34502000	34502000	34502000	34502000
268	34500000	34499000	34499000	34500000
269	34501000	34501000	34501000	34501000
270	34506000	34506000	34506000	34506000
271	34500000	34500000	34500000	34500000
272	34496000	34496000	34496000	34496000
273	34498000	34498000	34498000	34498000
274	34499000	34499000	34499000	34499000
275	34499000	34499000	34499000	34499000
276	34504000	34504000	34504000	34504000
277	34505000	34505000	34505000	34505000
278	34501000	34502000	34501000	34501000
279	34500000	34500000	34500000	34500000
280	34499000	34498000	34499000	34499000
281	34499000	34499000	34499000	34499000
282	34502000	34502000	34502000	34502000
283	34502000	34502000	34502000	34501000
284	34501000	34501000	34501000	34501000
285	34497000	34496000	34496000	34497000
286	34503000	34503000	34503000	34503000
287	34501000	34501000	34501000	34501000
288	34497000	34497000	34497000	34497000
289	34499000	34499000	34499000	34499000
290	34501000	34501000	34501000	34501000
291	34498000	34498000	34498000	34498000
292	34501000	34501000	34501000	34501000
293	34500000	34501000	34500000	34500000
294	34500000	34500000	34500000	34500000
295	34500000	34500000	34500000	34500000
296	34505000	34505000	34505000	34505000
297	34503000	34502000	34503000	34503000
298	34498000	34498000	34498000	34497000
299	34495000	34495000	34495000	34495000
300	34500000	34501000	34500000	34500000
301	34506000	34505000	34506000	34505000
302	34501000	34501000	34501000	34501000
303	34502000	34503000	34502000	34502000
304	34497000	34496000	34497000	34497000
305	34496000	34496000	34496000	34496000
306	34502000	34502000	34502000	34502000
307	34499000	34499000	34499000	34499000
308	34504000	34504000	34504000	34504000
309	34500000	34500000	34500000	34500000
310	34499000	34499000	34499000	34499000
311	34493000	34493000	34493000	34493000
312	34497000	34497000	34497000	34497000
313	34498000	34498000	34498000	34498000
314	34499000	34499000	34499000	34499000
315	34494000	34494000	34494000	34494000
316	34503000	34503000	34503000	34503000
317	34501000	34501000	34501000	34500000
318	34498000	34498000	34498000	34498000
319	34498000	34499000	34498000	34498000
320	34501000	34500000	34500000	34501000
321	34499000	34499000	34499000	34499000
322	34490000	34490000	34490000	34490000
323	34498000	34498000	34498000	34498000
324	34494000	34494000	34494000	34495000
325	34494000	34493000	34494000	34494000
326	34495000	34495000	34495000	34495000
327	34496000	34496000	34496000	34496000
328	34493000	34493000	34493000	34493000
329	34497000	34497000	34497000	34497000
330	34495000	34494000	34495000	34495000
331	34491000	34491000	34491000	34491000
332	34490000	34490000	34490000	34490000
333	34495000	34496000	34495000	34495000
334	34498000	34498000	34498000	34498000
335	34487000	34487000	34487000	34487000
336	34494000	34494000	34494000	34494000
337	34502000	34502000	34502000	34502000
338	34502000	34502000	34502000	34502000
339	34500000	34500000	34500000	34500000
340	34497000	34498000	34497000	34497000
341	34500000	34500000	34500000	34500000
342	34499000	34499000	34499000	34498000
343	34497000	34497000	34497000	34497000
344	34497000	34497000	34497000	34497000
345	34498000	34497000	34498000	34498000
346	34499000	34499000	34499000	34499000
347	34499000	34498000	34499000	34499000
348	34501000	34501000	34501000	34501000
349	34493000	34493000	34493000	34493000
350	34497000	34497000	34497000	34497000
351	34501000	34501000	34501000	34501000
352	34497000	34497000	34497000	34496000
353	34505000	34505000	34505000	34505000
354	34506000	34506000	34506000	34506000
355	34504000	34504000	34504000	34504000
356	34509000	34509000	34509000	34509000
357	34504000	34504000	34504000	34504000
358	34496000	34495000	34496000	34496000
359	34507000	34507000	34507000	34507000
360	34501000	34501000	34501000	34501000
361	34493000	34493000	34493000	34493000
362	34501000	34501000	34501000	34501000
363	34502000	34502000	34502000	34502000
364	34501000	34500000	34501000	34501000
365	34494000	34495000	34494000	34494000
366	34492000	34492000	34492000	34492000
367	34495000	34495000	34495000	34495000
368	34498000	34498000	34498000	34499000
369	34499000	34499000	34499000	34499000
370	34499000	34499000	34499000	34499000
371	34497000	34497000	34497000	34497000
372	34498000	34498000	34498000	34498000
373	34499000	34499000	34499000	34500000
374	34503000	34503000	34503000	34503000
375	34502000	34502000	34502000	34502000
376	34500000	34500000	34500000	34500000
377	34500000	34500000	34500000	34500000
378	34498000	34499000	34498000	34498000
379	34500000	34500000	34500000	34500000
380	34499000	34499000	34499000	34499000
381	34496000	34496000	34496000	34497000
382	34493000	34494000	34493000	34493000
383	34496000	34496000	34496000	34496000
384	34494000	34494000	34494000	34494000
385	34496000	34495000	34496000	34496000
386	34493000	34494000	34493000	34493000
387	34492000	34491000	34492000	34492000
388	34493000	34493000	34493000	34493000
389	34497000	34497000	34497000	34497000
390	34496000	34496000	34496000	34496000
391	34491000	34491000	34491000	34491000
392	34499000	34499000	34499000	34499000
393	34492000	34492000	34492000	34492000
394	34495000	34495000	34495000	34495000
395	34499000	34499000	34499000	34499000
396	34501000	34501000	34500000	34501000
397	34499000	34499000	34499000	34499000
398	34497000	34498000	34497000	34498000
399	34495000	34495000	34495000	34495000
400	34491000	34491000	34491000	34490000
401	34491000	34491000	34491000	34491000
402	34492000	34492000	34492000	34491000
403	34498000	34499000	34498000	34499000
404	34498000	34498000	34498000	34498000
405	34500000	34500000	34500000	34500000
406	34500000	34500000	34500000	34500000
407	34500000	34500000	34500000	34500000
408	34500000	34500000	34500000	34500000
409	34499000	34499000	34499000	34499000
410	34505000	34505000	34505000	34505000
411	34504000	34504000	34504000	34505000
412	34501000	34501000	34501000	34501000
413	34507000	34507000	34507000	34507000
414	34502000	34502000	34502000	34502000
415	34497000	34497000	34497000	34497000
416	34493000	34494000	34493000	34493000
417	34503000	34503000	34503000	34503000
418	34499000	34500000	34499000	34499000
419	34501000	34500000	34501000	34501000
420	34500000	34500000	34500000	34500000
421	34504000	34504000	34504000	34504000
422	34502000	34502000	34502000	34502000
423	34505000	34505000	34505000	34505000
424	34500000	34500000	34500000	34500000
425	34500000	34500000	34500000	34500000
426	34499000	34499000	34499000	34499000
427	34499000	34499000	34499000	34499000
428	34495000	34495000	34495000	34495000
429	34496000	34496000	34496000	34496000
430	34499000	34499000	34499000	34499000
431	34494000	34494000	34494000	34494000
432	34495000	34495000	34495000	34494000
433	34494000	34494000	34494000	34494000
434	34498000	34498000	34498000	34498000
435	34499000	34499000	34499000	34499000
436	34498000	34499000	34498000	34498000
437	34498000	34498000	34498000	34497000
438	34497000	34497000	34497000	34497000
439	34513000	34497000	34497000	34497000
440	34500000	34500000	34500000	34500000
441	34500000	34500000	34500000	34500000
442	34496000	34497000	34496000	34496000
443	34502000	34502000	34502000	34502000
444	34499000	34499000	34499000	34499000
445	34496000	34496000	34496000	34496000
446	34502000	34502000	34502000	34502000
447	34497000	34497000	34497000	34497000
448	34503000	34503000	34503000	34503000
449	34503000	34503000	34503000	34503000
450	34504000	34504000	34504000	34503000
451	34501000	34500000	34501000	34501000
452	34503000	34503000	34503000	34503000
453	34502000	34502000	34502000	34502000
454	34502000	34502000	34502000	34503000
455	34505000	34506000	34506000	34505000
456	34504000	34504000	34504000	34504000
457	34500000	34500000	34500000	34500000
458	34504000	34504000	34504000	34504000
459	34504000	34504000	34504000	34504000
460	34505000	34505000	34505000	34505000
461	34510000	34510000	34510000	34510000
462	34504000	34504000	34504000	34504000
463	34505000	34505000	34505000	34505000
464	34503000	34503000	34503000	34503000
465	34501000	34501000	34501000	34501000
466	34493000	34493000	34493000	34493000
467	34496000	34495000	34496000	34496000
468	34503000	34503000	34503000	34504000
469	34501000	34501000	34501000	34501000
470	34497000	34498000	34497000	34497000
471	34499000	34499000	34499000	34499000
472	34498000	34498000	34498000	34498000
473	34498000	34498000	34498000	34498000
474	34498000	34499000	34499000	34498000
475	34501000	34501000	34501000	34501000
476	34497000	34497000	34497000	34497000
477	34499000	34499000	34499000	34499000
478	34498000	34498000	34498000	34498000
479	34494000	34495000	34494000	34494000
480	34498000	34498000	34498000	34498000
481	34496000	34496000	34496000	34496000
482	34498000	34498000	34498000	34498000
483	34496000	34496000	34496000	34496000
484	34492000	34492000	34492000	34492000
485	34495000	34495000	34495000	34495000
486	34496000	34496000	34496000	34496000
487	34499000	34499000	34499000	34499000
488	34500000	34500000	34500000	34500000
489	34501000	34501000	34501000	34501000
490	34505000	34505000	34505000	34505000
491	34501000	34501000	34501000	34501000
492	34494000	34494000	34494000	34494000
493	34497000	34497000	34497000	34497000
494	34495000	34495000	34495000	34495000
495	34498000	34499000	34498000	34498000
496	34497000	34496000	34496000	34497000
497	34495000	34495000	34495000	34495000
498	34490000	34490000	34490000	34490000
499	34500000	34499000	34500000	34500000

============================================================
# BITSTREAM: 1ms_51etapas.bit
# VENTANA: 1ms
# ETAPAS_PRINCIPAL: 51
# NUM_MUESTRAS: 500
# FORMATO: idx	freq1_hz	freq2_hz	freq3_hz	freq4_hz
============================================================
idx	freq1_hz	freq2_hz	freq3_hz	freq4_hz
0	12438000	12832000	13056000	13337000
1	12438000	12832000	13057000	13339000
2	12437000	12829000	13054000	13335000
3	12439000	12831000	13054000	13334000
4	12437000	12830000	13055000	13337000
5	12437000	12830000	13055000	13335000
6	12436000	12831000	13055000	13336000
7	12437000	12829000	13053000	13334000
8	12438000	12832000	13057000	13339000
9	12438000	12829000	13054000	13334000
10	12436000	12830000	13056000	13337000
11	12436000	12828000	13052000	13333000
12	12438000	12832000	13056000	13337000
13	12438000	12831000	13056000	13337000
14	12437000	12831000	13056000	13336000
15	12437000	12831000	13055000	13336000
16	12437000	12831000	13055000	13337000
17	12438000	12830000	13055000	13335000
18	12440000	12832000	13058000	13339000
19	12438000	12831000	13055000	13336000
20	12440000	12835000	13057000	13338000
21	12438000	12830000	13055000	13335000
22	12439000	12832000	13056000	13337000
23	12438000	12834000	13053000	13335000
24	12438000	12833000	13057000	13338000
25	12438000	12832000	13056000	13338000
26	12438000	12831000	13056000	13336000
27	12438000	12829000	13053000	13334000
28	12436000	12830000	13055000	13333000
29	12439000	12832000	13056000	13336000
30	12438000	12831000	13055000	13336000
31	12435000	12829000	13053000	13335000
32	12437000	12832000	13057000	13338000
33	12440000	12832000	13055000	13334000
34	12439000	12833000	13058000	13340000
35	12439000	12831000	13056000	13336000
36	12438000	12832000	13054000	13336000
37	12438000	12831000	13056000	13337000
38	12439000	12832000	13056000	13336000
39	12441000	12831000	13054000	13333000
40	12439000	12834000	13058000	13339000
41	12438000	12831000	13054000	13335000
42	12438000	12832000	13057000	13338000
43	12438000	12832000	13057000	13337000
44	12438000	12830000	13054000	13334000
45	12440000	12831000	13053000	13333000
46	12438000	12831000	13056000	13336000
47	12440000	12830000	13054000	13334000
48	12437000	12831000	13056000	13336000
49	12438000	12832000	13057000	13338000
50	12441000	12833000	13055000	13336000
51	12440000	12831000	13054000	13334000
52	12438000	12832000	13057000	13338000
53	12436000	12830000	13054000	13335000
54	12438000	12832000	13056000	13338000
55	12437000	12831000	13056000	13337000
56	12437000	12830000	13055000	13337000
57	12438000	12831000	13057000	13338000
58	12438000	12831000	13057000	13338000
59	12439000	12829000	13053000	13334000
60	12437000	12830000	13055000	13336000
61	12436000	12830000	13055000	13337000
62	12437000	12831000	13056000	13337000
63	12437000	12830000	13055000	13336000
64	12438000	12831000	13056000	13336000
65	12438000	12831000	13056000	13336000
66	12436000	12830000	13055000	13337000
67	12441000	12831000	13055000	13334000
68	12438000	12832000	13057000	13339000
69	12437000	12831000	13057000	13338000
70	12435000	12830000	13056000	13337000
71	12437000	12830000	13055000	13336000
72	12435000	12830000	13054000	13336000
73	12437000	12829000	13055000	13335000
74	12439000	12832000	13057000	13337000
75	12436000	12829000	13053000	13335000
76	12438000	12831000	13055000	13335000
77	12440000	12831000	13054000	13334000
78	12438000	12832000	13056000	13337000
79	12437000	12831000	13054000	13335000
80	12437000	12834000	13054000	13334000
81	12437000	12830000	13055000	13337000
82	12436000	12831000	13056000	13339000
83	12436000	12829000	13054000	13335000
84	12438000	12830000	13054000	13335000
85	12437000	12831000	13057000	13338000
86	12438000	12832000	13057000	13338000
87	12438000	12830000	13054000	13334000
88	12437000	12831000	13057000	13339000
89	12437000	12831000	13057000	13337000
90	12440000	12831000	13054000	13334000
91	12437000	12830000	13054000	13336000
92	12436000	12831000	13056000	13337000
93	12436000	12829000	13054000	13336000
94	12437000	12830000	13056000	13337000
95	12437000	12830000	13055000	13337000
96	12438000	12831000	13056000	13338000
97	12439000	12831000	13055000	13335000
98	12439000	12829000	13053000	13333000
99	12437000	12831000	13055000	13337000
100	12437000	12831000	13057000	13338000
101	12436000	12830000	13056000	13338000
102	12436000	12830000	13055000	13336000
103	12437000	12831000	13056000	13337000
104	12436000	12830000	13056000	13338000
105	12439000	12830000	13054000	13334000
106	12437000	12830000	13055000	13336000
107	12436000	12830000	13056000	13337000
108	12438000	12833000	13058000	13339000
109	12437000	12830000	13056000	13338000
110	12437000	12831000	13057000	13338000
111	12439000	12831000	13054000	13334000
112	12439000	12829000	13052000	13334000
113	12439000	12830000	13054000	13335000
114	12436000	12829000	13054000	13335000
115	12436000	12830000	13055000	13334000
116	12437000	12831000	13056000	13337000
117	12439000	12830000	13054000	13334000
118	12434000	12829000	13054000	13336000
119	12437000	12831000	13056000	13338000
120	12437000	12831000	13057000	13338000
121	12436000	12829000	13054000	13336000
122	12436000	12831000	13056000	13337000
123	12438000	12831000	13056000	13337000
124	12441000	12831000	13055000	13336000
125	12438000	12831000	13054000	13336000
126	12438000	12831000	13056000	13337000
127	12437000	12830000	13054000	13335000
128	12438000	12830000	13054000	13335000
129	12437000	12829000	13053000	13333000
130	12437000	12831000	13056000	13338000
131	12437000	12830000	13055000	13336000
132	12436000	12830000	13056000	13338000
133	12436000	12830000	13055000	13337000
134	12436000	12831000	13056000	13339000
135	12439000	12829000	13053000	13334000
136	12437000	12830000	13056000	13337000
137	12436000	12830000	13054000	13335000
138	12437000	12830000	13056000	13336000
139	12435000	12830000	13056000	13338000
140	12436000	12832000	13057000	13339000
141	12439000	12830000	13054000	13334000
142	12438000	12831000	13054000	13335000
143	12438000	12830000	13054000	13334000
144	12439000	12829000	13052000	13333000
145	12437000	12831000	13057000	13337000
146	12436000	12829000	13054000	13336000
147	12436000	12830000	13054000	13335000
148	12437000	12830000	13055000	13335000
149	12435000	12829000	13053000	13335000
150	12434000	12829000	13055000	13337000
151	12434000	12829000	13055000	13337000
152	12437000	12830000	13055000	13336000
153	12435000	12829000	13053000	13335000
154	12438000	12830000	13056000	13336000
155	12436000	12829000	13053000	13335000
156	12436000	12831000	13057000	13339000
157	12439000	12831000	13054000	13335000
158	12438000	12832000	13057000	13338000
159	12437000	12831000	13056000	13336000
160	12437000	12830000	13055000	13337000
161	12437000	12831000	13056000	13338000
162	12438000	12830000	13055000	13336000
163	12438000	12831000	13055000	13336000
164	12437000	12831000	13056000	13335000
165	12438000	12830000	13056000	13336000
166	12438000	12831000	13055000	13333000
167	12437000	12830000	13054000	13334000
168	12438000	12832000	13058000	13338000
169	12437000	12831000	13055000	13336000
170	12437000	12830000	13055000	13336000
171	12437000	12830000	13056000	13338000
172	12437000	12830000	13054000	13336000
173	12437000	12831000	13057000	13338000
174	12436000	12830000	13054000	13335000
175	12435000	12829000	13053000	13334000
176	12438000	12830000	13055000	13335000
177	12437000	12829000	13053000	13334000
178	12437000	12830000	13055000	13336000
179	12439000	12829000	13052000	13333000
180	12436000	12830000	13055000	13336000
181	12436000	12828000	13053000	13334000
182	12437000	12831000	13056000	13337000
183	12436000	12829000	13054000	13335000
184	12438000	12831000	13055000	13336000
185	12437000	12830000	13055000	13336000
186	12438000	12830000	13055000	13335000
187	12436000	12830000	13055000	13337000
188	12436000	12830000	13055000	13336000
189	12437000	12831000	13056000	13337000
190	12438000	12830000	13056000	13336000
191	12437000	12830000	13055000	13336000
192	12436000	12829000	13054000	13336000
193	12436000	12830000	13055000	13336000
194	12437000	12833000	13058000	13340000
195	12434000	12829000	13055000	13336000
196	12437000	12832000	13056000	13337000
197	12437000	12830000	13055000	13336000
198	12438000	12830000	13053000	13334000
199	12436000	12828000	13054000	13334000
200	12438000	12830000	13054000	13335000
201	12436000	12829000	13054000	13335000
202	12435000	12829000	13054000	13336000
203	12436000	12829000	13054000	13334000
204	12436000	12831000	13053000	13334000
205	12435000	12829000	13055000	13336000
206	12435000	12830000	13054000	13335000
207	12434000	12829000	13054000	13335000
208	12438000	12831000	13055000	13336000
209	12437000	12830000	13055000	13335000
210	12437000	12830000	13056000	13337000
211	12437000	12831000	13056000	13336000
212	12436000	12829000	13054000	13335000
213	12436000	12829000	13053000	13334000
214	12435000	12829000	13054000	13338000
215	12436000	12829000	13055000	13336000
216	12436000	12831000	13057000	13339000
217	12437000	12830000	13054000	13335000
218	12435000	12829000	13054000	13336000
219	12437000	12830000	13056000	13337000
220	12436000	12830000	13055000	13336000
221	12435000	12830000	13055000	13336000
222	12436000	12831000	13055000	13336000
223	12437000	12831000	13055000	13336000
224	12436000	12829000	13054000	13334000
225	12437000	12830000	13055000	13335000
226	12439000	12831000	13055000	13335000
227	12437000	12830000	13054000	13335000
228	12436000	12830000	13055000	13337000
229	12438000	12831000	13056000	13336000
230	12438000	12831000	13057000	13337000
231	12438000	12830000	13055000	13335000
232	12437000	12830000	13054000	13336000
233	12437000	12830000	13054000	13334000
234	12435000	12829000	13054000	13336000
235	12436000	12831000	13056000	13337000
236	12437000	12831000	13056000	13338000
237	12437000	12829000	13054000	13335000
238	12437000	12830000	13054000	13335000
239	12437000	12830000	13053000	13334000
240	12438000	12831000	13055000	13336000
241	12438000	12831000	13056000	13336000
242	12435000	12829000	13054000	13335000
243	12434000	12828000	13054000	13336000
244	12435000	12831000	13056000	13339000
245	12438000	12829000	13053000	13334000
246	12437000	12829000	13054000	13334000
247	12437000	12829000	13053000	13333000
248	12437000	12829000	13054000	13334000
249	12436000	12829000	13054000	13335000
250	12437000	12831000	13056000	13336000
251	12438000	12830000	13055000	13335000
252	12437000	12830000	13055000	13335000
253	12436000	12831000	13055000	13339000
254	12437000	12829000	13055000	13335000
255	12436000	12830000	13055000	13336000
256	12436000	12831000	13056000	13337000
257	12436000	12829000	13052000	13333000
258	12436000	12830000	13055000	13337000
259	12437000	12830000	13055000	13335000
260	12436000	12828000	13054000	13333000
261	12436000	12831000	13055000	13336000
262	12436000	12830000	13056000	13338000
263	12438000	12829000	13051000	13331000
264	12436000	12829000	13054000	13335000
265	12436000	12829000	13055000	13336000
266	12437000	12830000	13054000	13335000
267	12436000	12829000	13055000	13335000
268	12436000	12829000	13053000	13334000
269	12437000	12831000	13056000	13336000
270	12437000	12831000	13056000	13338000
271	12436000	12830000	13054000	13335000
272	12436000	12831000	13055000	13337000
273	12435000	12829000	13053000	13335000
274	12436000	12830000	13055000	13335000
275	12434000	12828000	13054000	13335000
276	12437000	12830000	13055000	13336000
277	12436000	12829000	13053000	13334000
278	12435000	12830000	13055000	13337000
279	12435000	12829000	13053000	13333000
280	12435000	12829000	13054000	13335000
281	12436000	12829000	13054000	13335000
282	12436000	12830000	13055000	13335000
283	12437000	12831000	13056000	13337000
284	12438000	12831000	13056000	13337000
285	12436000	12829000	13054000	13335000
286	12436000	12830000	13055000	13336000
287	12437000	12830000	13054000	13334000
288	12437000	12829000	13054000	13335000
289	12436000	12828000	13052000	13333000
290	12436000	12829000	13055000	13337000
291	12436000	12828000	13053000	13334000
292	12437000	12832000	13056000	13338000
293	12436000	12828000	13053000	13334000
294	12436000	12830000	13055000	13336000
295	12435000	12828000	13053000	13334000
296	12436000	12830000	13055000	13336000
297	12436000	12828000	13052000	13333000
298	12435000	12828000	13053000	13334000
299	12436000	12828000	13052000	13333000
300	12437000	12829000	13054000	13335000
301	12435000	12830000	13055000	13336000
302	12437000	12830000	13053000	13334000
303	12437000	12830000	13054000	13335000
304	12435000	12830000	13055000	13336000
305	12437000	12829000	13054000	13335000
306	12435000	12829000	13053000	13334000
307	12438000	12830000	13055000	13336000
308	12436000	12829000	13054000	13334000
309	12438000	12830000	13054000	13335000
310	12437000	12830000	13055000	13337000
311	12438000	12830000	13054000	13334000
312	12437000	12831000	13055000	13335000
313	12437000	12829000	13053000	13334000
314	12436000	12830000	13056000	13337000
315	12437000	12831000	13055000	13336000
316	12436000	12830000	13054000	13335000
317	12436000	12828000	13052000	13333000
318	12437000	12831000	13055000	13337000
319	12437000	12830000	13054000	13335000
320	12438000	12830000	13056000	13336000
321	12436000	12829000	13055000	13337000
322	12436000	12830000	13054000	13335000
323	12437000	12828000	13053000	13340000
324	12436000	12829000	13054000	13334000
325	12436000	12829000	13054000	13335000
326	12435000	12830000	13055000	13337000
327	12436000	12829000	13055000	13335000
328	12436000	12829000	13053000	13335000
329	12434000	12828000	13052000	13334000
330	12436000	12829000	13054000	13335000
331	12436000	12830000	13055000	13337000
332	12436000	12830000	13054000	13336000
333	12436000	12829000	13054000	13336000
334	12437000	12833000	13054000	13336000
335	12437000	12830000	13055000	13336000
336	12436000	12829000	13055000	13337000
337	12436000	12830000	13055000	13337000
338	12435000	12830000	13055000	13337000
339	12436000	12829000	13053000	13333000
340	12436000	12832000	13050000	13334000
341	12436000	12830000	13055000	13336000
342	12435000	12828000	13054000	13334000
343	12436000	12829000	13054000	13335000
344	12436000	12830000	13055000	13337000
345	12436000	12829000	13053000	13333000
346	12436000	12831000	13057000	13338000
347	12435000	12829000	13054000	13334000
348	12434000	12829000	13054000	13335000
349	12435000	12829000	13054000	13336000
350	12434000	12830000	13054000	13337000
351	12436000	12828000	13054000	13334000
352	12434000	12829000	13055000	13336000
353	12436000	12830000	13055000	13336000
354	12435000	12829000	13053000	13334000
355	12435000	12829000	13054000	13335000
356	12435000	12829000	13054000	13336000
357	12433000	12827000	13052000	13334000
358	12437000	12831000	13056000	13336000
359	12435000	12829000	13054000	13334000
360	12434000	12827000	13052000	13334000
361	12434000	12831000	13053000	13334000
362	12434000	12829000	13054000	13336000
363	12435000	12830000	13052000	13334000
364	12434000	12829000	13053000	13335000
365	12433000	12827000	13051000	13333000
366	12434000	12829000	13055000	13338000
367	12435000	12829000	13055000	13337000
368	12434000	12829000	13054000	13337000
369	12436000	12829000	13054000	13334000
370	12435000	12828000	13053000	13336000
371	12435000	12828000	13053000	13334000
372	12435000	12830000	13055000	13336000
373	12437000	12830000	13053000	13333000
374	12435000	12829000	13055000	13335000
375	12434000	12828000	13053000	13335000
376	12434000	12828000	13054000	13336000
377	12436000	12829000	13055000	13335000
378	12435000	12829000	13054000	13334000
379	12436000	12831000	13055000	13337000
380	12436000	12830000	13055000	13337000
381	12436000	12830000	13055000	13336000
382	12436000	12829000	13054000	13336000
383	12436000	12829000	13054000	13335000
384	12437000	12830000	13055000	13337000
385	12436000	12830000	13054000	13335000
386	12437000	12830000	13055000	13336000
387	12437000	12830000	13056000	13336000
388	12436000	12830000	13055000	13336000
389	12436000	12830000	13055000	13336000
390	12436000	12829000	13055000	13335000
391	12437000	12830000	13055000	13336000
392	12436000	12828000	13054000	13335000
393	12436000	12829000	13054000	13335000
394	12435000	12830000	13055000	13336000
395	12436000	12829000	13054000	13335000
396	12437000	12829000	13054000	13336000
397	12437000	12829000	13054000	13335000
398	12436000	12830000	13056000	13337000
399	12436000	12829000	13055000	13336000
400	12435000	12829000	13055000	13336000
401	12435000	12828000	13054000	13335000
402	12435000	12828000	13054000	13334000
403	12436000	12828000	13053000	13335000
404	12435000	12830000	13053000	13336000
405	12435000	12829000	13053000	13334000
406	12436000	12830000	13055000	13337000
407	12435000	12829000	13054000	13337000
408	12435000	12829000	13054000	13335000
409	12436000	12830000	13054000	13336000
410	12435000	12830000	13055000	13338000
411	12437000	12830000	13055000	13334000
412	12437000	12830000	13056000	13337000
413	12435000	12829000	13053000	13334000
414	12435000	12829000	13054000	13335000
415	12434000	12828000	13053000	13334000
416	12435000	12828000	13053000	13334000
417	12435000	12828000	13053000	13335000
418	12435000	12830000	13055000	13330000
419	12437000	12830000	13055000	13335000
420	12435000	12829000	13055000	13338000
421	12435000	12828000	13054000	13334000
422	12436000	12832000	13052000	13335000
423	12436000	12829000	13053000	13333000
424	12435000	12829000	13052000	13334000
425	12435000	12828000	13053000	13333000
426	12432000	12828000	13053000	13336000
427	12434000	12829000	13054000	13335000
428	12436000	12831000	13056000	13337000
429	12434000	12828000	13054000	13335000
430	12435000	12828000	13052000	13332000
431	12434000	12828000	13053000	13335000
432	12434000	12828000	13053000	13335000
433	12433000	12826000	13051000	13332000
434	12434000	12827000	13052000	13332000
435	12436000	12827000	13052000	13332000
436	12434000	12829000	13055000	13336000
437	12435000	12827000	13052000	13332000
438	12434000	12829000	13053000	13336000
439	12434000	12828000	13051000	13332000
440	12435000	12829000	13055000	13336000
441	12435000	12828000	13051000	13332000
442	12434000	12829000	13053000	13335000
443	12435000	12828000	13052000	13332000
444	12435000	12830000	13055000	13338000
445	12437000	12829000	13054000	13334000
446	12435000	12830000	13055000	13336000
447	12436000	12830000	13055000	13337000
448	12435000	12829000	13054000	13336000
449	12434000	12828000	13053000	13336000
450	12436000	12829000	13054000	13335000
451	12435000	12829000	13054000	13334000
452	12436000	12830000	13055000	13337000
453	12436000	12829000	13054000	13335000
454	12436000	12828000	13052000	13334000
455	12436000	12829000	13054000	13335000
456	12436000	12829000	13055000	13337000
457	12435000	12828000	13053000	13334000
458	12436000	12831000	13055000	13337000
459	12434000	12829000	13054000	13334000
460	12436000	12830000	13054000	13336000
461	12437000	12830000	13053000	13335000
462	12434000	12829000	13054000	13336000
463	12436000	12829000	13055000	13336000
464	12434000	12828000	13053000	13333000
465	12435000	12829000	13054000	13335000
466	12434000	12828000	13053000	13336000
467	12433000	12827000	13052000	13333000
468	12435000	12830000	13053000	13335000
469	12433000	12828000	13053000	13336000
470	12434000	12829000	13055000	13337000
471	12435000	12827000	13051000	13332000
472	12433000	12829000	13053000	13334000
473	12433000	12828000	13052000	13334000
474	12435000	12829000	13053000	13335000
475	12435000	12828000	13052000	13334000
476	12435000	12828000	13052000	13333000
477	12436000	12830000	13056000	13337000
478	12434000	12829000	13055000	13337000
479	12435000	12828000	13054000	13336000
480	12434000	12828000	13052000	13334000
481	12434000	12828000	13052000	13333000
482	12436000	12828000	13052000	13332000
483	12436000	12829000	13055000	13336000
484	12435000	12829000	13054000	13336000
485	12432000	12827000	13053000	13334000
486	12433000	12829000	13055000	13336000
487	12434000	12826000	13051000	13331000
488	12435000	12828000	13053000	13333000
489	12434000	12827000	13051000	13332000
490	12433000	12827000	13052000	13333000
491	12433000	12827000	13052000	13333000
492	12434000	12829000	13054000	13335000
493	12434000	12827000	13052000	13332000
494	12435000	12831000	13050000	13333000
495	12434000	12827000	13052000	13334000
496	12434000	12828000	13053000	13335000
497	12435000	12829000	13053000	13333000
498	12435000	12829000	13055000	13336000
499	12435000	12829000	13052000	13335000

============================================================
# BITSTREAM: 1ms_101etapas.bit
# VENTANA: 1ms
# ETAPAS_PRINCIPAL: 101
# NUM_MUESTRAS: 500
# FORMATO: idx	freq1_hz	freq2_hz	freq3_hz	freq4_hz
============================================================
idx	freq1_hz	freq2_hz	freq3_hz	freq4_hz
0	8436000	8934000	8212000	9613000
1	8434000	8934000	8212000	9612000
2	8434000	8934000	8212000	9613000
3	8435000	8934000	8213000	9612000
4	8434000	8934000	8212000	9612000
5	8434000	8934000	8212000	9613000
6	8436000	8934000	8213000	9612000
7	8437000	8936000	8213000	9612000
8	8436000	8934000	8212000	9612000
9	8435000	8934000	8214000	9612000
10	8435000	8934000	8212000	9613000
11	8433000	8934000	8212000	9613000
12	8434000	8934000	8212000	9612000
13	8435000	8934000	8213000	9612000
14	8434000	8934000	8212000	9612000
15	8434000	8934000	8212000	9612000
16	8435000	8934000	8212000	9613000
17	8434000	8934000	8212000	9612000
18	8434000	8934000	8212000	9612000
19	8435000	8934000	8213000	9613000
20	8434000	8934000	8215000	9612000
21	8435000	8934000	8213000	9612000
22	8434000	8934000	8212000	9612000
23	8434000	8934000	8212000	9612000
24	8435000	8934000	8211000	9612000
25	8433000	8934000	8213000	9612000
26	8434000	8934000	8211000	9613000
27	8433000	8932000	8212000	9613000
28	8435000	8934000	8212000	9612000
29	8436000	8934000	8213000	9612000
30	8434000	8934000	8211000	9612000
31	8433000	8934000	8213000	9612000
32	8434000	8934000	8212000	9612000
33	8433000	8934000	8212000	9613000
34	8433000	8934000	8211000	9612000
35	8435000	8934000	8212000	9613000
36	8434000	8932000	8211000	9612000
37	8435000	8934000	8213000	9612000
38	8434000	8934000	8212000	9613000
39	8433000	8934000	8212000	9612000
40	8434000	8934000	8212000	9613000
41	8434000	8934000	8213000	9612000
42	8434000	8932000	8211000	9613000
43	8433000	8934000	8213000	9613000
44	8434000	8934000	8212000	9612000
45	8434000	8934000	8212000	9612000
46	8434000	8934000	8211000	9612000
47	8434000	8934000	8212000	9612000
48	8433000	8934000	8211000	9613000
49	8435000	8934000	8213000	9612000
50	8433000	8932000	8211000	9612000
51	8435000	8932000	8212000	9613000
52	8434000	8934000	8212000	9612000
53	8436000	8934000	8209000	9612000
54	8434000	8934000	8215000	9613000
55	8435000	8934000	8212000	9612000
56	8434000	8934000	8210000	9612000
57	8434000	8934000	8212000	9612000
58	8433000	8934000	8211000	9612000
59	8434000	8934000	8213000	9612000
60	8433000	8934000	8212000	9613000
61	8433000	8934000	8211000	9613000
62	8435000	8934000	8212000	9612000
63	8433000	8934000	8212000	9613000
64	8434000	8932000	8211000	9612000
65	8435000	8934000	8212000	9613000
66	8434000	8934000	8212000	9613000
67	8434000	8932000	8211000	9612000
68	8434000	8934000	8211000	9613000
69	8433000	8934000	8212000	9612000
70	8433000	8934000	8211000	9613000
71	8434000	8934000	8212000	9612000
72	8433000	8934000	8215000	9613000
73	8433000	8934000	8213000	9612000
74	8433000	8934000	8212000	9613000
75	8433000	8932000	8212000	9613000
76	8433000	8934000	8211000	9613000
77	8434000	8932000	8212000	9613000
78	8434000	8934000	8211000	9612000
79	8434000	8932000	8211000	9612000
80	8433000	8934000	8210000	9613000
81	8434000	8934000	8213000	9612000
82	8432000	8932000	8211000	9613000
83	8434000	8934000	8211000	9613000
84	8434000	8934000	8211000	9613000
85	8433000	8934000	8212000	9613000
86	8435000	8934000	8211000	9613000
87	8435000	8934000	8213000	9612000
88	8434000	8934000	8215000	9613000
89	8433000	8934000	8212000	9612000
90	8434000	8934000	8211000	9613000
91	8434000	8934000	8212000	9613000
92	8434000	8934000	8211000	9613000
93	8433000	8934000	8212000	9612000
94	8434000	8932000	8211000	9613000
95	8434000	8932000	8211000	9612000
96	8433000	8932000	8211000	9612000
97	8435000	8934000	8212000	9613000
98	8435000	8934000	8211000	9613000
99	8432000	8932000	8212000	9612000
100	8435000	8932000	8210000	9613000
101	8432000	8932000	8211000	9612000
102	8432000	8932000	8210000	9613000
103	8433000	8932000	8211000	9612000
104	8431000	8932000	8210000	9612000
105	8432000	8932000	8211000	9612000
106	8434000	8932000	8210000	9613000
107	8432000	8932000	8211000	9612000
108	8433000	8934000	8211000	9613000
109	8434000	8934000	8212000	9613000
110	8433000	8932000	8210000	9612000
111	8433000	8934000	8211000	9613000
112	8433000	8932000	8210000	9613000
113	8433000	8934000	8213000	9612000
114	8435000	8934000	8211000	9613000
115	8435000	8934000	8211000	9612000
116	8433000	8932000	8211000	9612000
117	8433000	8934000	8212000	9613000
118	8433000	8932000	8211000	9613000
119	8433000	8932000	8211000	9613000
120	8433000	8934000	8211000	9613000
121	8436000	8934000	8212000	9612000
122	8433000	8934000	8211000	9613000
123	8434000	8934000	8212000	9613000
124	8434000	8934000	8211000	9613000
125	8434000	8934000	8213000	9612000
126	8433000	8934000	8211000	9612000
127	8435000	8934000	8212000	9613000
128	8434000	8934000	8212000	9613000
129	8434000	8934000	8212000	9612000
130	8434000	8934000	8212000	9613000
131	8434000	8934000	8212000	9612000
132	8433000	8934000	8211000	9612000
133	8434000	8934000	8213000	9612000
134	8433000	8934000	8211000	9613000
135	8434000	8934000	8213000	9612000
136	8433000	8932000	8210000	9612000
137	8434000	8932000	8211000	9613000
138	8434000	8932000	8210000	9612000
139	8433000	8932000	8211000	9612000
140	8433000	8932000	8211000	9613000
141	8433000	8932000	8211000	9612000
142	8434000	8934000	8210000	9613000
143	8434000	8932000	8211000	9612000
144	8434000	8934000	8210000	9613000
145	8434000	8932000	8210000	9613000
146	8432000	8932000	8214000	9613000
147	8434000	8934000	8212000	9613000
148	8435000	8934000	8211000	9612000
149	8434000	8940000	8212000	9612000
150	8434000	8934000	8211000	9612000
151	8435000	8932000	8211000	9612000
152	8434000	8932000	8210000	9612000
153	8435000	8934000	8212000	9613000
154	8435000	8934000	8211000	9612000
155	8432000	8932000	8211000	9613000
156	8434000	8934000	8211000	9612000
157	8432000	8934000	8212000	9613000
158	8433000	8934000	8211000	9612000
159	8433000	8932000	8212000	9613000
160	8434000	8934000	8211000	9613000
161	8433000	8934000	8212000	9612000
162	8434000	8934000	8211000	9613000
163	8432000	8934000	8212000	9613000
164	8434000	8932000	8211000	9613000
165	8434000	8934000	8212000	9612000
166	8433000	8934000	8211000	9613000
167	8432000	8934000	8212000	9613000
168	8432000	8932000	8210000	9612000
169	8433000	8934000	8212000	9613000
170	8433000	8934000	8211000	9613000
171	8433000	8932000	8211000	9612000
172	8434000	8934000	8210000	9613000
173	8435000	8932000	8211000	9613000
174	8433000	8932000	8210000	9612000
175	8435000	8934000	8211000	9613000
176	8434000	8934000	8212000	9612000
177	8435000	8934000	8212000	9612000
178	8433000	8934000	8211000	9613000
179	8434000	8934000	8211000	9612000
180	8433000	8932000	8211000	9613000
181	8433000	8934000	8212000	9612000
182	8434000	8932000	8215000	9612000
183	8433000	8934000	8212000	9613000
184	8434000	8934000	8212000	9612000
185	8434000	8934000	8212000	9612000
186	8433000	8934000	8211000	9613000
187	8434000	8934000	8212000	9612000
188	8434000	8934000	8211000	9612000
189	8434000	8934000	8213000	9612000
190	8433000	8934000	8210000	9612000
191	8435000	8934000	8212000	9612000
192	8434000	8934000	8211000	9612000
193	8433000	8934000	8211000	9613000
194	8435000	8934000	8211000	9612000
195	8433000	8934000	8212000	9612000
196	8436000	8934000	8211000	9613000
197	8433000	8934000	8212000	9613000
198	8433000	8934000	8211000	9613000
199	8436000	8934000	8212000	9612000
200	8433000	8934000	8211000	9613000
201	8433000	8934000	8212000	9613000
202	8435000	8934000	8211000	9613000
203	8433000	8934000	8211000	9613000
204	8435000	8934000	8211000	9613000
205	8434000	8934000	8211000	9613000
206	8434000	8934000	8212000	9612000
207	8436000	8934000	8213000	9613000
208	8433000	8934000	8211000	9613000
209	8433000	8934000	8212000	9613000
210	8433000	8934000	8211000	9613000
211	8437000	8934000	8213000	9613000
212	8434000	8934000	8211000	9613000
213	8436000	8934000	8212000	9612000
214	8434000	8934000	8211000	9613000
215	8434000	8934000	8211000	9613000
216	8433000	8934000	8210000	9612000
217	8433000	8934000	8212000	9613000
218	8434000	8934000	8212000	9612000
219	8435000	8934000	8213000	9613000
220	8433000	8934000	8210000	9613000
221	8433000	8934000	8212000	9613000
222	8434000	8934000	8211000	9613000
223	8434000	8934000	8213000	9612000
224	8433000	8934000	8211000	9613000
225	8435000	8934000	8213000	9613000
226	8432000	8932000	8210000	9613000
227	8435000	8934000	8212000	9613000
228	8434000	8934000	8211000	9612000
229	8433000	8934000	8212000	9613000
230	8436000	8934000	8211000	9613000
231	8433000	8934000	8212000	9613000
232	8434000	8934000	8212000	9612000
233	8434000	8934000	8211000	9613000
234	8435000	8934000	8210000	9612000
235	8435000	8934000	8213000	9613000
236	8433000	8934000	8211000	9613000
237	8433000	8932000	8211000	9613000
238	8434000	8934000	8211000	9613000
239	8433000	8934000	8212000	9613000
240	8434000	8934000	8212000	9612000
241	8433000	8934000	8211000	9613000
242	8435000	8934000	8211000	9613000
243	8435000	8934000	8212000	9612000
244	8433000	8934000	8211000	9613000
245	8434000	8934000	8212000	9612000
246	8433000	8934000	8211000	9613000
247	8432000	8932000	8211000	9612000
248	8434000	8934000	8212000	9612000
249	8433000	8932000	8212000	9613000
250	8433000	8932000	8210000	9612000
251	8432000	8932000	8211000	9612000
252	8432000	8932000	8211000	9612000
253	8433000	8932000	8211000	9613000
254	8434000	8932000	8210000	9613000
255	8434000	8932000	8212000	9613000
256	8435000	8934000	8211000	9613000
257	8435000	8934000	8212000	9613000
258	8433000	8934000	8211000	9613000
259	8434000	8934000	8212000	9613000
260	8435000	8934000	8211000	9612000
261	8435000	8934000	8211000	9613000
262	8435000	8934000	8211000	9613000
263	8432000	8932000	8211000	9613000
264	8435000	8932000	8210000	9613000
265	8433000	8932000	8211000	9612000
266	8435000	8934000	8211000	9613000
267	8434000	8934000	8212000	9613000
268	8433000	8932000	8214000	9613000
269	8435000	8934000	8213000	9612000
270	8433000	8932000	8211000	9612000
271	8433000	8932000	8212000	9613000
272	8434000	8932000	8211000	9613000
273	8433000	8934000	8212000	9613000
274	8434000	8932000	8211000	9613000
275	8433000	8934000	8212000	9612000
276	8432000	8932000	8210000	9612000
277	8434000	8934000	8213000	9612000
278	8433000	8934000	8211000	9613000
279	8434000	8932000	8212000	9613000
280	8435000	8934000	8212000	9613000
281	8435000	8934000	8212000	9613000
282	8435000	8934000	8211000	9612000
283	8434000	8934000	8212000	9612000
284	8433000	8934000	8211000	9613000
285	8433000	8934000	8212000	9613000
286	8433000	8934000	8211000	9613000
287	8435000	8934000	8208000	9613000
288	8434000	8934000	8211000	9613000
289	8435000	8934000	8212000	9613000
290	8435000	8934000	8210000	9612000
291	8434000	8934000	8212000	9612000
292	8433000	8934000	8211000	9612000
293	8433000	8932000	8212000	9613000
294	8435000	8934000	8211000	9613000
295	8432000	8932000	8211000	9613000
296	8433000	8934000	8211000	9613000
297	8435000	8934000	8212000	9612000
298	8434000	8934000	8211000	9612000
299	8433000	8934000	8212000	9612000
300	8434000	8934000	8211000	9612000
301	8435000	8934000	8212000	9613000
302	8435000	8934000	8211000	9612000
303	8434000	8934000	8212000	9612000
304	8433000	8934000	8211000	9613000
305	8434000	8934000	8212000	9612000
306	8435000	8934000	8211000	9612000
307	8434000	8932000	8211000	9612000
308	8434000	8932000	8210000	9612000
309	8435000	8932000	8211000	9612000
310	8434000	8932000	8210000	9613000
311	8433000	8934000	8212000	9613000
312	8434000	8932000	8210000	9613000
313	8433000	8932000	8211000	9613000
314	8433000	8934000	8211000	9612000
315	8433000	8932000	8212000	9612000
316	8433000	8932000	8210000	9612000
317	8434000	8932000	8212000	9613000
318	8433000	8932000	8212000	9612000
319	8434000	8934000	8212000	9613000
320	8432000	8934000	8211000	9612000
321	8432000	8932000	8212000	9613000
322	8434000	8934000	8211000	9612000
323	8435000	8934000	8212000	9613000
324	8433000	8934000	8211000	9613000
325	8434000	8934000	8212000	9612000
326	8433000	8934000	8210000	9612000
327	8435000	8934000	8212000	9612000
328	8433000	8934000	8211000	9613000
329	8433000	8932000	8211000	9613000
330	8433000	8934000	8215000	9612000
331	8435000	8934000	8212000	9613000
332	8436000	8934000	8211000	9612000
333	8435000	8934000	8212000	9613000
334	8434000	8934000	8211000	9612000
335	8435000	8934000	8213000	9613000
336	8434000	8934000	8211000	9613000
337	8435000	8934000	8213000	9612000
338	8434000	8934000	8212000	9612000
339	8435000	8934000	8212000	9612000
340	8434000	8934000	8211000	9612000
341	8435000	8934000	8212000	9612000
342	8435000	8934000	8211000	9612000
343	8434000	8934000	8212000	9613000
344	8434000	8934000	8212000	9613000
345	8434000	8934000	8212000	9613000
346	8434000	8934000	8211000	9613000
347	8433000	8934000	8211000	9613000
348	8436000	8934000	8212000	9612000
349	8435000	8934000	8212000	9612000
350	8436000	8934000	8211000	9612000
351	8433000	8932000	8211000	9613000
352	8436000	8934000	8211000	9612000
353	8434000	8934000	8212000	9612000
354	8435000	8934000	8211000	9612000
355	8434000	8934000	8213000	9612000
356	8434000	8934000	8212000	9612000
357	8435000	8936000	8213000	9613000
358	8434000	8934000	8211000	9613000
359	8435000	8934000	8212000	9613000
360	8433000	8934000	8211000	9612000
361	8434000	8936000	8213000	9613000
362	8433000	8934000	8211000	9612000
363	8434000	8934000	8212000	9613000
364	8434000	8936000	8212000	9612000
365	8433000	8934000	8213000	9612000
366	8434000	8934000	8212000	9612000
367	8436000	8934000	8214000	9613000
368	8434000	8934000	8212000	9613000
369	8435000	8934000	8212000	9612000
370	8435000	8934000	8211000	9612000
371	8435000	8934000	8212000	9613000
372	8435000	8934000	8211000	9613000
373	8435000	8934000	8213000	9612000
374	8433000	8932000	8212000	9613000
375	8434000	8934000	8212000	9612000
376	8435000	8934000	8212000	9612000
377	8434000	8934000	8212000	9613000
378	8432000	8932000	8210000	9612000
379	8435000	8932000	8211000	9612000
380	8433000	8932000	8211000	9613000
381	8434000	8932000	8212000	9613000
382	8434000	8934000	8210000	9613000
383	8433000	8934000	8212000	9612000
384	8433000	8934000	8211000	9613000
385	8435000	8934000	8212000	9613000
386	8435000	8934000	8211000	9612000
387	8434000	8934000	8214000	9612000
388	8435000	8934000	8211000	9613000
389	8435000	8934000	8212000	9612000
390	8435000	8934000	8211000	9613000
391	8435000	8934000	8212000	9612000
392	8436000	8936000	8213000	9613000
393	8436000	8936000	8212000	9612000
394	8435000	8934000	8211000	9612000
395	8434000	8934000	8209000	9612000
396	8434000	8934000	8211000	9612000
397	8434000	8934000	8213000	9612000
398	8433000	8934000	8212000	9612000
399	8434000	8934000	8212000	9612000
400	8434000	8934000	8212000	9612000
401	8435000	8934000	8213000	9612000
402	8434000	8934000	8211000	9612000
403	8435000	8934000	8214000	9613000
404	8436000	8934000	8211000	9613000
405	8434000	8934000	8212000	9613000
406	8435000	8934000	8210000	9613000
407	8435000	8932000	8212000	9613000
408	8433000	8934000	8211000	9613000
409	8432000	8934000	8212000	9613000
410	8435000	8934000	8211000	9613000
411	8433000	8932000	8211000	9613000
412	8433000	8934000	8211000	9613000
413	8433000	8934000	8210000	9613000
414	8432000	8932000	8210000	9612000
415	8433000	8934000	8212000	9613000
416	8433000	8934000	8212000	9612000
417	8435000	8934000	8212000	9612000
418	8434000	8934000	8211000	9612000
419	8434000	8934000	8213000	9612000
420	8435000	8934000	8212000	9612000
421	8434000	8934000	8212000	9613000
422	8433000	8934000	8211000	9612000
423	8434000	8934000	8213000	9613000
424	8433000	8934000	8211000	9613000
425	8434000	8934000	8212000	9612000
426	8434000	8934000	8211000	9612000
427	8433000	8934000	8211000	9613000
428	8436000	8934000	8211000	9612000
429	8435000	8934000	8212000	9612000
430	8435000	8934000	8211000	9613000
431	8433000	8932000	8212000	9613000
432	8433000	8934000	8211000	9613000
433	8435000	8934000	8211000	9613000
434	8434000	8932000	8211000	9613000
435	8434000	8932000	8211000	9612000
436	8434000	8934000	8211000	9613000
437	8435000	8934000	8212000	9612000
438	8435000	8932000	8210000	9613000
439	8433000	8934000	8213000	9612000
440	8433000	8932000	8211000	9613000
441	8434000	8934000	8212000	9613000
442	8435000	8934000	8211000	9613000
443	8434000	8934000	8212000	9612000
444	8434000	8934000	8211000	9612000
445	8433000	8932000	8212000	9613000
446	8435000	8934000	8212000	9612000
447	8433000	8934000	8211000	9613000
448	8434000	8934000	8211000	9613000
449	8433000	8934000	8212000	9612000
450	8435000	8934000	8211000	9613000
451	8433000	8934000	8212000	9613000
452	8433000	8934000	8214000	9612000
453	8433000	8932000	8211000	9612000
454	8433000	8934000	8211000	9612000
455	8435000	8934000	8213000	9613000
456	8434000	8932000	8211000	9613000
457	8435000	8934000	8212000	9613000
458	8433000	8934000	8211000	9613000
459	8433000	8934000	8212000	9613000
460	8435000	8934000	8212000	9613000
461	8434000	8934000	8212000	9612000
462	8433000	8934000	8211000	9612000
463	8433000	8934000	8213000	9613000
464	8432000	8934000	8210000	9613000
465	8435000	8934000	8212000	9612000
466	8434000	8934000	8212000	9612000
467	8435000	8934000	8212000	9613000
468	8436000	8934000	8211000	9613000
469	8435000	8934000	8213000	9612000
470	8434000	8934000	8211000	9612000
471	8434000	8934000	8212000	9613000
472	8433000	8934000	8210000	9613000
473	8433000	8934000	8212000	9613000
474	8435000	8934000	8212000	9612000
475	8432000	8934000	8212000	9613000
476	8436000	8934000	8212000	9612000
477	8436000	8934000	8212000	9612000
478	8433000	8934000	8212000	9612000
479	8433000	8934000	8213000	9613000
480	8433000	8934000	8212000	9612000
481	8433000	8934000	8213000	9613000
482	8434000	8934000	8212000	9613000
483	8435000	8934000	8212000	9612000
484	8432000	8934000	8211000	9613000
485	8434000	8934000	8211000	9613000
486	8434000	8934000	8212000	9612000
487	8434000	8932000	8211000	9612000
488	8435000	8934000	8210000	9613000
489	8434000	8932000	8211000	9613000
490	8435000	8934000	8211000	9613000
491	8435000	8934000	8212000	9613000
492	8433000	8932000	8210000	9612000
493	8433000	8934000	8211000	9613000
494	8432000	8932000	8211000	9612000
495	8434000	8934000	8211000	9612000
496	8433000	8934000	8211000	9613000
497	8434000	8932000	8211000	9613000
498	8435000	8934000	8211000	9613000
499	8435000	8934000	8212000	9613000

============================================================
# BITSTREAM: 100us_3etapas.bit
# VENTANA: 100us
# ETAPAS_PRINCIPAL: 3
# NUM_MUESTRAS: 500
# FORMATO: idx	freq1_hz	freq2_hz	freq3_hz	freq4_hz
============================================================
idx	freq1_hz	freq2_hz	freq3_hz	freq4_hz
0	5310000	35310000	35310000	35310000
1	35310000	35310000	35310000	35310000
2	35310000	35310000	35310000	35310000
3	35300000	35300000	35300000	35300000
4	35300000	35310000	35310000	35310000
5	35300000	35300000	35300000	35300000
6	35300000	35300000	35300000	35300000
7	35300000	35300000	35300000	35300000
8	35300000	35300000	35300000	35300000
9	35310000	35300000	35300000	35300000
10	35310000	35310000	35310000	35310000
11	35310000	35310000	35310000	35310000
12	35310000	35310000	35310000	35310000
13	35310000	35310000	35310000	35310000
14	35310000	35310000	35310000	35310000
15	35300000	35300000	35300000	35300000
16	35310000	35320000	35320000	35320000
17	35310000	35320000	35320000	35320000
18	35320000	35320000	35320000	35320000
19	35310000	35310000	35310000	35310000
20	35310000	35300000	35300000	35300000
21	35320000	35320000	35320000	35320000
22	35310000	35310000	35310000	35310000
23	35320000	35320000	35320000	35320000
24	35310000	35310000	35310000	35310000
25	35310000	35320000	35320000	35320000
26	35300000	35300000	35300000	35300000
27	35310000	35310000	35310000	35310000
28	35300000	35300000	35300000	35300000
29	35310000	35310000	35310000	35310000
30	35310000	35310000	35310000	35310000
31	35320000	35310000	35310000	35310000
32	35300000	35300000	35300000	35300000
33	35310000	35310000	35310000	35310000
34	35310000	35310000	35310000	35310000
35	35310000	35310000	35310000	35310000
36	35310000	35300000	35300000	35300000
37	35310000	35320000	35320000	35320000
38	35310000	35310000	35310000	35310000
39	35310000	35310000	35310000	35310000
40	35320000	35320000	35320000	35320000
41	35310000	35310000	35310000	35310000
42	35310000	35300000	35300000	35300000
43	35310000	35310000	35310000	35310000
44	35310000	35310000	35310000	35310000
45	35320000	35310000	35310000	35320000
46	35310000	35310000	35310000	35310000
47	35310000	35310000	35310000	35310000
48	35310000	35310000	35310000	35310000
49	35310000	35310000	35310000	35310000
50	35310000	35300000	35300000	35300000
51	35310000	35310000	35310000	35310000
52	35300000	35300000	35300000	35300000
53	35310000	35310000	35310000	35310000
54	35310000	35310000	35310000	35310000
55	35310000	35310000	35310000	35310000
56	35310000	35310000	35310000	35310000
57	35320000	35320000	35320000	35320000
58	35310000	35320000	35320000	35320000
59	35320000	35320000	35320000	35320000
60	35310000	35310000	35310000	35310000
61	35310000	35310000	35310000	35310000
62	35320000	35320000	35320000	35320000
63	35310000	35310000	35310000	35310000
64	35310000	35310000	35310000	35310000
65	35310000	35310000	35310000	35310000
66	35300000	35300000	35300000	35300000
67	35300000	35310000	35310000	35310000
68	35310000	35310000	35310000	35310000
69	35310000	35310000	35310000	35310000
70	35300000	35300000	35300000	35300000
71	35300000	35300000	35310000	35300000
72	35310000	35310000	35310000	35310000
73	35300000	35300000	35300000	35300000
74	35310000	35310000	35310000	35310000
75	35310000	35310000	35310000	35310000
76	35310000	35310000	35310000	35310000
77	35320000	35320000	35320000	35320000
78	35310000	35310000	35310000	35310000
79	35310000	35310000	35310000	35310000
80	35310000	35310000	35310000	35310000
81	35310000	35310000	35310000	35310000
82	35300000	35300000	35300000	35300000
83	35320000	35320000	35320000	35320000
84	35310000	35310000	35310000	35310000
85	35310000	35310000	35310000	35310000
86	35310000	35310000	35310000	35310000
87	35320000	35320000	35320000	35320000
88	35310000	35320000	35320000	35320000
89	35320000	35320000	35320000	35320000
90	35310000	35310000	35310000	35310000
91	35310000	35310000	35320000	35310000
92	35320000	35320000	35320000	35320000
93	35310000	35310000	35310000	35310000
94	35310000	35310000	35310000	35310000
95	35310000	35310000	35310000	35310000
96	35320000	35320000	35320000	35320000
97	35320000	35320000	35320000	35320000
98	35320000	35320000	35320000	35320000
99	35310000	35310000	35310000	35310000
100	35320000	35320000	35320000	35320000
101	35320000	35310000	35310000	35310000
102	35310000	35310000	35310000	35310000
103	35310000	35310000	35310000	35310000
104	35310000	35310000	35310000	35310000
105	35320000	35320000	35320000	35320000
106	35320000	35320000	35320000	35320000
107	35310000	35310000	35310000	35310000
108	35300000	35310000	35310000	35310000
109	35310000	35310000	35310000	35310000
110	35300000	35300000	35300000	35300000
111	35320000	35320000	35320000	35320000
112	35320000	35320000	35320000	35320000
113	35310000	35310000	35310000	35310000
114	35310000	35310000	35310000	35310000
115	35320000	35310000	35310000	35310000
116	35310000	35320000	35320000	35320000
117	35310000	35310000	35310000	35310000
118	35320000	35320000	35320000	35320000
119	35310000	35320000	35320000	35320000
120	35320000	35320000	35320000	35320000
121	35310000	35310000	35310000	35310000
122	35320000	35320000	35320000	35320000
123	35320000	35320000	35320000	35320000
124	35320000	35310000	35310000	35310000
125	35310000	35310000	35310000	35310000
126	35310000	35310000	35310000	35310000
127	35320000	35320000	35320000	35320000
128	35320000	35320000	35320000	35320000
129	35320000	35310000	35310000	35310000
130	35310000	35310000	35310000	35310000
131	35310000	35310000	35310000	35310000
132	35320000	35320000	35320000	35320000
133	35310000	35310000	35310000	35310000
134	35310000	35310000	35310000	35310000
135	35320000	35310000	35310000	35310000
136	35310000	35310000	35310000	35310000
137	35330000	35330000	35330000	35330000
138	35310000	35310000	35310000	35310000
139	35310000	35310000	35310000	35310000
140	35320000	35320000	35320000	35320000
141	35310000	35310000	35310000	35310000
142	35320000	35320000	35320000	35320000
143	35310000	35310000	35310000	35310000
144	35310000	35310000	35310000	35310000
145	35320000	35320000	35320000	35320000
146	35310000	35310000	35320000	35310000
147	35310000	35310000	35310000	35310000
148	35310000	35310000	35310000	35310000
149	35310000	35310000	35310000	35310000
150	35320000	35320000	35320000	35320000
151	35300000	35310000	35310000	35310000
152	35310000	35310000	35310000	35310000
153	35310000	35310000	35310000	35310000
154	35300000	35300000	35310000	35300000
155	35310000	35310000	35310000	35310000
156	35310000	35310000	35310000	35310000
157	35310000	35310000	35310000	35310000
158	35310000	35310000	35310000	35310000
159	35300000	35300000	35300000	35300000
160	35300000	35300000	35300000	35300000
161	35320000	35320000	35320000	35320000
162	35310000	35310000	35310000	35310000
163	35310000	35310000	35310000	35310000
164	35310000	35310000	35310000	35310000
165	35310000	35310000	35310000	35310000
166	35300000	35300000	35300000	35300000
167	35310000	35310000	35310000	35310000
168	35310000	35310000	35310000	35310000
169	35300000	35300000	35300000	35300000
170	35300000	35310000	35310000	35310000
171	35310000	35310000	35310000	35310000
172	35310000	35310000	35310000	35310000
173	35320000	35320000	35320000	35320000
174	35320000	35320000	35320000	35320000
175	35320000	35320000	35320000	35320000
176	35300000	35310000	35310000	35310000
177	35310000	35310000	35310000	35310000
178	35310000	35310000	35310000	35310000
179	35310000	35310000	35310000	35310000
180	35310000	35310000	35310000	35310000
181	35320000	35320000	35320000	35320000
182	35320000	35320000	35320000	35320000
183	35310000	35310000	35310000	35310000
184	35310000	35310000	35310000	35310000
185	35310000	35310000	35310000	35310000
186	35320000	35320000	35320000	35320000
187	35320000	35320000	35320000	35320000
188	35310000	35310000	35310000	35310000
189	35310000	35310000	35310000	35310000
190	35310000	35310000	35310000	35310000
191	35310000	35310000	35310000	35310000
192	35310000	35310000	35310000	35310000
193	35310000	35310000	35310000	35310000
194	35310000	35310000	35310000	35310000
195	35310000	35310000	35310000	35310000
196	35320000	35320000	35320000	35320000
197	35310000	35310000	35310000	35310000
198	35320000	35320000	35320000	35320000
199	35310000	35310000	35310000	35310000
200	35320000	35320000	35320000	35320000
201	35310000	35300000	35300000	35300000
202	35320000	35320000	35320000	35320000
203	35320000	35320000	35320000	35320000
204	35310000	35310000	35310000	35310000
205	35310000	35310000	35310000	35310000
206	35310000	35310000	35310000	35310000
207	35310000	35310000	35310000	35310000
208	35320000	35320000	35320000	35320000
209	35310000	35310000	35310000	35310000
210	35310000	35310000	35310000	35310000
211	35310000	35310000	35310000	35310000
212	35310000	35310000	35310000	35310000
213	35300000	35300000	35300000	35300000
214	35310000	35310000	35310000	35310000
215	35310000	35310000	35310000	35310000
216	35310000	35310000	35310000	35310000
217	35300000	35300000	35300000	35300000
218	35320000	35320000	35320000	35320000
219	35310000	35310000	35310000	35310000
220	35310000	35310000	35310000	35310000
221	35310000	35300000	35300000	35300000
222	35300000	35300000	35300000	35300000
223	35310000	35310000	35310000	35310000
224	35310000	35310000	35310000	35310000
225	35310000	35310000	35310000	35310000
226	35320000	35320000	35320000	35320000
227	35320000	35310000	35310000	35310000
228	35300000	35300000	35300000	35300000
229	35320000	35310000	35310000	35310000
230	35310000	35320000	35320000	35320000
231	35320000	35320000	35320000	35320000
232	35310000	35310000	35310000	35310000
233	35310000	35310000	35310000	35310000
234	35310000	35310000	35310000	35310000
235	35300000	35300000	35300000	35300000
236	35310000	35310000	35310000	35310000
237	35310000	35310000	35310000	35310000
238	35310000	35310000	35310000	35310000
239	35320000	35320000	35320000	35320000
240	35310000	35310000	35310000	35310000
241	35310000	35310000	35310000	35310000
242	35310000	35310000	35310000	35310000
243	35310000	35310000	35310000	35310000
244	35310000	35310000	35310000	35310000
245	35300000	35300000	35300000	35300000
246	35320000	35320000	35320000	35320000
247	35310000	35310000	35300000	35310000
248	35310000	35310000	35310000	35310000
249	35310000	35310000	35310000	35310000
250	35300000	35300000	35300000	35300000
251	35310000	35320000	35320000	35320000
252	35310000	35310000	35310000	35310000
253	35300000	35300000	35300000	35300000
254	35310000	35310000	35310000	35310000
255	35310000	35300000	35300000	35300000
256	35310000	35310000	35310000	35310000
257	35320000	35310000	35310000	35310000
258	35310000	35310000	35310000	35310000
259	35310000	35310000	35310000	35310000
260	35310000	35310000	35310000	35310000
261	35310000	35310000	35310000	35310000
262	35310000	35310000	35310000	35310000
263	35310000	35310000	35310000	35310000
264	35310000	35310000	35310000	35310000
265	35310000	35310000	35310000	35310000
266	35310000	35310000	35310000	35310000
267	35310000	35310000	35310000	35310000
268	35310000	35310000	35310000	35310000
269	35320000	35320000	35320000	35320000
270	35310000	35310000	35310000	35310000
271	35310000	35320000	35320000	35320000
272	35300000	35300000	35300000	35300000
273	35310000	35310000	35310000	35310000
274	35320000	35310000	35310000	35310000
275	35320000	35320000	35320000	35320000
276	35310000	35310000	35310000	35310000
277	35310000	35310000	35310000	35310000
278	35300000	35300000	35300000	35300000
279	35310000	35310000	35310000	35310000
280	35300000	35300000	35300000	35300000
281	35310000	35310000	35310000	35310000
282	35310000	35310000	35310000	35310000
283	35310000	35310000	35310000	35310000
284	35310000	35310000	35310000	35310000
285	35310000	35310000	35310000	35310000
286	35310000	35310000	35310000	35310000
287	35300000	35300000	35300000	35300000
288	35310000	35310000	35310000	35310000
289	35310000	35310000	35310000	35310000
290	35310000	35310000	35310000	35310000
291	35310000	35310000	35310000	35310000
292	35300000	35300000	35300000	35300000
293	35310000	35300000	35300000	35300000
294	35320000	35320000	35320000	35320000
295	35310000	35310000	35310000	35310000
296	35320000	35320000	35320000	35320000
297	35320000	35320000	35320000	35320000
298	35310000	35310000	35310000	35310000
299	35310000	35310000	35310000	35310000
300	35320000	35310000	35310000	35310000
301	35310000	35320000	35320000	35320000
302	35310000	35310000	35310000	35310000
303	35310000	35310000	35310000	35310000
304	35320000	35320000	35320000	35320000
305	35310000	35310000	35310000	35310000
306	35320000	35310000	35310000	35310000
307	35310000	35310000	35310000	35310000
308	35310000	35310000	35310000	35310000
309	35310000	35310000	35310000	35310000
310	35310000	35310000	35310000	35310000
311	35300000	35300000	35300000	35300000
312	35310000	35310000	35310000	35310000
313	35310000	35310000	35310000	35310000
314	35320000	35320000	35320000	35320000
315	35310000	35310000	35310000	35310000
316	35310000	35310000	35310000	35310000
317	35300000	35300000	35300000	35300000
318	35310000	35310000	35310000	35310000
319	35320000	35310000	35310000	35310000
320	35310000	35310000	35310000	35310000
321	35300000	35300000	35300000	35300000
322	35300000	35310000	35310000	35310000
323	35310000	35310000	35310000	35310000
324	35300000	35310000	35310000	35310000
325	35310000	35310000	35310000	35310000
326	35310000	35310000	35310000	35310000
327	35310000	35310000	35310000	35310000
328	35300000	35300000	35300000	35300000
329	35310000	35310000	35310000	35310000
330	35310000	35310000	35310000	35310000
331	35310000	35310000	35310000	35310000
332	35310000	35310000	35310000	35310000
333	35320000	35320000	35320000	35320000
334	35310000	35310000	35310000	35310000
335	35310000	35320000	35320000	35320000
336	35320000	35320000	35320000	35320000
337	35300000	35310000	35310000	35310000
338	35300000	35300000	35300000	35300000
339	35320000	35320000	35320000	35320000
340	35310000	35310000	35310000	35310000
341	35310000	35310000	35310000	35310000
342	35300000	35300000	35300000	35300000
343	35300000	35300000	35300000	35300000
344	35310000	35310000	35310000	35310000
345	35320000	35320000	35320000	35320000
346	35310000	35310000	35310000	35310000
347	35300000	35300000	35300000	35300000
348	35320000	35310000	35310000	35310000
349	35310000	35310000	35310000	35310000
350	35310000	35310000	35310000	35310000
351	35300000	35310000	35310000	35310000
352	35310000	35310000	35310000	35310000
353	35320000	35320000	35320000	35320000
354	35310000	35310000	35310000	35310000
355	35310000	35310000	35310000	35310000
356	35310000	35310000	35310000	35310000
357	35310000	35310000	35310000	35310000
358	35300000	35310000	35310000	35300000
359	35310000	35310000	35310000	35310000
360	35310000	35310000	35310000	35310000
361	35310000	35310000	35310000	35310000
362	35310000	35310000	35310000	35310000
363	35320000	35320000	35320000	35320000
364	35310000	35310000	35310000	35310000
365	35320000	35320000	35320000	35320000
366	35300000	35300000	35300000	35300000
367	35310000	35310000	35310000	35310000
368	35320000	35310000	35310000	35310000
369	35300000	35300000	35310000	35300000
370	35310000	35310000	35310000	35310000
371	35310000	35310000	35310000	35310000
372	35310000	35310000	35310000	35310000
373	35310000	35310000	35310000	35310000
374	35300000	35300000	35300000	35300000
375	35300000	35300000	35300000	35300000
376	35310000	35310000	35310000	35310000
377	35310000	35310000	35310000	35310000
378	35300000	35300000	35300000	35300000
379	35300000	35300000	35300000	35300000
380	35300000	35310000	35310000	35310000
381	35300000	35300000	35300000	35300000
382	35310000	35310000	35310000	35310000
383	35300000	35300000	35300000	35300000
384	35310000	35310000	35310000	35310000
385	35300000	35300000	35300000	35300000
386	35320000	35320000	35320000	35320000
387	35310000	35310000	35310000	35310000
388	35300000	35300000	35300000	35300000
389	35310000	35310000	35310000	35310000
390	35320000	35320000	35320000	35320000
391	35310000	35310000	35310000	35310000
392	35310000	35310000	35310000	35310000
393	35300000	35300000	35300000	35300000
394	35310000	35310000	35310000	35310000
395	35310000	35310000	35310000	35310000
396	35310000	35310000	35310000	35310000
397	35300000	35300000	35300000	35300000
398	35300000	35310000	35310000	35310000
399	35300000	35300000	35300000	35300000
400	35310000	35310000	35310000	35310000
401	35310000	35310000	35310000	35310000
402	35310000	35310000	35310000	35310000
403	35310000	35310000	35310000	35310000
404	35300000	35300000	35300000	35300000
405	35310000	35310000	35310000	35310000
406	35310000	35310000	35310000	35310000
407	35310000	35310000	35310000	35310000
408	35310000	35310000	35310000	35310000
409	35310000	35310000	35310000	35310000
410	35320000	35310000	35310000	35310000
411	35300000	35300000	35300000	35300000
412	35310000	35310000	35310000	35310000
413	35310000	35310000	35310000	35310000
414	35310000	35310000	35310000	35310000
415	35310000	35310000	35310000	35310000
416	35310000	35310000	35310000	35310000
417	35300000	35300000	35300000	35300000
418	35310000	35310000	35310000	35310000
419	35300000	35300000	35300000	35300000
420	35300000	35300000	35300000	35300000
421	35310000	35310000	35310000	35310000
422	35300000	35300000	35300000	35300000
423	35300000	35300000	35300000	35300000
424	35300000	35300000	35300000	35300000
425	35300000	35300000	35300000	35300000
426	35310000	35310000	35310000	35310000
427	35310000	35310000	35310000	35310000
428	35310000	35310000	35310000	35310000
429	35300000	35300000	35300000	35300000
430	35300000	35300000	35300000	35300000
431	35310000	35310000	35310000	35310000
432	35310000	35310000	35310000	35310000
433	35310000	35310000	35310000	35310000
434	35310000	35310000	35310000	35310000
435	35290000	35300000	35300000	35300000
436	35300000	35300000	35300000	35300000
437	35300000	35310000	35310000	35310000
438	35300000	35300000	35300000	35300000
439	35300000	35300000	35300000	35300000
440	35310000	35310000	35310000	35310000
441	35310000	35310000	35310000	35310000
442	35320000	35320000	35320000	35320000
443	35310000	35310000	35310000	35310000
444	35310000	35310000	35310000	35310000
445	35300000	35310000	35310000	35310000
446	35310000	35310000	35310000	35310000
447	35310000	35310000	35310000	35310000
448	35320000	35320000	35320000	35320000
449	35320000	35320000	35320000	35320000
450	35320000	35320000	35320000	35320000
451	35320000	35320000	35320000	35320000
452	35310000	35310000	35310000	35310000
453	35320000	35320000	35320000	35320000
454	35320000	35320000	35320000	35320000
455	35310000	35310000	35310000	35310000
456	35310000	35310000	35310000	35310000
457	35320000	35320000	35320000	35320000
458	35310000	35310000	35310000	35310000
459	35310000	35310000	35310000	35310000
460	35310000	35310000	35310000	35310000
461	35300000	35310000	35310000	35310000
462	35300000	35300000	35300000	35300000
463	35310000	35310000	35310000	35310000
464	35310000	35310000	35310000	35310000
465	35310000	35310000	35310000	35310000
466	35310000	35310000	35310000	35310000
467	35300000	35300000	35310000	35300000
468	35310000	35310000	35310000	35310000
469	35310000	35310000	35310000	35310000
470	35310000	35310000	35310000	35310000
471	35310000	35320000	35320000	35320000
472	35310000	35300000	35300000	35300000
473	35310000	35310000	35310000	35310000
474	35310000	35310000	35310000	35310000
475	35310000	35310000	35310000	35310000
476	35320000	35320000	35320000	35320000
477	35310000	35310000	35310000	35310000
478	35310000	35310000	35310000	35310000
479	35310000	35310000	35310000	35310000
480	35310000	35310000	35310000	35310000
481	35310000	35310000	35310000	35310000
482	35300000	35300000	35300000	35300000
483	35310000	35310000	35310000	35310000
484	35310000	35310000	35310000	35310000
485	35310000	35310000	35310000	35310000
486	35310000	35310000	35310000	35310000
487	35310000	35310000	35310000	35310000
488	35310000	35310000	35310000	35310000
489	35310000	35300000	35300000	35300000
490	35310000	35310000	35310000	35310000
491	35310000	35310000	35310000	35310000
492	35310000	35310000	35310000	35310000
493	35310000	35310000	35310000	35310000
494	35310000	35310000	35310000	35310000
495	35310000	35310000	35310000	35310000
496	35310000	35310000	35310000	35310000
497	35300000	35300000	35300000	35300000
498	35310000	35310000	35310000	35310000
499	35310000	35310000	35310000	35310000

============================================================
# BITSTREAM: 100us_5etapas.bit
# VENTANA: 100us
# ETAPAS_PRINCIPAL: 5
# NUM_MUESTRAS: 500
# FORMATO: idx	freq1_hz	freq2_hz	freq3_hz	freq4_hz
============================================================
idx	freq1_hz	freq2_hz	freq3_hz	freq4_hz
0	33590000	33590000	32290000	32940000
1	33600000	33600000	32280000	32940000
2	33600000	33600000	32290000	32940000
3	33580000	33580000	32280000	32930000
4	33600000	33600000	32280000	32940000
5	33590000	33590000	32290000	32940000
6	33600000	33600000	32280000	32940000
7	33600000	33600000	32280000	32950000
8	33600000	33600000	32290000	32950000
9	33590000	33590000	32280000	32930000
10	33590000	33590000	32280000	32940000
11	33600000	33600000	32280000	32940000
12	33590000	33590000	32270000	32920000
13	33590000	33590000	32280000	32940000
14	33600000	33600000	32290000	32950000
15	33590000	33590000	32270000	32930000
16	33600000	33600000	32280000	32940000
17	33590000	33590000	32290000	32940000
18	33600000	33600000	32300000	32950000
19	33600000	33600000	32290000	32950000
20	33590000	33590000	32280000	32940000
21	33600000	33600000	32300000	32940000
22	33590000	33590000	32290000	32940000
23	33590000	33590000	32290000	32940000
24	33590000	33600000	32290000	32950000
25	33590000	33590000	32290000	32940000
26	33590000	33590000	32270000	32930000
27	33590000	33590000	32290000	32940000
28	33580000	33580000	32280000	32930000
29	33580000	33580000	32290000	32940000
30	33590000	33590000	32290000	32940000
31	33590000	33590000	32280000	32930000
32	33590000	33590000	32280000	32930000
33	33590000	33590000	32280000	32940000
34	33580000	33580000	32280000	32920000
35	33590000	33590000	32290000	32940000
36	33590000	33590000	32280000	32940000
37	33600000	33600000	32280000	32940000
38	33580000	33580000	32280000	32930000
39	33590000	33590000	32280000	32940000
40	33590000	33590000	32290000	32940000
41	33580000	33580000	32290000	32930000
42	33590000	33590000	32280000	32930000
43	33600000	33600000	32280000	32940000
44	33600000	33600000	32280000	32940000
45	33600000	33600000	32290000	32940000
46	33600000	33590000	32280000	32940000
47	33590000	33590000	32270000	32930000
48	33580000	33580000	32270000	32930000
49	33590000	33590000	32270000	32930000
50	33580000	33580000	32280000	32930000
51	33590000	33590000	32270000	32930000
52	33580000	33580000	32280000	32930000
53	33590000	33580000	32290000	32930000
54	33570000	33570000	32270000	32910000
55	33590000	33590000	32270000	32930000
56	33590000	33590000	32280000	32930000
57	33590000	33590000	32280000	32940000
58	33570000	33570000	32280000	32920000
59	33590000	33590000	32280000	32940000
60	33600000	33600000	32290000	32940000
61	33590000	33590000	32280000	32940000
62	33590000	33590000	32300000	32950000
63	33590000	33590000	32280000	32940000
64	33580000	33580000	32280000	32940000
65	33590000	33590000	32260000	32920000
66	33600000	33600000	32270000	32940000
67	33580000	33580000	32260000	32920000
68	33580000	33580000	32280000	32930000
69	33590000	33590000	32290000	32940000
70	33580000	33580000	32280000	32930000
71	33580000	33580000	32270000	32920000
72	33590000	33590000	32280000	32940000
73	33590000	33590000	32280000	32930000
74	33600000	33600000	32280000	32930000
75	33590000	33590000	32280000	32930000
76	33590000	33600000	32280000	32940000
77	33580000	33580000	32270000	32930000
78	33590000	33590000	32270000	32930000
79	33590000	33590000	32280000	32940000
80	33590000	33590000	32280000	32930000
81	33600000	33590000	32290000	32940000
82	33590000	33590000	32290000	32940000
83	33590000	33590000	32280000	32930000
84	33580000	33590000	32270000	32930000
85	33590000	33590000	32280000	32940000
86	33590000	33600000	32280000	32940000
87	33590000	33590000	32280000	32940000
88	33590000	33590000	32280000	32940000
89	33590000	33600000	32280000	32940000
90	33600000	33600000	32280000	32950000
91	33590000	33590000	32280000	32940000
92	33600000	33600000	32290000	32940000
93	33590000	33590000	32280000	32940000
94	33580000	33580000	32280000	32930000
95	33590000	33590000	32290000	32940000
96	33600000	33590000	32280000	32940000
97	33590000	33590000	32290000	32940000
98	33600000	33600000	32290000	32940000
99	33590000	33590000	32280000	32940000
100	33590000	33590000	32280000	32930000
101	33590000	33590000	32270000	32930000
102	33590000	33590000	32280000	32940000
103	33590000	33590000	32270000	32930000
104	33580000	33580000	32270000	32930000
105	33590000	33590000	32270000	32930000
106	33590000	33590000	32280000	32930000
107	33590000	33590000	32280000	32930000
108	33600000	33600000	32270000	32940000
109	33600000	33600000	32270000	32940000
110	33600000	33600000	32280000	32940000
111	33590000	33590000	32280000	32940000
112	33590000	33600000	32290000	32950000
113	33600000	33600000	32280000	32940000
114	33610000	33610000	32280000	32950000
115	33590000	33590000	32280000	32940000
116	33600000	33600000	32270000	32940000
117	33610000	33610000	32270000	32940000
118	33580000	33580000	32270000	32930000
119	33590000	33590000	32280000	32940000
120	33600000	33600000	32290000	32940000
121	33580000	33580000	32270000	32930000
122	33590000	33590000	32270000	32930000
123	33590000	33590000	32280000	32950000
124	33590000	33600000	32280000	32940000
125	33590000	33590000	32290000	32940000
126	33580000	33580000	32280000	32930000
127	33590000	33590000	32280000	32940000
128	33580000	33580000	32290000	32930000
129	33590000	33590000	32280000	32930000
130	33580000	33570000	32260000	32920000
131	33580000	33580000	32280000	32940000
132	33600000	33600000	32280000	32940000
133	33600000	33600000	32280000	32940000
134	33600000	33590000	32290000	32940000
135	33600000	33600000	32290000	32940000
136	33590000	33590000	32270000	32930000
137	33590000	33580000	32290000	32940000
138	33600000	33600000	32290000	32940000
139	33600000	33600000	32290000	32940000
140	33590000	33590000	32280000	32930000
141	33600000	33590000	32290000	32940000
142	33590000	33590000	32290000	32940000
143	33580000	33580000	32290000	32930000
144	33590000	33600000	32280000	32940000
145	33600000	33600000	32290000	32940000
146	33590000	33600000	32280000	32940000
147	33600000	33600000	32270000	32930000
148	33600000	33590000	32280000	32930000
149	33590000	33590000	32270000	32930000
150	33580000	33580000	32280000	32930000
151	33590000	33590000	32270000	32930000
152	33590000	33590000	32280000	32940000
153	33590000	33590000	32280000	32930000
154	33590000	33590000	32270000	32930000
155	33600000	33600000	32280000	32940000
156	33600000	33600000	32290000	32940000
157	33590000	33590000	32280000	32930000
158	33590000	33590000	32280000	32940000
159	33590000	33590000	32280000	32940000
160	33580000	33580000	32280000	32930000
161	33600000	33600000	32290000	32950000
162	33600000	33600000	32290000	32940000
163	33590000	33590000	32290000	32940000
164	33590000	33590000	32280000	32930000
165	33590000	33590000	32290000	32940000
166	33600000	33600000	32290000	32940000
167	33600000	33600000	32290000	32940000
168	33600000	33590000	32270000	32930000
169	33590000	33590000	32290000	32950000
170	33590000	33590000	32280000	32940000
171	33590000	33590000	32300000	32940000
172	33590000	33590000	32290000	32940000
173	33600000	33590000	32280000	32940000
174	33590000	33590000	32290000	32940000
175	33590000	33600000	32280000	32940000
176	33590000	33590000	32290000	32940000
177	33590000	33590000	32290000	32940000
178	33590000	33590000	32270000	32930000
179	33580000	33580000	32280000	32930000
180	33580000	33590000	32270000	32930000
181	33590000	33590000	32280000	32930000
182	33590000	33590000	32290000	32940000
183	33590000	33590000	32280000	32930000
184	33590000	33590000	32290000	32940000
185	33600000	33600000	32270000	32940000
186	33590000	33590000	32270000	32930000
187	33590000	33590000	32290000	32940000
188	33600000	33600000	32290000	32940000
189	33590000	33590000	32280000	32930000
190	33590000	33590000	32280000	32930000
191	33590000	33590000	32270000	32930000
192	33590000	33590000	32280000	32940000
193	33590000	33600000	32290000	32940000
194	33590000	33590000	32280000	32940000
195	33600000	33600000	32290000	32940000
196	33600000	33610000	32290000	32940000
197	33590000	33590000	32280000	32940000
198	33600000	33600000	32300000	32950000
199	33590000	33600000	32290000	32940000
200	33590000	33590000	32280000	32930000
201	33590000	33590000	32290000	32940000
202	33580000	33580000	32280000	32920000
203	33580000	33580000	32280000	32930000
204	33600000	33590000	32300000	32950000
205	33580000	33580000	32300000	32940000
206	33590000	33580000	32290000	32930000
207	33590000	33590000	32310000	32950000
208	33590000	33590000	32290000	32930000
209	33590000	33590000	32290000	32940000
210	33600000	33600000	32300000	32950000
211	33600000	33590000	32290000	32940000
212	33590000	33590000	32270000	32930000
213	33590000	33590000	32290000	32950000
214	33590000	33590000	32300000	32950000
215	33590000	33600000	32290000	32940000
216	33600000	33600000	32280000	32930000
217	33580000	33580000	32270000	32920000
218	33600000	33600000	32280000	32940000
219	33600000	33590000	32300000	32940000
220	33580000	33580000	32290000	32930000
221	33580000	33580000	32290000	32940000
222	33590000	33590000	32290000	32940000
223	33580000	33580000	32290000	32940000
224	33590000	33590000	32290000	32940000
225	33580000	33580000	32280000	32920000
226	33580000	33580000	32280000	32930000
227	33600000	33600000	32290000	32940000
228	33590000	33590000	32280000	32940000
229	33590000	33580000	32290000	32930000
230	33590000	33590000	32290000	32940000
231	33590000	33590000	32280000	32930000
232	33580000	33580000	32290000	32940000
233	33600000	33590000	32280000	32940000
234	33600000	33590000	32290000	32940000
235	33590000	33590000	32270000	32930000
236	33590000	33590000	32290000	32930000
237	33590000	33590000	32280000	32940000
238	33590000	33590000	32290000	32940000
239	33600000	33600000	32300000	32940000
240	33600000	33600000	32290000	32940000
241	33590000	33590000	32290000	32940000
242	33590000	33580000	32280000	32940000
243	33590000	33590000	32290000	32940000
244	33590000	33590000	32280000	32940000
245	33580000	33580000	32280000	32930000
246	33590000	33590000	32290000	32940000
247	33590000	33590000	32290000	32940000
248	33580000	33580000	32280000	32930000
249	33590000	33590000	32290000	32950000
250	33590000	33590000	32300000	32950000
251	33600000	33600000	32290000	32950000
252	33600000	33600000	32290000	32940000
253	33590000	33590000	32270000	32930000
254	33590000	33590000	32290000	32940000
255	33580000	33580000	32290000	32930000
256	33590000	33590000	32290000	32940000
257	33600000	33590000	32290000	32940000
258	33590000	33590000	32290000	32930000
259	33590000	33580000	32290000	32930000
260	33590000	33590000	32290000	32940000
261	33600000	33600000	32290000	32940000
262	33590000	33590000	32290000	32940000
263	33590000	33590000	32280000	32940000
264	33590000	33590000	32290000	32940000
265	33590000	33590000	32290000	32940000
266	33590000	33590000	32280000	32930000
267	33590000	33590000	32280000	32930000
268	33590000	33590000	32300000	32950000
269	33590000	33590000	32300000	32940000
270	33600000	33600000	32290000	32940000
271	33600000	33600000	32290000	32950000
272	33600000	33600000	32290000	32940000
273	33610000	33610000	32290000	32950000
274	33590000	33580000	32290000	32940000
275	33590000	33590000	32280000	32940000
276	33590000	33590000	32290000	32940000
277	33590000	33590000	32280000	32940000
278	33590000	33590000	32290000	32940000
279	33600000	33600000	32290000	32950000
280	33590000	33590000	32290000	32940000
281	33590000	33590000	32290000	32940000
282	33600000	33600000	32290000	32950000
283	33600000	33600000	32290000	32950000
284	33580000	33580000	32290000	32930000
285	33580000	33580000	32300000	32940000
286	33590000	33590000	32290000	32940000
287	33600000	33600000	32290000	32940000
288	33610000	33600000	32300000	32950000
289	33590000	33590000	32270000	32930000
290	33590000	33590000	32290000	32940000
291	33590000	33590000	32290000	32940000
292	33590000	33590000	32280000	32930000
293	33590000	33590000	32280000	32930000
294	33600000	33590000	32270000	32930000
295	33590000	33590000	32290000	32940000
296	33580000	33590000	32290000	32940000
297	33600000	33600000	32290000	32940000
298	33590000	33590000	32280000	32940000
299	33600000	33600000	32290000	32950000
300	33590000	33590000	32280000	32930000
301	33590000	33590000	32280000	32940000
302	33600000	33600000	32290000	32940000
303	33580000	33580000	32270000	32930000
304	33590000	33590000	32280000	32930000
305	33600000	33600000	32280000	32940000
306	33590000	33590000	32290000	32940000
307	33590000	33590000	32280000	32930000
308	33590000	33590000	32270000	32930000
309	33600000	33600000	32290000	32950000
310	33590000	33590000	32290000	32940000
311	33590000	33590000	32280000	32940000
312	33580000	33580000	32280000	32930000
313	33590000	33590000	32290000	32940000
314	33590000	33600000	32280000	32940000
315	33600000	33600000	32290000	32950000
316	33600000	33600000	32270000	32930000
317	33590000	33590000	32270000	32930000
318	33590000	33600000	32280000	32940000
319	33590000	33590000	32290000	32940000
320	33590000	33590000	32280000	32940000
321	33580000	33590000	32280000	32940000
322	33590000	33590000	32290000	32940000
323	33590000	33590000	32290000	32940000
324	33580000	33580000	32280000	32940000
325	33600000	33590000	32270000	32930000
326	33600000	33600000	32290000	32940000
327	33590000	33600000	32290000	32940000
328	33600000	33600000	32290000	32940000
329	33600000	33600000	32290000	32950000
330	33600000	33600000	32300000	32950000
331	33600000	33600000	32290000	32940000
332	33600000	33610000	32280000	32950000
333	33600000	33600000	32300000	32950000
334	33590000	33590000	32280000	32930000
335	33590000	33590000	32280000	32930000
336	33590000	33590000	32290000	32930000
337	33600000	33600000	32270000	32930000
338	33600000	33590000	32280000	32940000
339	33590000	33590000	32290000	32940000
340	33590000	33590000	32290000	32950000
341	33590000	33590000	32280000	32940000
342	33590000	33590000	32280000	32930000
343	33590000	33590000	32270000	32930000
344	33590000	33590000	32270000	32930000
345	33600000	33600000	32280000	32940000
346	33600000	33600000	32280000	32940000
347	33590000	33590000	32270000	32930000
348	33590000	33600000	32280000	32940000
349	33600000	33590000	32290000	32940000
350	33600000	33600000	32280000	32940000
351	33600000	33600000	32280000	32940000
352	33600000	33600000	32280000	32950000
353	33600000	33600000	32270000	32930000
354	33610000	33600000	32280000	32940000
355	33590000	33590000	32270000	32930000
356	33600000	33600000	32280000	32940000
357	33600000	33600000	32300000	32950000
358	33600000	33600000	32280000	32940000
359	33600000	33600000	32270000	32940000
360	33580000	33580000	32270000	32920000
361	33590000	33590000	32280000	32930000
362	33590000	33590000	32270000	32930000
363	33600000	33600000	32270000	32930000
364	33610000	33610000	32270000	32940000
365	33600000	33600000	32280000	32940000
366	33600000	33590000	32270000	32930000
367	33600000	33600000	32270000	32930000
368	33600000	33600000	32270000	32930000
369	33590000	33590000	32280000	32930000
370	33600000	33600000	32270000	32940000
371	33610000	33600000	32280000	32940000
372	33600000	33600000	32290000	32930000
373	33610000	33610000	32280000	32940000
374	33600000	33600000	32280000	32930000
375	33590000	33590000	32280000	32940000
376	33590000	33590000	32280000	32930000
377	33600000	33600000	32280000	32940000
378	33600000	33590000	32270000	32930000
379	33590000	33590000	32270000	32940000
380	33590000	33590000	32270000	32930000
381	33590000	33600000	32280000	32940000
382	33600000	33600000	32290000	32940000
383	33590000	33590000	32290000	32950000
384	33590000	33600000	32280000	32940000
385	33610000	33610000	32290000	32950000
386	33600000	33600000	32270000	32940000
387	33580000	33580000	32270000	32930000
388	33590000	33590000	32280000	32940000
389	33600000	33600000	32280000	32940000
390	33590000	33600000	32290000	32940000
391	33600000	33600000	32280000	32950000
392	33590000	33590000	32280000	32930000
393	33590000	33600000	32280000	32940000
394	33590000	33600000	32300000	32950000
395	33600000	33600000	32290000	32940000
396	33600000	33600000	32280000	32950000
397	33590000	33590000	32290000	32940000
398	33590000	33590000	32290000	32940000
399	33600000	33600000	32290000	32940000
400	33600000	33600000	32280000	32940000
401	33600000	33590000	32280000	32930000
402	33600000	33600000	32290000	32950000
403	33600000	33600000	32280000	32940000
404	33600000	33600000	32280000	32940000
405	33600000	33600000	32290000	32940000
406	33590000	33590000	32280000	32930000
407	33590000	33590000	32290000	32940000
408	33600000	33600000	32280000	32940000
409	33600000	33590000	32280000	32930000
410	33600000	33600000	32280000	32930000
411	33610000	33600000	32280000	32940000
412	33600000	33600000	32290000	32940000
413	33600000	33600000	32290000	32950000
414	33600000	33600000	32280000	32940000
415	33600000	33600000	32280000	32930000
416	33600000	33600000	32290000	32940000
417	33600000	33600000	32280000	32940000
418	33590000	33590000	32290000	32940000
419	33580000	33580000	32280000	32930000
420	33600000	33600000	32290000	32950000
421	33590000	33600000	32280000	32940000
422	33610000	33600000	32290000	32940000
423	33590000	33590000	32270000	32930000
424	33590000	33590000	32290000	32940000
425	33590000	33600000	32290000	32950000
426	33600000	33600000	32280000	32940000
427	33600000	33600000	32270000	32940000
428	33590000	33590000	32300000	32940000
429	33600000	33600000	32280000	32940000
430	33600000	33600000	32280000	32940000
431	33590000	33600000	32290000	32950000
432	33600000	33610000	32290000	32950000
433	33590000	33580000	32280000	32940000
434	33610000	33610000	32290000	32950000
435	33600000	33600000	32290000	32940000
436	33590000	33590000	32280000	32940000
437	33600000	33600000	32280000	32940000
438	33590000	33590000	32270000	32930000
439	33600000	33590000	32270000	32930000
440	33600000	33600000	32290000	32950000
441	33600000	33600000	32280000	32940000
442	33600000	33600000	32300000	32950000
443	33600000	33600000	32300000	32940000
444	33610000	33610000	32290000	32950000
445	33600000	33600000	32290000	32940000
446	33600000	33610000	32290000	32950000
447	33600000	33600000	32270000	32940000
448	33600000	33600000	32280000	32940000
449	33590000	33600000	32290000	32950000
450	33600000	33600000	32280000	32940000
451	33590000	33590000	32280000	32940000
452	33600000	33600000	32280000	32950000
453	33600000	33600000	32280000	32940000
454	33600000	33600000	32290000	32940000
455	33590000	33590000	32280000	32930000
456	33610000	33610000	32290000	32950000
457	33600000	33600000	32280000	32940000
458	33590000	33590000	32290000	32940000
459	33600000	33600000	32290000	32950000
460	33590000	33590000	32270000	32930000
461	33590000	33590000	32280000	32940000
462	33600000	33600000	32290000	32950000
463	33600000	33600000	32300000	32950000
464	33600000	33600000	32290000	32940000
465	33590000	33590000	32290000	32940000
466	33590000	33590000	32280000	32940000
467	33600000	33600000	32280000	32940000
468	33600000	33590000	32280000	32940000
469	33590000	33600000	32270000	32940000
470	33590000	33590000	32280000	32930000
471	33610000	33610000	32290000	32950000
472	33600000	33600000	32270000	32940000
473	33600000	33600000	32290000	32950000
474	33600000	33600000	32280000	32940000
475	33590000	33590000	32280000	32930000
476	33600000	33600000	32280000	32940000
477	33600000	33600000	32280000	32940000
478	33610000	33610000	32290000	32950000
479	33600000	33600000	32290000	32940000
480	33600000	33600000	32270000	32940000
481	33600000	33600000	32280000	32940000
482	33600000	33600000	32290000	32950000
483	33600000	33600000	32290000	32940000
484	33610000	33610000	32280000	32950000
485	33610000	33610000	32280000	32940000
486	33580000	33580000	32270000	32930000
487	33600000	33600000	32270000	32940000
488	33600000	33610000	32280000	32940000
489	33600000	33600000	32280000	32940000
490	33590000	33590000	32290000	32940000
491	33600000	33600000	32290000	32950000
492	33590000	33590000	32290000	32940000
493	33610000	33610000	32290000	32950000
494	33610000	33610000	32280000	32940000
495	33600000	33600000	32290000	32950000
496	33590000	33590000	32280000	32940000
497	33600000	33600000	32270000	32930000
498	33600000	33590000	32280000	32930000
499	33600000	33600000	32280000	32940000

============================================================
# BITSTREAM: 100us_51etapas.bit
# VENTANA: 100us
# ETAPAS_PRINCIPAL: 51
# NUM_MUESTRAS: 500
# FORMATO: idx	freq1_hz	freq2_hz	freq3_hz	freq4_hz
============================================================
idx	freq1_hz	freq2_hz	freq3_hz	freq4_hz
0	27540000	31110000	31110000	28560000
1	27550000	31100000	31100000	28570000
2	27540000	31110000	31110000	28570000
3	27540000	31120000	31110000	28560000
4	27550000	31110000	31110000	28570000
5	27540000	31120000	31120000	28570000
6	27550000	31110000	31110000	28560000
7	27550000	31110000	31110000	28570000
8	27550000	31110000	31110000	28570000
9	27540000	31110000	31110000	28570000
10	27540000	31110000	31110000	28560000
11	27550000	31100000	31100000	28560000
12	27550000	31110000	31110000	28570000
13	27540000	31100000	31110000	28560000
14	27540000	31110000	31110000	28560000
15	27550000	31110000	31110000	28560000
16	27550000	31110000	31110000	28560000
17	27540000	31110000	31110000	28560000
18	27540000	31100000	31100000	28560000
19	27540000	31110000	31110000	28570000
20	27550000	31110000	31120000	28570000
21	27540000	31110000	31110000	28560000
22	27550000	31110000	31110000	28570000
23	27550000	31120000	31120000	28570000
24	27540000	31110000	31110000	28570000
25	27540000	31120000	31120000	28570000
26	27540000	31110000	31110000	28560000
27	27550000	31110000	31110000	28570000
28	27540000	31110000	31110000	28570000
29	27550000	31110000	31110000	28570000
30	27550000	31120000	31110000	28570000
31	27550000	31120000	31120000	28570000
32	27550000	31120000	31120000	28570000
33	27540000	31120000	31120000	28570000
34	27540000	31110000	31110000	28560000
35	27550000	31110000	31110000	28560000
36	27540000	31110000	31120000	28560000
37	27560000	31110000	31110000	28570000
38	27540000	31110000	31110000	28570000
39	27540000	31120000	31120000	28570000
40	27540000	31100000	31100000	28560000
41	27540000	31110000	31110000	28560000
42	27540000	31110000	31110000	28560000
43	27550000	31100000	31110000	28560000
44	27560000	31110000	31120000	28570000
45	27540000	31110000	31110000	28560000
46	27550000	31120000	31120000	28570000
47	27540000	31110000	31110000	28560000
48	27540000	31110000	31110000	28570000
49	27540000	31100000	31100000	28560000
50	27540000	31110000	31110000	28570000
51	27540000	31110000	31110000	28560000
52	27540000	31120000	31100000	28570000
53	27540000	31110000	31110000	28570000
54	27540000	31110000	31120000	28570000
55	27540000	31110000	31110000	28560000
56	27530000	31110000	31100000	28560000
57	27540000	31110000	31110000	28560000
58	27540000	31110000	31110000	28570000
59	27540000	31110000	31110000	28560000
60	27540000	31110000	31110000	28560000
61	27540000	31110000	31110000	28560000
62	27550000	31110000	31110000	28560000
63	27550000	31110000	31110000	28560000
64	27530000	31110000	31110000	28560000
65	27540000	31110000	31110000	28560000
66	27540000	31110000	31110000	28560000
67	27540000	31110000	31110000	28560000
68	27540000	31110000	31110000	28560000
69	27540000	31110000	31110000	28560000
70	27550000	31110000	31120000	28560000
71	27540000	31110000	31110000	28560000
72	27550000	31110000	31110000	28560000
73	27550000	31110000	31110000	28570000
74	27550000	31100000	31110000	28570000
75	27540000	31110000	31110000	28570000
76	27540000	31110000	31110000	28560000
77	27540000	31120000	31120000	28570000
78	27540000	31110000	31110000	28570000
79	27540000	31110000	31110000	28560000
80	27540000	31110000	31120000	28560000
81	27540000	31110000	31110000	28570000
82	27550000	31110000	31120000	28570000
83	27530000	31100000	31100000	28560000
84	27550000	31110000	31110000	28570000
85	27540000	31110000	31110000	28560000
86	27540000	31100000	31100000	28550000
87	27530000	31110000	31110000	28560000
88	27540000	31110000	31110000	28570000
89	27540000	31110000	31110000	28560000
90	27550000	31110000	31110000	28560000
91	27550000	31110000	31110000	28570000
92	27550000	31120000	31110000	28570000
93	27540000	31110000	31110000	28570000
94	27540000	31110000	31110000	28560000
95	27550000	31110000	31110000	28570000
96	27550000	31110000	31110000	28570000
97	27530000	31110000	31110000	28560000
98	27540000	31110000	31110000	28560000
99	27560000	31120000	31120000	28580000
100	27540000	31110000	31110000	28560000
101	27550000	31120000	31110000	28570000
102	27540000	31110000	31110000	28560000
103	27550000	31110000	31110000	28570000
104	27540000	31110000	31110000	28570000
105	27540000	31110000	31110000	28560000
106	27550000	31110000	31110000	28560000
107	27550000	31100000	31110000	28560000
108	27540000	31110000	31110000	28560000
109	27550000	31100000	31100000	28560000
110	27550000	31110000	31110000	28570000
111	27550000	31110000	31110000	28570000
112	27550000	31110000	31110000	28570000
113	27550000	31100000	31100000	28560000
114	27550000	31120000	31110000	28560000
115	27540000	31110000	31110000	28560000
116	27550000	31110000	31110000	28560000
117	27540000	31100000	31100000	28560000
118	27540000	31110000	31110000	28570000
119	27540000	31110000	31110000	28560000
120	27540000	31110000	31100000	28560000
121	27550000	31100000	31100000	28570000
122	27540000	31110000	31110000	28560000
123	27540000	31110000	31110000	28560000
124	27550000	31100000	31100000	28560000
125	27540000	31110000	31110000	28560000
126	27550000	31120000	31120000	28570000
127	27540000	31120000	31110000	28570000
128	27540000	31110000	31110000	28570000
129	27550000	31120000	31120000	28570000
130	27540000	31110000	31110000	28560000
131	27540000	31110000	31110000	28560000
132	27540000	31110000	31110000	28560000
133	27540000	31110000	31110000	28570000
134	27540000	31100000	31100000	28560000
135	27540000	31110000	31110000	28560000
136	27540000	31110000	31110000	28560000
137	27550000	31110000	31110000	28560000
138	27540000	31110000	31110000	28560000
139	27550000	31110000	31110000	28570000
140	27540000	31110000	31110000	28560000
141	27550000	31110000	31110000	28560000
142	27550000	31100000	31100000	28560000
143	27550000	31110000	31110000	28560000
144	27550000	31110000	31110000	28560000
145	27540000	31110000	31110000	28570000
146	27550000	31110000	31110000	28570000
147	27540000	31110000	31100000	28550000
148	27550000	31110000	31110000	28570000
149	27550000	31110000	31110000	28560000
150	27550000	31110000	31110000	28560000
151	27550000	31110000	31110000	28570000
152	27540000	31110000	31120000	28570000
153	27550000	31120000	31120000	28570000
154	27550000	31110000	31110000	28570000
155	27540000	31110000	31110000	28560000
156	27550000	31100000	31100000	28560000
157	27550000	31120000	31120000	28570000
158	27550000	31120000	31120000	28570000
159	27560000	31110000	31110000	28570000
160	27550000	31110000	31110000	28560000
161	27540000	31110000	31110000	28560000
162	27550000	31100000	31100000	28560000
163	27550000	31120000	31120000	28570000
164	27550000	31110000	31110000	28560000
165	27540000	31110000	31110000	28560000
166	27550000	31120000	31120000	28570000
167	27540000	31110000	31110000	28560000
168	27540000	31110000	31110000	28560000
169	27540000	31110000	31110000	28560000
170	27550000	31120000	31120000	28580000
171	27550000	31110000	31110000	28570000
172	27550000	31120000	31120000	28570000
173	27550000	31120000	31110000	28560000
174	27550000	31120000	31120000	28570000
175	27550000	31110000	31120000	28570000
176	27540000	31110000	31100000	28570000
177	27550000	31110000	31120000	28570000
178	27550000	31120000	31120000	28570000
179	27540000	31120000	31120000	28560000
180	27540000	31110000	31120000	28570000
181	27540000	31110000	31110000	28570000
182	27540000	31110000	31110000	28560000
183	27540000	31120000	31110000	28560000
184	27540000	31120000	31120000	28570000
185	27550000	31120000	31120000	28570000
186	27550000	31110000	31110000	28570000
187	27550000	31110000	31110000	28570000
188	27560000	31110000	31110000	28570000
189	27540000	31110000	31110000	28560000
190	27560000	31110000	31110000	28560000
191	27590000	31120000	31120000	28570000
192	27560000	31120000	31110000	28570000
193	27550000	31110000	31110000	28560000
194	27540000	31120000	31110000	28560000
195	27550000	31110000	31120000	28560000
196	27550000	31110000	31120000	28570000
197	27550000	31110000	31110000	28560000
198	27550000	31110000	31110000	28570000
199	27550000	31120000	31120000	28570000
200	27540000	31110000	31110000	28560000
201	27540000	31110000	31110000	28560000
202	27550000	31110000	31110000	28570000
203	27540000	31110000	31110000	28570000
204	27550000	31100000	31110000	28560000
205	27540000	31110000	31110000	28560000
206	27540000	31120000	31120000	28570000
207	27550000	31120000	31120000	28570000
208	27540000	31140000	31120000	28570000
209	27540000	31110000	31110000	28570000
210	27540000	31110000	31100000	28560000
211	27540000	31110000	31110000	28560000
212	27550000	31110000	31120000	28570000
213	27540000	31100000	31100000	28560000
214	27540000	31120000	31120000	28570000
215	27540000	31120000	31120000	28570000
216	27540000	31110000	31110000	28570000
217	27550000	31110000	31110000	28570000
218	27540000	31110000	31110000	28560000
219	27540000	31110000	31110000	28570000
220	27550000	31110000	31110000	28570000
221	27550000	31120000	31120000	28570000
222	27540000	31120000	31120000	28570000
223	27550000	31110000	31110000	28570000
224	27550000	31110000	31110000	28560000
225	27550000	31110000	31110000	28560000
226	27540000	31110000	31110000	28570000
227	27550000	31110000	31110000	28560000
228	27550000	31120000	31120000	28570000
229	27540000	31120000	31110000	28570000
230	27540000	31120000	31120000	28570000
231	27560000	31120000	31120000	28570000
232	27540000	31110000	31110000	28560000
233	27550000	31110000	31130000	28560000
234	27550000	31120000	31120000	28570000
235	27550000	31120000	31120000	28570000
236	27550000	31120000	31120000	28570000
237	27540000	31120000	31120000	28560000
238	27550000	31110000	31110000	28570000
239	27550000	31110000	31110000	28570000
240	27540000	31110000	31120000	28560000
241	27540000	31120000	31110000	28560000
242	27540000	31100000	31100000	28550000
243	27540000	31110000	31110000	28570000
244	27540000	31110000	31120000	28570000
245	27530000	31100000	31100000	28560000
246	27540000	31110000	31110000	28560000
247	27540000	31110000	31110000	28560000
248	27540000	31110000	31110000	28560000
249	27540000	31110000	31110000	28570000
250	27550000	31110000	31120000	28570000
251	27540000	31120000	31120000	28560000
252	27540000	31110000	31110000	28560000
253	27550000	31110000	31110000	28570000
254	27550000	31110000	31110000	28570000
255	27540000	31120000	31140000	28560000
256	27550000	31110000	31110000	28570000
257	27550000	31110000	31110000	28560000
258	27540000	31110000	31120000	28570000
259	27550000	31120000	31120000	28570000
260	27550000	31110000	31110000	28570000
261	27540000	31110000	31110000	28560000
262	27540000	31110000	31110000	28560000
263	27540000	31110000	31110000	28570000
264	27550000	31110000	31110000	28570000
265	27540000	31110000	31110000	28570000
266	27550000	31110000	31120000	28570000
267	27540000	31120000	31120000	28570000
268	27550000	31120000	31110000	28570000
269	27540000	31110000	31110000	28560000
270	27550000	31110000	31110000	28560000
271	27550000	31110000	31130000	28570000
272	27550000	31120000	31110000	28570000
273	27550000	31110000	31110000	28570000
274	27540000	31120000	31120000	28560000
275	27550000	31120000	31120000	28570000
276	27560000	31120000	31120000	28580000
277	27540000	31110000	31110000	28560000
278	27540000	31120000	31110000	28560000
279	27540000	31120000	31120000	28560000
280	27550000	31120000	31120000	28560000
281	27540000	31150000	31110000	28560000
282	27550000	31110000	31120000	28570000
283	27540000	31110000	31110000	28560000
284	27540000	31110000	31110000	28570000
285	27540000	31110000	31110000	28560000
286	27550000	31120000	31110000	28570000
287	27540000	31110000	31110000	28570000
288	27550000	31140000	31120000	28570000
289	27550000	31120000	31120000	28570000
290	27540000	31120000	31120000	28560000
291	27540000	31120000	31120000	28570000
292	27540000	31110000	31100000	28560000
293	27540000	31110000	31110000	28570000
294	27550000	31110000	31110000	28570000
295	27550000	31110000	31120000	28570000
296	27550000	31120000	31120000	28570000
297	27540000	31110000	31110000	28570000
298	27550000	31120000	31120000	28570000
299	27550000	31110000	31110000	28570000
300	27540000	31110000	31110000	28560000
301	27550000	31120000	31120000	28560000
302	27550000	31120000	31120000	28570000
303	27540000	31120000	31120000	28570000
304	27550000	31120000	31120000	28560000
305	27530000	31110000	31100000	28560000
306	27540000	31110000	31110000	28560000
307	27540000	31110000	31110000	28560000
308	27540000	31110000	31110000	28560000
309	27540000	31110000	31110000	28570000
310	27550000	31110000	31110000	28560000
311	27550000	31110000	31110000	28570000
312	27550000	31110000	31110000	28560000
313	27550000	31120000	31120000	28570000
314	27540000	31120000	31110000	28560000
315	27550000	31150000	31120000	28570000
316	27550000	31120000	31120000	28570000
317	27540000	31120000	31120000	28560000
318	27550000	31120000	31120000	28570000
319	27550000	31110000	31120000	28570000
320	27540000	31110000	31110000	28560000
321	27550000	31110000	31110000	28570000
322	27550000	31110000	31120000	28570000
323	27540000	31110000	31110000	28560000
324	27540000	31120000	31120000	28570000
325	27550000	31120000	31120000	28570000
326	27540000	31120000	31110000	28560000
327	27550000	31120000	31120000	28560000
328	27540000	31120000	31120000	28580000
329	27540000	31120000	31120000	28570000
330	27540000	31110000	31120000	28560000
331	27540000	31110000	31110000	28570000
332	27540000	31110000	31110000	28560000
333	27540000	31110000	31110000	28560000
334	27550000	31110000	31110000	28570000
335	27540000	31120000	31120000	28560000
336	27550000	31110000	31110000	28560000
337	27550000	31110000	31110000	28560000
338	27540000	31110000	31110000	28570000
339	27540000	31110000	31110000	28560000
340	27540000	31110000	31110000	28560000
341	27540000	31110000	31110000	28570000
342	27550000	31120000	31110000	28570000
343	27540000	31110000	31110000	28560000
344	27540000	31110000	31110000	28570000
345	27540000	31100000	31100000	28560000
346	27540000	31100000	31100000	28560000
347	27540000	31110000	31110000	28560000
348	27540000	31120000	31110000	28560000
349	27550000	31120000	31120000	28570000
350	27550000	31120000	31120000	28570000
351	27540000	31110000	31110000	28560000
352	27540000	31120000	31120000	28570000
353	27540000	31110000	31110000	28560000
354	27550000	31110000	31110000	28570000
355	27540000	31120000	31120000	28570000
356	27540000	31100000	31110000	28560000
357	27540000	31120000	31120000	28570000
358	27540000	31110000	31110000	28560000
359	27540000	31110000	31100000	28560000
360	27540000	31110000	31110000	28570000
361	27540000	31110000	31110000	28560000
362	27540000	31110000	31110000	28570000
363	27540000	31110000	31110000	28560000
364	27540000	31110000	31110000	28560000
365	27540000	31120000	31120000	28570000
366	27540000	31110000	31110000	28560000
367	27540000	31110000	31110000	28560000
368	27530000	31100000	31100000	28550000
369	27550000	31110000	31110000	28560000
370	27540000	31120000	31120000	28560000
371	27540000	31120000	31120000	28570000
372	27540000	31110000	31110000	28560000
373	27540000	31120000	31120000	28560000
374	27540000	31110000	31110000	28560000
375	27540000	31110000	31110000	28560000
376	27540000	31110000	31110000	28550000
377	27540000	31110000	31110000	28570000
378	27540000	31100000	31100000	28560000
379	27540000	31110000	31110000	28560000
380	27550000	31110000	31110000	28570000
381	27530000	31100000	31110000	28550000
382	27540000	31110000	31110000	28560000
383	27530000	31110000	31110000	28550000
384	27540000	31110000	31110000	28550000
385	27540000	31100000	31100000	28550000
386	27530000	31110000	31110000	28560000
387	27540000	31110000	31110000	28560000
388	27550000	31100000	31100000	28560000
389	27540000	31110000	31110000	28560000
390	27540000	31100000	31100000	28550000
391	27540000	31110000	31120000	28560000
392	27540000	31120000	31120000	28570000
393	27540000	31110000	31110000	28560000
394	27530000	31100000	31100000	28560000
395	27540000	31110000	31110000	28570000
396	27540000	31110000	31110000	28560000
397	27540000	31110000	31110000	28550000
398	27540000	31110000	31110000	28560000
399	27550000	31110000	31110000	28560000
400	27550000	31110000	31110000	28570000
401	27550000	31110000	31110000	28560000
402	27540000	31110000	31120000	28560000
403	27550000	31120000	31110000	28570000
404	27550000	31110000	31110000	28570000
405	27540000	31120000	31110000	28570000
406	27540000	31120000	31120000	28560000
407	27550000	31120000	31110000	28570000
408	27540000	31110000	31110000	28560000
409	27540000	31110000	31110000	28560000
410	27540000	31110000	31110000	28570000
411	27530000	31110000	31110000	28560000
412	27540000	31120000	31120000	28570000
413	27550000	31120000	31120000	28570000
414	27530000	31110000	31110000	28560000
415	27550000	31100000	31100000	28560000
416	27540000	31110000	31110000	28560000
417	27550000	31120000	31120000	28570000
418	27550000	31110000	31110000	28570000
419	27550000	31110000	31110000	28560000
420	27550000	31110000	31110000	28570000
421	27540000	31110000	31110000	28560000
422	27550000	31110000	31110000	28560000
423	27540000	31110000	31110000	28560000
424	27540000	31120000	31120000	28570000
425	27540000	31120000	31120000	28570000
426	27540000	31110000	31110000	28560000
427	27540000	31110000	31110000	28560000
428	27540000	31110000	31110000	28560000
429	27550000	31110000	31110000	28570000
430	27540000	31110000	31110000	28570000
431	27540000	31110000	31110000	28570000
432	27550000	31120000	31110000	28570000
433	27530000	31110000	31100000	28560000
434	27540000	31110000	31050000	28560000
435	27540000	31110000	31120000	28570000
436	27540000	31100000	31100000	28560000
437	27540000	31110000	31110000	28560000
438	27550000	31110000	31110000	28560000
439	27540000	31110000	31110000	28570000
440	27540000	31100000	31100000	28560000
441	27550000	31120000	31120000	28560000
442	27540000	31110000	31110000	28560000
443	27530000	31110000	31110000	28560000
444	27540000	31110000	31110000	28560000
445	27530000	31110000	31110000	28560000
446	27540000	31110000	31120000	28570000
447	27550000	31120000	31120000	28570000
448	27540000	31110000	31110000	28570000
449	27540000	31110000	31110000	28560000
450	27540000	31110000	31110000	28560000
451	27550000	31110000	31110000	28560000
452	27540000	31110000	31110000	28560000
453	27550000	31110000	31110000	28570000
454	27540000	31110000	31110000	28560000
455	27550000	31120000	31120000	28560000
456	27550000	31100000	31100000	28570000
457	27540000	31110000	31110000	28570000
458	27550000	31110000	31110000	28560000
459	27540000	31100000	31100000	28560000
460	27540000	31110000	31110000	28560000
461	27540000	31120000	31120000	28560000
462	27540000	31110000	31110000	28560000
463	27540000	31110000	31110000	28560000
464	27540000	31110000	31110000	28560000
465	27540000	31120000	31120000	28570000
466	27550000	31110000	31110000	28570000
467	27530000	31110000	31110000	28550000
468	27540000	31110000	31100000	28560000
469	27540000	31110000	31110000	28560000
470	27550000	31110000	31120000	28560000
471	27540000	31110000	31110000	28570000
472	27550000	31100000	31100000	28570000
473	27540000	31110000	31110000	28570000
474	27540000	31110000	31110000	28560000
475	27540000	31110000	31110000	28560000
476	27550000	31110000	31110000	28570000
477	27550000	31110000	31110000	28570000
478	27540000	31110000	31110000	28560000
479	27540000	31110000	31110000	28560000
480	27550000	31110000	31110000	28570000
481	27550000	31120000	31120000	28570000
482	27540000	31110000	31110000	28560000
483	27540000	31120000	31120000	28580000
484	27540000	31110000	31110000	28570000
485	27550000	31110000	31110000	28560000
486	27540000	31110000	31110000	28560000
487	27540000	31120000	31120000	28570000
488	27540000	31110000	31120000	28570000
489	27540000	31120000	31110000	28560000
490	27540000	31110000	31110000	28560000
491	27540000	31100000	31100000	28560000
492	27530000	31110000	31110000	28560000
493	27540000	31120000	31110000	28570000
494	27540000	31110000	31110000	28570000
495	27540000	31110000	31110000	28560000
496	27540000	31110000	31110000	28560000
497	27530000	31110000	31100000	28560000
498	27540000	31110000	31110000	28560000
499	27540000	31110000	31110000	28560000

============================================================
# BITSTREAM: 100us_101etapas.bit
# VENTANA: 100us
# ETAPAS_PRINCIPAL: 101
# NUM_MUESTRAS: 500
# FORMATO: idx	freq1_hz	freq2_hz	freq3_hz	freq4_hz
============================================================
idx	freq1_hz	freq2_hz	freq3_hz	freq4_hz
0	8160000	9710000	8810000	8860000
1	8160000	9720000	8800000	8850000
2	8160000	9710000	8810000	8860000
3	8170000	9720000	8820000	8860000
4	8160000	9710000	8800000	8850000
5	8160000	9710000	8800000	8860000
6	8160000	9710000	8810000	8860000
7	8150000	9710000	8810000	8850000
8	8160000	9710000	8810000	8860000
9	8150000	9710000	8800000	8850000
10	8160000	9720000	8810000	8850000
11	8150000	9710000	8800000	8860000
12	8150000	9710000	8800000	8860000
13	8160000	9710000	8810000	8850000
14	8160000	9710000	8810000	8850000
15	8160000	9720000	8810000	8850000
16	8160000	9720000	8810000	8850000
17	8150000	9710000	8810000	8860000
18	8150000	9720000	8810000	8860000
19	8150000	9710000	8800000	8850000
20	8150000	9710000	8800000	8850000
21	8160000	9710000	8800000	8850000
22	8170000	9720000	8810000	8860000
23	8160000	9710000	8810000	8850000
24	8160000	9720000	8810000	8860000
25	8160000	9710000	8800000	8860000
26	8160000	9710000	8810000	8860000
27	8160000	9710000	8810000	8860000
28	8160000	9710000	8800000	8850000
29	8160000	9710000	8810000	8860000
30	8160000	9720000	8800000	8850000
31	8160000	9710000	8810000	8850000
32	8160000	9710000	8810000	8860000
33	8160000	9710000	8800000	8850000
34	8160000	9710000	8810000	8860000
35	8160000	9720000	8810000	8850000
36	8160000	9710000	8810000	8850000
37	8150000	9710000	8810000	8850000
38	8160000	9710000	8810000	8850000
39	8160000	9710000	8800000	8850000
40	8150000	9710000	8810000	8850000
41	8160000	9710000	8810000	8850000
42	8150000	9710000	8810000	8860000
43	8160000	9710000	8810000	8860000
44	8150000	9710000	8800000	8860000
45	8160000	9710000	8810000	8850000
46	8150000	9720000	8810000	8860000
47	8160000	9720000	8810000	8850000
48	8160000	9710000	8800000	8850000
49	8160000	9710000	8810000	8860000
50	8160000	9710000	8800000	8860000
51	8160000	9710000	8810000	8850000
52	8270000	9710000	8810000	8860000
53	8160000	9710000	8800000	8850000
54	8150000	9710000	8810000	8860000
55	8150000	9710000	8810000	8860000
56	8160000	9710000	8810000	8850000
57	8160000	9710000	8800000	8850000
58	8160000	9710000	8810000	8860000
59	8160000	9710000	8810000	8850000
60	8150000	9710000	8810000	8850000
61	8160000	9710000	8810000	8850000
62	8160000	9710000	8810000	8850000
63	8160000	9710000	8810000	8850000
64	8160000	9710000	8800000	8850000
65	8160000	9710000	8810000	8850000
66	8160000	9710000	8810000	8850000
67	8160000	9710000	8810000	8850000
68	8150000	9710000	8810000	8850000
69	8270000	9720000	8810000	8850000
70	8150000	9710000	8800000	8850000
71	8160000	9710000	8810000	8850000
72	8160000	9710000	8800000	8850000
73	8160000	9710000	8810000	8860000
74	8160000	9710000	8810000	8860000
75	8150000	9710000	8810000	8850000
76	8160000	9720000	8810000	8860000
77	8160000	9710000	8810000	8850000
78	8160000	9710000	8800000	8850000
79	8160000	9710000	8810000	8850000
80	8160000	9720000	8810000	8860000
81	8160000	9720000	8810000	8850000
82	8150000	9710000	8800000	8860000
83	8160000	9710000	8810000	8850000
84	8160000	9710000	8810000	8850000
85	8160000	9720000	8810000	8860000
86	8160000	9710000	8800000	8850000
87	8160000	9710000	8800000	8860000
88	8150000	9710000	8810000	8850000
89	8160000	9710000	8810000	8850000
90	8160000	9710000	8800000	8850000
91	8160000	9710000	8800000	8860000
92	8160000	9710000	8810000	8850000
93	8160000	9710000	8810000	8850000
94	8160000	9710000	8810000	8860000
95	8160000	9710000	8810000	8860000
96	8160000	9710000	8810000	8850000
97	8150000	9710000	8800000	8850000
98	8160000	9710000	8810000	8850000
99	8160000	9710000	8810000	8850000
100	8160000	9710000	8800000	8850000
101	8160000	9710000	8800000	8860000
102	8160000	9710000	8800000	8850000
103	8160000	9710000	8810000	8850000
104	8160000	9710000	8800000	8850000
105	8150000	9710000	8810000	8840000
106	8160000	9710000	8800000	8860000
107	8160000	9710000	8810000	8860000
108	8160000	9710000	8810000	8860000
109	8160000	9720000	8810000	8850000
110	8160000	9710000	8810000	8860000
111	8160000	9720000	8810000	8860000
112	8160000	9710000	8800000	8850000
113	8160000	9720000	8800000	8850000
114	8160000	9720000	8810000	8850000
115	8160000	9710000	8810000	8850000
116	8160000	9710000	8810000	8850000
117	8160000	9710000	8810000	8850000
118	8160000	9710000	8800000	8860000
119	8160000	9710000	8800000	8850000
120	8160000	9700000	8800000	8850000
121	8170000	9720000	8810000	8860000
122	8150000	9710000	8810000	8860000
123	8160000	9710000	8810000	8850000
124	8160000	9710000	8810000	8860000
125	8150000	9710000	8810000	8850000
126	8160000	9710000	8810000	8850000
127	8150000	9710000	8800000	8860000
128	8160000	9720000	8810000	8860000
129	8160000	9710000	8810000	8850000
130	8160000	9710000	8800000	8860000
131	8160000	9720000	8800000	8850000
132	8160000	9710000	8810000	8850000
133	8150000	9710000	8800000	8850000
134	8160000	9710000	8800000	8850000
135	8160000	9710000	8810000	8850000
136	8160000	9710000	8810000	8860000
137	8160000	9710000	8810000	8850000
138	8160000	9720000	8810000	8850000
139	8160000	9710000	8810000	8850000
140	8160000	9710000	8810000	8850000
141	8150000	9710000	8810000	8850000
142	8160000	9710000	8800000	8860000
143	8160000	9720000	8810000	8860000
144	8160000	9710000	8810000	8860000
145	8160000	9710000	8810000	8860000
146	8160000	9710000	8810000	8850000
147	8160000	9710000	8810000	8850000
148	8150000	9720000	8810000	8860000
149	8150000	9720000	8810000	8850000
150	8150000	9710000	8810000	8850000
151	8160000	9710000	8800000	8850000
152	8160000	9710000	8800000	8860000
153	8150000	9710000	8800000	8850000
154	8160000	9710000	8810000	8860000
155	8160000	9720000	8810000	8860000
156	8160000	9720000	8810000	8860000
157	8160000	9710000	8810000	8860000
158	8150000	9710000	8810000	8850000
159	8160000	9720000	8800000	8860000
160	8150000	9710000	8800000	8850000
161	8160000	9710000	8810000	8850000
162	8160000	9710000	8800000	8850000
163	8150000	9710000	8800000	8860000
164	8160000	9720000	8810000	8850000
165	8160000	9710000	8810000	8860000
166	8160000	9710000	8810000	8860000
167	8160000	9710000	8800000	8850000
168	8160000	9710000	8810000	8850000
169	8150000	9710000	8810000	8850000
170	8150000	9720000	8800000	8850000
171	8160000	9710000	8800000	8850000
172	8160000	9710000	8810000	8850000
173	8160000	9720000	8810000	8860000
174	8160000	9710000	8800000	8850000
175	8160000	9710000	8800000	8860000
176	8150000	9710000	8810000	8850000
177	8160000	9720000	8810000	8860000
178	8160000	9720000	8810000	8850000
179	8150000	9710000	8810000	8850000
180	8150000	9710000	8810000	8850000
181	8160000	9720000	8810000	8850000
182	8150000	9710000	8810000	8850000
183	8160000	9710000	8810000	8850000
184	8150000	9710000	8810000	8850000
185	8160000	9710000	8810000	8850000
186	8160000	9710000	8810000	8850000
187	8160000	9710000	8810000	8860000
188	8160000	9710000	8810000	8860000
189	8160000	9710000	8800000	8860000
190	8160000	9710000	8810000	8850000
191	8040000	9710000	8800000	8860000
192	8160000	9720000	8810000	8860000
193	8160000	9710000	8800000	8850000
194	8160000	9720000	8810000	8860000
195	8160000	9710000	8800000	8850000
196	8160000	9710000	8810000	8850000
197	8150000	9700000	8800000	8850000
198	8150000	9710000	8810000	8850000
199	8160000	9710000	8810000	8860000
200	8160000	9710000	8810000	8850000
201	8160000	9710000	8810000	8850000
202	8150000	9710000	8810000	8860000
203	8160000	9710000	8810000	8860000
204	8160000	9710000	8800000	8850000
205	8160000	9700000	8800000	8850000
206	8150000	9710000	8800000	8850000
207	8160000	9710000	8810000	8860000
208	8270000	9710000	8810000	8850000
209	8160000	9710000	8800000	8850000
210	8160000	9720000	8800000	8850000
211	8160000	9710000	8810000	8860000
212	8160000	9710000	8810000	8850000
213	8160000	9710000	8810000	8850000
214	8160000	9710000	8810000	8860000
215	8150000	9710000	8810000	8860000
216	8160000	9720000	8810000	8850000
217	8160000	9710000	8810000	8850000
218	8160000	9710000	8810000	8860000
219	8160000	9720000	8800000	8850000
220	8150000	9710000	8810000	8860000
221	8150000	9710000	8800000	8850000
222	8160000	9720000	8810000	8860000
223	8160000	9710000	8810000	8860000
224	8160000	9720000	8810000	8860000
225	8160000	9710000	8810000	8860000
226	8150000	9710000	8800000	8850000
227	8160000	9720000	8800000	8860000
228	8160000	9710000	8810000	8860000
229	8160000	9710000	8800000	8850000
230	8160000	9710000	8800000	8860000
231	8160000	9710000	8810000	8860000
232	8160000	9720000	8810000	8850000
233	8160000	9710000	8810000	8850000
234	8160000	9710000	8810000	8860000
235	8150000	9710000	8810000	8860000
236	8160000	9710000	8800000	8860000
237	8160000	9710000	8800000	8860000
238	8160000	9720000	8810000	8860000
239	8160000	9710000	8810000	8860000
240	8160000	9710000	8810000	8850000
241	8160000	9710000	8810000	8860000
242	8160000	9710000	8800000	8850000
243	8160000	9710000	8800000	8860000
244	8150000	9720000	8810000	8860000
245	8150000	9710000	8800000	8850000
246	8160000	9710000	8810000	8860000
247	8160000	9710000	8810000	8850000
248	8160000	9710000	8810000	8860000
249	8160000	9720000	8810000	8860000
250	8160000	9710000	8810000	8850000
251	8160000	9720000	8810000	8850000
252	8150000	9710000	8800000	8850000
253	8160000	9720000	8810000	8860000
254	8160000	9710000	8800000	8860000
255	8150000	9710000	8810000	8860000
256	8160000	9710000	8800000	8850000
257	8150000	9720000	8810000	8860000
258	8170000	9710000	8810000	8850000
259	8150000	9710000	8810000	8860000
260	8160000	9710000	8810000	8860000
261	8150000	9710000	8800000	8850000
262	8160000	9700000	8800000	8850000
263	8160000	9710000	8810000	8850000
264	8160000	9720000	8820000	8860000
265	8150000	9710000	8810000	8860000
266	8160000	9720000	8810000	8850000
267	8160000	9710000	8810000	8850000
268	8160000	9710000	8800000	8850000
269	8160000	9710000	8810000	8850000
270	8160000	9710000	8810000	8850000
271	8160000	9710000	8810000	8850000
272	8160000	9710000	8810000	8850000
273	8160000	9710000	8810000	8860000
274	8160000	9720000	8810000	8850000
275	8150000	9710000	8810000	8860000
276	8160000	9720000	8810000	8850000
277	8150000	9710000	8810000	8850000
278	8160000	9710000	8810000	8860000
279	8150000	9720000	8810000	8850000
280	8160000	9710000	8810000	8860000
281	8160000	9710000	8810000	8850000
282	8160000	9710000	8800000	8850000
283	8160000	9710000	8810000	8860000
284	8160000	9710000	8810000	8860000
285	8160000	9710000	8810000	8860000
286	8160000	9710000	8820000	8860000
287	8150000	9710000	8810000	8850000
288	8160000	9710000	8800000	8850000
289	8160000	9710000	8800000	8850000
290	8160000	9720000	8810000	8860000
291	8160000	9710000	8810000	8860000
292	8160000	9710000	8810000	8850000
293	8150000	9710000	8800000	8860000
294	8160000	9710000	8810000	8860000
295	8160000	9710000	8810000	8850000
296	8150000	9710000	8810000	8850000
297	8270000	9710000	8800000	8850000
298	8150000	9710000	8800000	8850000
299	8150000	9710000	8810000	8860000
300	8150000	9710000	8810000	8860000
301	8160000	9720000	8810000	8860000
302	8160000	9710000	8800000	8850000
303	8160000	9710000	8800000	8850000
304	8160000	9710000	8810000	8850000
305	8160000	9720000	8800000	8850000
306	8160000	9710000	8810000	8850000
307	8160000	9710000	8810000	8860000
308	8160000	9710000	8810000	8850000
309	8160000	9710000	8810000	8850000
310	8160000	9710000	8800000	8850000
311	8160000	9710000	8800000	8860000
312	8160000	9710000	8810000	8850000
313	8160000	9720000	8810000	8860000
314	8160000	9710000	8800000	8850000
315	8160000	9720000	8810000	8850000
316	8160000	9710000	8800000	8850000
317	8160000	9710000	8800000	8860000
318	8160000	9710000	8800000	8860000
319	8160000	9710000	8810000	8860000
320	8160000	9710000	8800000	8860000
321	8160000	9710000	8810000	8850000
322	8160000	9710000	8810000	8860000
323	8160000	9710000	8800000	8860000
324	8150000	9710000	8810000	8850000
325	8160000	9720000	8810000	8860000
326	8160000	9710000	8800000	8850000
327	8160000	9710000	8810000	8860000
328	8160000	9710000	8800000	8860000
329	8160000	9720000	8810000	8860000
330	8160000	9710000	8810000	8860000
331	8160000	9710000	8800000	8850000
332	8150000	9710000	8810000	8860000
333	8160000	9710000	8810000	8850000
334	8160000	9710000	8810000	8860000
335	8150000	9710000	8800000	8850000
336	8150000	9710000	8810000	8860000
337	8270000	9710000	8810000	8860000
338	8160000	9710000	8810000	8860000
339	8150000	9710000	8810000	8850000
340	8160000	9710000	8810000	8850000
341	8150000	9720000	8800000	8850000
342	8160000	9710000	8810000	8850000
343	8160000	9710000	8810000	8860000
344	8150000	9720000	8810000	8850000
345	8160000	9710000	8810000	8850000
346	8150000	9710000	8800000	8860000
347	8160000	9710000	8810000	8860000
348	8150000	9710000	8810000	8850000
349	8160000	9710000	8810000	8850000
350	8150000	9710000	8810000	8850000
351	8160000	9710000	8810000	8860000
352	8160000	9710000	8800000	8850000
353	8160000	9710000	8810000	8860000
354	8160000	9720000	8800000	8850000
355	8150000	9710000	8810000	8860000
356	8160000	9710000	8810000	8850000
357	8150000	9710000	8810000	8840000
358	8160000	9710000	8800000	8860000
359	8150000	9710000	8810000	8850000
360	8160000	9720000	8810000	8850000
361	8160000	9720000	8800000	8850000
362	8160000	9710000	8800000	8850000
363	8160000	9710000	8810000	8860000
364	8160000	9710000	8810000	8860000
365	8150000	9710000	8800000	8850000
366	8160000	9710000	8810000	8850000
367	8160000	9710000	8810000	8860000
368	8160000	9720000	8800000	8850000
369	8150000	9720000	8810000	8850000
370	8160000	9720000	8810000	8850000
371	8160000	9720000	8810000	8860000
372	8150000	9710000	8810000	8850000
373	8160000	9720000	8810000	8850000
374	8150000	9710000	8810000	8850000
375	8160000	9710000	8810000	8860000
376	8160000	9710000	8810000	8850000
377	8160000	9710000	8800000	8850000
378	8160000	9720000	8810000	8850000
379	8160000	9710000	8810000	8850000
380	8160000	9710000	8800000	8860000
381	8160000	9710000	8800000	8850000
382	8150000	9710000	8800000	8860000
383	8160000	9710000	8810000	8850000
384	8160000	9720000	8810000	8850000
385	8160000	9710000	8810000	8850000
386	8150000	9710000	8810000	8850000
387	8160000	9720000	8800000	8860000
388	8160000	9720000	8800000	8850000
389	8150000	9710000	8800000	8850000
390	8160000	9710000	8810000	8850000
391	8160000	9720000	8800000	8850000
392	8160000	9710000	8800000	8850000
393	8160000	9710000	8810000	8850000
394	8160000	9720000	8810000	8850000
395	8160000	9710000	8800000	8860000
396	8150000	9710000	8800000	8850000
397	8160000	9720000	8810000	8860000
398	8160000	9710000	8810000	8860000
399	8160000	9710000	8810000	8850000
400	8160000	9710000	8810000	8840000
401	8160000	9710000	8800000	8850000
402	8160000	9720000	8810000	8850000
403	8160000	9710000	8810000	8860000
404	8160000	9710000	8810000	8850000
405	8160000	9710000	8800000	8850000
406	8160000	9710000	8810000	8840000
407	8160000	9710000	8800000	8850000
408	8150000	9710000	8810000	8850000
409	8160000	9720000	8810000	8850000
410	8160000	9710000	8800000	8850000
411	8160000	9710000	8810000	8850000
412	8150000	9710000	8800000	8850000
413	8160000	9710000	8810000	8850000
414	8160000	9720000	8810000	8850000
415	8150000	9710000	8810000	8850000
416	8160000	9720000	8810000	8850000
417	8150000	9710000	8810000	8850000
418	8150000	9710000	8810000	8850000
419	8160000	9710000	8800000	8850000
420	8160000	9710000	8810000	8860000
421	8160000	9720000	8810000	8860000
422	8160000	9720000	8810000	8850000
423	8170000	9720000	8810000	8850000
424	8160000	9710000	8810000	8860000
425	8160000	9710000	8810000	8860000
426	8150000	9710000	8800000	8860000
427	8160000	9710000	8810000	8850000
428	8160000	9710000	8810000	8860000
429	8160000	9710000	8800000	8860000
430	8160000	9720000	8810000	8850000
431	8160000	9710000	8810000	8850000
432	8160000	9710000	8800000	8850000
433	8160000	9710000	8800000	8850000
434	8150000	9710000	8800000	8860000
435	8160000	9710000	8810000	8850000
436	8160000	9710000	8810000	8850000
437	8160000	9710000	8810000	8850000
438	8160000	9720000	8810000	8850000
439	8160000	9710000	8800000	8850000
440	8160000	9710000	8810000	8850000
441	8160000	9710000	8800000	8850000
442	8160000	9710000	8800000	8850000
443	8160000	9710000	8810000	8850000
444	8160000	9710000	8810000	8850000
445	8160000	9710000	8800000	8860000
446	8160000	9710000	8800000	8850000
447	8160000	9710000	8810000	8850000
448	8160000	9710000	8810000	8860000
449	8170000	9720000	8810000	8860000
450	8150000	9710000	8810000	8850000
451	8160000	9710000	8800000	8850000
452	8150000	9710000	8810000	8850000
453	8160000	9710000	8810000	8850000
454	8150000	9710000	8800000	8860000
455	8040000	9710000	8810000	8860000
456	8160000	9710000	8810000	8850000
457	8150000	9710000	8810000	8850000
458	8150000	9710000	8800000	8860000
459	8160000	9710000	8810000	8850000
460	8160000	9710000	8800000	8850000
461	8160000	9710000	8810000	8860000
462	8150000	9710000	8810000	8850000
463	8150000	9710000	8810000	8850000
464	8160000	9720000	8800000	8860000
465	8160000	9710000	8810000	8850000
466	8160000	9710000	8810000	8850000
467	8160000	9710000	8800000	8850000
468	8160000	9710000	8800000	8850000
469	8160000	9720000	8810000	8860000
470	8160000	9710000	8800000	8850000
471	8160000	9710000	8810000	8860000
472	8160000	9710000	8800000	8850000
473	8160000	9710000	8810000	8860000
474	8160000	9710000	8800000	8850000
475	8160000	9710000	8810000	8860000
476	8160000	9710000	8810000	8850000
477	8160000	9720000	8810000	8840000
478	8160000	9710000	8810000	8860000
479	8160000	9720000	8810000	8860000
480	8160000	9710000	8810000	8860000
481	8160000	9710000	8810000	8860000
482	8160000	9710000	8810000	8860000
483	8160000	9710000	8810000	8850000
484	8150000	9710000	8810000	8860000
485	8150000	9710000	8800000	8850000
486	8160000	9710000	8810000	8850000
487	8160000	9710000	8810000	8860000
488	8160000	9710000	8810000	8860000
489	8160000	9720000	8800000	8860000
490	8160000	9710000	8810000	8850000
491	8150000	9710000	8810000	8860000
492	8160000	9710000	8810000	8850000
493	8160000	9710000	8810000	8850000
494	8160000	9710000	8800000	8850000
495	8150000	9710000	8810000	8850000
496	8160000	9710000	8810000	8850000
497	8160000	9710000	8810000	8860000
498	8160000	9710000	8800000	8850000
499	8160000	9710000	8810000	8850000
