# CAPTURA AUTOMATICA MULTIBITSTREAM
# Puerto serie: COM7
# Baudrate: 115200
# Muestras por bitstream: 500
# Orden: 100ms -> 10ms -> 1ms -> 100us ; etapas 3, 5, 51, 101

============================================================
# BITSTREAM: 100ms_3etapas.bit
# VENTANA: 100ms
# ETAPAS_PRINCIPAL: 3
# NUM_MUESTRAS: 500
# FORMATO: idx	freq1_hz	freq2_hz	freq3_hz	freq4_hz
============================================================
idx	freq1_hz	freq2_hz	freq3_hz	freq4_hz
0	33545400	54516930	34355120	34355110
1	33542140	44027900	34353190	34353190
2	33542620	33542620	34356510	34356510
3	33547980	65005250	34358420	34358420
4	33550350	54521870	34360220	34360220
5	33546400	44032160	34357820	34357830
6	33547010	33547020	34357980	34357970
7	33546850	65004120	34359980	34357220
8	33551150	54522680	34357600	34357600
9	33551270	44037030	34359100	34359100
10	33544590	44031910	34356110	34356110
11	33546010	75489050	34356370	34356370
12	33546240	54517750	34356890	34356890
13	33548770	44034530	34357100	34357100
14	33545750	33545760	34358240	34358240
15	33544020	65001290	34356560	34356560
16	33546930	54518450	34356020	34356020
17	33546060	44031820	34356950	34356950
18	33545470	33545470	34357240	34357240
19	33547230	65004510	34357150	34357150
20	33548020	54519540	34357700	34357700
21	33546320	44032080	34355950	34355950
22	33546550	33546550	34356150	34356150
23	33544330	65001610	34355810	34355810
24	33545040	54516570	34355430	34355430
25	33545780	44031530	34355610	34355610
26	33545050	33545050	34354440	34354440
27	33543210	75486250	34355600	34355600
28	33539260	54510780	34353450	34353450
29	33540040	44025810	34354080	34354080
30	33542740	33542730	34355210	34355210
31	33542640	64999920	34355710	34355710
32	33544690	54516220	34356200	34356210
33	33542200	44027950	34357360	34357360
34	33541640	33541640	34354240	34354240
35	33545190	65002470	34356930	34356920
36	33542700	54514220	34353970	34353970
37	33547790	44033550	34357650	34357650
38	33552130	33552140	34360270	34360280
39	33553800	65011070	34360270	34360260
40	33551270	54522800	34358140	34358150
41	33547690	44033450	34356960	34356950
42	33548990	33548980	34358920	34358920
43	33550180	65007460	34360960	34360960
44	33545790	54517310	34358740	34358740
45	33546710	44032480	34357540	34357550
46	33542670	33542660	34355370	34355360
47	33542440	64999720	34354020	34354020
48	33541080	54512600	34353590	34353600
49	33540310	44026070	34354760	34354750
50	33540280	33540280	34354530	34354530
51	33536130	64993420	34352840	34352840
52	33535820	54507330	34351150	34351150
53	33536720	44022490	34351510	34351510
54	33540860	33540850	34351880	34351880
55	33538180	64995470	34352750	34352760
56	33538360	54509870	34350730	34350720
57	33538170	44023930	34350850	34350850
58	33539970	33539980	34353350	34353350
59	33543470	75486510	34355610	34355610
60	33540390	54511900	34353310	34353310
61	33544760	44030520	34356920	34356920
62	33548270	33548270	34359930	34359930
63	33546360	65003640	34359140	34359140
64	33542230	54513760	34356930	34356930
65	33539710	44025460	34355760	34355760
66	33541830	33541830	34356030	34356030
67	33543150	65000430	34355780	34355780
68	33546740	44032500	34355660	34355660
69	33542830	44028600	34353340	34353350
70	33542470	33542460	34353970	34353970
71	33545140	75488220	34356210	34356200
72	33539370	54510890	34349230	34349230
73	33535460	54507150	34348440	34348440
74	33537410	33537410	34348960	34348960
75	33538250	64995520	34351120	34351120
76	33537200	54508720	34349240	34349240
77	33536140	44021900	34348370	34348370
78	33536620	44022220	34348280	34348280
79	33536910	64994190	34348130	34348130
80	33538500	54510020	34349230	34349230
81	33536780	44022540	34349120	34349120
82	33538790	33538790	34350360	34350360
83	33539010	64996290	34349900	34349900
84	33539880	54511410	34352730	34352730
85	33538740	44024490	34351240	34351240
86	33539500	33539500	34351840	34351840
87	33540300	64997580	34352360	34352360
88	33545150	54516670	34354910	34354910
89	33541500	44027260	34350770	34350780
90	33536550	33536550	34351870	34351870
91	33539290	64996580	34354550	34354540
92	33541940	54513450	34356000	34356010
93	33541570	44027330	34356280	34356280
94	33536070	33536070	34353490	34353480
95	33538580	64995860	34354840	34354840
96	33539790	54511310	34354910	34354910
97	33537450	44023220	34353700	34353700
98	33538490	33538490	34353920	34353920
99	33539040	64996310	34353370	34353370
100	33541130	54512660	34355050	34355050
101	33545170	44030920	34355970	34355970
102	33541460	2084190	34354100	34354100
103	33541990	64999260	34356510	34356510
104	33541250	54512770	34356380	34356390
105	33539740	44025510	34355230	34355220
106	33540210	33540210	34354320	34354370
107	33540820	64998090	34353550	34353540
108	33542960	54514480	34354430	34354430
109	33541330	44027090	34352380	34352380
110	33541390	44027090	34353450	34353450
111	33538420	75481460	34352500	34352500
112	33538270	54509790	34352990	34352990
113	33536210	44021980	34351520	34351520
114	33538400	33538390	34353450	34353450
115	33537870	64995150	34350590	34350600
116	33540020	54511550	34352690	34352680
117	33540950	44026700	34352880	34352890
118	33540490	33540490	34351970	34351970
119	33535470	64992760	34350050	34350040
120	33535980	54507490	34350860	34350870
121	33538080	44023850	34352200	34352190
122	33539290	33539280	34352000	34352000
123	33540530	64997820	34351390	34351400
124	33542630	54514140	34352330	34352320
125	33542280	44028040	34354410	34354410
126	33542580	33542580	34354600	34354600
127	33537740	64995020	34350890	34350890
128	33535130	54506650	34349400	34349400
129	33540000	44025770	34352880	34352880
130	33540790	33540780	34355070	34355070
131	33539680	75482720	34353880	34353880
132	33539360	54510880	34354040	34354040
133	33536880	44022650	34353060	34353060
134	33535570	33535560	34352170	34352170
135	33538070	64995360	34350810	34350810
136	33540520	54512040	34353420	34353420
137	33539260	44025010	34353030	34353030
138	33541460	33541470	34356610	34356610
139	33535000	64992270	34353050	34353050
140	33537430	54508950	34353280	34353280
141	33535600	44021360	34352300	34352300
142	33537450	33537460	34353620	34353620
143	33539690	64996960	34354830	34354830
144	33541440	54512960	34354690	34354690
145	33540290	44026050	34353700	34353700
146	33536500	33536500	34353130	34353140
147	33533710	64991000	34351220	34351210
148	33531800	54503310	34350930	34350930
149	33529960	44015720	34349930	34349930
150	33532580	33532590	34351460	34351470
151	33533090	64990360	34352270	34352260
152	33533650	54505170	34352850	34352850
153	33531450	44017220	34352760	34352760
154	33531700	33531690	34352680	34352680
155	33533590	64990870	34353040	34353040
156	33531700	54503230	34352290	34352300
157	33530220	44015970	34350720	34350710
158	33533500	33533500	34352650	34352660
159	33534880	64992170	34352560	34352550
160	33536490	54508010	34352450	34352450
161	33534250	44020010	34351260	34351270
162	33533240	33533230	34351890	34351880
163	33534840	64992130	34353570	34353570
164	33536680	64993960	34355700	34355700
165	33534550	44020310	34352540	34352540
166	33532020	33532010	34350410	34350410
167	33533710	64991000	34353110	34353110
168	33531760	54503270	34350730	34350730
169	33533420	44019180	34351290	34351290
170	33529990	33529990	34349880	34349880
171	33531470	64988750	34351300	34351300
172	33535880	54507400	34352700	34352700
173	33537190	54508720	34354740	34354750
174	33536460	33536450	34353380	34353380
175	33532300	64989580	34350760	34350750
176	33535270	54506800	34352390	34352390
177	33532200	44017960	34351660	34351660
178	33533910	33533910	34351400	34351400
179	33531070	64988350	34350440	34350440
180	33534220	54505740	34351970	34351970
181	33534060	44019820	34352230	34352230
182	33534060	33534050	34350890	34350890
183	33531900	64989180	34351850	34351850
184	33531510	54503030	34351290	34351290
185	33534370	44020140	34352130	34352130
186	33530840	33530840	34351410	34351410
187	33533700	64990970	34352350	34352350
188	33527840	44013610	34347750	34347750
189	33530380	44016130	34350960	34350960
190	33529940	33529940	34349820	34349820
191	33528470	64985760	34348190	34348190
192	33532300	54503810	34351270	34351270
193	33529970	44015740	34350310	34350310
194	33528280	33528270	34349970	34349980
195	33531410	64988690	34350820	34350810
196	33529190	54500720	34348800	34348810
197	33529170	44014930	34348770	34348770
198	33526360	44015240	34348160	34348150
199	33530510	64987780	34350720	34350720
200	33531880	54503400	34350650	34350650
201	33534130	54505660	34352090	34352090
202	33533520	33533520	34352420	34352420
203	33533780	64991060	34351800	34351810
204	33534070	54505590	34350510	34350500
205	33532200	44017950	34347760	34347760
206	33527690	33527690	34344770	34344770
207	33529540	64986820	34347620	34347620
208	33529770	54501290	34346220	34346220
209	33531510	44017270	34347730	34347730
210	33530640	33530650	34348040	34348040
211	33531830	64989100	34349740	34349740
212	33529040	64986520	34345170	34345170
213	33530810	44016570	34348050	34348050
214	33530970	33530970	34347750	34347750
215	33531880	64989160	34347630	34347630
216	33533360	54504880	34348750	34348750
217	33533440	44019200	34349390	34349390
218	33536370	33536370	34353110	34353110
219	33536020	64993310	34352890	34352890
220	33533990	54505500	34350630	34350630
221	33533770	44019530	34352440	34352440
222	33532310	33532310	34352620	34352620
223	33532310	64989590	34350640	34350640
224	33539170	54510700	34355510	34355510
225	33536750	44022500	34352110	34352110
226	33533700	33533700	34349180	34349180
227	33526900	64984180	34345810	34345810
228	33526170	54497700	34343780	34343780
229	33525290	44011050	34343030	34343040
230	33527580	33527570	34345770	34345770
231	33525800	64983080	34342620	34342610
232	33526640	54498160	34345390	34345390
233	33528680	44014440	34345770	34345770
234	33526480	33526480	34346290	34346290
235	33527160	64984440	34346380	34346390
236	33531330	54502850	34347930	34347930
237	33530670	44016440	34346950	34346940
238	33531450	33531450	34345310	34345310
239	33528330	64985600	34342850	34342860
240	33528370	54499890	34344070	34344060
241	33533220	44018980	34347820	34347820
242	33528400	33528400	34344940	34344940
243	33528560	64985840	34345320	34345320
244	33527980	54499510	34346450	34346450
245	33531490	44017250	34347110	34347110
246	33534760	33534750	34348900	34348900
247	33532990	64990270	34347310	34347310
248	33534380	54505900	34348710	34348710
249	33530190	44015950	34346630	34346630
250	33528190	33528200	34345510	34345510
251	33528270	64985540	34345920	34345930
252	33530010	54501530	34347150	34347140
253	33533590	44019350	34350100	34350110
254	33535030	33535040	34350910	34350900
255	33531200	64988480	34351200	34351200
256	33528650	54500160	34348610	34348610
257	33529290	44015060	34351200	34351200
258	33532380	33532370	34351850	34351850
259	33527970	64985250	34347120	34347120
260	33528210	54499730	34345600	34345600
261	33532000	44017760	34349480	34349480
262	33533030	33533030	34351590	34351590
263	33531430	64988710	34350680	34350680
264	33533700	54505220	34352220	34352220
265	33536720	44022480	34352560	34352560
266	33535240	33535240	34352460	34352460
267	33531920	64989200	34352220	34352220
268	33527330	54498860	34350310	34350310
269	33529620	54501130	34349260	34349260
270	33531650	33531650	34346170	34346170
271	33529440	64986730	34345170	34345170
272	33530530	54502040	34346610	34346610
273	33531010	44016770	34345520	34345520
274	33527690	33527700	34345670	34345670
275	33530620	64987890	34345540	34345540
276	33533500	54505030	34347470	34347470
277	33537890	44023650	34349130	34349130
278	33536490	33536490	34349150	34349150
279	33535030	64992300	34347260	34347270
280	33538190	54509710	34347150	34347140
281	33535610	44021380	34345990	34345990
282	33535510	33535500	34347960	34347960
283	33537190	64994480	34348660	34348660
284	33537370	54508890	34349210	34349210
285	33537850	44023600	34347280	34347280
286	33536190	33536190	34347540	34347540
287	33540970	64998260	34349300	34349300
288	33539790	54511300	34349730	34349730
289	33538110	44023870	34349930	34349930
290	33535500	33535500	34348980	34348980
291	33532360	64989640	34346280	34346280
292	33530730	54502250	34346670	34346670
293	33529700	44015460	34348200	34348200
294	33534590	33534590	34350460	34350470
295	33534010	64991290	34347760	34347750
296	33534300	54505830	34348000	34348000
297	33535620	44021370	34349260	34349260
298	33533400	33533410	34347170	34347170
299	33536360	64993630	34348930	34348930
300	33534940	54506470	34348940	34348940
301	33535690	44021440	34349650	34349650
302	33535670	33535670	34350930	34350930
303	33534100	64991380	34348770	34348770
304	33531490	64988770	34346890	34346890
305	33530780	44016540	34347460	34347460
306	33536000	33536000	34349640	34349640
307	33537320	64994600	34350120	34350120
308	33532120	54503640	34347990	34347990
309	33535320	44021080	34351040	34351040
310	33532810	33532810	34349170	34349170
311	33531330	64988610	34345550	34345550
312	33531670	54503200	34346160	34346160
313	33533110	44018860	34347820	34347820
314	33533680	33533690	34349050	34349050
315	33535920	64993190	34351700	34351710
316	33537260	54508780	34351400	34351390
317	33534130	44019900	34349350	34349350
318	33536100	23050330	34348930	34348930
319	33534700	64991980	34348930	34348930
320	33532410	54503930	34347230	34347230
321	33534670	44020430	34347130	34347130
322	33531520	2074410	34345790	34345790
323	33530120	64987390	34344620	34344630
324	33530890	54502410	34345930	34345920
325	33537470	44023240	34352400	34352400
326	33537540	44023250	34354160	34354170
327	33539000	64996280	34353500	34353500
328	33535790	54507310	34352250	34352240
329	33537660	54509180	34352950	34352950
330	33540310	33540320	34353410	34353410
331	33541210	64998480	34354620	34354620
332	33545490	54517010	34357880	34357880
333	33541870	44027630	34356360	34356360
334	33543010	33543010	34356050	34356050
335	33539810	64997100	34352970	34352970
336	33536600	54508110	34352650	34352650
337	33535960	44021730	34351310	34351310
338	33539080	33539080	34351920	34351920
339	33541200	64998470	34353800	34353800
340	33539290	54510820	34353740	34353740
341	33538250	44024000	34353920	34353920
342	33539410	33539420	34354410	34354410
343	33540730	64998000	34355920	34355920
344	33543760	65001850	34358100	34358100
345	33540840	44026590	34356650	34356650
346	33537090	33537090	34354720	34354720
347	33538860	64996140	34354790	34354790
348	33535150	54506670	34352280	34352280
349	33540770	44026530	34354230	34354230
350	33540560	33540560	34355420	34355430
351	33542280	64999570	34355910	34355900
352	33539990	54511500	34353160	34353160
353	33534850	44020620	34351520	34351520
354	33533950	33533940	34350470	34350470
355	33532880	64990170	34349460	34349460
356	33535760	54507280	34352920	34352920
357	33534100	44019860	34350450	34350450
358	33530030	33530020	34345750	34345760
359	33532410	64988370	34347260	34347250
360	33530280	54501800	34348630	34348630
361	33531640	44017410	34349210	34349210
362	33526490	33526490	34346520	34346520
363	33529250	64986520	34348040	34348040
364	33530420	54501950	34347770	34347770
365	33527340	44013090	34346420	34346420
366	33526890	33526900	34345350	34345360
367	33529430	64986710	34347910	34347900
368	33526190	54497700	34344140	34344140
369	33525740	44011500	34343000	34343000
370	33526010	33526010	34342340	34342340
371	33526710	64983990	34343740	34343740
372	33523930	54495450	34343700	34343700
373	33525310	44011070	34342930	34342930
374	33527940	44005950	34345440	34345440
375	33529720	64986990	34343790	34343790
376	33528660	54500190	34343510	34343510
377	33530090	44015840	34345700	34345700
378	33530760	33530760	34345350	34345350
379	33534540	64991820	34347270	34347270
380	33534710	54506240	34348290	34348300
381	33529370	44015120	34346170	34346160
382	33535140	33535140	34349530	34349530
383	33536400	64993680	34347820	34347820
384	33535700	54507220	34346060	34346060
385	33538220	44023980	34347290	34347290
386	33535290	33535290	34347240	34347240
387	33537120	64994400	34347970	34347970
388	33536200	44021960	34348130	34348140
389	33535120	44020880	34348630	34348620
390	33534700	33534700	34348740	34348740
391	33531070	64988350	34345490	34345490
392	33528440	54499960	34344700	34344700
393	33530540	44016310	34344890	34344890
394	33534160	33534160	34346530	34346530
395	33537030	64994300	34349060	34349070
396	33535760	54507280	34346870	34346860
397	33537150	44022920	34346300	34346300
398	33535980	33535970	34344830	34344830
399	33529300	64986580	34341720	34341720
400	33530970	54502500	34345090	34345090
401	33533720	44019470	34347080	34347080
402	33530440	33530440	34345560	34345570
403	33530510	64987800	34344640	34344630
404	33532710	54504220	34345860	34345870
405	33533830	44019590	34346320	34346310
406	33534580	33534580	34346470	34346470
407	33532810	64990090	34346110	34346110
408	33531820	54503340	34345530	34345530
409	33539300	44025060	34350110	34350120
410	33534770	33534770	34346020	34346010
411	33534600	64991880	34345540	34345550
412	33534640	64991880	34344050	34364480
413	33535250	44021010	34344920	34344880
414	33531980	33531980	34342040	34342040
415	33535300	75478340	34345270	34345270
416	33535370	54506900	34346450	34346460
417	33538790	44024540	34348640	34348630
418	33538070	33538070	34350140	34350150
419	33542310	64999600	34352450	34352440
420	33537330	54508840	34349170	34349170
421	33536160	44021920	34348310	34348310
422	33533940	33533950	34347670	34347670
423	33536210	64993480	34347830	34347830
424	33534430	54505960	34345660	34345670
425	33536750	44022500	34346740	34346740
426	33534710	44020270	34345970	34345960
427	33532900	64990180	34346240	34346240
428	33531670	54503190	34347410	34347410
429	33535210	44020970	34348500	34348500
430	33537270	23051510	34347220	34347220
431	33535510	64992790	34347920	34347920
432	33535920	54507450	34348930	34348930
433	33534800	44020550	34347560	34347570
434	33535070	33535070	34349660	34349650
435	33534830	64992120	34349270	34349270
436	33535920	54507430	34349860	34349860
437	33532340	44018100	34344960	34344960
438	33531920	2074640	34346090	34346090
439	33532400	64989680	34347570	34347570
440	33526680	54498200	34345530	34345530
441	33526360	44012120	34342810	34342810
442	33526950	33526950	34342750	34342750
443	33528820	64986100	34346630	34346630
444	33528640	54500160	34345980	34345980
445	33531890	44017650	34348260	34348260
446	33537170	33537170	34350720	34350720
447	33537160	64994440	34351520	34351520
448	33534760	54506280	34350510	34350510
449	33534360	44020130	34349560	34349570
450	33533670	33533670	34350540	34350530
451	33537140	64994410	34350860	34350860
452	33533410	54504930	34348070	34348070
453	33531690	44017460	34346590	34346590
454	33536290	33536280	34350570	34350570
455	33534060	64991340	34349330	34349330
456	33536760	54508290	34350250	34350250
457	33533440	54504950	34349470	34349470
458	33534890	23049130	34350380	34350380
459	33536620	64993900	34349890	34349890
460	33532780	64990060	34350140	34350150
461	33533790	44019550	34351840	34351830
462	33531380	33531380	34349750	34349750
463	33532850	64990140	34351430	34351430
464	33534280	64991430	34351130	34351140
465	33531900	44017660	34350460	34350450
466	33531410	33531410	34349270	34349270
467	33536950	64994230	34352460	34352460
468	33536150	54507670	34351390	34351390
469	33531810	44017570	34350170	34350170
470	33531860	33531860	34350290	34350290
471	33533710	64990990	34352410	34352410
472	33534350	54505880	34352020	34352030
473	33533950	44019710	34353160	34353150
474	33533190	33533180	34351730	34351730
475	33533290	64990570	34350010	34350010
476	33536200	54507720	34351010	34351010
477	33530130	44015890	34348450	34348450
478	33530640	33530640	34348210	34348210
479	33532560	64989840	34348800	34348800
480	33534760	54506290	34350220	34350230
481	33534370	44020120	34349120	34349110
482	33536900	33536900	34351940	34351940
483	33540480	64997760	34355130	34355130
484	33538880	54510400	34354980	34354980
485	33540300	44026060	34355210	34355210
486	33540230	33540230	34356540	34356540
487	33538780	64996070	34354130	34354130
488	33535580	54507090	34350320	34350320
489	33535440	44021200	34351000	34351000
490	33535370	33535370	34352590	34352590
491	33538690	64995970	34353000	34353000
492	33537020	64994300	34352100	34352110
493	33535310	44021070	34351990	34351980
494	33537130	33537130	34351690	34351690
495	33538590	64995870	34353190	34353190
496	33535880	54507400	34351760	34351760
497	33536920	44022690	34353420	34353420
498	33539480	33539470	34354050	34354050
499	33535260	64992550	34352790	34352790

============================================================
# BITSTREAM: 100ms_5etapas.bit
# VENTANA: 100ms
# ETAPAS_PRINCIPAL: 5
# NUM_MUESTRAS: 500
# FORMATO: idx	freq1_hz	freq2_hz	freq3_hz	freq4_hz
============================================================
idx	freq1_hz	freq2_hz	freq3_hz	freq4_hz
0	33554430	33549310	33554430	33554430
1	33558280	33558290	33558290	33558290
2	33555000	33549870	33554990	33554990
3	33554530	33549410	33554530	33554530
4	33553310	33548190	33553310	33553310
5	33556620	33556620	33556620	33556620
6	33555660	33550540	33555660	33555660
7	33555220	33550110	33555230	33555230
8	33554830	33549700	33554820	33554820
9	33550140	33550140	33550140	33550140
10	33550450	33550460	33550460	33550460
11	33550500	33550490	33550490	33550490
12	33550010	33550010	33550010	33550010
13	33552970	33547850	33552970	33552970
14	33552750	33547630	33552750	33553070
15	33556330	33551220	33556340	33556340
16	33553620	33548490	33553610	33553610
17	33552780	33547660	33552780	33553110
18	33549960	33549960	33549960	33549950
19	33552080	33546960	33552080	33552080
20	33552690	33547570	33552690	33552690
21	33552730	33547610	33552730	33552730
22	33553460	33548340	33553460	33553520
23	33555550	33550430	33555550	33555560
24	33555010	33549890	33555010	33555000
25	33552200	33547080	33552200	33552530
26	33551150	33551160	33551160	33551150
27	33549890	33549890	33549890	33549890
28	33548010	33548000	33548000	33548000
29	33549070	33549080	33549080	33549080
30	33551240	33551230	33551230	33551230
31	33546940	33546940	33546940	33546940
32	33546570	33546570	33546570	33546570
33	33549880	33549880	33549880	33549880
34	33549670	33549670	33549670	33549670
35	33549740	33549740	33549740	33549750
36	33549290	33549290	33549290	33549280
37	33548350	33548350	33548350	33548350
38	33548890	33548890	33548890	33548890
39	33549480	33549480	33549480	33549480
40	33548780	33548780	33548780	33548780
41	33551820	33546700	33551820	33551820
42	33549700	33549710	33549710	33549710
43	33551960	33546830	33551950	33551950
44	33551290	33551300	33551300	33551300
45	33554880	33549750	33554870	33554870
46	33550410	33550420	33550420	33550420
47	33551780	33546650	33551770	33551770
48	33550890	33550900	33550900	33550900
49	33544470	33539340	33544460	33544460
50	33545180	33540070	33545190	33545190
51	33545430	33540300	33545420	33545420
52	33546660	33546660	33546660	33546670
53	33547450	33547450	33547450	33547440
54	33545430	33540310	33545430	33545430
55	33552690	33547570	33552690	33552690
56	33553370	33548250	33553370	33553370
57	33552710	33547590	33552710	33552710
58	33550070	33550070	33550070	33550070
59	33550630	33550640	33550640	33550640
60	33551220	33551210	33551210	33551210
61	33549300	33549300	33549300	33549310
62	33551030	33551030	33551030	33551020
63	33554200	33549080	33554200	33554200
64	33552050	33546930	33552050	33552050
65	33550690	33550700	33550700	33550700
66	33550380	33550370	33550370	33550370
67	33547740	33547750	33547750	33547750
68	33551220	33551210	33551210	33551210
69	33552040	33546920	33552040	33554920
70	33549990	33549990	33549990	33549990
71	33548560	33548570	33548570	33548570
72	33552200	33547070	33552190	33552190
73	33556780	33556780	33556780	33556780
74	33554500	33549390	33554510	33554510
75	33551150	33551140	33551140	33551140
76	33550920	33550920	33550920	33550920
77	33548370	33548370	33548370	33548370
78	33550360	33550360	33550360	33550360
79	33548360	33548360	33548360	33548360
80	33551010	33551010	33551010	33551010
81	33551070	33551070	33551070	33551070
82	33550210	33550210	33550210	33550210
83	33554970	33549860	33554980	33554980
84	33556540	33556530	33556530	33556530
85	33555180	33550060	33555180	33555180
86	33553830	33548710	33553830	33553830
87	33557660	33557660	33557660	33557660
88	33554970	33549850	33554970	33554970
89	33551390	33546270	33551390	33551390
90	33550390	33550390	33550390	33550390
91	33550780	33550790	33550790	33550790
92	33553610	33548480	33553600	33553600
93	33552930	33547810	33552930	33552930
94	33553020	33547900	33553020	33553020
95	33547660	33547660	33547660	33547660
96	33549940	33549950	33549950	33549950
97	33550600	33550590	33550590	33550590
98	33551420	33546300	33551420	33551420
99	33547870	33547870	33547870	33552680
100	33549100	33549100	33549100	33549090
101	33549990	33549990	33549990	33549990
102	33552540	33547420	33552540	33552540
103	33557010	33557010	33557010	33557010
104	33553680	33548560	33553680	33553680
105	33551460	33546340	33551460	33551460
106	33553140	33548030	33553150	33553150
107	33554010	33548880	33554000	33554000
108	33553430	33548320	33553440	33553440
109	33556060	33550930	33556050	33556050
110	33558310	33558310	33558310	33558310
111	33553300	33548190	33553310	33553310
112	33551770	33546640	33551760	33551760
113	33556890	33556890	33556890	33556890
114	33560170	33560170	33560170	33560170
115	33556470	33556480	33556480	33556480
116	33556910	33556900	33556900	33556900
117	33554630	33549510	33554630	33554630
118	33552570	33547450	33552570	33552570
119	33549980	33549980	33549980	33549980
120	33550160	33550160	33550160	33550160
121	33549060	33549060	33549060	33549060
122	33550010	33550010	33550010	33550010
123	33547760	33547760	33547760	33547760
124	33545220	33540100	33545220	33545220
125	33548900	33548900	33548900	33548900
126	33555570	33550450	33555570	33555570
127	33554700	33549580	33554700	33554710
128	33556430	33551310	33556430	33556430
129	33557170	33557170	33557170	33557160
130	33556660	33556660	33556660	33556660
131	33555140	33550020	33555140	33555140
132	33551280	33551280	33551280	33551280
133	33554540	33549420	33554540	33554540
134	33557230	33557230	33557230	33557230
135	33555730	33550610	33555730	33555730
136	33555810	33550700	33555820	33555820
137	33551830	33546710	33551830	33551830
138	33550330	33550320	33550320	33550320
139	33550310	33550310	33550310	33550310
140	33554230	33549110	33554230	33554230
141	33559710	33559710	33559710	33559710
142	33558360	33558370	33558370	33558370
143	33555270	33550140	33555260	33555260
144	33556510	33556520	33556520	33556520
145	33555200	33550080	33555200	33555200
146	33555420	33550290	33555410	33555410
147	33554900	33549780	33554900	33554900
148	33549270	33549280	33549280	33549280
149	33548770	33548760	33548760	33551320
150	33549580	33549580	33549580	33549580
151	33547130	33547130	33547130	33547130
152	33547250	33547250	33547250	33547250
153	33548010	33548010	33548010	33548010
154	33552680	33547560	33552680	33552680
155	33549940	33549950	33549950	33549950
156	33549190	33549180	33549180	33549180
157	33550460	33550470	33550470	33550470
158	33551820	33546700	33551820	33551820
159	33551210	33551200	33551200	33551200
160	33552450	33547330	33552450	33552450
161	33554140	33549020	33554140	33554140
162	33551800	33546680	33551800	33551810
163	33551740	33546620	33551740	33551730
164	33552190	33547070	33552190	33552190
165	33551550	33546430	33551550	33551550
166	33550350	33550360	33550360	33550360
167	33549690	33549690	33549690	33549690
168	33550990	33550990	33550990	33550990
169	33549440	33549430	33549430	33549430
170	33547240	33547240	33547240	33547250
171	33549740	33549740	33549740	33549730
172	33549510	33549510	33549510	33549510
173	33551950	33546830	33551950	33551630
174	33552280	33547160	33552280	33552280
175	33551890	33546770	33551890	33551900
176	33550360	33550360	33550360	33550350
177	33551760	33546640	33551760	33551760
178	33548300	33548300	33548300	33548300
179	33551240	33551240	33551240	33548370
180	33548540	33548540	33548540	33548530
181	33545120	33540000	33545120	33545120
182	33546650	33546650	33546650	33546330
183	33545860	33540740	33545860	33545860
184	33550190	33550190	33550190	33550190
185	33552820	33547700	33552820	33552820
186	33553790	33548670	33553790	33553470
187	33551260	33551260	33551260	33551260
188	33550520	33550520	33550520	33550520
189	33552410	33547290	33552410	33552410
190	33551560	33546440	33551560	33551560
191	33554820	33549700	33554820	33554820
192	33555550	33550430	33555550	33555230
193	33555670	33550550	33555670	33555670
194	33552800	33547680	33552800	33552800
195	33549120	33549120	33549120	33549120
196	33547740	33547740	33547740	33547740
197	33547660	33547670	33547670	33547670
198	33550980	33550970	33550970	33550970
199	33551520	33546400	33551520	33551520
200	33548670	33548680	33548680	33548680
201	33549460	33549450	33549450	33549450
202	33547760	33547760	33547760	33547760
203	33549890	33549890	33549890	33549890
204	33551080	33551080	33551080	33551080
205	33555470	33550350	33555470	33555470
206	33554440	33549330	33554450	33554450
207	33552530	33547400	33552520	33552520
208	33550000	33550000	33550000	33550000
209	33551860	33546740	33551860	33551860
210	33553280	33548160	33553280	33553280
211	33552460	33547350	33552470	33552470
212	33550570	33550560	33550560	33550560
213	33550950	33550950	33550950	33550950
214	33548150	33548150	33548150	33548150
215	33551800	33546680	33551800	33551800
216	33550130	33550130	33550130	33550130
217	33553910	33548790	33553910	33553910
218	33551090	33551100	33551100	33551100
219	33549370	33549360	33549360	33549360
220	33548750	33548750	33548750	33548750
221	33546580	33546580	33546580	33546590
222	33548160	33548170	33548170	33548160
223	33548130	33548120	33548120	33548120
224	33549100	33549100	33549100	33549100
225	33551850	33546730	33551850	33551850
226	33550820	33550820	33550820	33550820
227	33551160	33551160	33551160	33551160
228	33553650	33548530	33553650	33553650
229	33554370	33549250	33554370	33554370
230	33552540	33547420	33552540	33552540
231	33553680	33548560	33553680	33553680
232	33552560	33547450	33552570	33552570
233	33550660	33550650	33550650	33550650
234	33548330	33548340	33548340	33548340
235	33548400	33548400	33548400	33548400
236	33548820	33548810	33548810	33548810
237	33550270	33550280	33550280	33550280
238	33550490	33550490	33550490	33550490
239	33548640	33548630	33548630	33548630
240	33548070	33548070	33548070	33548070
241	33549330	33549330	33549330	33549330
242	33549460	33549470	33549470	33549470
243	33548300	33548290	33548290	33548290
244	33550210	33550210	33550210	33550210
245	33552750	33547630	33552750	33552750
246	33552700	33547580	33552700	33552710
247	33548570	33548570	33548570	33548560
248	33549770	33549770	33549770	33549770
249	33551210	33551210	33551210	33551210
250	33549160	33549160	33549160	33549160
251	33550330	33550330	33550330	33550330
252	33549410	33549410	33549410	33549410
253	33549360	33549360	33549360	33549360
254	33547940	33547940	33547940	33547940
255	33550090	33550090	33550090	33550090
256	33548120	33548120	33548120	33548120
257	33546110	33540990	33546110	33546110
258	33544700	33539580	33544700	33544700
259	33543930	33538810	33543930	33543940
260	33542750	33537630	33542750	33542740
261	33546640	33546640	33546640	33546640
262	33547640	33547640	33547640	33547640
263	33544670	33539550	33544670	33544670
264	33549190	33549190	33549190	33549190
265	33547760	33547760	33547760	33550640
266	33546870	33546870	33546870	33546870
267	33549270	33549270	33549270	33549270
268	33553480	33548360	33553480	33553480
269	33553160	33548040	33553160	33552840
270	33550550	33550550	33550550	33550550
271	33549970	33549980	33549980	33549980
272	33549530	33549520	33549520	33549840
273	33548630	33548630	33548630	33548630
274	33549290	33549290	33549290	33548100
275	33547980	33547980	33547980	33547970
276	33548420	33548420	33548420	33548420
277	33545780	33540660	33545780	33545780
278	33548990	33548990	33548990	33548990
279	33552560	33547440	33552560	33552560
280	33552650	33547530	33552650	33552650
281	33550390	33550400	33550400	33550400
282	33549070	33549060	33549060	33549060
283	33548640	33548640	33548640	33548640
284	33547830	33547830	33547830	33547830
285	33547990	33548000	33548000	33548000
286	33546790	33546780	33546780	33546780
287	33548490	33548490	33548490	33548490
288	33551330	33551340	33551340	33551340
289	33547920	33547910	33547910	33547910
290	33552850	33547730	33552850	33552850
291	33551760	33546640	33551760	33551760
292	33546040	33540920	33546040	33546040
293	33551520	33546400	33551520	33551520
294	33547420	33547420	33547420	33547100
295	33547670	33547670	33547670	33547670
296	33548670	33548670	33548670	33548670
297	33545740	33540620	33545740	33545740
298	33546100	33540980	33546100	33546100
299	33546600	33546600	33546600	33546600
300	33547920	33547930	33547930	33547930
301	33542120	33536990	33542110	33542110
302	33542510	33537390	33542510	33542510
303	33543250	33538130	33543250	33543250
304	33546670	33546670	33546670	33546670
305	33548370	33548380	33548380	33548380
306	33548540	33548530	33548530	33548530
307	33548530	33548540	33548540	33548540
308	33546280	33546280	33546280	33546280
309	33545510	33540380	33545500	33545500
310	33545220	33540100	33545220	33545220
311	33548690	33548690	33548690	33548690
312	33549870	33549870	33549870	33549870
313	33549310	33549310	33549310	33549310
314	33550710	33550710	33550710	33550710
315	33547820	33547820	33547820	33547820
316	33546390	33546400	33546400	33546400
317	33547440	33547430	33547430	33547430
318	33550830	33550830	33550830	33550830
319	33547970	33547970	33547970	33547970
320	33549410	33549420	33549420	33549420
321	33550850	33550840	33550840	33550840
322	33548850	33548850	33548850	33548850
323	33549320	33549320	33549320	33549320
324	33549400	33549400	33549400	33549400
325	33550830	33550830	33550830	33550830
326	33549090	33549100	33549100	33549100
327	33550750	33550740	33550740	33550740
328	33551300	33551310	33551310	33551310
329	33552340	33547210	33552330	33552330
330	33552760	33547640	33552760	33552760
331	33553820	33548700	33553820	33553820
332	33554150	33549030	33554150	33554150
333	33551390	33546280	33551400	33551400
334	33548230	33548220	33548220	33548220
335	33547790	33547790	33547790	33547790
336	33546620	33546630	33546630	33546630
337	33548480	33548470	33548470	33548470
338	33548470	33548470	33548470	33548470
339	33548360	33548370	33548370	33548370
340	33549020	33549010	33549010	33547740
341	33550160	33550170	33550170	33550160
342	33548300	33548290	33548290	33548290
343	33549380	33549390	33549390	33549390
344	33546940	33546930	33546930	33546930
345	33547370	33547380	33547380	33547380
346	33542880	33537750	33542870	33542870
347	33541530	33536410	33541530	33541530
348	33543840	33538720	33543840	33543840
349	33546400	33546400	33546400	33546400
350	33544820	33539700	33544820	33544820
351	33543930	33538810	33543930	33543930
352	33546520	33546520	33546520	33546520
353	33544950	33539830	33544950	33544950
354	33540930	33540930	33540930	33540930
355	33540630	33540630	33540630	33540630
356	33542380	33537260	33542380	33542380
357	33543270	33538150	33543270	33543270
358	33542410	33537290	33542410	33542410
359	33543120	33538000	33543120	33543120
360	33543850	33538730	33543850	33543850
361	33542490	33537370	33542490	33542490
362	33544410	33539300	33544420	33544420
363	33546290	33546280	33546280	33546280
364	33550410	33550410	33550410	33550410
365	33548800	33548800	33548800	33548810
366	33545590	33540470	33545590	33545270
367	33546850	33546850	33546850	33546840
368	33552800	33547690	33552810	33552810
369	33557010	33557010	33557010	33557010
370	33557990	33557980	33557980	33557980
371	33552350	33547230	33552350	33552350
372	33545440	33540320	33545440	33545440
373	33544660	33539550	33544670	33544670
374	33547200	33547190	33547190	33547190
375	33546320	33546320	33546320	33546320
376	33546260	33546260	33546260	33546260
377	33547840	33547840	33547840	33547840
378	33546290	33546290	33546290	33546290
379	33546280	33546280	33546280	33546280
380	33547420	33547420	33547420	33547420
381	33547040	33547040	33547040	33547040
382	33542140	33537020	33542140	33542140
383	33544390	33539270	33544390	33542150
384	33545140	33540020	33545140	33545140
385	33541910	33536800	33541920	33541920
386	33545100	33539970	33545090	33545090
387	33545690	33540570	33545690	33545690
388	33541140	33536020	33541140	33541140
389	33545970	33540850	33545970	33545970
390	33543780	33538660	33543780	33543780
391	33548820	33548820	33548820	33548820
392	33549730	33549730	33549730	33549730
393	33546560	33546560	33546560	33546570
394	33545460	33540350	33545470	33545460
395	33547460	33547450	33547450	33547450
396	33552290	33547170	33552290	33552290
397	33549370	33549370	33549370	33549370
398	33548380	33548380	33548380	33548380
399	33549380	33549380	33549380	33549380
400	33550730	33550730	33550730	33550730
401	33547300	33547310	33547310	33547310
402	33545520	33540390	33545510	33545510
403	33546910	33546910	33546910	33546910
404	33548600	33548600	33548600	33548600
405	33548030	33548030	33548030	33548030
406	33545000	33539880	33545000	33545000
407	33549120	33549120	33549120	33549120
408	33547650	33547650	33547650	33547650
409	33550480	33550480	33550480	33550480
410	33549320	33549320	33549320	33549320
411	33546570	33546580	33546580	33546580
412	33547480	33547480	33547480	33547480
413	33550190	33550180	33550180	33550180
414	33550960	33550960	33550960	33550960
415	33552080	33546960	33552080	33552080
416	33551270	33551280	33551280	33551280
417	33551540	33546410	33551530	33551530
418	33549180	33549180	33549180	33549190
419	33547530	33547530	33547530	33547520
420	33549270	33549270	33549270	33549270
421	33548150	33548150	33548150	33548150
422	33547680	33547680	33547680	33547680
423	33547170	33547170	33547170	33547170
424	33549330	33549330	33549330	33549330
425	33547300	33547300	33547300	33547300
426	33545370	33540250	33545370	33545370
427	33543420	33538300	33543420	33543420
428	33546520	33546520	33546520	33546520
429	33551980	33546870	33551990	33551990
430	33551210	33551200	33551200	33551200
431	33549550	33549560	33549560	33549560
432	33546650	33546650	33546650	33546650
433	33547090	33547090	33547090	33547090
434	33550610	33550600	33550600	33550600
435	33551470	33546350	33551470	33551470
436	33552800	33547680	33552800	33552810
437	33551000	33551000	33551000	33550990
438	33551590	33546470	33551590	33551590
439	33549800	33549800	33549800	33549800
440	33551630	33546510	33551630	33551630
441	33549220	33549220	33549220	33549220
442	33548660	33548660	33548660	33548660
443	33551010	33551010	33551010	33551010
444	33548220	33548220	33548220	33548220
445	33547040	33547040	33547040	33547040
446	33544170	33539050	33544170	33544170
447	33542390	33537270	33542390	33542390
448	33542660	33537540	33542660	33542660
449	33545130	33540010	33545130	33545140
450	33546780	33546790	33546790	33546780
451	33553460	33548330	33553450	33553450
452	33551470	33546350	33551470	33551470
453	33551940	33546830	33551950	33551950
454	33553940	33548820	33553940	33553940
455	33550340	33550330	33550330	33550330
456	33549860	33549870	33549870	33549870
457	33551350	33551340	33551340	33551340
458	33552190	33547070	33552190	33552190
459	33552890	33547770	33552890	33552890
460	33550690	33550690	33550690	33550690
461	33548690	33548690	33548690	33551250
462	33550130	33550140	33550140	33550140
463	33555190	33550060	33555180	33555180
464	33549540	33549540	33549540	33554990
465	33550560	33550560	33550560	33550550
466	33549280	33549280	33549280	33549280
467	33546750	33546750	33546750	33549290
468	33544890	33539770	33544890	33544890
469	33544830	33539710	33544830	33544830
470	33546230	33541110	33546230	33546230
471	33542310	33537190	33542310	33542310
472	33546020	33540900	33546020	33546020
473	33547130	33547130	33547130	33547130
474	33546930	33546940	33546940	33546940
475	33545290	33540160	33545280	33545280
476	33543980	33538870	33543990	33543990
477	33547610	33547600	33547600	33547600
478	33545730	33540610	33545730	33545730
479	33546450	33546450	33546450	33546450
480	33545260	33540150	33545270	33545270
481	33545050	33539920	33545040	33545040
482	33545720	33540600	33545720	33545720
483	33549310	33549310	33549310	33549310
484	33550750	33550750	33550750	33550750
485	33547120	33547120	33547120	33547120
486	33545490	33540380	33545500	33545500
487	33548450	33548440	33548440	33548440
488	33544510	33539390	33544510	33544510
489	33545000	33539880	33545000	33545000
490	33549480	33549480	33549480	33549480
491	33548300	33548300	33548300	33548300
492	33551350	33546240	33551360	33551360
493	33554620	33549500	33554620	33554620
494	33555610	33550480	33555600	33555610
495	33556460	33551350	33556470	33556460
496	33556130	33551000	33556120	33556120
497	33556970	33556980	33556980	33556980
498	33557340	33557330	33557330	33557330
499	33551580	33546460	33551580	33551580

============================================================
# BITSTREAM: 100ms_51etapas.bit
# VENTANA: 100ms
# ETAPAS_PRINCIPAL: 51
# NUM_MUESTRAS: 500
# FORMATO: idx	freq1_hz	freq2_hz	freq3_hz	freq4_hz
============================================================
idx	freq1_hz	freq2_hz	freq3_hz	freq4_hz
0	14110590	12939290	13541950	11862940
1	14110720	12938800	13541860	11864680
2	14110360	12939010	13542100	11862180
3	14109670	12938420	13541380	11862470
4	14109040	12938190	13540910	11861180
5	14110350	12939100	13542090	11864990
6	14108740	12937750	13540480	11863940
7	14109530	12938280	13541210	11863380
8	14110700	12939540	13542000	11864880
9	14109550	12938310	13541140	11861690
10	14110300	12939040	13541800	11862340
11	14130730	12939570	13542500	11862720
12	14110190	12938770	13541250	11861970
13	14110300	12939330	13541820	11865510
14	14109120	12938560	13541020	11861700
15	14110310	12939310	13542040	11863190
16	14109550	12938750	13541360	11861240
17	14109430	12938860	13541420	11863550
18	14109710	12938560	13541290	11861690
19	14110290	12939210	13542250	11865620
20	14109070	12938240	13541060	11863910
21	14109830	12938870	13542010	11862580
22	14109850	12938620	13541600	11862590
23	14110430	12938980	13541850	11863560
24	14110390	12939350	13541920	11863060
25	14110480	12939300	13541760	11862240
26	14109160	12938610	13541250	11862630
27	14108350	12937970	13540680	11864590
28	14108750	12938010	13540930	11860990
29	14108630	12937790	13540850	11864590
30	14107600	12937090	13540170	11863450
31	14108850	12937850	13540920	11863420
32	14108460	12937910	13540800	11860730
33	14108520	12937540	13540570	11861430
34	14108070	12937160	13539920	11862010
35	14108770	12937600	13540560	11862670
36	14108770	12937880	13540600	11860550
37	14109490	12938230	13541250	11861860
38	14107250	12936510	13539990	11863070
39	14108070	12937360	13540840	11863530
40	14108230	12937570	13540750	11860520
41	14108860	12937930	13541190	11864020
42	14107680	12937350	13540140	11862750
43	14108690	12937950	13540970	11862130
44	14108650	12937930	13540600	11863720
45	14110010	12939070	13541830	11861700
46	14108300	12938290	13540920	11862500
47	14109650	12939010	13542090	11861800
48	14109740	12938970	13541650	11864380
49	14109460	12938540	13541380	11862960
50	14107940	12937730	13539830	11860640
51	14108780	12938350	13540970	11863630
52	14107230	12936810	13539290	11862390
53	14107540	12937110	13539750	11862230
54	14107600	12937380	13540040	11862230
55	14107320	12936820	13539380	11861780
56	14106770	12936300	13538680	11859230
57	14108400	12937260	13539670	11861690
58	14108310	12937550	13540030	11862190
59	14108570	12937580	13540240	11863120
60	14109200	12938150	13540800	11861810
61	14109720	12938280	13541270	11861050
62	14109060	12938170	13540920	11862940
63	14109230	12937560	13541010	11861320
64	14109590	12937500	13541050	11863710
65	14110020	12938550	13541790	11865130
66	14109720	12938630	13540860	11863060
67	14108700	12938040	13540740	11862050
68	14108720	12937370	13540540	11860960
69	14109340	12937490	13540750	11861860
70	14108370	12938090	13541100	11862800
71	14109650	12938070	13541180	11862140
72	14109800	12937620	13540740	11861370
73	14109390	12937260	13540870	11861640
74	14108810	12936900	13540640	11862470
75	14109520	12937740	13541210	11861230
76	14108940	12937320	13540710	11863390
77	14109240	12937560	13541450	11863390
78	14109140	12937600	13540740	11862130
79	14110020	12938380	13541810	11862260
80	14109660	12938480	13541740	11862660
81	14110380	12938650	13542220	11863040
82	14109880	12938400	13541790	11862070
83	14109780	12938480	13541950	11864740
84	14110420	12938910	13542520	11864100
85	14110510	12938890	13542290	11863670
86	14109460	12938180	13541590	11863950
87	14109600	12937960	13541610	11864050
88	14109400	12937990	13541200	11862320
89	14109260	12938150	13541230	11862860
90	14109460	12938030	13541090	11863480
91	14109790	12938310	13541690	11865170
92	14108790	12937510	13541170	11862300
93	14108940	12937380	13541250	11864450
94	14108800	12937190	13541340	11863770
95	14110260	12938450	13542150	11863290
96	14109430	12938170	13541040	11863740
97	14108800	12937920	13541050	11861610
98	14110010	12938810	13541790	11864620
99	14109720	12938740	13541710	11864540
100	14109230	12938340	13540970	11862870
101	14109130	12938010	13541000	11864280
102	14109180	12938080	13541150	11860470
103	14109520	12938260	13541430	11864190
104	14109560	12938250	13541370	11863600
105	14110370	12938960	13542190	11865520
106	14109980	12938850	13541420	11863860
107	14110520	12938860	13541840	11862850
108	14108240	12937320	13540170	11860460
109	14108390	12937310	13540660	11862960
110	14108080	12937510	13540320	11860990
111	14109150	12938000	13540780	11863030
112	14109690	12938590	13541600	11861860
113	14109290	12938310	13541100	11862920
114	14110310	12939170	13541690	11861920
115	14109720	12938600	13541330	11863200
116	14109320	12938820	13541300	11864150
117	14110560	12939390	13541810	11863120
118	14110140	12938910	13541950	11863020
119	14108780	12937850	13541000	11863450
120	14108040	12937380	13540410	11860520
121	14108680	12937440	13540630	11862710
122	14107460	12936770	13539690	11862040
123	14108450	12937530	13540860	11864220
124	14108760	12937480	13540590	11860920
125	14108590	12938020	13540640	11863760
126	14108560	12936120	13539240	11859590
127	14108780	12937470	13537830	11861510
128	14107690	12936820	13539940	11862090
129	14108650	12937640	13540410	11862050
130	14108350	12937310	13539960	11861780
131	14109050	12937490	13540050	11862460
132	14109030	12937820	13540730	11863890
133	14108840	12937870	13540700	11863090
134	14109360	12938420	13541030	11861520
135	14109730	12937610	13540850	11863920
136	14109330	12937640	13540810	11863630
137	14108560	12936820	13540080	11863790
138	14108190	12936780	13539640	11861440
139	14109160	12937650	13540860	11861630
140	14109270	12938140	13541060	11861870
141	14108860	12937770	13540600	11862210
142	14108720	12937510	13540360	11860640
143	14108440	12937220	13540310	11862600
144	14109120	12938070	13541180	11863440
145	14110020	12938660	13541670	11862760
146	14109580	12938140	13541040	11863340
147	14110410	12938910	13542460	11862570
148	14109820	12938570	13541570	11861820
149	14109630	12938530	13541320	11863400
150	14110830	12939690	13542400	11863350
151	14109970	12938440	13541440	11861720
152	14109450	12938500	13541010	11862330
153	14111630	12939850	13542790	11866040
154	14111000	12939400	13542150	11863940
155	14111120	12939420	13542400	11865020
156	14109190	12943190	13540800	11860420
157	14109000	12938390	13540810	11861400
158	14109490	12938920	13541330	11864040
159	14112050	12940240	13543180	11866230
160	14110530	12939440	13542090	11861750
161	14109940	12938640	13541630	11864960
162	14109970	12938930	13541910	11863910
163	14109350	12938110	13541020	11864150
164	14109320	12938400	13541330	11861670
165	14110660	12939110	13542530	11865800
166	14109660	12938810	13541630	11864200
167	14109940	12938690	13542010	11864470
168	14109930	12938630	13541740	11862940
169	14110690	12939160	13542840	11863650
170	14108700	12937850	13540930	11861960
171	14108560	12937570	13540950	11864460
172	14109200	12938390	13541490	11863800
173	14109220	12937880	13541510	11863810
174	14110090	12938800	13542220	11864200
175	14111340	12939640	13542860	11863710
176	14110350	12938950	13541600	11862430
177	14109130	12937970	13541040	11862960
178	14109750	12938540	13541410	11861100
179	14110030	12938490	13541780	11864900
180	14110630	12939290	13542380	11862060
181	14111240	12939420	13542860	11863070
182	14110330	12939040	13542130	11861970
183	14110390	12937550	13541750	11864610
184	14109510	12938150	13541560	11863330
185	14109280	12937690	13541620	11863130
186	14108240	12937290	13540850	11861280
187	14108630	12937730	13541580	11864540
188	14108770	12937550	13541380	11861250
189	14108380	12936660	13540960	11861710
190	14109520	12937390	13541540	11861100
191	14109730	12937400	13541970	11862880
192	14109370	12937280	13541750	11862830
193	14110210	12938050	13542190	11864870
194	14110150	12938410	13542180	11864010
195	14110300	12938460	13542280	11863010
196	14108330	12936860	13540610	11860480
197	14109460	12937850	13541400	11863410
198	14109090	12937840	13540720	11862220
199	14110480	12938700	13542010	11862430
200	14110730	12939240	13542150	11864120
201	14112160	12939830	13543090	11866160
202	14111330	12939410	13542110	11864050
203	14110160	12938670	13541520	11865190
204	14109330	12938470	13540930	11862510
205	14109400	12938540	13541540	11865040
206	14108910	12938430	13540990	11861410
207	14109380	12938650	13541640	11864160
208	14108910	12937990	13540970	11861970
209	14108440	12937250	13540230	11863820
210	14108080	12937010	13540230	11862130
211	14109420	12937860	13541300	11863780
212	14108570	12937380	13540450	11861060
213	14108950	12937690	13540990	11863090
214	14109320	12938450	13541390	11863750
215	14109220	12937980	13541330	11864030
216	14107590	12937200	13540200	11862990
217	14108440	12937540	13540710	11862220
218	14108700	12937840	13540750	11862720
219	14108870	12938110	13541130	11863730
220	14106450	12936230	13538980	11862040
221	14107070	12936910	13539990	11860780
222	14106810	12936860	13539590	11861890
223	14108110	12937840	13540570	11863260
224	14106600	12936380	13539380	11860870
225	14106420	12935670	13539020	11860200
226	14106770	12936410	13539260	11860250
227	14107150	12936590	13539750	11860940
228	14105940	12935660	13539140	11861360
229	14106440	12935660	13539450	11860650
230	14105680	12935480	13538900	11860660
231	14105440	12935400	13538770	11860510
232	14105960	12935870	13539240	11862160
233	14106290	12935540	13539450	11860090
234	14106340	12936220	13539640	11861200
235	14107370	12937200	13540290	11860790
236	14106490	12936620	13539840	11860930
237	14106780	12935910	13539640	11859670
238	14108010	12937260	13540770	11859990
239	14107220	12936400	13540430	11861940
240	14107730	12935760	13539570	11861380
241	14106900	12935710	13539800	11863010
242	14106160	12935450	13539240	11858940
243	14106500	12936060	13539130	11859680
244	14106410	12936430	13539250	11860920
245	14106150	12935920	13539030	11861450
246	14105740	12935940	13538930	11861640
247	14105750	12935710	13539240	11861590
248	14106150	12936010	13539280	11859290
249	14106960	12936860	13539890	11860610
250	14106720	12936140	13539230	11862560
251	14107230	12936380	13540040	11862720
252	14107020	12936110	13539750	11860890
253	14107680	12936920	13540620	11863180
254	14106270	12935860	13539620	11859690
255	14107130	12936900	13540540	11861080
256	14106840	12936150	13540100	11859900
257	14106300	12935290	13539010	11860520
258	14106210	12936180	13539720	11861330
259	14107530	12936690	13540740	11860750
260	14107690	12936560	13540800	11860700
261	14107180	12936150	13540080	11860270
262	14105950	12936150	13539330	11860760
263	14106220	12935310	13539380	11861840
264	14106740	12935850	13539490	11860220
265	14107080	12935740	13539960	11862480
266	14107470	12936580	13540190	11861650
267	14107080	12936160	13540060	11863000
268	14107760	12936580	13540460	11861190
269	14108000	12936200	13540270	11861660
270	14107570	12935960	13540190	11862290
271	14107080	12935130	13539600	11862950
272	14105290	12934040	13537950	11858570
273	14104870	12933970	13537790	11861570
274	14104130	12933840	13537640	11860590
275	14105320	12934470	13538320	11860930
276	14105410	12934890	13538580	11858970
277	14106730	12935760	13539270	11861110
278	14105360	12935050	13538700	11861400
279	14105500	12934550	13538470	11860340
280	14105550	12934700	13538730	11861260
281	14106380	12934820	13539000	11862880
282	14106240	12934810	13539180	11860470
283	14107420	12935880	13540060	11861550
284	14106580	12935210	13539500	11860090
285	14106860	12935560	13539770	11861190
286	14107460	12936410	13540510	11863310
287	14107020	12936940	13541240	11864000
288	14108040	12937280	13541290	11862360
289	14108200	12936710	13541430	11864940
290	14107570	12936490	13540490	11862960
291	14106980	12935780	13540370	11862420
292	14107350	12936470	13540990	11861980
293	14108220	12937020	13541510	11863870
294	14107530	12936750	13540560	11862700
295	14107110	12935560	13539930	11860900
296	14106340	12935580	13539570	11862790
297	14107230	12935390	13540320	11863980
298	14105290	12933850	13538070	11859920
299	14105530	12934170	13538650	11861920
300	14105330	12934070	13538030	11861780
301	14106490	12934830	13539420	11862500
302	14105810	12934660	13539240	11859450
303	14106650	12935320	13539640	11860010
304	14106040	12935030	13539130	11858970
305	14106440	12934860	13539530	11861870
306	14106190	12935000	13539220	11862350
307	14106340	12935270	13539280	11860480
308	14105740	12934820	13538740	11859030
309	14105400	12934340	13538330	11859960
310	14105640	12934420	13538470	11861510
311	14105180	12934330	13538210	11861660
312	14104240	12933800	13537460	11859890
313	14105040	12933620	13537940	11859810
314	14105850	12934690	13538540	11859330
315	14105380	12934600	13538640	11859990
316	14104450	12934000	13537600	11859410
317	14105050	12934570	13538430	11860880
318	14105330	12935390	13539190	11861420
319	14105900	12935230	13539160	11862300
320	14106660	12935670	13539740	11860820
321	14107060	12936120	13539840	11861320
322	14106490	12935410	13539110	11859280
323	14106250	12935230	13539330	11862590
324	14106310	12935180	13539400	11860950
325	14105990	12935240	13539300	11859770
326	14105410	12935120	13538940	11859690
327	14106620	12935440	13539580	11860830
328	14105810	12934890	13539000	11859490
329	14106430	12935360	13539360	11861480
330	14106420	12935210	13539270	11859090
331	14107630	12936270	13540640	11863270
332	14107400	12936470	13540030	11859740
333	14107420	12936140	13540110	11862910
334	14106860	12936180	13539510	11861960
335	14107550	12936320	13540120	11862960
336	14107450	12936220	13539890	11860910
337	14107570	12936380	13539690	11863190
338	14107980	12937100	13540300	11863360
339	14107290	12936400	13539640	11861330
340	14106820	12935910	13538910	11859520
341	14105740	12935140	13538140	11861720
342	14107990	12937170	13540120	11860800
343	14108900	12937680	13540480	11862700
344	14107970	12937040	13540310	11861450
345	14108320	12937230	13540590	11863310
346	14108950	12938050	13541010	11862990
347	14109260	12937340	13541210	11864720
348	14109470	12937810	13541700	11864010
349	14109400	12938090	13541660	11862480
350	14109080	12937710	13540950	11861130
351	14108920	12938330	13541390	11864310
352	14108210	12937600	13540720	11862820
353	14109160	12937990	13541160	11861380
354	14109580	12938320	13541130	11862370
355	14109010	12937790	13541100	11864590
356	14109070	12938410	13541570	11861630
357	14108320	12936900	13540530	11862640
358	14108500	12937600	13541050	11862190
359	14109400	12937820	13541840	11864720
360	14108480	12937090	13540300	11860130
361	14109370	12937830	13541050	11862580
362	14108890	12937740	13541050	11863980
363	14108680	12937320	13540840	11864300
364	14108690	12937920	13540830	11860670
365	14108850	12937700	13541320	11864120
366	14108370	12937230	13540690	11861700
367	14108170	12937170	13540570	11862440
368	14106850	12936330	13539510	11861150
369	14107590	12936760	13540640	11863080
370	14107040	12936480	13539460	11859210
371	14108070	12937170	13540220	11861100
372	14106380	12936040	13539050	11859470
373	14106520	12935560	13539370	11861300
374	14105880	12934990	13538840	11860120
375	14106210	12935540	13539070	11861090
376	14106830	12936250	13539610	11861970
377	14106660	12935550	13539430	11863000
378	14107590	12936640	13540290	11862340
379	14107240	12936250	13540280	11862490
380	14107330	12936580	13540390	11861300
381	14107360	12936140	13540330	11862670
382	14107250	12936430	13539950	11861160
383	14108970	12937380	13541100	11863720
384	14107990	12937090	13540910	11860950
385	14109070	12938060	13541440	11864020
386	14107710	12936920	13540150	11860940
387	14108600	12937640	13540480	11863310
388	14107780	12936540	13540080	11861000
389	14108740	12937660	13541240	11862840
390	14109310	12938790	13541670	11862360
391	14108630	12937720	13541360	11863710
392	14108240	12937790	13540820	11861740
393	14107690	12937240	13540950	11861500
394	14107920	12937370	13541080	11862600
395	14108550	12937840	13541590	11861380
396	14108050	12937620	13541070	11862740
397	14108340	12937480	13541170	11863690
398	14107740	12936650	13540250	11862870
399	14107520	12935340	13539710	11861850
400	14108170	12937080	13541040	11862830
401	14108100	12936590	13540660	11860670
402	14107120	12936130	13539810	11860030
403	14107450	12936830	13540460	11863750
404	14107050	12936590	13540000	11859930
405	14107500	12937760	13540480	11861970
406	14108610	12938000	13541150	11861830
407	14108750	12938100	13541650	11863610
408	14108260	12937470	13541190	11861910
409	14108530	12938230	13541250	11863930
410	14109280	12938790	13541460	11864090
411	14107730	12937550	13540810	11861320
412	14107170	12937230	13540260	11862800
413	14107580	12937330	13540350	11861260
414	14107230	12937070	13540380	11861930
415	14107830	12937280	13540510	11861070
416	14107480	12937660	13540720	11861860
417	14107860	12937370	13540630	11860280
418	14108290	12938040	13541060	11862280
419	14108330	12937790	13540920	11861550
420	14108350	12937640	13540460	11860070
421	14108710	12937560	13540840	11861690
422	14107010	12936130	13539150	11859050
423	14108180	12937160	13540490	11863070
424	14107840	12936970	13540100	11861830
425	14105880	12934680	13538350	11859910
426	14106480	12935500	13539370	11861400
427	14106900	12935890	13539560	11861710
428	14106240	12935440	13539060	11859260
429	14107050	12935680	13539700	11861120
430	14106170	12935340	13539200	11859560
431	14106890	12935980	13539300	11861240
432	14107240	12936350	13539810	11859900
433	14108070	12936870	13540800	11863650
434	14106730	12936120	13539660	11859160
435	14106880	12935910	13539870	11860390
436	14106660	12935790	13539630	11861410
437	14107260	12936020	13539740	11862690
438	14106440	12935480	13539120	11859520
439	14105420	12934640	13538310	11860330
440	14104840	12934510	13538260	11860680
441	14103560	12933550	13537450	11858750
442	14103090	12932930	13536330	11860170
443	14103920	12933690	13537660	11860130
444	14103830	12934220	13537690	11858260
445	14103590	12933900	13537520	11859930
446	14103610	12934120	13537380	11858930
447	14104670	12934670	13538350	11859340
448	14105370	12935300	13539100	11860880
449	14105320	12934800	13538800	11859640
450	14104520	12934330	13537890	11859180
451	14103730	12933580	13537510	11859570
452	14103570	12933320	13537850	11859540
453	14104830	12934020	13538620	11860270
454	14105160	12934640	13538010	11858880
455	14106500	12935430	13539330	11861570
456	14105230	12934780	13538440	11860050
457	14110180	12935570	13539060	11859860
458	14105630	12934750	13538990	11859520
459	14106480	12935420	13539720	11862540
460	14105980	12935440	13539580	11859120
461	14106520	12936180	13540090	11860890
462	14105020	12934640	13538650	11861400
463	14105230	12934490	13538660	11861890
464	14105110	12934940	13538510	11858900
465	14106000	12935710	13539560	11862160
466	14106510	12935810	13539720	11858970
467	14107070	12936110	13539820	11860110
468	14106250	12936280	13539160	11859660
469	14106640	12936340	13539820	11861230
470	14106130	12936100	13539530	11859700
471	14106410	12935520	13539540	11862850
472	14106000	12935340	13539020	11859290
473	14106050	12935430	13539160	11860380
474	14106530	12935680	13539380	11860610
475	14106880	12935780	13539630	11860620
476	14106910	12936010	13539360	11862090
477	14106660	12935560	13539000	11859900
478	14106660	12936000	13539810	11860670
479	14106640	12936140	13539440	11863140
480	14106220	12935850	13539180	11858950
481	14105160	12934810	13538470	11859730
482	14104900	12934880	13538540	11860890
483	14106620	12936010	13539170	11860460
484	14105990	12935130	13538380	11860350
485	14105560	12935080	13538120	11859380
486	14104280	12933900	13537500	11857420
487	14103590	12933130	13537010	11858520
488	14106410	12935900	13539160	11862480
489	14106710	12935970	13539490	11861680
490	14105770	12935190	13538730	11860330
491	14107130	12935850	13539680	11863310
492	14105480	12934670	13538570	11858680
493	14103450	12932830	13537380	11861380
494	14103740	12933800	13537350	11858550
495	14105080	12935060	13538620	11862140
496	14105140	12935260	13538590	11859550
497	14105400	12935440	13538830	11861840
498	14104020	12934500	13537900	11860770
499	14103990	12933770	13537430	11859470

============================================================
# BITSTREAM: 100ms_101etapas.bit
# VENTANA: 100ms
# ETAPAS_PRINCIPAL: 101
# NUM_MUESTRAS: 500
# FORMATO: idx	freq1_hz	freq2_hz	freq3_hz	freq4_hz
============================================================
idx	freq1_hz	freq2_hz	freq3_hz	freq4_hz
0	10058920	9288180	9790810	9790810
1	10058310	9287330	9790710	9790710
2	10059350	9288670	9791070	9791190
3	10058810	9288380	9791400	9791400
4	10058340	9288110	9790600	9790600
5	10058280	9287690	9790440	9790440
6	10059040	9288650	9790950	9790950
7	10057950	9287360	9790250	9790250
8	10057990	9287160	9790670	9790660
9	10058160	9287350	9790190	9790200
10	10057850	9287130	9789600	9789600
11	10056670	9286060	9789020	9789020
12	10057720	9286190	9790170	9790170
13	10056590	9286270	9789260	9789260
14	10057800	9286150	9790020	9785580
15	10056960	9286520	9789580	9789580
16	10057390	9287030	9789290	9789290
17	10058980	9286430	9790580	9790580
18	10057990	9287150	9790480	9790480
19	10056740	9286160	9789500	9789500
20	10057960	9287430	9790470	9790470
21	10057950	9287140	9790450	9790450
22	10058010	9286910	9790070	9790070
23	10058120	9286640	9790620	9790630
24	10057790	9286840	9789780	9789770
25	10057400	9286260	9790000	9790010
26	10057350	9286460	9789970	9789970
27	10057390	9286340	9790230	9790230
28	10057540	9286740	9790200	9790200
29	10057370	9286480	9789810	9789810
30	10057040	9286090	9789890	9789890
31	10056840	9285730	9789150	9819870
32	10058590	9285890	9790520	9790520
33	10056690	9285440	9789690	9789690
34	10056490	9285730	9788890	9788890
35	10057780	9286020	9794800	9790000
36	10057250	9286640	9790300	9790300
37	10057340	9286480	9790570	9790570
38	10057730	9286910	9790920	9790920
39	10056940	9285840	9789810	9789800
40	10057080	9285920	9790060	9790060
41	10057020	9285950	9790410	9790400
42	10057170	9286220	9789990	9790000
43	10057260	9286340	9790690	9790690
44	10057050	9286340	9789890	9789890
45	10056920	9286300	9789380	9789380
46	10057650	9285810	9790170	9790170
47	10057050	9286150	9783950	9789060
48	10058100	9285710	9789110	9789110
49	10057860	9285440	9790310	9790320
50	10057120	9285870	9789790	9789790
51	10057430	9286540	9790160	9790160
52	10056760	9286070	9789420	9789420
53	10058430	9286570	9790920	9790920
54	10057440	9286770	9789850	9789850
55	10056680	9285740	9789030	9789020
56	10057830	9285510	9790010	9790020
57	10057530	9286470	9790290	9790290
58	10057270	9286460	9789970	9789970
59	10056710	9285850	9789570	9789570
60	10056790	9285940	9788950	9788950
61	10058240	9285910	9790540	9790540
62	10057330	9286640	9790070	9790070
63	10057480	9286890	9790100	9790100
64	10057060	9286450	9789200	9789200
65	10057560	9285810	9790070	9790070
66	10057240	9286720	9790150	9790150
67	10056980	9286100	9789510	9789510
68	10056790	9286650	9789650	9789650
69	10056480	9285920	9789080	9789070
70	10057300	9285660	9789980	9789990
71	10056210	9285840	9789500	9789510
72	10056350	9286060	9789450	9789450
73	10056030	9285730	9789260	9789260
74	10057490	9285660	9790250	9790250
75	10056550	9285810	9789800	9789800
76	10056770	9286140	9789490	9789490
77	10056580	9285800	9789480	9789480
78	10057040	9286620	9789660	9789660
79	10057150	9286430	9789300	9789300
80	10057150	9284550	9788790	9788740
81	10057650	9285090	9789500	9789500
82	10056420	9285850	9789000	9788990
83	10058190	9286110	9790190	9790200
84	10057370	9286750	9789480	9789480
85	10057310	9286760	9789750	9789750
86	10056960	9286470	9789340	9789340
87	10058340	9286580	9790210	9790210
88	10056740	9286410	9789150	9789150
89	10057910	9286070	9789960	9789960
90	10056340	9285720	9788660	9788660
91	10058020	9285670	9788660	9789430
92	10058180	9285860	9789640	9789640
93	10057200	9286400	9789220	9789220
94	10058410	9286220	9790020	9790020
95	10058090	9287010	9790390	9790390
96	10057740	9286760	9789450	9789450
97	10057380	9286730	9789490	9789490
98	10057640	9286660	9789670	9789660
99	10057760	9286760	9789540	9789550
100	10057220	9286190	9789210	9789210
101	10058210	9285970	9789800	9789800
102	10057280	9286670	9789420	9789420
103	10058650	9286630	9790670	9790670
104	10056870	9285940	9788800	9788800
105	10058080	9285820	9789520	9789520
106	10057120	9286470	9789500	9789500
107	10057170	9286290	9789680	9789680
108	10057690	9286420	9789200	9789200
109	10058710	9285650	9790340	9790340
110	10058430	9286960	9789860	9789860
111	10057850	9286500	9789830	9789830
112	10057690	9286120	9789400	9789400
113	10058840	9286050	9790800	9790800
114	10057640	9286390	9789880	9789880
115	10057710	9286330	9789650	9789650
116	10057480	9285970	9789380	9789370
117	10059010	9285860	9791020	9791030
118	10057790	9286160	9789960	9789960
119	10057660	9286290	9790080	9790080
120	10056860	9286050	9788740	9788740
121	10057050	9284310	9788830	9788830
122	10057210	9284990	9788780	9788780
123	10057130	9284680	9788990	9788990
124	10057280	9285090	9788740	9788740
125	10057820	9285260	9789040	9789040
126	10058850	9286400	9789820	9789820
127	10056770	9285740	9788800	9788800
128	10058230	9286210	9789620	9789620
129	10057980	9286820	9789280	9789280
130	10058220	9286180	9789720	9789720
131	10056730	9285960	9789020	9789020
132	10058380	9286750	9795340	9790220
133	10057930	9287070	9790400	9790400
134	10057410	9286620	9789380	9789370
135	10057790	9285610	9789780	9789790
136	10056410	9285730	9788900	9788900
137	10058140	9286000	9790050	9790050
138	10057250	9286400	9789790	9789780
139	10057370	9286890	9789930	9789940
140	10057150	9286870	9789360	9789360
141	10058050	9286330	9790300	9790300
142	10057150	9286460	9789740	9789740
143	10056740	9285860	9789470	9789470
144	10056190	9285440	9788830	9788830
145	10057920	9285500	9789710	9789700
146	10057460	9286630	9789670	9789680
147	10057700	9286620	9789510	9789510
148	10057230	9286440	9789630	9789630
149	10057460	9286660	9789290	9789290
150	10058610	9286590	9790550	9790550
151	10057580	9286840	9789810	9789810
152	10057470	9286570	9789710	9789710
153	10056930	9286430	9789540	9789540
154	10056490	9286010	9789200	9789200
155	10058060	9286320	9790090	9790090
156	10056060	9285310	9788120	9788120
157	10056440	9284590	9788980	9788980
158	10056600	9284510	9789040	9789040
159	10057090	9284730	9789620	9789620
160	10056450	9285240	9788650	9788650
161	10058390	9285810	9790180	9790180
162	10057490	9286680	9789730	9789730
163	10056940	9286130	9789560	9789560
164	10056390	9285500	9788940	9788940
165	10058530	9285750	9790450	9790450
166	10057360	9286140	9789370	9789370
167	10058650	9285860	9790460	9790460
168	10057430	9286320	9789270	9789260
169	10058610	9286010	9790330	9790330
170	10057510	9286570	9789580	9789590
171	10057450	9286520	9789070	9789070
172	10058770	9285910	9790270	9790270
173	10057270	9286210	9789720	9789720
174	10057520	9286520	9789660	9789660
175	10057200	9286280	9789090	9789090
176	10057250	9285060	9789280	9789280
177	10057450	9285340	9789690	9779440
178	10056610	9285800	9788660	9788660
179	10058440	9285550	9790210	9790210
180	10056580	9285310	9813250	9788890
181	10057500	9284960	9789000	9788990
182	10057570	9285360	9789290	9789300
183	10057590	9285130	9789440	9789440
184	10056260	9285280	9788580	9788580
185	10058440	9285170	9789590	9779350
186	10057560	9286290	9789020	9789010
187	10057180	9285140	9788980	9788990
188	10057220	9284710	9788670	9788670
189	10057230	9284440	9788870	9788870
190	10057440	9284850	9788920	9788910
191	10057320	9285300	9788930	9788940
192	10057620	9285690	9789130	9789120
193	10057850	9285530	9789640	9789640
194	10057030	9286460	9789000	9789010
195	10057560	9285810	9789680	9789680
196	10057030	9286500	9788970	9799210
197	10058910	9286820	9790770	9790770
198	10057940	9287180	9790640	9790630
199	10058000	9287410	9790240	9790250
200	10057760	9287260	9790300	9790300
201	10057590	9287270	9790480	9790540
202	10057230	9286800	9790040	9790040
203	10057340	9286920	9790270	9790270
204	10057670	9287420	9790510	9790510
205	10057780	9287530	9790450	9790450
206	10058050	9287990	9790350	9790350
207	10058250	9287570	9790380	9790370
208	10058560	9287850	9790710	9790720
209	10058670	9287840	9790860	9790860
210	10058600	9287810	9790450	9790450
211	10058460	9287630	9790410	9790410
212	10058230	9287640	9790310	9790310
213	10058330	9287480	9790500	9790500
214	10057300	9286890	9789920	9789920
215	10057430	9286740	9789500	9789500
216	10058670	9287830	9791090	9791090
217	10058280	9287270	9791190	9791190
218	10057970	9287160	9790400	9790400
219	10058250	9287600	9790670	9790670
220	10058270	9287760	9790780	9790780
221	10059070	9288360	9792020	9792020
222	10058500	9288310	9791320	9791320
223	10058070	9287520	9791120	9791120
224	10057350	9287040	9790190	9790190
225	10057910	9287250	9790340	9790340
226	10057670	9286950	9790210	9790210
227	10057870	9287490	9791180	9791180
228	10057820	9287490	9790520	9790520
229	10057810	9287370	9791030	9791030
230	10057320	9286570	9790480	9790480
231	10057530	9287090	9790790	9790790
232	10057510	9286990	9790590	9790590
233	10057390	9286800	9790110	9790110
234	10057370	9287140	9789860	9789870
235	10057110	9287020	9789680	9789680
236	10057560	9287560	9790190	9790190
237	10058040	9287410	9790120	9790120
238	10057290	9286880	9789770	9789770
239	10057050	9286320	9790050	9790050
240	10057120	9286370	9789900	9789900
241	10057030	9286080	9789390	9789390
242	10059090	9286840	9791310	9791310
243	10057490	9286500	9790300	9790300
244	10057710	9286900	9790520	9790520
245	10058080	9287220	9790950	9790950
246	10058000	9287440	9790480	9790480
247	10057160	9286680	9790110	9790110
248	10057840	9287190	9789900	9789900
249	10057360	9286780	9789910	9789910
250	10057450	9287020	9789540	9789540
251	10057720	9287300	9790400	9790400
252	10058020	9287570	9790370	9790360
253	10057950	9287470	9790220	9790230
254	10057830	9287210	9790520	9790540
255	10057760	9287170	9790010	9790010
256	10058530	9288150	9790820	9790820
257	10058180	9287720	9790510	9790510
258	10058650	9288180	9791120	9790800
259	10057750	9286890	9789870	9789870
260	10057530	9286660	9789790	9789790
261	10058000	9286790	9790580	9790580
262	10057850	9286620	9790150	9790150
263	10058240	9287060	9790270	9790270
264	10058290	9286840	9790500	9790500
265	10057620	9287150	9790200	9790200
266	10058220	9287440	9790220	9790220
267	10058460	9287490	9790820	9790810
268	10058260	9287030	9790250	9790260
269	10057560	9286490	9790180	9790180
270	10057640	9286500	9789560	9789560
271	10058440	9287660	9790870	9790870
272	10058350	9287530	9790130	9790130
273	10058020	9287160	9789720	9789720
274	10057750	9286950	9789910	9789910
275	10057990	9287110	9789770	9789770
276	10057770	9286940	9790100	9790100
277	10058160	9287300	9790390	9790390
278	10058020	9287160	9790240	9790240
279	10057410	9286620	9790310	9790310
280	10058010	9287200	9790720	9790720
281	10058000	9287150	9790940	9790940
282	10057390	9286800	9789760	9789760
283	10057660	9286960	9790260	9790260
284	10057680	9286780	9790140	9790140
285	10056950	9286290	9789370	9789370
286	10058680	9286560	9790880	9790880
287	10057340	9286510	9789350	9789350
288	10059440	9287250	9791160	9791160
289	10058350	9287600	9790550	9790550
290	10057120	9286610	9789790	9789790
291	10057610	9286750	9790380	9790380
292	10057270	9286590	9789440	9789440
293	10057280	9286550	9789890	9789890
294	10056800	9286230	9788920	9788920
295	10058220	9286580	9790080	9790080
296	10056460	9286320	9788690	9788690
297	10057830	9286150	9790010	9790010
298	10056650	9286020	9789160	9799450
299	10057810	9286880	9790480	9780280
300	10057270	9287530	9790170	9790160
301	10056680	9286770	9789250	9789260
302	10057640	9286290	9789790	9779550
303	10057150	9286960	9789650	9789650
304	10056290	9286500	9788690	9788680
305	10057660	9286400	9789860	9789870
306	10056460	9286830	9788930	9788920
307	10056990	9286060	9789440	9789450
308	10056470	9286240	9789050	9789050
309	10057920	9286180	9789890	9779610
310	10056580	9286100	9788910	9788910
311	10058250	9286360	9790570	9790570
312	10057420	9286910	9790160	9790160
313	10058020	9287520	9790330	9790570
314	10058020	9287490	9791020	9791020
315	10057720	9287370	9790650	9790650
316	10057480	9286890	9789620	9789620
317	10057270	9286910	9789510	9789510
318	10056290	9285900	9788910	9788900
319	10058310	9286680	9790370	9790380
320	10057120	9286970	9789400	9789400
321	10057480	9285870	9789910	9789910
322	10057390	9286930	9814980	9789300
323	10057710	9286040	9788970	9788970
324	10057710	9286350	9789870	9789870
325	10056670	9286450	9788700	9788700
326	10057790	9286520	9789730	9789730
327	10056760	9286840	9789490	9789490
328	10056680	9286860	9789110	9789430
329	10058420	9286620	9790120	9790120
330	10057660	9287220	9789520	9789520
331	10057110	9286760	9789660	9789660
332	10056620	9286380	9788430	9788430
333	10057800	9286230	9789300	9789300
334	10057270	9286020	9789200	9789200
335	10058370	9286820	9790200	9790200
336	10057370	9287310	9789680	9789680
337	10056880	9286670	9789200	9789200
338	10058860	9287650	9790690	9780450
339	10058040	9287830	9790100	9790100
340	10058020	9288150	9790430	9790430
341	10058500	9288260	9790490	9790490
342	10058230	9288060	9790550	9790550
343	10058430	9287920	9790540	9790540
344	10058630	9288110	9790770	9790770
345	10058500	9287740	9790760	9790760
346	10058560	9287700	9790600	9790600
347	10058580	9288020	9790330	9790330
348	10058730	9288230	9790930	9790930
349	10058320	9287850	9790190	9790190
350	10058640	9288080	9790640	9790630
351	10058220	9287680	9790050	9790060
352	10058550	9288210	9791060	9791060
353	10058440	9288160	9791150	9791150
354	10058780	9288300	9790490	9790490
355	10058480	9288050	9790670	9790670
356	10057910	9287640	9789650	9789650
357	10057930	9287590	9789490	9789510
358	10058060	9287690	9790090	9790090
359	10057790	9287680	9789920	9789920
360	10057720	9287660	9789640	9789640
361	10057630	9287220	9789690	9789690
362	10058350	9287780	9790220	9790220
363	10058350	9288000	9790980	9790970
364	10057750	9287730	9790330	9790340
365	10058350	9287900	9790610	9790610
366	10057890	9287540	9789390	9789390
367	10059820	9288160	9791290	9791290
368	10058820	9288590	9790600	9790600
369	10058190	9288040	9790010	9790010
370	10058540	9288280	9790710	9790710
371	10058970	9288300	9790500	9790500
372	10058660	9288170	9790980	9790980
373	10058800	9288140	9790910	9790910
374	10058660	9288170	9790460	9790460
375	10058280	9287700	9790160	9790160
376	10058650	9288120	9790510	9790510
377	10059010	9288370	9791450	9791450
378	10058290	9287810	9790370	9790370
379	10058960	9288120	9791160	9791160
380	10059230	9288680	9791260	9791250
381	10059710	9289090	9792160	9792170
382	10059420	9288600	9791170	9791170
383	10058490	9287900	9790170	9790170
384	10058610	9288020	9790230	9790230
385	10058630	9288090	9790710	9790710
386	10058890	9288120	9790710	9790310
387	10058660	9287950	9790670	9790670
388	10058960	9288040	9790660	9790660
389	10058330	9287370	9790530	9790530
390	10058420	9287660	9790830	9790830
391	10058910	9287860	9791220	9791220
392	10058390	9287730	9790350	9790350
393	10057730	9287080	9789670	9789670
394	10058150	9287810	9789990	9789990
395	10057420	9287040	9790050	9790040
396	10057160	9286780	9790060	9790070
397	10057330	9287000	9789890	9789890
398	10057480	9286930	9789120	9789120
399	10058450	9287000	9790480	9790480
400	10058310	9288070	9790670	9790670
401	10058330	9287580	9790260	9790260
402	10057930	9287600	9790460	9790460
403	10057530	9287100	9789900	9789900
404	10057050	9286550	9788940	9788940
405	10058700	9286850	9790290	9780060
406	10057200	9286560	9789650	9789660
407	10057640	9286850	9789750	9789750
408	10057340	9286720	9790160	9790160
409	10057360	9286810	9789860	9789860
410	10056870	9286340	9789130	9789130
411	10058220	9286130	9795680	9790320
412	10056580	9286280	9789310	9789310
413	10057990	9285940	9789990	9789990
414	10056350	9286000	9789150	9789150
415	10057680	9286050	9766270	9789950
416	10057570	9286770	9789980	9789980
417	10056490	9286370	9789490	9789490
418	10056210	9285690	9788970	9788970
419	10058900	9287130	9791130	9791130
420	10058250	9287380	9790360	9790360
421	10057840	9287130	9790410	9790410
422	10057480	9286690	9789940	9789940
423	10057900	9287260	9790150	9790150
424	10057940	9287520	9790170	9790170
425	10057940	9287480	9790130	9790130
426	10057660	9287210	9789870	9789870
427	10058130	9287510	9790410	9790410
428	10058370	9287710	9790340	9790340
429	10057990	9287380	9790290	9790290
430	10057300	9286750	9789790	9789790
431	10057520	9287200	9790100	9790100
432	10057700	9287570	9789560	9789540
433	10057510	9287210	9790180	9790180
434	10057820	9287480	9789950	9789950
435	10057580	9286680	9789850	9789850
436	10057260	9286540	9789490	9789490
437	10057400	9286970	9789600	9789920
438	10057040	9286390	9788850	9788850
439	10058750	9286730	9790340	9790340
440	10058320	9287300	9789970	9789980
441	10058400	9287450	9790750	9790740
442	10057810	9287200	9790090	9790100
443	10058670	9287800	9790460	9790460
444	10058480	9287750	9790400	9790390
445	10058840	9288190	9790700	9790700
446	10058520	9287780	9790010	9790020
447	10058090	9287620	9790670	9790350
448	10057470	9286970	9789380	9789380
449	10058600	9286450	9790640	9790640
450	10058750	9287880	9790580	9790580
451	10058160	9287120	9790080	9790070
452	10058290	9287490	9790080	9790090
453	10058050	9287180	9789790	9789790
454	10058750	9287550	9790610	9790630
455	10058360	9287600	9790070	9790070
456	10058260	9287540	9790380	9790380
457	10058420	9287590	9790410	9790410
458	10058120	9287120	9790050	9790050
459	10057970	9287020	9790620	9790620
460	10057860	9286850	9789970	9789970
461	10058250	9287310	9790550	9790540
462	10058850	9287680	9790900	9790900
463	10058610	9287670	9790340	9790350
464	10058410	9287620	9790080	9790080
465	10058520	9287480	9790080	9790150
466	10058410	9287620	9789730	9789740
467	10058310	9287520	9790700	9790700
468	10058900	9288240	9790480	9790480
469	10059410	9288910	9791900	9791900
470	10058670	9288180	9790800	9790800
471	10058890	9288320	9791260	9791260
472	10059310	9288410	9791600	9791600
473	10058690	9288050	9790960	9790960
474	10058220	9287460	9790210	9790210
475	10059050	9288280	9791530	9791530
476	10060030	9288960	9791850	9791850
477	10060270	9289050	9792240	9792240
478	10059690	9288860	9791240	9791240
479	10059480	9288450	9791250	9791250
480	10059850	9288670	9791830	9791830
481	10059150	9288050	9791440	9791440
482	10058780	9287960	9790670	9790670
483	10058660	9287900	9790640	9790640
484	10058640	9287870	9790790	9790790
485	10058960	9287930	9791440	9791440
486	10059210	9288270	9791050	9791050
487	10058360	9287500	9790850	9790850
488	10058050	9287010	9789870	9789860
489	10058150	9286980	9789960	9789970
490	10057720	9287210	9790210	9790210
491	10058050	9287240	9790390	9790390
492	10058890	9288060	9790510	9790510
493	10059280	9288340	9791560	9791560
494	10059340	9288490	9791480	9791480
495	10059140	9288420	9791000	9791000
496	10059560	9288480	9791900	9791900
497	10059680	9288600	9791370	9791370
498	10059050	9287890	9790520	9790520
499	10059170	9288230	9790520	9791320

============================================================
# BITSTREAM: 10ms_3etapas.bit
# VENTANA: 10ms
# ETAPAS_PRINCIPAL: 3
# NUM_MUESTRAS: 500
# FORMATO: idx	freq1_hz	freq2_hz	freq3_hz	freq4_hz
============================================================
idx	freq1_hz	freq2_hz	freq3_hz	freq4_hz
0	34016600	34016700	34785100	34785100
1	34016400	34016300	34784000	34784000
2	34017300	34017400	34784500	34784500
3	34016200	34016100	34784900	34785000
4	34017700	34017700	34788000	34787900
5	34011600	34011600	34784600	34784600
6	34015100	34015200	34785000	34785000
7	34017900	34017800	34783800	34783800
8	34017100	34017200	34783800	34783800
9	34020300	34020300	34788200	34788200
10	34019400	34019300	34787900	34787900
11	34017400	34017500	34785300	34785300
12	34016200	34016100	34784500	34784500
13	34018200	34018200	34785300	34785400
14	34015900	34015900	34786100	34786000
15	34017500	34017500	34786100	34786100
16	34018600	34018600	34787300	34787300
17	34016500	34016500	34786600	34786600
18	34018900	34018900	34788200	34788200
19	34018400	34018500	34786800	34786800
20	34017400	34017300	34785400	34785400
21	34019600	34019600	34788200	34788200
22	34020800	34020900	34788300	34788300
23	34017900	34017800	34786500	34786500
24	34015100	34015100	34783300	34783300
25	34011400	34011400	34781600	34781600
26	34013600	34013700	34782400	34782400
27	34013800	34013700	34784100	34784100
28	34014600	34014600	34784800	34784900
29	34014900	34014900	34785300	34785200
30	34014300	34014300	34784000	34784000
31	34016100	34016200	34784700	34784700
32	34013800	34013700	34784400	34784400
33	34016000	34016000	34784600	34784700
34	34019700	34019700	34789000	34788900
35	34019800	34019800	34787900	34787900
36	34017300	34017300	34787300	34787300
37	34018200	34018300	34785600	34785600
38	34016700	34016600	34786200	34786200
39	34020600	34020600	34788700	34788700
40	34018700	34018700	34786200	34786200
41	34017600	34017700	34785800	34785800
42	34018500	34018500	34787000	34787000
43	34019500	34019400	34786700	34786700
44	34014900	34014900	34785100	34785100
45	34018400	34018400	34786800	34786800
46	34020400	34020400	34788800	34788800
47	34018000	34018000	34787600	34787600
48	34013900	34013900	34783600	34783600
49	34016800	34016800	34785700	34785700
50	34018500	34018500	34788400	34788400
51	34021300	34021300	34790400	34790400
52	34023500	34023500	34791100	34791100
53	34018400	34018400	34787900	34787900
54	34020300	34020300	34790300	34790300
55	34019700	34019700	34789200	34789200
56	34023700	34023700	34790900	34790900
57	34020300	34020300	34787500	34787500
58	34021300	34021300	34787500	34787500
59	34020400	34020500	34788200	34788200
60	34018500	34018400	34788300	34788300
61	34020800	34020800	34789900	34789900
62	34017100	34017100	34788800	34788800
63	34017400	34017400	34788800	34788800
64	34017600	34017600	34789000	34789000
65	34016200	34016200	34786600	34786600
66	34012200	34012200	34784600	34784600
67	34020500	34020500	34789000	34789000
68	34022100	34022100	34791400	34791400
69	34018400	34018500	34788300	34788300
70	34018900	34018800	34787100	34788300
71	34018700	34018700	34787900	34787900
72	34017000	34017000	34787400	34787400
73	34017900	34017900	34787100	34787100
74	34018000	34018100	34787600	34787600
75	34019300	34019300	34786700	34786700
76	34022700	34022600	34789200	34789200
77	34023100	34023100	34789700	34789800
78	34021700	34021700	34789400	34789300
79	34020400	34020400	34787900	34787900
80	34019600	34019600	34788500	34788500
81	34017400	34017400	34785600	34785600
82	34018500	34018500	34787200	34787200
83	34018000	34018000	34786400	34786400
84	34016500	34016600	34784600	34784600
85	34016300	34016200	34783800	34783900
86	34016900	34017000	34784900	34784800
87	34019500	34019400	34787400	34787400
88	34024100	34024100	34792700	34792700
89	34022500	34022500	34792200	34792200
90	34020300	34020300	34790200	34790200
91	34022000	34022100	34788300	34788300
92	34019700	34019600	34786600	34786600
93	34021200	34021200	34788300	34788300
94	34024200	34024300	34789000	34789000
95	34019400	34019300	34787200	34787200
96	34020800	34020800	34787100	34787100
97	34025800	34025900	34788600	34788600
98	34022500	34022400	34786400	34786400
99	34023000	34023000	34787200	34787200
100	34019100	34019100	34786300	34786300
101	34022700	34022800	34788900	34788900
102	34023400	34023300	34789400	34789400
103	34021500	34021500	34787500	34787500
104	34018600	34018600	34787900	34788000
105	34021600	34021600	34788200	34788100
106	34024900	34024900	34788200	34788200
107	34022400	34022500	34786100	34786100
108	34023400	34023300	34788400	34788400
109	34019600	34019700	34787600	34787600
110	34023100	34023000	34788500	34788500
111	34022400	34022400	34786300	34786300
112	34024200	34024200	34787700	34787700
113	34023200	34023200	34789900	34789900
114	34022900	34022900	34789800	34789800
115	34023600	34023600	34791100	34791100
116	34023000	34023000	34788400	34788400
117	34022600	34022600	34788100	34788100
118	34023500	34023500	34789900	34789900
119	34025400	34025400	34789500	34789500
120	34024500	34024600	34788600	34788600
121	34024200	34024200	34788600	34788600
122	34022400	34022300	34788200	34788200
123	34021500	34021500	34787300	34787300
124	34023100	34023100	34787600	34787600
125	34023400	34023400	34789700	34789700
126	34021000	34021000	34788900	34788900
127	34023300	34023300	34787100	34787100
128	34020800	34020800	34786000	34786000
129	34024800	34024800	34788900	34788900
130	34019900	34019900	34784800	34784800
131	34019400	34019400	34784400	34784400
132	34013400	34013500	34784000	34784000
133	34019600	34019500	34787200	34787200
134	34017700	34017700	34783500	34783500
135	34015700	34015700	34784000	34784000
136	34017800	34017800	34784600	34784600
137	34016800	34016800	34783700	34783700
138	34017500	34017600	34784400	34784400
139	34021000	34020900	34788000	34788000
140	34019800	34019800	34787600	34787600
141	34018700	34018800	34785700	34785700
142	34020000	34020000	34787200	34787200
143	34017400	34017300	34786100	34786100
144	34016000	34016000	34783500	34783500
145	34017000	34017100	34786400	34786400
146	34019400	34019300	34789300	34789300
147	34020600	34020700	34789000	34789000
148	34022000	34021900	34791000	34791000
149	34023200	34023200	34790100	34790100
150	34017700	34017700	34785300	34785300
151	34019900	34019900	34786500	34786500
152	34020400	34020500	34787700	34787700
153	34022600	34022500	34787600	34787600
154	34022200	34022300	34787500	34787500
155	34020100	34020000	34788200	34788200
156	34021500	34021500	34789100	34789100
157	34017900	34017900	34786700	34786700
158	34019300	34019300	34786000	34786000
159	34019600	34019600	34785600	34785600
160	34021000	34021000	34786100	34786100
161	34016600	34016600	34783200	34783200
162	34016300	34016300	34783300	34783300
163	34018700	34018700	34785400	34785400
164	34019500	34019500	34786700	34787100
165	34018000	34018000	34785100	34785100
166	34017400	34017500	34785000	34785000
167	34019600	34019500	34786400	34786400
168	34019100	34019200	34784500	34784500
169	34019400	34019300	34784000	34784000
170	34022500	34022600	34787800	34787800
171	34019100	34019000	34785300	34785300
172	34019200	34019200	34785500	34785500
173	34016900	34016900	34785700	34785700
174	34014200	34014200	34783200	34783200
175	34015500	34015600	34784400	34784400
176	34018600	34018500	34786700	34786700
177	34022200	34022200	34787400	34787400
178	34020600	34020700	34785700	34785700
179	34019300	34019200	34785600	34785600
180	34020400	34020400	34786800	34786800
181	34019500	34019500	34785600	34785600
182	34017300	34017400	34785000	34785000
183	34017500	34017500	34786500	34786500
184	34018700	34018600	34788500	34788500
185	34018600	34018700	34786600	34786600
186	34014600	34014500	34785100	34785100
187	34019800	34019900	34787000	34787000
188	34017700	34017600	34784600	34784600
189	34019900	34020000	34786400	34786400
190	34016100	34016000	34781300	34781300
191	34019300	34019300	34783100	34783100
192	34018300	34018300	34783300	34783300
193	34020400	34020400	34786200	34786200
194	34017800	34017800	34782600	34782600
195	34018400	34018500	34784300	34784300
196	34018800	34018800	34783700	34783700
197	34020300	34020300	34786400	34786400
198	34016100	34016000	34783900	34783900
199	34015500	34015600	34782400	34782400
200	34018600	34018500	34785900	34785900
201	34018100	34018100	34784000	34784000
202	34018100	34018100	34784300	34784300
203	34015200	34015300	34780700	34780700
204	34019200	34019100	34783700	34783700
205	34019100	34019100	34785500	34785500
206	34017100	34017200	34783500	34783500
207	34016200	34016100	34781800	34781800
208	34016800	34016900	34783200	34783200
209	34016600	34016500	34784600	34784600
210	34018100	34018200	34784700	34784700
211	34019300	34019200	34785600	34785600
212	34018000	34018000	34783200	34783200
213	34018900	34018900	34783800	34783800
214	34018900	34018900	34785400	34785400
215	34017000	34017000	34784400	34784400
216	34017900	34018000	34784800	34784800
217	34021800	34021700	34789700	34786500
218	34021400	34021400	34788100	34788200
219	34019700	34019700	34785600	34785500
220	34021400	34021400	34786100	34786100
221	34021400	34021400	34787300	34787300
222	34022400	34022400	34785800	34785800
223	34023400	34023400	34788300	34788300
224	34021300	34021300	34785800	34785800
225	34027600	34027600	34790800	34790800
226	34031000	34031100	34792900	34792900
227	34024100	34024000	34787200	34787200
228	34021500	34021500	34786700	34786700
229	34025200	34025300	34787800	34787800
230	34024500	34024400	34786600	34786600
231	34022900	34022900	34786800	34786800
232	34020900	34020900	34786100	34786100
233	34023100	34023100	34786000	34786000
234	34022500	34022500	34785600	34785600
235	34022200	34022300	34785200	34785200
236	34023200	34023100	34784600	34784700
237	34021200	34021200	34786000	34785900
238	34018200	34018200	34784800	34784800
239	34016700	34016700	34784400	34784400
240	34017300	34017300	34784100	34784100
241	34018100	34018200	34785000	34785000
242	34021300	34021300	34787800	34787800
243	34018100	34018100	34783700	34783700
244	34018400	34018400	34784900	34784900
245	34019300	34019200	34784900	34784900
246	34018000	34018000	34786500	34786500
247	34015600	34015700	34784000	34784000
248	34012400	34012300	34780500	34780500
249	34015600	34015700	34783100	34783100
250	34014500	34014500	34781800	34781800
251	34018800	34018700	34784000	34784000
252	34018400	34018400	34785100	34785100
253	34020000	34020000	34785000	34785000
254	34017300	34017300	34783400	34783400
255	34020800	34020800	34785400	34785400
256	34024300	34024300	34788000	34788000
257	34019500	34019500	34782700	34782700
258	34021400	34021400	34784200	34784200
259	34018300	34018300	34782600	34785800
260	34015600	34015700	34782400	34782400
261	34017600	34017500	34782300	34782300
262	34019600	34019600	34783000	34783000
263	34019500	34019500	34782700	34782700
264	34019400	34019400	34784900	34784900
265	34017800	34017900	34784800	34784800
266	34015600	34015500	34782100	34782100
267	34017300	34017300	34782800	34782800
268	34017600	34017600	34782600	34782600
269	34021600	34021600	34783400	34783400
270	34019500	34019500	34782800	34782800
271	34020700	34020700	34785900	34785900
272	34018200	34018200	34783300	34783300
273	34018700	34018700	34785200	34785200
274	34018200	34018200	34783700	34783700
275	34021000	34021000	34786800	34786800
276	34021800	34021800	34786500	34786500
277	34018200	34018200	34783500	34783500
278	34017900	34018000	34784000	34784000
279	34018200	34018100	34785000	34785000
280	34019800	34019800	34786400	34786400
281	34019800	34019800	34785600	34785600
282	34020000	34020000	34786300	34786300
283	34022100	34022200	34788900	34788900
284	34024100	34024000	34789100	34789100
285	34021600	34021600	34787700	34787700
286	34020300	34020300	34785700	34785800
287	34017700	34017700	34785000	34784900
288	34016900	34017000	34783300	34783300
289	34015900	34015800	34781600	34781600
290	34019900	34019900	34786500	34786500
291	34017300	34017400	34784700	34784700
292	34016200	34016200	34784400	34784400
293	34016000	34015900	34782900	34782900
294	34015500	34015500	34785500	34785500
295	34014500	34014500	34785100	34785100
296	34016100	34016100	34786200	34786200
297	34017700	34017700	34785200	34785200
298	34015700	34015700	34785300	34785300
299	34015800	34015800	34786400	34786400
300	34016600	34016700	34784500	34784500
301	34012700	34012600	34781100	34781100
302	34014400	34014400	34783300	34783300
303	34011600	34011600	34783600	34783600
304	34013300	34013300	34782200	34782200
305	34013200	34013300	34783100	34783100
306	34010400	34010300	34781300	34781300
307	34009600	34009600	34782900	34782900
308	34013200	34013300	34785400	34785400
309	34012900	34012800	34784500	34784500
310	34013300	34013300	34784700	34784700
311	34016500	34016600	34784800	34784800
312	34016900	34016800	34786200	34786200
313	34015700	34015700	34785800	34785800
314	34013400	34013500	34785800	34785800
315	34015800	34015700	34786500	34786500
316	34012000	34012000	34784300	34784300
317	34012900	34012900	34784500	34784500
318	34014000	34014000	34785600	34785600
319	34015300	34015300	34787000	34787000
320	34014800	34014800	34786000	34786000
321	34013000	34013000	34784500	34784500
322	34013600	34013600	34784000	34784000
323	34015500	34015500	34787300	34787300
324	34015700	34015700	34788300	34788300
325	34010400	34010400	34782300	34782300
326	34014700	34014700	34783400	34783400
327	34014700	34014700	34784500	34784500
328	34012600	34012600	34782800	34782800
329	34014100	34014100	34783100	34783100
330	34017400	34017400	34784700	34784700
331	34018100	34018100	34786400	34786400
332	34016500	34016500	34785100	34785100
333	34013000	34013100	34782800	34782800
334	34015300	34015200	34783800	34783800
335	34012700	34012700	34783200	34783200
336	34012200	34012200	34784100	34784100
337	34014600	34014600	34789100	34789100
338	34016100	34016100	34790300	34790300
339	34016100	34016200	34788000	34788000
340	34014200	34014100	34787100	34787100
341	34010400	34010400	34785100	34785000
342	34009900	34009900	34783800	34783900
343	34008800	34008900	34783300	34783300
344	34009000	34008900	34783200	34783200
345	34009500	34009500	34783300	34783300
346	34011900	34011900	34785600	34785600
347	34011900	34011900	34786300	34786300
348	34014200	34014200	34787200	34787200
349	34010100	34010100	34782400	34782400
350	34012500	34012500	34786500	34786500
351	34010300	34010300	34781900	34781900
352	34015100	34015100	34786700	34786700
353	34016100	34016200	34786900	34786900
354	34016100	34016000	34785200	34785200
355	34018400	34018500	34789900	34789900
356	34018000	34018000	34789800	34789800
357	34018100	34018100	34788300	34788300
358	34020500	34020400	34791500	34791500
359	34021000	34021000	34790900	34790900
360	34016800	34016900	34788200	34788200
361	34015900	34015800	34787100	34787100
362	34014600	34014600	34786700	34786700
363	34011300	34011300	34784500	34785900
364	34012100	34012100	34785100	34785100
365	34014200	34014200	34785100	34785100
366	34012900	34013000	34783800	34783800
367	34013100	34013000	34783800	34783800
368	34012900	34012900	34783300	34783300
369	34015600	34015700	34787700	34787700
370	34013600	34013500	34787800	34787800
371	34015000	34015000	34788200	34788200
372	34014100	34014200	34786500	34786500
373	34013500	34013400	34786500	34786500
374	34011100	34011100	34786700	34786700
375	34010900	34010900	34783800	34783800
376	34012700	34012700	34784700	34784700
377	34010100	34010200	34784000	34784000
378	34010300	34010200	34783500	34783500
379	34011600	34011700	34783500	34783500
380	34016700	34016700	34787400	34787400
381	34013000	34012900	34786000	34786000
382	34009100	34009100	34782500	34782500
383	34007700	34007700	34782000	34781900
384	34010700	34010700	34782300	34782400
385	34011200	34011300	34785100	34785100
386	34010000	34009900	34786000	34786000
387	34011400	34011400	34787600	34787600
388	34008500	34008500	34786500	34786500
389	34011900	34012000	34786700	34786700
390	34012400	34012300	34785500	34785500
391	34012600	34012600	34786300	34786300
392	34011000	34011000	34785000	34785000
393	34012600	34012700	34787100	34787100
394	34010000	34010000	34785800	34785800
395	34012800	34012700	34787900	34787900
396	34013100	34013100	34787800	34787800
397	34012500	34012600	34787800	34787800
398	34013000	34012900	34785000	34785000
399	34011100	34011100	34785100	34785100
400	34011100	34011100	34783900	34783900
401	34010300	34010400	34783000	34783000
402	34012100	34012000	34785000	34785000
403	34017900	34017900	34789200	34789200
404	34016700	34016700	34787600	34787600
405	34013100	34013100	34784200	34784200
406	34013300	34013300	34784800	34784800
407	34013300	34013300	34786600	34786600
408	34015900	34015900	34786800	34786800
409	34013400	34013400	34783700	34783700
410	34015700	34015700	34787100	34787100
411	34011600	34011700	34783300	34783300
412	34013100	34013000	34785600	34785600
413	34009500	34009500	34781800	34781800
414	34007700	34007700	34781800	34781800
415	34007100	34007100	34780800	34780800
416	34005400	34005500	34780300	34780300
417	34006300	34006200	34780000	34780000
418	34006600	34006700	34780600	34780600
419	34010200	34010100	34782500	34782500
420	34009500	34009500	34782900	34782900
421	34009700	34009700	34784500	34784500
422	34009300	34009400	34783400	34783400
423	34005600	34005600	34778500	34778500
424	34008700	34008600	34781000	34781000
425	34009200	34009200	34779600	34779600
426	34008500	34008500	34779900	34779900
427	34009000	34009000	34780500	34780500
428	34007200	34007200	34780700	34780700
429	34007800	34007800	34781100	34781100
430	34009100	34009100	34779500	34779500
431	34010200	34010300	34780900	34780900
432	34009700	34009600	34782500	34782500
433	34009300	34009400	34782300	34782300
434	34008500	34008400	34782200	34782300
435	34010800	34010800	34784700	34784600
436	34011500	34011500	34782000	34782000
437	34010900	34010900	34783400	34783400
438	34010600	34010600	34783900	34783900
439	34015900	34016000	34786500	34786500
440	34012300	34012200	34785600	34785600
441	34012600	34012600	34785800	34785800
442	34010800	34010900	34783400	34783400
443	34010100	34010000	34784600	34784600
444	34013100	34013100	34785200	34785200
445	34011400	34011400	34784600	34784600
446	34013500	34013500	34786900	34786900
447	34014000	34014000	34787500	34787500
448	34014700	34014700	34786400	34786400
449	34012400	34012400	34784100	34784100
450	34014400	34014400	34784300	34784300
451	34010700	34010800	34782200	34782200
452	34015600	34015500	34786400	34786400
453	34014500	34014600	34785500	34785500
454	34016000	34015900	34786200	34786200
455	34015300	34015400	34786800	34786800
456	34018400	34018400	34787500	34787500
457	34015900	34015800	34784200	34784200
458	34016700	34016800	34785000	34785000
459	34014500	34014500	34785000	34785000
460	34015600	34015600	34786800	34786800
461	34014200	34014100	34785100	34785100
462	34015200	34015200	34786700	34786700
463	34016100	34016100	34789200	34789200
464	34016400	34016400	34791100	34791100
465	34016700	34016700	34789200	34789200
466	34017200	34017300	34788000	34788000
467	34019200	34019200	34791300	34791300
468	34018400	34018300	34791300	34791300
469	34011800	34011800	34787300	34787300
470	34016000	34016000	34786800	34786800
471	34017100	34017100	34789500	34789500
472	34018400	34018400	34790500	34790500
473	34019900	34020000	34791100	34791100
474	34019100	34019100	34788500	34788500
475	34017900	34017800	34786600	34786600
476	34016300	34016300	34787600	34787600
477	34017800	34017800	34790300	34790300
478	34015400	34015400	34787800	34787800
479	34021300	34021300	34792100	34792100
480	34022300	34022300	34792400	34792400
481	34022600	34022600	34790400	34790400
482	34021700	34021700	34791300	34791300
483	34021600	34021700	34791500	34791500
484	34020500	34020400	34791500	34791500
485	34018300	34018300	34788600	34788600
486	34019300	34019400	34788700	34788700
487	34018500	34018400	34789600	34789600
488	34019800	34019800	34789800	34789800
489	34021100	34021100	34789800	34789800
490	34017700	34017700	34788100	34788100
491	34016500	34016500	34788600	34788600
492	34016500	34016500	34786000	34786000
493	34016900	34016900	34788500	34788500
494	34017100	34017200	34788500	34788500
495	34014100	34014000	34785500	34785500
496	34017100	34017200	34788000	34788000
497	34020100	34020000	34789000	34789000
498	34022500	34022500	34790600	34790600
499	34021400	34021500	34791700	34791700

============================================================
# BITSTREAM: 10ms_5etapas.bit
# VENTANA: 10ms
# ETAPAS_PRINCIPAL: 5
# NUM_MUESTRAS: 500
# FORMATO: idx	freq1_hz	freq2_hz	freq3_hz	freq4_hz
============================================================
idx	freq1_hz	freq2_hz	freq3_hz	freq4_hz
0	0	33406400	33406400	33406400
1	33406900	33406900	33406900	33406900
2	33405100	33405100	33405100	33405100
3	33402600	33402600	33402600	33402600
4	33406100	33406100	33406100	33406100
5	33406200	33406200	33406200	33406200
6	33406400	33406400	33406400	33406400
7	33407400	33407400	33407400	33407400
8	33404500	33404500	33407500	33404500
9	33402000	33402000	33402000	33402000
10	33403200	33403200	33403200	33403200
11	33403600	33403600	33403600	33403600
12	33404600	33404600	33404600	33404600
13	33406200	33406300	33406200	33406200
14	33408700	33408600	33408700	33408700
15	33404800	33404800	33404800	33404800
16	33404200	33404200	33404200	33404200
17	33403800	33403800	33403800	33403800
18	33406600	33406600	33406600	33406600
19	33405300	33405300	33405300	33405300
20	33403200	33403200	33403200	33403200
21	33404000	33404000	33404000	33404000
22	33402300	33402300	33402300	33402200
23	33402100	33402100	33402100	33402200
24	33404400	33404400	33404400	33404400
25	33405200	33405200	33405200	33405200
26	33406200	33406200	33406200	33406100
27	33406600	33403400	33403300	33403400
28	33402100	33402100	33402200	33402100
29	33401500	33401500	33401500	33401600
30	33403300	33403300	33403300	33403300
31	33399300	33399300	33399300	33399300
32	33403000	33403000	33403000	33403000
33	33404600	33404600	33404600	33404600
34	33403600	33403600	33403600	33403600
35	33402700	33402800	33402700	33402700
36	33401100	33401000	33401100	33401100
37	33402800	33402800	33402800	33402800
38	33402500	33402500	33402500	33402500
39	33400900	33400900	33402500	33400900
40	33399900	33399900	33399900	33399800
41	33397800	33397800	33397800	33397900
42	33400600	33400600	33400600	33400600
43	33399700	33399700	33399700	33399700
44	33398900	33398900	33398900	33398900
45	33402200	33402200	33402200	33402200
46	33401700	33401700	33401700	33401700
47	33399400	33399400	33399400	33399400
48	33399800	33399800	33399800	33399800
49	33401900	33401900	33401900	33401900
50	33401400	33401400	33401400	33401400
51	33398500	33398500	33398500	33398500
52	33400200	33400200	33400100	33400100
53	33401300	33401300	33401400	33401400
54	33400400	33400500	33400400	33400400
55	33402500	33402400	33402500	33402500
56	33401100	33401100	33401100	33401100
57	33401400	33401400	33401400	33401400
58	33400000	33400000	33400000	33400000
59	33401600	33401600	33401600	33401600
60	33399500	33399500	33399500	33399500
61	33401700	33401700	33401700	33401700
62	33404400	33404400	33402800	33404400
63	33401600	33401600	33401600	33401600
64	33402600	33402600	33402600	33402600
65	33403100	33403000	33403100	33403100
66	33403500	33403500	33403500	33403500
67	33402100	33402100	33402100	33402100
68	33398200	33398200	33398200	33398200
69	33398700	33398700	33398300	33398700
70	33399400	33399500	33399400	33399400
71	33398600	33398600	33398500	33398500
72	33399500	33399600	33399600	33399600
73	33397200	33397200	33397200	33397200
74	33398400	33398300	33398400	33398400
75	33399900	33399900	33399900	33399900
76	33398800	33398800	33398800	33398800
77	33398500	33398500	33398500	33398500
78	33397900	33397900	33397900	33397900
79	33397700	33397700	33397900	33397700
80	33398900	33398900	33398900	33398900
81	33398000	33398000	33397900	33397900
82	33398100	33398100	33398200	33398200
83	33399500	33399500	33399500	33399500
84	33399500	33399500	33399500	33399500
85	33399400	33399400	33399400	33399300
86	33396500	33396500	33396500	33396500
87	33398300	33398300	33398300	33398300
88	33395600	33395600	33395600	33395700
89	33396800	33396800	33396800	33396800
90	33394900	33394900	33394900	33394900
91	33397400	33397400	33397400	33397400
92	33399500	33399500	33399500	33399500
93	33400600	33400600	33400600	33400600
94	33399200	33399200	33399200	33399200
95	33399900	33399900	33399900	33399800
96	33401700	33401700	33401700	33401800
97	33400400	33400400	33400300	33400300
98	33401500	33401500	33401600	33401600
99	33402100	33402100	33402100	33402100
100	33402600	33402600	33402600	33402600
101	33401200	33401200	33407600	33401100
102	33403200	33403200	33403200	33403300
103	33404900	33405000	33404900	33404900
104	33404100	33404000	33404100	33404100
105	33405000	33405000	33405000	33405000
106	33405000	33405000	33404900	33404900
107	33405900	33405900	33406000	33406000
108	33405000	33405000	33405000	33405000
109	33406200	33406200	33406200	33406200
110	33402000	33402000	33402000	33401900
111	33402600	33402600	33402600	33402700
112	33405500	33405500	33405400	33405400
113	33404300	33404300	33404300	33404300
114	33400200	33400200	33400300	33400300
115	33401700	33401700	33401700	33401700
116	33403400	33403400	33403400	33403400
117	33403200	33403300	33403200	33403200
118	33400300	33400200	33400300	33400300
119	33400400	33400400	33400400	33400400
120	33400600	33400600	33400600	33400600
121	33399000	33399000	33399000	33399000
122	33401200	33401200	33401200	33401200
123	33402100	33402100	33402000	33402000
124	33400900	33400900	33401000	33401000
125	33398600	33398600	33398500	33398500
126	33401400	33401400	33401500	33401400
127	33399400	33399400	33399400	33399500
128	33400500	33400500	33400500	33400500
129	33400300	33400300	33400300	33400300
130	33402700	33402700	33402700	33402700
131	33403000	33403000	33403000	33403000
132	33403000	33403000	33402900	33402900
133	33406900	33406900	33406900	33406900
134	33403900	33403900	33404000	33404000
135	33402800	33402800	33402800	33402700
136	33403900	33403900	33403900	33404000
137	33403400	33403400	33403400	33403400
138	33400600	33400600	33400600	33400600
139	33401000	33401100	33401000	33401000
140	33402400	33402300	33402400	33402300
141	33404000	33404000	33404000	33404100
142	33402800	33402800	33404000	33402700
143	33404100	33404100	33404100	33404200
144	33402700	33402700	33402700	33402700
145	33405100	33405100	33405100	33405000
146	33404900	33404900	33404900	33405000
147	33401200	33401200	33401200	33401200
148	33400500	33400500	33400500	33400500
149	33400300	33400300	33400300	33400300
150	33398000	33398000	33398000	33397900
151	33399100	33399100	33399100	33399200
152	33400300	33400300	33400300	33400300
153	33398700	33398700	33398700	33398600
154	33399000	33399000	33399000	33399100
155	33400600	33400600	33400600	33400600
156	33399600	33399600	33399600	33399600
157	33399100	33399100	33399100	33399100
158	33398400	33398400	33398400	33398400
159	33399900	33399900	33399900	33399900
160	33399400	33399400	33399900	33399300
161	33399900	33399900	33399900	33400000
162	33399600	33399600	33399600	33399500
163	33401200	33401200	33401100	33401200
164	33401400	33401400	33401500	33401500
165	33401000	33401000	33401000	33401000
166	33400000	33400000	33400000	33400000
167	33398700	33398700	33400100	33398600
168	33398900	33398900	33398900	33399000
169	33398400	33398400	33398400	33398400
170	33396700	33396700	33396700	33396700
171	33398200	33398200	33398200	33398200
172	33396900	33396900	33396900	33396900
173	33398700	33398700	33398600	33398600
174	33398600	33398600	33398700	33398700
175	33398100	33398100	33398100	33398000
176	33396100	33396100	33396100	33396200
177	33398400	33398400	33398400	33398400
178	33400500	33400500	33400500	33400500
179	33399700	33399700	33399700	33399700
180	33398700	33398700	33398700	33398700
181	33404200	33404300	33404100	33404100
182	33399300	33399300	33399400	33399400
183	33400600	33400600	33400600	33400600
184	33401500	33401500	33401500	33401500
185	33400500	33400500	33400500	33400500
186	33400200	33400200	33400200	33400200
187	33399100	33399100	33399000	33399000
188	33400200	33400200	33400300	33400300
189	33397900	33397900	33397900	33397800
190	33402500	33402500	33402500	33402600
191	33404000	33404000	33404000	33404000
192	33403900	33403900	33403900	33403900
193	33402100	33402100	33402100	33402100
194	33401500	33401600	33401500	33401500
195	33401200	33401100	33401200	33401200
196	33401000	33401000	33401000	33401000
197	33400100	33400100	33400100	33400100
198	33401900	33401900	33401900	33401900
199	33400000	33400000	33400000	33400000
200	33400600	33400600	33400600	33400600
201	33401300	33401300	33401200	33401200
202	33401800	33401800	33401300	33401800
203	33401600	33401600	33401600	33401600
204	33399200	33399200	33399200	33399300
205	33398200	33398200	33398200	33398200
206	33398000	33398000	33398000	33398000
207	33399000	33399000	33399000	33398900
208	33399600	33399600	33399600	33399700
209	33400000	33400000	33400000	33400000
210	33399800	33399800	33399800	33399800
211	33400700	33400700	33400600	33400600
212	33399000	33399000	33399100	33399100
213	33400000	33400000	33400000	33399900
214	33399400	33399400	33399400	33399500
215	33399800	33399800	33399800	33399800
216	33400300	33400300	33400300	33400300
217	33398000	33398000	33401200	33398000
218	33397600	33397600	33397600	33397600
219	33397800	33397800	33397800	33397800
220	33395600	33395600	33395600	33395600
221	33395400	33395400	33395400	33395400
222	33395300	33395300	33395300	33395300
223	33394200	33394200	33394200	33394200
224	33397100	33397100	33397100	33397100
225	33398400	33395500	33398400	33398400
226	33396700	33396700	33399700	33396700
227	33395700	33395700	33395700	33395700
228	33392400	33392400	33392400	33392400
229	33397200	33397200	33397200	33397200
230	33397300	33397300	33397300	33397200
231	33399300	33399300	33399300	33399400
232	33398100	33398100	33398100	33398000
233	33397200	33397200	33397200	33397300
234	33398000	33398000	33398000	33397900
235	33399300	33399300	33399300	33399400
236	33398100	33398100	33399300	33398100
237	33397000	33397000	33397000	33397000
238	33397000	33397000	33397000	33397000
239	33397800	33397800	33397800	33397800
240	33397500	33397500	33397500	33397500
241	33394800	33394800	33394800	33394800
242	33391800	33391800	33391800	33391800
243	33389100	33389000	33389100	33389100
244	33391000	33391000	33391000	33391000
245	33392000	33392000	33392000	33392000
246	33393300	33393300	33393300	33393300
247	33390000	33390000	33390000	33390000
248	33390700	33390700	33390700	33390700
249	33395500	33395500	33395500	33395500
250	33393300	33393300	33393300	33393300
251	33394900	33394900	33394900	33394900
252	33393600	33393600	33393600	33393600
253	33393800	33393800	33393800	33393800
254	33392400	33392400	33392400	33392400
255	33391500	33391500	33392900	33391500
256	33392400	33392400	33392400	33392300
257	33392500	33392500	33392500	33392600
258	33392100	33392100	33392100	33392100
259	33394400	33394400	33394400	33394400
260	33395400	33395400	33395400	33395400
261	33393200	33393200	33393200	33393200
262	33393400	33393400	33393400	33393400
263	33393800	33393800	33393800	33393800
264	33392200	33392200	33392200	33392200
265	33394900	33394900	33394900	33394900
266	33392800	33392800	33392800	33392800
267	33392600	33392600	33392600	33392600
268	33392600	33392600	33392600	33392600
269	33393500	33393500	33393400	33393400
270	33394600	33394600	33394700	33394700
271	33394900	33394900	33394900	33394900
272	33394000	33394000	33394000	33394000
273	33392700	33392700	33392700	33392700
274	33390200	33390200	33390200	33390200
275	33391500	33391500	33391500	33391500
276	33391000	33391000	33391400	33391000
277	33390300	33390300	33390300	33390300
278	33389300	33389300	33389300	33389300
279	33390400	33390400	33390300	33390300
280	33390000	33390000	33390100	33390000
281	33391800	33391800	33391800	33391900
282	33392900	33392900	33392900	33392900
283	33392600	33392600	33392600	33392600
284	33390700	33390700	33390700	33390700
285	33390600	33390600	33390600	33390600
286	33392700	33392700	33392700	33392600
287	33392600	33392600	33392600	33392700
288	33390600	33390600	33390600	33390500
289	33391800	33391800	33391800	33391900
290	33394200	33394200	33391000	33394100
291	33392300	33392300	33392300	33392400
292	33389100	33389100	33392300	33389000
293	33393600	33393600	33393600	33393700
294	33394300	33394300	33394300	33394300
295	33393400	33393400	33393400	33393400
296	33393600	33393600	33393600	33393600
297	33393400	33393400	33393300	33393300
298	33394500	33394500	33394500	33394500
299	33392600	33392600	33392700	33392700
300	33393000	33393000	33393000	33393000
301	33392800	33392800	33392800	33392700
302	33394500	33394500	33394500	33394600
303	33394500	33394500	33394500	33394500
304	33391400	33391400	33391400	33391400
305	33392600	33392600	33392500	33392500
306	33392900	33392900	33393000	33393000
307	33391200	33391200	33391200	33391200
308	33394400	33394400	33394400	33394400
309	33394100	33394100	33394100	33394100
310	33393600	33393600	33393500	33393500
311	33393500	33393500	33393500	33393500
312	33394500	33394500	33394600	33394600
313	33394100	33394200	33394100	33394100
314	33392600	33392500	33392500	33392500
315	33397700	33400900	33397800	33397800
316	33395600	33395700	33395600	33395600
317	33396400	33396300	33396400	33396400
318	33393700	33393700	33393700	33393700
319	33394500	33394500	33394500	33394400
320	33395800	33395800	33395800	33395900
321	33396400	33396400	33396400	33396400
322	33394700	33394700	33394700	33394700
323	33392900	33392900	33392900	33392900
324	33394900	33394900	33394900	33394900
325	33395700	33395700	33395700	33395700
326	33396600	33396600	33396600	33396600
327	33396400	33396400	33396400	33396400
328	33396000	33396000	33396000	33396000
329	33393500	33393500	33393500	33393500
330	33390600	33390600	33390600	33390600
331	33391900	33391900	33391900	33391900
332	33391700	33391700	33391700	33391700
333	33391400	33391400	33391400	33391400
334	33394400	33394400	33394400	33394400
335	33394200	33394200	33394200	33394200
336	33394700	33394700	33394700	33394700
337	33393600	33393600	33393600	33393600
338	33392200	33392200	33392200	33392200
339	33391500	33391500	33391500	33391500
340	33393100	33393100	33393100	33393100
341	33392400	33392400	33392400	33392400
342	33392100	33392100	33392100	33392100
343	33392600	33392600	33392600	33392500
344	33393500	33393500	33393500	33393600
345	33395200	33405100	33395200	33395200
346	33395600	33395600	33395600	33395600
347	33395200	33395200	33395200	33395200
348	33396000	33396000	33395900	33395900
349	33392000	33392000	33392100	33392100
350	33392600	33392600	33392500	33392500
351	33391800	33391800	33391900	33391900
352	33394100	33394100	33394100	33394100
353	33395700	33395700	33395700	33395700
354	33397100	33397100	33397100	33397100
355	33396300	33396300	33396300	33396300
356	33394800	33394800	33394800	33394700
357	33393700	33393700	33393700	33393800
358	33393900	33393900	33393900	33393900
359	33393200	33393200	33393200	33393200
360	33394500	33394500	33394500	33394500
361	33396000	33396000	33396000	33396000
362	33393500	33393500	33393500	33393500
363	33393500	33393500	33393500	33393500
364	33394400	33394500	33394400	33394400
365	33395000	33394900	33394900	33394900
366	33395900	33395900	33395900	33395900
367	33395900	33395900	33396000	33396000
368	33394000	33394000	33394000	33394000
369	33396600	33396600	33396500	33396500
370	33396500	33396500	33396600	33396600
371	33395700	33395800	33395700	33395700
372	33397400	33397300	33397400	33397300
373	33396800	33396900	33396800	33396900
374	33396700	33396700	33396700	33396700
375	33398100	33398100	33398100	33398100
376	33399500	33399300	33399500	33399500
377	33399600	33399600	33399600	33399600
378	33397400	33397400	33397400	33397300
379	33398100	33398100	33398100	33398200
380	33398000	33398000	33398000	33398000
381	33399100	33399100	33399100	33399100
382	33398700	33398700	33398700	33398600
383	33397600	33397600	33397600	33397700
384	33399800	33399800	33399800	33399800
385	33397200	33397200	33397200	33397100
386	33397100	33397100	33397100	33397200
387	33394200	33394200	33394200	33394200
388	33396000	33396000	33396000	33396000
389	33395700	33395700	33395700	33395700
390	33395200	33395200	33395200	33395200
391	33395200	33395200	33395200	33395100
392	33396000	33396000	33396000	33396100
393	33395700	33395700	33395700	33395700
394	33393400	33393400	33393400	33393400
395	33392200	33392200	33392200	33392200
396	33394800	33394800	33394800	33394800
397	33395800	33395800	33394800	33395800
398	33395500	33395500	33395500	33395500
399	33396700	33396700	33396700	33396700
400	33397500	33397500	33397500	33397500
401	33397800	33397800	33397500	33397700
402	33398600	33398600	33398600	33398700
403	33399800	33399800	33399800	33399800
404	33397100	33397100	33397100	33397100
405	33398600	33398600	33398600	33398500
406	33396400	33396400	33396400	33396500
407	33396400	33396400	33396400	33396400
408	33394900	33394900	33394900	33394900
409	33392300	33392300	33392300	33392300
410	33396200	33396200	33396200	33396200
411	33396100	33396100	33396100	33396100
412	33395100	33395100	33395100	33395100
413	33395200	33395200	33395200	33395200
414	33394200	33394200	33394200	33394200
415	33395200	33395200	33395200	33395200
416	33396600	33396600	33396600	33396600
417	33395100	33395100	33395100	33395100
418	33394900	33394900	33394900	33394900
419	33394300	33394400	33394300	33394300
420	33395800	33395700	33395800	33395800
421	33396700	33396700	33396700	33396700
422	33397800	33397800	33397800	33397800
423	33395100	33395100	33395100	33395100
424	33396500	33396500	33396500	33396500
425	33392300	33392300	33392200	33392200
426	33392000	33392000	33392100	33392100
427	33392900	33392900	33392900	33392900
428	33390800	33390800	33390800	33390800
429	33390000	33390000	33390000	33390000
430	33388800	33388800	33388800	33388800
431	33391500	33391500	33391500	33391500
432	33393400	33393400	33393400	33393400
433	33394100	33394100	33394100	33394100
434	33394400	33394400	33394400	33394300
435	33394300	33394300	33394300	33394300
436	33394000	33394000	33394000	33394100
437	33394100	33394100	33394100	33394000
438	33394300	33394300	33394300	33394400
439	33393600	33393600	33393600	33393500
440	33396500	33396500	33396400	33396500
441	33394600	33394600	33394600	33394600
442	33395000	33395000	33395000	33395000
443	33396700	33396700	33396800	33396800
444	33395800	33395800	33395800	33395800
445	33398400	33398400	33398400	33398400
446	33397600	33397600	33397600	33397600
447	33396000	33396000	33396000	33396000
448	33395800	33395800	33395800	33395800
449	33394900	33394900	33394900	33394900
450	33393400	33393400	33393400	33393400
451	33391200	33391200	33391200	33391200
452	33393200	33393200	33393200	33393200
453	33396000	33396000	33396000	33395900
454	33394400	33394400	33394400	33394500
455	33396300	33396300	33396300	33396300
456	33394900	33394900	33394800	33394800
457	33393200	33393200	33393300	33393200
458	33392300	33392300	33392300	33392400
459	33394000	33394000	33394000	33394000
460	33395800	33395800	33395800	33395800
461	33394500	33394500	33394500	33394400
462	33396600	33396600	33396600	33396600
463	33397400	33397400	33397400	33397500
464	33394300	33394300	33394300	33394300
465	33393200	33393200	33393200	33393200
466	33394800	33394800	33394800	33394800
467	33393500	33393500	33393500	33393500
468	33395000	33395000	33395000	33395000
469	33395200	33395200	33395200	33395100
470	33397500	33397500	33397500	33397600
471	33397900	33397900	33397900	33397900
472	33396900	33396900	33396900	33396900
473	33397800	33397700	33397700	33397700
474	33397500	33397500	33397600	33397600
475	33399100	33399200	33399100	33399100
476	33398100	33398000	33398100	33398100
477	33397600	33397600	33397600	33397600
478	33397800	33397800	33397800	33397800
479	33396000	33396000	33395900	33395900
480	33396200	33396200	33396300	33396200
481	33395000	33395000	33395000	33395100
482	33398400	33398400	33398400	33398400
483	33398900	33398900	33398900	33398900
484	33398200	33398200	33398200	33398200
485	33400400	33400400	33400400	33400400
486	33398200	33398200	33398200	33398200
487	33399700	33399700	33399700	33399600
488	33400000	33400000	33400000	33400100
489	33398000	33398000	33398000	33398000
490	33399900	33399900	33399900	33399900
491	33399500	33399500	33399500	33399500
492	33398900	33398900	33398900	33398900
493	33398000	33398000	33398000	33398000
494	33396200	33396200	33396200	33396200
495	33396300	33396300	33396300	33396300
496	33397100	33397100	33397100	33397100
497	33397300	33397300	33397300	33397300
498	33396900	33396900	33396900	33396900
499	33395300	33395300	33395300	33395200

============================================================
# BITSTREAM: 10ms_51etapas.bit
# VENTANA: 10ms
# ETAPAS_PRINCIPAL: 51
# NUM_MUESTRAS: 500
# FORMATO: idx	freq1_hz	freq2_hz	freq3_hz	freq4_hz
============================================================
idx	freq1_hz	freq2_hz	freq3_hz	freq4_hz
0	13555500	13880800	12599800	11757200
1	13555300	13883100	12598800	11755900
2	13556400	13882200	12601200	11756400
3	13556200	13877200	12600300	11753300
4	13555100	13875400	12599500	11754300
5	13555100	13873600	12599600	11754600
6	13555600	13882800	12599200	11756500
7	13554500	13880600	12599700	11756800
8	13555500	13881400	12599000	11753700
9	13555300	13878300	12598400	11752100
10	13554700	13878600	12599600	11752700
11	13555500	13876700	12598200	11751400
12	13555200	13877500	12599300	11754000
13	13554400	13877000	12599200	11755500
14	13553800	13873100	12597900	11753400
15	13554400	13881000	12598400	11755600
16	13553500	13874700	12597400	11754400
17	13553700	13878900	12597700	11752700
18	13552900	13879900	12597200	11752300
19	13553500	13877800	12597800	11751100
20	13553000	13879300	12598500	11750500
21	13554300	13881100	12598100	11753600
22	13553600	13880200	12598000	11753000
23	13554800	13879400	12598300	11753200
24	13555100	13879200	12598300	11753500
25	13554300	13878000	12597800	11754700
26	13554600	13879400	12599600	11753900
27	13555300	13878600	12598500	11753700
28	13554100	13876000	12597000	11751000
29	13553400	13880500	12597800	11751700
30	13553600	13879400	12597200	11754800
31	13551600	13875300	12595800	11751200
32	13552600	13877000	12597400	11750600
33	13552400	13872100	12597200	11752700
34	13553300	13877600	12596900	11755300
35	13552000	13879200	12597500	11750400
36	13552000	13877200	12596700	11754700
37	13551500	13874000	12597100	11752600
38	13552000	13873400	12596000	11751200
39	13553300	13874300	12597300	11755500
40	13552100	13871400	12596400	11753200
41	13552100	13875700	12597400	11750100
42	13551800	13876800	12597300	11754100
43	13551700	13871700	12596500	11756400
44	13551500	13876500	12595800	11751900
45	13551400	13878300	12596900	11749300
46	13551600	13873900	12596700	11750600
47	13550900	13869700	12595500	11752800
48	13551200	13877100	12596600	11749700
49	13551300	13875000	12596800	11749700
50	13551000	13875700	12596100	11750800
51	13551200	13876400	12597100	11753700
52	13551700	13876200	12597500	11754000
53	13551300	13878800	12597600	11754200
54	13551200	13876000	12595300	11750600
55	13551600	13880100	12597100	11750600
56	13551500	13876600	12596000	11749400
57	13552600	13879800	12597800	11751100
58	13552900	13876900	12596600	11754200
59	13552700	13874700	12597500	11752600
60	13552500	13879300	12596900	11752400
61	13552700	13880800	12596700	11752500
62	13552000	13881600	12596600	11754200
63	13552200	13880300	12597200	11751900
64	13552400	13876600	12596300	11751700
65	13551700	13878200	12597300	11750600
66	13552100	13880100	12597700	11752400
67	13553300	13879000	12596900	11750500
68	13553400	13875500	12597500	11753200
69	13553000	13877400	12598000	11750400
70	13552900	13878200	12598800	11753500
71	13552400	13880400	12598400	11752800
72	13552300	13879100	12596200	11750900
73	13553400	13879400	12597300	11750800
74	13553000	13875200	12596200	11751700
75	13552800	13878700	12597300	11751700
76	13553200	13879700	12597300	11754200
77	13553100	13880300	12597400	11752900
78	13552600	13876500	12597200	11752700
79	13552000	13880500	12597700	11749600
80	13552300	13879100	12596800	11753600
81	13551700	13878000	12596500	11749900
82	13552300	13877600	12597600	11752200
83	13551700	13878400	12596700	11768300
84	13551400	13876000	12595200	11748600
85	13552200	13880500	12597000	11750500
86	13552000	13878900	12596300	11753600
87	13552100	13880500	12596700	11752000
88	13552200	13878500	12596200	11753300
89	13551800	13871700	12595600	11752900
90	13552400	13877300	12597200	11752100
91	13552200	13878700	12597200	11748900
92	13552200	13878000	12596600	11753300
93	13553100	13878000	12598100	11752600
94	13554000	13879000	12598600	11753100
95	13554300	13875100	12597500	11753500
96	13553100	13879500	12597700	11756200
97	13553700	13879800	12597500	11753300
98	13553400	13877400	12597200	11754000
99	13554000	13878100	12598600	11754200
100	13553600	13878600	12598500	11752100
101	13553800	13879700	12597400	11750300
102	13553400	13881200	12598300	11752800
103	13552900	13877400	12596900	11751100
104	13552400	13876700	12597700	11752700
105	13552400	13877500	12598000	11752500
106	13553200	13877200	12598500	11754000
107	13553000	13874900	12598000	11752500
108	13551100	13878800	12596300	11754700
109	13551800	13875100	12595800	11750500
110	13551200	13877200	12596500	11754800
111	13551300	13873400	12596600	11751900
112	13551500	13873200	12595700	11753800
113	13551700	13875600	12595800	11751900
114	13552500	13872500	12596700	11753700
115	13551500	13876200	12595600	11751500
116	13550500	13877300	12596000	11752600
117	13550700	13878500	12596400	11748600
118	13550900	13870800	12595000	11752600
119	13552000	13876600	12596900	11752700
120	13552100	13878800	12597300	11750900
121	13551800	13876400	12596000	11751200
122	13552300	13876200	12597300	11753400
123	13551600	13878400	12597200	11753200
124	13551300	13876100	12595200	11748700
125	13552400	13876600	12597400	11750300
126	13552300	13879300	12597400	11750800
127	13551900	13879000	12595700	11751100
128	13552700	13874000	12596200	11752800
129	13553400	13875200	12596700	11751500
130	13551600	13878700	12596300	11750900
131	13552200	13878900	12596700	11753600
132	13550500	13879800	12595800	11750800
133	13551500	13877500	12596200	11753000
134	13550100	13874700	12595800	11752600
135	13549700	13876900	12594700	11750300
136	13550900	13874800	12596100	11751200
137	13551600	13878600	12596300	11751000
138	13552100	13875500	12595800	11749400
139	13552400	13877800	12597600	11750500
140	13551700	13879300	12597600	11749300
141	13551600	13880500	12596300	11751800
142	13551400	13880000	12596500	11753600
143	13552000	13878400	12596300	11753700
144	13550600	13878100	12595300	11749100
145	13550800	13877900	12596900	11751200
146	13551500	13877300	12597200	11753100
147	13551100	13878800	12596900	11749100
148	13551200	13876400	12595800	11751200
149	13552000	13877700	12597400	11754000
150	13550300	13878000	12596500	11751600
151	13550700	13877800	12597100	11751700
152	13550900	13878000	12597100	11749200
153	13550800	13877600	12596900	11751700
154	13550200	13879500	12596400	11748800
155	13551700	13880300	12597000	11752600
156	13551100	13877300	12596200	11752100
157	13551000	13878900	12596700	11748600
158	13550000	13878900	12595100	11750300
159	13549500	13878800	12594800	11750100
160	13550300	13875500	12594800	11749800
161	13551300	13876100	12596800	11749600
162	13551600	13877300	12597000	11749700
163	13550900	13878900	12597000	11748700
164	13550800	13879700	12596400	11751400
165	13550400	13879300	12595300	11751700
166	13550600	13878000	12594700	11750400
167	13550500	13877200	12596600	11751200
168	13550500	13874200	12596000	11751200
169	13550500	13874100	12594800	11750400
170	13550000	13873600	12594700	11751700
171	13549700	13878300	12594600	11752700
172	13550500	13876000	12596300	11750300
173	13549700	13879300	12595800	11749000
174	13549900	13878400	12594700	11750200
175	13549900	13875800	12594500	11747900
176	13550100	13874800	12595800	11748600
177	13549400	13875700	12594600	11749000
178	13549700	13876200	12595600	11752000
179	13550600	13878200	12596400	11752900
180	13550100	13879000	12596500	11751000
181	13550600	13874800	12595300	11751600
182	13550200	13878000	12595400	11749900
183	13549600	13877000	12595700	11750600
184	13550300	13873100	12595600	11750700
185	13549500	13878100	12595100	11752000
186	13548900	13875000	12595000	11749100
187	13549600	13875200	12594800	11749100
188	13549300	13877500	12594800	11749900
189	13550200	13876300	12596200	11752400
190	13550900	13875100	12596100	11748700
191	13549500	13876900	12595600	11753900
192	13550100	13873900	12595800	11750300
193	13550600	13871200	12595300	11752600
194	13551100	13881000	12597000	11750100
195	13551800	13875400	12596000	11752600
196	13550600	13869200	12595600	11750500
197	13550600	13876600	12596200	11752200
198	13551900	13878600	12597500	11750500
199	13551200	13874700	12595400	11748400
200	13551400	13877700	12596100	11750900
201	13551200	13877000	12596500	11751300
202	13551300	13871900	12596100	11751200
203	13551600	13875900	12597000	11751600
204	13551800	13873200	12596800	11751700
205	13552100	13875900	12596000	11752000
206	13551100	13873800	12596500	11753000
207	13550800	13878100	12595800	11751100
208	13550300	13876000	12595800	11755000
209	13549700	13878500	12595500	11748900
210	13550800	13872200	12595200	11752400
211	13549800	13876700	12595700	11749800
212	13551300	13877700	12598000	11752100
213	13551100	13877800	12597300	11751700
214	13551000	13878600	12597200	11749100
215	13551100	13876000	12595500	11749100
216	13551400	13879300	12596500	11750500
217	13550400	13878500	12595200	11750600
218	13551200	13872600	12595300	11752900
219	13551800	13872800	12595500	11753700
220	13550400	13878600	12595200	11753100
221	13550900	13875300	12595500	11748800
222	13551500	13877600	12597100	11750300
223	13550800	13878800	12597100	11749000
224	13551000	13876500	12595700	11751000
225	13550600	13880200	12597100	11749200
226	13550700	13877900	12596300	11751000
227	13551400	13877300	12597300	11752600
228	13549400	13877400	12595800	11748200
229	13550000	13875200	12596100	11751900
230	13550300	13878000	12596200	11750400
231	13550000	13877500	12596700	11751600
232	13550300	13876600	12597200	11753400
233	13549500	13878000	12596700	11749600
234	13550300	13877000	12597000	11751300
235	13550700	13874400	12597200	11751500
236	13549200	13878300	12594700	11751600
237	13550600	13876100	12596800	11750300
238	13549700	13876000	12595900	11749000
239	13549300	13878600	12595500	11748900
240	13549100	13874900	12594100	11747700
241	13550000	13878400	12595500	11753800
242	13548700	13874900	12593600	11766400
243	13550000	13878300	12595400	11754100
244	13549700	13875400	12596200	11749100
245	13550700	13870500	12595800	11757100
246	13550000	13875000	12595500	11751200
247	13550200	13875200	12594500	11749600
248	13549200	13876800	12594800	11749700
249	13549900	13875500	12595500	11749200
250	13550200	13874400	12595600	11749300
251	13550200	13877700	12595000	11752200
252	13551000	13876400	12596500	11750900
253	13551700	13876000	12597200	11753100
254	13550900	13879700	12596600	11749500
255	13550900	13879700	12595900	11751700
256	13550800	13879700	12596100	11751800
257	13551900	13879200	12596500	11752900
258	13551400	13877500	12596000	11753000
259	13550500	13877100	12597300	11752800
260	13551100	13875900	12597000	11749100
261	13550100	13874500	12596100	11750700
262	13550100	13877600	12595100	11749700
263	13549800	13878400	12595700	11747900
264	13549800	13876600	12594500	11747900
265	13550300	13878400	12596900	11749400
266	13550200	13877000	12636600	11748000
267	13550800	13873900	12596500	11751500
268	13550400	13871300	12595200	11752800
269	13550700	13877700	12597100	11752500
270	13550600	13877500	12596600	11751000
271	13550000	13875400	12596500	11752300
272	13550200	13869100	12595300	11750500
273	13550900	13877200	12596600	11749200
274	13550600	13874400	12596700	11751000
275	13549700	13879200	12595100	11751800
276	13550300	13875500	12594700	11751600
277	13551200	13876900	12596800	11749500
278	13552800	13877900	12598000	11752800
279	13551800	13877600	12597800	11752700
280	13551300	13880000	12597100	11749300
281	13551700	13877600	12596300	11752600
282	13551700	13880500	12597700	11749000
283	13551600	13880000	12597100	11753100
284	13551800	13877400	12596400	11752700
285	13552200	13877700	12597700	11752600
286	13552300	13879800	12597600	11752400
287	13552400	13878400	12596500	11753400
288	13551600	13878000	12595800	11749200
289	13551200	13878200	12597300	11751600
290	13551400	13880200	12597700	11751900
291	13551200	13878200	12595900	11750800
292	13550700	13878800	12597400	11751300
293	13551400	13876700	12595700	11750400
294	13551000	13877400	12597300	11751500
295	13551800	13876600	12597000	11751700
296	13552000	13879800	12597700	11750500
297	13552200	13879200	12596900	11754000
298	13551100	13877300	12595400	11752900
299	13551100	13878800	12596400	11748400
300	13552600	13876300	12595800	11751100
301	13551900	13875500	12596600	11749300
302	13551400	13876500	12596600	11749500
303	13551000	13879800	12596400	11749500
304	13551700	13877100	12596000	11753200
305	13552500	13878100	12598200	11750500
306	13551700	13878600	12597200	11751200
307	13550600	13877100	12595400	11749000
308	13551600	13876800	12597500	11749800
309	13549900	13877000	12595800	11749400
310	13551000	13874600	12596500	11751600
311	13551300	13877100	12595700	11752800
312	13551200	13876200	12597100	11749500
313	13550700	13878500	12596500	11753200
314	13551000	13873500	12595200	11752700
315	13551400	13876400	12596000	11750800
316	13551100	13877700	12596900	11753700
317	13550900	13878600	12597100	11752100
318	13550300	13876200	12595000	11748700
319	13550300	13878900	12596700	11753500
320	13550100	13880100	12595200	11750800
321	13550500	13878700	12596000	11749700
322	13551100	13880300	12596100	11753300
323	13551700	13878400	12596600	11752800
324	13550500	13877800	12595200	11748500
325	13551100	13879200	12596900	11748900
326	13551700	13877000	12595600	11752900
327	13550900	13874600	12596200	11751700
328	13551900	13877800	12596300	11753400
329	13551000	13878900	12596600	11749100
330	13551800	13881300	12595900	11751500
331	13551300	13881800	12596000	11755700
332	13551300	13880600	12597100	11753000
333	13550900	13880300	12595600	11751000
334	13551500	13878900	12596400	11752600
335	13551300	13881900	12596300	11751600
336	13551000	13879000	12597300	11751100
337	13551200	13875800	12595700	11752300
338	13550600	13876400	12596300	11748600
339	13550800	13877600	12596600	11753200
340	13550900	13880100	12596700	11748900
341	13550000	13877700	12595400	11748800
342	13550500	13878200	12596900	11751700
343	13550000	13879200	12596700	11751500
344	13550300	13877800	12595400	11753100
345	13550200	13878600	12596500	11748800
346	13551800	13878500	12596200	11749800
347	13552200	13876700	12596700	11753300
348	13551400	13878400	12597500	11752300
349	13550800	13878200	12595600	11749400
350	13551200	13880700	12598000	11752400
351	13552600	13877700	12597100	11753000
352	13552200	13880200	12597700	11752500
353	13552100	13879700	12597000	11751800
354	13552800	13881500	12596900	11752900
355	13552100	13880000	12597000	11755200
356	13552900	13877900	12596700	11753600
357	13552500	13878900	12598200	11753200
358	13552700	13881900	12597000	11752200
359	13552000	13880100	12597800	11751400
360	13553000	13879900	12597000	11750500
361	13551900	13878800	12596800	11750300
362	13552700	13879000	12597100	11751700
363	13552900	13877800	12597400	11752800
364	13551700	13880000	12597400	11749300
365	13551600	13878600	12595800	11753300
366	13552000	13878000	12595900	11749500
367	13552100	13878800	12597200	11751900
368	13552000	13877900	12595900	11750900
369	13552300	13878400	12597300	11753000
370	13551300	13878700	12595500	11749100
371	13551400	13879700	12596300	11753000
372	13550400	13880100	12595900	11751600
373	13549800	13877500	12595500	11748100
374	13551800	13878100	12597800	11753600
375	13552600	13879500	12598200	11752000
376	13552400	13879900	12597000	11753100
377	13552700	13879100	12597300	11750900
378	13552700	13880100	12597300	11750400
379	13552200	13878700	12596600	11750300
380	13551400	13878900	12596200	11753200
381	13551100	13880000	12596300	11751300
382	13550900	13876600	12595700	11752700
383	13550600	13877700	12597000	11750200
384	13551000	13877800	12596900	11751700
385	13551800	13878600	12597400	11749100
386	13552300	13877200	12596300	11749400
387	13552000	13877200	12597800	11752200
388	13552200	13876200	12597700	11752200
389	13551900	13879300	12597800	11753300
390	13551200	13878600	12595300	11750900
391	13552200	13876600	12596000	11749000
392	13551900	13879000	12597400	11750800
393	13552600	13875600	12596400	11752300
394	13551600	13875100	12596800	11753400
395	13551600	13879100	12596700	11755400
396	13550700	13878800	12595800	11749200
397	13550900	13877200	12595600	11750500
398	13550900	13875800	12597100	11751300
399	13551900	13877000	12597000	11749200
400	13551200	13874300	12597000	11751400
401	13550600	13872600	12595700	11751600
402	13550100	13873200	12595500	11752900
403	13549500	13875600	12594700	11750800
404	13550900	13874000	12596300	11752800
405	13551100	13875000	12595100	11750000
406	13551800	13877900	12596200	11750600
407	13551700	13878500	12597600	11752900
408	13552000	13875000	12596000	11753000
409	13552600	13878600	12597200	11751400
410	13551900	13877100	12596200	11749100
411	13552300	13877000	12597800	11749700
412	13551700	13874200	12597300	11751700
413	13551700	13876200	12596600	11751000
414	13551200	13879100	12597100	11753200
415	13550600	13878300	12595500	11748900
416	13551200	13876500	12597400	11750900
417	13551200	13880200	12596900	11749400
418	13552100	13878800	12596500	11751500
419	13551500	13877800	12596000	11751200
420	13552100	13879500	12597700	11749700
421	13551300	13879700	12596700	11752700
422	13551700	13880400	12596700	11752600
423	13551200	13879400	12596200	11750500
424	13551000	13877000	12595800	11750700
425	13551200	13874100	12596600	11751300
426	13550800	13875000	12595600	11752500
427	13551100	13877300	12596500	11750900
428	13550000	13877300	12596100	11748400
429	13550400	13879700	12595600	11748900
430	13550600	13880200	12596000	11751900
431	13551700	13879100	12596500	11751200
432	13550400	13879100	12596100	11749200
433	13550900	13880000	12596600	11749200
434	13551000	13878100	12595900	11752700
435	13551700	13879100	12597600	11750900
436	13551600	13879200	12596600	11749800
437	13551700	13878900	12596000	11753000
438	13550700	13880400	12597300	11750800
439	13550900	13879200	12595800	11749800
440	13550800	13877400	12595700	11752400
441	13550400	13876200	12596700	11751600
442	13550600	13879000	12597000	11753000
443	13551700	13876200	12596700	11752100
444	13551700	13879900	12597600	11754000
445	13551800	13878000	12596700	11749600
446	13551900	13878700	12596900	11751700
447	13551900	13879500	12596200	11753300
448	13551900	13879900	12596300	11752400
449	13552000	13878900	12596800	11750300
450	13551500	13881100	12596500	11751700
451	13551600	13881000	12596300	11751800
452	13552000	13878000	12596800	11753300
453	13550500	13878600	12596600	11753200
454	13551000	13877200	12595300	11748800
455	13552200	13877600	12597900	11752400
456	13551600	13881300	12596900	11749200
457	13551600	13882100	12596400	11755800
458	13553300	13882300	12598400	11755700
459	13552400	13877100	12597900	11753800
460	13552700	13878500	12598300	11750800
461	13553000	13878900	12596900	11754000
462	13552500	13881800	12598300	11752100
463	13551500	13879600	12597100	11752600
464	13550600	13878600	12595600	11750400
465	13551500	13877200	12596000	11749400
466	13552500	13877200	12597900	11752200
467	13551800	13876500	12597300	11751800
468	13550200	13879600	12596400	11748500
469	13551000	13878900	12596000	11751300
470	13551100	13880500	12596100	11750800
471	13551800	13880100	12596600	11753400
472	13551700	13879200	12596300	11749900
473	13552400	13879100	12596600	11753800
474	13551500	13880100	12596500	11750000
475	13551700	13879500	12596600	11749600
476	13552600	13880500	12597200	11753100
477	13552100	13880200	12596900	11753700
478	13553300	13879300	12597300	11752200
479	13553600	13881500	12597400	11752400
480	13553500	13881300	12597900	11756200
481	13553100	13883000	12597700	11756100
482	13553900	13880200	12599300	11752800
483	13554800	13881600	12598500	11752800
484	13553000	13881500	12601000	11751600
485	13553500	13881100	12597700	11755300
486	13554000	13881100	12597500	11752300
487	13553900	13881300	12597500	11752400
488	13553500	13882400	12597500	11756000
489	13552800	13881100	12597700	11751300
490	13553500	13881300	12597600	11752200
491	13553100	13882300	12597700	11755200
492	13553700	13874900	12598600	11753300
493	13553300	13881700	12597800	11755900
494	13553300	13879600	12598300	11752000
495	13552300	13880500	12597000	11751500
496	13552400	13881000	12597200	11753400
497	13552400	13877800	12596700	11753500
498	13551900	13880000	12597700	11749400
499	13553000	13879400	12597500	11753400

============================================================
# BITSTREAM: 10ms_101etapas.bit
# VENTANA: 10ms
# ETAPAS_PRINCIPAL: 101
# NUM_MUESTRAS: 500
# FORMATO: idx	freq1_hz	freq2_hz	freq3_hz	freq4_hz
============================================================
idx	freq1_hz	freq2_hz	freq3_hz	freq4_hz
0	7520800	8200800	8213700	8692600
1	7521200	8201700	8213000	8693100
2	7520400	8200600	8211500	8692100
3	7521000	8201400	8213800	8692600
4	7520100	8200600	8211600	8691700
5	7520000	8200400	8212700	8691900
6	7520400	8200900	8213700	8692100
7	7520800	8201200	8212400	8692600
8	7521000	8201300	8213600	8692100
9	7520400	8200600	8212500	8691300
10	7519800	8200000	8212000	8691500
11	7520300	8200700	8212800	8691400
12	7520300	8200500	8212600	8691800
13	7520800	8201300	8212600	8692700
14	7520300	8200700	8212300	8692000
15	7521100	8201500	8213900	8692700
16	7520800	8201000	8213800	8692400
17	7520200	8200700	8211800	8691600
18	7520800	8201100	8212400	8692400
19	7521200	8201600	8213600	8692300
20	7520800	8200700	8212800	8691800
21	7520300	8200600	8212800	8692100
22	7520300	8200200	8212600	8691700
23	7520600	8201200	8212100	8692200
24	7521400	8201500	8213100	8693200
25	7520800	8201200	8213000	8692500
26	7520400	8200600	8211200	8692000
27	7520700	8200900	8212500	8692300
28	7520400	8200500	8212500	8691900
29	7520200	8200600	8212200	8691200
30	7520500	8200500	8211500	8691900
31	7520800	8201000	8213400	8692100
32	7520800	8201200	8212500	8692300
33	7520300	8200600	8212300	8691700
34	7520700	8200700	8213100	8691800
35	7520400	8201000	8212900	8691600
36	7520200	8200700	8211700	8690900
37	7520700	8201200	8212200	8691500
38	7520300	8200900	8211600	8691800
39	7520400	8200900	8212700	8691800
40	7519700	8200000	8212600	8691000
41	7520700	8201200	8212100	8691800
42	7520900	8200900	8212500	8692200
43	7520400	8200900	8212200	8691800
44	7520700	8200800	8211500	8691800
45	7520600	8200900	8212900	8691800
46	7520300	8200500	8211800	8691100
47	7520600	8200900	8212000	8692000
48	7520400	8200400	8212900	8691400
49	7520600	8200700	8212000	8691500
50	7519900	8199600	8212100	8690600
51	7520500	8200500	8212200	8691800
52	7520600	8200600	8211600	8691700
53	7520800	8201100	8213300	8692300
54	7520200	8199900	8212500	8690800
55	7519900	8200000	8212000	8691300
56	7520200	8199700	8212700	8690700
57	7520200	8200400	8213300	8691600
58	7520600	8200700	8212700	8691400
59	7520600	8201100	8213900	8692200
60	7520900	8201000	8213800	8692300
61	7520800	8200900	8212300	8692200
62	7520800	8200500	8213400	8692200
63	7520900	8201000	8212500	8692300
64	7520100	8200000	8212300	8691700
65	7520600	8200600	8213100	8691400
66	7520400	8200300	8212600	8691800
67	7520500	8200900	8212200	8692300
68	7521200	8201100	8212000	8692800
69	7521000	8200700	8213200	8691200
70	7520400	8200300	8213300	8692000
71	7520400	8200600	8212600	8691500
72	7520300	8200500	8211700	8691800
73	7520800	8201100	8212700	8691800
74	7520300	8200500	8213400	8691800
75	7520400	8200700	8212000	8691600
76	7520100	8200000	8212100	8691000
77	7520500	8200600	8212400	8692100
78	7520600	8200500	8213000	8691400
79	7520600	8200600	8211700	8692300
80	7520700	8200300	8212400	8691500
81	7521000	8201000	8213500	8691800
82	7521400	8201300	8214100	8692600
83	7520900	8201200	8212700	8692200
84	7520900	8201000	8213800	8692500
85	7521300	8201500	8212600	8692800
86	7521300	8201300	8212900	8692900
87	7521400	8201700	8213000	8692500
88	7521100	8200800	8212100	8692400
89	7521500	8201300	8213500	8693000
90	7521300	8201400	8214300	8692800
91	7521000	8201300	8214000	8692600
92	7520900	8201200	8214300	8692600
93	7521000	8201300	8213800	8692600
94	7520900	8201100	8212400	8692500
95	7521700	8201800	8214200	8692800
96	7521700	8201900	8213200	8693400
97	7520700	8201100	8214100	8692600
98	7521100	8201300	8212900	8692700
99	7520700	8201100	8212200	8691800
100	7521000	8201300	8212100	8692500
101	7521200	8201300	8213400	8693000
102	7521200	8201100	8212800	8692800
103	7520800	8201100	8213400	8692800
104	7520900	8200900	8212700	8692700
105	7521100	8201600	8214400	8693000
106	7520400	8200500	8213000	8692600
107	7520500	8200800	8211800	8692400
108	7521000	8200800	8212600	8692900
109	7520600	8200900	8212400	8693500
110	7520900	8200900	8213800	8692400
111	7520200	8200500	8211900	8692100
112	7520500	8200400	8213900	8692300
113	7520600	8201100	8213800	8692300
114	7520000	8200400	8211500	8691800
115	7520200	8200600	8213300	8692000
116	7519700	8199700	8212200	8690800
117	7520200	8200200	8211400	8691700
118	7520300	8200300	8211700	8692100
119	7520300	8200100	8212200	8691500
120	7520500	8200500	8211600	8692300
121	7520400	8200400	8213000	8692100
122	7520100	8200000	8211300	8691700
123	7521000	8200800	8212800	8692100
124	7520100	8200200	8212900	8692100
125	7520400	8200700	8212100	8691600
126	7520500	8200700	8212500	8692600
127	7519700	8200200	8211900	8691800
128	7520400	8200500	8213800	8692400
129	7519900	8200400	8211700	8692700
130	7520600	8200400	8212800	8691700
131	7520400	8200500	8213200	8692200
132	7520500	8200300	8213400	8692200
133	7520600	8200900	8212600	8692600
134	7520300	8200400	8212200	8692100
135	7520300	8200400	8211400	8692300
136	7520600	8200600	8212100	8692300
137	7520100	8199900	8212000	8692000
138	7520000	8199700	8212100	8691100
139	7520600	8200500	8212200	8692400
140	7520200	8200300	8211100	8691900
141	7520200	8200200	8213000	8691700
142	7519900	8199900	8210900	8691700
143	7520500	8200800	8212200	8692000
144	7521300	8201500	8212100	8692800
145	7521100	8201100	8212600	8692900
146	7520300	8200300	8212000	8692000
147	7520900	8200600	8213000	8692000
148	7520100	8200100	8210900	8691900
149	7520700	8200900	8212300	8692500
150	7520800	8200500	8213100	8692700
151	7520600	8200900	8212800	8692200
152	7520500	8200400	8213100	8692400
153	7520400	8200700	8213100	8692100
154	7519800	8199900	8212500	8691400
155	7519900	8200100	8212200	8691600
156	7520400	8200500	8211600	8692200
157	7520600	8201000	8213300	8692300
158	7520500	8200700	8212700	8691700
159	7520400	8200600	8213300	8692100
160	7519900	8200000	8212000	8691100
161	7519500	8199400	8211900	8690600
162	7520600	8200600	8213800	8698900
163	7520000	8200400	8211400	8691400
164	7520600	8200600	8212200	8692100
165	7519800	8200100	8211100	8691300
166	7520200	8200200	8213200	8691500
167	7520100	8200300	8213000	8691800
168	7519600	8199700	8210600	8691200
169	7520100	8200200	8211600	8691200
170	7520000	8200200	8212800	8691700
171	7520300	8200500	8213000	8692000
172	7520100	8200700	8211100	8691900
173	7520300	8200500	8212900	8692200
174	7519800	8200200	8211500	8692100
175	7520200	8200400	8212800	8691900
176	7520100	8200100	8212500	8691800
177	7519600	8200200	8211900	8691600
178	7519800	8199700	8213200	8691700
179	7519700	8200100	8212800	8691400
180	7519600	8199800	8212400	8691400
181	7520500	8200700	8212900	8691500
182	7519500	8199800	8211200	8690800
183	7519000	8199100	8211000	8691000
184	7519500	8199400	8210800	8691100
185	7519800	8199800	8212600	8690900
186	7519700	8199900	8211100	8691500
187	7520200	8200600	8212900	8691800
188	7519700	8200100	8211300	8691800
189	7520200	8200500	8212100	8691800
190	7519800	8200000	8211800	8691800
191	7519900	8200200	8211300	8691800
192	7519500	8199600	8215900	8690600
193	7520200	8200500	8213000	8691700
194	7519900	8200500	8210800	8691800
195	7520500	8200600	8213400	8691700
196	7519900	8200200	8211800	8691600
197	7520200	8200700	8211900	8692100
198	7520400	8200700	8213500	8692100
199	7520600	8200900	8213200	8692200
200	7520400	8200500	8213000	8691900
201	7520700	8201200	8211500	8692300
202	7520500	8200800	8213100	8692200
203	7520600	8201000	8212800	8692300
204	7520200	8200300	8212500	8692100
205	7519800	8200100	8211900	8691700
206	7519800	8199400	8212800	8691400
207	7519900	8200100	8212200	8691600
208	7520200	8200300	8211300	8691800
209	7520600	8200500	8212500	8691500
210	7519700	8199700	8211800	8691500
211	7519900	8200100	8211300	8691600
212	7520100	8199800	8211700	8690900
213	7520000	8200000	8211800	8691000
214	7520300	8200300	8211800	8691000
215	7520100	8200200	8211700	8692600
216	7519600	8199600	8211900	8690800
217	7520000	8200100	8213400	8691900
218	7519800	8199600	8211600	8691400
219	7519600	8199600	8212200	8691400
220	7519500	8199400	8211000	8691100
221	7519800	8199500	8211300	8691400
222	7519700	8199100	8211500	8690900
223	7519700	8199600	8212500	8691400
224	7519200	8199000	8211200	8691100
225	7519700	8199700	8211800	8691400
226	7519900	8200000	8211500	8691600
227	7520000	8200100	8212800	8691500
228	7519400	8199500	8211900	8683900
229	7520300	8200500	8213500	8692100
230	7519900	8200000	8212700	8691500
231	7519300	8199800	8212700	8691400
232	7519000	8198900	8212200	8691100
233	7519500	8199700	8210800	8691400
234	7519900	8199700	8212700	8691200
235	7519600	8200200	8213000	8691700
236	7519700	8199600	8210700	8691600
237	7519700	8199700	8212500	8691400
238	7519200	8199300	8211200	8691200
239	7519900	8200000	8211900	8691900
240	7519500	8199100	8212600	8691900
241	7519700	8199900	8211200	8691600
242	7519300	8199100	8211200	8691200
243	7519400	8199500	8211500	8691200
244	7519500	8199500	8212200	8691200
245	7519700	8200000	8210900	8691400
246	7520400	8200300	8212400	8692000
247	7520500	8200600	8213300	8691800
248	7520100	8200200	8212500	8691400
249	7519100	8199400	8211600	8691100
250	7519700	8199700	8212500	8691500
251	7519500	8199800	8211900	8691400
252	7519900	8199700	8213200	8691700
253	7519700	8199900	8213100	8691700
254	7519900	8200100	8213000	8691700
255	7519500	8199600	8210800	8691400
256	7519800	8199300	8212800	8690900
257	7519500	8199800	8212500	8691500
258	7519500	8199600	8211800	8691400
259	7520200	8200800	8212100	8692100
260	7520800	8200800	8212900	8692700
261	7520400	8200800	8212300	8691800
262	7520300	8200300	8212900	8692200
263	7519800	8200000	8211500	8691200
264	7519800	8200000	8212400	8691700
265	7520400	8200500	8213200	8691800
266	7519800	8200200	8212900	8691900
267	7520200	8200500	8211800	8691700
268	7520100	8200200	8211700	8692000
269	7519900	8200000	8212100	8691200
270	7519700	8199400	8211800	8691500
271	7519600	8199700	8211500	8691400
272	7519400	8199400	8212600	8691400
273	7519800	8199800	8211600	8691500
274	7520300	8200300	8212800	8692000
275	7520100	8200200	8212300	8691700
276	7520700	8200700	8213100	8692500
277	7520600	8200900	8212800	8692300
278	7520200	8200000	8212300	8692100
279	7520500	8200600	8213000	8692300
280	7519900	8200100	8211100	8691800
281	7520200	8200400	8213300	8692000
282	7520200	8200300	8212500	8691400
283	7520200	8200400	8212400	8692000
284	7521000	8201000	8213600	8692100
285	7520300	8200400	8212300	8691400
286	7520400	8200100	8212900	8692100
287	7519700	8199800	8211200	8690900
288	7520300	8200000	8212300	8691900
289	7520700	8200300	8213300	8692300
290	7519500	8199300	8212200	8690600
291	7519900	8199700	8211200	8691500
292	7519700	8199200	8211800	8691400
293	7520200	8200000	8211700	8691800
294	7520200	8200100	8212300	8691300
295	7520300	8200400	8212900	8692100
296	7520000	8200100	8211500	8691200
297	7520400	8200400	8213300	8691800
298	7519700	8199600	8212000	8690000
299	7520100	8199800	8212600	8691100
300	7519500	8199500	8211200	8691000
301	7519300	8199200	8211300	8690900
302	7519800	8199600	8211600	8690800
303	7519800	8200000	8212300	8691400
304	7519800	8199800	8212700	8691500
305	7518900	8199100	8212100	8690600
306	7519300	8199000	8211200	8691100
307	7518800	8198700	8210900	8690600
308	7520000	8199400	8211700	8691600
309	7519900	8200000	8211700	8691000
310	7519200	8199100	8211000	8690300
311	7519100	8198900	8210500	8690300
312	7519200	8198900	8211000	8691000
313	7519700	8199600	8211200	8691100
314	7519200	8198700	8211000	8690500
315	7519500	8199100	8210800	8690700
316	7519600	8199200	8212500	8690500
317	7519500	8199600	8211500	8691100
318	7519500	8199000	8212300	8691000
319	7519200	8199100	8212100	8690800
320	7518900	8198600	8211000	8690700
321	7519100	8199000	8210500	8690700
322	7518900	8198600	8210600	8690700
323	7519300	8199100	8210600	8690900
324	7519200	8199100	8210500	8690800
325	7519200	8199400	8211000	8691200
326	7519600	8199500	8211200	8691200
327	7519100	8199000	8211500	8691100
328	7519700	8199700	8212800	8691400
329	7519900	8200100	8212600	8691900
330	7520000	8200000	8211600	8691900
331	7520000	8200100	8212600	8691800
332	7519700	8199900	8211400	8691600
333	7520000	8199900	8211300	8691700
334	7519900	8199500	8211800	8691100
335	7519800	8199700	8211500	8691800
336	7519900	8199700	8212900	8691700
337	7519300	8199500	8210900	8690800
338	7519700	8199300	8211400	8691700
339	7519900	8199900	8211400	8691700
340	7519400	8199300	8210700	8691200
341	7519800	8199700	8212600	8691300
342	7518900	8198500	8210500	8690800
343	7519400	8199100	8210800	8691300
344	7519800	8199400	8212500	8691100
345	7519700	8199800	8212000	8691700
346	7520100	8199600	8212300	8691300
347	7520300	8200000	8212800	8691200
348	7520000	8199700	8212400	8692000
349	7520200	8200000	8212900	8691500
350	7519400	8199200	8210900	8690700
351	7520400	8200300	8212200	8692300
352	7520200	8200000	8211300	8692000
353	7519900	8199800	8211600	8691200
354	7519800	8199500	8212000	8691400
355	7520000	8199600	8212100	8691100
356	7520100	8199800	8211900	8691900
357	7520400	8200400	8213400	8692000
358	7520200	8200200	8211700	8691900
359	7520100	8200200	8212000	8691300
360	7520200	8199800	8212600	8691200
361	7519700	8199800	8211600	8691400
362	7519700	8199900	8212000	8691300
363	7519900	8199700	8212000	8690800
364	7519700	8199300	8211800	8690800
365	7519600	8199600	8211000	8691200
366	7519700	8199600	8211100	8691200
367	7520000	8199900	8212800	8691500
368	7519500	8199200	8211900	8691200
369	7520400	8200200	8213400	8691900
370	7520200	8200000	8211800	8691800
371	7520000	8199900	8211400	8691700
372	7520200	8200000	8211600	8691800
373	7520300	8200500	8212700	8692000
374	7520700	8200800	8213700	8692000
375	7520800	8200800	8212400	8692500
376	7521100	8200900	8213800	8692000
377	7520400	8200400	8211900	8692100
378	7520500	8200100	8213400	8692100
379	7520600	8200500	8212100	8692100
380	7520400	8200000	8212100	8691900
381	7520100	8200100	8212000	8691800
382	7520400	8199800	8212500	8691100
383	7520200	8200300	8211800	8691500
384	7520500	8200300	8211800	8692000
385	7520300	8200300	8211600	8691900
386	7520100	8200200	8212300	8691700
387	7520500	8200200	8212600	8692000
388	7519900	8199600	8211100	8691500
389	7520300	8200000	8212600	8691800
390	7519800	8199400	8211400	8691500
391	7519800	8199600	8211300	8691600
392	7519900	8199700	8211500	8691000
393	7519800	8199900	8212700	8691300
394	7519800	8199800	8212900	8691500
395	7519700	8199900	8211100	8690600
396	7519700	8199500	8212400	8691200
397	7520000	8200000	8212800	8691400
398	7519700	8199100	8212100	8691300
399	7520100	8199800	8212000	8691600
400	7519700	8199200	8212200	8690500
401	7520300	8200200	8211200	8691500
402	7519900	8199100	8211700	8691100
403	7520000	8199700	8211900	8690800
404	7520400	8199800	8213200	8699100
405	7520300	8199600	8212500	8691500
406	7519500	8199000	8211400	8691000
407	7520000	8199400	8211200	8691500
408	7519900	8199300	8211700	8691400
409	7520400	8200000	8212200	8691400
410	7520000	8199500	8211100	8691600
411	7520400	8199600	8212900	8691600
412	7519200	8198600	8210800	8690100
413	7519900	8199200	8212600	8690900
414	7519700	8198900	8211200	8690900
415	7519600	8199100	8211500	8690900
416	7519500	8198700	8212100	8690900
417	7520200	8199600	8212000	8691600
418	7519500	8199100	8211900	8690200
419	7520100	8199700	8213100	8691400
420	7519700	8199300	8212100	8691100
421	7520000	8199600	8211800	8691700
422	7519800	8199200	8211300	8691300
423	7519900	8199900	8211700	8690800
424	7519600	8199000	8211500	8690700
425	7519700	8199400	8212500	8691100
426	7518900	8198400	8210900	8690700
427	7519900	8199300	8211700	8691400
428	7519600	8198800	8211400	8690300
429	7519600	8199100	8211200	8690800
430	7519200	8198500	8211100	8690500
431	7520100	8199400	8212600	8691200
432	7519600	8199300	8211700	8691500
433	7519700	8199500	8211500	8690800
434	7519200	8198600	8212200	8690800
435	7519400	8198700	8210900	8690900
436	7519800	8198900	8212000	8691200
437	7519400	8199200	8212100	8690400
438	7519400	8198800	8211800	8690900
439	7519700	8199200	8211600	8691200
440	7519700	8199200	8212500	8691400
441	7519600	8199500	8212600	8691200
442	7519800	8199400	8211900	8691400
443	7520000	8199300	8213400	8691800
444	7520200	8199700	8212400	8691800
445	7520300	8199800	8213200	8691500
446	7519500	8198900	8212300	8691200
447	7519800	8199700	8212600	8691500
448	7518800	8198500	8210800	8689700
449	7519700	8199300	8212500	8690700
450	7518900	8198300	8210900	8690600
451	7519800	8199200	8211600	8691100
452	7519300	8198900	8212100	8690900
453	7519300	8198700	8211500	8690700
454	7519100	8198300	8212000	8690600
455	7519100	8198600	8211900	8689900
456	7519200	8198400	8212400	8690600
457	7519500	8199300	8212200	8690600
458	7519700	8199000	8211200	8691100
459	7519400	8198700	8211500	8690800
460	7519300	8198400	8212000	8690500
461	7519500	8199300	8212300	8690300
462	7519900	8199400	8212700	8691400
463	7519500	8199500	8212800	8691000
464	7519500	8199300	8212300	8691000
465	7519600	8199600	8212400	8691200
466	7519600	8199300	8212300	8694400
467	7519500	8199100	8212100	8691100
468	7519300	8198600	8211100	8691000
469	7519400	8199300	8212200	8691000
470	7519300	8199100	8210400	8691000
471	7519300	8199400	8206600	8690400
472	7519300	8198800	8210600	8691000
473	7519600	8199500	8210700	8691200
474	7519700	8199500	8212500	8691100
475	7519800	8199900	8212000	8691700
476	7519800	8199500	8212300	8690700
477	7520600	8200200	8212800	8692100
478	7519800	8199200	8212300	8691600
479	7520200	8199700	8212800	8691800
480	7519600	8199600	8212300	8691200
481	7520800	8200900	8213400	8692300
482	7520500	8200400	8213700	8691700
483	7520300	8200500	8211800	8692000
484	7520100	8200000	8211700	8692500
485	7520500	8200400	8212400	8691400
486	7520900	8200700	8213200	8692000
487	7519500	8199300	8212300	8690900
488	7520300	8200100	8212900	8691800
489	7519300	8199200	8210900	8690300
490	7520100	8199600	8211800	8691500
491	7519700	8199600	8211200	8691200
492	7519200	8198700	8211200	8690900
493	7519900	8199600	8211800	8691400
494	7520100	8199900	8211400	8691800
495	7520100	8200000	8211600	8691700
496	7519800	8199500	8212400	8691500
497	7520100	8199800	8212800	8691000
498	7519300	8199100	8212000	8690700
499	7519400	8199000	8211700	8690200

============================================================
# BITSTREAM: 1ms_3etapas.bit
# VENTANA: 1ms
# ETAPAS_PRINCIPAL: 3
# NUM_MUESTRAS: 500
# FORMATO: idx	freq1_hz	freq2_hz	freq3_hz	freq4_hz
============================================================
idx	freq1_hz	freq2_hz	freq3_hz	freq4_hz
0	8000	35608000	35608000	35608000
1	35605000	35605000	35605000	35605000
2	35608000	35609000	35608000	35609000
3	35609000	35609000	35609000	35609000
4	35612000	35611000	35611000	35611000
5	35606000	35606000	35606000	35606000
6	35609000	35610000	35609000	35610000
7	35605000	35606000	35605000	35606000
8	35602000	35601000	35601000	35601000
9	35602000	35602000	35602000	35602000
10	35602000	35601000	35601000	35601000
11	35605000	35605000	35605000	35605000
12	35606000	35606000	35606000	35606000
13	35610000	35610000	35610000	35610000
14	35605000	35605000	35605000	35605000
15	35611000	35612000	35611000	35612000
16	35608000	35608000	35608000	35608000
17	35607000	35607000	35607000	35607000
18	35603000	35603000	35603000	35603000
19	35608000	35608000	35608000	35608000
20	35607000	35607000	35607000	35607000
21	35601000	35602000	35602000	35602000
22	35607000	35607000	35607000	35607000
23	35604000	35604000	35604000	35604000
24	35606000	35606000	35606000	35606000
25	35611000	35611000	35611000	35611000
26	35609000	35609000	35609000	35609000
27	35604000	35604000	35604000	35604000
28	35605000	35605000	35605000	35604000
29	35602000	35603000	35602000	35603000
30	35604000	35604000	35604000	35604000
31	35605000	35605000	35605000	35605000
32	35606000	35606000	35606000	35606000
33	35606000	35606000	35606000	35606000
34	35606000	35606000	35606000	35606000
35	35608000	35608000	35608000	35607000
36	35602000	35602000	35602000	35603000
37	35612000	35612000	35612000	35612000
38	35610000	35610000	35610000	35610000
39	35608000	35609000	35608000	35609000
40	35606000	35606000	35606000	35606000
41	35604000	35604000	35604000	35604000
42	35603000	35604000	35603000	35604000
43	35606000	35606000	35606000	35606000
44	35607000	35607000	35607000	35607000
45	35609000	35609000	35609000	35609000
46	35610000	35610000	35610000	35610000
47	35613000	35613000	35613000	35613000
48	35612000	35612000	35612000	35612000
49	35606000	35607000	35606000	35607000
50	35613000	35613000	35613000	35613000
51	35607000	35607000	35607000	35607000
52	35612000	35612000	35612000	35612000
53	35609000	35609000	35609000	35609000
54	35612000	35612000	35612000	35614000
55	35609000	35609000	35609000	35609000
56	35604000	35605000	35605000	35605000
57	35603000	35603000	35603000	35603000
58	35606000	35606000	35606000	35606000
59	35612000	35612000	35612000	35612000
60	35609000	35609000	35609000	35609000
61	35608000	35608000	35608000	35607000
62	35610000	35610000	35610000	35610000
63	35607000	35607000	35607000	35607000
64	35605000	35605000	35605000	35604000
65	35611000	35611000	35611000	35611000
66	35612000	35613000	35613000	35613000
67	35606000	35606000	35606000	35606000
68	35609000	35609000	35609000	35609000
69	35601000	35601000	35601000	35601000
70	35605000	35605000	35605000	35605000
71	35604000	35604000	35604000	35604000
72	35606000	35606000	35606000	35606000
73	35610000	35610000	35610000	35610000
74	35607000	35607000	35607000	35607000
75	35611000	35612000	35612000	35612000
76	35609000	35608000	35608000	35608000
77	35611000	35611000	35611000	35611000
78	35609000	35609000	35611000	35609000
79	35609000	35609000	35609000	35609000
80	35608000	35608000	35608000	35608000
81	35611000	35611000	35611000	35611000
82	35609000	35609000	35609000	35609000
83	35609000	35609000	35609000	35609000
84	35607000	35607000	35607000	35607000
85	35610000	35610000	35610000	35610000
86	35616000	35616000	35616000	35616000
87	35610000	35611000	35611000	35611000
88	35607000	35608000	35608000	35608000
89	35611000	35611000	35611000	35610000
90	35612000	35612000	35612000	35612000
91	35609000	35609000	35609000	35609000
92	35611000	35611000	35611000	35610000
93	35611000	35611000	35611000	35611000
94	35611000	35612000	35611000	35612000
95	35609000	35609000	35609000	35609000
96	35612000	35612000	35614000	35612000
97	35608000	35608000	35608000	35608000
98	35605000	35605000	35605000	35605000
99	35607000	35607000	35607000	35607000
100	35606000	35606000	35606000	35606000
101	35607000	35607000	35607000	35607000
102	35607000	35607000	35607000	35607000
103	35606000	35606000	35606000	35606000
104	35609000	35609000	35609000	35609000
105	35610000	35610000	35610000	35610000
106	35611000	35611000	35611000	35611000
107	35607000	35607000	35607000	35607000
108	35612000	35613000	35613000	35613000
109	35607000	35607000	35607000	35607000
110	35612000	35612000	35612000	35612000
111	35609000	35609000	35609000	35609000
112	35605000	35605000	35605000	35605000
113	35608000	35607000	35607000	35607000
114	35605000	35605000	35605000	35605000
115	35606000	35606000	35606000	35606000
116	35606000	35605000	35605000	35605000
117	35606000	35606000	35606000	35606000
118	35603000	35604000	35603000	35604000
119	35608000	35608000	35608000	35608000
120	35604000	35604000	35604000	35604000
121	35605000	35605000	35605000	35605000
122	35609000	35609000	35609000	35609000
123	35608000	35608000	35608000	35608000
124	35607000	35606000	35606000	35606000
125	35607000	35607000	35607000	35607000
126	35605000	35605000	35605000	35605000
127	35603000	35603000	35603000	35603000
128	35604000	35604000	35604000	35604000
129	35611000	35611000	35611000	35611000
130	35608000	35608000	35608000	35608000
131	35611000	35611000	35611000	35611000
132	35605000	35605000	35605000	35605000
133	35608000	35608000	35608000	35608000
134	35608000	35607000	35608000	35607000
135	35606000	35607000	35607000	35607000
136	35610000	35610000	35610000	35610000
137	35607000	35607000	35607000	35607000
138	35608000	35608000	35608000	35608000
139	35610000	35610000	35610000	35610000
140	35609000	35609000	35609000	35610000
141	35611000	35611000	35611000	35611000
142	35613000	35613000	35613000	35613000
143	35606000	35607000	35607000	35607000
144	35607000	35607000	35607000	35607000
145	35607000	35607000	35607000	35607000
146	35612000	35612000	35612000	35612000
147	35614000	35613000	35614000	35613000
148	35604000	35604000	35604000	35604000
149	35607000	35607000	35607000	35607000
150	35607000	35607000	35607000	35607000
151	35607000	35607000	35607000	35607000
152	35607000	35607000	35607000	35607000
153	35608000	35608000	35608000	35607000
154	35609000	35609000	35609000	35609000
155	35610000	35610000	35610000	35610000
156	35613000	35613000	35613000	35613000
157	35614000	35614000	35614000	35615000
158	35612000	35612000	35612000	35612000
159	35608000	35608000	35608000	35608000
160	35608000	35608000	35608000	35608000
161	35609000	35609000	35609000	35609000
162	35609000	35609000	35609000	35609000
163	35605000	35605000	35605000	35605000
164	35603000	35603000	35603000	35603000
165	35610000	35610000	35610000	35610000
166	35609000	35609000	35609000	35609000
167	35607000	35607000	35607000	35607000
168	35611000	35611000	35611000	35611000
169	35611000	35610000	35610000	35610000
170	35605000	35605000	35605000	35605000
171	35612000	35612000	35612000	35612000
172	35609000	35609000	35609000	35609000
173	35605000	35606000	35606000	35606000
174	35604000	35604000	35604000	35604000
175	35606000	35606000	35606000	35606000
176	35608000	35608000	35608000	35607000
177	35605000	35605000	35605000	35604000
178	35606000	35606000	35606000	35606000
179	35609000	35608000	35608000	35608000
180	35604000	35604000	35604000	35604000
181	35605000	35605000	35605000	35605000
182	35602000	35601000	35601000	35601000
183	35609000	35609000	35609000	35609000
184	35608000	35608000	35608000	35608000
185	35608000	35608000	35608000	35608000
186	35612000	35612000	35612000	35612000
187	35610000	35610000	35610000	35610000
188	35610000	35610000	35610000	35611000
189	35616000	35617000	35617000	35617000
190	35612000	35612000	35612000	35612000
191	35613000	35613000	35613000	35613000
192	35613000	35612000	35613000	35612000
193	35612000	35612000	35612000	35612000
194	35617000	35617000	35617000	35617000
195	35611000	35611000	35611000	35611000
196	35612000	35612000	35612000	35612000
197	35611000	35611000	35611000	35611000
198	35614000	35614000	35614000	35614000
199	35616000	35615000	35615000	35615000
200	35614000	35614000	35614000	35614000
201	35611000	35611000	35611000	35611000
202	35614000	35614000	35614000	35614000
203	35610000	35610000	35610000	35610000
204	35611000	35611000	35611000	35611000
205	35608000	35608000	35608000	35608000
206	35611000	35611000	35611000	35611000
207	35615000	35615000	35615000	35615000
208	35617000	35617000	35617000	35617000
209	35617000	35617000	35617000	35617000
210	35617000	35617000	35617000	35617000
211	35611000	35611000	35611000	35611000
212	35612000	35612000	35612000	35612000
213	35618000	35618000	35618000	35618000
214	35619000	35619000	35619000	35619000
215	35618000	35617000	35617000	35617000
216	35612000	35612000	35612000	35612000
217	35611000	35611000	35611000	35611000
218	35616000	35616000	35616000	35616000
219	35614000	35615000	35615000	35615000
220	35616000	35616000	35616000	35616000
221	35613000	35614000	35614000	35614000
222	35615000	35615000	35615000	35615000
223	35615000	35615000	35615000	35615000
224	35615000	35616000	35615000	35616000
225	35614000	35614000	35584000	35614000
226	35613000	35613000	35613000	35613000
227	35615000	35615000	35615000	35615000
228	35612000	35612000	35612000	35612000
229	35611000	35610000	35611000	35610000
230	35608000	35608000	35608000	35608000
231	35610000	35610000	35610000	35609000
232	35612000	35611000	35611000	35611000
233	35614000	35614000	35614000	35614000
234	35606000	35606000	35606000	35606000
235	35612000	35612000	35612000	35612000
236	35608000	35608000	35608000	35608000
237	35618000	35618000	35618000	35618000
238	35614000	35614000	35614000	35614000
239	35609000	35609000	35609000	35609000
240	35610000	35610000	35610000	35610000
241	35615000	35615000	35615000	35615000
242	35614000	35613000	35614000	35613000
243	35616000	35616000	35616000	35616000
244	35609000	35609000	35609000	35609000
245	35616000	35616000	35616000	35616000
246	35615000	35615000	35615000	35615000
247	35614000	35614000	35614000	35614000
248	35609000	35609000	35609000	35609000
249	35608000	35608000	35608000	35608000
250	35610000	35610000	35608000	35610000
251	35606000	35606000	35606000	35606000
252	35609000	35609000	35609000	35609000
253	35607000	35607000	35607000	35607000
254	35602000	35603000	35602000	35603000
255	35605000	35605000	35605000	35605000
256	35608000	35607000	35607000	35607000
257	35606000	35606000	35606000	35606000
258	35609000	35609000	35609000	35609000
259	35609000	35609000	35609000	35608000
260	35607000	35607000	35607000	35607000
261	35609000	35609000	35609000	35609000
262	35610000	35610000	35610000	35610000
263	35611000	35611000	35611000	35611000
264	35612000	35611000	35611000	35612000
265	35607000	35607000	35607000	35606000
266	35613000	35614000	35613000	35614000
267	35608000	35608000	35608000	35609000
268	35605000	35605000	35605000	35605000
269	35606000	35606000	35606000	35606000
270	35608000	35608000	35608000	35608000
271	35609000	35610000	35610000	35610000
272	35606000	35606000	35606000	35606000
273	35612000	35612000	35612000	35612000
274	35606000	35606000	35606000	35606000
275	35607000	35607000	35607000	35607000
276	35610000	35610000	35610000	35610000
277	35605000	35605000	35605000	35606000
278	35605000	35604000	35604000	35604000
279	35602000	35602000	35602000	35602000
280	35606000	35606000	35606000	35606000
281	35611000	35611000	35611000	35611000
282	35607000	35607000	35607000	35607000
283	35606000	35606000	35606000	35606000
284	35607000	35607000	35607000	35607000
285	35609000	35609000	35609000	35609000
286	35612000	35613000	35612000	35613000
287	35608000	35608000	35608000	35607000
288	35611000	35611000	35611000	35611000
289	35607000	35607000	35607000	35607000
290	35609000	35609000	35609000	35609000
291	35604000	35604000	35604000	35605000
292	35610000	35610000	35610000	35610000
293	35609000	35609000	35609000	35610000
294	35606000	35606000	35606000	35606000
295	35608000	35608000	35608000	35607000
296	35610000	35610000	35610000	35610000
297	35610000	35610000	35610000	35610000
298	35607000	35606000	35607000	35606000
299	35609000	35608000	35609000	35608000
300	35608000	35608000	35608000	35608000
301	35608000	35608000	35608000	35608000
302	35604000	35604000	35604000	35604000
303	35606000	35606000	35606000	35606000
304	35600000	35600000	35600000	35600000
305	35607000	35608000	35608000	35608000
306	35605000	35605000	35605000	35605000
307	35606000	35606000	35606000	35606000
308	35608000	35608000	35608000	35608000
309	35605000	35605000	35605000	35605000
310	35610000	35610000	35610000	35610000
311	35608000	35609000	35608000	35609000
312	35606000	35607000	35607000	35607000
313	35604000	35604000	35604000	35604000
314	35609000	35609000	35609000	35609000
315	35606000	35606000	35606000	35606000
316	35610000	35610000	35610000	35610000
317	35612000	35612000	35612000	35612000
318	35610000	35610000	35610000	35610000
319	35608000	35608000	35608000	35608000
320	35613000	35613000	35613000	35614000
321	35614000	35614000	35614000	35614000
322	35607000	35607000	35607000	35607000
323	35607000	35607000	35607000	35607000
324	35603000	35603000	35603000	35603000
325	35604000	35604000	35604000	35604000
326	35609000	35609000	35609000	35609000
327	35607000	35607000	35607000	35607000
328	35605000	35605000	35605000	35605000
329	35610000	35610000	35610000	35610000
330	35609000	35610000	35609000	35610000
331	35613000	35613000	35613000	35613000
332	35608000	35608000	35608000	35608000
333	35608000	35608000	35608000	35608000
334	35609000	35609000	35609000	35609000
335	35608000	35608000	35608000	35608000
336	35609000	35608000	35608000	35608000
337	35607000	35607000	35607000	35608000
338	35613000	35613000	35613000	35613000
339	35611000	35611000	35611000	35611000
340	35608000	35608000	35608000	35608000
341	35608000	35608000	35608000	35608000
342	35609000	35609000	35609000	35610000
343	35610000	35610000	35610000	35610000
344	35610000	35610000	35610000	35610000
345	35606000	35607000	35607000	35607000
346	35608000	35609000	35608000	35609000
347	35603000	35603000	35603000	35603000
348	35608000	35608000	35608000	35608000
349	35609000	35609000	35609000	35609000
350	35606000	35605000	35606000	35605000
351	35608000	35608000	35608000	35608000
352	35608000	35608000	35608000	35608000
353	35606000	35605000	35605000	35605000
354	35606000	35606000	35606000	35606000
355	35606000	35606000	35606000	35605000
356	35604000	35604000	35604000	35604000
357	35602000	35602000	35602000	35602000
358	35604000	35604000	35604000	35604000
359	35607000	35606000	35606000	35606000
360	35608000	35608000	35608000	35608000
361	35602000	35602000	35602000	35602000
362	35606000	35606000	35606000	35606000
363	35606000	35606000	35606000	35606000
364	35605000	35605000	35605000	35605000
365	35606000	35606000	35606000	35606000
366	35609000	35609000	35609000	35609000
367	35610000	35610000	35610000	35610000
368	35609000	35609000	35609000	35609000
369	35611000	35611000	35611000	35611000
370	35611000	35611000	35611000	35611000
371	35608000	35608000	35608000	35608000
372	35605000	35605000	35605000	35605000
373	35606000	35607000	35607000	35607000
374	35609000	35609000	35609000	35609000
375	35608000	35608000	35608000	35608000
376	35605000	35604000	35604000	35604000
377	35604000	35604000	35604000	35604000
378	35602000	35602000	35602000	35602000
379	35607000	35607000	35607000	35608000
380	35605000	35605000	35605000	35605000
381	35609000	35609000	35609000	35609000
382	35608000	35608000	35608000	35608000
383	35609000	35609000	35609000	35609000
384	35609000	35609000	35609000	35609000
385	35608000	35608000	35608000	35608000
386	35601000	35600000	35601000	35600000
387	35602000	35603000	35602000	35603000
388	35604000	35604000	35604000	35604000
389	35599000	35599000	35599000	35599000
390	35600000	35600000	35600000	35600000
391	35600000	35600000	35600000	35600000
392	35603000	35603000	35603000	35603000
393	35597000	35598000	35598000	35598000
394	35601000	35602000	35602000	35602000
395	35602000	35602000	35602000	35602000
396	35605000	35605000	35605000	35605000
397	35603000	35603000	35603000	35604000
398	35606000	35606000	35606000	35606000
399	35606000	35606000	35606000	35606000
400	35603000	35603000	35603000	35603000
401	35606000	35606000	35606000	35606000
402	35600000	35600000	35600000	35600000
403	35602000	35602000	35602000	35602000
404	35605000	35605000	35605000	35605000
405	35603000	35604000	35604000	35604000
406	35604000	35604000	35604000	35604000
407	35609000	35609000	35609000	35609000
408	35606000	35606000	35606000	35606000
409	35608000	35608000	35608000	35608000
410	35606000	35606000	35606000	35606000
411	35605000	35605000	35605000	35604000
412	35606000	35605000	35606000	35606000
413	35604000	35604000	35604000	35604000
414	35601000	35601000	35601000	35601000
415	35611000	35611000	35611000	35611000
416	35604000	35604000	35604000	35604000
417	35606000	35606000	35606000	35606000
418	35601000	35601000	35601000	35601000
419	35600000	35600000	35600000	35601000
420	35606000	35605000	35605000	35605000
421	35609000	35609000	35609000	35609000
422	35608000	35608000	35608000	35608000
423	35605000	35606000	35605000	35606000
424	35606000	35606000	35606000	35604000
425	35606000	35606000	35606000	35606000
426	35610000	35610000	35610000	35610000
427	35605000	35605000	35605000	35605000
428	35608000	35607000	35607000	35607000
429	35605000	35605000	35605000	35605000
430	35610000	35610000	35610000	35610000
431	35609000	35609000	35609000	35608000
432	35611000	35611000	35611000	35611000
433	35601000	35601000	35601000	35601000
434	35611000	35611000	35611000	35611000
435	35609000	35609000	35609000	35610000
436	35612000	35612000	35612000	35613000
437	35613000	35613000	35613000	35613000
438	35604000	35604000	35604000	35604000
439	35604000	35604000	35604000	35604000
440	35608000	35608000	35608000	35608000
441	35611000	35611000	35611000	35611000
442	35610000	35610000	35610000	35610000
443	35608000	35608000	35608000	35608000
444	35608000	35609000	35609000	35609000
445	35605000	35605000	35605000	35605000
446	35603000	35603000	35603000	35603000
447	35607000	35607000	35607000	35607000
448	35608000	35609000	35609000	35609000
449	35608000	35608000	35608000	35608000
450	35606000	35606000	35606000	35606000
451	35607000	35607000	35607000	35607000
452	35609000	35609000	35609000	35609000
453	35613000	35614000	35614000	35614000
454	35605000	35606000	35606000	35606000
455	35607000	35607000	35607000	35607000
456	35605000	35605000	35605000	35606000
457	35605000	35605000	35605000	35604000
458	35604000	35604000	35604000	35604000
459	35603000	35602000	35602000	35603000
460	35607000	35607000	35607000	35607000
461	35606000	35606000	35606000	35604000
462	35607000	35608000	35607000	35608000
463	35612000	35612000	35612000	35612000
464	35612000	35612000	35612000	35612000
465	35612000	35612000	35612000	35612000
466	35611000	35610000	35610000	35610000
467	35610000	35610000	35610000	35610000
468	35613000	35613000	35613000	35613000
469	35609000	35608000	35609000	35608000
470	35606000	35607000	35607000	35607000
471	35609000	35609000	35609000	35609000
472	35608000	35607000	35607000	35607000
473	35613000	35613000	35613000	35613000
474	35608000	35608000	35608000	35608000
475	35610000	35611000	35610000	35611000
476	35610000	35610000	35610000	35610000
477	35610000	35610000	35610000	35610000
478	35610000	35610000	35610000	35610000
479	35611000	35610000	35610000	35610000
480	35610000	35610000	35610000	35610000
481	35613000	35613000	35613000	35613000
482	35604000	35603000	35603000	35603000
483	35609000	35608000	35608000	35608000
484	35610000	35610000	35610000	35610000
485	35609000	35609000	35609000	35609000
486	35606000	35606000	35606000	35606000
487	35608000	35608000	35608000	35608000
488	35607000	35607000	35607000	35607000
489	35605000	35605000	35605000	35606000
490	35605000	35605000	35605000	35605000
491	35610000	35610000	35610000	35610000
492	35610000	35610000	35610000	35610000
493	35610000	35610000	35610000	35610000
494	35607000	35607000	35607000	35607000
495	35608000	35608000	35608000	35608000
496	35607000	35607000	35607000	35606000
497	35608000	35608000	35608000	35608000
498	35605000	35606000	35606000	35606000
499	35603000	35604000	35604000	35604000

============================================================
# BITSTREAM: 1ms_5etapas.bit
# VENTANA: 1ms
# ETAPAS_PRINCIPAL: 5
# NUM_MUESTRAS: 500
# FORMATO: idx	freq1_hz	freq2_hz	freq3_hz	freq4_hz
============================================================
idx	freq1_hz	freq2_hz	freq3_hz	freq4_hz
0	34214000	34214000	34213000	34214000
1	34210000	34210000	34210000	34210000
2	34209000	34209000	34209000	34209000
3	34214000	34214000	34214000	34214000
4	34214000	34213000	34213000	34214000
5	34216000	34216000	34216000	34216000
6	34215000	34215000	34215000	34215000
7	34218000	34218000	34218000	34218000
8	34221000	34221000	34221000	34221000
9	34214000	34214000	34214000	34214000
10	34218000	34218000	34218000	34218000
11	34217000	34216000	34217000	34217000
12	34218000	34218000	34218000	34218000
13	34216000	34216000	34216000	34216000
14	34215000	34215000	34215000	34215000
15	34216000	34216000	34216000	34216000
16	34214000	34215000	34215000	34214000
17	34217000	34218000	34218000	34217000
18	34220000	34220000	34220000	34220000
19	34219000	34219000	34219000	34219000
20	34221000	34221000	34221000	34221000
21	34221000	34221000	34221000	34221000
22	34221000	34221000	34221000	34221000
23	34222000	34222000	34222000	34222000
24	34215000	34214000	34215000	34215000
25	34217000	34217000	34217000	34217000
26	34221000	34221000	34221000	34221000
27	34213000	34213000	34213000	34213000
28	34213000	34213000	34213000	34213000
29	34216000	34215000	34216000	34216000
30	34219000	34219000	34219000	34219000
31	34218000	34218000	34218000	34218000
32	34217000	34218000	34218000	34217000
33	34220000	34220000	34220000	34220000
34	34212000	34212000	34212000	34212000
35	34218000	34218000	34218000	34218000
36	34214000	34214000	34214000	34214000
37	34221000	34222000	34221000	34221000
38	34214000	34214000	34214000	34214000
39	34220000	34220000	34220000	34220000
40	34219000	34219000	34219000	34219000
41	34218000	34218000	34218000	34218000
42	34214000	34214000	34214000	34214000
43	34218000	34218000	34218000	34218000
44	34218000	34219000	34219000	34218000
45	34216000	34216000	34216000	34216000
46	34216000	34216000	34216000	34216000
47	34219000	34219000	34219000	34219000
48	34222000	34222000	34222000	34222000
49	34215000	34214000	34215000	34215000
50	34220000	34220000	34220000	34220000
51	34215000	34216000	34215000	34215000
52	34217000	34217000	34217000	34217000
53	34217000	34217000	34217000	34217000
54	34218000	34218000	34218000	34218000
55	34213000	34213000	34213000	34213000
56	34220000	34219000	34219000	34220000
57	34222000	34222000	34222000	34222000
58	34217000	34217000	34217000	34217000
59	34220000	34220000	34220000	34220000
60	34217000	34217000	34217000	34217000
61	34218000	34218000	34218000	34218000
62	34219000	34219000	34219000	34219000
63	34215000	34215000	34215000	34215000
64	34211000	34211000	34211000	34211000
65	34217000	34217000	34217000	34217000
66	34210000	34210000	34210000	34210000
67	34213000	34213000	34213000	34213000
68	34216000	34216000	34216000	34216000
69	34220000	34220000	34220000	34220000
70	34219000	34218000	34218000	34219000
71	34214000	34214000	34214000	34214000
72	34217000	34217000	34217000	34217000
73	34216000	34216000	34216000	34216000
74	34217000	34218000	34217000	34217000
75	34215000	34215000	34215000	34215000
76	34217000	34218000	34217000	34217000
77	34217000	34217000	34217000	34217000
78	34216000	34216000	34216000	34216000
79	34216000	34216000	34216000	34216000
80	34211000	34210000	34210000	34211000
81	34218000	34218000	34218000	34218000
82	34217000	34217000	34217000	34217000
83	34217000	34217000	34217000	34217000
84	34215000	34215000	34215000	34215000
85	34208000	34208000	34208000	34208000
86	34217000	34217000	34217000	34217000
87	34214000	34214000	34214000	34214000
88	34215000	34215000	34215000	34215000
89	34212000	34211000	34212000	34212000
90	34212000	34213000	34212000	34212000
91	34214000	34215000	34215000	34214000
92	34218000	34219000	34219000	34218000
93	34217000	34216000	34216000	34217000
94	34216000	34216000	34216000	34216000
95	34214000	34214000	34214000	34214000
96	34213000	34213000	34213000	34213000
97	34214000	34214000	34214000	34214000
98	34216000	34215000	34215000	34216000
99	34211000	34210000	34210000	34211000
100	34213000	34213000	34213000	34213000
101	34213000	34213000	34213000	34213000
102	34210000	34211000	34211000	34211000
103	34212000	34212000	34212000	34212000
104	34212000	34212000	34212000	34212000
105	34212000	34212000	34212000	34212000
106	34209000	34209000	34209000	34209000
107	34212000	34211000	34211000	34212000
108	34212000	34212000	34212000	34212000
109	34212000	34211000	34211000	34212000
110	34210000	34210000	34210000	34210000
111	34218000	34218000	34218000	34218000
112	34213000	34213000	34213000	34213000
113	34209000	34210000	34210000	34209000
114	34213000	34214000	34214000	34213000
115	34211000	34211000	34211000	34211000
116	34212000	34212000	34212000	34212000
117	34211000	34211000	34211000	34211000
118	34211000	34211000	34211000	34211000
119	34213000	34213000	34213000	34213000
120	34214000	34214000	34214000	34214000
121	34211000	34211000	34211000	34211000
122	34217000	34217000	34217000	34217000
123	34220000	34220000	34220000	34220000
124	34216000	34216000	34216000	34216000
125	34214000	34213000	34213000	34213000
126	34211000	34211000	34211000	34211000
127	34213000	34213000	34213000	34213000
128	34215000	34215000	34215000	34215000
129	34213000	34213000	34213000	34213000
130	34214000	34214000	34214000	34214000
131	34214000	34214000	34214000	34214000
132	34211000	34211000	34211000	34211000
133	34215000	34215000	34215000	34215000
134	34218000	34218000	34219000	34218000
135	34220000	34220000	34220000	34220000
136	34223000	34223000	34223000	34223000
137	34219000	34219000	34219000	34219000
138	34219000	34218000	34219000	34219000
139	34219000	34219000	34219000	34219000
140	34218000	34218000	34218000	34218000
141	34216000	34216000	34216000	34216000
142	34216000	34216000	34216000	34216000
143	34218000	34219000	34219000	34219000
144	34222000	34221000	34222000	34222000
145	34223000	34223000	34223000	34223000
146	34219000	34219000	34219000	34219000
147	34218000	34219000	34219000	34218000
148	34222000	34221000	34222000	34222000
149	34221000	34221000	34221000	34221000
150	34214000	34214000	34214000	34214000
151	34213000	34213000	34213000	34213000
152	34216000	34216000	34216000	34216000
153	34208000	34208000	34208000	34208000
154	34213000	34213000	34213000	34213000
155	34216000	34216000	34216000	34216000
156	34216000	34216000	34216000	34216000
157	34210000	34209000	34209000	34210000
158	34215000	34215000	34215000	34215000
159	34214000	34214000	34214000	34214000
160	34217000	34217000	34217000	34217000
161	34219000	34219000	34219000	34219000
162	34216000	34216000	34216000	34216000
163	34213000	34213000	34213000	34213000
164	34217000	34217000	34217000	34217000
165	34220000	34219000	34219000	34220000
166	34217000	34216000	34217000	34217000
167	34217000	34217000	34217000	34217000
168	34216000	34216000	34216000	34216000
169	34217000	34217000	34217000	34217000
170	34220000	34220000	34220000	34220000
171	34220000	34220000	34220000	34220000
172	34211000	34211000	34211000	34211000
173	34218000	34218000	34218000	34218000
174	34214000	34214000	34214000	34214000
175	34215000	34215000	34215000	34215000
176	34220000	34220000	34220000	34220000
177	34216000	34216000	34216000	34216000
178	34218000	34218000	34218000	34218000
179	34215000	34215000	34215000	34215000
180	34216000	34216000	34216000	34216000
181	34219000	34219000	34219000	34219000
182	34224000	34224000	34224000	34224000
183	34217000	34217000	34217000	34217000
184	34223000	34222000	34222000	34223000
185	34225000	34224000	34224000	34225000
186	34221000	34221000	34221000	34221000
187	34222000	34222000	34222000	34222000
188	34217000	34217000	34217000	34217000
189	34219000	34219000	34219000	34219000
190	34226000	34226000	34226000	34226000
191	34222000	34222000	34222000	34222000
192	34223000	34223000	34223000	34223000
193	34219000	34219000	34219000	34219000
194	34224000	34223000	34223000	34224000
195	34219000	34218000	34218000	34218000
196	34225000	34225000	34225000	34225000
197	34220000	34220000	34220000	34220000
198	34215000	34215000	34215000	34215000
199	34217000	34217000	34217000	34217000
200	34214000	34214000	34214000	34214000
201	34215000	34214000	34215000	34215000
202	34222000	34222000	34222000	34222000
203	34219000	34219000	34219000	34219000
204	34216000	34216000	34216000	34216000
205	34217000	34218000	34218000	34218000
206	34213000	34213000	34213000	34213000
207	34220000	34220000	34220000	34220000
208	34221000	34221000	34221000	34221000
209	34215000	34215000	34215000	34215000
210	34222000	34223000	34223000	34222000
211	34214000	34213000	34213000	34214000
212	34217000	34216000	34217000	34217000
213	34216000	34217000	34216000	34216000
214	34212000	34212000	34212000	34212000
215	34214000	34214000	34214000	34214000
216	34213000	34213000	34213000	34213000
217	34219000	34218000	34218000	34219000
218	34214000	34214000	34214000	34214000
219	34215000	34216000	34215000	34215000
220	34216000	34217000	34216000	34216000
221	34216000	34215000	34216000	34216000
222	34217000	34217000	34217000	34217000
223	34214000	34214000	34214000	34214000
224	34218000	34218000	34218000	34218000
225	34216000	34216000	34216000	34216000
226	34214000	34214000	34214000	34214000
227	34216000	34216000	34216000	34216000
228	34216000	34216000	34216000	34216000
229	34214000	34214000	34214000	34214000
230	34215000	34215000	34215000	34215000
231	34220000	34220000	34220000	34220000
232	34217000	34217000	34217000	34217000
233	34217000	34217000	34217000	34217000
234	34219000	34219000	34219000	34219000
235	34218000	34218000	34218000	34218000
236	34214000	34214000	34214000	34214000
237	34221000	34221000	34221000	34221000
238	34217000	34217000	34217000	34217000
239	34217000	34217000	34217000	34217000
240	34218000	34217000	34217000	34218000
241	34219000	34219000	34219000	34219000
242	34221000	34221000	34221000	34221000
243	34213000	34213000	34213000	34213000
244	34213000	34213000	34213000	34213000
245	34222000	34222000	34222000	34222000
246	34218000	34218000	34218000	34218000
247	34219000	34219000	34219000	34219000
248	34225000	34225000	34225000	34225000
249	34220000	34221000	34221000	34220000
250	34222000	34221000	34221000	34222000
251	34226000	34226000	34226000	34226000
252	34228000	34227000	34227000	34228000
253	34220000	34220000	34220000	34220000
254	34220000	34220000	34220000	34220000
255	34216000	34217000	34217000	34216000
256	34222000	34222000	34222000	34222000
257	34216000	34216000	34216000	34216000
258	34215000	34216000	34216000	34215000
259	34216000	34216000	34216000	34216000
260	34217000	34217000	34217000	34217000
261	34217000	34217000	34217000	34217000
262	34219000	34219000	34219000	34219000
263	34219000	34219000	34219000	34219000
264	34222000	34222000	34222000	34222000
265	34217000	34217000	34217000	34217000
266	34219000	34219000	34219000	34219000
267	34218000	34218000	34218000	34218000
268	34222000	34222000	34222000	34222000
269	34224000	34224000	34224000	34224000
270	34227000	34227000	34227000	34227000
271	34226000	34225000	34225000	34226000
272	34227000	34227000	34227000	34227000
273	34224000	34224000	34224000	34224000
274	34221000	34220000	34220000	34221000
275	34228000	34228000	34228000	34228000
276	34221000	34221000	34221000	34221000
277	34226000	34226000	34226000	34226000
278	34226000	34226000	34226000	34226000
279	34222000	34222000	34222000	34222000
280	34220000	34220000	34220000	34220000
281	34217000	34217000	34217000	34217000
282	34223000	34223000	34223000	34223000
283	34226000	34225000	34225000	34226000
284	34224000	34224000	34224000	34224000
285	34226000	34226000	34226000	34226000
286	34226000	34227000	34226000	34226000
287	34225000	34225000	34225000	34225000
288	34222000	34222000	34222000	34222000
289	34224000	34224000	34224000	34224000
290	34226000	34226000	34226000	34226000
291	34226000	34226000	34226000	34226000
292	34223000	34223000	34223000	34223000
293	34227000	34227000	34227000	34227000
294	34232000	34232000	34232000	34232000
295	34224000	34224000	34224000	34224000
296	34228000	34228000	34228000	34228000
297	34227000	34226000	34227000	34227000
298	34224000	34223000	34224000	34224000
299	34220000	34220000	34220000	34220000
300	34221000	34220000	34221000	34221000
301	34217000	34216000	34217000	34217000
302	34219000	34219000	34219000	34219000
303	34219000	34220000	34219000	34219000
304	34221000	34222000	34221000	34221000
305	34221000	34221000	34221000	34221000
306	34224000	34224000	34224000	34224000
307	34223000	34223000	34223000	34223000
308	34228000	34228000	34228000	34228000
309	34220000	34220000	34220000	34220000
310	34219000	34220000	34220000	34219000
311	34221000	34221000	34221000	34221000
312	34224000	34224000	34224000	34224000
313	34222000	34222000	34222000	34222000
314	34223000	34224000	34224000	34223000
315	34225000	34225000	34225000	34225000
316	34225000	34225000	34225000	34225000
317	34226000	34226000	34226000	34226000
318	34227000	34227000	34227000	34227000
319	34218000	34218000	34218000	34218000
320	34221000	34221000	34221000	34221000
321	34226000	34226000	34226000	34226000
322	34224000	34225000	34225000	34224000
323	34224000	34224000	34224000	34224000
324	34228000	34228000	34228000	34228000
325	34222000	34222000	34222000	34222000
326	34224000	34224000	34224000	34224000
327	34225000	34225000	34225000	34225000
328	34223000	34223000	34223000	34223000
329	34223000	34223000	34223000	34223000
330	34224000	34224000	34224000	34224000
331	34221000	34221000	34221000	34221000
332	34224000	34225000	34225000	34224000
333	34225000	34225000	34225000	34225000
334	34223000	34223000	34223000	34223000
335	34221000	34221000	34221000	34221000
336	34225000	34225000	34225000	34225000
337	34225000	34225000	34225000	34225000
338	34221000	34220000	34220000	34221000
339	34226000	34225000	34225000	34226000
340	34224000	34224000	34224000	34224000
341	34223000	34223000	34223000	34223000
342	34224000	34224000	34224000	34224000
343	34226000	34226000	34226000	34226000
344	34227000	34227000	34227000	34227000
345	34228000	34228000	34228000	34228000
346	34225000	34226000	34226000	34225000
347	34222000	34223000	34223000	34222000
348	34222000	34222000	34222000	34222000
349	34222000	34222000	34222000	34222000
350	34225000	34224000	34224000	34225000
351	34221000	34220000	34220000	34221000
352	34224000	34224000	34224000	34224000
353	34222000	34223000	34223000	34222000
354	34226000	34226000	34226000	34226000
355	34225000	34226000	34226000	34225000
356	34223000	34223000	34223000	34223000
357	34223000	34224000	34223000	34223000
358	34223000	34223000	34223000	34223000
359	34222000	34222000	34222000	34222000
360	34225000	34225000	34225000	34225000
361	34220000	34220000	34220000	34220000
362	34225000	34225000	34225000	34225000
363	34219000	34219000	34219000	34219000
364	34222000	34222000	34222000	34222000
365	34220000	34221000	34221000	34220000
366	34221000	34221000	34221000	34221000
367	34221000	34220000	34220000	34220000
368	34219000	34219000	34219000	34219000
369	34221000	34221000	34221000	34221000
370	34227000	34227000	34227000	34227000
371	34226000	34225000	34225000	34226000
372	34224000	34224000	34224000	34224000
373	34223000	34223000	34223000	34223000
374	34220000	34220000	34220000	34220000
375	34226000	34226000	34226000	34226000
376	34223000	34223000	34223000	34223000
377	34222000	34222000	34222000	34222000
378	34222000	34222000	34222000	34222000
379	34221000	34220000	34220000	34221000
380	34216000	34216000	34216000	34216000
381	34217000	34218000	34218000	34217000
382	34227000	34227000	34227000	34227000
383	34228000	34229000	34229000	34228000
384	34225000	34225000	34225000	34225000
385	34222000	34221000	34222000	34222000
386	34219000	34219000	34219000	34219000
387	34220000	34220000	34220000	34220000
388	34217000	34218000	34218000	34217000
389	34222000	34221000	34222000	34222000
390	34217000	34217000	34217000	34217000
391	34226000	34226000	34226000	34226000
392	34223000	34222000	34222000	34223000
393	34226000	34226000	34226000	34226000
394	34218000	34218000	34218000	34218000
395	34218000	34219000	34219000	34218000
396	34220000	34220000	34220000	34220000
397	34219000	34220000	34219000	34219000
398	34222000	34222000	34222000	34222000
399	34220000	34220000	34220000	34220000
400	34221000	34221000	34221000	34221000
401	34221000	34221000	34221000	34221000
402	34224000	34224000	34224000	34224000
403	34219000	34218000	34218000	34219000
404	34221000	34221000	34221000	34221000
405	34216000	34216000	34216000	34216000
406	34224000	34223000	34224000	34224000
407	34218000	34217000	34218000	34218000
408	34220000	34220000	34220000	34220000
409	34224000	34224000	34224000	34224000
410	34225000	34225000	34225000	34225000
411	34221000	34221000	34221000	34221000
412	34219000	34219000	34219000	34219000
413	34220000	34220000	34220000	34220000
414	34214000	34214000	34214000	34214000
415	34213000	34213000	34213000	34213000
416	34221000	34222000	34222000	34221000
417	34223000	34223000	34223000	34223000
418	34219000	34220000	34219000	34219000
419	34217000	34217000	34217000	34217000
420	34223000	34224000	34224000	34223000
421	34220000	34220000	34220000	34220000
422	34221000	34220000	34220000	34221000
423	34220000	34221000	34220000	34220000
424	34219000	34219000	34219000	34219000
425	34221000	34221000	34221000	34221000
426	34223000	34222000	34223000	34223000
427	34220000	34221000	34221000	34220000
428	34220000	34220000	34220000	34220000
429	34225000	34225000	34225000	34225000
430	34221000	34221000	34221000	34221000
431	34223000	34223000	34223000	34223000
432	34224000	34224000	34224000	34224000
433	34223000	34223000	34223000	34223000
434	34219000	34219000	34219000	34219000
435	34219000	34219000	34219000	34219000
436	34221000	34222000	34221000	34221000
437	34216000	34216000	34216000	34216000
438	34223000	34224000	34224000	34223000
439	34218000	34218000	34218000	34218000
440	34214000	34214000	34214000	34214000
441	34213000	34213000	34213000	34213000
442	34219000	34219000	34219000	34219000
443	34222000	34222000	34222000	34222000
444	34216000	34216000	34216000	34216000
445	34220000	34220000	34220000	34220000
446	34220000	34220000	34220000	34220000
447	34219000	34219000	34219000	34219000
448	34217000	34216000	34216000	34217000
449	34220000	34220000	34220000	34220000
450	34220000	34220000	34220000	34220000
451	34226000	34226000	34226000	34226000
452	34220000	34220000	34220000	34220000
453	34224000	34224000	34224000	34224000
454	34216000	34224000	34224000	34224000
455	34221000	34220000	34221000	34221000
456	34217000	34217000	34217000	34217000
457	34221000	34221000	34221000	34221000
458	34225000	34225000	34225000	34225000
459	34217000	34218000	34218000	34217000
460	34217000	34217000	34217000	34217000
461	34213000	34213000	34213000	34213000
462	34216000	34217000	34217000	34216000
463	34221000	34221000	34221000	34221000
464	34222000	34222000	34222000	34222000
465	34217000	34218000	34218000	34217000
466	34220000	34220000	34220000	34220000
467	34220000	34220000	34220000	34220000
468	34220000	34220000	34220000	34220000
469	34223000	34223000	34223000	34223000
470	34224000	34224000	34224000	34224000
471	34222000	34222000	34222000	34222000
472	34224000	34224000	34224000	34224000
473	34222000	34222000	34222000	34222000
474	34226000	34226000	34226000	34226000
475	34222000	34222000	34222000	34222000
476	34223000	34216000	34216000	34215000
477	34218000	34218000	34218000	34218000
478	34221000	34222000	34222000	34221000
479	34220000	34221000	34220000	34220000
480	34219000	34219000	34219000	34219000
481	34222000	34221000	34221000	34222000
482	34223000	34224000	34223000	34223000
483	34221000	34222000	34222000	34221000
484	34224000	34224000	34224000	34224000
485	34225000	34225000	34225000	34225000
486	34221000	34221000	34221000	34221000
487	34223000	34223000	34223000	34223000
488	34223000	34223000	34223000	34223000
489	34225000	34225000	34225000	34225000
490	34219000	34219000	34219000	34219000
491	34221000	34220000	34221000	34221000
492	34221000	34222000	34222000	34221000
493	34224000	34224000	34224000	34224000
494	34227000	34227000	34227000	34227000
495	34227000	34227000	34227000	34227000
496	34223000	34223000	34223000	34223000
497	34215000	34215000	34215000	34215000
498	34222000	34222000	34222000	34222000
499	34219000	34219000	34219000	34219000

============================================================
# BITSTREAM: 1ms_51etapas.bit
# VENTANA: 1ms
# ETAPAS_PRINCIPAL: 51
# NUM_MUESTRAS: 500
# FORMATO: idx	freq1_hz	freq2_hz	freq3_hz	freq4_hz
============================================================
idx	freq1_hz	freq2_hz	freq3_hz	freq4_hz
0	12469000	12821000	13050000	13326000
1	12470000	12823000	13051000	13326000
2	12470000	12823000	13051000	13326000
3	12469000	12822000	13050000	13324000
4	12471000	12825000	13052000	13326000
5	12470000	12823000	13051000	13325000
6	12470000	12821000	13051000	13328000
7	12469000	12821000	13050000	13326000
8	12472000	12824000	13052000	13328000
9	12471000	12823000	13051000	13330000
10	12469000	12822000	13050000	13327000
11	12472000	12825000	13052000	13327000
12	12470000	12823000	13051000	13326000
13	12471000	12824000	13050000	13328000
14	12471000	12825000	13051000	13325000
15	12469000	12823000	13049000	13325000
16	12470000	12823000	13051000	13327000
17	12469000	12822000	13050000	13327000
18	12468000	12822000	13051000	13325000
19	12471000	12825000	13050000	13326000
20	12470000	12824000	13050000	13329000
21	12468000	12822000	13049000	13325000
22	12468000	12821000	13049000	13327000
23	12469000	12821000	13050000	13325000
24	12469000	12824000	13050000	13325000
25	12469000	12822000	13049000	13326000
26	12469000	12823000	13049000	13325000
27	12470000	12822000	13050000	13327000
28	12469000	12821000	13049000	13326000
29	12469000	12822000	13049000	13326000
30	12468000	12824000	13051000	13325000
31	12469000	12824000	13049000	13324000
32	12468000	12821000	13049000	13325000
33	12469000	12823000	13050000	13323000
34	12469000	12822000	13050000	13327000
35	12469000	12824000	13052000	13326000
36	12468000	12822000	13050000	13323000
37	12469000	12823000	13051000	13326000
38	12470000	12822000	13051000	13328000
39	12469000	12823000	13050000	13327000
40	12471000	12824000	13051000	13332000
41	12469000	12822000	13050000	13326000
42	12470000	12823000	13052000	13325000
43	12470000	12825000	13050000	13325000
44	12469000	12824000	13051000	13327000
45	12469000	12823000	13050000	13327000
46	12468000	12822000	13051000	13326000
47	12470000	12824000	13051000	13324000
48	12468000	12821000	13050000	13325000
49	12470000	12821000	13050000	13328000
50	12468000	12820000	13048000	13327000
51	12469000	12823000	13048000	13324000
52	12467000	12820000	13049000	13326000
53	12468000	12820000	13048000	13323000
54	12469000	12821000	13049000	13327000
55	12468000	12821000	13048000	13325000
56	12468000	12822000	13050000	13326000
57	12468000	12821000	13048000	13328000
58	12470000	12823000	13051000	13325000
59	12470000	12823000	13050000	13325000
60	12470000	12823000	13050000	13327000
61	12471000	12823000	13052000	13327000
62	12468000	12821000	13049000	13325000
63	12469000	12823000	13048000	13325000
64	12469000	12824000	13050000	13325000
65	12470000	12822000	13051000	13328000
66	12469000	12822000	13050000	13326000
67	12470000	12823000	13050000	13327000
68	12471000	12825000	13050000	13327000
69	12470000	12824000	13050000	13328000
70	12470000	12824000	13050000	13326000
71	12471000	12825000	13051000	13327000
72	12470000	12824000	13051000	13329000
73	12472000	12825000	13052000	13325000
74	12471000	12825000	13051000	13328000
75	12471000	12824000	13051000	13328000
76	12470000	12823000	13051000	13328000
77	12470000	12825000	13050000	13327000
78	12471000	12824000	13052000	13327000
79	12470000	12824000	13050000	13326000
80	12470000	12824000	13050000	13326000
81	12469000	12823000	13049000	13325000
82	12470000	12824000	13049000	13326000
83	12470000	12823000	13049000	13326000
84	12469000	12822000	13050000	13326000
85	12469000	12823000	13049000	13326000
86	12470000	12823000	13050000	13326000
87	12468000	12821000	13049000	13326000
88	12468000	12823000	13049000	13322000
89	12467000	12821000	13047000	13325000
90	12470000	12823000	13049000	13326000
91	12469000	12822000	13049000	13325000
92	12469000	12823000	13050000	13326000
93	12468000	12821000	13049000	13329000
94	12470000	12823000	13050000	13329000
95	12469000	12823000	13049000	13325000
96	12468000	12823000	13049000	13325000
97	12469000	12822000	13050000	13321000
98	12468000	12820000	13050000	13328000
99	12470000	12822000	13051000	13328000
100	12470000	12822000	13051000	13329000
101	12469000	12822000	13050000	13326000
102	12470000	12823000	13050000	13325000
103	12468000	12822000	13049000	13325000
104	12468000	12823000	13049000	13323000
105	12468000	12821000	13049000	13325000
106	12470000	12824000	13051000	13327000
107	12471000	12825000	13050000	13328000
108	12468000	12822000	13050000	13326000
109	12469000	12824000	13050000	13326000
110	12470000	12823000	13050000	13325000
111	12470000	12822000	13051000	13328000
112	12470000	12822000	13050000	13326000
113	12470000	12822000	13050000	13330000
114	12469000	12823000	13051000	13327000
115	12469000	12822000	13049000	13327000
116	12471000	12824000	13050000	13326000
117	12469000	12821000	13050000	13324000
118	12470000	12825000	13051000	13328000
119	12468000	12821000	13050000	13327000
120	12468000	12822000	13050000	13325000
121	12469000	12824000	13050000	13323000
122	12468000	12821000	13048000	13325000
123	12469000	12821000	13050000	13326000
124	12468000	12821000	13049000	13324000
125	12470000	12824000	13051000	13327000
126	12468000	12820000	13048000	13324000
127	12467000	12821000	13049000	13326000
128	12469000	12823000	13048000	13326000
129	12471000	12822000	13051000	13329000
130	12470000	12824000	13050000	13328000
131	12469000	12821000	13051000	13326000
132	12471000	12823000	13050000	13330000
133	12470000	12821000	13050000	13329000
134	12469000	12822000	13050000	13329000
135	12469000	12823000	13049000	13322000
136	12470000	12822000	13051000	13326000
137	12468000	12821000	13050000	13325000
138	12469000	12823000	13051000	13324000
139	12467000	12823000	13049000	13324000
140	12469000	12822000	13051000	13327000
141	12469000	12822000	13049000	13323000
142	12469000	12821000	13049000	13330000
143	12467000	12821000	13048000	13324000
144	12466000	12820000	13047000	13326000
145	12468000	12821000	13049000	13324000
146	12468000	12821000	13050000	13326000
147	12466000	12821000	13046000	13324000
148	12468000	12822000	13049000	13324000
149	12468000	12821000	13049000	13327000
150	12468000	12819000	13049000	13326000
151	12468000	12821000	13048000	13326000
152	12467000	12820000	13047000	13324000
153	12467000	12821000	13049000	13322000
154	12469000	12823000	13050000	13325000
155	12469000	12822000	13049000	13330000
156	12470000	12823000	13048000	13325000
157	12469000	12823000	13048000	13324000
158	12470000	12823000	13050000	13327000
159	12469000	12823000	13050000	13325000
160	12467000	12820000	13049000	13324000
161	12468000	12822000	13048000	13325000
162	12468000	12821000	13049000	13327000
163	12469000	12822000	13050000	13326000
164	12470000	12823000	13049000	13327000
165	12468000	12822000	13050000	13327000
166	12468000	12821000	13050000	13324000
167	12470000	12821000	13050000	13325000
168	12470000	12823000	13050000	13327000
169	12468000	12820000	13048000	13326000
170	12469000	12822000	13049000	13326000
171	12468000	12821000	13048000	13327000
172	12470000	12823000	13050000	13326000
173	12467000	12820000	13048000	13325000
174	12468000	12820000	13048000	13325000
175	12467000	12820000	13048000	13324000
176	12467000	12820000	13049000	13323000
177	12468000	12822000	13048000	13324000
178	12469000	12822000	13048000	13327000
179	12469000	12822000	13049000	13325000
180	12467000	12821000	13050000	13322000
181	12468000	12823000	13049000	13324000
182	12469000	12823000	13048000	13325000
183	12467000	12821000	13049000	13324000
184	12468000	12822000	13049000	13324000
185	12468000	12820000	13049000	13325000
186	12468000	12822000	13050000	13323000
187	12467000	12821000	13049000	13322000
188	12469000	12822000	13048000	13323000
189	12469000	12823000	13049000	13324000
190	12468000	12821000	13049000	13326000
191	12467000	12819000	13048000	13325000
192	12469000	12823000	13050000	13325000
193	12467000	12820000	13047000	13325000
194	12469000	12823000	13049000	13325000
195	12467000	12818000	13047000	13327000
196	12467000	12821000	13049000	13324000
197	12468000	12821000	13047000	13326000
198	12470000	12821000	13049000	13327000
199	12469000	12822000	13048000	13325000
200	12468000	12821000	13049000	13324000
201	12468000	12821000	13049000	13323000
202	12470000	12821000	13050000	13329000
203	12468000	12821000	13049000	13326000
204	12469000	12823000	13049000	13324000
205	12468000	12822000	13049000	13327000
206	12469000	12822000	13049000	13325000
207	12466000	12819000	13048000	13325000
208	12467000	12821000	13047000	13324000
209	12467000	12820000	13048000	13327000
210	12469000	12823000	13049000	13327000
211	12468000	12821000	13047000	13325000
212	12469000	12821000	13051000	13326000
213	12467000	12820000	13049000	13326000
214	12470000	12824000	13051000	13326000
215	12469000	12821000	13049000	13329000
216	12470000	12824000	13051000	13325000
217	12470000	12822000	13049000	13327000
218	12470000	12823000	13050000	13327000
219	12469000	12821000	13050000	13328000
220	12469000	12822000	13049000	13324000
221	12470000	12823000	13050000	13327000
222	12469000	12821000	13050000	13328000
223	12469000	12823000	13050000	13325000
224	12469000	12821000	13051000	13327000
225	12471000	12822000	13050000	13330000
226	12470000	12823000	13050000	13328000
227	12469000	12822000	13048000	13326000
228	12469000	12823000	13050000	13326000
229	12469000	12822000	13049000	13326000
230	12471000	12824000	13052000	13327000
231	12469000	12822000	13049000	13329000
232	12470000	12822000	13050000	13328000
233	12471000	12823000	13052000	13325000
234	12469000	12822000	13049000	13325000
235	12470000	12823000	13048000	13327000
236	12469000	12823000	13050000	13325000
237	12469000	12820000	13049000	13327000
238	12469000	12821000	13049000	13328000
239	12469000	12821000	13049000	13328000
240	12468000	12821000	13049000	13325000
241	12471000	12825000	13049000	13327000
242	12471000	12824000	13050000	13330000
243	12468000	12821000	13049000	13331000
244	12470000	12824000	13051000	13330000
245	12468000	12820000	13048000	13329000
246	12470000	12824000	13051000	13329000
247	12469000	12822000	13049000	13330000
248	12469000	12821000	13049000	13327000
249	12469000	12823000	13049000	13325000
250	12469000	12822000	13050000	13328000
251	12468000	12823000	13047000	13324000
252	12467000	12821000	13048000	13325000
253	12469000	12821000	13048000	13329000
254	12467000	12820000	13047000	13327000
255	12469000	12823000	13049000	13326000
256	12468000	12822000	13049000	13327000
257	12468000	12821000	13050000	13329000
258	12470000	12823000	13049000	13330000
259	12470000	12823000	13050000	13326000
260	12469000	12824000	13048000	13322000
261	12468000	12823000	13048000	13324000
262	12469000	12823000	13049000	13325000
263	12467000	12821000	13048000	13325000
264	12471000	12823000	13051000	13329000
265	12469000	12823000	13049000	13323000
266	12470000	12821000	13050000	13327000
267	12470000	12823000	13050000	13325000
268	12469000	12821000	13050000	13327000
269	12469000	12823000	13051000	13326000
270	12470000	12824000	13050000	13324000
271	12468000	12822000	13049000	13323000
272	12468000	12821000	13049000	13326000
273	12468000	12821000	13049000	13324000
274	12468000	12821000	13049000	13323000
275	12470000	12822000	13050000	13328000
276	12470000	12823000	13052000	13326000
277	12470000	12823000	13049000	13327000
278	12469000	12823000	13049000	13326000
279	12468000	12820000	13048000	13325000
280	12468000	12821000	13050000	13323000
281	12468000	12822000	13049000	13324000
282	12469000	12822000	13048000	13327000
283	12469000	12822000	13049000	13326000
284	12467000	12821000	13048000	13324000
285	12469000	12822000	13047000	13324000
286	12469000	12822000	13050000	13325000
287	12467000	12822000	13048000	13321000
288	12468000	12822000	13049000	13325000
289	12469000	12823000	13050000	13326000
290	12469000	12821000	13050000	13325000
291	12468000	12819000	13048000	13327000
292	12468000	12820000	13050000	13326000
293	12468000	12821000	13048000	13325000
294	12470000	12823000	13048000	13324000
295	12467000	12820000	13049000	13326000
296	12469000	12822000	13049000	13328000
297	12469000	12823000	13049000	13323000
298	12470000	12823000	13050000	13327000
299	12469000	12822000	13050000	13326000
300	12471000	12824000	13052000	13326000
301	12471000	12824000	13049000	13326000
302	12469000	12824000	13051000	13326000
303	12469000	12822000	13051000	13326000
304	12468000	12822000	13051000	13326000
305	12469000	12823000	13051000	13326000
306	12468000	12823000	13049000	13327000
307	12468000	12821000	13050000	13325000
308	12468000	12822000	13049000	13326000
309	12469000	12822000	13051000	13325000
310	12469000	12822000	13052000	13331000
311	12468000	12822000	13049000	13327000
312	12468000	12821000	13049000	13325000
313	12469000	12823000	13050000	13324000
314	12468000	12823000	13049000	13322000
315	12468000	12821000	13050000	13325000
316	12468000	12821000	13049000	13324000
317	12468000	12821000	13047000	13326000
318	12469000	12820000	13049000	13331000
319	12468000	12821000	13049000	13325000
320	12468000	12822000	13049000	13329000
321	12469000	12822000	13050000	13327000
322	12470000	12822000	13050000	13325000
323	12468000	12822000	13048000	13325000
324	12468000	12820000	13048000	13329000
325	12468000	12822000	13048000	13325000
326	12468000	12821000	13048000	13325000
327	12467000	12820000	13047000	13326000
328	12468000	12821000	13049000	13324000
329	12467000	12819000	13048000	13326000
330	12468000	12823000	13048000	13324000
331	12469000	12822000	13050000	13327000
332	12469000	12821000	13050000	13325000
333	12468000	12821000	13048000	13327000
334	12468000	12821000	13049000	13325000
335	12468000	12820000	13049000	13328000
336	12468000	12823000	13051000	13322000
337	12469000	12822000	13049000	13326000
338	12467000	12822000	13049000	13322000
339	12468000	12822000	13050000	13325000
340	12468000	12821000	13050000	13326000
341	12468000	12822000	13047000	13326000
342	12467000	12820000	13048000	13323000
343	12468000	12822000	13049000	13323000
344	12468000	12822000	13050000	13326000
345	12467000	12821000	13049000	13325000
346	12468000	12820000	13048000	13326000
347	12469000	12822000	13049000	13327000
348	12468000	12822000	13048000	13325000
349	12469000	12822000	13050000	13327000
350	12468000	12822000	13050000	13323000
351	12469000	12822000	13049000	13325000
352	12469000	12821000	13050000	13326000
353	12470000	12822000	13048000	13326000
354	12469000	12822000	13050000	13324000
355	12467000	12820000	13048000	13328000
356	12467000	12821000	13046000	13327000
357	12468000	12821000	13048000	13326000
358	12467000	12821000	13048000	13327000
359	12468000	12821000	13049000	13326000
360	12467000	12820000	13047000	13325000
361	12468000	12819000	13047000	13328000
362	12468000	12821000	13048000	13324000
363	12467000	12820000	13048000	13323000
364	12468000	12820000	13049000	13325000
365	12469000	12821000	13048000	13327000
366	12466000	12820000	13049000	13323000
367	12467000	12820000	13048000	13327000
368	12468000	12821000	13048000	13327000
369	12468000	12820000	13048000	13327000
370	12468000	12822000	13049000	13326000
371	12468000	12819000	13047000	13330000
372	12468000	12822000	13049000	13323000
373	12468000	12821000	13049000	13326000
374	12468000	12822000	13049000	13324000
375	12468000	12823000	13048000	13325000
376	12467000	12820000	13049000	13325000
377	12469000	12821000	13049000	13324000
378	12469000	12823000	13048000	13324000
379	12468000	12822000	13048000	13325000
380	12466000	12820000	13049000	13324000
381	12466000	12823000	13047000	13324000
382	12469000	12822000	13049000	13325000
383	12466000	12819000	13046000	13327000
384	12467000	12823000	13048000	13325000
385	12467000	12821000	13049000	13321000
386	12468000	12821000	13050000	13325000
387	12468000	12821000	13049000	13327000
388	12469000	12820000	13049000	13329000
389	12468000	12821000	13048000	13323000
390	12468000	12820000	13049000	13327000
391	12467000	12820000	13049000	13324000
392	12467000	12822000	13049000	13323000
393	12467000	12821000	13047000	13324000
394	12466000	12821000	13048000	13322000
395	12465000	12820000	13047000	13322000
396	12466000	12820000	13048000	13324000
397	12469000	12822000	13049000	13325000
398	12470000	12824000	13050000	13324000
399	12468000	12819000	13048000	13329000
400	12467000	12820000	13049000	13326000
401	12469000	12823000	13049000	13325000
402	12470000	12823000	13049000	13326000
403	12469000	12822000	13049000	13325000
404	12471000	12823000	13051000	13329000
405	12467000	12822000	13048000	13323000
406	12468000	12822000	13048000	13326000
407	12469000	12823000	13049000	13326000
408	12469000	12821000	13050000	13328000
409	12467000	12821000	13049000	13325000
410	12467000	12822000	13051000	13323000
411	12467000	12822000	13047000	13324000
412	12468000	12822000	13049000	13325000
413	12467000	12822000	13047000	13322000
414	12469000	12823000	13048000	13324000
415	12468000	12823000	13048000	13322000
416	12466000	12820000	13047000	13324000
417	12467000	12820000	13048000	13322000
418	12468000	12822000	13048000	13322000
419	12466000	12819000	13047000	13325000
420	12466000	12820000	13048000	13320000
421	12468000	12820000	13049000	13324000
422	12468000	12821000	13050000	13327000
423	12469000	12823000	13049000	13325000
424	12469000	12824000	13049000	13324000
425	12469000	12822000	13051000	13324000
426	12470000	12822000	13050000	13327000
427	12468000	12821000	13050000	13328000
428	12468000	12822000	13049000	13326000
429	12467000	12821000	13049000	13322000
430	12467000	12820000	13050000	13325000
431	12467000	12822000	13047000	13324000
432	12467000	12821000	13050000	13324000
433	12467000	12822000	13049000	13325000
434	12468000	12822000	13050000	13324000
435	12467000	12820000	13048000	13323000
436	12466000	12820000	13048000	13324000
437	12467000	12821000	13050000	13324000
438	12468000	12822000	13049000	13322000
439	12468000	12822000	13050000	13324000
440	12468000	12821000	13049000	13327000
441	12467000	12821000	13049000	13322000
442	12469000	12821000	13049000	13326000
443	12467000	12819000	13048000	13325000
444	12468000	12821000	13049000	13324000
445	12466000	12819000	13049000	13328000
446	12468000	12821000	13049000	13324000
447	12467000	12820000	13048000	13324000
448	12467000	12821000	13048000	13326000
449	12467000	12819000	13048000	13325000
450	12468000	12822000	13047000	13324000
451	12467000	12820000	13049000	13323000
452	12468000	12820000	13049000	13323000
453	12467000	12820000	13048000	13322000
454	12468000	12822000	13049000	13323000
455	12468000	12822000	13049000	13323000
456	12466000	12821000	13048000	13323000
457	12468000	12821000	13048000	13324000
458	12467000	12821000	13049000	13323000
459	12466000	12819000	13048000	13323000
460	12465000	12819000	13048000	13324000
461	12467000	12820000	13049000	13326000
462	12467000	12820000	13049000	13325000
463	12467000	12820000	13048000	13324000
464	12465000	12819000	13048000	13323000
465	12466000	12820000	13048000	13322000
466	12467000	12820000	13049000	13323000
467	12468000	12821000	13050000	13325000
468	12466000	12819000	13049000	13323000
469	12467000	12820000	13048000	13323000
470	12468000	12821000	13049000	13323000
471	12467000	12820000	13049000	13325000
472	12468000	12821000	13050000	13326000
473	12467000	12820000	13049000	13324000
474	12467000	12821000	13049000	13326000
475	12467000	12821000	13048000	13324000
476	12467000	12821000	13049000	13326000
477	12468000	12822000	13048000	13324000
478	12468000	12822000	13051000	13324000
479	12467000	12819000	13049000	13327000
480	12467000	12823000	13048000	13325000
481	12467000	12819000	13048000	13323000
482	12468000	12821000	13048000	13324000
483	12469000	12823000	13048000	13328000
484	12467000	12819000	13048000	13326000
485	12468000	12820000	13047000	13326000
486	12467000	12819000	13048000	13325000
487	12469000	12820000	13049000	13327000
488	12467000	12822000	13049000	13324000
489	12468000	12822000	13048000	13325000
490	12468000	12821000	13050000	13326000
491	12467000	12820000	13049000	13322000
492	12468000	12821000	13049000	13324000
493	12467000	12821000	13047000	13325000
494	12469000	12822000	13051000	13328000
495	12468000	12821000	13050000	13324000
496	12470000	12823000	13050000	13324000
497	12469000	12822000	13048000	13324000
498	12469000	12822000	13051000	13324000
499	12469000	12824000	13050000	13323000

============================================================
# BITSTREAM: 1ms_101etapas.bit
# VENTANA: 1ms
# ETAPAS_PRINCIPAL: 101
# NUM_MUESTRAS: 500
# FORMATO: idx	freq1_hz	freq2_hz	freq3_hz	freq4_hz
============================================================
idx	freq1_hz	freq2_hz	freq3_hz	freq4_hz
0	8450000	8930000	8209000	9608000
1	8449000	8930000	8209000	9608000
2	8449000	8930000	8208000	9608000
3	8449000	8930000	8209000	9608000
4	8449000	8930000	8209000	9609000
5	8447000	8930000	8210000	9608000
6	8449000	8930000	8208000	9609000
7	8446000	8928000	8208000	9609000
8	8447000	8928000	8208000	9608000
9	8449000	8930000	8209000	9609000
10	8449000	8930000	8208000	9608000
11	8449000	8930000	8210000	9608000
12	8450000	8932000	8209000	9608000
13	8447000	8930000	8208000	9609000
14	8448000	8930000	8208000	9608000
15	8447000	8930000	8209000	9608000
16	8448000	8930000	8208000	9609000
17	8450000	8932000	8210000	9609000
18	8449000	8930000	8208000	9608000
19	8449000	8930000	8208000	9609000
20	8447000	8930000	8208000	9609000
21	8449000	8930000	8209000	9608000
22	8450000	8932000	8209000	9608000
23	8449000	8932000	8209000	9608000
24	8536000	8930000	8208000	9608000
25	8448000	8930000	8210000	9609000
26	8449000	8930000	8208000	9608000
27	8447000	8930000	8208000	9608000
28	8450000	8932000	8209000	9609000
29	8446000	8930000	8208000	9609000
30	8448000	8930000	8209000	9608000
31	8448000	8930000	8209000	9609000
32	8447000	8930000	8208000	9608000
33	8447000	8930000	8209000	9608000
34	8449000	8930000	8209000	9609000
35	8448000	8930000	8210000	9608000
36	8449000	8930000	8209000	9609000
37	8446000	8928000	8209000	9608000
38	8447000	8928000	8208000	9608000
39	8446000	8928000	8208000	9608000
40	8446000	8928000	8207000	9609000
41	8446000	8930000	8209000	9609000
42	8449000	8930000	8209000	9608000
43	8448000	8930000	8209000	9608000
44	8446000	8928000	8207000	9609000
45	8449000	8930000	8210000	9608000
46	8448000	8930000	8207000	9608000
47	8449000	8930000	8209000	9609000
48	8447000	8928000	8208000	9609000
49	8447000	8930000	8209000	9608000
50	8447000	8930000	8208000	9609000
51	8446000	8928000	8209000	9608000
52	8447000	8930000	8207000	9608000
53	8446000	8930000	8208000	9609000
54	8448000	8930000	8208000	9608000
55	8448000	8930000	8209000	9608000
56	8447000	8928000	8208000	9608000
57	8447000	8928000	8208000	9609000
58	8449000	8930000	8208000	9608000
59	8448000	8930000	8208000	9609000
60	8449000	8930000	8208000	9608000
61	8446000	8928000	8208000	9609000
62	8447000	8928000	8208000	9609000
63	8447000	8928000	8208000	9608000
64	8447000	8928000	8207000	9609000
65	8447000	8930000	8209000	9608000
66	8447000	8930000	8208000	9608000
67	8447000	8930000	8209000	9608000
68	8446000	8928000	8206000	9608000
69	8447000	8930000	8208000	9609000
70	8446000	8930000	8208000	9608000
71	8447000	8928000	8208000	9609000
72	8449000	8930000	8208000	9608000
73	8446000	8928000	8207000	9608000
74	8447000	8928000	8208000	9609000
75	8446000	8928000	8208000	9609000
76	8448000	8928000	8206000	9609000
77	8447000	8928000	8208000	9608000
78	8448000	8928000	8207000	9609000
79	8448000	8930000	8209000	9609000
80	8446000	8928000	8208000	9609000
81	8446000	8928000	8209000	9609000
82	8448000	8930000	8207000	9608000
83	8446000	8928000	8207000	9609000
84	8446000	8928000	8207000	9609000
85	8447000	8928000	8208000	9609000
86	8448000	8928000	8208000	9608000
87	8445000	8928000	8207000	9608000
88	8448000	8930000	8208000	9609000
89	8447000	8928000	8208000	9609000
90	8447000	8930000	8208000	9609000
91	8447000	8928000	8208000	9609000
92	8449000	8930000	8209000	9608000
93	8448000	8930000	8208000	9609000
94	8449000	8930000	8209000	9608000
95	8447000	8930000	8207000	9609000
96	8448000	8928000	8208000	9609000
97	8445000	8928000	8208000	9608000
98	8447000	8928000	8207000	9609000
99	8447000	8928000	8208000	9609000
100	8446000	8928000	8206000	9608000
101	8448000	8928000	8208000	9608000
102	8447000	8928000	8206000	9608000
103	8446000	8928000	8208000	9608000
104	8448000	8930000	8207000	9609000
105	8448000	8928000	8208000	9609000
106	8447000	8928000	8207000	9609000
107	8447000	8930000	8208000	9609000
108	8449000	8930000	8207000	9608000
109	8447000	8930000	8208000	9609000
110	8194000	8928000	8207000	9608000
111	8447000	8928000	8208000	9608000
112	8448000	8930000	8208000	9609000
113	8447000	8928000	8207000	9608000
114	8450000	8930000	8208000	9609000
115	8448000	8930000	8208000	9609000
116	8448000	8930000	8203000	9609000
117	8231000	8930000	8208000	9608000
118	8447000	8930000	8207000	9609000
119	8447000	8928000	8208000	9609000
120	8448000	8930000	8208000	9609000
121	8447000	8930000	8209000	9609000
122	8450000	8934000	8208000	9608000
123	8448000	8928000	8208000	9609000
124	8449000	8930000	8208000	9608000
125	8447000	8930000	8208000	9609000
126	8447000	8928000	8208000	9609000
127	8449000	8928000	8207000	9609000
128	8448000	8930000	8208000	9608000
129	8696000	8928000	8208000	9608000
130	8447000	8928000	8206000	9609000
131	8447000	8930000	8208000	9609000
132	8448000	8928000	8208000	9608000
133	8447000	8930000	8208000	9608000
134	8448000	8930000	8203000	9609000
135	8447000	8928000	8221000	9609000
136	8449000	8930000	8209000	9609000
137	8447000	8930000	8208000	9608000
138	8448000	8930000	8207000	9609000
139	8448000	8930000	8208000	9608000
140	8449000	8930000	8208000	9609000
141	8449000	8930000	8208000	9608000
142	8448000	8928000	8207000	9609000
143	8447000	8928000	8208000	9608000
144	8446000	8930000	8207000	9609000
145	8449000	8930000	8208000	9608000
146	8447000	8928000	8208000	9609000
147	8447000	8928000	8208000	9609000
148	8447000	8928000	8207000	9609000
149	8447000	8930000	8208000	9608000
150	8446000	8928000	8207000	9608000
151	8448000	8930000	8208000	9609000
152	8447000	8928000	8207000	9609000
153	8447000	8928000	8208000	9609000
154	8448000	8930000	8207000	9609000
155	8449000	8930000	8209000	9608000
156	8447000	8928000	8207000	9609000
157	8449000	8930000	8208000	9608000
158	8447000	8930000	8207000	9609000
159	8448000	8928000	8208000	9609000
160	8446000	8930000	8206000	9609000
161	8447000	8930000	8209000	9608000
162	8664000	8930000	8207000	9609000
163	8448000	8930000	8209000	9608000
164	8446000	8928000	8207000	9608000
165	8448000	8930000	8209000	9608000
166	8448000	8928000	8208000	9609000
167	8448000	8930000	8207000	9609000
168	8448000	8930000	8209000	9608000
169	8446000	8930000	8209000	9609000
170	8447000	8930000	8208000	9608000
171	8446000	8930000	8208000	9609000
172	8448000	8928000	8208000	9608000
173	8447000	8928000	8208000	9608000
174	8446000	8928000	8207000	9609000
175	8448000	8930000	8208000	9608000
176	8447000	8930000	8207000	9608000
177	8448000	8930000	8209000	9608000
178	8447000	8930000	8207000	9609000
179	8448000	8930000	8209000	9608000
180	8448000	8930000	8208000	9608000
181	8449000	8930000	8209000	9608000
182	8447000	8930000	8208000	9608000
183	8445000	8928000	8208000	9608000
184	8448000	8928000	8207000	9609000
185	8446000	8928000	8209000	9609000
186	8448000	8930000	8207000	9609000
187	8445000	8926000	8206000	9605000
188	8448000	8930000	8208000	9608000
189	8446000	8928000	8208000	9609000
190	8446000	8930000	8207000	9609000
191	8447000	8928000	8208000	9609000
192	8446000	8928000	8207000	9609000
193	8446000	8928000	8208000	9608000
194	8448000	8930000	8208000	9608000
195	8447000	8928000	8209000	9609000
196	8448000	8930000	8208000	9609000
197	8447000	8930000	8209000	9609000
198	8447000	8928000	8208000	9609000
199	8446000	8928000	8209000	9609000
200	8446000	8928000	8206000	9609000
201	8447000	8930000	8208000	9609000
202	8447000	8928000	8207000	9609000
203	8445000	8928000	8207000	9609000
204	8447000	8930000	8208000	9609000
205	8446000	8928000	8208000	9609000
206	8447000	8930000	8208000	9608000
207	8447000	8928000	8208000	9609000
208	8447000	8928000	8208000	9608000
209	8448000	8930000	8208000	9608000
210	8446000	8928000	8208000	9608000
211	8448000	8930000	8209000	9608000
212	8446000	8928000	8206000	9609000
213	8447000	8930000	8209000	9609000
214	8446000	8928000	8207000	9609000
215	8446000	8928000	8208000	9608000
216	8445000	8928000	8206000	9608000
217	8702000	8928000	8208000	9609000
218	8449000	8930000	8208000	9608000
219	8446000	8928000	8208000	9609000
220	8448000	8928000	8208000	9609000
221	8447000	8928000	8209000	9609000
222	8447000	8930000	8208000	9609000
223	8447000	8928000	8208000	9609000
224	8447000	8928000	8208000	9609000
225	8447000	8930000	8209000	9609000
226	8447000	8928000	8207000	9608000
227	8446000	8930000	8209000	9609000
228	8448000	8930000	8207000	9608000
229	8447000	8930000	8208000	9608000
230	8447000	8928000	8207000	9609000
231	8446000	8930000	8208000	9609000
232	8449000	8930000	8208000	9608000
233	8446000	8928000	8208000	9608000
234	8448000	8930000	8208000	9608000
235	8447000	8930000	8209000	9609000
236	8447000	8930000	8208000	9609000
237	8448000	8930000	8209000	9608000
238	8446000	8928000	8207000	9608000
239	8447000	8930000	8209000	9608000
240	8198000	8930000	8208000	9608000
241	8446000	8928000	8207000	9609000
242	8448000	8928000	8206000	9608000
243	8447000	8928000	8208000	9608000
244	8447000	8928000	8207000	9609000
245	8446000	8928000	8208000	9608000
246	8445000	8928000	8207000	9605000
247	8446000	8928000	8208000	9609000
248	8448000	8928000	8208000	9608000
249	8446000	8928000	8208000	9608000
250	8447000	8928000	8207000	9608000
251	8447000	8928000	8208000	9609000
252	8445000	8928000	8206000	9608000
253	8447000	8928000	8207000	9608000
254	8447000	8928000	8208000	9608000
255	8446000	8928000	8207000	9609000
256	8446000	8928000	8207000	9608000
257	8446000	8928000	8207000	9605000
258	8447000	8928000	8207000	9609000
259	8447000	8928000	8208000	9609000
260	8447000	8928000	8207000	9609000
261	8446000	8928000	8207000	9608000
262	8445000	8928000	8207000	9609000
263	8448000	8928000	8207000	9608000
264	8446000	8928000	8208000	9609000
265	8447000	8928000	8208000	9608000
266	8446000	8928000	8208000	9609000
267	8446000	8928000	8208000	9608000
268	8198000	8930000	8207000	9609000
269	8447000	8928000	8209000	9608000
270	8447000	8928000	8208000	9608000
271	8448000	8928000	8208000	9608000
272	8448000	8928000	8207000	9609000
273	8449000	8930000	8208000	9609000
274	8198000	8928000	8207000	9609000
275	8447000	8930000	8208000	9609000
276	8447000	8930000	8209000	9608000
277	8447000	8930000	8208000	9608000
278	8229000	8928000	8207000	9608000
279	8446000	8928000	8208000	9608000
280	8446000	8928000	8208000	9609000
281	8447000	8930000	8208000	9609000
282	8444000	8928000	8207000	9608000
283	8448000	8930000	8208000	9609000
284	8447000	8928000	8208000	9609000
285	8447000	8930000	8209000	9609000
286	8445000	8928000	8207000	9608000
287	8447000	8928000	8208000	9609000
288	8446000	8928000	8206000	9608000
289	8446000	8928000	8208000	9609000
290	8447000	8928000	8208000	9608000
291	8447000	8928000	8208000	9609000
292	8446000	8928000	8207000	9609000
293	8445000	8928000	8208000	9608000
294	8701000	8928000	8207000	9608000
295	8449000	8930000	8209000	9608000
296	8448000	8930000	8208000	9609000
297	8447000	8928000	8208000	9609000
298	8446000	8928000	8207000	9609000
299	8447000	8928000	8208000	9608000
300	8447000	8928000	8207000	9609000
301	8446000	8928000	8207000	9608000
302	8448000	8930000	8207000	9609000
303	8447000	8930000	8208000	9609000
304	8445000	8928000	8207000	9608000
305	8447000	8928000	8212000	9608000
306	8448000	8930000	8207000	9608000
307	8447000	8928000	8208000	9608000
308	8446000	8928000	8207000	9609000
309	8446000	8928000	8207000	9609000
310	8447000	8928000	8207000	9609000
311	8448000	8930000	8208000	9609000
312	8449000	8930000	8208000	9608000
313	8448000	8928000	8208000	9608000
314	8447000	8928000	8207000	9609000
315	8446000	8928000	8208000	9609000
316	8446000	8928000	8207000	9609000
317	8447000	8930000	8208000	9608000
318	8447000	8930000	8206000	9609000
319	8448000	8930000	8208000	9609000
320	8448000	8930000	8207000	9608000
321	8446000	8928000	8208000	9609000
322	8446000	8928000	8207000	9608000
323	8700000	8928000	8213000	9608000
324	8447000	8930000	8207000	9609000
325	8449000	8928000	8208000	9608000
326	8447000	8928000	8208000	9609000
327	8448000	8930000	8210000	9608000
328	8448000	8928000	8207000	9609000
329	8446000	8928000	8208000	9609000
330	8446000	8928000	8207000	9609000
331	8447000	8928000	8212000	9608000
332	8446000	8928000	8207000	9609000
333	8447000	8928000	8207000	9609000
334	8446000	8928000	8207000	9609000
335	8448000	8930000	8208000	9608000
336	8448000	8928000	8207000	9609000
337	8447000	8928000	8209000	9609000
338	8447000	8928000	8208000	9609000
339	8447000	8930000	8208000	9609000
340	8448000	8930000	8208000	9608000
341	8446000	8928000	8208000	9608000
342	8447000	8928000	8207000	9609000
343	8448000	8928000	8207000	9608000
344	8448000	8930000	8207000	9609000
345	8447000	8928000	8208000	9609000
346	8447000	8928000	8207000	9609000
347	8445000	8928000	8207000	9608000
348	8448000	8928000	8208000	9609000
349	8447000	8928000	8207000	9608000
350	8448000	8930000	8207000	9608000
351	8446000	8928000	8209000	9609000
352	8446000	8928000	8208000	9609000
353	8447000	8928000	8207000	9609000
354	8447000	8928000	8207000	9609000
355	8447000	8928000	8207000	9608000
356	8446000	8928000	8207000	9608000
357	8447000	8928000	8207000	9609000
358	8446000	8928000	8206000	9605000
359	8445000	8928000	8208000	9608000
360	8448000	8928000	8206000	9609000
361	8536000	8928000	8208000	9608000
362	8446000	8928000	8207000	9608000
363	8445000	8928000	8207000	9608000
364	8448000	8928000	8207000	9608000
365	8445000	8928000	8207000	9609000
366	8446000	8928000	8207000	9609000
367	8446000	8928000	8208000	9609000
368	8446000	8928000	8207000	9609000
369	8447000	8928000	8208000	9609000
370	8447000	8928000	8207000	9608000
371	8446000	8928000	8209000	9609000
372	8447000	8928000	8207000	9608000
373	8447000	8928000	8208000	9608000
374	8445000	8928000	8207000	9608000
375	8444000	8928000	8208000	9608000
376	8447000	8928000	8207000	9608000
377	8447000	8928000	8212000	9609000
378	8447000	8928000	8207000	9608000
379	8446000	8928000	8208000	9608000
380	8446000	8928000	8207000	9609000
381	8446000	8928000	8208000	9608000
382	8446000	8928000	8207000	9608000
383	8445000	8928000	8208000	9609000
384	8447000	8930000	8207000	9609000
385	8512000	8928000	8207000	9609000
386	8446000	8928000	8207000	9609000
387	8447000	8928000	8208000	9609000
388	8447000	8928000	8207000	9608000
389	8446000	8928000	8208000	9608000
390	8447000	8928000	8208000	9609000
391	8446000	8928000	8209000	9608000
392	8446000	8928000	8207000	9609000
393	8447000	8930000	8209000	9608000
394	8448000	8928000	8207000	9609000
395	8447000	8928000	8209000	9608000
396	8446000	8928000	8207000	9608000
397	8445000	8928000	8208000	9609000
398	8447000	8928000	8208000	9609000
399	8446000	8928000	8208000	9608000
400	8447000	8928000	8207000	9608000
401	8447000	8928000	8208000	9609000
402	8446000	8928000	8206000	9608000
403	8446000	8928000	8208000	9609000
404	8446000	8928000	8207000	9608000
405	8447000	8928000	8208000	9609000
406	8446000	8928000	8207000	9609000
407	8448000	8928000	8209000	9609000
408	8446000	8928000	8207000	9609000
409	8446000	8928000	8208000	9608000
410	8446000	8930000	8207000	9608000
411	8445000	8928000	8208000	9608000
412	8447000	8928000	8208000	9609000
413	8445000	8928000	8208000	9608000
414	8447000	8930000	8207000	9609000
415	8445000	8928000	8208000	9609000
416	8445000	8928000	8206000	9608000
417	8448000	8930000	8208000	9608000
418	8447000	8928000	8207000	9609000
419	8447000	8928000	8209000	9608000
420	8447000	8930000	8207000	9608000
421	8448000	8930000	8209000	9609000
422	8446000	8928000	8207000	9609000
423	8447000	8930000	8209000	9609000
424	8449000	8930000	8208000	9608000
425	8446000	8928000	8208000	9609000
426	8447000	8928000	8207000	9609000
427	8445000	8928000	8208000	9608000
428	8448000	8928000	8207000	9609000
429	8446000	8928000	8207000	9609000
430	8447000	8930000	8207000	9608000
431	8449000	8930000	8209000	9608000
432	8447000	8930000	8208000	9608000
433	8449000	8930000	8209000	9609000
434	8447000	8928000	8207000	9609000
435	8447000	8930000	8208000	9609000
436	8447000	8928000	8208000	9608000
437	8449000	8930000	8208000	9608000
438	8446000	8928000	8206000	9608000
439	8446000	8928000	8209000	9609000
440	8664000	8928000	8207000	9608000
441	8448000	8930000	8207000	9608000
442	8230000	8930000	8207000	9608000
443	8446000	8930000	8208000	9609000
444	8447000	8930000	8208000	9608000
445	8446000	8928000	8208000	9608000
446	8447000	8928000	8208000	9609000
447	8447000	8928000	8208000	9608000
448	8450000	8930000	8209000	9609000
449	8447000	8930000	8208000	9608000
450	8449000	8930000	8208000	9609000
451	8448000	8930000	8210000	9609000
452	8448000	8930000	8208000	9608000
453	8449000	8930000	8209000	9609000
454	8448000	8930000	8208000	9608000
455	8449000	8932000	8209000	9609000
456	8449000	8932000	8209000	9609000
457	8447000	8930000	8209000	9608000
458	8448000	8930000	8208000	9608000
459	8448000	8930000	8209000	9608000
460	8449000	8930000	8208000	9608000
461	8449000	8930000	8210000	9609000
462	8447000	8930000	8207000	9608000
463	8450000	8930000	8209000	9608000
464	8447000	8930000	8207000	9609000
465	8538000	8930000	8209000	9609000
466	8448000	8930000	8208000	9608000
467	8449000	8930000	8209000	9609000
468	8536000	8930000	8207000	9609000
469	8447000	8930000	8208000	9609000
470	8449000	8930000	8208000	9608000
471	8449000	8930000	8208000	9609000
472	8449000	8930000	8208000	9608000
473	8448000	8930000	8208000	9608000
474	8446000	8930000	8207000	9609000
475	8536000	8930000	8208000	9608000
476	8449000	8930000	8209000	9608000
477	8447000	8930000	8208000	9608000
478	8447000	8930000	8208000	9609000
479	8447000	8930000	8208000	9609000
480	8447000	8928000	8207000	9609000
481	8446000	8928000	8208000	9608000
482	8448000	8930000	8208000	9609000
483	8447000	8928000	8208000	9609000
484	8448000	8930000	8208000	9609000
485	8448000	8928000	8208000	9609000
486	8446000	8930000	8207000	9608000
487	8447000	8930000	8209000	9608000
488	8449000	8930000	8208000	9609000
489	8447000	8928000	8208000	9608000
490	8448000	8930000	8207000	9608000
491	8449000	8930000	8209000	9608000
492	8446000	8928000	8207000	9609000
493	8449000	8930000	8209000	9608000
494	8448000	8930000	8207000	9609000
495	8447000	8930000	8209000	9608000
496	8448000	8928000	8208000	9609000
497	8445000	8928000	8209000	9609000
498	8447000	8930000	8208000	9608000
499	8447000	8930000	8208000	9608000

============================================================
# BITSTREAM: 100us_3etapas.bit
# VENTANA: 100us
# ETAPAS_PRINCIPAL: 3
# NUM_MUESTRAS: 500
# FORMATO: idx	freq1_hz	freq2_hz	freq3_hz	freq4_hz
============================================================
idx	freq1_hz	freq2_hz	freq3_hz	freq4_hz
0	34970000	34970000	34970000	34970000
1	34960000	34960000	34960000	34960000
2	34960000	34970000	34960000	34960000
3	34960000	34960000	34960000	34960000
4	34960000	34960000	34960000	34960000
5	34960000	34960000	34960000	34960000
6	34970000	34970000	34970000	34970000
7	34960000	34960000	34960000	34960000
8	34960000	34960000	34960000	34960000
9	34970000	34970000	34970000	34970000
10	34970000	34970000	34970000	34970000
11	34970000	34970000	34970000	34970000
12	34960000	34960000	34960000	34960000
13	34950000	34950000	34950000	34950000
14	34960000	34960000	34960000	34960000
15	34960000	34960000	34960000	34960000
16	34960000	34960000	34960000	34960000
17	34970000	34970000	34970000	34970000
18	34960000	34960000	34960000	34960000
19	34960000	34950000	34950000	34950000
20	34960000	34970000	34970000	34970000
21	34970000	34970000	34970000	34970000
22	34960000	34970000	34970000	34970000
23	34960000	34970000	34960000	34960000
24	34970000	34970000	34970000	34970000
25	34950000	34950000	34950000	34950000
26	34970000	34970000	34970000	34970000
27	34960000	34960000	34960000	34960000
28	34960000	34960000	34960000	34960000
29	34970000	34970000	34970000	34970000
30	34970000	34970000	34970000	34970000
31	34970000	34970000	34970000	34970000
32	34970000	34970000	34970000	34970000
33	34950000	34950000	34950000	34950000
34	34960000	34960000	34960000	34960000
35	34970000	34970000	34970000	34970000
36	34970000	34970000	34970000	34970000
37	34970000	34970000	34970000	34970000
38	34970000	34960000	34960000	34960000
39	34970000	34970000	34970000	34970000
40	34970000	34970000	34970000	34970000
41	34960000	34960000	34960000	34960000
42	34970000	34970000	34970000	34970000
43	34970000	34970000	34970000	34970000
44	34960000	34960000	34960000	34960000
45	34970000	34970000	34970000	34970000
46	34960000	34960000	34960000	34960000
47	34960000	34960000	34960000	34960000
48	34960000	34960000	34960000	34960000
49	34960000	34960000	34960000	34960000
50	34970000	34970000	34970000	34970000
51	34960000	34960000	34960000	34960000
52	34960000	34960000	34960000	34960000
53	34960000	34970000	34970000	34970000
54	34960000	34960000	34960000	34960000
55	34960000	34960000	34960000	34960000
56	34970000	34960000	34960000	34960000
57	34960000	34970000	34970000	34970000
58	34960000	34960000	34960000	34960000
59	34970000	34970000	34970000	34970000
60	34970000	34960000	34970000	34970000
61	34970000	34960000	34960000	34960000
62	34970000	34960000	34960000	34960000
63	34960000	34960000	34960000	34960000
64	34970000	34970000	34970000	34970000
65	34960000	34960000	34960000	34960000
66	34960000	34960000	34960000	34960000
67	34960000	34960000	34960000	34960000
68	34960000	34960000	34960000	34960000
69	34970000	34970000	34970000	34970000
70	34980000	34970000	34980000	34980000
71	34970000	34960000	34960000	34960000
72	34960000	34960000	34960000	34960000
73	34960000	34970000	34970000	34970000
74	34960000	34960000	34960000	34960000
75	34960000	34960000	34960000	34960000
76	34960000	34960000	34960000	34960000
77	34960000	34960000	34960000	34960000
78	34970000	34970000	34970000	34970000
79	34960000	34960000	34960000	34960000
80	34970000	34970000	34970000	34970000
81	34960000	34960000	34960000	34960000
82	34970000	34970000	34970000	34970000
83	34950000	34950000	34950000	34950000
84	34970000	34970000	34970000	34970000
85	34960000	34960000	34960000	34960000
86	34960000	34960000	34960000	34960000
87	34970000	34970000	34970000	34970000
88	34960000	34960000	34960000	34960000
89	34960000	34970000	34970000	34970000
90	34970000	34970000	34970000	34970000
91	34960000	34960000	34960000	34960000
92	34960000	34960000	34960000	34960000
93	34960000	34960000	34960000	34960000
94	34960000	34970000	34970000	34970000
95	34970000	34970000	34970000	34970000
96	34960000	34960000	34960000	34960000
97	34980000	34970000	34970000	34970000
98	34970000	34970000	34970000	34970000
99	34970000	34970000	34970000	34970000
100	34960000	34960000	34960000	34960000
101	34960000	34960000	34960000	34960000
102	34960000	34960000	34960000	34960000
103	34970000	34960000	34960000	34960000
104	34960000	34960000	34960000	34960000
105	34960000	34970000	34970000	34970000
106	34960000	34960000	34960000	34960000
107	34960000	34950000	34950000	34950000
108	34960000	34970000	34970000	34960000
109	34970000	34970000	34970000	34970000
110	34960000	34960000	34960000	34960000
111	34960000	34960000	34960000	34960000
112	34960000	34960000	34960000	34960000
113	34970000	34970000	34970000	34970000
114	34960000	34960000	34960000	34960000
115	34960000	34960000	34960000	34960000
116	34970000	34980000	34980000	34970000
117	34960000	34970000	34960000	34960000
118	34970000	34970000	34970000	34970000
119	34970000	34970000	34970000	34970000
120	34960000	34960000	34960000	34960000
121	34970000	34960000	34960000	34960000
122	34950000	34950000	34950000	34950000
123	34970000	34970000	34970000	34970000
124	34960000	34960000	34960000	34960000
125	34970000	34970000	34970000	34970000
126	34960000	34960000	34960000	34960000
127	34950000	34950000	34950000	34950000
128	34960000	34960000	34960000	34960000
129	34960000	34960000	34960000	34960000
130	34970000	34960000	34960000	34960000
131	34970000	34960000	34960000	34960000
132	34970000	34970000	34970000	34970000
133	34970000	34970000	34970000	34970000
134	34960000	34960000	34960000	34960000
135	34960000	34960000	34960000	34960000
136	34960000	34960000	34960000	34960000
137	34960000	34960000	34960000	34960000
138	34960000	34960000	34960000	34960000
139	34960000	34960000	34960000	34960000
140	34970000	34970000	34970000	34970000
141	34960000	34960000	34960000	34960000
142	34960000	34960000	34960000	34960000
143	34960000	34960000	34960000	34960000
144	34960000	34960000	34960000	34960000
145	34970000	34970000	34960000	34960000
146	34960000	34960000	34960000	34960000
147	34970000	34970000	34970000	34970000
148	34960000	34960000	34960000	34960000
149	34960000	34960000	34960000	34960000
150	34960000	34950000	34960000	34960000
151	34970000	34960000	34970000	34970000
152	34970000	34970000	34970000	34970000
153	34970000	34970000	34970000	34970000
154	34950000	34950000	34950000	34950000
155	34960000	34960000	34960000	34960000
156	34970000	34970000	34970000	34970000
157	34960000	34960000	34960000	34960000
158	34970000	34970000	34970000	34970000
159	34960000	34970000	34960000	34960000
160	34960000	34960000	34960000	34960000
161	34960000	34960000	34960000	34960000
162	34960000	34960000	34960000	34960000
163	34950000	34950000	34950000	34950000
164	34970000	34960000	34960000	34960000
165	34960000	34960000	34960000	34960000
166	34960000	34960000	34960000	34960000
167	34970000	34960000	34960000	34970000
168	34960000	34950000	34950000	34950000
169	34960000	34960000	34960000	34960000
170	34960000	34960000	34960000	34960000
171	34960000	34970000	34960000	34960000
172	34960000	34960000	34960000	34960000
173	34970000	34970000	34970000	34970000
174	34960000	34960000	34960000	34960000
175	34960000	34960000	34960000	34960000
176	34960000	34960000	34960000	34960000
177	34960000	34960000	34960000	34960000
178	34960000	34960000	34960000	34960000
179	34970000	34970000	34970000	34970000
180	34960000	34960000	34960000	34960000
181	34960000	34960000	34960000	34960000
182	34960000	34950000	34960000	34960000
183	34960000	34960000	34960000	34960000
184	34960000	34960000	34960000	34960000
185	34970000	34970000	34970000	34970000
186	34960000	34960000	34960000	34960000
187	34950000	34950000	34950000	34950000
188	34970000	34970000	34970000	34970000
189	34970000	34960000	34970000	34970000
190	34970000	34970000	34970000	34970000
191	34960000	34960000	34960000	34960000
192	34960000	34960000	34960000	34960000
193	34960000	34960000	34960000	34960000
194	34960000	34960000	34960000	34960000
195	34970000	34960000	34970000	34970000
196	34970000	34970000	34970000	34970000
197	34960000	34960000	34960000	34960000
198	34960000	34960000	34960000	34960000
199	34960000	34960000	34960000	34960000
200	34970000	34970000	34970000	34970000
201	34960000	34970000	34970000	34970000
202	34970000	34960000	34970000	34970000
203	34960000	34960000	34960000	34960000
204	34960000	34960000	34960000	34960000
205	34960000	34960000	34960000	34960000
206	34970000	34970000	34970000	34970000
207	34960000	34960000	34960000	34960000
208	34970000	34970000	34970000	34970000
209	34950000	34950000	34950000	34950000
210	34960000	34960000	34960000	34960000
211	34970000	34970000	34970000	34970000
212	34960000	34960000	34960000	34960000
213	34960000	34960000	34960000	34960000
214	34960000	34960000	34960000	34960000
215	34960000	34960000	34960000	34960000
216	34960000	34960000	34960000	34960000
217	34960000	34960000	34960000	34960000
218	34960000	34960000	34960000	34960000
219	34960000	34970000	34960000	34960000
220	34960000	34960000	34960000	34960000
221	34960000	34960000	34960000	34960000
222	34960000	34960000	34960000	34960000
223	34970000	34970000	34970000	34970000
224	34960000	34960000	34960000	34960000
225	34960000	34970000	34970000	34970000
226	34960000	34960000	34960000	34960000
227	34960000	34960000	34960000	34960000
228	34960000	34960000	34960000	34960000
229	34960000	34960000	34960000	34960000
230	34960000	34960000	34960000	34960000
231	34960000	34960000	34960000	34960000
232	34970000	34970000	34970000	34970000
233	34960000	34960000	34960000	34960000
234	34960000	34950000	34960000	34960000
235	34960000	34960000	34960000	34960000
236	34950000	34950000	34950000	34950000
237	34960000	34960000	34960000	34960000
238	34970000	34970000	34970000	34970000
239	34960000	34950000	34950000	34950000
240	34970000	34960000	34960000	34960000
241	34950000	34950000	34950000	34950000
242	34970000	34960000	34960000	34960000
243	34960000	34960000	34960000	34960000
244	34960000	34960000	34960000	34960000
245	34970000	34960000	34960000	34960000
246	34960000	34960000	34960000	34960000
247	34960000	34960000	34960000	34960000
248	34970000	34970000	34970000	34970000
249	34970000	34960000	34970000	34970000
250	34960000	34960000	34960000	34960000
251	34960000	34970000	34960000	34960000
252	34970000	34970000	34970000	34970000
253	34960000	34950000	34950000	34960000
254	34970000	34970000	34970000	34970000
255	34960000	34960000	34960000	34960000
256	34960000	34960000	34960000	34960000
257	34970000	34970000	34970000	34970000
258	34960000	34960000	34960000	34960000
259	34960000	34970000	34960000	34960000
260	34960000	34960000	34960000	34960000
261	34950000	34950000	34950000	34950000
262	34960000	34960000	34960000	34960000
263	34960000	34960000	34960000	34960000
264	34960000	34960000	34960000	34960000
265	34960000	34960000	34960000	34960000
266	34960000	34960000	34960000	34960000
267	34970000	34970000	34970000	34970000
268	34970000	34970000	34970000	34970000
269	34970000	34970000	34970000	34970000
270	34960000	34960000	34960000	34960000
271	34960000	34960000	34960000	34960000
272	34960000	34950000	34950000	34950000
273	34970000	34970000	34970000	34970000
274	34960000	34960000	34960000	34960000
275	34960000	34960000	34960000	34960000
276	34960000	34960000	34960000	34960000
277	34960000	34960000	34960000	34960000
278	34960000	34950000	34950000	34950000
279	34960000	34960000	34960000	34960000
280	34970000	34960000	34960000	34970000
281	34960000	34960000	34960000	34960000
282	34960000	34960000	34960000	34960000
283	34970000	34970000	34970000	34970000
284	34960000	34960000	34960000	34960000
285	34960000	34950000	34950000	34950000
286	34960000	34960000	34960000	34960000
287	34960000	34960000	34960000	34960000
288	34960000	34960000	34960000	34960000
289	34970000	34960000	34960000	34960000
290	34960000	34960000	34960000	34960000
291	34970000	34970000	34970000	34970000
292	34970000	34970000	34970000	34970000
293	34970000	34970000	34970000	34970000
294	34960000	34960000	34960000	34960000
295	34960000	34960000	34960000	34960000
296	34960000	34960000	34960000	34960000
297	34960000	34970000	34970000	34970000
298	34960000	34960000	34960000	34960000
299	34960000	34960000	34960000	34960000
300	34950000	34950000	34950000	34950000
301	34960000	34960000	34960000	34960000
302	34970000	34970000	34970000	34970000
303	34960000	34960000	34960000	34960000
304	34970000	34970000	34970000	34970000
305	34970000	34970000	34970000	34970000
306	34970000	34970000	34970000	34970000
307	34950000	34960000	34950000	34950000
308	34960000	34960000	34960000	34960000
309	34960000	34960000	34960000	34960000
310	34960000	34960000	34960000	34960000
311	34960000	34970000	34970000	34970000
312	34960000	34960000	34960000	34960000
313	34970000	34960000	34960000	34960000
314	34960000	34960000	34960000	34960000
315	34960000	34960000	34960000	34960000
316	34950000	34950000	34950000	34950000
317	34960000	34960000	34960000	34960000
318	34960000	34960000	34960000	34960000
319	34970000	34970000	34970000	34970000
320	34960000	34960000	34960000	34960000
321	34970000	34970000	34970000	34970000
322	34960000	34960000	34960000	34960000
323	34960000	34960000	34960000	34960000
324	34960000	34960000	34960000	34960000
325	34950000	34950000	34950000	34950000
326	34960000	34970000	34960000	34960000
327	34970000	34970000	34970000	34970000
328	34970000	34960000	34970000	34970000
329	34970000	34970000	34970000	34970000
330	34950000	34950000	34950000	34950000
331	34960000	34960000	34960000	34960000
332	34950000	34960000	34960000	34960000
333	34950000	34960000	34960000	34960000
334	34960000	34960000	34960000	34960000
335	34960000	34960000	34960000	34960000
336	34960000	34960000	34960000	34960000
337	34950000	34950000	34950000	34950000
338	34960000	34960000	34960000	34960000
339	34960000	34960000	34960000	34960000
340	34960000	34960000	34960000	34960000
341	34960000	34960000	34960000	34960000
342	34960000	34960000	34960000	34960000
343	34960000	34960000	34960000	34960000
344	34950000	34960000	34950000	34950000
345	34960000	34960000	34960000	34960000
346	34960000	34960000	34960000	34960000
347	34960000	34960000	34960000	34960000
348	34970000	34970000	34970000	34970000
349	34960000	34960000	34960000	34960000
350	34970000	34960000	34970000	34970000
351	34960000	34960000	34960000	34960000
352	34970000	34970000	34970000	34970000
353	34960000	34960000	34960000	34960000
354	34960000	34960000	34960000	34960000
355	34960000	34960000	34960000	34960000
356	34970000	34960000	34960000	34960000
357	34960000	34960000	34960000	34960000
358	34960000	34960000	34960000	34960000
359	34960000	34960000	34960000	34960000
360	34960000	34960000	34960000	34960000
361	34960000	34960000	34960000	34960000
362	34970000	34970000	34970000	34970000
363	34970000	34970000	34970000	34970000
364	34960000	34960000	34960000	34960000
365	34970000	34970000	34970000	34970000
366	34970000	34970000	34970000	34970000
367	34970000	34970000	34970000	34970000
368	34970000	34970000	34970000	34970000
369	34960000	34950000	34950000	34950000
370	34970000	34970000	34970000	34970000
371	34970000	34970000	34970000	34970000
372	34960000	34960000	34960000	34960000
373	34970000	34970000	34970000	34970000
374	34960000	34960000	34960000	34960000
375	34970000	34960000	34960000	34970000
376	34950000	34960000	34960000	34960000
377	34960000	34960000	34960000	34960000
378	34960000	34960000	34960000	34960000
379	34950000	34950000	34950000	34950000
380	34960000	34960000	34960000	34960000
381	34950000	34950000	34950000	34950000
382	34960000	34960000	34960000	34960000
383	34960000	34960000	34960000	34960000
384	34960000	34950000	34950000	34950000
385	34950000	34950000	34950000	34950000
386	34960000	34960000	34960000	34960000
387	34960000	34960000	34960000	34960000
388	34960000	34960000	34960000	34960000
389	34960000	34960000	34960000	34960000
390	34960000	34960000	34960000	34960000
391	34960000	34970000	34970000	34970000
392	34950000	34950000	34950000	34950000
393	34950000	34950000	34950000	34950000
394	34960000	34960000	34960000	34960000
395	34960000	34960000	34960000	34960000
396	34970000	34970000	34970000	34970000
397	34970000	34970000	34970000	34970000
398	34960000	34960000	34960000	34960000
399	34960000	34960000	34960000	34960000
400	34960000	34960000	34960000	34960000
401	34960000	34960000	34960000	34960000
402	34960000	34960000	34960000	34960000
403	34960000	34950000	34950000	34950000
404	34960000	34960000	34960000	34960000
405	34960000	34970000	34970000	34970000
406	34960000	34960000	34960000	34950000
407	34960000	34960000	34960000	34960000
408	34960000	34960000	34960000	34960000
409	34960000	34960000	34960000	34960000
410	34960000	34960000	34960000	34960000
411	34960000	34960000	34960000	34960000
412	34960000	34960000	34960000	34960000
413	34960000	34960000	34960000	34960000
414	34960000	34960000	34960000	34960000
415	34970000	34970000	34970000	34970000
416	34960000	34960000	34960000	34960000
417	34960000	34960000	34960000	34960000
418	34960000	34960000	34960000	34960000
419	34960000	34960000	34960000	34960000
420	34970000	34960000	34960000	34960000
421	34970000	34970000	34970000	34970000
422	34960000	34970000	34970000	34970000
423	34960000	34960000	34960000	34960000
424	34960000	34960000	34960000	34960000
425	34970000	34960000	34960000	34960000
426	34960000	34960000	34960000	34960000
427	34960000	34960000	34960000	34960000
428	34970000	34960000	34960000	34960000
429	34950000	34950000	34950000	34950000
430	34960000	34960000	34960000	34960000
431	34950000	34950000	34950000	34950000
432	34970000	34970000	34970000	34970000
433	34970000	34970000	34970000	34970000
434	34960000	34960000	34960000	34960000
435	34960000	34960000	34960000	34960000
436	34970000	34970000	34970000	34970000
437	34970000	34970000	34970000	34970000
438	34970000	34960000	34970000	34970000
439	34960000	34960000	34960000	34960000
440	34960000	34960000	34960000	34960000
441	34970000	34960000	34970000	34970000
442	34960000	34960000	34960000	34960000
443	34970000	34970000	34970000	34970000
444	34970000	34970000	34970000	34970000
445	34960000	34960000	34960000	34960000
446	34970000	34970000	34970000	34970000
447	34960000	34960000	34960000	34960000
448	34970000	34970000	34970000	34970000
449	34970000	34970000	34970000	34970000
450	34960000	34960000	34960000	34960000
451	34960000	34960000	34960000	34960000
452	34960000	34960000	34960000	34960000
453	34970000	34960000	34970000	34970000
454	34960000	34960000	34960000	34960000
455	34960000	34960000	34960000	34960000
456	34960000	34960000	34960000	34960000
457	34950000	34960000	34960000	34960000
458	34970000	34970000	34970000	34970000
459	34960000	34960000	34960000	34960000
460	34950000	34960000	34960000	34960000
461	34950000	34950000	34950000	34950000
462	34950000	34950000	34950000	34950000
463	34950000	34950000	34950000	34950000
464	34950000	34950000	34950000	34950000
465	34960000	34960000	34960000	34960000
466	34950000	34950000	34950000	34950000
467	34950000	34950000	34950000	34950000
468	34950000	34950000	34950000	34950000
469	34950000	34960000	34960000	34960000
470	34950000	34950000	34950000	34950000
471	34950000	34950000	34950000	34950000
472	34950000	34960000	34960000	34960000
473	34950000	34950000	34950000	34950000
474	34960000	34960000	34960000	34960000
475	34960000	34960000	34960000	34960000
476	34950000	34950000	34950000	34950000
477	34950000	34950000	34950000	34950000
478	34950000	34950000	34950000	34950000
479	34950000	34950000	34950000	34950000
480	34950000	34950000	34950000	34950000
481	34960000	34960000	34960000	34960000
482	34960000	34970000	34970000	34970000
483	34950000	34950000	34950000	34950000
484	34950000	34960000	34960000	34960000
485	34960000	34960000	34960000	34960000
486	34950000	34950000	34950000	34950000
487	34950000	34950000	34950000	34950000
488	34960000	34960000	34960000	34960000
489	34960000	34970000	34970000	34970000
490	34960000	34960000	34960000	34960000
491	34960000	34960000	34960000	34960000
492	34960000	34960000	34960000	34960000
493	34970000	34960000	34970000	34970000
494	34950000	34960000	34960000	34960000
495	34960000	34960000	34960000	34960000
496	34960000	34960000	34960000	34960000
497	34960000	34960000	34960000	34960000
498	34960000	34960000	34960000	34960000
499	34980000	34980000	34980000	34980000

============================================================
# BITSTREAM: 100us_5etapas.bit
# VENTANA: 100us
# ETAPAS_PRINCIPAL: 5
# NUM_MUESTRAS: 500
# FORMATO: idx	freq1_hz	freq2_hz	freq3_hz	freq4_hz
============================================================
idx	freq1_hz	freq2_hz	freq3_hz	freq4_hz
0	33810000	32810000	31800000	32810000
1	33800000	32810000	31810000	32810000
2	33810000	32810000	31810000	32810000
3	33800000	32810000	31810000	32810000
4	33800000	32800000	31810000	32800000
5	33820000	32820000	31820000	32820000
6	33800000	32800000	31810000	32800000
7	33800000	32800000	31800000	32800000
8	33800000	32800000	31800000	32810000
9	33800000	32810000	31810000	32810000
10	33810000	32800000	31800000	32800000
11	33810000	32810000	31810000	32810000
12	33810000	32800000	31810000	32800000
13	33800000	32810000	31810000	32810000
14	33810000	32810000	31800000	32810000
15	33810000	32800000	31810000	32800000
16	33800000	32810000	31810000	32810000
17	33800000	32800000	31810000	32800000
18	33790000	32800000	31800000	32800000
19	33810000	32820000	31810000	32810000
20	33790000	32800000	31810000	32800000
21	33800000	32800000	31810000	32800000
22	33800000	32800000	31800000	32800000
23	33810000	32800000	31810000	32800000
24	33810000	32800000	31810000	32810000
25	33790000	32790000	31800000	32800000
26	33810000	32810000	31810000	32810000
27	33800000	32800000	31800000	32800000
28	33800000	32800000	31800000	32800000
29	33800000	32800000	31800000	32800000
30	33800000	32800000	31810000	32800000
31	33810000	32810000	31800000	32800000
32	33800000	32800000	31810000	32800000
33	33800000	32800000	31800000	32800000
34	33800000	32800000	31800000	32800000
35	33800000	32810000	31810000	32810000
36	33800000	32800000	31810000	32800000
37	33810000	32800000	31820000	32810000
38	33800000	32800000	31800000	32800000
39	33800000	32810000	31810000	32810000
40	33800000	32800000	31810000	32810000
41	33800000	32800000	31800000	32800000
42	33800000	32800000	31810000	32800000
43	33800000	32800000	31800000	32800000
44	33800000	32800000	31810000	32800000
45	33800000	32800000	31810000	32810000
46	33810000	32810000	31810000	32810000
47	33810000	32810000	31810000	32810000
48	33800000	32800000	31800000	32800000
49	33800000	32800000	31810000	32810000
50	33810000	32810000	31810000	32810000
51	33790000	32800000	31800000	32800000
52	33810000	32810000	31810000	32810000
53	33810000	32810000	31810000	32810000
54	33810000	32800000	31810000	32800000
55	33800000	32800000	31800000	32800000
56	33810000	32810000	31800000	32810000
57	33790000	32800000	31800000	32790000
58	33810000	32820000	31810000	32820000
59	33800000	32800000	31810000	32800000
60	33800000	32810000	31800000	32810000
61	33800000	32800000	31800000	32800000
62	33810000	32810000	31810000	32810000
63	33800000	32810000	31810000	32810000
64	33810000	32810000	31810000	32810000
65	33820000	32820000	31810000	32820000
66	33800000	32800000	31800000	32800000
67	33800000	32800000	31810000	32800000
68	33800000	32810000	31810000	32810000
69	33810000	32800000	31810000	32810000
70	33810000	32810000	31800000	32810000
71	33810000	32810000	31810000	32810000
72	33800000	32800000	31810000	32800000
73	33800000	32800000	31810000	32800000
74	33790000	32800000	31800000	32800000
75	33800000	32800000	31800000	32800000
76	33800000	32800000	31800000	32800000
77	33800000	32810000	31810000	32810000
78	33800000	32810000	31820000	32810000
79	33800000	32800000	31810000	32800000
80	33800000	32810000	31810000	32810000
81	33800000	32800000	31800000	32800000
82	33800000	32810000	31810000	32810000
83	33800000	32810000	31800000	32810000
84	33810000	32810000	31810000	32810000
85	33800000	32800000	31810000	32800000
86	33810000	32810000	31810000	32810000
87	33810000	32800000	31810000	32800000
88	33810000	32810000	31800000	32810000
89	33800000	32800000	31810000	32810000
90	33810000	32810000	31810000	32810000
91	33810000	32810000	31810000	32810000
92	33810000	32810000	31810000	32810000
93	33800000	32810000	31810000	32810000
94	33800000	32810000	31820000	32810000
95	33800000	32800000	31820000	32800000
96	33790000	32800000	31800000	32800000
97	33800000	32810000	31810000	32810000
98	33800000	32800000	31810000	32800000
99	33800000	32800000	31800000	32800000
100	33810000	32810000	31810000	32810000
101	33800000	32800000	31800000	32800000
102	33800000	32810000	31810000	32810000
103	33810000	32810000	31810000	32810000
104	33800000	32800000	31810000	32810000
105	33810000	32810000	31810000	32810000
106	33810000	32810000	31810000	32810000
107	33800000	32800000	31800000	32800000
108	33810000	32810000	31810000	32810000
109	33810000	32810000	31820000	32810000
110	33800000	32800000	31810000	32800000
111	33800000	32800000	31810000	32800000
112	33800000	32800000	31810000	32800000
113	33810000	32810000	31800000	32810000
114	33800000	32800000	31800000	32800000
115	33800000	32800000	31820000	32800000
116	33810000	32810000	31810000	32810000
117	33800000	32800000	31810000	32800000
118	33800000	32810000	31810000	32810000
119	33800000	32810000	31810000	32810000
120	33800000	32800000	31810000	32810000
121	33810000	32810000	31810000	32810000
122	33820000	32820000	31820000	32820000
123	33800000	32800000	31800000	32800000
124	33800000	32800000	31810000	32800000
125	33800000	32810000	31820000	32810000
126	33810000	32810000	31800000	32810000
127	33810000	32810000	31810000	32800000
128	33810000	32810000	31810000	32810000
129	33810000	32810000	31810000	32810000
130	33810000	32810000	31810000	32810000
131	33810000	32810000	31810000	32810000
132	33800000	32800000	31810000	32800000
133	33800000	32810000	31810000	32810000
134	33810000	32820000	31810000	32820000
135	33810000	32810000	31800000	32810000
136	33810000	32800000	31810000	32800000
137	33800000	32800000	31800000	32800000
138	33800000	32800000	31810000	32800000
139	33810000	32800000	31800000	32810000
140	33810000	32810000	31810000	32810000
141	33800000	32800000	31800000	32800000
142	33810000	32810000	31810000	32810000
143	33810000	32810000	31810000	32810000
144	33800000	32810000	31810000	32810000
145	33800000	32810000	31810000	32810000
146	33810000	32810000	31810000	32810000
147	33800000	32810000	31810000	32810000
148	33800000	32800000	31810000	32800000
149	33810000	32810000	31810000	32810000
150	33800000	32800000	31800000	32800000
151	33810000	32800000	31810000	32800000
152	33800000	32810000	31820000	32810000
153	33800000	32800000	31800000	32800000
154	33790000	32800000	31800000	32800000
155	33800000	32810000	31810000	32810000
156	33800000	32800000	31800000	32800000
157	33800000	32810000	31810000	32810000
158	33800000	32800000	31800000	32800000
159	33800000	32800000	31800000	32800000
160	33810000	32800000	31810000	32800000
161	33800000	32800000	31800000	32800000
162	33800000	32800000	31810000	32810000
163	33810000	32810000	31810000	32810000
164	33800000	32800000	31810000	32800000
165	33810000	32800000	31810000	32810000
166	33800000	32800000	31810000	32800000
167	33810000	32810000	31810000	32810000
168	33810000	32800000	31810000	32810000
169	33800000	32800000	31810000	32800000
170	33810000	32810000	31820000	32820000
171	33820000	32810000	31810000	32810000
172	33800000	32800000	31800000	32800000
173	33800000	32800000	31810000	32800000
174	33810000	32810000	31810000	32810000
175	33810000	32810000	31810000	32810000
176	33800000	32800000	31810000	32800000
177	33800000	32800000	31800000	32800000
178	33810000	32810000	31810000	32810000
179	33790000	32800000	31810000	32800000
180	33800000	32800000	31810000	32810000
181	33800000	32810000	31810000	32810000
182	33800000	32800000	31810000	32800000
183	33790000	32800000	31800000	32800000
184	33790000	32800000	31800000	32800000
185	33810000	32810000	31810000	32810000
186	33810000	32810000	31810000	32810000
187	33790000	32800000	31810000	32800000
188	33820000	32820000	31820000	32820000
189	33800000	32810000	31810000	32810000
190	33800000	32800000	31800000	32800000
191	33790000	32810000	31800000	32800000
192	33800000	32810000	31810000	32810000
193	33800000	32810000	31810000	32810000
194	33800000	32800000	31810000	32810000
195	33800000	32810000	31810000	32800000
196	33800000	32810000	31810000	32810000
197	33810000	32810000	31810000	32820000
198	33800000	32800000	31800000	32800000
199	33800000	32810000	31810000	32810000
200	33810000	32810000	31810000	32810000
201	33810000	32810000	31810000	32810000
202	33810000	32820000	31810000	32820000
203	33810000	32810000	31810000	32810000
204	33800000	32800000	31800000	32800000
205	33800000	32800000	31800000	32810000
206	33800000	32810000	31800000	32810000
207	33800000	32810000	31810000	32810000
208	33810000	32820000	31820000	32820000
209	33810000	32800000	31810000	32800000
210	33800000	32810000	31800000	32810000
211	33800000	32810000	31810000	32810000
212	33800000	32800000	31800000	32800000
213	33810000	32810000	31810000	32810000
214	33810000	32810000	31810000	32810000
215	33810000	32810000	31810000	32810000
216	33810000	32800000	31810000	32810000
217	33810000	32820000	31810000	32820000
218	33810000	32810000	31800000	32810000
219	33800000	32800000	31800000	32800000
220	33810000	32810000	31810000	32810000
221	33810000	32810000	31810000	32810000
222	33800000	32810000	31810000	32810000
223	33810000	32810000	31820000	32810000
224	33800000	32800000	31800000	32800000
225	33800000	32800000	31810000	32800000
226	33800000	32810000	31800000	32810000
227	33810000	32810000	31810000	32820000
228	33810000	32810000	31800000	32810000
229	33810000	32810000	31810000	32810000
230	33810000	32810000	31810000	32810000
231	33820000	32810000	31810000	32810000
232	33810000	32810000	31810000	32810000
233	33790000	32800000	31800000	32800000
234	33810000	32810000	31810000	32810000
235	33800000	32800000	31810000	32800000
236	33810000	32810000	31810000	32810000
237	33810000	32820000	31810000	32810000
238	33800000	32800000	31800000	32800000
239	33800000	32800000	31800000	32800000
240	33800000	32810000	31810000	32810000
241	33800000	32800000	31810000	32800000
242	33800000	32810000	31810000	32810000
243	33800000	32810000	31810000	32810000
244	33810000	32810000	31810000	32810000
245	33800000	32810000	31810000	32810000
246	33810000	32810000	31810000	32810000
247	33810000	32810000	31820000	32810000
248	33810000	32800000	31810000	32810000
249	33800000	32810000	31810000	32810000
250	33810000	32810000	31810000	32810000
251	33810000	32810000	31810000	32810000
252	33820000	32810000	31810000	32810000
253	33800000	32810000	31810000	32810000
254	33790000	32800000	31810000	32800000
255	33810000	32810000	31820000	32810000
256	33810000	32810000	31800000	32800000
257	33820000	32820000	31810000	32820000
258	33810000	32810000	31810000	32820000
259	33810000	32810000	31810000	32810000
260	33810000	32810000	31820000	32810000
261	33810000	32800000	31810000	32800000
262	33810000	32800000	31810000	32800000
263	33810000	32800000	31800000	32800000
264	33800000	32800000	31800000	32800000
265	33800000	32800000	31800000	32800000
266	33810000	32820000	31810000	32820000
267	33800000	32810000	31800000	32810000
268	33800000	32800000	31800000	32800000
269	33810000	32810000	31810000	32810000
270	33800000	32800000	31810000	32810000
271	33810000	32810000	31810000	32800000
272	33810000	32810000	31810000	32810000
273	33810000	32800000	31810000	32800000
274	33810000	32800000	31810000	32800000
275	33810000	32810000	31810000	32800000
276	33800000	32800000	31810000	32800000
277	33810000	32810000	31810000	32810000
278	33810000	32800000	31800000	32800000
279	33800000	32810000	31820000	32810000
280	33800000	32800000	31800000	32800000
281	33820000	32810000	31810000	32810000
282	33810000	32810000	31800000	32810000
283	33810000	32800000	31810000	32800000
284	33810000	32810000	31820000	32810000
285	33780000	32790000	31800000	32790000
286	33810000	32810000	31810000	32800000
287	33810000	32810000	31810000	32810000
288	33800000	32810000	31810000	32810000
289	33810000	32800000	31800000	32800000
290	33810000	32810000	31810000	32810000
291	33820000	32810000	31810000	32810000
292	33800000	32800000	31800000	32800000
293	33790000	32790000	31800000	32790000
294	33800000	32800000	31810000	32800000
295	33800000	32800000	31800000	32800000
296	33800000	32800000	31800000	32800000
297	33800000	32810000	31810000	32810000
298	33800000	32810000	31800000	32810000
299	33800000	32810000	31810000	32810000
300	33810000	32800000	31810000	32800000
301	33790000	32800000	31800000	32800000
302	33800000	32800000	31810000	32800000
303	33800000	32810000	31810000	32800000
304	33800000	32800000	31810000	32800000
305	33810000	32810000	31810000	32810000
306	33800000	32800000	31800000	32800000
307	33810000	32800000	31810000	32800000
308	33790000	32800000	31810000	32800000
309	33800000	32790000	31810000	32800000
310	33800000	32800000	31790000	32800000
311	33800000	32810000	31810000	32810000
312	33790000	32800000	31800000	32800000
313	33800000	32800000	31810000	32800000
314	33800000	32800000	31810000	32800000
315	33800000	32800000	31800000	32800000
316	33790000	32800000	31800000	32800000
317	33800000	32800000	31800000	32800000
318	33800000	32810000	31800000	32810000
319	33810000	32810000	31800000	32800000
320	33800000	32810000	31810000	32810000
321	33800000	32810000	31810000	32810000
322	33790000	32800000	31810000	32800000
323	33790000	32800000	31800000	32800000
324	33800000	32800000	31800000	32800000
325	33810000	32810000	31810000	32810000
326	33800000	32810000	31810000	32810000
327	33810000	32810000	31810000	32810000
328	33790000	32790000	31800000	32800000
329	33800000	32800000	31810000	32810000
330	33800000	32800000	31810000	32800000
331	33800000	32800000	31800000	32800000
332	33800000	32800000	31810000	32810000
333	33810000	32810000	31810000	32800000
334	33800000	32800000	31800000	32800000
335	33800000	32800000	31810000	32800000
336	33810000	32810000	31800000	32810000
337	33800000	32800000	31800000	32800000
338	33800000	32800000	31800000	32800000
339	33800000	32800000	31800000	32800000
340	33800000	32810000	31800000	32810000
341	33810000	32810000	31820000	32810000
342	33810000	32810000	31810000	32810000
343	33800000	32800000	31800000	32800000
344	33800000	32800000	31810000	32800000
345	33790000	32800000	31800000	32790000
346	33800000	32800000	31810000	32800000
347	33810000	32810000	31810000	32810000
348	33800000	32810000	31810000	32810000
349	33810000	32800000	31800000	32800000
350	33810000	32810000	31810000	32810000
351	33800000	32800000	31800000	32800000
352	33810000	32810000	31820000	32810000
353	33800000	32810000	31810000	32810000
354	33810000	32810000	31820000	32810000
355	33800000	32810000	31810000	32800000
356	33800000	32800000	31810000	32800000
357	33800000	32810000	31810000	32810000
358	33800000	32800000	31800000	32800000
359	33810000	32800000	31800000	32800000
360	33800000	32800000	31810000	32810000
361	33810000	32810000	31800000	32810000
362	33800000	32810000	31820000	32810000
363	33810000	32810000	31800000	32800000
364	33800000	32800000	31810000	32800000
365	33800000	32810000	31800000	32800000
366	33800000	32810000	31810000	32810000
367	33790000	32800000	31800000	32800000
368	33800000	32800000	31800000	32800000
369	33810000	32810000	31810000	32810000
370	33810000	32800000	31810000	32810000
371	33800000	32810000	31810000	32810000
372	33800000	32800000	31800000	32800000
373	33800000	32800000	31810000	32800000
374	33800000	32810000	31800000	32810000
375	33810000	32810000	31810000	32810000
376	33810000	32810000	31810000	32810000
377	33810000	32810000	31810000	32810000
378	33810000	32800000	31810000	32810000
379	33800000	32810000	31810000	32810000
380	33800000	32810000	31810000	32810000
381	33810000	32810000	31810000	32810000
382	33810000	32810000	31810000	32810000
383	33800000	32800000	31810000	32800000
384	33810000	32810000	31810000	32800000
385	33810000	32810000	31810000	32810000
386	33810000	32810000	31810000	32810000
387	33810000	32810000	31800000	32810000
388	33810000	32810000	31810000	32810000
389	33800000	32800000	31800000	32800000
390	33800000	32800000	31800000	32800000
391	33810000	32810000	31810000	32810000
392	33800000	32810000	31810000	32800000
393	33800000	32810000	31800000	32810000
394	33790000	32800000	31810000	32800000
395	33800000	32810000	31810000	32810000
396	33800000	32810000	31820000	32810000
397	33800000	32800000	31800000	32800000
398	33800000	32800000	31800000	32800000
399	33810000	32810000	31810000	32810000
400	33810000	32810000	31810000	32810000
401	33800000	32810000	31810000	32810000
402	33810000	32810000	31820000	32810000
403	33800000	32800000	31810000	32800000
404	33810000	32810000	31810000	32810000
405	33810000	32800000	31810000	32800000
406	33810000	32810000	31810000	32810000
407	33800000	32800000	31810000	32800000
408	33800000	32800000	31800000	32800000
409	33800000	32800000	31800000	32800000
410	33810000	32810000	31810000	32810000
411	33800000	32800000	31800000	32800000
412	33800000	32800000	31810000	32800000
413	33810000	32810000	31800000	32810000
414	33810000	32800000	31810000	32800000
415	33810000	32810000	31810000	32810000
416	33800000	32810000	31820000	32810000
417	33810000	32800000	31800000	32800000
418	33810000	32810000	31810000	32810000
419	33810000	32810000	31810000	32810000
420	33810000	32810000	31810000	32810000
421	33810000	32810000	31810000	32810000
422	33810000	32810000	31810000	32810000
423	33810000	32810000	31810000	32810000
424	33810000	32810000	31820000	32810000
425	33800000	32800000	31800000	32800000
426	33810000	32810000	31810000	32810000
427	33800000	32800000	31800000	32800000
428	33800000	32800000	31800000	32800000
429	33800000	32810000	31810000	32810000
430	33800000	32800000	31800000	32800000
431	33810000	32800000	31820000	32810000
432	33810000	32810000	31810000	32810000
433	33810000	32810000	31810000	32810000
434	33810000	32810000	31810000	32810000
435	33810000	32810000	31800000	32800000
436	33800000	32800000	31810000	32800000
437	33810000	32810000	31820000	32810000
438	33800000	32800000	31800000	32800000
439	33810000	32810000	31810000	32810000
440	33800000	32800000	31810000	32800000
441	33810000	32810000	31810000	32810000
442	33810000	32810000	31810000	32810000
443	33810000	32810000	31810000	32810000
444	33800000	32800000	31800000	32800000
445	33810000	32800000	31800000	32800000
446	33800000	32810000	31810000	32810000
447	33800000	32800000	31800000	32800000
448	33810000	32810000	31810000	32810000
449	33810000	32810000	31810000	32810000
450	33800000	32810000	31810000	32810000
451	33800000	32810000	31820000	32810000
452	33810000	32810000	31810000	32810000
453	33810000	32810000	31810000	32810000
454	33800000	32800000	31810000	32800000
455	33800000	32800000	31800000	32800000
456	33800000	32810000	31810000	32810000
457	33810000	32810000	31810000	32810000
458	33800000	32810000	31810000	32800000
459	33810000	32820000	31810000	32820000
460	33800000	32810000	31800000	32810000
461	33810000	32810000	31820000	32810000
462	33800000	32810000	31800000	32810000
463	33810000	32810000	31810000	32810000
464	33800000	32800000	31800000	32800000
465	33810000	32810000	31810000	32810000
466	33810000	32810000	31810000	32810000
467	33800000	32800000	31800000	32800000
468	33810000	32810000	31800000	32810000
469	33810000	32810000	31810000	32810000
470	33800000	32800000	31800000	32800000
471	33810000	32810000	31810000	32810000
472	33800000	32800000	31810000	32810000
473	33810000	32810000	31810000	32810000
474	33800000	32800000	31810000	32800000
475	33800000	32810000	31810000	32810000
476	33800000	32800000	31800000	32800000
477	33790000	32800000	31800000	32800000
478	33800000	32800000	31800000	32800000
479	33800000	32810000	31810000	32810000
480	33810000	32810000	31810000	32810000
481	33800000	32810000	31800000	32810000
482	33800000	32800000	31800000	32800000
483	33810000	32800000	31800000	32800000
484	33800000	32800000	31810000	32800000
485	33800000	32800000	31800000	32810000
486	33810000	32810000	31800000	32810000
487	33800000	32810000	31810000	32810000
488	33800000	32810000	31800000	32800000
489	33790000	32800000	31810000	32800000
490	33810000	32800000	31810000	32810000
491	33810000	32810000	31810000	32810000
492	33810000	32810000	31810000	32810000
493	33800000	32800000	31810000	32800000
494	33810000	32810000	31810000	32810000
495	33820000	32810000	31820000	32810000
496	33800000	32800000	31800000	32800000
497	33800000	32810000	31810000	32800000
498	33800000	32800000	31800000	32800000
499	33810000	32800000	31810000	32800000

============================================================
# BITSTREAM: 100us_51etapas.bit
# VENTANA: 100us
# ETAPAS_PRINCIPAL: 51
# NUM_MUESTRAS: 500
# FORMATO: idx	freq1_hz	freq2_hz	freq3_hz	freq4_hz
============================================================
idx	freq1_hz	freq2_hz	freq3_hz	freq4_hz
0	27720000	30760000	30920000	28470000
1	27730000	30750000	30910000	28460000
2	27720000	30760000	30910000	28460000
3	27730000	30760000	30920000	28470000
4	27720000	30750000	30910000	28460000
5	27730000	30760000	30920000	28460000
6	27720000	30760000	30920000	28460000
7	27730000	30750000	30910000	28460000
8	27730000	30750000	30910000	28460000
9	27720000	30760000	30920000	28460000
10	27730000	30760000	30890000	28460000
11	27730000	30750000	30920000	28460000
12	27730000	30770000	30920000	28460000
13	27730000	30750000	30920000	28470000
14	27730000	30750000	30910000	28460000
15	27730000	30760000	30920000	28470000
16	27720000	30750000	30910000	28460000
17	27730000	30760000	30920000	28470000
18	27730000	30760000	30920000	28460000
19	27720000	30750000	30910000	28460000
20	27720000	30760000	30920000	28460000
21	27730000	30760000	30930000	28470000
22	27720000	30760000	30920000	28460000
23	27730000	30750000	30910000	28460000
24	27720000	30760000	30920000	28460000
25	27720000	30760000	30920000	28460000
26	27720000	30760000	30920000	28460000
27	27730000	30760000	30930000	28460000
28	27730000	30760000	30920000	28460000
29	27720000	30750000	30910000	28460000
30	27730000	30760000	30920000	28470000
31	27740000	30770000	30920000	28470000
32	27730000	30760000	30920000	28470000
33	27730000	30760000	30910000	28460000
34	27730000	30750000	30920000	28460000
35	27720000	30760000	30920000	28460000
36	27730000	30760000	30920000	28460000
37	27730000	30750000	30920000	28470000
38	27730000	30750000	30910000	28460000
39	27730000	30760000	30920000	28460000
40	27730000	30770000	30930000	28470000
41	27730000	30760000	30920000	28460000
42	27730000	30760000	30920000	28460000
43	27730000	30760000	30920000	28470000
44	27730000	30770000	30920000	28460000
45	27730000	30760000	30920000	28460000
46	27730000	30760000	30920000	28460000
47	27730000	30760000	30920000	28470000
48	27730000	30750000	30910000	28470000
49	27730000	30760000	30920000	28470000
50	27730000	30760000	30920000	28470000
51	27740000	30760000	30930000	28470000
52	27730000	30760000	30920000	28470000
53	27730000	30760000	30920000	28470000
54	27730000	30760000	30920000	28470000
55	27730000	30760000	30900000	28470000
56	27730000	30760000	30920000	28470000
57	27730000	30760000	30920000	28470000
58	27730000	30750000	30920000	28460000
59	27730000	30760000	30920000	28470000
60	27730000	30760000	30920000	28460000
61	27730000	30760000	30920000	28460000
62	27730000	30760000	30920000	28470000
63	27730000	30760000	30920000	28470000
64	27730000	30760000	30920000	28470000
65	27720000	30760000	30910000	28460000
66	27730000	30750000	30910000	28470000
67	27730000	30760000	30920000	28470000
68	27720000	30760000	30920000	28470000
69	27730000	30760000	30920000	28470000
70	27730000	30760000	30920000	28470000
71	27720000	30760000	30920000	28460000
72	27730000	30760000	30920000	28470000
73	27730000	30760000	30920000	28470000
74	27740000	30770000	30920000	28470000
75	27720000	30760000	30910000	28460000
76	27730000	30760000	30920000	28470000
77	27730000	30760000	30910000	28460000
78	27730000	30760000	30920000	28470000
79	27730000	30760000	30920000	28460000
80	27740000	30760000	30920000	28470000
81	27720000	30770000	30920000	28460000
82	27730000	30760000	30930000	28460000
83	27720000	30750000	30920000	28460000
84	27720000	30760000	30920000	28460000
85	27730000	30760000	30920000	28460000
86	27730000	30770000	30930000	28470000
87	27730000	30760000	30920000	28460000
88	27720000	30760000	30920000	28460000
89	27730000	30750000	30910000	28460000
90	27720000	30750000	30910000	28460000
91	27730000	30760000	30920000	28470000
92	27730000	30770000	30930000	28460000
93	27740000	30760000	30920000	28470000
94	27730000	30760000	30920000	28470000
95	27730000	30760000	30930000	28470000
96	27730000	30770000	30930000	28460000
97	27730000	30760000	30920000	28470000
98	27730000	30760000	30920000	28460000
99	27730000	30760000	30920000	28470000
100	27730000	30770000	30920000	28470000
101	27720000	30760000	30920000	28460000
102	27730000	30760000	30920000	28470000
103	27730000	30760000	30920000	28460000
104	27720000	30750000	30930000	28460000
105	27730000	30760000	30920000	28460000
106	27720000	30750000	30920000	28460000
107	27730000	30730000	30920000	28460000
108	27730000	30770000	30920000	28470000
109	27720000	30750000	30910000	28460000
110	27730000	30750000	30920000	28460000
111	27720000	30760000	30910000	28460000
112	27730000	30760000	30920000	28470000
113	27720000	30760000	30920000	28460000
114	27730000	30760000	30930000	28460000
115	27730000	30750000	30920000	28460000
116	27720000	30760000	30920000	28460000
117	27720000	30760000	30920000	28460000
118	27730000	30750000	30910000	28460000
119	27730000	30760000	30920000	28470000
120	27720000	30760000	30920000	28460000
121	27720000	30760000	30920000	28460000
122	27720000	30760000	30920000	28460000
123	27730000	30760000	30920000	28460000
124	27730000	30760000	30920000	28460000
125	27720000	30760000	30920000	28460000
126	27720000	30760000	30920000	28460000
127	27720000	30750000	30910000	28460000
128	27720000	30750000	30910000	28460000
129	27720000	30750000	30910000	28460000
130	27720000	30760000	30920000	28460000
131	27730000	30750000	30910000	28460000
132	27720000	30760000	30920000	28460000
133	27720000	30760000	30920000	28460000
134	27730000	30760000	30920000	28470000
135	27730000	30760000	30920000	28470000
136	27720000	30750000	30920000	28460000
137	27730000	30760000	30920000	28470000
138	27730000	30760000	30920000	28470000
139	27730000	30750000	30910000	28460000
140	27730000	30750000	30920000	28470000
141	27720000	30760000	30920000	28470000
142	27730000	30760000	30920000	28470000
143	27720000	30750000	30910000	28460000
144	27730000	30760000	30920000	28470000
145	27720000	30760000	30910000	28460000
146	27730000	30760000	30920000	28460000
147	27740000	30770000	30930000	28470000
148	27720000	30760000	30920000	28460000
149	27720000	30760000	30920000	28470000
150	27720000	30750000	30910000	28460000
151	27720000	30750000	30910000	28450000
152	27730000	30760000	30920000	28460000
153	27730000	30750000	30910000	28470000
154	27720000	30760000	30920000	28460000
155	27720000	30760000	30920000	28460000
156	27730000	30760000	30910000	28460000
157	27720000	30760000	30920000	28460000
158	27730000	30760000	30920000	28470000
159	27730000	30760000	30920000	28460000
160	27720000	30750000	30910000	28460000
161	27740000	30760000	30920000	28460000
162	27730000	30760000	30920000	28470000
163	27720000	30760000	30910000	28470000
164	27730000	30760000	30920000	28460000
165	27720000	30750000	30920000	28450000
166	27720000	30760000	30920000	28460000
167	27730000	30750000	30910000	28450000
168	27720000	30750000	30910000	28470000
169	27720000	30760000	30920000	28460000
170	27730000	30760000	30920000	28470000
171	27730000	30760000	30920000	28460000
172	27730000	30760000	30920000	28460000
173	27730000	30760000	30920000	28460000
174	27730000	30760000	30920000	28460000
175	27730000	30750000	30910000	28460000
176	27720000	30750000	30910000	28450000
177	27720000	30760000	30920000	28460000
178	27720000	30760000	30920000	28460000
179	27730000	30760000	30920000	28460000
180	27730000	30750000	30910000	28460000
181	27720000	30760000	30910000	28460000
182	27730000	30760000	30920000	28460000
183	27720000	30750000	30910000	28460000
184	27720000	30750000	30910000	28460000
185	27720000	30750000	30910000	28460000
186	27720000	30750000	30920000	28460000
187	27730000	30760000	30930000	28470000
188	27730000	30760000	30920000	28470000
189	27720000	30760000	30910000	28450000
190	27730000	30760000	30920000	28460000
191	27730000	30760000	30920000	28470000
192	27720000	30750000	30910000	28460000
193	27720000	30750000	30910000	28460000
194	27730000	30760000	30910000	28460000
195	27720000	30750000	30920000	28460000
196	27730000	30760000	30920000	28460000
197	27730000	30760000	30920000	28460000
198	27720000	30750000	30910000	28460000
199	27720000	30760000	30920000	28470000
200	27730000	30760000	30920000	28470000
201	27730000	30760000	30920000	28460000
202	27730000	30760000	30920000	28460000
203	27730000	30760000	30920000	28460000
204	27730000	30760000	30920000	28460000
205	27730000	30760000	30920000	28460000
206	27730000	30760000	30920000	28470000
207	27730000	30750000	30910000	28460000
208	27730000	30750000	30910000	28460000
209	27730000	30760000	30920000	28470000
210	27720000	30760000	30920000	28470000
211	27730000	30750000	30930000	28460000
212	27720000	30750000	30910000	28460000
213	27730000	30750000	30910000	28460000
214	27720000	30750000	30910000	28460000
215	27720000	30750000	30910000	28460000
216	27720000	30760000	30920000	28460000
217	27730000	30750000	30910000	28460000
218	27730000	30760000	30920000	28460000
219	27730000	30760000	30940000	28460000
220	27720000	30760000	30910000	28460000
221	27720000	30750000	30920000	28460000
222	27730000	30760000	30920000	28460000
223	27720000	30750000	30910000	28460000
224	27730000	30750000	30920000	28450000
225	27730000	30760000	30920000	28470000
226	27720000	30750000	30910000	28450000
227	27720000	30760000	30920000	28460000
228	27730000	30760000	30920000	28470000
229	27730000	30750000	30920000	28460000
230	27720000	30750000	30910000	28460000
231	27730000	30760000	30920000	28450000
232	27730000	30750000	30910000	28460000
233	27730000	30760000	30920000	28460000
234	27720000	30750000	30910000	28460000
235	27730000	30760000	30920000	28460000
236	27720000	30760000	30910000	28460000
237	27720000	30760000	30920000	28470000
238	27720000	30750000	30910000	28460000
239	27720000	30750000	30930000	28460000
240	27720000	30750000	30910000	28460000
241	27720000	30750000	30910000	28460000
242	27720000	30760000	30910000	28460000
243	27730000	30760000	30910000	28460000
244	27720000	30760000	30910000	28450000
245	27720000	30750000	30910000	28460000
246	27720000	30750000	30910000	28450000
247	27710000	30740000	30900000	28450000
248	27720000	30750000	30910000	28460000
249	27720000	30750000	30910000	28460000
250	27720000	30750000	30910000	28460000
251	27720000	30750000	30910000	28450000
252	27720000	30750000	30910000	28460000
253	27720000	30750000	30910000	28450000
254	27720000	30750000	30910000	28460000
255	27720000	30750000	30910000	28460000
256	27720000	30730000	30910000	28460000
257	27720000	30760000	30920000	28460000
258	27720000	30750000	30910000	28460000
259	27730000	30750000	30920000	28460000
260	27730000	30760000	30920000	28460000
261	27730000	30760000	30920000	28460000
262	27720000	30750000	30910000	28450000
263	27730000	30760000	30900000	28470000
264	27720000	30760000	30920000	28460000
265	27720000	30760000	30920000	28460000
266	27730000	30760000	30920000	28470000
267	27720000	30750000	30910000	28460000
268	27720000	30760000	30920000	28460000
269	27720000	30760000	30920000	28460000
270	27730000	30760000	30920000	28460000
271	27720000	30750000	30910000	28460000
272	27720000	30760000	30920000	28460000
273	27730000	30760000	30920000	28460000
274	27730000	30760000	30920000	28470000
275	27730000	30750000	30910000	28460000
276	27730000	30760000	30920000	28470000
277	27720000	30760000	30920000	28460000
278	27720000	30760000	30920000	28460000
279	27730000	30770000	30920000	28460000
280	27730000	30760000	30920000	28460000
281	27730000	30760000	30920000	28460000
282	27730000	30760000	30900000	28470000
283	27720000	30750000	30910000	28460000
284	27730000	30760000	30920000	28460000
285	27730000	30760000	30920000	28470000
286	27720000	30750000	30910000	28450000
287	27730000	30760000	30920000	28460000
288	27730000	30760000	30920000	28460000
289	27720000	30760000	30920000	28460000
290	27730000	30760000	30940000	28460000
291	27720000	30760000	30920000	28460000
292	27730000	30780000	30920000	28460000
293	27730000	30760000	30920000	28470000
294	27730000	30770000	30920000	28470000
295	27740000	30760000	30930000	28470000
296	27730000	30760000	30920000	28470000
297	27730000	30750000	30910000	28460000
298	27730000	30760000	30920000	28460000
299	27730000	30770000	30930000	28460000
300	27730000	30760000	30920000	28460000
301	27730000	30760000	30920000	28470000
302	27720000	30760000	30910000	28460000
303	27720000	30760000	30920000	28460000
304	27730000	30760000	30920000	28470000
305	27720000	30760000	30910000	28460000
306	27720000	30760000	30910000	28470000
307	27730000	30750000	30920000	28460000
308	27730000	30760000	30920000	28460000
309	27730000	30760000	30920000	28470000
310	27730000	30760000	30920000	28460000
311	27730000	30760000	30920000	28470000
312	27740000	30760000	30930000	28470000
313	27730000	30760000	30920000	28470000
314	27730000	30760000	30920000	28470000
315	27730000	30760000	30920000	28470000
316	27730000	30750000	30910000	28460000
317	27730000	30760000	30920000	28470000
318	27730000	30760000	30920000	28460000
319	27730000	30760000	30920000	28470000
320	27720000	30730000	30910000	28460000
321	27730000	30770000	30930000	28470000
322	27730000	30760000	30920000	28460000
323	27720000	30750000	30920000	28460000
324	27730000	30760000	30920000	28460000
325	27730000	30770000	30920000	28470000
326	27720000	30760000	30920000	28460000
327	27730000	30760000	30920000	28470000
328	27720000	30750000	30910000	28460000
329	27730000	30760000	30920000	28460000
330	27730000	30760000	30920000	28470000
331	27730000	30760000	30920000	28470000
332	27730000	30760000	30920000	28460000
333	27730000	30760000	30920000	28460000
334	27730000	30760000	30920000	28470000
335	27730000	30760000	30920000	28470000
336	27730000	30750000	30930000	28460000
337	27730000	30760000	30920000	28470000
338	27730000	30760000	30920000	28470000
339	27720000	30760000	30920000	28470000
340	27720000	30750000	30910000	28460000
341	27720000	30760000	30920000	28460000
342	27730000	30760000	30920000	28470000
343	27720000	30760000	30920000	28460000
344	27720000	30760000	30920000	28460000
345	27720000	30760000	30920000	28460000
346	27730000	30760000	30920000	28470000
347	27720000	30760000	30920000	28460000
348	27730000	30760000	30920000	28460000
349	27730000	30760000	30920000	28460000
350	27730000	30760000	30920000	28460000
351	27730000	30760000	30920000	28470000
352	27730000	30760000	30920000	28470000
353	27720000	30760000	30910000	28460000
354	27720000	30760000	30910000	28460000
355	27730000	30760000	30920000	28460000
356	27730000	30760000	30920000	28460000
357	27720000	30760000	30920000	28470000
358	27720000	30750000	30910000	28460000
359	27730000	30750000	30910000	28470000
360	27720000	30760000	30920000	28460000
361	27720000	30720000	30910000	28460000
362	27720000	30750000	30910000	28460000
363	27730000	30760000	30920000	28460000
364	27730000	30750000	30920000	28460000
365	27720000	30750000	30910000	28470000
366	27720000	30750000	30910000	28460000
367	27730000	30760000	30920000	28470000
368	27730000	30760000	30920000	28470000
369	27720000	30760000	30920000	28460000
370	27720000	30760000	30920000	28460000
371	27730000	30750000	30910000	28460000
372	27730000	30760000	30920000	28460000
373	27730000	30750000	30910000	28470000
374	27730000	30760000	30920000	28470000
375	27730000	30760000	30920000	28460000
376	27730000	30760000	30920000	28470000
377	27730000	30760000	30920000	28470000
378	27730000	30760000	30920000	28460000
379	27730000	30760000	30910000	28470000
380	27730000	30760000	30920000	28470000
381	27730000	30760000	30920000	28460000
382	27730000	30760000	30920000	28470000
383	27730000	30750000	30910000	28450000
384	27720000	30760000	30920000	28450000
385	27730000	30750000	30920000	28460000
386	27720000	30750000	30910000	28460000
387	27720000	30760000	30920000	28460000
388	27730000	30760000	30920000	28460000
389	27720000	30760000	30920000	28460000
390	27720000	30750000	30930000	28460000
391	27730000	30760000	30920000	28460000
392	27730000	30760000	30920000	28460000
393	27720000	30750000	30910000	28460000
394	27730000	30760000	30920000	28460000
395	27720000	30760000	30920000	28470000
396	27730000	30750000	30910000	28460000
397	27730000	30750000	30910000	28460000
398	27740000	30770000	30930000	28470000
399	27730000	30760000	30920000	28470000
400	27730000	30750000	30920000	28470000
401	27730000	30760000	30920000	28460000
402	27730000	30760000	30920000	28470000
403	27730000	30750000	30910000	28460000
404	27730000	30760000	30930000	28470000
405	27730000	30760000	30920000	28470000
406	27730000	30760000	30920000	28470000
407	27730000	30760000	30920000	28460000
408	27730000	30760000	30910000	28460000
409	27730000	30770000	30930000	28470000
410	27730000	30760000	30920000	28470000
411	27730000	30760000	30920000	28460000
412	27730000	30760000	30920000	28470000
413	27730000	30760000	30920000	28470000
414	27730000	30760000	30930000	28470000
415	27720000	30750000	30910000	28460000
416	27730000	30760000	30920000	28460000
417	27730000	30750000	30910000	28460000
418	27730000	30750000	30910000	28460000
419	27740000	30760000	30920000	28470000
420	27730000	30760000	30920000	28470000
421	27730000	30760000	30920000	28470000
422	27730000	30760000	30920000	28460000
423	27730000	30760000	30920000	28470000
424	27730000	30760000	30920000	28460000
425	27730000	30750000	30910000	28460000
426	27720000	30760000	30920000	28460000
427	27720000	30760000	30920000	28470000
428	27720000	30750000	30910000	28460000
429	27730000	30760000	30910000	28460000
430	27720000	30750000	30910000	28460000
431	27720000	30750000	30910000	28460000
432	27730000	30760000	30920000	28460000
433	27720000	30760000	30920000	28460000
434	27730000	30750000	30930000	28460000
435	27720000	30760000	30920000	28460000
436	27730000	30750000	30910000	28460000
437	27730000	30760000	30930000	28470000
438	27720000	30760000	30910000	28460000
439	27720000	30750000	30910000	28460000
440	27730000	30760000	30920000	28460000
441	27730000	30760000	30920000	28460000
442	27730000	30760000	30920000	28470000
443	27730000	30770000	30930000	28470000
444	27720000	30760000	30920000	28470000
445	27730000	30760000	30920000	28460000
446	27730000	30750000	30910000	28460000
447	27720000	30760000	30910000	28460000
448	27710000	30750000	30910000	28460000
449	27720000	30760000	30920000	28460000
450	27720000	30750000	30910000	28460000
451	27730000	30760000	30920000	28460000
452	27730000	30750000	30920000	28460000
453	27730000	30760000	30920000	28460000
454	27730000	30760000	30920000	28460000
455	27730000	30760000	30920000	28470000
456	27730000	30760000	30920000	28470000
457	27730000	30760000	30920000	28460000
458	27720000	30760000	30920000	28460000
459	27730000	30760000	30920000	28470000
460	27730000	30760000	30920000	28460000
461	27730000	30760000	30920000	28470000
462	27720000	30760000	30910000	28460000
463	27730000	30760000	30930000	28470000
464	27730000	30760000	30920000	28460000
465	27730000	30760000	30920000	28470000
466	27720000	30750000	30920000	28460000
467	27730000	30760000	30920000	28460000
468	27730000	30760000	30920000	28460000
469	27730000	30760000	30920000	28470000
470	27720000	30750000	30910000	28460000
471	27730000	30760000	30920000	28470000
472	27730000	30760000	30920000	28460000
473	27730000	30760000	30920000	28470000
474	27720000	30760000	30920000	28470000
475	27730000	30760000	30920000	28460000
476	27730000	30760000	30920000	28460000
477	27730000	30760000	30920000	28470000
478	27730000	30760000	30920000	28460000
479	27720000	30760000	30920000	28470000
480	27730000	30760000	30910000	28470000
481	27740000	30770000	30930000	28470000
482	27730000	30760000	30920000	28460000
483	27720000	30750000	30920000	28460000
484	27730000	30760000	30920000	28470000
485	27730000	30760000	30920000	28470000
486	27730000	30760000	30920000	28460000
487	27730000	30760000	30920000	28460000
488	27730000	30760000	30920000	28470000
489	27730000	30750000	30920000	28460000
490	27730000	30770000	30930000	28460000
491	27720000	30780000	30920000	28460000
492	27720000	30760000	30910000	28460000
493	27720000	30760000	30910000	28450000
494	27730000	30750000	30920000	28460000
495	27720000	30760000	30920000	28460000
496	27720000	30750000	30910000	28470000
497	27720000	30750000	30910000	28460000
498	27740000	30760000	30930000	28470000
499	27730000	30760000	30920000	28470000

============================================================
# BITSTREAM: 100us_101etapas.bit
# VENTANA: 100us
# ETAPAS_PRINCIPAL: 101
# NUM_MUESTRAS: 500
# FORMATO: idx	freq1_hz	freq2_hz	freq3_hz	freq4_hz
============================================================
idx	freq1_hz	freq2_hz	freq3_hz	freq4_hz
0	8170000	9700000	8810000	8840000
1	8170000	9700000	8800000	8840000
2	8170000	9710000	8810000	8840000
3	8170000	9700000	8800000	8850000
4	8170000	9700000	8810000	8840000
5	8160000	9710000	8810000	8840000
6	8170000	9700000	8800000	8830000
7	8170000	9700000	8810000	8840000
8	8170000	9700000	8800000	8840000
9	8170000	9710000	8800000	8840000
10	8170000	9710000	8810000	8840000
11	8170000	9710000	8800000	8840000
12	8170000	9700000	8810000	8840000
13	8170000	9700000	8800000	8850000
14	8160000	9700000	8800000	8840000
15	8170000	9700000	8800000	8840000
16	8170000	9700000	8800000	8840000
17	8160000	9700000	8800000	8840000
18	8170000	9710000	8800000	8850000
19	8170000	9700000	8800000	8840000
20	8170000	9700000	8800000	8850000
21	8170000	9700000	8800000	8840000
22	8160000	9700000	8800000	8840000
23	8160000	9700000	8800000	8840000
24	8170000	9710000	8800000	8830000
25	8170000	9710000	8810000	8840000
26	8170000	9700000	8810000	8840000
27	8170000	9710000	8810000	8850000
28	8170000	9710000	8810000	8840000
29	8170000	9700000	8810000	8840000
30	8170000	9700000	8810000	8840000
31	8170000	9700000	8810000	8840000
32	8170000	9700000	8800000	8840000
33	8170000	9700000	8800000	8840000
34	8170000	9700000	8800000	8840000
35	8170000	9700000	8800000	8840000
36	8160000	9700000	8800000	8840000
37	8170000	9700000	8800000	8840000
38	8170000	9700000	8800000	8850000
39	8170000	9710000	8800000	8840000
40	8160000	9700000	8800000	8850000
41	8170000	9700000	8800000	8840000
42	8170000	9700000	8800000	8840000
43	8170000	9700000	8800000	8850000
44	8170000	9700000	8800000	8840000
45	8170000	9710000	8800000	8840000
46	8170000	9700000	8800000	8840000
47	8170000	9710000	8810000	8840000
48	8160000	9700000	8800000	8830000
49	8170000	9710000	8810000	8840000
50	8170000	9710000	8800000	8840000
51	8170000	9700000	8810000	8840000
52	8170000	9700000	8800000	8850000
53	8170000	9710000	8800000	8840000
54	8170000	9700000	8810000	8840000
55	8170000	9700000	8800000	8840000
56	8170000	9710000	8800000	8840000
57	8170000	9710000	8800000	8840000
58	8170000	9710000	8810000	8840000
59	8170000	9700000	8810000	8840000
60	8170000	9700000	8810000	8840000
61	8160000	9700000	8800000	8850000
62	8160000	9700000	8810000	8840000
63	8170000	9710000	8800000	8840000
64	8160000	9700000	8810000	8840000
65	8170000	9700000	8800000	8850000
66	8160000	9710000	8800000	8850000
67	8170000	9700000	8810000	8840000
68	8170000	9700000	8800000	8840000
69	8170000	9700000	8810000	8840000
70	8170000	9710000	8800000	8850000
71	8170000	9700000	8800000	8840000
72	8160000	9700000	8800000	8840000
73	8170000	9700000	8810000	8840000
74	8170000	9700000	8800000	8840000
75	8160000	9700000	8800000	8850000
76	8170000	9700000	8800000	8850000
77	8160000	9700000	8810000	8840000
78	8160000	9710000	8800000	8840000
79	8170000	9700000	8810000	8840000
80	8170000	9700000	8800000	8850000
81	8170000	9700000	8800000	8840000
82	8170000	9700000	8800000	8840000
83	8170000	9700000	8800000	8840000
84	8160000	9710000	8800000	8830000
85	8160000	9710000	8800000	8830000
86	8170000	9710000	8810000	8840000
87	8170000	9710000	8800000	8850000
88	8170000	9710000	8810000	8850000
89	8170000	9700000	8800000	8840000
90	8170000	9700000	8810000	8840000
91	8170000	9710000	8810000	8840000
92	8170000	9700000	8800000	8830000
93	8170000	9710000	8800000	8840000
94	8170000	9710000	8800000	8830000
95	8170000	9700000	8810000	8840000
96	8170000	9700000	8800000	8840000
97	8170000	9700000	8800000	8840000
98	8170000	9700000	8810000	8840000
99	8170000	9700000	8800000	8840000
100	8170000	9710000	8800000	8840000
101	8170000	9700000	8800000	8850000
102	8170000	9710000	8800000	8840000
103	8170000	9710000	8810000	8840000
104	8170000	9700000	8800000	8840000
105	8170000	9710000	8810000	8850000
106	8170000	9700000	8810000	8840000
107	8170000	9700000	8800000	8840000
108	8170000	9700000	8800000	8840000
109	8170000	9710000	8800000	8840000
110	8170000	9710000	8800000	8850000
111	8170000	9700000	8800000	8840000
112	8170000	9700000	8800000	8840000
113	8170000	9700000	8800000	8850000
114	8170000	9700000	8800000	8840000
115	8170000	9710000	8810000	8840000
116	8170000	9700000	8810000	8840000
117	8170000	9700000	8810000	8840000
118	8170000	9710000	8800000	8840000
119	8170000	9700000	8800000	8840000
120	8170000	9700000	8800000	8850000
121	8170000	9700000	8800000	8840000
122	8170000	9700000	8800000	8840000
123	8170000	9700000	8810000	8840000
124	8170000	9700000	8810000	8840000
125	8170000	9710000	8800000	8840000
126	8170000	9700000	8800000	8840000
127	8170000	9700000	8810000	8840000
128	8170000	9700000	8800000	8840000
129	8170000	9700000	8800000	8840000
130	8170000	9700000	8800000	8840000
131	8170000	9700000	8800000	8840000
132	8170000	9700000	8810000	8840000
133	8170000	9710000	8800000	8850000
134	8170000	9700000	8800000	8840000
135	8170000	9700000	8800000	8850000
136	8170000	9700000	8800000	8850000
137	8170000	9710000	8800000	8850000
138	8170000	9710000	8800000	8840000
139	8170000	9700000	8800000	8840000
140	8170000	9700000	8800000	8840000
141	8170000	9710000	8800000	8840000
142	8170000	9700000	8800000	8840000
143	8170000	9700000	8810000	8840000
144	8170000	9710000	8800000	8840000
145	8170000	9700000	8800000	8840000
146	8170000	9710000	8800000	8840000
147	8170000	9700000	8800000	8840000
148	8170000	9700000	8800000	8840000
149	8170000	9710000	8810000	8840000
150	8170000	9700000	8810000	8840000
151	8170000	9710000	8800000	8840000
152	8170000	9710000	8800000	8850000
153	8170000	9700000	8800000	8840000
154	8160000	9710000	8800000	8850000
155	8170000	9700000	8800000	8840000
156	8170000	9700000	8800000	8840000
157	8170000	9710000	8800000	8840000
158	8180000	9700000	8810000	8840000
159	8170000	9710000	8810000	8840000
160	8170000	9700000	8800000	8840000
161	8170000	9700000	8800000	8840000
162	8170000	9700000	8800000	8840000
163	8170000	9700000	8810000	8840000
164	8170000	9700000	8800000	8850000
165	8170000	9710000	8800000	8840000
166	8160000	9700000	8800000	8840000
167	8170000	9700000	8800000	8840000
168	8170000	9700000	8800000	8840000
169	8170000	9710000	8810000	8840000
170	8170000	9700000	8810000	8840000
171	8160000	9700000	8800000	8840000
172	8160000	9700000	8800000	8840000
173	8170000	9700000	8810000	8840000
174	8170000	9700000	8810000	8840000
175	8170000	9700000	8800000	8840000
176	8170000	9700000	8810000	8850000
177	8170000	9710000	8800000	8840000
178	8170000	9700000	8800000	8840000
179	8170000	9700000	8800000	8840000
180	8170000	9700000	8800000	8840000
181	8160000	9710000	8800000	8840000
182	8170000	9710000	8800000	8840000
183	8170000	9710000	8800000	8850000
184	8170000	9710000	8800000	8840000
185	8170000	9700000	8810000	8840000
186	8160000	9700000	8800000	8840000
187	8170000	9700000	8800000	8840000
188	8170000	9700000	8800000	8840000
189	8170000	9710000	8800000	8840000
190	8170000	9700000	8800000	8840000
191	8170000	9700000	8800000	8840000
192	8170000	9700000	8810000	8840000
193	8170000	9710000	8800000	8840000
194	8170000	9710000	8810000	8850000
195	8170000	9700000	8800000	8840000
196	8160000	9710000	8800000	8840000
197	8170000	9700000	8810000	8830000
198	8170000	9700000	8800000	8840000
199	8170000	9710000	8810000	8840000
200	8160000	9700000	8800000	8840000
201	8160000	9700000	8800000	8840000
202	8170000	9700000	8800000	8840000
203	8160000	9700000	8800000	8840000
204	8170000	9710000	8800000	8840000
205	8160000	9710000	8800000	8840000
206	8160000	9700000	8790000	8830000
207	8170000	9700000	8800000	8840000
208	8170000	9710000	8800000	8850000
209	8170000	9700000	8810000	8840000
210	8170000	9700000	8810000	8840000
211	8170000	9700000	8800000	8840000
212	8170000	9700000	8800000	8840000
213	8170000	9700000	8800000	8840000
214	8170000	9700000	8800000	8850000
215	8170000	9700000	8800000	8840000
216	8170000	9700000	8800000	8830000
217	8170000	9700000	8810000	8840000
218	8170000	9700000	8800000	8850000
219	8170000	9710000	8800000	8840000
220	8170000	9700000	8800000	8840000
221	8170000	9700000	8800000	8840000
222	8170000	9700000	8810000	8840000
223	8160000	9700000	8800000	8840000
224	8170000	9700000	8800000	8840000
225	8170000	9700000	8810000	8840000
226	8170000	9710000	8800000	8840000
227	8170000	9700000	8800000	8840000
228	8170000	9710000	8800000	8840000
229	8170000	9700000	8800000	8840000
230	8160000	9700000	8810000	8840000
231	8170000	9710000	8810000	8840000
232	8160000	9700000	8810000	8840000
233	8170000	9710000	8810000	8840000
234	8170000	9700000	8800000	8850000
235	8170000	9710000	8800000	8840000
236	8170000	9700000	8800000	8840000
237	8170000	9700000	8800000	8840000
238	8170000	9700000	8810000	8840000
239	8160000	9700000	8800000	8840000
240	8160000	9700000	8810000	8840000
241	8170000	9700000	8800000	8840000
242	8170000	9700000	8800000	8850000
243	8170000	9700000	8810000	8840000
244	8160000	9700000	8800000	8840000
245	8170000	9700000	8810000	8840000
246	8170000	9700000	8810000	8840000
247	8170000	9700000	8800000	8850000
248	8170000	9700000	8810000	8840000
249	8170000	9700000	8800000	8840000
250	8170000	9700000	8800000	8840000
251	8170000	9710000	8800000	8840000
252	8170000	9700000	8800000	8840000
253	8170000	9700000	8800000	8840000
254	8160000	9710000	8800000	8840000
255	8170000	9700000	8810000	8840000
256	8170000	9700000	8800000	8840000
257	8160000	9700000	8800000	8840000
258	8170000	9700000	8800000	8840000
259	8170000	9700000	8800000	8840000
260	8160000	9700000	8800000	8840000
261	8170000	9700000	8810000	8840000
262	8170000	9710000	8800000	8850000
263	8160000	9710000	8800000	8840000
264	8160000	9700000	8810000	8840000
265	8170000	9710000	8800000	8840000
266	8170000	9700000	8800000	8840000
267	8170000	9710000	8810000	8840000
268	8160000	9700000	8810000	8840000
269	8170000	9700000	8800000	8840000
270	8170000	9700000	8800000	8840000
271	8170000	9710000	8800000	8840000
272	8170000	9700000	8800000	8840000
273	8160000	9710000	8810000	8840000
274	8160000	9700000	8800000	8840000
275	8170000	9710000	8800000	8840000
276	8170000	9710000	8800000	8840000
277	8160000	9710000	8810000	8840000
278	8170000	9700000	8810000	8840000
279	8170000	9710000	8800000	8840000
280	8180000	9710000	8810000	8840000
281	8160000	9700000	8800000	8840000
282	8170000	9700000	8800000	8850000
283	8170000	9700000	8800000	8850000
284	8170000	9710000	8800000	8850000
285	8160000	9700000	8800000	8850000
286	8160000	9710000	8800000	8830000
287	8170000	9710000	8800000	8840000
288	8170000	9710000	8800000	8840000
289	8170000	9700000	8800000	8840000
290	8170000	9700000	8800000	8840000
291	8160000	9700000	8800000	8850000
292	8170000	9710000	8800000	8830000
293	8170000	9700000	8800000	8840000
294	8170000	9710000	8810000	8840000
295	8160000	9710000	8810000	8840000
296	8160000	9700000	8800000	8840000
297	8170000	9700000	8810000	8840000
298	8170000	9710000	8800000	8850000
299	8170000	9700000	8800000	8850000
300	8170000	9700000	8810000	8840000
301	8170000	9700000	8800000	8840000
302	8170000	9700000	8810000	8840000
303	8170000	9700000	8810000	8840000
304	8170000	9700000	8810000	8840000
305	8170000	9700000	8810000	8840000
306	8160000	9700000	8800000	8840000
307	8160000	9700000	8800000	8840000
308	8160000	9700000	8800000	8840000
309	8160000	9710000	8800000	8840000
310	8170000	9700000	8810000	8840000
311	8170000	9700000	8800000	8840000
312	8170000	9700000	8800000	8840000
313	8170000	9700000	8810000	8840000
314	8170000	9700000	8800000	8840000
315	8170000	9700000	8800000	8840000
316	8170000	9700000	8800000	8830000
317	8170000	9700000	8810000	8840000
318	8170000	9700000	8800000	8840000
319	8170000	9710000	8810000	8840000
320	8160000	9700000	8810000	8840000
321	8160000	9700000	8800000	8840000
322	8170000	9700000	8810000	8840000
323	8170000	9700000	8800000	8830000
324	8160000	9700000	8810000	8830000
325	8170000	9700000	8810000	8840000
326	8170000	9700000	8800000	8840000
327	8170000	9710000	8800000	8850000
328	8170000	9700000	8800000	8830000
329	8160000	9700000	8800000	8840000
330	8160000	9700000	8800000	8840000
331	8170000	9700000	8800000	8840000
332	8170000	9710000	8800000	8840000
333	8170000	9700000	8800000	8840000
334	8160000	9700000	8800000	8840000
335	8160000	9700000	8800000	8840000
336	8170000	9700000	8800000	8840000
337	8170000	9700000	8800000	8830000
338	8170000	9700000	8800000	8840000
339	8170000	9700000	8800000	8850000
340	8170000	9700000	8800000	8840000
341	8170000	9700000	8800000	8850000
342	8170000	9710000	8800000	8840000
343	8170000	9710000	8800000	8850000
344	8170000	9700000	8800000	8850000
345	8170000	9700000	8800000	8840000
346	8170000	9700000	8810000	8840000
347	8170000	9700000	8800000	8840000
348	8160000	9700000	8800000	8840000
349	8160000	9700000	8800000	8840000
350	8160000	9700000	8800000	8840000
351	8170000	9700000	8800000	8840000
352	8170000	9710000	8800000	8850000
353	8170000	9700000	8810000	8840000
354	8170000	9700000	8800000	8830000
355	8170000	9700000	8800000	8850000
356	8170000	9700000	8810000	8840000
357	8170000	9700000	8800000	8840000
358	8160000	9700000	8810000	8840000
359	8170000	9700000	8800000	8840000
360	8170000	9700000	8810000	8840000
361	8170000	9700000	8800000	8840000
362	8170000	9710000	8800000	8840000
363	8170000	9710000	8800000	8840000
364	8170000	9700000	8800000	8840000
365	8170000	9700000	8800000	8850000
366	8170000	9700000	8800000	8840000
367	8170000	9700000	8800000	8840000
368	8170000	9700000	8810000	8840000
369	8160000	9700000	8810000	8840000
370	8170000	9700000	8810000	8840000
371	8160000	9710000	8800000	8840000
372	8160000	9700000	8800000	8830000
373	8170000	9700000	8800000	8850000
374	8170000	9700000	8810000	8840000
375	8170000	9700000	8800000	8840000
376	8170000	9700000	8800000	8840000
377	8170000	9700000	8800000	8830000
378	8170000	9710000	8800000	8840000
379	8160000	9700000	8810000	8840000
380	8170000	9700000	8800000	8840000
381	8170000	9710000	8800000	8840000
382	8170000	9700000	8800000	8840000
383	8160000	9700000	8800000	8840000
384	8170000	9700000	8800000	8840000
385	8170000	9700000	8800000	8840000
386	8170000	9700000	8800000	8840000
387	8170000	9700000	8800000	8840000
388	8160000	9700000	8800000	8850000
389	8170000	9700000	8800000	8840000
390	8170000	9700000	8800000	8830000
391	8170000	9700000	8810000	8840000
392	8170000	9700000	8800000	8840000
393	8170000	9700000	8800000	8840000
394	8170000	9700000	8810000	8840000
395	8170000	9700000	8800000	8840000
396	8160000	9700000	8800000	8830000
397	8170000	9710000	8800000	8840000
398	8170000	9700000	8800000	8840000
399	8170000	9700000	8800000	8840000
400	8170000	9710000	8800000	8840000
401	8160000	9700000	8800000	8840000
402	8170000	9700000	8800000	8840000
403	8170000	9700000	8800000	8840000
404	8170000	9700000	8800000	8840000
405	8160000	9710000	8800000	8840000
406	8170000	9700000	8800000	8840000
407	8170000	9710000	8800000	8840000
408	8170000	9710000	8800000	8850000
409	8170000	9700000	8810000	8840000
410	8170000	9700000	8800000	8840000
411	8170000	9700000	8800000	8840000
412	8170000	9700000	8800000	8840000
413	8170000	9700000	8810000	8840000
414	8160000	9700000	8800000	8830000
415	8160000	9700000	8800000	8840000
416	8170000	9700000	8800000	8840000
417	8170000	9710000	8800000	8850000
418	8170000	9710000	8800000	8840000
419	8170000	9700000	8800000	8840000
420	8170000	9700000	8800000	8840000
421	8160000	9700000	8800000	8840000
422	8170000	9700000	8810000	8840000
423	8170000	9700000	8800000	8840000
424	8170000	9710000	8810000	8840000
425	8170000	9700000	8800000	8830000
426	8170000	9710000	8800000	8850000
427	8170000	9700000	8810000	8840000
428	8170000	9700000	8800000	8830000
429	8170000	9700000	8800000	8840000
430	8170000	9700000	8800000	8840000
431	8170000	9700000	8800000	8840000
432	8170000	9700000	8800000	8840000
433	8170000	9710000	8810000	8830000
434	8170000	9700000	8810000	8840000
435	8160000	9700000	8800000	8840000
436	8170000	9710000	8810000	8840000
437	8170000	9700000	8800000	8830000
438	8170000	9700000	8800000	8840000
439	8170000	9710000	8800000	8840000
440	8160000	9700000	8800000	8840000
441	8170000	9700000	8800000	8840000
442	8170000	9710000	8800000	8840000
443	8170000	9700000	8800000	8840000
444	8160000	9700000	8800000	8840000
445	8170000	9700000	8810000	8840000
446	8160000	9700000	8800000	8840000
447	8170000	9700000	8800000	8840000
448	8170000	9700000	8810000	8840000
449	8170000	9700000	8800000	8830000
450	8170000	9700000	8800000	8840000
451	8160000	9700000	8800000	8840000
452	8170000	9700000	8800000	8840000
453	8170000	9700000	8800000	8840000
454	8160000	9700000	8800000	8840000
455	8160000	9700000	8800000	8830000
456	8160000	9710000	8800000	8840000
457	8170000	9700000	8800000	8840000
458	8170000	9700000	8800000	8840000
459	8160000	9700000	8800000	8840000
460	8170000	9700000	8800000	8830000
461	8170000	9710000	8810000	8840000
462	8170000	9700000	8800000	8840000
463	8170000	9700000	8800000	8840000
464	8170000	9700000	8810000	8840000
465	8170000	9700000	8800000	8840000
466	8170000	9710000	8810000	8840000
467	8170000	9700000	8800000	8840000
468	8170000	9700000	8810000	8840000
469	8160000	9710000	8810000	8840000
470	8170000	9700000	8800000	8830000
471	8170000	9710000	8800000	8840000
472	8170000	9700000	8810000	8840000
473	8170000	9700000	8800000	8840000
474	8160000	9700000	8800000	8840000
475	8160000	9700000	8800000	8840000
476	8170000	9700000	8800000	8840000
477	8170000	9700000	8800000	8840000
478	8170000	9700000	8800000	8840000
479	8170000	9700000	8810000	8840000
480	8170000	9700000	8800000	8840000
481	8170000	9700000	8800000	8830000
482	8170000	9700000	8800000	8840000
483	8170000	9700000	8810000	8840000
484	8160000	9700000	8800000	8850000
485	8170000	9700000	8810000	8840000
486	8170000	9710000	8800000	8840000
487	8170000	9700000	8800000	8840000
488	8170000	9700000	8800000	8840000
489	8160000	9700000	8800000	8840000
490	8170000	9700000	8800000	8840000
491	8170000	9700000	8800000	8840000
492	8170000	9700000	8800000	8840000
493	8160000	9700000	8800000	8840000
494	8170000	9700000	8800000	8840000
495	8160000	9700000	8800000	8840000
496	8170000	9700000	8800000	8840000
497	8170000	9700000	8810000	8840000
498	8170000	9700000	8800000	8830000
499	8170000	9700000	8800000	8840000
