# CAPTURA AUTOMATICA MULTIBITSTREAM
# Puerto serie: COM7
# Baudrate: 115200
# Muestras por bitstream: 500
# Orden: 100ms -> 10ms -> 1ms -> 100us ; etapas 3, 5, 51, 101

============================================================
# BITSTREAM: 100ms_3etapas.bit
# VENTANA: 100ms
# ETAPAS_PRINCIPAL: 3
# NUM_MUESTRAS: 500
# FORMATO: idx	freq1_hz	freq2_hz	freq3_hz	freq4_hz
============================================================
idx	freq1_hz	freq2_hz	freq3_hz	freq4_hz
0	33398440	54369960	34432480	34432520
1	33402990	43888750	34433810	34433810
2	33406740	33406750	34434790	34434790
3	33408700	75351740	34436060	34436060
4	33404020	54375530	34434360	34434360
5	33403910	43889680	34434190	34434190
6	33404300	33404290	34434420	34434420
7	33401710	64858990	34433350	34433350
8	33392760	54364290	34431670	34431670
9	33394030	43879780	34432600	34432600
10	33393600	33393600	34432760	34432760
11	33395380	64852670	34432760	34432760
12	33396140	54367650	34432790	34432790
13	33395490	43881250	34431100	34431100
14	33399330	33399340	34434760	34434760
15	33404430	64861710	34434020	34434030
16	33406850	54378360	34431620	34431610
17	33402440	54393730	34432500	34432500
18	33400930	33400920	34432360	34432360
19	33400050	64857330	34434070	34434070
20	33402590	64859870	34435970	34435970
21	33398000	43883760	34433850	34433860
22	33398710	33398720	34434450	34434450
23	33396190	64853470	34433300	34433300
24	33396920	54368430	34433460	34433460
25	33399960	43885720	34433900	34433890
26	33396860	33396860	34434270	34434280
27	33401450	64858730	34434610	34434600
28	33403820	54375350	34435080	34435080
29	33403670	43889430	34435070	34435080
30	33401260	33401250	34434010	34434000
31	33399930	64857220	34433430	34433430
32	33392630	54364140	34430880	34430880
33	33389210	43874980	34430910	34430910
34	33390060	33390050	34431870	34431870
35	33389940	64847230	34430920	34430920
36	33392430	54363940	34432000	34432000
37	33390970	54362350	34431050	34431050
38	33391830	33391830	34430810	34430810
39	33393400	64850680	34431380	34431380
40	33387890	54359410	34428100	34428100
41	33389010	43874770	34429600	34429600
42	33382060	33382070	34428930	34428930
43	33378220	64835500	34428060	34428060
44	33382760	54354280	34430040	34430040
45	33379110	54349160	34429300	34429300
46	33385710	33385720	34431130	34431140
47	33385310	64842590	34431920	34431910
48	33397080	54368590	34432620	34432620
49	33396110	43881880	34432570	34432570
50	33383790	33383780	34429780	34429780
51	33385440	64842720	34430280	34430280
52	33386830	54358360	34431350	34431350
53	33386810	43872570	34431790	34431790
54	33390070	33390060	34431980	34431980
55	33393910	64851200	34433850	34433850
56	33387100	54358610	34431450	34431450
57	33392350	43878110	34434750	34434750
58	33393210	33393220	34434330	34434330
59	33393990	64851260	34432300	34432300
60	33390130	54361650	34435410	34435410
61	33380030	43865790	34432340	34432340
62	33385940	33385940	34433040	34433040
63	33383100	64840390	34433010	34433020
64	33386430	54357950	34433390	34433380
65	33382190	43867940	34432080	34432090
66	33383790	33383790	34433060	34433050
67	33377850	64835130	34430990	34430990
68	33382630	54354150	34431380	34431380
69	33381600	43867370	34429590	34429590
70	33376780	33376770	34427390	34427390
71	33372610	64829900	34426070	34426070
72	33378280	54349800	34429100	34429100
73	33373230	43858990	34426130	34426140
74	33375810	33375800	34427360	34427350
75	33378400	64835690	34428070	34428070
76	33381330	54352840	34428190	34428190
77	33381120	43866890	34429300	34429300
78	33381680	33381670	34429300	34429300
79	33381750	64839030	34429740	34429740
80	33387410	54358930	34429710	34429710
81	33391630	43877390	34430190	34430190
82	33390500	33390510	34430890	34430890
83	33393110	64850390	34429800	34429800
84	33388080	54359590	34427000	34427010
85	33392690	43878460	34429620	34429610
86	33389300	33389300	34428790	34428790
87	33386280	64843560	34429180	34429180
88	33385040	54356560	34430340	34430340
89	33390870	43876620	34430750	34430750
90	33392520	33392520	34432500	34432500
91	33394290	64851570	34431980	34431980
92	33384650	54356170	34428890	34428890
93	33391220	43876990	34432270	34432270
94	33394220	33394210	34434230	34434230
95	33387900	64845190	34431520	34431520
96	33387180	54358700	34430720	34430720
97	33383820	43868250	34426950	34426960
98	33376770	22891010	34426840	34426830
99	33373430	64830720	34425870	34425870
100	33373500	64830730	34427180	34427180
101	33376400	43862170	34426810	34426810
102	33379200	33379190	34428190	34428190
103	33384460	64841740	34427060	34427070
104	33381910	54353430	34427870	34427870
105	33386130	43871890	34426840	34426830
106	33386370	33386380	34427590	34427590
107	33383550	64840820	34427390	34427390
108	33388970	54360500	34428010	34428010
109	33383700	43869450	34426430	34426430
110	33386580	33386580	34428750	34428750
111	33381120	64838400	34426250	34426260
112	33390820	54362340	34428500	34428490
113	33388700	43874460	34426850	34426850
114	33389780	33389780	34427430	34427430
115	33385550	64842830	34425180	34425190
116	33387180	54358710	34424880	34424870
117	33385330	43871090	34425920	34425920
118	33383990	33383980	34425980	34425980
119	33380850	64838130	34425680	34425680
120	33379240	54350760	34423140	34423150
121	33383780	43869540	34424050	34424050
122	33380330	33380330	34423540	34423530
123	33380490	64832690	34420690	34420700
124	33376480	54348000	34423810	34423800
125	33373910	43859670	34422610	34422610
126	33372820	33372820	34422750	34422760
127	33383520	64840810	34424420	34424410
128	33386250	54357770	34424190	34424190
129	33385680	43871430	34424290	34424290
130	33382370	33382370	34424670	34424680
131	33377880	64835160	34424620	34424610
132	33381460	54352990	34423950	34423950
133	33383330	43869090	34424180	34424180
134	33389950	33389950	34427270	34427270
135	33387540	64844810	34424240	34424240
136	33385330	64839680	34425160	34425170
137	33388050	43873800	34425000	34425000
138	33384440	33384450	34422610	34422600
139	33387010	64844280	34422520	34422520
140	33386310	43872070	34420600	34420600
141	33380400	43866160	34423860	34423860
142	33379870	43866160	34424870	34424870
143	33383050	33385010	34424610	34424610
144	33384770	54356280	34427970	34427980
145	33391490	43877250	34430210	34430200
146	33387410	33387420	34428770	34428770
147	33390930	64848200	34430270	34430270
148	33381470	54352990	34425080	34425080
149	33378860	43864630	34424690	34424690
150	33379290	33379290	34424620	34424620
151	33380390	64837660	34426880	34426890
152	33387980	54359500	34430170	34430160
153	33387010	43872780	34428300	34428300
154	33377790	33377780	34423480	34423480
155	33384270	64841560	34427670	34427670
156	33381330	43867090	34426540	34426540
157	33383240	43868990	34426620	34426620
158	33382720	33382720	34426000	34426000
159	33383100	64840390	34425320	34425320
160	33374890	64832680	34424530	34424530
161	33383030	43868790	34426960	34426960
162	33386260	33386260	34428720	34428720
163	33382130	64839410	34425110	34425110
164	33382810	54354330	34425770	34425770
165	33377140	43862900	34424620	34424630
166	33380950	1923670	34425830	34425820
167	33376320	75319360	34423670	34423670
168	33373900	54345420	34422440	34422440
169	33366980	43852750	34419360	34419360
170	33372970	22887210	34419990	34419990
171	33370280	64827550	34421900	34421900
172	33379700	54351220	34424330	34424330
173	33378700	43864460	34423510	34423510
174	33382100	33382100	34423440	34423440
175	33377290	64834570	34421310	34421310
176	33381790	54353310	34423730	34423730
177	33379050	43864810	34422140	34422140
178	33376840	33376850	34422050	34422050
179	33378500	64835770	34423260	34423270
180	33374570	54346090	34420540	34420530
181	33382970	43868730	34420940	34420940
182	33385180	33385180	34423810	34423820
183	33389990	64847270	34425840	34425830
184	33386980	54358500	34423090	34423090
185	33386990	43872750	34423800	34423800
186	33381620	33381630	34421710	34421720
187	33379940	64837210	34420010	34420000
188	33375220	54346740	34421700	34421700
189	33380500	43866260	34421860	34421870
190	33384780	33384780	34426650	34426650
191	33380310	64837600	34426440	34426430
192	33384050	54355570	34427050	34427050
193	33378010	43863760	34426190	34426190
194	33375330	33375330	34426810	34426810
195	33374230	64831510	34425730	34425730
196	33380430	54351950	34424190	34424190
197	33382470	43868230	34424190	34424190
198	33382980	22897220	34424220	34424220
199	33385110	64842390	34422090	34422090
200	33382500	54354020	34422260	34421940
201	33388360	43874120	34423270	34423270
202	33395880	33395880	34425790	34425790
203	33399050	64856340	34428180	34428190
204	33398890	54370410	34429550	34429540
205	33398380	43884130	34429980	34429980
206	33399470	33399480	34430260	34430260
207	33393770	64851050	34426530	34426530
208	33396270	54367790	34426890	34426890
209	33396450	54367960	34425640	34425640
210	33399170	33399180	34427950	34427950
211	33397950	64855220	34426080	34426090
212	33394800	54366330	34425180	34425180
213	33398580	43884340	34429130	34429120
214	33397960	33397960	34428910	34428920
215	33397750	64855030	34427890	34427880
216	33398910	54370430	34427770	34427770
217	33392600	43878350	34425890	34425890
218	33393080	33393080	34426260	34426260
219	33392210	64849500	34426550	34426550
220	33390020	54361540	34424840	34424840
221	33393940	43879700	34426880	34426880
222	33393230	33393230	34426950	34426950
223	33393930	64851200	34424820	34424820
224	33391740	54363270	34424850	34424850
225	33390790	43876540	34424340	34424340
226	33388540	33388540	34421880	34421880
227	33380710	64837990	34421870	34421870
228	33388770	54360290	34423810	34423820
229	33385380	43871140	34423470	34423460
230	33387260	1929980	34424420	34424420
231	33384630	64841920	34422770	34422770
232	33389650	54361160	34424500	34424500
233	33390890	43876650	34425870	34425870
234	33388730	33388730	34424040	34424040
235	33388780	64846060	34424460	34424460
236	33389200	54360720	34426050	34426050
237	33390720	43876480	34425520	34425520
238	33388860	33388860	34425960	34425960
239	33383740	64841020	34423760	34423760
240	33385690	54357210	34424570	34424570
241	33396170	43881930	34428880	34428880
242	33394060	33394070	34427970	34427970
243	33400310	64847260	34425420	34425420
244	33392130	54363650	34426750	34426750
245	33388110	54359640	34425840	34425840
246	33392190	33392190	34426560	34426560
247	33392160	64849440	34429220	34429220
248	33393180	54364700	34428200	34428200
249	33392140	43877900	34428220	34428220
250	33384100	33384090	34424480	34424480
251	33386770	64844060	34423950	34423950
252	33388410	54359930	34426470	34426470
253	33390420	43876170	34426480	34426480
254	33393160	33393160	34426500	34426500
255	33390630	64847910	34426590	34426590
256	33385130	54356660	34422980	34422980
257	33384230	43869980	34423500	34423500
258	33386880	33386890	34422500	34422510
259	33387870	64845150	34421650	34421640
260	33385030	54356550	34419980	34419980
261	33387370	43873130	34419100	34419100
262	33392480	33392470	34420750	34420760
263	33393970	64851250	34421780	34421770
264	33390710	54362230	34420030	34420030
265	33388800	43874570	34420090	34420090
266	33389210	33389200	34420300	34420300
267	33389520	64846800	34420330	34420340
268	33387510	54359030	34421060	34421050
269	33384980	43870740	34420700	34420710
270	33387870	33387880	34420650	34420640
271	33387860	64845140	34420590	34420600
272	33388930	54360440	34419280	34419270
273	33386140	43871900	34418670	34418670
274	33387270	33387280	34420230	34420230
275	33384500	64841770	34419210	34419210
276	33382160	54353680	34417550	34417560
277	33382080	43867840	34421360	34421350
278	33380960	33380970	34420800	34420800
279	33382800	64840080	34423000	34423000
280	33390360	54361880	34425310	34425310
281	33388260	43874010	34425130	34425130
282	33391110	33391110	34424930	34424940
283	33391690	64848970	34424070	34424060
284	33387460	54358990	34419420	34419420
285	33387440	43873200	34420590	34420590
286	33388840	33388830	34421950	34421950
287	33389070	64846360	34423130	34423130
288	33392560	54364070	34422890	34422900
289	33385640	43871400	34419110	34419100
290	33387930	33387930	34421570	34421570
291	33385160	64842450	34420780	34420780
292	33388960	54360470	34420520	34420530
293	33392680	43878450	34422600	34422590
294	33392420	33392410	34421070	34421070
295	33392420	64849710	34421040	34421040
296	33389070	54360580	34418320	34418320
297	33386800	54358330	34418140	34418140
298	33391770	33391770	34420830	34420870
299	33393150	64850420	34421750	34421750
300	33388390	54359920	34418660	34418660
301	33387860	43873610	34418940	34418950
302	33386130	33386130	34416590	34416580
303	33387520	64844800	34418230	34418240
304	33389660	54361180	34418860	34418850
305	33393180	43878940	34423140	34423140
306	33392470	33392480	34423320	34423320
307	33393790	64851070	34422910	34422910
308	33397480	54369000	34423070	34423070
309	33399000	43884760	34425130	34425130
310	33403030	33403020	34425190	34425190
311	33402180	64859460	34426050	34426050
312	33404560	54376080	34427200	34427200
313	33395730	54367250	34424240	34424240
314	33395180	33395190	34423990	34423990
315	33399360	64856630	34426510	34426510
316	33400290	54371810	34425740	34425750
317	33400250	43886010	34426430	34426420
318	33398520	33398520	34425480	34425480
319	33402320	64859610	34428530	34428530
320	33399820	54371330	34427070	34427070
321	33401130	43886900	34427690	34427690
322	33402350	33402340	34429970	34429980
323	33397400	64854680	34425760	34425750
324	33401850	54373370	34425000	34425000
325	33402310	54373840	34424450	34424450
326	33407200	33407190	34429190	34429190
327	33401880	33401720	34427020	34427020
328	33404360	54375880	34425850	34425860
329	33396720	43882490	34424420	34424410
330	33395550	33395540	34424640	34424640
331	33392960	64850240	34422660	34422660
332	33394860	54366380	34422160	34422160
333	33396750	43882510	34422050	34422050
334	33393820	33393820	34421930	34421930
335	33390270	64847550	34420210	34420210
336	33399630	54371150	34424520	34424520
337	33396330	54367850	34423280	34423290
338	33397160	33397160	34425840	34425840
339	33395990	64853280	34421820	34421810
340	33389110	54360620	34420220	34420220
341	33396590	43882350	34425430	34425440
342	33394240	33394240	34425520	34425510
343	33399310	64856590	34426910	34426910
344	33398590	54370120	34426260	34426260
345	33393970	43879720	34424960	34424970
346	33396450	33396450	34425300	34425290
347	33394640	64851930	34426360	34426370
348	33396970	54368480	34426720	34426710
349	33397650	43883410	34428970	34428970
350	33397950	33397960	34427350	34427360
351	33394610	33394120	34425990	34425980
352	33394940	54365180	34425440	34425440
353	33393480	43879240	34423280	34423280
354	33393790	33393800	34424790	34424790
355	33393460	64850730	34423250	34423250
356	33396400	54367920	34425450	34425450
357	33395660	43881420	34424990	34424990
358	33393790	33393790	34424540	34424540
359	33391870	64849160	34423280	34423280
360	33396910	54368430	34423990	34423990
361	33395730	43881490	34423780	34423780
362	33398450	33398440	34425430	34425430
363	33394330	64851610	34424750	34424750
364	33389710	54361230	34421350	34421350
365	33390240	43876000	34421830	34421830
366	33384190	43870890	34421920	34421920
367	33385350	64842630	34420930	34420930
368	33378700	54350220	34419670	34419670
369	33379020	43864780	34419440	34419440
370	33382110	33382110	34419480	34419480
371	33382370	64839650	34420850	34420850
372	33384100	54355630	34420740	34420740
373	33386270	43872020	34421130	34421130
374	33392260	33392270	34422220	34422230
375	33388960	64846230	34421940	34421930
376	33389380	54360900	34422640	34422640
377	33391890	54363420	34424010	34424010
378	33391040	33391030	34421820	34421820
379	33392990	64850270	34422200	34422200
380	33390590	54362120	34420990	34420990
381	33390040	43875790	34419860	34419860
382	33393040	33393050	34419890	34419890
383	33386780	64844060	34418300	34418300
384	33386590	54358100	34418790	34418790
385	33393890	43879660	34422540	34422540
386	33393280	33393280	34420600	34420560
387	33392180	64849450	34421510	34421510
388	33391590	54363110	34420860	34420860
389	33391380	43877150	34420260	34420260
390	33383120	33383110	34420980	34420990
391	33383650	64840940	34420980	34420970
392	33390780	64848060	34423930	34423930
393	33392920	43878670	34424690	34424690
394	33385780	33385790	34420010	34420010
395	33385950	75328980	34418950	34418950
396	33388300	54359820	34418820	34418830
397	33389590	43875360	34421700	34421690
398	33387590	33387580	34420400	34420410
399	33383090	64840370	34418130	34418120
400	33386030	54357550	34421380	34421380
401	33388510	43874280	34423360	34423370
402	33389610	33389600	34422440	34422440
403	33386740	64844030	34421820	34421810
404	33388990	54360510	34423300	34423300
405	33392420	43878170	34425280	34425280
406	33389240	33389240	34424490	34424490
407	33391940	64849220	34424940	34424940
408	33392160	54363680	34422510	34422510
409	33390310	43876070	34423070	34423070
410	33388630	33388640	34424860	34424870
411	33389670	64846940	34425100	34425090
412	33388590	54360110	34425290	34425290
413	33384520	43870280	34420230	34420240
414	33387760	43874120	34421100	34421100
415	33386030	64843310	34419890	34419880
416	33390390	54361920	34421960	34421960
417	33390080	43875830	34421430	34421430
418	33392210	33392210	34423650	34423660
419	33389300	64846580	34423170	34423160
420	33385780	54357310	34420600	34420600
421	33388190	43873950	34422050	34422050
422	33390720	33390710	34422010	34422010
423	33386600	64843880	34420900	34420900
424	33387370	54358890	34422430	34422430
425	33388030	43873800	34421900	34421900
426	33385340	33385330	34419980	34419990
427	33389120	64846400	34421310	34421300
428	33389840	54361370	34421420	34421420
429	33391760	54363270	34424110	34424110
430	33391880	33391880	34423790	34423790
431	33390370	64847650	34423080	34423080
432	33388780	43874550	34423050	34423050
433	33388500	43874260	34422110	34422110
434	33388330	33388320	34422130	34422130
435	33388010	64845290	34423060	34423060
436	33390420	54361940	34423550	34423560
437	33390400	43876160	34422610	34422610
438	33385750	33385760	34421570	34421560
439	33384870	64842150	34421910	34421910
440	33386270	54357780	34423580	34423580
441	33389760	43875530	34425740	34425750
442	33389370	1932080	34426090	34426080
443	33392050	64849330	34426430	34426430
444	33390580	54362100	34426210	34426220
445	33385910	54357430	34423820	34423810
446	33390830	33390830	34425600	34425600
447	33387240	75330290	34424320	34424320
448	33389190	54360710	34423130	34423140
449	33390850	43876600	34422740	34422730
450	33388430	33388440	34421870	34421870
451	33388760	64846040	34422140	34422140
452	33389490	54361000	34422360	34422360
453	33391050	43876810	34422760	34422760
454	33391810	33391810	34423570	34423580
455	33391790	64849080	34423830	34423820
456	33392800	64854200	34422570	34422570
457	33394350	43880100	34425540	34425540
458	33400540	33400550	34426820	34426700
459	33399240	64856510	34427050	34427050
460	33396880	54368400	34424790	34424790
461	33401780	43887540	34428100	34428100
462	33404070	33404070	34427810	34427810
463	33391130	64848420	34425330	34425330
464	33385390	54356900	34424570	34424570
465	33388390	43874160	34423020	34423030
466	33386700	33386700	34424370	34424360
467	33392100	64849370	34425740	34425750
468	33392070	54363600	34426940	34426930
469	33393160	43878920	34427660	34427670
470	33391600	33391590	34427480	34427470
471	33392560	64849840	34427220	34427220
472	33394270	54365800	34427110	34427110
473	33394480	43880230	34427030	34427030
474	33392200	33392200	34428040	34428040
475	33395570	64852850	34429420	34429420
476	33395210	54366730	34429260	34429270
477	33394850	43880610	34428780	34428780
478	33397540	33397550	34428940	34428930
479	33394830	64852100	34428190	34428190
480	33395460	54366980	34430900	34430900
481	33398740	43884500	34430930	34430930
482	33397320	33397320	34430850	34430850
483	33400680	64857960	34431150	34431150
484	33395030	54366560	34429280	34429280
485	33393730	43879480	34429340	34429340
486	33395220	33395220	34428830	34428830
487	33399910	64857190	34430890	34430900
488	33399450	54370980	34430720	34430710
489	33396420	43882170	34431410	34431410
490	33394930	1937650	34428190	34428190
491	33393980	64851260	34426380	34426380
492	33394810	54366340	34429710	34429710
493	33391440	43877190	34427840	34427840
494	33397260	33397270	34431530	34431540
495	33391890	64849170	34429490	34429480
496	33394370	54365880	34429980	34429980
497	33394790	43880550	34429890	34429890
498	33397440	33397440	34431100	34431100
499	33396960	64854240	34428760	34428770

============================================================
# BITSTREAM: 100ms_5etapas.bit
# VENTANA: 100ms
# ETAPAS_PRINCIPAL: 5
# NUM_MUESTRAS: 500
# FORMATO: idx	freq1_hz	freq2_hz	freq3_hz	freq4_hz
============================================================
idx	freq1_hz	freq2_hz	freq3_hz	freq4_hz
0	32669330	32669330	32669330	32669330
1	32666990	32666990	32666990	32667310
2	32670340	32670340	32670340	32670340
3	32671310	32666190	32671310	32671310
4	32673490	32668370	32673490	32673820
5	32669780	32669780	32669780	32669780
6	32669260	32669260	32669260	32669260
7	32670530	32670540	32670540	32670530
8	32669460	32669450	32669450	32669460
9	32667540	32667550	32667550	32667540
10	32672480	32667360	32672480	32667060
11	32671490	32666360	32671480	32671490
12	32672380	32667260	32672380	32672370
13	32673230	32668120	32673240	32673240
14	32672700	32667570	32672700	32672700
15	32673890	32668770	32673880	32673880
16	32672650	32667530	32672650	32672650
17	32669160	32669160	32669160	32669170
18	32672180	32667070	32672190	32672180
19	32671940	32666810	32671930	32671940
20	32668030	32668030	32668030	32668020
21	32669780	32669790	32669790	32669790
22	32670760	32665630	32670750	32670760
23	32670610	32670610	32670610	32670600
24	32670570	32670570	32670580	32670580
25	32670130	32670130	32670120	32670450
26	32667650	32667650	32667650	32667650
27	32669050	32669050	32669060	32669050
28	32669650	32669650	32669640	32669640
29	32671000	32665880	32671000	32671000
30	32671920	32666800	32671930	32671930
31	32670020	32670020	32670020	32670020
32	32672370	32667250	32672360	32672370
33	32673730	32668610	32673730	32673730
34	32675920	32675920	32675930	32675920
35	32670630	32670630	32670620	32670630
36	32671490	32666370	32671500	32671490
37	32670480	32670480	32670470	32670470
38	32669680	32669680	32669680	32669680
39	32673800	32668680	32673810	32673810
40	32673470	32668350	32673460	32673460
41	32671040	32665920	32671050	32671050
42	32673330	32668210	32673330	32673330
43	32674930	32669810	32674930	32674930
44	32673610	32668500	32673610	32673610
45	32671720	32666590	32671710	32671710
46	32672490	32667380	32672500	32672500
47	32670780	32665650	32670770	32670770
48	32673860	32668750	32673870	32673870
49	32674350	32669230	32674350	32674350
50	32675020	32669900	32675020	32675020
51	32672240	32667120	32672240	32672240
52	32674930	32669800	32674920	32674920
53	32676890	32676890	32676890	32676890
54	32673560	32668440	32673560	32673560
55	32672390	32667280	32672400	32672400
56	32671410	32666290	32671410	32671410
57	32672900	32667780	32672900	32672900
58	32673670	32668550	32673670	32673670
59	32672910	32667790	32672910	32672910
60	32669730	32669720	32669720	32669730
61	32671390	32666280	32671400	32671390
62	32669810	32669800	32669810	32669810
63	32669930	32669930	32669920	32669920
64	32672100	32666980	32672100	32672100
65	32670920	32665800	32670920	32670930
66	32673610	32668500	32673620	32673610
67	32670160	32670150	32670150	32670150
68	32671530	32666410	32671540	32671540
69	32673200	32668080	32673190	32673200
70	32675880	32675880	32675880	32676190
71	32675830	32675840	32675840	32675840
72	32674690	32669560	32674690	32674690
73	32672780	32667660	32672780	32672780
74	32671430	32666310	32671420	32671420
75	32675980	32675990	32675990	32675990
76	32673710	32668580	32673710	32673710
77	32677190	32677190	32677180	32677180
78	32672990	32667870	32673000	32673000
79	32675560	32670440	32675550	32675560
80	32673260	32668150	32673270	32673260
81	32676330	32676330	32676330	32676330
82	32674580	32669450	32674570	32674570
83	32675290	32670180	32675300	32675300
84	32677200	32677190	32677190	32677190
85	32676500	32676510	32676510	32676510
86	32679990	32679990	32679990	32679990
87	32677650	32677640	32677640	32677330
88	32674100	32668980	32674100	32674090
89	32673360	32668250	32673370	32673370
90	32672040	32666910	32672030	32672030
91	32672720	32667600	32672720	32672720
92	32667450	32667450	32667450	32667450
93	32666640	32666650	32666650	32666650
94	32668050	32668040	32668050	32668050
95	32669720	32669720	32669710	32669710
96	32670360	32670370	32670370	32670370
97	32671730	32666600	32671720	32671720
98	32672230	32667120	32672240	32672240
99	32669050	32669040	32669040	32669050
100	32666570	32666570	32666570	32666560
101	32666540	32666540	32666540	32666860
102	32665510	32660390	32665510	32665520
103	32667770	32667780	32667780	32667770
104	32667670	32667660	32667660	32667660
105	32669860	32669860	32669860	32669860
106	32669840	32669840	32669840	32669840
107	32670350	32670360	32670360	32670360
108	32666460	32666450	32666450	32666450
109	32668030	32668030	32668030	32668040
110	32667690	32667690	32667690	32667680
111	32667140	32667140	32667140	32667140
112	32669600	32669600	32669600	32669610
113	32667860	32667860	32667860	32667860
114	32668970	32668970	32668970	32668970
115	32668890	32668900	32668900	32668890
116	32667450	32667440	32667440	32667120
117	32667180	32667190	32667190	32667190
118	32672010	32666880	32672000	32672000
119	32670240	32670240	32670250	32670250
120	32666310	32666310	32666300	32666310
121	32669480	32669480	32669480	32669480
122	32669900	32669900	32669900	32669900
123	32668450	32668460	32668460	32668450
124	32668200	32668200	32668200	32668200
125	32665940	32665930	32665940	32665940
126	32665570	32660450	32665560	32665570
127	32665860	32665870	32665870	32665860
128	32664640	32659510	32664630	32664640
129	32668260	32668270	32668270	32668260
130	32668820	32668810	32668810	32668810
131	32666860	32666870	32666870	32666870
132	32667760	32667760	32667760	32667760
133	32667470	32667460	32667460	32667470
134	32668020	32668030	32668030	32668020
135	32668330	32668320	32668320	32668330
136	32666230	32666230	32666230	32666230
137	32666210	32666210	32666220	32666210
138	32667730	32667730	32667720	32667720
139	32668920	32668920	32668920	32668930
140	32669770	32669780	32669780	32669770
141	32668610	32668610	32668610	32668610
142	32669160	32669150	32669150	32669150
143	32665500	32660380	32665500	32665510
144	32665050	32659930	32665050	32665050
145	32668980	32668980	32668980	32668980
146	32669520	32669520	32669520	32669510
147	32667580	32667590	32667590	32667590
148	32665830	32665820	32665820	32665820
149	32663560	32658440	32663560	32663560
150	32663440	32658320	32663450	32663450
151	32666830	32666830	32666820	32666830
152	32666380	32666380	32666390	32666380
153	32666510	32666510	32666500	32666510
154	32669100	32669100	32669100	32669090
155	32669940	32669940	32669940	32669950
156	32669050	32669060	32669060	32669050
157	32666670	32666670	32666670	32666670
158	32668200	32668200	32668200	32668200
159	32668290	32668280	32668280	32668280
160	32669850	32669850	32669850	32669860
161	32670480	32670480	32670480	32670480
162	32672180	32667060	32672180	32672180
163	32669740	32669740	32669740	32669730
164	32669630	32669640	32669640	32669640
165	32670690	32670680	32670680	32670690
166	32670680	32670680	32670680	32670680
167	32674560	32669450	32674570	32674560
168	32673870	32668750	32673870	32673870
169	32672890	32667770	32672890	32672890
170	32670510	32670500	32670510	32670510
171	32673150	32668030	32673140	32673150
172	32669250	32669250	32669250	32669240
173	32667710	32667720	32667720	32667720
174	32668720	32668710	32668710	32668720
175	32668890	32668890	32668900	32668890
176	32667140	32667140	32667130	32669700
177	32662780	32657660	32662780	32662770
178	32665280	32660160	32665280	32665290
179	32667040	32667040	32667050	32667040
180	32662140	32657020	32662130	32662140
181	32661700	32656580	32661700	32661690
182	32662620	32657510	32662630	32662630
183	32667540	32667540	32667540	32667540
184	32663370	32658240	32663360	32663360
185	32659740	32659750	32659750	32659750
186	32663250	32658120	32663240	32663240
187	32661340	32656230	32661350	32661350
188	32661270	32656140	32661260	32661270
189	32659950	32659950	32659950	32659940
190	32664050	32658930	32664050	32664050
191	32666860	32666860	32666870	32666870
192	32661590	32656470	32661590	32661590
193	32658910	32658910	32658900	32658900
194	32662980	32657860	32662980	32662980
195	32662770	32657650	32662770	32662770
196	32662650	32657540	32662660	32662660
197	32661000	32655870	32661000	32661000
198	32661060	32655940	32661050	32661050
199	32662120	32657010	32662130	32662130
200	32660200	32660190	32660190	32660200
201	32657380	32657380	32657380	32657380
202	32657820	32657830	32657830	32657820
203	32659910	32659910	32659910	32659910
204	32660980	32655850	32660970	32660970
205	32661400	32656290	32661410	32661410
206	32660800	32655670	32660800	32660800
207	32660690	32655570	32660680	32660690
208	32660030	32660030	32660030	32660020
209	32662420	32657300	32662420	32662420
210	32661220	32656100	32661220	32661220
211	32659950	32659960	32659960	32659960
212	32658360	32658360	32658360	32658360
213	32659370	32659370	32659370	32659370
214	32658700	32658690	32658690	32658700
215	32661990	32656880	32662000	32661990
216	32661600	32656480	32661600	32661600
217	32659570	32659560	32659560	32659570
218	32662760	32657650	32662770	32662760
219	32660400	32660390	32660390	32660400
220	32664930	32659810	32664930	32664920
221	32664670	32659560	32664680	32664680
222	32663220	32658090	32663210	32663210
223	32668050	32668050	32668050	32668060
224	32666150	32666160	32666160	32666150
225	32665200	32660080	32665200	32665200
226	32665090	32659960	32665080	32665080
227	32663480	32658360	32663480	32663490
228	32664610	32659490	32664610	32664610
229	32662310	32657190	32662320	32662310
230	32663870	32658750	32663860	32663860
231	32663740	32658630	32663750	32663750
232	32663130	32658000	32663120	32663120
233	32662550	32657440	32662560	32662560
234	32662130	32657000	32662120	32662120
235	32661020	32655900	32661020	32661030
236	32661800	32656680	32661800	32661800
237	32662960	32657840	32662960	32662960
238	32663840	32658720	32663840	32663840
239	32661090	32655980	32661100	32661090
240	32662910	32657780	32662900	32662900
241	32662350	32657230	32662360	32662360
242	32660940	32655820	32660930	32660930
243	32661280	32656160	32661280	32661280
244	32663730	32658620	32663740	32663740
245	32663960	32658830	32663950	32663950
246	32663840	32658730	32663850	32663850
247	32663860	32658740	32663860	32663860
248	32665250	32660120	32665240	32665240
249	32666660	32666660	32666660	32666660
250	32664260	32659140	32664260	32664270
251	32663810	32658700	32663820	32663810
252	32663650	32658530	32663650	32663650
253	32662500	32657370	32662500	32662500
254	32663530	32658420	32663530	32663530
255	32663070	32657940	32663060	32663070
256	32661390	32656280	32661400	32661390
257	32659450	32659440	32659440	32659450
258	32656480	32656490	32656490	32656480
259	32661160	32656040	32661160	32661480
260	32658590	32658580	32658580	32658590
261	32657240	32657240	32657240	32657240
262	32657560	32657560	32657560	32657560
263	32659140	32659140	32659140	32659140
264	32658270	32658280	32658280	32658270
265	32657390	32657380	32657390	32657390
266	32658590	32658590	32658590	32658590
267	32659360	32659370	32659360	32659360
268	32660420	32660410	32660410	32660420
269	32659910	32659920	32659920	32659910
270	32660400	32660400	32660400	32660400
271	32660710	32655580	32660700	32660700
272	32658340	32658340	32658350	32658350
273	32658420	32658420	32658410	32658410
274	32657260	32657270	32657270	32657270
275	32657720	32657710	32657710	32657710
276	32656690	32656690	32656690	32656690
277	32661010	32655890	32661020	32661020
278	32661470	32656360	32661470	32661470
279	32658760	32658760	32658760	32658760
280	32658120	32658110	32658110	32658110
281	32657300	32657300	32657300	32657310
282	32658490	32658500	32658500	32658490
283	32659340	32659340	32659340	32659340
284	32658220	32658210	32658210	32658220
285	32661030	32655910	32661030	32661020
286	32661590	32656470	32661590	32661590
287	32661890	32656770	32661900	32661900
288	32660830	32655710	32660820	32660820
289	32661140	32656020	32661140	32661140
290	32664670	32659550	32664680	32664680
291	32663220	32658100	32663210	32663210
292	32663750	32658630	32663750	32663760
293	32664410	32659300	32664420	32664410
294	32662030	32656900	32662020	32662030
295	32662770	32657660	32662780	32662770
296	32664160	32659030	32664160	32664160
297	32660160	32660160	32660150	32660160
298	32661520	32656410	32661530	32661520
299	32663820	32658690	32663820	32663820
300	32661550	32656430	32661540	32661550
301	32661020	32655900	32661030	32661020
302	32663040	32657930	32663040	32663040
303	32662620	32657500	32662620	32662620
304	32662930	32657810	32662930	32662930
305	32660160	32660150	32660150	32660150
306	32656970	32656980	32656980	32656980
307	32656390	32656380	32656390	32656390
308	32656950	32656950	32656950	32656950
309	32657600	32657600	32657590	32657600
310	32657570	32657570	32657580	32657570
311	32658830	32658830	32658820	32658830
312	32658420	32658420	32658420	32658420
313	32662250	32657140	32662260	32662250
314	32660300	32660290	32660290	32660300
315	32661670	32656560	32661680	32661670
316	32659090	32659090	32659090	32659090
317	32659510	32659500	32659500	32659510
318	32661330	32656210	32661330	32661320
319	32665050	32659940	32665060	32665060
320	32663920	32658790	32663910	32663910
321	32664140	32659020	32664140	32663830
322	32661790	32656670	32661790	32661790
323	32665020	32659900	32665020	32665010
324	32662560	32657450	32662570	32662570
325	32661540	32656410	32661540	32661540
326	32659140	32659140	32659130	32659130
327	32662790	32657670	32662790	32662800
328	32661610	32656490	32661610	32661610
329	32660530	32655410	32660540	32660530
330	32658680	32658680	32658680	32658680
331	32660160	32660160	32660150	32660160
332	32660760	32655650	32660770	32660760
333	32661180	32656060	32661180	32661180
334	32661390	32656260	32661380	32661380
335	32663480	32658370	32663490	32663490
336	32660990	32655860	32660980	32660980
337	32660640	32655520	32660640	32660650
338	32656380	32656380	32656380	32656380
339	32656370	32656370	32656370	32656370
340	32656600	32656600	32656600	32656600
341	32652930	32647820	32652940	32652930
342	32654730	32649600	32654720	32654720
343	32656530	32656540	32656540	32656540
344	32653710	32648580	32653700	32653710
345	32658130	32658130	32658130	32658120
346	32657600	32657600	32657600	32657600
347	32653940	32648820	32653940	32653950
348	32654360	32649250	32654370	32654360
349	32654220	32649100	32654220	32654220
350	32655630	32655620	32655620	32655620
351	32655880	32655880	32655880	32655890
352	32656840	32656840	32656840	32656840
353	32656790	32656790	32656790	32656780
354	32653600	32648490	32653610	32653610
355	32652700	32647570	32652690	32652690
356	32657210	32657210	32657210	32657210
357	32656730	32656740	32656740	32656740
358	32655840	32655830	32655830	32655840
359	32654890	32649770	32654890	32654880
360	32655770	32655770	32655770	32655770
361	32655410	32655410	32655420	32655420
362	32652660	32647540	32652650	32652650
363	32654450	32649330	32654450	32654450
364	32656320	32656320	32656330	32656330
365	32656060	32656060	32656050	32656050
366	32656690	32656700	32656700	32656700
367	32656480	32656470	32656470	32656470
368	32656120	32656120	32656120	32656460
369	32657400	32657400	32657400	32657400
370	32657570	32657570	32657570	32657570
371	32658040	32658040	32658040	32658050
372	32658180	32658180	32658180	32658170
373	32657940	32657940	32657940	32657940
374	32656500	32656500	32656500	32656500
375	32657470	32657480	32657480	32657480
376	32660900	32655780	32660900	32660900
377	32661780	32656650	32661770	32661780
378	32659460	32659460	32659460	32659450
379	32657620	32657630	32657630	32659870
380	32659310	32659310	32659310	32659310
381	32659770	32659770	32659770	32659770
382	32660780	32655650	32660780	32660780
383	32660890	32655770	32660880	32660880
384	32659170	32659170	32659170	32659170
385	32660230	32660240	32660240	32660240
386	32660890	32655770	32660890	32660890
387	32658430	32658430	32658430	32658430
388	32658000	32657990	32657990	32658000
389	32658110	32658120	32658120	32658110
390	32661130	32656000	32661120	32661130
391	32659240	32659240	32659240	32659240
392	32658950	32658950	32658950	32658940
393	32654910	32649790	32654910	32654920
394	32656840	32656840	32656840	32656830
395	32659740	32659740	32659740	32659750
396	32658060	32658060	32658060	32658060
397	32658110	32658110	32658110	32658100
398	32655260	32650140	32655260	32655270
399	32656950	32656950	32656950	32656950
400	32657900	32657900	32657910	32657900
401	32655690	32655690	32655680	32655680
402	32655510	32655510	32655520	32655520
403	32655630	32655630	32655620	32655620
404	32659570	32659580	32659580	32659580
405	32658890	32658890	32658890	32658890
406	32658400	32658390	32658400	32658400
407	32659970	32659970	32659970	32659970
408	32662270	32657150	32662260	32662260
409	32658790	32658790	32658800	32658800
410	32659520	32659520	32659510	32659510
411	32661740	32656620	32661740	32661740
412	32660740	32655620	32660740	32661070
413	32662050	32656940	32662060	32662050
414	32661350	32656220	32661340	32661350
415	32662250	32657130	32662250	32662240
416	32664430	32659310	32664430	32664440
417	32661390	32656280	32661400	32661390
418	32661630	32656510	32661630	32661630
419	32660620	32655500	32660620	32660620
420	32661670	32656540	32661660	32661660
421	32662160	32657040	32662170	32662170
422	32659760	32659770	32659760	32659760
423	32660140	32660130	32660130	32660130
424	32662970	32657860	32662980	32662980
425	32660920	32655790	32660910	32660920
426	32660510	32655390	32660520	32660510
427	32659990	32659990	32659980	32659980
428	32660990	32655880	32661000	32661000
429	32658040	32658030	32658030	32658040
430	32661590	32656480	32661600	32661590
431	32662290	32657160	32662290	32662290
432	32662610	32657490	32662600	32662610
433	32660490	32655370	32660490	32660490
434	32657800	32657800	32657800	32657790
435	32660270	32660270	32660270	32660270
436	32661180	32656060	32661180	32661180
437	32661510	32656390	32661510	32661520
438	32663000	32657880	32663000	32662990
439	32660580	32655460	32660590	32660590
440	32658960	32658960	32658960	32658960
441	32663590	32658470	32663580	32663590
442	32667310	32667310	32667320	32667310
443	32666690	32666690	32666680	32666690
444	32666910	32666920	32666920	32666910
445	32664440	32659310	32664430	32664430
446	32665170	32660050	32665170	32665170
447	32664640	32659520	32664650	32664650
448	32664620	32659500	32664620	32664620
449	32667440	32667440	32667440	32667440
450	32668080	32668090	32668080	32668080
451	32666370	32666370	32666370	32666690
452	32668170	32668160	32668160	32668160
453	32666710	32666720	32666720	32666720
454	32668990	32668990	32668990	32668990
455	32665960	32665960	32665960	32665960
456	32666230	32666230	32666230	32666230
457	32666150	32666140	32666150	32666150
458	32666330	32666330	32666320	32666330
459	32666200	32666200	32666210	32666200
460	32668150	32668160	32668150	32668150
461	32670290	32670280	32670280	32668130
462	32670140	32670140	32670140	32670130
463	32668950	32668950	32668950	32668950
464	32667400	32667410	32667410	32667410
465	32666260	32666250	32666250	32666260
466	32666140	32666150	32666150	32666140
467	32673900	32668770	32673900	32673900
468	32669200	32669210	32669200	32669200
469	32669320	32669310	32669310	32669320
470	32671220	32666100	32671220	32671220
471	32668850	32668850	32668860	32668850
472	32664480	32659370	32664480	32664480
473	32666510	32666510	32666510	32666510
474	32667970	32667960	32667960	32667970
475	32667840	32667850	32667850	32667840
476	32664020	32658900	32664020	32664020
477	32664450	32659320	32664440	32664450
478	32662600	32657490	32662610	32662600
479	32665700	32665700	32665700	32665700
480	32661650	32656530	32661650	32661650
481	32665430	32660300	32665420	32665420
482	32666170	32666180	32666180	32666180
483	32667150	32667150	32667150	32667150
484	32667020	32667020	32667020	32667020
485	32665970	32665970	32665970	32665970
486	32667130	32667130	32667130	32667130
487	32664260	32659130	32664250	32664260
488	32663580	32658470	32663590	32663580
489	32659620	32659610	32659610	32659620
490	32662510	32657400	32662520	32662510
491	32660330	32660330	32660330	32660330
492	32661230	32656110	32661230	32661230
493	32661170	32656050	32661170	32661170
494	32660690	32655570	32660690	32660690
495	32661030	32655900	32661020	32660700
496	32661370	32656250	32661370	32661380
497	32662830	32657710	32662840	32662830
498	32662720	32657600	32662710	32662710
499	32664740	32659620	32664740	32664750

============================================================
# BITSTREAM: 100ms_51etapas.bit
# VENTANA: 100ms
# ETAPAS_PRINCIPAL: 51
# NUM_MUESTRAS: 500
# FORMATO: idx	freq1_hz	freq2_hz	freq3_hz	freq4_hz
============================================================
idx	freq1_hz	freq2_hz	freq3_hz	freq4_hz
0	14153990	12973930	13571370	11882890
1	14153540	12967840	13570430	11884810
2	14153400	12967880	13570530	11883760
3	14153700	12967950	13570830	11885580
4	14153470	12968490	13570590	11883780
5	14153280	12968350	13570500	11884680
6	14153690	12968490	13570630	11882700
7	14153690	12967750	13570060	11884610
8	14151930	12967230	13569460	11882030
9	14151660	12967030	13569590	11882430
10	14152290	12967620	13570390	11883400
11	14152500	12967590	13570410	11884440
12	14151210	12966590	13569130	11883390
13	14150940	12965960	13569340	11883650
14	14150750	12965900	13568670	11880430
15	14150910	12966000	13569180	11883610
16	14151980	12967010	13570110	11881690
17	14151890	12966670	13569970	11884330
18	14152480	12967510	13570310	11884050
19	14151850	12967170	13569570	11884260
20	14150830	12966090	13568770	11883130
21	14150240	12965440	13568400	11882850
22	14150720	12965900	13569090	11881120
23	14151780	12966700	13569880	11884280
24	14150840	12966020	13569070	11881310
25	14151270	12966200	13569310	11883340
26	14150500	12965600	13568610	11881820
27	14151050	12965790	13569150	11883070
28	14152300	12967100	13570160	11883290
29	14151500	12966300	13569410	11881920
30	14151750	12966390	13569420	11883350
31	14151660	12966300	13569410	11881460
32	14151460	12966120	13569300	11883160
33	14152850	12967440	13570490	11882470
34	14152430	12967190	13570050	11883940
35	14152220	12967280	13570110	11884060
36	14152030	12967640	13570580	11883850
37	14152470	12967410	13570440	11882690
38	14152790	12967370	13570140	11882020
39	14152930	12967560	13570450	11883110
40	14151740	12966460	13569510	11883740
41	14153270	12967580	13570460	11884740
42	14152620	12967140	13569660	11881810
43	14152540	12967190	13569690	11882130
44	14150460	12965710	13568970	11882380
45	14149720	12964760	13568330	11883310
46	14150240	12965200	13568640	11882220
47	14151250	12966160	13569100	11882520
48	14152490	12967370	13570520	11882330
49	14152410	12967280	13570590	11883150
50	14151880	12966890	13569680	11883470
51	14152720	12967850	13570790	11883890
52	14151580	12967320	13570540	11883580
53	14151740	12967240	13570040	11882910
54	14152100	12967300	13570330	11882000
55	14150950	12966070	13569620	11883960
56	14150810	12966100	13569070	11880680
57	14151000	12966350	13570110	11883710
58	14150830	12966480	13569830	11883260
59	14151110	12966700	13570580	11884500
60	14150300	12965970	13569450	11880420
61	14150220	12965850	13569500	11883950
62	14150970	12966350	13569440	11881120
63	14150350	12965500	13569180	11882240
64	14150870	12966010	13569840	11881540
65	14151400	12966110	13570090	11882680
66	14150650	12965610	13569140	11882810
67	14150340	12965520	13569450	11881920
68	14150700	12965820	13569120	11883110
69	14150780	12965860	13569620	11882060
70	14148730	12964240	13567800	11879920
71	14150430	12965260	13569160	11881810
72	14149830	12964790	13568750	11880660
73	14151120	12965820	13569680	11884310
74	14150030	12964880	13568870	11881080
75	14151270	12965890	13569670	11884460
76	14148910	12964520	13568100	11882370
77	14149460	12965090	13568670	11881140
78	14149830	12965380	13568870	11882940
79	14150350	12965380	13569120	11883730
80	14150110	12965290	13569170	11880590
81	14150130	12964680	13569040	11883130
82	14149380	12964600	13568670	11879970
83	14149600	12965350	13569380	11883430
84	14150250	12965880	13569480	11880840
85	14149420	12964760	13568900	11882030
86	14148850	12964530	13568560	11880460
87	14149750	12965200	13568770	11881860
88	14149490	12965060	13568280	11882190
89	14150690	12965720	13568950	11882390
90	14151130	12966770	13569930	11883870
91	14150970	12966000	13569350	11884090
92	14150450	12965630	13568720	11882850
93	14150000	12964940	13568180	11881580
94	14149320	12964260	13567370	11880230
95	14150490	12965410	13569060	11883990
96	14149900	12964920	13568190	11881260
97	14151140	12965890	13569360	11884250
98	14150560	12965550	13569040	11881860
99	14150710	12965330	13568920	11882120
100	14151020	12965420	13568840	11881250
101	14150250	12964830	13568690	11881480
102	14151420	12966170	13569690	11883310
103	14151780	12966020	13569610	11884150
104	14150770	12965530	13569160	11882480
105	14151470	12966120	13569690	11882190
106	14151170	12966040	13569480	11883130
107	14152670	12967350	13570790	11883670
108	14151430	12966570	13570280	11883320
109	14151780	12966530	13570130	11882310
110	14150290	12965360	13568730	11882420
111	14150480	12965430	13569160	11883410
112	14150750	12965800	13569670	11881260
113	14151030	12965920	13570170	11884450
114	14150980	12966360	13570100	11883060
115	14151360	12966500	13570240	11882650
116	14150640	12965700	13569510	11881230
117	14150090	12965410	13569350	11883400
118	14150180	12965710	13569330	11882580
119	14150890	12965820	13570120	11883940
120	14150270	12965480	13569640	11880640
121	14150130	12965150	13569100	11882040
122	14151100	12966200	13569920	11881750
123	14151570	12966030	13569730	11882430
124	14150370	12965550	13569270	11882400
125	14150630	12965810	13569760	11883530
126	14149910	12965910	13569190	11881090
127	14149640	12965550	13569360	11883200
128	14148890	12964410	13567750	11880690
129	14149830	12965400	13568630	11883210
130	14150070	12965620	13568700	11883000
131	14149230	12964320	13567780	11881170
132	14149320	12964420	13568220	11880610
133	14150770	12965380	13569220	11881760
134	14151000	12965960	13569390	11881300
135	14149950	12965050	13568350	11882640
136	14149500	12964690	13567630	11882240
137	14150950	12965410	13568640	11883650
138	14151190	12965860	13568240	11881310
139	14151160	12965810	13568710	11882230
140	14150130	12965260	13568450	11882540
141	14149950	12964610	13568140	11882910
142	14148810	12963850	13567330	11879400
143	14150000	12964850	13568310	11883010
144	14149460	12964520	13565350	11881650
145	14150320	12964610	13568280	11882600
146	14149930	12964620	13567850	11880360
147	14151080	12965680	13568780	11883860
148	14151030	12965820	13568500	11880970
149	14150130	12964830	13567810	11880900
150	14151180	12966180	13568670	11883060
151	14149450	12964690	13567990	11883010
152	14150210	12965720	13568710	11882550
153	14150210	12964910	13568170	11883260
154	14149060	12964020	13566980	11882110
155	14149600	12964460	13567650	11880920
156	14150910	12965780	13568810	11882850
157	14150160	12964790	13568030	11883010
158	14149030	12963980	13567390	11881590
159	14149520	12964350	13568130	11882980
160	14149320	12964210	13567750	11881970
161	14150790	12965610	13568730	11883680
162	14150250	12965180	13568320	11882220
163	14149950	12964870	13568070	11881770
164	14150040	12965280	13568540	11882520
165	14149770	12964630	13568500	11881370
166	14149210	12964230	13567940	11880280
167	14152320	12966580	13572590	11883340
168	14152160	12966640	13570080	11884260
169	14151070	12965460	13568950	11881900
170	14150680	12965390	13569110	11883220
171	14151460	12966160	13569690	11883990
172	14150800	12965660	13568630	11882790
173	14150710	12965100	13568510	11883780
174	14150300	12965030	13568160	11882840
175	14149230	12964030	13567290	11881180
176	14150040	12964880	13568180	11882260
177	14148470	12963740	13567650	11880120
178	14148290	12969580	13568030	11881750
179	14149300	12964230	13567690	11881910
180	14149410	12964430	13567870	11882180
181	14149370	12964070	13567700	11882430
182	14148830	12963660	13567330	11880280
183	14150120	12964750	13568190	11883170
184	14149950	12964940	13568130	11882180
185	14149840	12965090	13567870	11883620
186	14151100	12966050	13569120	11883210
187	14151190	12965600	13568460	11881950
188	14150150	12965060	13568370	11880740
189	14149860	12964710	13568400	11883200
190	14149740	12964710	13568140	11881060
191	14149690	12964450	13568170	11881330
192	14149430	12964050	13567440	11882390
193	14150940	12965470	13568580	11882030
194	14150480	12965160	13568230	11880780
195	14150510	12965250	13568700	11883810
196	14151410	12965470	13568430	11881470
197	14151670	12966130	13569120	11884200
198	14150950	12965500	13568750	11880780
199	14150760	12965830	13569190	11883790
200	14150350	12965250	13568680	11882170
201	14150200	12964770	13568270	11881100
202	14149720	12964220	13567730	11881630
203	14150260	12964820	13568250	11883240
204	14149980	12964440	13567910	11882080
205	14150420	12965190	13568520	11882790
206	14149520	12964220	13567310	11880190
207	14149570	12964300	13567420	11882570
208	14149470	12964400	13567600	11880340
209	14150230	12964820	13570590	11881290
210	14149250	12964180	13567390	11881680
211	14151590	12966250	13569650	11884500
212	14150130	12964850	13568400	11882550
213	14149890	12964570	13568010	11881720
214	14150180	12964910	13568160	11882480
215	14150320	12964860	13568440	11881870
216	14150330	12966340	13569250	11882020
217	14151100	12965910	13568820	11884360
218	14149790	12965270	13567890	11880880
219	14151130	12966350	13568990	11884580
220	14151020	12966070	13568670	11883080
221	14150850	12965850	13568810	11884070
222	14150530	12965310	13568420	11882350
223	14151440	12966090	13569380	11882030
224	14151580	12966410	13569490	11881530
225	14151440	12966410	13569320	11884770
226	14151440	12966310	13569180	11881880
227	14151690	12966410	13569500	11882540
228	14152040	12966620	13569530	11881640
229	14153000	12966970	13570080	11885250
230	14151000	12965500	13568350	11880760
231	14152730	12966820	13569740	11884890
232	14150970	12965680	13568930	11881130
233	14150540	12964770	13568460	11883190
234	14149590	12964270	13567700	11880230
235	14149560	12965100	13568470	11882070
236	14150680	12964880	13568050	11882860
237	14150660	12964810	13568300	11883610
238	14151130	12965520	13569190	11881200
239	14151310	12966050	13569830	11884050
240	14151690	12966330	13569480	11883790
241	14151710	12966530	13569560	11883390
242	14151290	12965890	13568710	11882070
243	14151060	12965720	13568710	11883960
244	14150600	12965150	13568400	11882770
245	14152140	12966540	13568980	11882840
246	14151200	12965870	13568230	11881120
247	14151940	12966340	13569280	11883830
248	14150790	12965640	13568310	11880890
249	14151560	12966020	13569130	11883980
250	14150980	12965740	13568660	11883340
251	14151330	12966360	13568990	11882460
252	14150900	12965690	13568530	11882560
253	14151530	12966210	13569410	11884010
254	14151210	12965470	13568460	11883110
255	14150930	12965700	13568670	11882030
256	14151360	12965200	13567930	11882750
257	14150050	12964870	13568090	11883930
258	14150340	12964440	13567410	11882300
259	14150750	12965460	13568500	11883230
260	14149890	12964900	13567710	11880030
261	14150620	12965560	13568890	11883620
262	14150420	12965020	13567910	11882470
263	14151510	12965830	13568590	11883510
264	14150110	12964730	13567410	11882070
265	14150570	12965090	13568180	11883090
266	14150600	12965270	13567930	11880650
267	14151870	12966080	13569400	11884730
268	14131230	12965510	13568620	11881850
269	14151180	12965700	13568950	11881960
270	14151170	12965390	13568500	11882950
271	14151530	12965750	13568670	11881690
272	14151370	12965930	13568650	11883210
273	14151050	12965890	13569090	11883560
274	14151430	12966760	13569450	11883680
275	14152020	12966800	13569380	11884370
276	14151840	12967040	13569420	11881200
277	14151290	12966640	13569270	11882030
278	14150500	12965810	13569060	11882640
279	14151800	12966430	13569200	11882820
280	14151060	12965800	13568640	11880930
281	14150160	12965000	13568200	11882020
282	14150820	12965800	13569010	11881550
283	14149590	12964740	13568720	11883740
284	14149520	12964710	13568610	11880520
285	14151030	12965980	13569720	11884070
286	14150140	12965420	13569110	11881630
287	14151100	12966240	13569970	11884110
288	14151380	12965710	13569000	11882870
289	14150280	12965190	13568340	11881780
290	14150630	12965830	13568650	11881280
291	14150800	12965550	13568700	11883640
292	14150900	12965620	13568690	11881220
293	14151340	12965860	13569320	11884130
294	14151820	12966510	13569110	11882010
295	14152200	12967050	13570190	11884190
296	14152080	12966960	13569850	11883810
297	14152170	12966530	13570010	11884370
298	14151450	12966280	13569860	11883480
299	14151020	12965860	13569410	11881960
300	14151310	12966020	13569570	11883510
301	14151860	12966730	13570310	11884730
302	14152040	12967270	13570220	11883400
303	14152670	12967430	13571180	11883620
304	14152290	12967090	13570360	11881390
305	14151710	12966610	13569590	11881820
306	14151610	12966450	13569530	11883030
307	14151160	12966210	13569310	11884030
308	14150750	12965890	13568770	11882380
309	14151750	12966430	13569510	11883740
310	14151870	12966820	13570390	11883380
311	14152950	12967480	13571220	11884730
312	14152540	12967410	13570190	11882000
313	14151980	12966630	13569920	11884360
314	14152210	12967520	13570180	11882390
315	14152990	12967730	13570670	11883430
316	14152330	12967490	13570160	11883540
317	14152840	12967450	13570510	11882700
318	14152100	12966980	13570100	11883430
319	14152700	12967430	13570240	11882980
320	14152680	12967570	13570450	11881990
321	14152800	12967350	13570540	11884650
322	14152260	12967300	13570430	11881790
323	14152660	12967350	13570540	11884210
324	14152050	12966980	13570090	11881930
325	14152460	12967070	13570420	11884570
326	14152410	12966950	13570180	11882080
327	14153430	12967740	13570900	11883730
328	14150450	12965500	13568850	11880510
329	14151130	12965850	13569250	11883730
330	14152150	12966590	13570060	11883890
331	14151920	12966420	13570240	11882900
332	14151360	12966070	13569730	11881420
333	14150460	12965470	13569290	11883680
334	14151530	12965670	13568990	11883720
335	14153750	12967730	13570780	11885260
336	14152540	12966910	13569880	11881580
337	14152700	12967070	13570040	11883130
338	14152530	12967000	13570000	11881830
339	14151410	12966000	13569440	11882540
340	14155530	12966370	13569230	11881890
341	14152810	12967640	13570310	11884750
342	14152460	12966970	13569990	11883860
343	14153530	12968060	13571320	11885730
344	14152890	12967580	13570470	11882490
345	14152500	12966960	13569750	11884540
346	14151800	12966370	13569690	11884100
347	14152230	12966690	13569800	11884670
348	14151520	12966230	13569310	11882070
349	14150790	12965450	13568890	11883390
350	14150740	12966180	13569520	11883240
351	14151840	12966230	13569570	11882800
352	14150780	12965150	13568480	11882900
353	14150830	12965270	13568890	11881920
354	14151500	12965810	13569300	11882880
355	14151140	12965600	13569170	11881100
356	14149920	12964620	13568430	11882470
357	14150640	12965210	13568840	11883450
358	14150480	12965220	13568450	11880820
359	14151260	12965740	13569390	11883800
360	14151530	12966120	13569150	11882940
361	14152240	12966490	13569630	11884120
362	14151780	12966870	13570000	11884010
363	14152560	12966960	13570110	11882900
364	14152130	12966380	13569630	11883680
365	14152350	12966930	13569960	11884990
366	14151500	12966280	13569380	11881790
367	14151380	12965960	13569310	11882310
368	14151490	12966150	13569270	11883170
369	14152370	12966780	13570040	11884520
370	14151330	12965960	13568960	11881660
371	14151140	12965740	13568420	11882170
372	14151460	12966150	13568580	11881080
373	14151130	12965820	13568250	11881590
374	14151300	12966180	13568680	11883490
375	14150290	12964910	13567760	11881160
376	14150220	12964980	13567550	11880380
377	14151490	12965780	13568860	11884130
378	14151210	12965610	13568240	11881170
379	14149760	12964530	13567420	11881480
380	14150800	12965710	13568380	11881040
381	14150820	12965570	13568200	11881380
382	14150880	12965590	13568720	11881380
383	14150390	12965150	13568540	11881240
384	14151260	12965840	13568410	11880750
385	14151110	12965700	13568320	11883260
386	14150750	12965630	13568370	11881070
387	14149980	12965250	13568330	11882720
388	14149600	12964710	13567750	11881900
389	14151040	12965830	13568850	11883470
390	14150640	12965260	13568120	11882210
391	14150370	12965090	13568060	11881750
392	14149600	12964640	13567500	11879950
393	14150760	12965530	13568560	11881770
394	14150680	12965600	13568690	11881290
395	14150970	12965970	13569160	11883930
396	14151480	12966470	13569110	11881380
397	14151250	12966120	13569060	11883670
398	14151020	12965620	13568110	11881170
399	14151260	12966220	13568720	11883820
400	14150060	12965060	13567570	11880580
401	14151580	12966310	13569210	11884280
402	14151490	12965670	13568850	11883610
403	14150280	12964810	13568080	11883060
404	14149900	12964970	13567550	11881000
405	14151580	12966300	13569550	11884650
406	14150170	12964930	13568050	11882220
407	14149240	12963910	13567550	11882900
408	14149400	12964780	13568130	11882480
409	14148270	12963240	13566830	11882560
410	14148990	12963900	13567280	11881770
411	14149420	12964090	13567550	11881420
412	14148710	12963700	13567140	11881910
413	14148620	12963620	13567100	11880510
414	14148420	12963500	13567360	11879870
415	14149050	12964060	13567690	11881610
416	14149560	12964560	13568180	11882910
417	14150430	12965210	13568620	11881400
418	14151310	12966290	13569210	11881180
419	14150840	12965480	13568730	11884030
420	14150390	12965390	13568720	11882900
421	14148990	12963710	13567250	11880510
422	14148540	12963550	13566930	11881140
423	14151120	12965820	13568970	11884280
424	14150360	12965540	13568750	11883330
425	14150740	12965610	13568820	11883730
426	14150850	12965830	13568560	11881060
427	14151490	12966050	13568890	11882400
428	14151830	12966160	13569200	11883270
429	14152170	12966670	13569970	11882610
430	14151510	12966140	13569370	11883300
431	14171800	12967250	13570340	11885260
432	14152450	12967000	13569740	11882310
433	14150540	12965420	13568270	11881640
434	14151180	12965680	13568170	11882590
435	14151770	12966060	13568900	11883970
436	14151930	12966910	13569410	11881690
437	14150830	12965750	13568740	11883760
438	14150500	12965330	13568000	11880790
439	14150940	12965900	13568300	11881610
440	14151710	12967190	13568630	11881220
441	14132000	12966660	13569170	11884160
442	14156010	12967060	13569680	11883800
443	14152430	12967150	13569400	11883010
444	14152130	12966810	13569480	11882030
445	14151780	12966680	13569710	11882670
446	14152560	12967260	13570270	11883930
447	14152500	12966940	13570040	11883990
448	14152660	12966700	13569700	11881240
449	14151770	12966410	13569550	11881810
450	14151940	12966540	13569450	11883090
451	14152670	12966700	13570010	11884650
452	14153160	12967310	13570180	11884260
453	14152310	12966600	13569690	11883210
454	14151290	12965750	13568910	11883100
455	14152080	12966490	13569480	11884690
456	14153160	12967880	13570180	11882700
457	14151580	12966130	13569190	11882420
458	14152090	12966470	13569380	11883400
459	14152490	12966920	13569950	11882800
460	14152900	12966990	13570210	11884550
461	14152570	12966660	13569840	11884560
462	14152770	12967100	13570360	11882840
463	14152610	12967900	13570850	11883690
464	14152900	12967060	13569990	11884510
465	14152730	12966860	13569870	11885280
466	14152560	12966730	13569550	11884290
467	14151840	12965970	13569060	11884060
468	14151500	12965830	13568410	11881810
469	14151830	12966230	13569170	11884220
470	14152160	12966440	13569230	11884060
471	14152770	12966940	13570170	11884680
472	14151920	12966400	13569430	11883060
473	14152890	12966990	13570180	11884620
474	14151810	12966060	13568990	11881600
475	14152310	12966300	13569610	11883930
476	14151910	12966130	13568770	11882930
477	14152360	12966350	13569300	11883980
478	14152090	12966200	13569030	11881230
479	14153140	12966880	13569770	11884250
480	14153170	12967290	13569320	11883580
481	14152770	12966690	13569280	11883120
482	14152680	12966840	13569390	11881810
483	14154240	12968230	13570890	11885470
484	14152560	12966780	13569480	11883890
485	14153620	12967710	13570270	11884170
486	14153140	12967410	13570190	11884390
487	14153270	12967100	13570230	11885140
488	14152980	12966980	13570280	11884330
489	14152980	12967080	13570090	11882970
490	14151900	12966290	13568650	11883270
491	14151860	12965890	13568630	11883720
492	14151780	12966060	13568690	11883350
493	14150610	12965090	13568060	11882980
494	14150850	12965260	13567960	11880590
495	14152660	12966900	13569750	11883180
496	14151820	12966660	13569270	11884200
497	14151750	12966590	13569580	11884270
498	14151050	12966370	13568810	11881060
499	14151560	12966090	13569100	11883860

============================================================
# BITSTREAM: 100ms_101etapas.bit
# VENTANA: 100ms
# ETAPAS_PRINCIPAL: 101
# NUM_MUESTRAS: 500
# FORMATO: idx	freq1_hz	freq2_hz	freq3_hz	freq4_hz
============================================================
idx	freq1_hz	freq2_hz	freq3_hz	freq4_hz
0	10083120	9304640	9804040	9804040
1	10083290	9304680	9804310	9804310
2	10082550	9304110	9803810	9803810
3	10083270	9304570	9804380	9804380
4	10083530	9304670	9804640	9804630
5	10083450	9304710	9804820	9804830
6	10082580	9303910	9803740	9803740
7	10083060	9304140	9803740	9804450
8	10083170	9304480	9804060	9804060
9	10083530	9304730	9804390	9804390
10	10083690	9304850	9804550	9804550
11	10083060	9304300	9804340	9804340
12	10081760	9303350	9803270	9803270
13	10082610	9303870	9804150	9804150
14	10082830	9304060	9804290	9804290
15	10083360	9304530	9804810	9804810
16	10083720	9305050	9804820	9804820
17	10084310	9305530	9805330	9805330
18	10084100	9305360	9805060	9805010
19	10084440	9305580	9805330	9805320
20	10084840	9305870	9805440	9805450
21	10084510	9305490	9805320	9805320
22	10084650	9305760	9805510	9805480
23	10085070	9305970	9805970	9805970
24	10084740	9305720	9805060	9805060
25	10084280	9305420	9805500	9805490
26	10084490	9305530	9805610	9805610
27	10084700	9305520	9805790	9805800
28	10084400	9305290	9805510	9805510
29	10084670	9305360	9805910	9805910
30	10084370	9305270	9805090	9805090
31	10083730	9304770	9805140	9805140
32	10083970	9305170	9805310	9805310
33	10084320	9305540	9805680	9805680
34	10083520	9304860	9805130	9805130
35	10083570	9304680	9804750	9804740
36	10084420	9305160	9805530	9805540
37	10083930	9304660	9805310	9805310
38	10084540	9305280	9805490	9805490
39	10083800	9304770	9805210	9805210
40	10083500	9304660	9805210	9804830
41	10083360	9304940	9805090	9805090
42	10083480	9304830	9804730	9804730
43	10083790	9304810	9805150	9805150
44	10084160	9305350	9805060	9805060
45	10082770	9303910	9804340	9804340
46	10083010	9304450	9804710	9804710
47	10083980	9304980	9805210	9805210
48	10083410	9304450	9804260	9804260
49	10084010	9304690	9804720	9804720
50	10083620	9304810	9804950	9804940
51	10083230	9304640	9804530	9804540
52	10083480	9304890	9804840	9804840
53	10082720	9304020	9803940	9803940
54	10083190	9304580	9804270	9804260
55	10083230	9304600	9804310	9804310
56	10083430	9304610	9804400	9804400
57	10083190	9304620	9804430	9804430
58	10083540	9304790	9804430	9804430
59	10083120	9304830	9804300	9804300
60	10083310	9304890	9804060	9804060
61	10083700	9304850	9804680	9804680
62	10083460	9304950	9804300	9804300
63	10083460	9304730	9804370	9804370
64	10083040	9304490	9803630	9803630
65	10083720	9305050	9804290	9804290
66	10083840	9305030	9804360	9804350
67	10083060	9304500	9804230	9804240
68	10083660	9304750	9804240	9804240
69	10082900	9304030	9803660	9803660
70	10082890	9304190	9803880	9803880
71	10083220	9304230	9803890	9803890
72	10082710	9303990	9803790	9803790
73	10082880	9304240	9803890	9803890
74	10082350	9303790	9803390	9803390
75	10083210	9304460	9804460	9804460
76	10083150	9304370	9804590	9804590
77	10083380	9304570	9804780	9804780
78	10083190	9304780	9804660	9804660
79	10083010	9304480	9804190	9804190
80	10082210	9303970	9803370	9803370
81	10082230	9304040	9803550	9803550
82	10082960	9304710	9804180	9804160
83	10083540	9305350	9804630	9804630
84	10082990	9304620	9804240	9804230
85	10082930	9304580	9804030	9804040
86	10082850	9304410	9803720	9803720
87	10082840	9304350	9804140	9804140
88	10082630	9304240	9803710	9803710
89	10081750	9303320	9803260	9803260
90	10081700	9303240	9802980	9802980
91	10082240	9303810	9803380	9803380
92	10082930	9304690	9804360	9804360
93	10082770	9304860	9804540	9804540
94	10082820	9304960	9804440	9804440
95	10082830	9304510	9804020	9804020
96	10082610	9304710	9803540	9803540
97	10082540	9304670	9804010	9804010
98	10082150	9304210	9803270	9803270
99	10082820	9304780	9804180	9804180
100	10082450	9304510	9803630	9803630
101	10081850	9303750	9803040	9803040
102	10082110	9304010	9803000	9802960
103	10082230	9303640	9803010	9803010
104	10081850	9303520	9802870	9802870
105	10082210	9304030	9803330	9803330
106	10081930	9303950	9803140	9803130
107	10082380	9304160	9803360	9803370
108	10082270	9303950	9803430	9803420
109	10082220	9303750	9803310	9803320
110	10082200	9303880	9803060	9803060
111	10081920	9303560	9802930	9802930
112	10082320	9304140	9803000	9803000
113	10081470	9303270	9802800	9802790
114	10080730	9302860	9802060	9802070
115	10081770	9303540	9802660	9802660
116	10081820	9303760	9803050	9803050
117	10081100	9302850	9802290	9802290
118	10080760	9302820	9802230	9802230
119	10081590	9303230	9802750	9802750
120	10081750	9303570	9802970	9802970
121	10082000	9303550	9802670	9802670
122	10081500	9303290	9802790	9802790
123	10082330	9303870	9803460	9803460
124	10082200	9303620	9803460	9803460
125	10082240	9303770	9803750	9803740
126	10082180	9303700	9803560	9803570
127	10082240	9303960	9803120	9803440
128	10082320	9304230	9803740	9803740
129	10083090	9304710	9804440	9804440
130	10082440	9304310	9803760	9803760
131	10082780	9304370	9804070	9804070
132	10083270	9304920	9804190	9804190
133	10083300	9304830	9804150	9804150
134	10082460	9303870	9803080	9803080
135	10082130	9303660	9803040	9803040
136	10082230	9303880	9803260	9803260
137	10082410	9303920	9803590	9803590
138	10081960	9303300	9803230	9803230
139	10082280	9303850	9803330	9803330
140	10082090	9303790	9803240	9803240
141	10082400	9304120	9803220	9803220
142	10082330	9304110	9803170	9803060
143	10082610	9303950	9803310	9803310
144	10082070	9303630	9802790	9802790
145	10082430	9303850	9803220	9803220
146	10082200	9303850	9802860	9802860
147	10081780	9303230	9802860	9802820
148	10081600	9303390	9802690	9802690
149	10082590	9304170	9803650	9803650
150	10082410	9304090	9803470	9803470
151	10082910	9304210	9803640	9803640
152	10081990	9303530	9802780	9802780
153	10081780	9303380	9802790	9802790
154	10081170	9302820	9802330	9802330
155	10081410	9302900	9802700	9802700
156	10081330	9302860	9802650	9802650
157	10081440	9302970	9802880	9802880
158	10081630	9303420	9802500	9802500
159	10081470	9303310	9802770	9802770
160	10081440	9302890	9802380	9802380
161	10081250	9302870	9802690	9802690
162	10080750	9302430	9801880	9801880
163	10081750	9303200	9802970	9802970
164	10081670	9303620	9802760	9802760
165	10081440	9303090	9802680	9802680
166	10081000	9302980	9802230	9802230
167	10082080	9303800	9803100	9803090
168	10081340	9303040	9802670	9802680
169	10081720	9303310	9802810	9802810
170	10081180	9302880	9802250	9802250
171	10081260	9303080	9802230	9802230
172	10081850	9303580	9802740	9802730
173	10081860	9303430	9802990	9803000
174	10081210	9303080	9802180	9802180
175	10082160	9303760	9802920	9802920
176	10082310	9303900	9802650	9802650
177	10082250	9303730	9803280	9803240
178	10081990	9303810	9803080	9803080
179	10082570	9304030	9803500	9803490
180	10082300	9303940	9803250	9803260
181	10082420	9304180	9803280	9803280
182	10082580	9304240	9803260	9803260
183	10082790	9304340	9803570	9803570
184	10081460	9303200	9802500	9802500
185	10081610	9303180	9802590	9802590
186	10082960	9304390	9803430	9803430
187	10083260	9304670	9803900	9803900
188	10082590	9304060	9803080	9803080
189	10082570	9304110	9803200	9803200
190	10081920	9303600	9802500	9802500
191	10081930	9303630	9802830	9802830
192	10082210	9303490	9802880	9802880
193	10081900	9303400	9802920	9802920
194	10081860	9303360	9802850	9802850
195	10082930	9304310	9804110	9804110
196	10083430	9304940	9804160	9804160
197	10082950	9304720	9803790	9803790
198	10082130	9303930	9803290	9803290
199	10082250	9303910	9803060	9803050
200	10082690	9304080	9803290	9803300
201	10082660	9304180	9803860	9803860
202	10082790	9304430	9803780	9803780
203	10082530	9304260	9803340	9803340
204	10081880	9303980	9803090	9803090
205	10081970	9303880	9803050	9803050
206	10082020	9303710	9803150	9803130
207	10081080	9302850	9802210	9802210
208	10080600	9302440	9801790	9801790
209	10081130	9302740	9802250	9802250
210	10080390	9302180	9802000	9801990
211	10080980	9302750	9802520	9802530
212	10080980	9302440	9802640	9802640
213	10080620	9302190	9801990	9801990
214	10080270	9301830	9801380	9801370
215	10080270	9302120	9800980	9800990
216	10080390	9302350	9801900	9801900
217	10081600	9303100	9802560	9802560
218	10081520	9303420	9802870	9802870
219	10081510	9303260	9802990	9802990
220	10081320	9303140	9802480	9802480
221	10081110	9302610	9802490	9802490
222	10080910	9302640	9802180	9802180
223	10080840	9302530	9802070	9802020
224	10081290	9302850	9802240	9802250
225	10080330	9302190	9801770	9801770
226	10080840	9302610	9801940	9801940
227	10082170	9303620	9802960	9802960
228	10081440	9303150	9802490	9802490
229	10081570	9303000	9802870	9802870
230	10081260	9302720	9802270	9802270
231	10080950	9302420	9802190	9802190
232	10081130	9302620	9802220	9802220
233	10081590	9303020	9802830	9802830
234	10081800	9303470	9803050	9803050
235	10081800	9303450	9802990	9802990
236	10082340	9304250	9803580	9803580
237	10082350	9303810	9803760	9803760
238	10082380	9303890	9803640	9803640
239	10081970	9303770	9803330	9803330
240	10081460	9303140	9802860	9802860
241	10080720	9302480	9802340	9802340
242	10081650	9303490	9803060	9803060
243	10082230	9303790	9803400	9803400
244	10081510	9303260	9802860	9802860
245	10081860	9303500	9803130	9803130
246	10082460	9303760	9803310	9803310
247	10082010	9303470	9803220	9803210
248	10081190	9302800	9802220	9802230
249	10081550	9303070	9802430	9802430
250	10081500	9302720	9802650	9802650
251	10080720	9302310	9802530	9802530
252	10081180	9302850	9802560	9802560
253	10081020	9302890	9802740	9802740
254	10082000	9303530	9803340	9803340
255	10081900	9303330	9803420	9803420
256	10081780	9303250	9803440	9803440
257	10081930	9303280	9803800	9803800
258	10082030	9303690	9803780	9803780
259	10081590	9302980	9802970	9802970
260	10081890	9303350	9803190	9803190
261	10082210	9303680	9803740	9803740
262	10082270	9303730	9803970	9803970
263	10082060	9303620	9803070	9803170
264	10082230	9303790	9803580	9803580
265	10082050	9303550	9803710	9803710
266	10081710	9302980	9803430	9803430
267	10081820	9302890	9803410	9803410
268	10081790	9303240	9803170	9803170
269	10082870	9304180	9804140	9804140
270	10082770	9304060	9804020	9804020
271	10082250	9303430	9803350	9803350
272	10082240	9303590	9803400	9803400
273	10081700	9303020	9803430	9803430
274	10081930	9303090	9803590	9803590
275	10081790	9303330	9803450	9803510
276	10081730	9303330	9803160	9803160
277	10081250	9302790	9802980	9802980
278	10081330	9302550	9802720	9802720
279	10081980	9303490	9803760	9803760
280	10081460	9303090	9803120	9803120
281	10081850	9302880	9803220	9803220
282	10082000	9303090	9803220	9803220
283	10082500	9303680	9803720	9803720
284	10081990	9303290	9803660	9803660
285	10082110	9303630	9803970	9803980
286	10082700	9304250	9803580	9803580
287	10082440	9303910	9803770	9803770
288	10082580	9304080	9804100	9804100
289	10082160	9303550	9803590	9803590
290	10081900	9303190	9803100	9803110
291	10081730	9302940	9802770	9802780
292	10081860	9303370	9802850	9802850
293	10082480	9303910	9803980	9803980
294	10081910	9303150	9803300	9803290
295	10081410	9302880	9803040	9803050
296	10081680	9303490	9803110	9803110
297	10081330	9303040	9802820	9802820
298	10081660	9303250	9803030	9803030
299	10082000	9303420	9803320	9803320
300	10082260	9304150	9803770	9803770
301	10081980	9303590	9803700	9803700
302	10082160	9303720	9803790	9803790
303	10082140	9303700	9803650	9803650
304	10081350	9303040	9803130	9803130
305	10081800	9303630	9803700	9803700
306	10081650	9303330	9803500	9803500
307	10081670	9303430	9803600	9803600
308	10081760	9303320	9803280	9803280
309	10080620	9302320	9802520	9802520
310	10080790	9302250	9802460	9802450
311	10081030	9302600	9802810	9802820
312	10081490	9303050	9802800	9802800
313	10082240	9304030	9803820	9803820
314	10081300	9303110	9802460	9802460
315	10081040	9302880	9802820	9802820
316	10080070	9302060	9801700	9801700
317	10080660	9302540	9802040	9802040
318	10081290	9303090	9803030	9803030
319	10081480	9303070	9802970	9802970
320	10081090	9302720	9802020	9802020
321	10080610	9302000	9802160	9802160
322	10081170	9302630	9802400	9802400
323	10081080	9302170	9802580	9802570
324	10081370	9302680	9802940	9802940
325	10081250	9302450	9802780	9802790
326	10080700	9302220	9802290	9802290
327	10080090	9301550	9802050	9802050
328	10080370	9301880	9802130	9802130
329	10080210	9301730	9801590	9801590
330	10080850	9302300	9802220	9802220
331	10081470	9297930	9803110	9803100
332	10081780	9303490	9803150	9803160
333	10081840	9303290	9802570	9802570
334	10080980	9302850	9802210	9802210
335	10081080	9302640	9802160	9802160
336	10081100	9302500	9802090	9802090
337	10081430	9302730	9802660	9802660
338	10080700	9302410	9802250	9802250
339	10080480	9301830	9801610	9801610
340	10080800	9302020	9801200	9801200
341	10080640	9302120	9801460	9801460
342	10080100	9301960	9800960	9800980
343	10080210	9301990	9801650	9801650
344	10079810	9301690	9800770	9800770
345	10080080	9301800	9801090	9801090
346	10079900	9301700	9800610	9800610
347	10080360	9302020	9801480	9801480
348	10080450	9302130	9802130	9802130
349	10079930	9301480	9801490	9801490
350	10080740	9302130	9801820	9801820
351	10081200	9302560	9802520	9802520
352	10080670	9302040	9802330	9802330
353	10081060	9302350	9802550	9802550
354	10080790	9302010	9802220	9802220
355	10081300	9302340	9802450	9802450
356	10081390	9302760	9802860	9802860
357	10082370	9303550	9803620	9803620
358	10081390	9302770	9802630	9802630
359	10081400	9302950	9803170	9803170
360	10081320	9302980	9802700	9802700
361	10082010	9303460	9803480	9803480
362	10081970	9303370	9803450	9803450
363	10082510	9303630	9804020	9804020
364	10082080	9303340	9803500	9803500
365	10082360	9303540	9804150	9804150
366	10082560	9303750	9804140	9803800
367	10082350	9303630	9803730	9803730
368	10081530	9302790	9803180	9803180
369	10081580	9303000	9803000	9803000
370	10081220	9302630	9802560	9802560
371	10081330	9302450	9803000	9803000
372	10081610	9302690	9803100	9803100
373	10082170	9303360	9803810	9803810
374	10082300	9303570	9803730	9803730
375	10081770	9303010	9803490	9803490
376	10082540	9303880	9803920	9803920
377	10082020	9303370	9803400	9803400
378	10081720	9302900	9803210	9803200
379	10081920	9302900	9803010	9803020
380	10081440	9302520	9803000	9803000
381	10081570	9302640	9802920	9802920
382	10081380	9302930	9802540	9802530
383	10081890	9303350	9803160	9803170
384	10081490	9302970	9802540	9802540
385	10081670	9303150	9803150	9803150
386	10081260	9302930	9802870	9802870
387	10081440	9303040	9803200	9802710
388	10081500	9303170	9803030	9803030
389	10080730	9302260	9802550	9802550
390	10079720	9301250	9801830	9801830
391	10080760	9302060	9802380	9802380
392	10080820	9302190	9802700	9802700
393	10081040	9302590	9802740	9802740
394	10080800	9302410	9802480	9802480
395	10081100	9302330	9802850	9802850
396	10080210	9301810	9801930	9801930
397	10079950	9301840	9802170	9802170
398	10080470	9302420	9802280	9802280
399	10079410	9301120	9801840	9801840
400	10080040	9301620	9801920	9801920
401	10080710	9302240	9802130	9802130
402	10080680	9302280	9802060	9802060
403	10080800	9302510	9802310	9802310
404	10080660	9302540	9802190	9802190
405	10081800	9303260	9802890	9802890
406	10080920	9302240	9800330	9802200
407	10080890	9302220	9801870	9801870
408	10081810	9303030	9802720	9802720
409	10081160	9302630	9802630	9802630
410	10080690	9302540	9802430	9802430
411	10081140	9302840	9803080	9803080
412	10081240	9303220	9803230	9803270
413	10081280	9302900	9802960	9802960
414	10081020	9302790	9802670	9802670
415	10080820	9302510	9802780	9802780
416	10080790	9302490	9802480	9802480
417	10081010	9302170	9802700	9802700
418	10080680	9302060	9802240	9802240
419	10080550	9301910	9802450	9802450
420	10080710	9302030	9802150	9802150
421	10081280	9302160	9802580	9802580
422	10081400	9302910	9803190	9803190
423	10081800	9302980	9803370	9803370
424	10082520	9303660	9804080	9804080
425	10082290	9303550	9804320	9804320
426	10081310	9302750	9803350	9803340
427	10082450	9303490	9804420	9804420
428	10082410	9303750	9804030	9804030
429	10082410	9303830	9803690	9803700
430	10082190	9303360	9803710	9803700
431	10082740	9303690	9804520	9804530
432	10082530	9303720	9804170	9804170
433	10081930	9303310	9803530	9803530
434	10081790	9303200	9803370	9803370
435	10081570	9302910	9803240	9803240
436	10081750	9302950	9803110	9803100
437	10081680	9303160	9803440	9803450
438	10082350	9303750	9804040	9804040
439	10082260	9303760	9803880	9803880
440	10082300	9303870	9803990	9803990
441	10081830	9303070	9803580	9803580
442	10081230	9303410	9803350	9803350
443	10081380	9303300	9803590	9803590
444	10081950	9303790	9803840	9803840
445	10081350	9303050	9804010	9802850
446	10082570	9303900	9803650	9803650
447	10082270	9303690	9803780	9803780
448	10081680	9302900	9803030	9803030
449	10082150	9303490	9803600	9803600
450	10082290	9303810	9803590	9803580
451	10082370	9303700	9803690	9803700
452	10081460	9302980	9802920	9802920
453	10081180	9302870	9802680	9802680
454	10080740	9302420	9802690	9802690
455	10080810	9302430	9802580	9802580
456	10080820	9302260	9802370	9802370
457	10080600	9301850	9802340	9802340
458	10080820	9302500	9802450	9802450
459	10080840	9302300	9802720	9802720
460	10081470	9302770	9803270	9803270
461	10081060	9302360	9802860	9802860
462	10080750	9302080	9802230	9802220
463	10080650	9302010	9802170	9802180
464	10080400	9301890	9801800	9801800
465	10079770	9301520	9801910	9801900
466	10080450	9302070	9802280	9802290
467	10080550	9302160	9802540	9802530
468	10080650	9302100	9802320	9802330
469	10080240	9301770	9802230	9802230
470	10081390	9302620	9802520	9802520
471	10081160	9302550	9802540	9802540
472	10081730	9303060	9803060	9803060
473	10081940	9303260	9803320	9803320
474	10081450	9302600	9803040	9803040
475	10081190	9302320	9802240	9802700
476	10080490	9302030	9802020	9802020
477	10081150	9302380	9802830	9802830
478	10080480	9301790	9801990	9801990
479	10080560	9301870	9802310	9802310
480	10080170	9301670	9802000	9802000
481	10080830	9302010	9802710	9802710
482	10080780	9301840	9802600	9802600
483	10080520	9301810	9802130	9802130
484	10080970	9302260	9802160	9802160
485	10081120	9302360	9802170	9802160
486	10081980	9303240	9802870	9802880
487	10082840	9304240	9804110	9804110
488	10082060	9302910	9803160	9803160
489	10081110	9302140	9802610	9802610
490	10080610	9301620	9802070	9802070
491	10081250	9302060	9802500	9802500
492	10080920	9302300	9802300	9802300
493	10080460	9301960	9802030	9802030
494	10081090	9302230	9802200	9802200
495	10081710	9303060	9803280	9802870
496	10080370	9301930	9802000	9802010
497	10080720	9302160	9802360	9802360
498	10081750	9303160	9803180	9803180
499	10081630	9302910	9803280	9803280

============================================================
# BITSTREAM: 10ms_3etapas.bit
# VENTANA: 10ms
# ETAPAS_PRINCIPAL: 3
# NUM_MUESTRAS: 500
# FORMATO: idx	freq1_hz	freq2_hz	freq3_hz	freq4_hz
============================================================
idx	freq1_hz	freq2_hz	freq3_hz	freq4_hz
0	34012800	34012800	34972900	34973000
1	34010400	34010400	34971000	34970900
2	34011400	34011400	34972600	34972600
3	34013800	34013800	34974500	34974500
4	34014100	34014100	34974000	34974000
5	34012800	34012800	34973400	34973400
6	34013600	34013600	34976700	34976700
7	34016700	34016700	34978100	34978100
8	34016700	34016700	34977600	34977600
9	34013200	34013300	34975700	34975700
10	34014400	34014300	34976200	34976200
11	34013000	34013000	34975100	34975100
12	34014700	34014700	34976600	34976600
13	34012400	34012400	34975800	34975800
14	34016500	34016500	34979100	34979200
15	34014300	34014400	34977900	34977800
16	34015800	34015800	34977800	34977800
17	34016500	34016400	34977900	34977900
18	34016900	34016900	34979200	34979300
19	34013400	34013400	34974700	34974600
20	34016600	34016600	34977500	34977500
21	34018200	34018200	34978500	34978500
22	34015800	34015800	34975000	34975000
23	34013700	34013700	34975400	34975400
24	34011400	34011400	34973300	34973300
25	34012900	34012900	34975000	34975000
26	34010900	34010900	34972500	34972500
27	34010300	34010300	34969700	34969700
28	34012700	34012700	34973300	34973300
29	34013100	34013100	34972700	34972700
30	34013300	34013400	34972300	34972300
31	34012100	34012100	34973000	34973000
32	34013600	34013500	34974100	34974100
33	34010100	34010100	34971700	34971700
34	34013000	34013000	34974800	34974800
35	34011700	34011700	34972000	34972000
36	34007900	34007900	34969900	34969900
37	34009300	34009300	34970700	34970700
38	34011300	34011300	34971000	34971000
39	34008500	34008500	34969700	34969700
40	34011500	34011500	34972400	34972500
41	34013700	34013700	34974100	34974000
42	34010500	34010500	34972100	34972100
43	34011100	34011100	34972300	34972300
44	34011300	34011400	34971200	34971200
45	34010100	34010100	34971700	34971700
46	34007200	34007100	34970800	34970800
47	34007600	34007600	34970300	34970200
48	34011500	34011500	34973200	34973300
49	34010700	34010700	34972700	34972700
50	34015200	34015200	34977100	34977100
51	34013400	34013400	34976000	34976000
52	34015100	34015100	34977700	34977800
53	34014600	34014600	34976300	34976200
54	34012800	34012900	34975400	34975400
55	34010300	34010200	34973000	34973000
56	34010200	34010200	34970800	34970800
57	34013100	34013100	34973800	34973800
58	34012600	34012600	34973200	34973200
59	34010700	34010700	34973400	34973400
60	34012800	34012800	34973800	34973800
61	34011700	34011700	34973200	34973200
62	34010800	34010900	34973700	34973700
63	34010800	34010700	34974100	34974100
64	34010400	34010400	34972800	34972800
65	34010600	34010600	34974700	34974700
66	34011600	34011600	34973900	34973900
67	34011500	34011500	34974600	34974600
68	34007700	34007700	34971700	34971700
69	34007600	34007600	34971500	34971500
70	34006800	34006800	34969600	34969600
71	34007900	34008000	34970100	34970100
72	34009300	34009200	34971300	34971300
73	34011000	34011000	34974600	34974600
74	34005800	34005800	34969300	34969300
75	34003900	34004000	34969200	34969200
76	34005900	34005800	34967800	34967800
77	34008400	34008400	34970800	34970800
78	34009800	34009800	34971200	34971200
79	34011000	34011000	34971900	34971900
80	34011800	34011800	34972000	34972000
81	34011900	34011900	34972500	34972500
82	34010600	34010600	34971200	34971200
83	34008400	34008400	34969200	34969200
84	34009500	34009500	34971400	34971400
85	34010500	34010600	34972200	34972200
86	34010800	34010700	34972200	34972200
87	34008400	34008400	34970900	34970900
88	34007900	34007900	34971500	34971500
89	34009900	34010000	34973400	34973400
90	34012100	34012000	34974600	34974600
91	34010000	34010000	34974400	34974400
92	34010800	34010800	34973900	34973900
93	34012200	34012300	34975500	34975500
94	34011200	34011100	34974800	34974800
95	34012000	34012100	34974200	34974200
96	34011300	34011200	34974800	34974800
97	34009100	34009100	34972400	34972400
98	34010200	34010200	34972000	34972000
99	34011800	34011800	34972900	34972900
100	34009000	34009000	34972100	34972100
101	34010600	34010600	34973600	34973600
102	34006200	34006300	34971300	34971300
103	34004700	34004600	34968800	34968800
104	34005700	34005700	34970000	34970000
105	34006900	34007000	34969800	34969800
106	34006300	34006300	34970400	34970400
107	34006700	34006600	34972200	34972200
108	34005900	34005900	34970800	34970800
109	34007600	34007600	34971200	34971200
110	34011000	34011000	34974400	34974400
111	34008700	34008700	34973600	34973600
112	34008700	34008800	34975000	34975000
113	34011000	34010900	34975700	34975700
114	34008300	34008300	34973900	34973900
115	34006900	34006900	34973500	34973500
116	34010600	34010600	34975000	34975000
117	34012900	34012900	34976800	34976900
118	34008400	34008400	34973100	34973000
119	34007900	34008000	34972600	34972600
120	34008600	34008600	34971400	34971400
121	34010500	34010400	34973000	34973000
122	34010300	34010300	34973600	34973600
123	34011800	34011800	34975100	34975100
124	34009200	34009200	34970600	34970600
125	34007800	34007800	34969600	34969600
126	34007500	34007500	34970000	34970000
127	34011600	34011600	34974100	34974100
128	34011800	34011800	34974300	34974400
129	34007500	34007500	34970100	34970000
130	34010700	34010700	34973000	34973000
131	34009800	34009800	34974000	34974000
132	34010600	34010600	34975200	34975200
133	34009900	34009900	34972600	34972600
134	34009800	34009800	34974300	34974300
135	34011000	34011000	34974900	34975000
136	34015300	34015400	34977200	34977100
137	34015200	34015100	34977500	34977500
138	34013100	34013100	34976100	34976100
139	34013100	34013100	34977100	34977100
140	34010500	34010500	34975000	34975000
141	34007600	34007600	34972900	34972900
142	34007600	34007700	34974200	34974200
143	34009700	34009600	34974400	34974400
144	34010200	34010200	34973300	34973300
145	34008600	34008600	34972900	34972900
146	34007700	34007700	34973700	34973700
147	34009700	34009700	34975000	34975000
148	34013800	34013800	34978000	34978000
149	34011200	34011200	34975900	34976000
150	34008700	34008700	34972300	34972200
151	34009700	34009800	34972200	34972200
152	34006400	34006400	34971100	34971100
153	34005900	34005800	34972400	34972400
154	34010100	34010100	34973300	34973300
155	34010400	34010400	34972200	34972200
156	34011200	34011200	34973000	34973000
157	34012500	34012500	34974400	34974400
158	34010200	34010200	34973500	34973500
159	34012700	34012700	34974400	34974400
160	34012700	34012800	34974700	34974700
161	34013900	34013800	34976700	34976700
162	34009200	34009300	34973200	34973200
163	34011500	34011500	34976200	34976100
164	34014400	34014300	34976800	34976900
165	34015300	34015300	34976500	34976600
166	34016300	34016300	34978400	34978300
167	34018000	34018000	34978800	34978800
168	34016200	34016300	34980600	34980600
169	34015900	34015800	34979600	34979600
170	34017800	34017900	34980900	34980900
171	34016400	34016400	34979200	34979200
172	34016400	34016300	34979200	34979200
173	34014600	34014600	34978700	34978800
174	34013200	34013200	34977000	34976900
175	34015600	34015600	34978400	34978400
176	34010100	34010100	34974000	34974000
177	34011300	34011300	34976800	34976800
178	34012800	34012800	34977400	34977400
179	34014000	34014000	34977700	34977700
180	34013300	34013300	34977100	34977100
181	34009900	34009900	34974000	34974000
182	34009400	34009400	34972500	34972500
183	34011300	34011300	34973900	34973900
184	34013800	34013800	34976100	34976100
185	34013400	34013400	34977500	34977500
186	34013500	34013500	34978700	34978700
187	34013400	34013400	34976900	34977000
188	34015300	34015300	34978900	34978800
189	34012200	34012200	34976200	34976200
190	34012400	34012400	34977500	34977500
191	34011700	34011700	34976500	34976500
192	34011200	34011300	34975200	34975200
193	34014000	34014000	34978400	34978400
194	34011700	34011600	34975400	34975400
195	34013700	34013700	34976600	34976600
196	34014500	34014500	34977100	34977100
197	34011800	34011800	34975900	34975900
198	34011800	34011800	34977100	34977100
199	34011800	34011900	34976900	34976900
200	34009800	34009800	34973500	34973500
201	34009100	34009000	34971600	34971600
202	34009400	34009400	34972000	34972000
203	34012100	34012200	34975500	34975500
204	34012700	34012700	34974800	34974800
205	34012900	34012800	34975300	34975300
206	34012200	34012300	34976300	34976300
207	34009500	34009400	34972400	34972400
208	34010700	34010700	34972100	34972100
209	34010800	34010900	34972100	34972100
210	34011200	34011100	34974200	34974200
211	34008300	34008300	34972800	34973400
212	34009900	34009900	34975000	34975000
213	34007300	34007300	34972000	34975200
214	34008200	34008300	34972000	34972000
215	34008800	34008800	34973600	34973600
216	34008000	34008000	34974200	34974200
217	34005900	34005900	34972500	34972500
218	34005700	34005600	34972700	34972700
219	34005700	34005700	34973400	34973400
220	34003900	34003900	34970900	34970900
221	34005500	34005500	34973800	34973800
222	34007200	34007200	34973200	34973200
223	34002600	34002600	34967800	34967800
224	34003900	34003900	34967000	34967000
225	34006600	34006600	34968200	34968200
226	34008500	34008500	34972000	34972000
227	34007500	34007500	34970600	34970600
228	34006400	34006400	34969400	34969400
229	34010900	34010900	34972700	34972700
230	34009300	34009300	34971800	34971800
231	34006800	34006800	34968900	34968900
232	34006700	34006800	34969300	34969300
233	34005100	34005000	34968100	34968100
234	34008400	34008500	34971000	34971000
235	34010000	34010000	34972600	34972600
236	34012700	34012600	34975400	34975400
237	34008100	34008100	34971100	34971100
238	34008700	34008700	34971800	34971800
239	34009900	34009900	34973600	34973700
240	34011100	34011100	34973300	34973200
241	34012200	34012300	34974700	34975100
242	34012000	34011900	34975300	34975300
243	34010000	34010000	34972100	34972100
244	34009500	34009500	34972600	34972600
245	34011000	34011000	34973300	34973300
246	34012500	34012600	34975000	34975000
247	34013900	34013800	34976900	34976900
248	34012500	34012500	34975200	34975200
249	34012700	34012700	34974900	34974900
250	34009800	34009800	34972300	34972300
251	34007400	34007400	34971000	34971000
252	34008900	34008900	34972600	34972600
253	34005500	34005500	34969500	34969500
254	34007300	34007300	34970800	34970800
255	34004400	34004400	34968000	34968100
256	34005000	34005000	34969000	34968900
257	34007300	34007300	34971200	34971200
258	34008200	34008300	34973300	34973300
259	34008600	34008600	34973600	34973600
260	34004600	34004600	34969600	34969600
261	34004300	34004200	34967800	34967800
262	34007700	34007800	34970400	34970400
263	34008600	34008600	34972600	34972600
264	34010900	34010800	34974500	34974500
265	34010300	34010300	34973900	34973900
266	34008700	34008700	34973000	34973000
267	34008500	34008500	34972800	34972800
268	34007100	34007100	34971600	34971600
269	34006800	34006800	34970200	34970200
270	34009600	34009600	34974300	34974300
271	34006400	34006400	34970900	34970900
272	34007700	34007700	34971300	34971300
273	34007400	34007400	34971000	34971000
274	34009100	34009100	34972900	34972900
275	34013200	34013200	34975700	34975700
276	34010500	34010500	34971800	34971800
277	34007800	34007900	34970200	34970200
278	34008400	34008400	34971100	34971100
279	34008600	34008500	34970500	34970500
280	34008700	34008700	34969800	34969800
281	34012300	34012300	34973200	34973200
282	34011400	34011400	34974100	34974100
283	34006900	34006900	34969900	34969900
284	34007400	34007500	34970700	34970700
285	34008500	34008400	34972200	34972200
286	34012400	34012400	34973700	34973700
287	34010700	34010700	34971200	34971200
288	34011000	34011000	34971900	34971900
289	34008700	34008700	34970300	34970300
290	34008600	34008600	34971800	34971800
291	34010400	34010500	34974700	34974700
292	34007700	34007600	34971900	34971900
293	34008400	34008400	34972000	34972000
294	34009300	34009300	34971600	34971600
295	34008300	34008400	34970300	34970300
296	34007700	34007600	34970800	34970800
297	34005400	34005400	34968100	34968100
298	34007100	34007100	34968300	34968300
299	34008500	34008600	34970800	34970800
300	34010600	34010500	34972500	34972500
301	34007800	34007800	34971800	34971800
302	34010100	34010100	34972900	34972900
303	34008800	34008900	34973200	34973200
304	34011600	34011500	34974500	34974500
305	34011600	34011600	34974300	34974300
306	34009600	34009600	34975100	34975100
307	34010300	34010400	34974500	34974500
308	34007200	34007200	34970700	34970700
309	34005500	34005400	34968300	34965100
310	34007400	34007400	34970400	34970400
311	34008000	34008000	34968900	34968900
312	34010700	34010700	34972800	34972800
313	34013900	34013900	34976300	34976300
314	34013100	34013100	34975300	34975300
315	34012100	34012100	34974000	34974000
316	34010900	34010900	34974700	34974700
317	34010600	34010600	34973000	34973000
318	34010300	34010300	34972300	34972300
319	34011400	34011400	34972500	34972500
320	34009200	34009200	34971500	34971500
321	34011100	34011100	34972500	34972500
322	34010500	34010600	34974500	34974500
323	34006800	34006700	34971200	34971200
324	34007100	34007100	34970500	34970500
325	34009700	34009700	34972300	34972400
326	34009500	34009500	34973300	34973200
327	34010700	34010700	34974300	34974300
328	34007600	34007600	34974300	34974300
329	34009100	34009200	34974600	34974600
330	34009000	34008900	34974100	34974100
331	34010900	34011000	34974200	34974200
332	34011200	34011200	34975500	34975500
333	34010100	34010000	34973400	34973400
334	34011700	34011800	34975700	34975700
335	34008900	34008800	34974200	34974200
336	34009300	34009300	34973200	34973200
337	34009700	34009800	34973000	34973000
338	34012400	34012300	34977700	34977700
339	34012000	34012000	34976100	34976100
340	34010400	34010400	34973000	34973000
341	34006900	34006900	34970700	34970700
342	34006600	34006600	34972100	34972100
343	34008900	34008900	34973900	34973900
344	34011900	34011900	34975400	34975400
345	34012200	34012200	34975200	34975200
346	34010500	34010500	34975200	34975200
347	34007900	34007900	34973900	34973900
348	34010000	34010000	34973900	34973900
349	34009400	34009500	34972700	34972700
350	34009900	34009900	34972200	34972200
351	34009000	34009000	34972300	34972300
352	34011400	34011400	34975000	34975000
353	34009900	34009800	34972800	34972800
354	34014500	34014500	34978200	34978200
355	34011800	34011900	34976300	34976300
356	34008700	34008600	34973700	34973700
357	34010200	34010200	34973200	34973200
358	34010900	34011000	34974300	34974300
359	34008100	34008000	34973500	34973500
360	34007700	34007700	34973000	34973000
361	34009800	34009800	34973300	34973300
362	34009300	34009300	34972300	34972300
363	34011600	34011600	34975200	34975300
364	34007600	34007600	34971800	34971700
365	34011600	34011600	34975100	34975100
366	34014300	34014300	34977000	34977000
367	34015000	34015100	34977300	34977300
368	34015200	34015100	34980200	34980200
369	34017400	34017500	34981100	34981100
370	34015400	34015300	34979100	34979100
371	34015100	34015200	34979400	34979400
372	34014300	34014200	34979400	34979400
373	34014200	34014200	34979300	34979300
374	34015400	34015500	34978900	34978900
375	34014900	34014800	34977200	34977200
376	34014600	34014600	34977200	34977200
377	34015900	34016000	34979900	34979900
378	34013400	34013400	34978000	34978000
379	34011700	34011600	34976700	34976700
380	34013400	34013400	34977900	34977900
381	34013800	34013800	34978400	34978400
382	34013900	34013900	34977200	34977200
383	34011100	34011200	34976800	34976800
384	34012800	34012700	34977500	34977500
385	34013300	34013300	34978400	34978400
386	34015800	34015800	34979400	34979400
387	34013000	34013100	34979200	34979200
388	34009700	34009600	34976000	34976000
389	34010500	34010500	34976100	34976200
390	34011600	34011600	34976700	34976600
391	34010300	34010300	34976200	34976200
392	34011800	34011800	34973800	34973800
393	34011900	34011900	34974000	34974000
394	34010300	34010300	34974700	34974700
395	34011500	34011600	34976300	34976300
396	34012200	34012100	34976800	34976800
397	34012700	34012700	34977500	34977500
398	34010300	34010400	34975900	34975900
399	34009900	34009800	34973800	34973800
400	34009500	34009500	34973300	34973300
401	34012100	34012100	34975700	34975700
402	34008900	34008900	34973600	34973600
403	34007300	34007300	34973300	34973400
404	34012000	34012000	34976300	34976200
405	34013300	34013300	34977600	34977600
406	34011400	34011400	34975200	34975200
407	34011800	34011800	34975200	34975200
408	34011000	34011000	34974400	34974400
409	34010400	34010400	34973200	34973200
410	34011500	34011500	34974200	34974200
411	34012700	34012700	34974600	34974600
412	34013900	34013900	34976800	34976800
413	34011900	34011900	34975600	34975600
414	34008700	34008700	34972900	34972900
415	34010300	34010300	34974000	34974000
416	34012000	34012000	34976500	34976500
417	34011000	34011000	34976000	34976000
418	34006700	34006700	34971800	34971800
419	34009100	34009100	34973500	34973500
420	34007500	34007500	34972200	34972200
421	34007400	34007500	34971500	34971500
422	34005800	34005700	34970800	34970800
423	34005500	34005500	34970100	34970100
424	34007000	34007000	34970700	34970700
425	34006100	34006100	34969900	34969900
426	34004900	34005000	34967700	34967700
427	34004700	34004700	34969300	34969300
428	34005500	34005400	34969700	34969700
429	34003500	34003600	34967900	34967900
430	34006100	34006000	34970000	34970000
431	34006900	34006900	34972700	34972700
432	34006300	34006300	34971600	34971600
433	34005800	34005800	34971900	34971900
434	34006600	34006600	34973300	34973300
435	34007600	34007600	34973400	34973400
436	34007800	34007800	34971500	34971500
437	34012200	34012300	34973800	34973800
438	34012200	34012100	34972400	34972400
439	34010600	34010600	34972800	34972800
440	34010100	34010100	34972700	34972700
441	34010000	34010000	34972300	34972300
442	34013100	34013200	34974400	34974400
443	34012100	34012100	34973300	34973300
444	34011600	34011600	34974100	34974100
445	34011300	34011200	34973200	34973200
446	34010200	34010200	34972200	34972200
447	34007500	34007500	34971000	34971000
448	34008400	34008400	34972500	34972500
449	34010100	34010100	34973600	34973600
450	34008900	34008900	34974200	34974200
451	34010200	34010300	34974800	34974800
452	34007000	34006900	34972800	34972800
453	34005600	34005600	34969500	34969500
454	34008600	34008600	34970400	34973600
455	34004800	34004800	34966600	34966600
456	34007400	34007400	34969400	34969400
457	34006200	34006200	34968500	34968500
458	34006100	34006100	34969500	34969500
459	34002200	34002200	34966800	34966800
460	34005100	34005100	34970000	34970100
461	34006700	34006800	34970700	34970800
462	34005100	34005000	34968700	34968700
463	34005700	34005700	34968900	34968900
464	34004400	34004400	34967500	34967500
465	34004000	34004100	34969400	34969400
466	34005400	34005300	34970600	34970600
467	34007100	34007100	34972300	34972200
468	34008400	34008400	34971900	34972000
469	34009200	34009300	34971800	34971800
470	34008200	34008200	34972500	34972500
471	34009400	34009300	34972000	34972000
472	34006500	34006500	34969600	34969600
473	34009900	34010000	34973000	34973000
474	34009500	34009400	34973500	34973500
475	34009600	34009600	34972800	34973400
476	34008500	34008500	34971800	34971800
477	34011300	34011300	34974400	34974400
478	34010000	34010000	34973800	34973800
479	34011200	34011300	34976000	34976000
480	34009000	34008900	34972800	34972800
481	34008400	34008500	34972600	34972600
482	34010400	34010300	34973800	34973800
483	34009000	34009000	34971500	34971500
484	34008400	34008400	34973000	34973100
485	34009100	34009100	34974800	34974700
486	34012700	34012700	34975800	34975800
487	34014700	34014700	34976700	34976700
488	34012400	34012400	34974200	34974200
489	34010800	34010800	34973800	34973800
490	34011700	34011700	34976000	34976000
491	34007200	34007200	34971400	34971400
492	34009300	34009300	34972000	34972000
493	34008900	34008900	34968700	34968700
494	34006200	34006200	34968200	34968200
495	34009200	34009200	34970300	34970300
496	34008800	34008900	34971700	34971700
497	34009400	34009300	34972000	34972000
498	34009100	34009100	34970300	34970300
499	34009700	34009700	34970900	34970900

============================================================
# BITSTREAM: 10ms_5etapas.bit
# VENTANA: 10ms
# ETAPAS_PRINCIPAL: 5
# NUM_MUESTRAS: 500
# FORMATO: idx	freq1_hz	freq2_hz	freq3_hz	freq4_hz
============================================================
idx	freq1_hz	freq2_hz	freq3_hz	freq4_hz
0	33458000	33458000	33457900	33457900
1	33460200	33460200	33460200	33460200
2	33458500	33458500	33458600	33458600
3	33457800	33457800	33457700	33457700
4	33457900	33457900	33458000	33457900
5	33457900	33457900	33457900	33458000
6	33460300	33460300	33460300	33460300
7	33458600	33458600	33458600	33458600
8	33459200	33459200	33459200	33459200
9	33463300	33463300	33463300	33463300
10	33463200	33463200	33463200	33463200
11	33461800	33461800	33461800	33461800
12	33462400	33462400	33462400	33462400
13	33462400	33462400	33462400	33462400
14	33461400	33461400	33461400	33461400
15	33460400	33460400	33460400	33460400
16	33460400	33460400	33460400	33460400
17	33462200	33462100	33462200	33462100
18	33461700	33461700	33461700	33461800
19	33461100	33461100	33461100	33461100
20	33458500	33458500	33458500	33458500
21	33457900	33457900	33457900	33457800
22	33460800	33460800	33460800	33460900
23	33463900	33463900	33463900	33463800
24	33464500	33464500	33464500	33464600
25	33463800	33463800	33463800	33463800
26	33462800	33462800	33462800	33462800
27	33462700	33462800	33462700	33462700
28	33458700	33458600	33458600	33458600
29	33461700	33461700	33461800	33461800
30	33460500	33460500	33460500	33460500
31	33461200	33461200	33461100	33461100
32	33461600	33461600	33461700	33461600
33	33458300	33458300	33458300	33458300
34	33456900	33457000	33456900	33457000
35	33458000	33457900	33458000	33458000
36	33461700	33461700	33461700	33461700
37	33460800	33460800	33460800	33460800
38	33460600	33460600	33460600	33460600
39	33460800	33460800	33460800	33460800
40	33461800	33461800	33461800	33461700
41	33457700	33457700	33448100	33457800
42	33456100	33456100	33456100	33456100
43	33459300	33459300	33468900	33459200
44	33464700	33464700	33464700	33464800
45	33465300	33465300	33465300	33465300
46	33466500	33466500	33466500	33466500
47	33465400	33465400	33465400	33465400
48	33467500	33467500	33467500	33467500
49	33461500	33461500	33461500	33461500
50	33457700	33457700	33457700	33457700
51	33458300	33458300	33458300	33458200
52	33458300	33458400	33458300	33458400
53	33458700	33458600	33458700	33458600
54	33456800	33456800	33456800	33456900
55	33459400	33459400	33459400	33459400
56	33461900	33461900	33461900	33461800
57	33458200	33458200	33458200	33458300
58	33456700	33456700	33456700	33456700
59	33453200	33453200	33453200	33453200
60	33453900	33453900	33453900	33453900
61	33456200	33456300	33456200	33456200
62	33458900	33458800	33458800	33458800
63	33456500	33456500	33456600	33456600
64	33456700	33456700	33456700	33456700
65	33456600	33456600	33456600	33456600
66	33455800	33455800	33456600	33455800
67	33455300	33455300	33455300	33455200
68	33456000	33456100	33456000	33456100
69	33456100	33456000	33456100	33456100
70	33457600	33457600	33457600	33457600
71	33455500	33455500	33455500	33455500
72	33455100	33455100	33455100	33455100
73	33453800	33453800	33453800	33453800
74	33454200	33454200	33454200	33454200
75	33455000	33455000	33454900	33454900
76	33455000	33455000	33455100	33455100
77	33455600	33455600	33455600	33455600
78	33456400	33456400	33456400	33456300
79	33456400	33456400	33456400	33456500
80	33458300	33458300	33458300	33458300
81	33456600	33456600	33456600	33456600
82	33458100	33458100	33458100	33458100
83	33460500	33460500	33460500	33460500
84	33459800	33459800	33459800	33459800
85	33458700	33458700	33458700	33458700
86	33458100	33458100	33458100	33458100
87	33461000	33461000	33461000	33461000
88	33460200	33460200	33460200	33460200
89	33458200	33458200	33458200	33458200
90	33459300	33459300	33459300	33459300
91	33460200	33460200	33460200	33460200
92	33458900	33458900	33458900	33458900
93	33458600	33458600	33458600	33458600
94	33457400	33457400	33457400	33457400
95	33458900	33458900	33458900	33458900
96	33456600	33456600	33456600	33456600
97	33455800	33455800	33455800	33455800
98	33458500	33458500	33458500	33458500
99	33458100	33458100	33458100	33458100
100	33455200	33455200	33455200	33455200
101	33456300	33456300	33454700	33456200
102	33456100	33456100	33456100	33456200
103	33455400	33455500	33455400	33455400
104	33453900	33453800	33453900	33453900
105	33458900	33458900	33458900	33458900
106	33460400	33460400	33460400	33460400
107	33458500	33458500	33458500	33458500
108	33458800	33458900	33458800	33458800
109	33459800	33459800	33459800	33459700
110	33455000	33455000	33455000	33455100
111	33456800	33456800	33456800	33456800
112	33455800	33455800	33455800	33455800
113	33455700	33455700	33455700	33455600
114	33453600	33453600	33453600	33453700
115	33455500	33455500	33455500	33455500
116	33456000	33456000	33456000	33456000
117	33455600	33455600	33455600	33455600
118	33451900	33451900	33451800	33451800
119	33450100	33450100	33450200	33450200
120	33451500	33451500	33451500	33451500
121	33453500	33453500	33453500	33453500
122	33452100	33452100	33452100	33452100
123	33452400	33452400	33452400	33452400
124	33453400	33453400	33452400	33453300
125	33453800	33453800	33453800	33453900
126	33455400	33455400	33455400	33455400
127	33455100	33455000	33455100	33455100
128	33458300	33458300	33458300	33458300
129	33457400	33457400	33457400	33457400
130	33457300	33457300	33457300	33457300
131	33454800	33454800	33454800	33454800
132	33451300	33451300	33451300	33451300
133	33454200	33454200	33454200	33454100
134	33455200	33455200	33455200	33455300
135	33456600	33456600	33456600	33456600
136	33456300	33456300	33456300	33456300
137	33455700	33455700	33455700	33455700
138	33457400	33457400	33457400	33457400
139	33455100	33455100	33455100	33455100
140	33455300	33455300	33455300	33455200
141	33456800	33456800	33456800	33456800
142	33457200	33454000	33453900	33454000
143	33457200	33457200	33457300	33457300
144	33457700	33457700	33457700	33457700
145	33453600	33453600	33453600	33453600
146	33458400	33458400	33453600	33458400
147	33459700	33459700	33459700	33459600
148	33453100	33453100	33453100	33453200
149	33457300	33457300	33457300	33457300
150	33456500	33456500	33456500	33456500
151	33457400	33457400	33457400	33457400
152	33457900	33457900	33457900	33457900
153	33458900	33458900	33458900	33458900
154	33458400	33458400	33458400	33458400
155	33458100	33458100	33458100	33458100
156	33456800	33456800	33456800	33456800
157	33454700	33454700	33454700	33454700
158	33455800	33455800	33455800	33455800
159	33457200	33457200	33457200	33457200
160	33458500	33458500	33458500	33458500
161	33457400	33457400	33457400	33457400
162	33457100	33457100	33457100	33457100
163	33458200	33458200	33458200	33458200
164	33455700	33455700	33455700	33455700
165	33460800	33467300	33460800	33460800
166	33462300	33462200	33462200	33462200
167	33462200	33462200	33462300	33462300
168	33461000	33461000	33461000	33461000
169	33461700	33461600	33461700	33461700
170	33461000	33461000	33461000	33461000
171	33461400	33461400	33461400	33461400
172	33461800	33461800	33461800	33461800
173	33463100	33463100	33463100	33463100
174	33463900	33463900	33463900	33463900
175	33464800	33464800	33464800	33464800
176	33462700	33462700	33462700	33462700
177	33460600	33460600	33460600	33460500
178	33459300	33459300	33459300	33459300
179	33457300	33457300	33457300	33457400
180	33456900	33456900	33456900	33456800
181	33461800	33461800	33461800	33461800
182	33460200	33460200	33460200	33460300
183	33466200	33466200	33466200	33466200
184	33462200	33462300	33462200	33462200
185	33460600	33460500	33460600	33460600
186	33459300	33459300	33459200	33459200
187	33457300	33457300	33457400	33457400
188	33456700	33456700	33456700	33456700
189	33455800	33455800	33455800	33455800
190	33459600	33459600	33466000	33459600
191	33455200	33455200	33455200	33455100
192	33461100	33461100	33461100	33461200
193	33462200	33462200	33462200	33462200
194	33459500	33459500	33459500	33459500
195	33460800	33460800	33460800	33460800
196	33460600	33460600	33460600	33460600
197	33460900	33461000	33460900	33460900
198	33460600	33460600	33460600	33460600
199	33460200	33460300	33460200	33460200
200	33458600	33458500	33458600	33458600
201	33460900	33460900	33460800	33460800
202	33462200	33462200	33462300	33462300
203	33460800	33460800	33460800	33460800
204	33458300	33458300	33458300	33458300
205	33458300	33458300	33458300	33458300
206	33461500	33461500	33461500	33461500
207	33460700	33460700	33460700	33460700
208	33462500	33462500	33462500	33462500
209	33463200	33463200	33463100	33463100
210	33464600	33464600	33464700	33464600
211	33461300	33461300	33461200	33461300
212	33459000	33459100	33459100	33459100
213	33457900	33457800	33457900	33457900
214	33458100	33458100	33458100	33458100
215	33462200	33462200	33462200	33462200
216	33462000	33462000	33462000	33462000
217	33461700	33461700	33461700	33461700
218	33458600	33458600	33458600	33458600
219	33461600	33461600	33461600	33461600
220	33460800	33460800	33460800	33460800
221	33459500	33459500	33459500	33459500
222	33459400	33459400	33459400	33459400
223	33461600	33461600	33461600	33461600
224	33459600	33459600	33459600	33459600
225	33460600	33460600	33460600	33460600
226	33459400	33459400	33459400	33459400
227	33460500	33460500	33460400	33460400
228	33458700	33458700	33458800	33458800
229	33461900	33461900	33461800	33461800
230	33463200	33463200	33463300	33463300
231	33464800	33464800	33464800	33464800
232	33459400	33459400	33459400	33459400
233	33459700	33459700	33459700	33459700
234	33458200	33458200	33458200	33458200
235	33458700	33458700	33458700	33458700
236	33459100	33459100	33459100	33459000
237	33458200	33458200	33458200	33458300
238	33457100	33457100	33457100	33457100
239	33459700	33459700	33466100	33459600
240	33458300	33458300	33458300	33458400
241	33462200	33462200	33462200	33462200
242	33461000	33461000	33461000	33461000
243	33458700	33458700	33458700	33458700
244	33460700	33460700	33471500	33460600
245	33463200	33463200	33463200	33463300
246	33464900	33464900	33464900	33464800
247	33461400	33461400	33461400	33461500
248	33461600	33461600	33461600	33461600
249	33461000	33461000	33461600	33460900
250	33461600	33461600	33461600	33461700
251	33461900	33461900	33461900	33461800
252	33465000	33465000	33464900	33465000
253	33465200	33465200	33465300	33465300
254	33463500	33463500	33463500	33463400
255	33462200	33462200	33462200	33462300
256	33462500	33462500	33462500	33462500
257	33462500	33462500	33462500	33462500
258	33458600	33458600	33458600	33458600
259	33460800	33460800	33460800	33460800
260	33460300	33460300	33460200	33460200
261	33461000	33461000	33461100	33461000
262	33461700	33461700	33461700	33461800
263	33461700	33461700	33461700	33461600
264	33457800	33457800	33457800	33457900
265	33458400	33458400	33458400	33458300
266	33460700	33460700	33460700	33460800
267	33458000	33458000	33458000	33457900
268	33458600	33458600	33458600	33458700
269	33461600	33461700	33461600	33461600
270	33463000	33462900	33462900	33462900
271	33460500	33460500	33460600	33460600
272	33464900	33464900	33464900	33464900
273	33462700	33462800	33462700	33462700
274	33462100	33462000	33462100	33462100
275	33460200	33460200	33460200	33460200
276	33462400	33462400	33462400	33462400
277	33463600	33463600	33463600	33463600
278	33462600	33462600	33462600	33462600
279	33462900	33462900	33462800	33462800
280	33459800	33459800	33459900	33459900
281	33459300	33459300	33459300	33459300
282	33458900	33458900	33458900	33458900
283	33459900	33460000	33459900	33459900
284	33458100	33458000	33458100	33458100
285	33457400	33457400	33457400	33457400
286	33459100	33459100	33459000	33459000
287	33461800	33461800	33461900	33461900
288	33462400	33462400	33462300	33462300
289	33461500	33461500	33461600	33461600
290	33461400	33461500	33461400	33461400
291	33458200	33458200	33458200	33458200
292	33459100	33459100	33459100	33459100
293	33459400	33459400	33459400	33459400
294	33459900	33459900	33459900	33459900
295	33459000	33459000	33459000	33458900
296	33458100	33458100	33458100	33458100
297	33455300	33455300	33455300	33455400
298	33455600	33455600	33455600	33455600
299	33453300	33453200	33453300	33453300
300	33456100	33456000	33456100	33456100
301	33455300	33455300	33455200	33455200
302	33456900	33456900	33457000	33457000
303	33456200	33456200	33456200	33456200
304	33456200	33456200	33456200	33456200
305	33457500	33457500	33457500	33457500
306	33458400	33458400	33458400	33458400
307	33461200	33461200	33461200	33461200
308	33462700	33462700	33462600	33462600
309	33464900	33464900	33465000	33465000
310	33458900	33458900	33458900	33458900
311	33460700	33460700	33460700	33460700
312	33462600	33462600	33462600	33462600
313	33461000	33461000	33461000	33460900
314	33456700	33456700	33456700	33456800
315	33458300	33458300	33458300	33458300
316	33461400	33461400	33461300	33461300
317	33460400	33460400	33460500	33460500
318	33458900	33458900	33458900	33458900
319	33458900	33458900	33458900	33458900
320	33457300	33457300	33457300	33457300
321	33457000	33456900	33457000	33457000
322	33458600	33458600	33458600	33458600
323	33456900	33456900	33456900	33456900
324	33455700	33455700	33455700	33455700
325	33453200	33453200	33453200	33453200
326	33455000	33455000	33454900	33454900
327	33455500	33455500	33455600	33455600
328	33456100	33453100	33456100	33456100
329	33458700	33458700	33458600	33458600
330	33455300	33455300	33455400	33455400
331	33458000	33458000	33458000	33457900
332	33458900	33458900	33458900	33459000
333	33457300	33457300	33457300	33457300
334	33460100	33460100	33460000	33460000
335	33460300	33460300	33460300	33460300
336	33458200	33458200	33458300	33458300
337	33463300	33463300	33463300	33463300
338	33459700	33459700	33459700	33459700
339	33460800	33460800	33460800	33460800
340	33458500	33458600	33458500	33458500
341	33458400	33458300	33458400	33458400
342	33460300	33460300	33466700	33460200
343	33458300	33458300	33451900	33458300
344	33457000	33457000	33457000	33457100
345	33461800	33461900	33461800	33461800
346	33460900	33460800	33460900	33460900
347	33461400	33461400	33461400	33461400
348	33457900	33457900	33457900	33457900
349	33457100	33457100	33457100	33457100
350	33457800	33457800	33457800	33457700
351	33457500	33457500	33457500	33457600
352	33459100	33459100	33459100	33459100
353	33459500	33469100	33459500	33459500
354	33462200	33462200	33462200	33462100
355	33461000	33461000	33461000	33461100
356	33460600	33460600	33460500	33460500
357	33458900	33458900	33459000	33459000
358	33460400	33460400	33460400	33460400
359	33461400	33461400	33461400	33461400
360	33463300	33463300	33463300	33463200
361	33463200	33463200	33463200	33463300
362	33459200	33459200	33459200	33459200
363	33461300	33461300	33461300	33461300
364	33460300	33460300	33460300	33460300
365	33463000	33463000	33463000	33463000
366	33461200	33461200	33461200	33461200
367	33461700	33461700	33461700	33461700
368	33465000	33465000	33464900	33464900
369	33462900	33462900	33462900	33462900
370	33463900	33463900	33464000	33464000
371	33460900	33460900	33460900	33460900
372	33462800	33462800	33462800	33462800
373	33463100	33463100	33463100	33463100
374	33466400	33466400	33466400	33466300
375	33461700	33461700	33461700	33461800
376	33459800	33459800	33459800	33459800
377	33460800	33460800	33460700	33460700
378	33458500	33458500	33458600	33458500
379	33456600	33459800	33459700	33459800
380	33461900	33461900	33462000	33462000
381	33461200	33461200	33461200	33461100
382	33462700	33462700	33462700	33462800
383	33461200	33461200	33461200	33461200
384	33459000	33459000	33459000	33459000
385	33460000	33460000	33459900	33459900
386	33459300	33459300	33459400	33459400
387	33459200	33459200	33459200	33459200
388	33457300	33457300	33457300	33457300
389	33458000	33458000	33457900	33457900
390	33461400	33461400	33461500	33461500
391	33457000	33457000	33457000	33457000
392	33461600	33461600	33461600	33461600
393	33460600	33460600	33461600	33460500
394	33463500	33463500	33460300	33463600
395	33463700	33463700	33463700	33463700
396	33464900	33464900	33464900	33464900
397	33464200	33464200	33464200	33464200
398	33459900	33459900	33459900	33459900
399	33459100	33459100	33459100	33459000
400	33462600	33462600	33462600	33462700
401	33461800	33461800	33461800	33461800
402	33460500	33460500	33460400	33460400
403	33459200	33459200	33459300	33459200
404	33454900	33454900	33454900	33455000
405	33456700	33456700	33456700	33456700
406	33455900	33455900	33455900	33455900
407	33459300	33459300	33459300	33459300
408	33462800	33462800	33462800	33462800
409	33461800	33461800	33461700	33461700
410	33460300	33460300	33460400	33460400
411	33464000	33464000	33464000	33464000
412	33464500	33464500	33464400	33464400
413	33464300	33464300	33464400	33464400
414	33459800	33459900	33459800	33459800
415	33459000	33458900	33459000	33459000
416	33461700	33461700	33461700	33461700
417	33458700	33458700	33458700	33458700
418	33458500	33458500	33458500	33458500
419	33460100	33460100	33460100	33460100
420	33462000	33462000	33462000	33462000
421	33460700	33460700	33460600	33460600
422	33460900	33460900	33461000	33461000
423	33463000	33463000	33463000	33463000
424	33460500	33460500	33460500	33460500
425	33460800	33460800	33460800	33460800
426	33459100	33459100	33459000	33459000
427	33458800	33458800	33458900	33458900
428	33462100	33462100	33462100	33462100
429	33462700	33462700	33462700	33462700
430	33457500	33457500	33457500	33457500
431	33458000	33458000	33458000	33457900
432	33462600	33462600	33462500	33462600
433	33463000	33463000	33463100	33463000
434	33462500	33462500	33462500	33462600
435	33460000	33460000	33460000	33460000
436	33458800	33458900	33458800	33458800
437	33455300	33455200	33455300	33455200
438	33458600	33458600	33458600	33458700
439	33462900	33462900	33462900	33462900
440	33461700	33461700	33461700	33461700
441	33460200	33460200	33460200	33460200
442	33460800	33460800	33460800	33460800
443	33459800	33459800	33459800	33459800
444	33456500	33456500	33456500	33456500
445	33456900	33456900	33456900	33456900
446	33458400	33458400	33458400	33458400
447	33459100	33459100	33459100	33459100
448	33458000	33458000	33458000	33458000
449	33458900	33458900	33458900	33458800
450	33462300	33462300	33462300	33462300
451	33460600	33460600	33460600	33460700
452	33458300	33458300	33458300	33458300
453	33458500	33458500	33458500	33458500
454	33461800	33461800	33471400	33461700
455	33457000	33457000	33456900	33457000
456	33457200	33457200	33457300	33457300
457	33459800	33459800	33459700	33459700
458	33457200	33457200	33457300	33457200
459	33455400	33455400	33455400	33455500
460	33454900	33454900	33454900	33454900
461	33457900	33458000	33457900	33457900
462	33456700	33456600	33456700	33456700
463	33454400	33454400	33454400	33454400
464	33457700	33457700	33457700	33457700
465	33457700	33457700	33457700	33457700
466	33458500	33458500	33458500	33458500
467	33458700	33458700	33458700	33458600
468	33461800	33461800	33461800	33461900
469	33461200	33461300	33461200	33461200
470	33461200	33461100	33461200	33461200
471	33460600	33460600	33460600	33460600
472	33459300	33459300	33459300	33459300
473	33459400	33459400	33459300	33459300
474	33458300	33458300	33458400	33458400
475	33458900	33458900	33458900	33458900
476	33461000	33461000	33461000	33461000
477	33459300	33459300	33459300	33459300
478	33458600	33458600	33458600	33458600
479	33459800	33459800	33459800	33459800
480	33458600	33458600	33458500	33458500
481	33459000	33459000	33459100	33459100
482	33462700	33462700	33462700	33462700
483	33459600	33459600	33459600	33459600
484	33467300	33454500	33454400	33454400
485	33457600	33457600	33457700	33457700
486	33458800	33458800	33458700	33458700
487	33461000	33461000	33461100	33461100
488	33461400	33461400	33461400	33461400
489	33461400	33461400	33461300	33461300
490	33459200	33459200	33459300	33459300
491	33462600	33462600	33462600	33462600
492	33460100	33460100	33460100	33460100
493	33460500	33460500	33460500	33460500
494	33460700	33460700	33460700	33460700
495	33459100	33459100	33459100	33459100
496	33460200	33460200	33460200	33460200
497	33458400	33458400	33458400	33458400
498	33458800	33458800	33458800	33458800
499	33457400	33457400	33457400	33457300

============================================================
# BITSTREAM: 10ms_51etapas.bit
# VENTANA: 10ms
# ETAPAS_PRINCIPAL: 51
# NUM_MUESTRAS: 500
# FORMATO: idx	freq1_hz	freq2_hz	freq3_hz	freq4_hz
============================================================
idx	freq1_hz	freq2_hz	freq3_hz	freq4_hz
0	13588800	13911000	12622500	11773700
1	13589100	13911100	12623100	11776600
2	13588000	13909800	12622300	11774300
3	13587800	13909400	12623500	11773500
4	13588500	13910300	12623000	11776700
5	13588300	13909700	12623800	11775000
6	13589400	13911300	12623500	11827500
7	13589400	13911900	12622300	11776400
8	13590100	13912200	12623800	11775700
9	13589100	13911000	12623300	11776200
10	13589600	13911800	12623000	11777000
11	13588700	13910700	12622900	11778600
12	13588200	13910100	12622400	11777900
13	13588200	13910000	12622800	11774600
14	13589200	13910900	12623900	11827500
15	13589000	13911200	12622300	11775100
16	13590000	13912500	12622400	11778100
17	13588600	13910600	12622900	11777000
18	13589800	13912000	12623300	11774100
19	13590000	13912100	12623500	11778500
20	13590700	13913200	12623200	11775200
21	13589700	13911900	12623100	11774900
22	13589200	13911400	12622600	11774800
23	13589000	13911200	12622400	11776100
24	13589300	13911700	12622400	11777800
25	13590000	13912200	12623100	11777600
26	13589600	13911800	12623000	11776300
27	13589800	13912000	12623100	11779000
28	13588600	13910800	12622400	11778300
29	13589900	13912200	12622800	11775600
30	13587900	13909800	12622200	11775200
31	13588100	13909700	12623200	11773200
32	13588100	13909900	12622500	11775600
33	13588200	13910000	12623100	11776600
34	13587300	13908800	12622700	11775300
35	13587300	13908900	12622300	11773000
36	13588800	13909000	12623700	11776300
37	13588900	13910900	12622600	11776200
38	13588800	13910900	12622400	11775200
39	13588400	13910600	12621900	11775300
40	13588100	13910300	12621600	11773000
41	13589000	13910700	12624200	11775500
42	13588800	13910800	12622400	11776800
43	13588700	13911100	12621600	11774700
44	13588900	13910900	12622600	11774500
45	13588800	13911100	12622200	11775200
46	13589200	13911200	12623000	11774500
47	13589600	13912100	12622400	11771500
48	13589500	13911900	12622300	11774700
49	13589400	13911500	12622700	11775100
50	13588900	13911300	12622100	11777000
51	13590600	13913200	12622700	11777000
52	13588900	13911100	12622300	11774100
53	13588600	13910800	12622100	11773800
54	13589700	13912200	12622100	11775000
55	13589400	13911700	12622800	11776100
56	13590400	13912900	12622700	11777400
57	13590600	13913000	12623400	11775900
58	13590000	13912100	12623600	11777700
59	13589900	13912400	12622400	11774800
60	13589000	13911200	12622300	11774400
61	13588500	13910800	12621400	11777000
62	13588800	13911200	12621800	11774500
63	13589200	13911700	12621900	11777700
64	13589100	13911400	12621900	11776700
65	13588600	13910800	12622200	11775300
66	13589400	13912000	12621800	11775000
67	13588300	13910300	12621900	11777500
68	13587900	13909600	12622800	11774500
69	13588200	13910100	12622800	11773200
70	13587500	13909300	12622200	11774100
71	13590100	13912200	12623600	11774300
72	13588700	13910800	12622500	11776500
73	13588400	13910700	12621400	11774700
74	13587100	13909000	12621300	11776100
75	13587300	13908800	12622700	11775400
76	13586600	13908400	12621300	11772800
77	13587800	13909700	12622100	11776900
78	13588700	13910700	12622800	11775800
79	13587900	13910000	12621800	11776600
80	13589100	13910900	12623800	11776200
81	13588100	13910300	12621500	11774800
82	13588100	13909800	12623100	11775100
83	13588300	13909900	12623000	11772900
84	13587900	13909800	12622500	11776200
85	13587200	13908800	12622500	11772300
86	13586900	13908500	12621800	11772900
87	13587600	13909600	12621700	11772100
88	13586400	13908100	12621300	11771900
89	13587300	13909400	12621100	11773000
90	13587800	13909600	12622300	11776500
91	13587700	13909400	12622300	11773000
92	13588200	13910200	12622800	11776700
93	13588500	13910300	12622700	11775700
94	13587000	13908600	12622100	11774400
95	13588400	13910300	12622900	11774200
96	13588100	13909800	12622900	11774900
97	13588700	13910500	12623400	11773100
98	13589100	13911300	12622300	11776800
99	13589900	13912500	12622300	11776400
100	13589200	13911300	12622600	11777600
101	13589600	13912300	12621700	11776300
102	13588700	13910900	12622000	11777300
103	13589000	13911400	12622200	11775200
104	13588700	13910900	12621900	11775700
105	13589400	13911700	12622400	11775300
106	13590000	13912700	12622100	11777100
107	13589600	13911400	12623300	11776400
108	13589700	13912000	12622800	11776300
109	13588300	13910400	12622000	11777500
110	13587100	13909300	12620600	11772400
111	13589300	13911400	12622900	11773500
112	13589000	13911200	12622100	11775900
113	13588200	13910700	12621100	11777100
114	13587700	13909600	12621600	11776400
115	13587300	13908900	12622600	11772700
116	13586800	13908400	12622100	11775000
117	13588400	13910500	12622500	11777100
118	13588700	13910800	12622300	11777300
119	13589500	13911900	12622200	11775200
120	13588200	13910200	12622200	11773900
121	13588600	13910500	12622900	11775600
122	13588600	13910600	12622500	11777100
123	13589600	13912000	12622500	11774200
124	13588700	13910700	12622300	11778000
125	13589600	13911900	12623000	11777700
126	13590100	13912400	12623200	11775600
127	13589300	13911400	12623000	11774900
128	13589100	13911300	12622300	11775800
129	13589700	13912200	12622300	11776300
130	13587600	13909400	12622100	11724000
131	13589100	13911000	12623600	11777400
132	13589100	13911300	12622600	11776600
133	13590300	13911300	12622400	11777200
134	13590000	13912400	12622900	11776900
135	13588600	13910500	12622800	11774400
136	13589300	13911300	12623100	11777400
137	13589500	13912000	12622100	11776000
138	13588700	13910800	12622400	11777400
139	13589600	13911900	12622500	11775200
140	13589300	13911400	12623300	11775300
141	13589100	13911300	12622600	11776000
142	13590300	13912900	12622600	11776400
143	13590300	13912500	12623700	11775700
144	13589200	13911200	12622900	11777400
145	13589400	13911900	12622300	11777800
146	13589300	13911300	12623000	11775100
147	13589200	13911700	12621800	11776000
148	13589700	13912200	12622200	11777100
149	13588300	13910300	12622100	11775300
150	13589100	13911100	12623500	11775000
151	13589300	13911400	12622700	11774300
152	13588900	13911300	12621800	11775500
153	13590300	13913000	12622400	11775900
154	13589000	13911000	12622700	11776700
155	13589300	13911600	12622500	11776200
156	13589800	13912300	12622500	11776200
157	13589500	13911700	12622700	11777800
158	13589700	13912300	12621900	11778400
159	13590200	13912400	12623300	11778400
160	13589800	13912200	12623000	11775800
161	13589400	13911600	12622700	11776300
162	13589100	13911600	12621700	11775700
163	13588800	13911300	12621400	11775400
164	13589200	13911800	12621200	11776000
165	13589700	13912000	12622800	11779000
166	13588900	13911100	12622300	11778100
167	13588500	13910500	12622100	11774100
168	13587700	13909800	12621800	11776300
169	13588500	13910200	12623400	11773200
170	13589000	13911000	12623200	11775800
171	13589300	13911600	12622300	11776600
172	13589700	13912000	12622600	11776800
173	13589300	13911300	12623100	11778300
174	13589900	13912700	12621800	11776200
175	13589300	13911200	12623300	11776600
176	13590900	13913500	12623100	11778600
177	13589400	13911500	12623300	11779500
178	13589500	13911700	12622800	11777200
179	13590000	13912400	12622700	11777300
180	13589100	13911200	12622900	11774500
181	13590600	13913100	12623200	11874600
182	13590400	13912700	12623500	11776200
183	13590200	13911800	12620900	11776800
184	13589700	13911800	12623200	11778800
185	13588900	13911000	12622500	11778200
186	13588700	13910900	12622200	11776500
187	13588500	13910700	12622100	11775000
188	13588700	13910800	12622300	11777100
189	13588600	13910900	12621700	11774600
190	13588500	13910700	12622000	11774600
191	13588700	13910700	12622600	11776800
192	13588600	13910600	12622800	11776900
193	13588500	13910600	12622000	11773200
194	13589800	13912100	12622800	11773900
195	13588300	13910700	12621100	11773900
196	13588500	13910600	12622400	11776600
197	13589600	13911700	12623000	11774200
198	13589900	13912500	12622100	11777300
199	13589400	13911700	12622600	11777500
200	13589600	13912100	12621900	11777200
201	13588900	13911200	12622100	11774000
202	13588200	13910700	12621100	11777100
203	13587900	13910000	12621600	11776400
204	13589300	13911200	12623600	11776200
205	13589900	13912400	12622100	11777800
206	13588500	13910700	12622100	11774000
207	13588000	13910000	12621800	11776400
208	13588000	13909700	12623100	11775400
209	13588700	13910800	12622600	11775700
210	13588500	13910900	12621200	11774300
211	13588600	13910700	12622000	11774800
212	13587500	13909700	12621200	11776000
213	13588300	13910300	12622400	11775300
214	13586000	13907500	12621100	11773100
215	13587500	13909200	12622700	11773300
216	13588600	13910600	12622300	11774900
217	13588300	13910600	12621200	11772300
218	13587800	13910100	12621100	11772500
219	13588000	13910000	12622300	11773900
220	13588900	13910600	12623400	11833700
221	13588700	13911100	12621700	11773100
222	13587600	13909800	12621000	11773000
223	13587300	13909100	12622100	11772200
224	13588200	13909900	12623000	11773500
225	13589000	13911000	12623100	11777000
226	13588800	13910900	12622100	11776400
227	13589100	13911500	12622000	11775000
228	13588700	13911100	12621500	11776900
229	13588500	13910600	12622000	11774300
230	13588100	13910400	12621600	11772700
231	13588500	13910800	12621800	11772600
232	13589800	13912100	12622400	11775000
233	13589400	13911900	12621900	11774400
234	13589300	13911600	12622700	11774600
235	13590600	13913100	12623000	11776400
236	13589900	13912300	12622700	11775600
237	13589400	13911700	12622300	11777500
238	13589700	13912500	12621700	11776900
239	13588900	13911100	12622000	11776800
240	13589200	13911500	12622400	11774600
241	13589600	13912000	12622500	11777700
242	13589100	13911300	12622500	11778300
243	13590000	13912600	12622000	11776800
244	13589600	13911900	12622800	11775600
245	13589300	13911600	12622300	11774700
246	13589300	13911900	12621600	11776200
247	13587200	13909300	12620900	11774100
248	13588100	13910200	12622000	11772400
249	13588500	13910400	12622700	11775100
250	13587300	13909400	12620800	11772100
251	13587900	13909600	12622700	11776100
252	13587400	13909200	12622000	11772200
253	13588200	13910200	12622400	11775000
254	13588300	13910300	12622300	11775300
255	13587100	13908700	12622200	11773800
256	13588700	13910500	12623200	11775600
257	13587500	13909400	12621900	11776000
258	13588800	13910700	12623400	11776500
259	13587900	13909800	12621900	11776300
260	13587000	13908500	12622300	11772500
261	13587600	13909600	12621700	11772000
262	13587400	13909200	12622200	11772500
263	13588100	13910100	12622000	11774900
264	13587500	13909500	12621600	11773500
265	13588600	13910500	12622800	11777100
266	13587400	13909600	12620700	11775600
267	13587600	13909500	12622100	11772100
268	13587800	13909500	12622600	11776700
269	13588900	13910800	12623400	11777300
270	13588600	13911100	12621100	11774200
271	13588300	13910400	12621700	11773500
272	13587500	13909900	12620600	11772100
273	13588200	13910100	12622400	11775800
274	13587500	13909300	12621800	11773300
275	13588600	13910600	12622700	11772500
276	13588100	13910300	12621900	11772600
277	13587700	13909200	12623200	11773900
278	13586900	13908600	12621400	11774100
279	13588100	13910000	12622600	11773600
280	13587600	13909200	12622600	11775300
281	13588000	13909900	12622500	11774900
282	13588100	13909800	12622900	11776000
283	13588100	13909700	12623300	11772900
284	13587400	13909300	12622000	11774700
285	13588100	13909900	12622300	11772200
286	13588100	13909900	12623100	11776000
287	13588000	13909600	12622800	11776200
288	13587400	13909000	12622500	11772500
289	13587100	13908900	12622200	11775100
290	13587200	13908900	12621800	11774600
291	13588000	13909700	12622900	11775300
292	13588300	13910200	12622400	11775000
293	13588100	13910000	12622500	11775000
294	13587500	13909200	12622500	11775300
295	13587400	13909200	12621900	11774900
296	13587600	13909400	12622200	11774900
297	13588200	13910100	12622800	11771700
298	13587300	13909100	12621600	11722300
299	13587100	13908800	12622400	11772600
300	13587000	13908800	12621600	11772600
301	13587000	13908800	12621600	11772400
302	13588000	13909900	12622000	11773100
303	13588500	13910500	12622500	11776000
304	13587700	13909700	12621900	11776400
305	13588500	13910400	12622800	11775400
306	13586000	13907800	12620400	11771300
307	13586900	13908500	12622000	11772100
308	13586700	13908700	12621000	11771400
309	13586900	13908600	12621600	11774800
310	13586900	13908800	12621400	11773000
311	13587100	13908900	12621600	11773000
312	13586500	13908100	12621700	11774800
313	13587600	13909700	12621400	11772800
314	13587200	13909000	12621700	11774600
315	13587300	13908800	12622800	11775100
316	13587200	13908800	12622100	11773100
317	13587300	13909100	12622300	11773200
318	13587500	13909000	12623000	11772700
319	13587500	13909100	12622600	11775000
320	13588200	13909800	12623300	11773100
321	13588100	13909900	12622800	11772800
322	13588300	13910200	12622800	11776000
323	13587800	13909500	12622300	11774800
324	13586700	13908400	12621700	11776600
325	13586800	13908700	12621300	11776100
326	13587600	13909200	12622500	11775400
327	13587800	13909700	12622300	11775000
328	13588400	13910300	12622400	11775100
329	13587200	13908800	12622700	11773600
330	13586900	13908500	12621900	11772900
331	13587100	13909000	12621600	11771800
332	13587000	13908700	12622000	11773800
333	13587200	13908800	12622100	11774000
334	13586700	13908400	12621700	11772300
335	13587600	13909500	12622100	11775600
336	13587600	13909100	12622900	11776400
337	13587400	13908900	12623000	11772900
338	13587400	13909000	12622600	11774900
339	13587900	13909400	12623100	11775100
340	13587100	13908800	12622300	11775400
341	13588300	13910000	12623100	11773700
342	13588100	13909700	12623300	11775600
343	13588400	13910300	12622800	11775500
344	13587400	13908900	12622700	11774200
345	13587600	13909300	12622700	11775100
346	13588100	13909900	12622400	11772500
347	13587500	13909200	12622500	11775900
348	13587100	13908800	12622200	11774700
349	13586700	13908300	12621800	11772400
350	13588900	13910800	12622900	11773200
351	13589300	13911800	12622000	11775000
352	13589000	13911200	12622400	11778200
353	13590000	13912500	12622500	11778000
354	13588300	13910400	12622300	11778900
355	13587700	13909800	12621100	11772500
356	13588700	13910500	12623500	11773300
357	13589200	13911300	12622600	11777300
358	13589900	13912600	12622200	11776200
359	13588600	13910600	12622400	11775100
360	13588300	13910700	12621300	11772900
361	13588300	13910400	12621800	11776500
362	13587500	13909700	12620900	11772200
363	13589500	13911600	12623200	11775600
364	13588400	13910800	12621100	11775000
365	13588200	13910700	12621000	11774000
366	13587500	13909400	12621400	11775700
367	13588000	13909800	12622700	11776000
368	13587200	13908800	12622500	11772400
369	13586500	13908100	12621800	11772600
370	13587200	13909100	12621500	11772500
371	13586800	13908200	12622600	11772600
372	13586100	13907500	12621800	11775800
373	13586600	13908000	12622200	11772900
374	13589200	13911300	12622900	11773600
375	13588300	13910800	12621100	11775100
376	13587800	13910200	12620700	11773800
377	13588200	13909900	12623000	11775100
378	13587700	13909400	12622500	11775700
379	13587600	13909400	12622200	11775800
380	13587900	13909700	12622600	11775600
381	13587200	13909100	12621300	11774400
382	13586600	13908100	12622200	11772100
383	13586800	13908700	12621200	11772100
384	13587600	13909300	12622200	11774900
385	13588300	13910300	12622500	11772200
386	13587200	13908800	12622500	11773800
387	13586600	13908200	12621600	11772300
388	13587600	13909200	12622900	11776500
389	13587200	13908900	12622200	11774300
390	13586100	13907600	12621500	11773700
391	13585700	13907200	12621200	11775100
392	13586700	13908500	12621300	11772100
393	13587700	13909600	12621700	11771600
394	13586800	13908400	12622400	11771900
395	13587300	13909100	12621800	11775700
396	13586500	13908000	12621900	11771900
397	13587600	13909700	12621500	11772300
398	13588000	13910000	12621800	11774700
399	13588100	13910000	12622800	11775300
400	13588300	13910000	12622700	11775300
401	13587300	13909100	12622000	11774700
402	13587400	13909100	12622300	11772500
403	13587700	13909500	12622500	11772800
404	13588800	13910600	12623300	11777500
405	13587200	13909300	12620600	11772300
406	13587900	13909900	12621900	11772200
407	13588200	13910300	12622400	11775800
408	13587300	13908900	12622100	11773400
409	13587800	13909600	12622400	11774800
410	13588200	13910100	12622600	11773200
411	13587900	13909800	12622400	11773800
412	13587900	13909500	12622800	11772400
413	13588200	13910100	12622800	11777400
414	13587300	13909200	12621500	11722500
415	13589500	13911700	12622900	11775400
416	13587800	13910400	12620100	11776100
417	13586800	13909000	12620100	11771900
418	13586000	13907700	12621100	11773900
419	13586600	13908400	12621300	11776400
420	13587100	13908900	12621400	11776200
421	13585700	13907200	12621100	11773700
422	13584500	13906100	12619900	11771000
423	13585700	13907600	12619900	11773300
424	13585900	13907500	12621100	11775100
425	13586300	13907900	12621500	11772400
426	13586100	13907500	12622000	11774200
427	13587100	13908500	12622700	11772800
428	13587100	13909000	12621500	11771500
429	13586200	13907800	12621700	11773900
430	13587100	13908700	12621800	11771700
431	13587500	13909300	12622400	11774700
432	13588000	13910100	12621700	11771900
433	13586700	13908400	12621400	11773000
434	13587100	13909100	12621300	11775400
435	13587100	13908700	12622300	11772400
436	13587800	13909700	12622100	11775100
437	13587300	13909200	12621500	11774600
438	13587200	13909100	12621300	11774300
439	13586900	13908500	12622200	11772100
440	13587000	13909100	12620800	11771200
441	13587300	13909000	12622400	11772300
442	13586600	13908100	12621900	11774400
443	13587100	13909100	12621100	11772300
444	13585500	13907100	12620900	11771100
445	13585800	13907700	12620000	11775700
446	13586200	13907800	12621200	11775700
447	13587600	13909500	12621900	11772300
448	13587100	13908800	12622300	11776500
449	13586600	13908300	12621100	11772300
450	13587100	13909000	12621600	11772300
451	13587200	13908800	12622400	11774700
452	13587100	13908800	12622000	11772700
453	13586200	13907900	12621300	11772100
454	13586400	13907700	12622500	11774600
455	13587100	13908500	12622500	11776200
456	13587300	13909300	12621300	11771700
457	13587300	13909200	12621700	11771900
458	13587100	13908900	12621600	11774100
459	13587200	13908800	12622600	11774700
460	13587800	13909600	12622300	11772900
461	13587800	13909600	12622600	11772700
462	13587700	13909500	12622000	11772400
463	13587300	13909000	12622500	11772500
464	13586900	13908300	12622400	11723800
465	13588300	13910200	12622800	11773200
466	13588000	13909800	12622600	11775400
467	13586900	13908400	12622200	11772600
468	13587700	13909800	12621700	11776400
469	13588000	13909700	12622700	11773000
470	13588600	13910800	12622100	11775300
471	13587500	13910100	12619800	11773600
472	13586800	13908600	12621100	11773300
473	13587900	13910000	12621800	11773300
474	13587400	13909300	12621900	11774700
475	13586700	13908600	12620800	11771300
476	13587300	13909200	12621600	11773200
477	13587200	13909000	12621600	11774600
478	13586100	13907800	12621200	11774200
479	13587200	13909000	12621600	11772300
480	13586100	13907700	12621200	11773900
481	13586700	13908500	12621700	11776000
482	13587800	13909700	12621800	11772200
483	13587200	13909200	12621400	11774300
484	13587400	13909300	12621700	11773900
485	13588100	13910100	12622000	11771900
486	13587100	13908900	12621600	11772800
487	13587600	13909500	12622000	11774600
488	13588100	13909900	12622800	11776700
489	13587000	13908800	12621800	11775000
490	13586600	13908300	12621000	11772400
491	13587200	13909100	12622000	11772100
492	13586400	13907900	12621900	11771700
493	13586900	13908300	12622400	11774700
494	13587500	13909400	12622000	11772300
495	13587600	13909400	12622100	11775400
496	13587400	13909100	12622000	11775300
497	13586300	13907900	12621600	11771700
498	13587200	13908800	12622600	11775100
499	13587100	13908800	12621900	11772700

============================================================
# BITSTREAM: 10ms_101etapas.bit
# VENTANA: 10ms
# ETAPAS_PRINCIPAL: 101
# NUM_MUESTRAS: 500
# FORMATO: idx	freq1_hz	freq2_hz	freq3_hz	freq4_hz
============================================================
idx	freq1_hz	freq2_hz	freq3_hz	freq4_hz
0	7533300	8210600	8225900	8704400
1	7533100	8210700	8225700	8704600
2	7533000	8210600	8224500	8703900
3	7533100	8211000	8224900	8704000
4	7532800	8210400	8224300	8704600
5	7533400	8211300	8225900	8705000
6	7533100	8210600	8225600	8704800
7	7533100	8210500	8225200	8704500
8	7533400	8210800	8225900	8704700
9	7533400	8211000	8225600	8704800
10	7533200	8210600	8225200	8704500
11	7533100	8210700	8225700	8704400
12	7533000	8210300	8224500	8704000
13	7533800	8211400	8225400	8704700
14	7533100	8210600	8224400	8704400
15	7533000	8210800	8225300	8704700
16	7532500	8210100	8224200	8704100
17	7533000	8210600	8224200	8704400
18	7533300	8211100	8224500	8704800
19	7534000	8211600	8225500	8704900
20	7533500	8210800	8226100	8705100
21	7533200	8210800	8224800	8704300
22	7532600	8210100	8224600	8703700
23	7533400	8211200	8224800	8704900
24	7532600	8209900	8224600	8703500
25	7533300	8211300	8224500	8704700
26	7533200	8210500	8224900	8703900
27	7532900	8210600	8224300	8704300
28	7533100	8210300	8225100	8704300
29	7533100	8210700	8225200	8704600
30	7532700	8209900	8225000	8703700
31	7532900	8210900	8223800	8704500
32	7533000	8210700	8224100	8704400
33	7532800	8210800	8224500	8704100
34	7532700	8210300	8224600	8704100
35	7532900	8211100	8224300	8704700
36	7532400	8210200	8224700	8704200
37	7532900	8210600	8225500	8704500
38	7532500	8210100	8225300	8704400
39	7532500	8210200	8224100	8704000
40	7532700	8210200	8224200	8703800
41	7532800	8211100	8224100	8704100
42	7532800	8210200	8224400	8703900
43	7533000	8210600	8225400	8704800
44	7532800	8210400	8224200	8705200
45	7533600	8211900	8224900	8705100
46	7533400	8211200	8224600	8705000
47	7533800	8212000	8225000	8705500
48	7533400	8211700	8224500	8705100
49	7533900	8211900	8225500	8705200
50	7533000	8210800	8225700	8705000
51	7533200	8211300	8224700	8704400
52	7534000	8211900	8226300	8705700
53	7533500	8211200	8225900	8705300
54	7533500	8210700	8226100	8705300
55	7533000	8210800	8224600	8705200
56	7533200	8211300	8224500	8705000
57	7533500	8211400	8225000	8704600
58	7532700	8210700	8223800	8704500
59	7533000	8211000	8224200	8704500
60	7532800	8210400	8224000	8704400
61	7532600	8210100	8224400	8704100
62	7532600	8210000	8224800	8704300
63	7532100	8209800	8224200	8703400
64	7532600	8210800	8223900	8704300
65	7533700	8211600	8226200	8705300
66	7532900	8210600	8224400	8704600
67	7532900	8211000	8225500	8704800
68	7532900	8210300	8225800	8704900
69	7532000	8210100	8223500	8703900
70	7532400	8210000	8224700	8704200
71	7532800	8210300	8225500	8704500
72	7532200	8209900	8225100	8704200
73	7532200	8209700	8224500	8703800
74	7532400	8209900	8224200	8703400
75	7532100	8210600	8223500	8703700
76	7532600	8210000	8225000	8704100
77	7532500	8210700	8223700	8704000
78	7533200	8210700	8224900	8705100
79	7532700	8210300	8224000	8704300
80	7532500	8210000	8224200	8704000
81	7532900	8211300	8224200	8704600
82	7532300	8210300	8223300	8704000
83	7532400	8210600	8223400	8703900
84	7532600	8210800	8223500	8703900
85	7533000	8210800	8224900	8704500
86	7532800	8210400	8224200	8704700
87	7533100	8211300	8224500	8704800
88	7533500	8210900	8225000	8704800
89	7533000	8211400	8224000	8704900
90	7532700	8210600	8224500	8704400
91	7533200	8211400	8224800	8704500
92	7532500	8210200	8224300	8703800
93	7532900	8210800	8225100	8704400
94	7532700	8210300	8224900	8704500
95	7532500	8210600	8223900	8704100
96	7532700	8210400	8225300	8704600
97	7532000	8209800	8223800	8703800
98	7532400	8210400	8223900	8704300
99	7533200	8211000	8225900	8705400
100	7532600	8210200	8225300	8704700
101	7532800	8210900	8224500	8704700
102	7533200	8211300	8225100	8704600
103	7532600	8210700	8225100	8704600
104	7532600	8210300	8225200	8704600
105	7533000	8211100	8225500	8704300
106	7533200	8211100	8226100	8705200
107	7533000	8211200	8224900	8704400
108	7532500	8210100	8224000	8704300
109	7532800	8210700	8225000	8704500
110	7532800	8210700	8224000	8704400
111	7532700	8210400	8224700	8704200
112	7532800	8210600	8225500	8704400
113	7532900	8210600	8225600	8704500
114	7532200	8209900	8224500	8703900
115	7532600	8210800	8224500	8703800
116	7533000	8211000	8224800	8755400
117	7532500	8210400	8224700	8703900
118	7533100	8210700	8225700	8703900
119	7532800	8211100	8224500	8704800
120	7532800	8210800	8224500	8703900
121	7533000	8211000	8224700	8704000
122	7533500	8211100	8226300	8705100
123	7533100	8211000	8226000	8704900
124	7532500	8210200	8224900	8705100
125	7532400	8210700	8224000	8704000
126	7532600	8210300	8224700	8704000
127	7533200	8211400	8225900	8704600
128	7532300	8210200	8225000	8704000
129	7532300	8211300	8224200	8704100
130	7532700	8210900	8224000	8704400
131	7532900	8210600	8225000	8704300
132	7532300	8210500	8223900	8704000
133	7533200	8211000	8225900	8705000
134	7533300	8211000	8225600	8705100
135	7533000	8210800	8224900	8704600
136	7532600	8211000	8224100	8704300
137	7532900	8211500	8224500	8619700
138	7532800	8210700	8224500	8703800
139	7532800	8210800	8224400	8703600
140	7532800	8210900	8224900	8704000
141	7532800	8210800	8224600	8704300
142	7533200	8211600	8224700	8704500
143	7533100	8210900	8225600	8704500
144	7532200	8209900	8224400	8703900
145	7532500	8211100	8224800	8704200
146	7532200	8210400	8224500	8703600
147	7532900	8211200	8225000	8704200
148	7532900	8211600	8224400	8704600
149	7532700	8211100	8225300	8704400
150	7532700	8210900	8224500	8704400
151	7533000	8211700	8224900	8704300
152	7532600	8210900	8224100	8704500
153	7533000	8211500	8224800	8704400
154	7532700	8210500	8224800	8703800
155	7532400	8210600	8224400	8703700
156	7533100	8211200	8225600	8705000
157	7532900	8210700	8224900	8704600
158	7532700	8210300	8224200	8704500
159	7533200	8211900	8224700	8704500
160	7533400	8211300	8225900	8705000
161	7532600	8210500	8225100	8704200
162	7532700	8210300	8224900	8704300
163	7532600	8210800	8224200	8704300
164	7532900	8211400	8224200	8704300
165	7532700	8211200	8224000	8704000
166	7532800	8210500	8225000	8704200
167	7532800	8211200	8224100	8704400
168	7532600	8210100	8224300	8703600
169	7532700	8210800	8225300	8704500
170	7532600	8210300	8224100	8704200
171	7532500	8211500	8224300	8703500
172	7532800	8210800	8225000	8704500
173	7533100	8211400	8223800	8705000
174	7533400	8211300	8224300	8704800
175	7533500	8211400	8225500	8705100
176	7532900	8210600	8225400	8704800
177	7533600	8212200	8225100	8705500
178	7533300	8210800	8225500	8705200
179	7532800	8210800	8225700	8704800
180	7533000	8211100	8224500	8704300
181	7533400	8211500	8225100	8704400
182	7533000	8210600	8225300	8704700
183	7533000	8210800	8224800	8704800
184	7533100	8210800	8224800	8704200
185	7533000	8210700	8224800	8704200
186	7533000	8210400	8224700	8704100
187	7533400	8211400	8226100	8704900
188	7533300	8211200	8224700	8704300
189	7534000	8212000	8226200	8704300
190	7533400	8211800	8224700	8704600
191	7533400	8211500	8225700	8704900
192	7533000	8210900	8224600	8704200
193	7533500	8211900	8224800	8704800
194	7532700	8210200	8224500	8703700
195	7533300	8211700	8224900	8704200
196	7532700	8210800	8224200	8704500
197	7533100	8211700	8224600	8704500
198	7533700	8212100	8225000	8704800
199	7533200	8211800	8224300	8704800
200	7533000	8210700	8225300	8704600
201	7533200	8211500	8225200	8704700
202	7532900	8210800	8225100	8704200
203	7533000	8210800	8225100	8704500
204	7532900	8210800	8225100	8704700
205	7533300	8211300	8225600	8705000
206	7533000	8210900	8225100	8704800
207	7533000	8210900	8225300	8704800
208	7532800	8210700	8224300	8704300
209	7533500	8211400	8225800	8705100
210	7532400	8210700	8223800	8704200
211	7532800	8211200	8224200	8703900
212	7532700	8210600	8224000	8704100
213	7532700	8210400	8224500	8704000
214	7533100	8210900	8225000	8704300
215	7532400	8210600	8223700	8704100
216	7533100	8210800	8224800	8704700
217	7532500	8210300	8224400	8703900
218	7532900	8210800	8225200	8704800
219	7533300	8211100	8225700	8704600
220	7532400	8210400	8224200	8703700
221	7532500	8211100	8224000	8704200
222	7532700	8210300	8224600	8704300
223	7533300	8212200	8224900	8704900
224	7532800	8210900	8224300	8704500
225	7533100	8211100	8225600	8704700
226	7532200	8209500	8224400	8704000
227	7532500	8210300	8225200	8704300
228	7532500	8210200	8224900	8703700
229	7532600	8210400	8223700	8704200
230	7532800	8210500	8224500	8704600
231	7532700	8210400	8224500	8704000
232	7532800	8210400	8224700	8704200
233	7533000	8211000	8225600	8704100
234	7532600	8210200	8224700	8704400
235	7532900	8210700	8225700	8704700
236	7532300	8210200	8224300	8703600
237	7532400	8210200	8224800	8704100
238	7531600	8209300	8223900	8703100
239	7532600	8210200	8225200	8704400
240	7532000	8209500	8224600	8703200
241	7532700	8210500	8224000	8788100
242	7531700	8209200	8223800	8703400
243	7532600	8210800	8224100	8704300
244	7532900	8210800	8224400	8704200
245	7532800	8210900	8225100	8704600
246	7532700	8210400	8225100	8704500
247	7532800	8210400	8225000	8704700
248	7532500	8210600	8223700	8704400
249	7532600	8210100	8224200	8704200
250	7532100	8210000	8223400	8703500
251	7532300	8209800	8223000	8703600
252	7532800	8210300	8223800	8704400
253	7532800	8210600	8224100	8704100
254	7532900	8210300	8224200	8720500
255	7532800	8211200	8224100	8704200
256	7532500	8209700	8224400	8703600
257	7532500	8210000	8224900	8704100
258	7531900	8209200	8223400	8703700
259	7533000	8210800	8223900	8704200
260	7533200	8210200	8226000	8704700
261	7532500	8209900	8224800	8704000
262	7532700	8209800	8224900	8703600
263	7532600	8210000	8224300	8700400
264	7532600	8209900	8225200	8704300
265	7532700	8210300	8225400	8704000
266	7532600	8210200	8224100	8704300
267	7532700	8210300	8224200	8703500
268	7532500	8210700	8223700	8703900
269	7532400	8210100	8224200	8704100
270	7532200	8210100	8223600	8704000
271	7532400	8210000	8225200	8703600
272	7531700	8209000	8224400	8703100
273	7531600	8209200	8224100	8703100
274	7531700	8209600	8223300	8702700
275	7531800	8209100	8223400	8702500
276	7531700	8209300	8223000	8703400
277	7531900	8209500	8223300	8703700
278	7531600	8208800	8223300	8703400
279	7532000	8209600	8223500	8703700
280	7532000	8209500	8224700	8703800
281	7532200	8209800	8225100	8703800
282	7531700	8208800	8224200	8703400
283	7531800	8209300	8223100	8703300
284	7532000	8209400	8224700	8703400
285	7532100	8210000	8224700	8703700
286	7532300	8209800	8225000	8703700
287	7532000	8209800	8223200	8703600
288	7531900	8209400	8224300	8703000
289	7532000	8209700	8224600	8703700
290	7532100	8209500	8223500	8703800
291	7532000	8209700	8224400	8703700
292	7532200	8209800	8224300	8703700
293	7532900	8210600	8225400	8704700
294	7532500	8210100	8223900	8704100
295	7533000	8210600	8225500	8704700
296	7532800	8210300	8225300	8704400
297	7532200	8209700	8223800	8703700
298	7532200	8209900	8223200	8703600
299	7531900	8209400	8223700	8702900
300	7532000	8209400	8223700	8703600
301	7532500	8210300	8224300	8704300
302	7532300	8210100	8224700	8704200
303	7532700	8210600	8225400	8704500
304	7532100	8209800	8223600	8703800
305	7532100	8209600	8224800	8703400
306	7531400	8208800	8223700	8702700
307	7532100	8209800	8223800	8703900
308	7532200	8210000	8223400	8703700
309	7532100	8210300	8223200	8703300
310	7532100	8209400	8223800	8703100
311	7532200	8210200	8223400	8702600
312	7532500	8210300	8223300	8703700
313	7532400	8210500	8223700	8704100
314	7532900	8210200	8224400	8704500
315	7532600	8210100	8224500	8704100
316	7532500	8209900	8224300	8703700
317	7532300	8209500	8224700	8703800
318	7532100	8209400	8224500	8703500
319	7531800	8209400	8223700	8702900
320	7531500	8208900	8223300	8702400
321	7531800	8209100	8223500	8703300
322	7531800	8208800	8224100	8703200
323	7532200	8209800	8223700	8703900
324	7531700	8208700	8223400	8703400
325	7532000	8209300	8223000	8703200
326	7532200	8209700	8223400	8703900
327	7531800	8209600	8222800	8703300
328	7531500	8208400	8223500	8703200
329	7531400	8208700	8223900	8703300
330	7531900	8209000	8224300	8703600
331	7532300	8209700	8224600	8703900
332	7531900	8209400	8223200	8703500
333	7531600	8209100	8223600	8702900
334	7531800	8208800	8224200	8702900
335	7531700	8209600	8222900	8703400
336	7531700	8209200	8223300	8703700
337	7531600	8209300	8223000	8703100
338	7531900	8209500	8223100	8703500
339	7531500	8209200	8224300	8703100
340	7531400	8208600	8223700	8702800
341	7532100	8209400	8223800	8703700
342	7532200	8209700	8223300	8703600
343	7532000	8209300	8223400	8703700
344	7532200	8209800	8223300	8703700
345	7532500	8210500	8223800	8704200
346	7532500	8210700	8223700	8704100
347	7532500	8209900	8223900	8703900
348	7531800	8209000	8224400	8703500
349	7532100	8209600	8224500	8703700
350	7532700	8209800	8224400	8703600
351	7531800	8209300	8224300	8703500
352	7532200	8209700	8224600	8703700
353	7532100	8209800	8223600	8703500
354	7532100	8209200	8224500	8703000
355	7532400	8209600	8224200	8703500
356	7532000	8209400	8223000	8703500
357	7532400	8210100	8223600	8703900
358	7532400	8209600	8224600	8703200
359	7532600	8210300	8223800	8788000
360	7532000	8209300	8222800	8703200
361	7531700	8209100	8224000	8703400
362	7531900	8209100	8223500	8703400
363	7532200	8209300	8224200	8703700
364	7531900	8209500	8222900	8703900
365	7531600	8209200	8223100	8702700
366	7532000	8209400	8224400	8703300
367	7532200	8209900	8224400	8703700
368	7531800	8209500	8224100	8703300
369	7532300	8210000	8223900	8703200
370	7532600	8209800	8225100	8703900
371	7532300	8209600	8224600	8703700
372	7532800	8210400	8224100	8704200
373	7532700	8210300	8224400	8703700
374	7532200	8210000	8224400	8703800
375	7532300	8210200	8224200	8703700
376	7532200	8210200	8223200	8703800
377	7531900	8209600	8223900	8702900
378	7532400	8209800	8224900	8704100
379	7532600	8210000	8224100	8704200
380	7532300	8209700	8223700	8703100
381	7532100	8209700	8223700	8703500
382	7532200	8209600	8224100	8703800
383	7532300	8210000	8223900	8703200
384	7532600	8210000	8225000	8704300
385	7532500	8210700	8223700	8704000
386	7532800	8210200	8224200	8704300
387	7532600	8210900	8223900	8704300
388	7532900	8210300	8225000	8704400
389	7532200	8210300	8223200	8703700
390	7532200	8209500	8224000	8703200
391	7532300	8209700	8224300	8703900
392	7532300	8209800	8224600	8704000
393	7532800	8210200	8224000	8704400
394	7532500	8209700	8224500	8703900
395	7532800	8210200	8224200	8703800
396	7533200	8210900	8224000	8704400
397	7533200	8210500	8224500	8704300
398	7533900	8211500	8225300	8704700
399	7533200	8211200	8224500	8704600
400	7533200	8210900	8224500	8704000
401	7533300	8211400	8224800	8704200
402	7532100	8209700	8223900	8703300
403	7532700	8210100	8224900	8704100
404	7532300	8209900	8223600	8703900
405	7532600	8210100	8224600	8703400
406	7533000	8210800	8224100	8704300
407	7532700	8210600	8224300	8703600
408	7532400	8209800	8224600	8703900
409	7532700	8210800	8224200	8704000
410	7532500	8210300	8223600	8704000
411	7532400	8209800	8224700	8703300
412	7532400	8209700	8224900	8703700
413	7531700	8209100	8223100	8703800
414	7532100	8209300	8224700	8703500
415	7532400	8209900	8225100	8703800
416	7532000	8209300	8224500	8703700
417	7532200	8210000	8224300	8703300
418	7532600	8210100	8225000	8704200
419	7532600	8211100	8224000	8704200
420	7532300	8209500	8223900	8703600
421	7532800	8210600	8225200	8756300
422	7532200	8209600	8224500	8703400
423	7533000	8210600	8224700	8704000
424	7533700	8211000	8225900	8705000
425	7533300	8210700	8225400	8704700
426	7533000	8210400	8224100	8704200
427	7532900	8210700	8223900	8703600
428	7532700	8209800	8224800	8704000
429	7531900	8209300	8224100	8703200
430	7532300	8209700	8223700	8703900
431	7532500	8210100	8224200	8704100
432	7532000	8209700	8223300	8703500
433	7532500	8210000	8223900	8704100
434	7532900	8210400	8225500	8704500
435	7532000	8209400	8224800	8619700
436	7531700	8209100	8223600	8702900
437	7532500	8209800	8224800	8702400
438	7531600	8208900	8223600	8702700
439	7533000	8210500	8225500	8704200
440	7532700	8209900	8225300	8704500
441	7532100	8209800	8224000	8703700
442	7532400	8209600	8224200	8703800
443	7532700	8210600	8223700	8704000
444	7533300	8211000	8224900	8704800
445	7532900	8211000	8224300	8704400
446	7532900	8210700	8225000	8704400
447	7532800	8211300	8224100	8704600
448	7532600	8210500	8223900	8703600
449	7533000	8211000	8225400	8704700
450	7532500	8210500	8223800	8704000
451	7532700	8211000	8224000	8704100
452	7532300	8210000	8224000	8703800
453	7532100	8210000	8223900	8703600
454	7532900	8210500	8225400	8703600
455	7532500	8210300	8224000	8704100
456	7532100	8209500	8223700	8703700
457	7532300	8210300	8224100	8762600
458	7532300	8210000	8223700	8703400
459	7532500	8210100	8224000	8756200
460	7532200	8209400	8223600	8703700
461	7532800	8210500	8224800	8703800
462	7532500	8209900	8224100	8703600
463	7532500	8210600	8223700	8703500
464	7532900	8210900	8224600	8704700
465	7532800	8210900	8224000	8704300
466	7532500	8209900	8224300	8704100
467	7532800	8210400	8224900	8704200
468	7532100	8209900	8223400	8703700
469	7532200	8210500	8223300	8703500
470	7532400	8209900	8223500	8703500
471	7532300	8210200	8224300	8703700
472	7532100	8209900	8224100	8703600
473	7532100	8210300	8223600	8703100
474	7532300	8209700	8224400	8703200
475	7532300	8210300	8224600	8704000
476	7532900	8210800	8224100	8704400
477	7532900	8211200	8224400	8703900
478	7532300	8210200	8224700	8704000
479	7532600	8210500	8225400	8704200
480	7532300	8210200	8223600	8703800
481	7532200	8209800	8224400	8703100
482	7532700	8210300	8224700	8704100
483	7533100	8210900	8225600	8704600
484	7532100	8209400	8223800	8703700
485	7532800	8210600	8224000	8704200
486	7532300	8209700	8224200	8704000
487	7532400	8210800	8223900	8704400
488	7532500	8210300	8224900	8704200
489	7532200	8210300	8223700	8704100
490	7532400	8210000	8224200	8704300
491	7531900	8210000	8223200	8703700
492	7531600	8209200	8223800	8702900
493	7531800	8210100	8223300	8703800
494	7531800	8209400	8223400	8703800
495	7532200	8210700	8223500	8703700
496	7532600	8210100	8224700	8704400
497	7533200	8210800	8225600	8704900
498	7532100	8209700	8223900	8703600
499	7533100	8210700	8225300	8704700

============================================================
# BITSTREAM: 1ms_3etapas.bit
# VENTANA: 1ms
# ETAPAS_PRINCIPAL: 3
# NUM_MUESTRAS: 500
# FORMATO: idx	freq1_hz	freq2_hz	freq3_hz	freq4_hz
============================================================
idx	freq1_hz	freq2_hz	freq3_hz	freq4_hz
0	35778000	35778000	35778000	35778000
1	35777000	35777000	35777000	35777000
2	35772000	35772000	35772000	35772000
3	35778000	35777000	35778000	35777000
4	35781000	35781000	35781000	35781000
5	35781000	35781000	35781000	35781000
6	35777000	35777000	35777000	35777000
7	35781000	35780000	35780000	35780000
8	35777000	35777000	35777000	35777000
9	35779000	35778000	35779000	35778000
10	35780000	35780000	35780000	35780000
11	35777000	35777000	35777000	35777000
12	35779000	35780000	35780000	35780000
13	35774000	35775000	35774000	35775000
14	35781000	35782000	35782000	35782000
15	35771000	35771000	35771000	35771000
16	35774000	35774000	35774000	35774000
17	35777000	35777000	35777000	35777000
18	35781000	35782000	35781000	35782000
19	35773000	35773000	35773000	35773000
20	35781000	35781000	35781000	35781000
21	35778000	35778000	35778000	35778000
22	35779000	35778000	35779000	35778000
23	35777000	35778000	35778000	35778000
24	35774000	35774000	35774000	35774000
25	35777000	35777000	35777000	35777000
26	35777000	35777000	35777000	35778000
27	35773000	35773000	35773000	35773000
28	35777000	35777000	35777000	35777000
29	35778000	35778000	35778000	35778000
30	35779000	35779000	35779000	35779000
31	35777000	35777000	35777000	35777000
32	35773000	35773000	35773000	35773000
33	35774000	35773000	35773000	35773000
34	35775000	35774000	35774000	35774000
35	35779000	35779000	35779000	35779000
36	35777000	35777000	35777000	35777000
37	35778000	35778000	35778000	35778000
38	35775000	35775000	35775000	35775000
39	35776000	35776000	35776000	35776000
40	35781000	35781000	35781000	35781000
41	35776000	35775000	35775000	35775000
42	35772000	35772000	35772000	35772000
43	35770000	35770000	35770000	35770000
44	35770000	35770000	35770000	35770000
45	35776000	35775000	35776000	35775000
46	35777000	35777000	35777000	35777000
47	35773000	35773000	35773000	35773000
48	35778000	35778000	35794000	35778000
49	35772000	35772000	35772000	35772000
50	35773000	35773000	35773000	35773000
51	35774000	35773000	35773000	35773000
52	35771000	35771000	35771000	35771000
53	35769000	35769000	35769000	35769000
54	35766000	35766000	35766000	35766000
55	35770000	35770000	35770000	35770000
56	35769000	35769000	35769000	35769000
57	35775000	35775000	35775000	35775000
58	35770000	35770000	35770000	35770000
59	35771000	35771000	35771000	35771000
60	35770000	35770000	35770000	35770000
61	35772000	35772000	35772000	35772000
62	35775000	35775000	35775000	35775000
63	35771000	35771000	35771000	35771000
64	35772000	35772000	35772000	35772000
65	35767000	35767000	35767000	35767000
66	35765000	35765000	35765000	35765000
67	35768000	35768000	35768000	35768000
68	35773000	35773000	35773000	35773000
69	35772000	35772000	35772000	35772000
70	35778000	35778000	35778000	35778000
71	35772000	35772000	35772000	35772000
72	35773000	35773000	35773000	35773000
73	35777000	35777000	35777000	35777000
74	35770000	35770000	35770000	35770000
75	35775000	35775000	35775000	35775000
76	35772000	35771000	35771000	35772000
77	35773000	35774000	35773000	35774000
78	35776000	35776000	35776000	35776000
79	35776000	35777000	35777000	35777000
80	35777000	35777000	35777000	35777000
81	35775000	35775000	35775000	35775000
82	35778000	35778000	35778000	35778000
83	35775000	35776000	35775000	35776000
84	35774000	35774000	35774000	35774000
85	35777000	35778000	35777000	35778000
86	35775000	35775000	35775000	35775000
87	35774000	35774000	35774000	35774000
88	35773000	35774000	35774000	35774000
89	35777000	35777000	35777000	35777000
90	35777000	35777000	35777000	35777000
91	35777000	35778000	35778000	35778000
92	35775000	35775000	35775000	35775000
93	35770000	35770000	35770000	35770000
94	35773000	35774000	35774000	35774000
95	35779000	35779000	35779000	35779000
96	35773000	35773000	35773000	35773000
97	35766000	35766000	35766000	35766000
98	35767000	35767000	35767000	35767000
99	35771000	35771000	35771000	35771000
100	35774000	35774000	35774000	35774000
101	35773000	35772000	35772000	35772000
102	35775000	35775000	35775000	35775000
103	35777000	35777000	35777000	35777000
104	35773000	35773000	35773000	35773000
105	35774000	35775000	35774000	35775000
106	35767000	35767000	35767000	35767000
107	35769000	35769000	35769000	35769000
108	35778000	35778000	35778000	35778000
109	35778000	35778000	35778000	35778000
110	35776000	35776000	35776000	35776000
111	35775000	35775000	35775000	35775000
112	35770000	35771000	35770000	35771000
113	35772000	35772000	35772000	35772000
114	35773000	35773000	35773000	35773000
115	35769000	35769000	35769000	35769000
116	35771000	35771000	35771000	35771000
117	35772000	35772000	35772000	35772000
118	35769000	35769000	35769000	35769000
119	35771000	35771000	35771000	35771000
120	35770000	35770000	35770000	35770000
121	35769000	35769000	35769000	35769000
122	35769000	35770000	35770000	35770000
123	35778000	35778000	35778000	35778000
124	35775000	35775000	35775000	35775000
125	35770000	35770000	35770000	35770000
126	35779000	35779000	35779000	35779000
127	35779000	35779000	35779000	35779000
128	35776000	35777000	35777000	35777000
129	35779000	35779000	35779000	35779000
130	35775000	35775000	35775000	35775000
131	35772000	35772000	35772000	35772000
132	35772000	35772000	35772000	35772000
133	35772000	35771000	35771000	35771000
134	35772000	35772000	35772000	35772000
135	35771000	35771000	35771000	35771000
136	35776000	35777000	35777000	35777000
137	35772000	35772000	35772000	35772000
138	35770000	35770000	35770000	35770000
139	35775000	35775000	35775000	35775000
140	35777000	35777000	35777000	35777000
141	35776000	35776000	35792000	35776000
142	35776000	35776000	35776000	35778000
143	35773000	35773000	35774000	35773000
144	35774000	35773000	35774000	35773000
145	35774000	35775000	35774000	35775000
146	35776000	35775000	35775000	35775000
147	35774000	35774000	35774000	35774000
148	35774000	35775000	35774000	35775000
149	35776000	35776000	35776000	35776000
150	35777000	35777000	35777000	35777000
151	35777000	35777000	35777000	35777000
152	35775000	35775000	35775000	35775000
153	35770000	35771000	35771000	35771000
154	35777000	35777000	35777000	35777000
155	35779000	35779000	35779000	35779000
156	35772000	35772000	35772000	35772000
157	35774000	35774000	35774000	35774000
158	35781000	35781000	35781000	35781000
159	35772000	35772000	35772000	35772000
160	35768000	35769000	35768000	35769000
161	35771000	35771000	35771000	35771000
162	35776000	35776000	35776000	35776000
163	35772000	35772000	35772000	35772000
164	35769000	35769000	35769000	35769000
165	35774000	35774000	35774000	35774000
166	35775000	35775000	35775000	35775000
167	35775000	35776000	35776000	35776000
168	35776000	35776000	35776000	35776000
169	35779000	35778000	35778000	35778000
170	35772000	35772000	35772000	35772000
171	35774000	35774000	35774000	35774000
172	35772000	35772000	35772000	35772000
173	35774000	35774000	35774000	35774000
174	35773000	35773000	35773000	35773000
175	35771000	35771000	35771000	35771000
176	35770000	35770000	35770000	35770000
177	35768000	35768000	35768000	35768000
178	35769000	35768000	35769000	35768000
179	35767000	35767000	35767000	35767000
180	35765000	35765000	35765000	35765000
181	35769000	35769000	35769000	35769000
182	35768000	35768000	35768000	35768000
183	35768000	35768000	35768000	35768000
184	35775000	35775000	35775000	35775000
185	35776000	35776000	35776000	35776000
186	35774000	35773000	35773000	35773000
187	35769000	35769000	35769000	35769000
188	35770000	35769000	35769000	35769000
189	35775000	35775000	35775000	35775000
190	35776000	35777000	35776000	35777000
191	35775000	35775000	35775000	35775000
192	35777000	35777000	35777000	35777000
193	35771000	35771000	35771000	35771000
194	35773000	35772000	35772000	35772000
195	35775000	35775000	35775000	35776000
196	35773000	35773000	35773000	35773000
197	35772000	35772000	35772000	35772000
198	35773000	35773000	35773000	35773000
199	35776000	35776000	35776000	35776000
200	35774000	35774000	35774000	35774000
201	35775000	35775000	35775000	35775000
202	35773000	35773000	35773000	35773000
203	35775000	35775000	35775000	35775000
204	35779000	35779000	35779000	35779000
205	35777000	35776000	35777000	35776000
206	35771000	35772000	35772000	35772000
207	35777000	35777000	35777000	35777000
208	35781000	35781000	35781000	35781000
209	35778000	35778000	35778000	35778000
210	35774000	35774000	35774000	35774000
211	35774000	35774000	35758000	35774000
212	35775000	35775000	35775000	35775000
213	35770000	35770000	35770000	35770000
214	35770000	35769000	35770000	35769000
215	35768000	35768000	35768000	35768000
216	35773000	35773000	35773000	35773000
217	35774000	35774000	35774000	35774000
218	35767000	35767000	35767000	35767000
219	35766000	35766000	35766000	35774000
220	35768000	35769000	35768000	35769000
221	35765000	35766000	35766000	35766000
222	35770000	35769000	35770000	35769000
223	35769000	35769000	35769000	35769000
224	35769000	35769000	35769000	35769000
225	35770000	35770000	35770000	35770000
226	35767000	35767000	35767000	35767000
227	35773000	35773000	35773000	35773000
228	35773000	35773000	35773000	35773000
229	35772000	35772000	35772000	35772000
230	35769000	35768000	35769000	35768000
231	35774000	35775000	35775000	35775000
232	35773000	35773000	35773000	35773000
233	35772000	35772000	35772000	35772000
234	35776000	35776000	35776000	35776000
235	35774000	35774000	35774000	35774000
236	35768000	35768000	35768000	35768000
237	35771000	35771000	35771000	35771000
238	35768000	35768000	35768000	35768000
239	35770000	35771000	35771000	35771000
240	35771000	35771000	35771000	35771000
241	35768000	35768000	35768000	35768000
242	35774000	35774000	35774000	35774000
243	35774000	35774000	35774000	35774000
244	35778000	35779000	35779000	35779000
245	35780000	35780000	35780000	35780000
246	35774000	35774000	35774000	35774000
247	35773000	35774000	35774000	35774000
248	35776000	35776000	35776000	35776000
249	35778000	35777000	35777000	35811000
250	35777000	35776000	35776000	35776000
251	35772000	35773000	35773000	35773000
252	35780000	35780000	35780000	35780000
253	35776000	35776000	35776000	35776000
254	35768000	35768000	35768000	35768000
255	35771000	35771000	35771000	35771000
256	35774000	35774000	35774000	35774000
257	35768000	35768000	35768000	35768000
258	35774000	35774000	35774000	35774000
259	35773000	35773000	35773000	35773000
260	35777000	35776000	35776000	35776000
261	35775000	35776000	35775000	35776000
262	35775000	35775000	35775000	35775000
263	35772000	35772000	35772000	35772000
264	35775000	35775000	35775000	35775000
265	35773000	35773000	35773000	35773000
266	35771000	35771000	35771000	35771000
267	35769000	35770000	35769000	35770000
268	35769000	35769000	35769000	35769000
269	35774000	35774000	35774000	35774000
270	35773000	35773000	35773000	35773000
271	35775000	35775000	35775000	35775000
272	35770000	35770000	35770000	35770000
273	35773000	35773000	35773000	35773000
274	35772000	35772000	35772000	35772000
275	35773000	35773000	35773000	35773000
276	35775000	35775000	35775000	35775000
277	35771000	35771000	35771000	35771000
278	35771000	35771000	35771000	35771000
279	35767000	35767000	35767000	35767000
280	35773000	35773000	35773000	35773000
281	35774000	35774000	35774000	35774000
282	35773000	35773000	35773000	35773000
283	35771000	35771000	35771000	35771000
284	35771000	35771000	35771000	35771000
285	35774000	35774000	35774000	35774000
286	35777000	35777000	35777000	35777000
287	35775000	35775000	35775000	35775000
288	35774000	35774000	35774000	35774000
289	35779000	35779000	35779000	35779000
290	35771000	35771000	35771000	35771000
291	35775000	35775000	35775000	35775000
292	35775000	35774000	35774000	35774000
293	35776000	35776000	35776000	35775000
294	35768000	35768000	35768000	35768000
295	35775000	35776000	35776000	35776000
296	35770000	35771000	35770000	35771000
297	35774000	35773000	35773000	35773000
298	35774000	35774000	35774000	35774000
299	35776000	35776000	35776000	35776000
300	35772000	35772000	35772000	35771000
301	35775000	35775000	35775000	35775000
302	35774000	35774000	35774000	35774000
303	35769000	35769000	35769000	35769000
304	35774000	35775000	35774000	35775000
305	35778000	35778000	35778000	35778000
306	35777000	35777000	35777000	35777000
307	35778000	35778000	35778000	35778000
308	35775000	35775000	35775000	35775000
309	35774000	35774000	35774000	35774000
310	35773000	35774000	35774000	35774000
311	35775000	35775000	35775000	35775000
312	35773000	35773000	35773000	35773000
313	35771000	35771000	35771000	35771000
314	35774000	35774000	35774000	35774000
315	35771000	35770000	35771000	35770000
316	35777000	35778000	35778000	35778000
317	35777000	35777000	35777000	35777000
318	35772000	35772000	35772000	35772000
319	35771000	35771000	35771000	35771000
320	35770000	35770000	35770000	35770000
321	35772000	35772000	35772000	35772000
322	35777000	35777000	35777000	35777000
323	35777000	35777000	35777000	35777000
324	35773000	35773000	35773000	35773000
325	35778000	35777000	35777000	35777000
326	35779000	35779000	35779000	35779000
327	35779000	35779000	35779000	35779000
328	35783000	35783000	35782000	35783000
329	35777000	35778000	35777000	35778000
330	35780000	35779000	35780000	35779000
331	35776000	35776000	35776000	35776000
332	35775000	35774000	35774000	35774000
333	35776000	35776000	35776000	35776000
334	35776000	35776000	35776000	35776000
335	35780000	35780000	35780000	35814000
336	35775000	35775000	35775000	35775000
337	35777000	35777000	35777000	35777000
338	35775000	35775000	35775000	35775000
339	35776000	35776000	35776000	35776000
340	35773000	35772000	35772000	35772000
341	35771000	35772000	35772000	35772000
342	35776000	35776000	35776000	35776000
343	35779000	35779000	35779000	35779000
344	35775000	35775000	35775000	35775000
345	35778000	35777000	35777000	35777000
346	35778000	35778000	35778000	35778000
347	35773000	35773000	35773000	35773000
348	35774000	35774000	35774000	35774000
349	35774000	35773000	35773000	35773000
350	35775000	35775000	35775000	35775000
351	35773000	35773000	35773000	35773000
352	35775000	35775000	35775000	35775000
353	35775000	35775000	35775000	35776000
354	35774000	35774000	35774000	35798000
355	35775000	35775000	35775000	35775000
356	35774000	35775000	35775000	35775000
357	35774000	35774000	35774000	35774000
358	35770000	35770000	35770000	35770000
359	35770000	35769000	35769000	35769000
360	35773000	35774000	35774000	35774000
361	35769000	35769000	35769000	35769000
362	35771000	35771000	35771000	35771000
363	35770000	35770000	35770000	35770000
364	35773000	35773000	35773000	35773000
365	35772000	35772000	35772000	35772000
366	35772000	35772000	35772000	35772000
367	35772000	35771000	35771000	35771000
368	35771000	35771000	35771000	35771000
369	35767000	35768000	35768000	35768000
370	35770000	35770000	35770000	35770000
371	35771000	35772000	35771000	35772000
372	35778000	35778000	35778000	35778000
373	35775000	35775000	35775000	35775000
374	35774000	35774000	35774000	35774000
375	35778000	35779000	35779000	35779000
376	35770000	35770000	35770000	35770000
377	35772000	35772000	35772000	35772000
378	35778000	35778000	35778000	35778000
379	35771000	35771000	35771000	35771000
380	35774000	35774000	35774000	35774000
381	35773000	35773000	35773000	35773000
382	35774000	35774000	35774000	35774000
383	35774000	35774000	35774000	35774000
384	35776000	35776000	35776000	35776000
385	35773000	35773000	35773000	35773000
386	35772000	35772000	35772000	35772000
387	35773000	35773000	35773000	35773000
388	35771000	35771000	35771000	35770000
389	35775000	35775000	35775000	35775000
390	35774000	35774000	35774000	35774000
391	35777000	35777000	35777000	35777000
392	35773000	35773000	35773000	35773000
393	35770000	35770000	35770000	35770000
394	35767000	35767000	35767000	35767000
395	35771000	35771000	35771000	35771000
396	35766000	35766000	35766000	35765000
397	35772000	35772000	35772000	35772000
398	35772000	35772000	35772000	35773000
399	35773000	35773000	35773000	35773000
400	35773000	35773000	35773000	35773000
401	35774000	35774000	35774000	35774000
402	35774000	35774000	35774000	35774000
403	35774000	35774000	35774000	35774000
404	35774000	35774000	35774000	35774000
405	35773000	35773000	35773000	35773000
406	35769000	35769000	35769000	35769000
407	35777000	35777000	35777000	35777000
408	35772000	35772000	35772000	35772000
409	35773000	35773000	35773000	35773000
410	35776000	35776000	35776000	35776000
411	35770000	35770000	35770000	35770000
412	35770000	35770000	35770000	35770000
413	35772000	35772000	35772000	35772000
414	35767000	35767000	35767000	35767000
415	35771000	35771000	35771000	35771000
416	35774000	35774000	35774000	35774000
417	35768000	35768000	35768000	35768000
418	35776000	35776000	35776000	35776000
419	35772000	35772000	35772000	35771000
420	35772000	35772000	35772000	35772000
421	35775000	35776000	35776000	35776000
422	35767000	35767000	35767000	35767000
423	35775000	35774000	35775000	35774000
424	35773000	35773000	35773000	35773000
425	35771000	35771000	35771000	35772000
426	35766000	35766000	35766000	35766000
427	35766000	35766000	35766000	35766000
428	35776000	35776000	35776000	35776000
429	35769000	35768000	35768000	35768000
430	35768000	35767000	35768000	35767000
431	35773000	35772000	35773000	35772000
432	35772000	35772000	35772000	35772000
433	35768000	35768000	35768000	35768000
434	35777000	35777000	35777000	35777000
435	35771000	35770000	35770000	35771000
436	35773000	35773000	35773000	35773000
437	35774000	35773000	35773000	35773000
438	35770000	35770000	35770000	35770000
439	35774000	35774000	35774000	35774000
440	35774000	35775000	35775000	35775000
441	35769000	35769000	35769000	35769000
442	35772000	35772000	35772000	35772000
443	35775000	35776000	35775000	35776000
444	35772000	35772000	35772000	35772000
445	35776000	35776000	35792000	35776000
446	35774000	35774000	35774000	35774000
447	35775000	35775000	35775000	35775000
448	35778000	35778000	35778000	35778000
449	35774000	35773000	35773000	35774000
450	35778000	35778000	35778000	35778000
451	35775000	35775000	35775000	35775000
452	35776000	35776000	35776000	35776000
453	35779000	35779000	35779000	35779000
454	35777000	35777000	35776000	35777000
455	35773000	35773000	35773000	35773000
456	35774000	35774000	35774000	35774000
457	35774000	35774000	35774000	35774000
458	35774000	35774000	35758000	35774000
459	35771000	35771000	35771000	35771000
460	35777000	35777000	35777000	35777000
461	35769000	35769000	35769000	35769000
462	35771000	35771000	35771000	35771000
463	35767000	35767000	35767000	35767000
464	35775000	35775000	35775000	35775000
465	35775000	35775000	35775000	35775000
466	35776000	35775000	35776000	35775000
467	35773000	35774000	35774000	35774000
468	35773000	35773000	35773000	35773000
469	35770000	35769000	35769000	35769000
470	35772000	35772000	35772000	35772000
471	35768000	35768000	35768000	35768000
472	35770000	35769000	35769000	35769000
473	35772000	35772000	35772000	35772000
474	35772000	35772000	35772000	35772000
475	35767000	35766000	35767000	35766000
476	35772000	35773000	35773000	35773000
477	35772000	35772000	35772000	35772000
478	35774000	35774000	35774000	35774000
479	35767000	35767000	35767000	35767000
480	35772000	35772000	35772000	35772000
481	35773000	35774000	35773000	35774000
482	35772000	35772000	35772000	35772000
483	35775000	35775000	35775000	35775000
484	35779000	35778000	35778000	35778000
485	35775000	35774000	35774000	35775000
486	35774000	35775000	35774000	35775000
487	35771000	35771000	35771000	35771000
488	35770000	35770000	35770000	35770000
489	35774000	35774000	35774000	35774000
490	35772000	35772000	35772000	35772000
491	35776000	35776000	35776000	35776000
492	35772000	35772000	35772000	35772000
493	35773000	35774000	35773000	35774000
494	35774000	35774000	35774000	35774000
495	35766000	35765000	35765000	35765000
496	35771000	35771000	35771000	35771000
497	35772000	35773000	35773000	35773000
498	35775000	35775000	35775000	35775000
499	35770000	35770000	35770000	35770000

============================================================
# BITSTREAM: 1ms_5etapas.bit
# VENTANA: 1ms
# ETAPAS_PRINCIPAL: 5
# NUM_MUESTRAS: 500
# FORMATO: idx	freq1_hz	freq2_hz	freq3_hz	freq4_hz
============================================================
idx	freq1_hz	freq2_hz	freq3_hz	freq4_hz
0	34341000	34341000	34341000	34340000
1	34338000	34338000	34338000	34338000
2	34343000	34343000	34343000	34343000
3	34339000	34339000	34339000	34340000
4	34337000	34338000	34337000	34337000
5	34335000	34335000	34335000	34335000
6	34343000	34343000	34343000	34343000
7	34342000	34342000	34342000	34342000
8	34339000	34339000	34339000	34339000
9	34342000	34342000	34342000	34342000
10	34337000	34337000	34337000	34337000
11	34339000	34339000	34339000	34339000
12	34338000	34338000	34338000	34338000
13	34339000	34339000	34339000	34339000
14	34336000	34335000	34336000	34336000
15	34338000	34338000	34338000	34337000
16	34336000	34337000	34336000	34336000
17	34342000	34342000	34342000	34342000
18	34335000	34335000	34335000	34335000
19	34332000	34332000	34332000	34332000
20	34337000	34337000	34337000	34337000
21	34337000	34337000	34337000	34337000
22	34336000	34336000	34336000	34337000
23	34332000	34332000	34332000	34332000
24	34333000	34333000	34333000	34332000
25	34333000	34333000	34333000	34333000
26	34337000	34337000	34337000	34337000
27	34333000	34333000	34333000	34333000
28	34332000	34332000	34332000	34333000
29	34332000	34331000	34332000	34332000
30	34335000	34335000	34335000	34335000
31	34334000	34334000	34334000	34334000
32	34334000	34334000	34334000	34334000
33	34332000	34332000	34332000	34331000
34	34338000	34338000	34338000	34339000
35	34333000	34333000	34333000	34333000
36	34332000	34332000	34332000	34332000
37	34339000	34339000	34339000	34339000
38	34343000	34343000	34343000	34343000
39	34335000	34336000	34335000	34335000
40	34343000	34343000	34343000	34343000
41	34337000	34337000	34337000	34337000
42	34342000	34342000	34342000	34342000
43	34333000	34332000	34333000	34333000
44	34338000	34338000	34338000	34338000
45	34337000	34337000	34337000	34337000
46	34339000	34340000	34339000	34339000
47	34335000	34335000	34335000	34335000
48	34338000	34338000	34338000	34338000
49	34335000	34335000	34335000	34334000
50	34336000	34336000	34336000	34336000
51	34345000	34345000	34345000	34345000
52	34338000	34338000	34338000	34338000
53	34341000	34341000	34341000	34341000
54	34342000	34342000	34342000	34342000
55	34344000	34344000	34344000	34344000
56	34340000	34340000	34340000	34340000
57	34343000	34343000	34343000	34343000
58	34338000	34338000	34338000	34338000
59	34335000	34335000	34335000	34336000
60	34337000	34337000	34337000	34337000
61	34336000	34336000	34336000	34335000
62	34335000	34335000	34335000	34335000
63	34341000	34341000	34341000	34341000
64	34335000	34335000	34335000	34335000
65	34339000	34339000	34339000	34339000
66	34339000	34339000	34339000	34338000
67	34338000	34338000	34338000	34338000
68	34341000	34341000	34341000	34341000
69	34342000	34341000	34342000	34342000
70	34341000	34341000	34341000	34341000
71	34343000	34343000	34343000	34343000
72	34343000	34342000	34343000	34343000
73	34345000	34345000	34345000	34345000
74	34341000	34341000	34341000	34341000
75	34343000	34343000	34343000	34343000
76	34340000	34340000	34340000	34340000
77	34337000	34337000	34337000	34337000
78	34337000	34337000	34337000	34337000
79	34339000	34339000	34339000	34339000
80	34338000	34338000	34338000	34337000
81	34337000	34337000	34337000	34337000
82	34338000	34338000	34338000	34338000
83	34341000	34341000	34341000	34341000
84	34339000	34339000	34339000	34339000
85	34336000	34336000	34336000	34335000
86	34341000	34341000	34341000	34342000
87	34343000	34343000	34343000	34343000
88	34345000	34345000	34345000	34345000
89	34341000	34341000	34341000	34341000
90	34344000	34344000	34344000	34344000
91	34342000	34342000	34342000	34342000
92	34342000	34342000	34342000	34342000
93	34340000	34340000	34340000	34340000
94	34334000	34333000	34334000	34334000
95	34344000	34344000	34344000	34344000
96	34346000	34346000	34346000	34346000
97	34341000	34341000	34341000	34341000
98	34342000	34342000	34342000	34342000
99	34341000	34341000	34341000	34341000
100	34339000	34339000	34339000	34339000
101	34341000	34341000	34341000	34342000
102	34341000	34341000	34341000	34341000
103	34337000	34336000	34337000	34337000
104	34342000	34342000	34342000	34342000
105	34342000	34342000	34342000	34342000
106	34342000	34342000	34342000	34342000
107	34342000	34342000	34342000	34342000
108	34341000	34341000	34341000	34341000
109	34343000	34343000	34343000	34343000
110	34342000	34342000	34342000	34342000
111	34337000	34337000	34337000	34337000
112	34338000	34339000	34338000	34339000
113	34338000	34338000	34338000	34338000
114	34341000	34341000	34341000	34341000
115	34336000	34336000	34336000	34337000
116	34338000	34338000	34338000	34339000
117	34340000	34340000	34340000	34340000
118	34338000	34338000	34338000	34338000
119	34344000	34344000	34344000	34344000
120	34343000	34343000	34343000	34343000
121	34340000	34340000	34340000	34340000
122	34340000	34340000	34340000	34340000
123	34340000	34340000	34340000	34340000
124	34345000	34346000	34345000	34345000
125	34341000	34341000	34341000	34342000
126	34336000	34336000	34336000	34337000
127	34339000	34340000	34339000	34339000
128	34337000	34337000	34337000	34338000
129	34342000	34341000	34342000	34342000
130	34341000	34341000	34341000	34341000
131	34345000	34344000	34345000	34345000
132	34343000	34343000	34343000	34344000
133	34342000	34342000	34342000	34342000
134	34340000	34340000	34340000	34340000
135	34337000	34337000	34337000	34337000
136	34342000	34342000	34342000	34342000
137	34339000	34339000	34339000	34339000
138	34340000	34340000	34340000	34340000
139	34341000	34341000	34341000	34341000
140	34341000	34340000	34341000	34341000
141	34337000	34338000	34337000	34337000
142	34340000	34340000	34340000	34340000
143	34338000	34338000	34338000	34338000
144	34339000	34339000	34339000	34339000
145	34343000	34343000	34343000	34342000
146	34342000	34343000	34342000	34342000
147	34343000	34343000	34343000	34343000
148	34345000	34344000	34345000	34345000
149	34344000	34344000	34344000	34344000
150	34345000	34345000	34345000	34345000
151	34348000	34348000	34348000	34348000
152	34344000	34344000	34344000	34344000
153	34341000	34341000	34341000	34341000
154	34341000	34341000	34341000	34341000
155	34340000	34340000	34340000	34340000
156	34339000	34339000	34339000	34339000
157	34344000	34344000	34344000	34344000
158	34342000	34342000	34342000	34341000
159	34343000	34343000	34343000	34343000
160	34338000	34338000	34338000	34338000
161	34337000	34337000	34337000	34337000
162	34337000	34337000	34337000	34337000
163	34341000	34341000	34341000	34341000
164	34338000	34338000	34338000	34339000
165	34337000	34337000	34337000	34336000
166	34337000	34337000	34337000	34337000
167	34341000	34341000	34341000	34341000
168	34343000	34343000	34343000	34343000
169	34343000	34343000	34343000	34343000
170	34342000	34342000	34342000	34342000
171	34338000	34338000	34338000	34338000
172	34340000	34340000	34340000	34340000
173	34345000	34345000	34345000	34345000
174	34341000	34341000	34341000	34340000
175	34338000	34338000	34338000	34338000
176	34340000	34340000	34340000	34340000
177	34340000	34340000	34340000	34340000
178	34339000	34339000	34339000	34339000
179	34337000	34337000	34337000	34337000
180	34339000	34339000	34339000	34339000
181	34343000	34343000	34343000	34343000
182	34339000	34339000	34339000	34339000
183	34344000	34345000	34344000	34344000
184	34345000	34345000	34345000	34346000
185	34343000	34343000	34343000	34343000
186	34340000	34339000	34340000	34340000
187	34336000	34336000	34336000	34335000
188	34343000	34343000	34343000	34343000
189	34342000	34343000	34342000	34342000
190	34346000	34346000	34346000	34346000
191	34346000	34346000	34346000	34346000
192	34342000	34342000	34342000	34342000
193	34344000	34344000	34344000	34344000
194	34345000	34345000	34345000	34345000
195	34345000	34345000	34345000	34345000
196	34343000	34343000	34343000	34342000
197	34345000	34345000	34345000	34344000
198	34343000	34343000	34343000	34343000
199	34344000	34343000	34344000	34343000
200	34340000	34340000	34340000	34340000
201	34348000	34349000	34348000	34348000
202	34343000	34343000	34343000	34343000
203	34344000	34345000	34344000	34344000
204	34341000	34341000	34341000	34341000
205	34343000	34343000	34343000	34343000
206	34338000	34338000	34338000	34338000
207	34341000	34341000	34341000	34341000
208	34347000	34347000	34347000	34347000
209	34349000	34349000	34349000	34349000
210	34343000	34343000	34343000	34343000
211	34344000	34344000	34344000	34344000
212	34340000	34340000	34340000	34339000
213	34343000	34343000	34343000	34343000
214	34344000	34343000	34344000	34344000
215	34349000	34349000	34349000	34349000
216	34344000	34344000	34344000	34343000
217	34343000	34343000	34343000	34343000
218	34349000	34349000	34349000	34349000
219	34348000	34348000	34348000	34348000
220	34349000	34349000	34349000	34349000
221	34346000	34346000	34346000	34346000
222	34345000	34345000	34345000	34345000
223	34342000	34342000	34342000	34343000
224	34343000	34343000	34343000	34343000
225	34344000	34344000	34344000	34344000
226	34343000	34343000	34343000	34343000
227	34347000	34347000	34347000	34347000
228	34343000	34343000	34343000	34342000
229	34347000	34347000	34347000	34347000
230	34349000	34349000	34349000	34349000
231	34347000	34347000	34347000	34347000
232	34342000	34342000	34342000	34342000
233	34347000	34347000	34347000	34347000
234	34351000	34351000	34351000	34351000
235	34352000	34352000	34352000	34352000
236	34352000	34352000	34352000	34352000
237	34351000	34351000	34351000	34351000
238	34347000	34347000	34347000	34347000
239	34348000	34349000	34348000	34348000
240	34341000	34341000	34341000	34341000
241	34351000	34351000	34351000	34351000
242	34347000	34347000	34347000	34347000
243	34346000	34346000	34346000	34346000
244	34346000	34346000	34346000	34346000
245	34347000	34347000	34347000	34347000
246	34350000	34350000	34350000	34350000
247	34345000	34345000	34345000	34346000
248	34346000	34346000	34346000	34346000
249	34347000	34346000	34347000	34347000
250	34346000	34346000	34346000	34346000
251	34344000	34344000	34344000	34344000
252	34349000	34349000	34349000	34349000
253	34350000	34350000	34350000	34350000
254	34350000	34350000	34350000	34350000
255	34347000	34347000	34347000	34347000
256	34347000	34346000	34347000	34347000
257	34346000	34346000	34346000	34346000
258	34348000	34348000	34348000	34348000
259	34343000	34343000	34343000	34343000
260	34346000	34346000	34346000	34346000
261	34341000	34341000	34341000	34341000
262	34347000	34347000	34347000	34347000
263	34344000	34344000	34344000	34344000
264	34345000	34345000	34345000	34345000
265	34338000	34338000	34338000	34338000
266	34342000	34342000	34342000	34342000
267	34339000	34339000	34339000	34339000
268	34347000	34347000	34347000	34347000
269	34342000	34342000	34342000	34343000
270	34339000	34340000	34339000	34339000
271	34343000	34342000	34343000	34343000
272	34345000	34345000	34345000	34345000
273	34342000	34342000	34342000	34343000
274	34347000	34347000	34347000	34347000
275	34346000	34346000	34346000	34346000
276	34345000	34345000	34345000	34345000
277	34346000	34346000	34346000	34346000
278	34341000	34341000	34341000	34341000
279	34345000	34345000	34345000	34345000
280	34343000	34343000	34343000	34343000
281	34345000	34345000	34345000	34345000
282	34343000	34343000	34343000	34343000
283	34348000	34348000	34348000	34348000
284	34345000	34346000	34345000	34345000
285	34347000	34347000	34347000	34347000
286	34351000	34351000	34351000	34351000
287	34347000	34347000	34347000	34347000
288	34350000	34350000	34350000	34350000
289	34349000	34348000	34349000	34349000
290	34346000	34346000	34346000	34346000
291	34343000	34343000	34343000	34344000
292	34344000	34344000	34344000	34344000
293	34343000	34344000	34343000	34343000
294	34342000	34342000	34342000	34342000
295	34342000	34343000	34342000	34342000
296	34342000	34342000	34342000	34342000
297	34341000	34340000	34341000	34341000
298	34340000	34340000	34340000	34340000
299	34343000	34342000	34343000	34343000
300	34341000	34341000	34341000	34341000
301	34341000	34341000	34341000	34341000
302	34342000	34342000	34342000	34343000
303	34348000	34348000	34348000	34347000
304	34340000	34340000	34340000	34340000
305	34343000	34342000	34343000	34343000
306	34343000	34343000	34343000	34343000
307	34345000	34345000	34345000	34346000
308	34342000	34342000	34342000	34342000
309	34345000	34345000	34345000	34345000
310	34343000	34344000	34343000	34344000
311	34345000	34345000	34345000	34345000
312	34340000	34340000	34340000	34340000
313	34339000	34340000	34339000	34339000
314	34343000	34343000	34343000	34343000
315	34340000	34340000	34340000	34340000
316	34343000	34343000	34343000	34343000
317	34342000	34342000	34342000	34342000
318	34345000	34345000	34345000	34345000
319	34343000	34343000	34343000	34343000
320	34343000	34343000	34343000	34343000
321	34342000	34342000	34342000	34342000
322	34346000	34346000	34346000	34346000
323	34341000	34342000	34341000	34341000
324	34343000	34343000	34343000	34343000
325	34346000	34346000	34346000	34347000
326	34342000	34342000	34342000	34342000
327	34343000	34343000	34343000	34343000
328	34348000	34347000	34348000	34348000
329	34347000	34348000	34347000	34347000
330	34343000	34343000	34343000	34343000
331	34343000	34343000	34343000	34344000
332	34343000	34343000	34343000	34343000
333	34343000	34343000	34343000	34342000
334	34345000	34345000	34345000	34345000
335	34347000	34347000	34347000	34347000
336	34349000	34349000	34349000	34348000
337	34354000	34354000	34354000	34354000
338	34345000	34345000	34345000	34345000
339	34358000	34350000	34350000	34350000
340	34352000	34351000	34351000	34352000
341	34350000	34350000	34350000	34350000
342	34348000	34349000	34348000	34348000
343	34349000	34349000	34349000	34349000
344	34350000	34350000	34350000	34350000
345	34349000	34349000	34349000	34349000
346	34345000	34345000	34345000	34345000
347	34350000	34350000	34350000	34350000
348	34348000	34348000	34348000	34348000
349	34344000	34344000	34344000	34344000
350	34346000	34346000	34346000	34346000
351	34352000	34352000	34352000	34351000
352	34348000	34348000	34348000	34348000
353	34347000	34347000	34347000	34347000
354	34347000	34347000	34347000	34347000
355	34350000	34350000	34350000	34350000
356	34349000	34349000	34349000	34349000
357	34348000	34348000	34348000	34348000
358	34348000	34348000	34348000	34348000
359	34346000	34346000	34346000	34346000
360	34347000	34347000	34347000	34347000
361	34351000	34351000	34351000	34351000
362	34349000	34349000	34349000	34348000
363	34349000	34349000	34349000	34349000
364	34341000	34341000	34341000	34341000
365	34348000	34348000	34348000	34348000
366	34344000	34345000	34344000	34344000
367	34344000	34345000	34344000	34344000
368	34353000	34345000	34345000	34345000
369	34343000	34343000	34343000	34343000
370	34347000	34347000	34347000	34347000
371	34345000	34344000	34345000	34345000
372	34345000	34345000	34345000	34345000
373	34345000	34345000	34345000	34345000
374	34343000	34343000	34343000	34343000
375	34345000	34345000	34345000	34345000
376	34347000	34348000	34347000	34347000
377	34346000	34346000	34346000	34346000
378	34344000	34344000	34344000	34344000
379	34347000	34347000	34347000	34347000
380	34345000	34346000	34345000	34345000
381	34352000	34352000	34352000	34352000
382	34346000	34346000	34346000	34346000
383	34347000	34347000	34347000	34347000
384	34341000	34341000	34341000	34342000
385	34345000	34345000	34345000	34345000
386	34346000	34346000	34346000	34346000
387	34344000	34344000	34344000	34344000
388	34344000	34344000	34344000	34344000
389	34347000	34347000	34347000	34347000
390	34348000	34348000	34348000	34348000
391	34354000	34354000	34354000	34354000
392	34351000	34350000	34351000	34351000
393	34349000	34349000	34349000	34349000
394	34347000	34347000	34347000	34347000
395	34347000	34347000	34347000	34347000
396	34350000	34350000	34350000	34350000
397	34350000	34350000	34350000	34351000
398	34350000	34350000	34350000	34350000
399	34349000	34349000	34349000	34349000
400	34348000	34348000	34348000	34348000
401	34353000	34353000	34353000	34353000
402	34348000	34348000	34348000	34348000
403	34345000	34345000	34345000	34345000
404	34346000	34346000	34346000	34346000
405	34348000	34349000	34348000	34348000
406	34345000	34345000	34345000	34345000
407	34350000	34350000	34350000	34350000
408	34351000	34351000	34351000	34351000
409	34348000	34348000	34348000	34348000
410	34343000	34343000	34343000	34343000
411	34349000	34349000	34349000	34349000
412	34340000	34340000	34340000	34340000
413	34347000	34346000	34347000	34347000
414	34349000	34349000	34349000	34349000
415	34347000	34347000	34347000	34347000
416	34344000	34344000	34344000	34344000
417	34344000	34344000	34344000	34344000
418	34341000	34341000	34341000	34341000
419	34347000	34348000	34347000	34347000
420	34345000	34345000	34345000	34344000
421	34340000	34340000	34340000	34341000
422	34344000	34344000	34344000	34344000
423	34350000	34350000	34350000	34350000
424	34346000	34346000	34346000	34347000
425	34345000	34345000	34345000	34345000
426	34337000	34337000	34337000	34337000
427	34338000	34338000	34338000	34338000
428	34339000	34339000	34339000	34338000
429	34343000	34343000	34343000	34343000
430	34344000	34344000	34344000	34344000
431	34340000	34340000	34340000	34340000
432	34341000	34341000	34341000	34341000
433	34338000	34339000	34338000	34338000
434	34340000	34340000	34340000	34340000
435	34342000	34342000	34342000	34342000
436	34343000	34343000	34343000	34343000
437	34337000	34337000	34337000	34337000
438	34338000	34338000	34338000	34338000
439	34343000	34343000	34343000	34343000
440	34340000	34340000	34340000	34340000
441	34339000	34339000	34339000	34339000
442	34339000	34339000	34339000	34339000
443	34343000	34343000	34343000	34343000
444	34344000	34344000	34344000	34344000
445	34339000	34339000	34339000	34339000
446	34341000	34341000	34341000	34341000
447	34343000	34343000	34343000	34343000
448	34345000	34346000	34345000	34345000
449	34340000	34340000	34340000	34341000
450	34345000	34345000	34345000	34345000
451	34341000	34341000	34341000	34341000
452	34346000	34346000	34346000	34346000
453	34340000	34340000	34340000	34340000
454	34337000	34337000	34337000	34337000
455	34340000	34340000	34340000	34341000
456	34337000	34337000	34337000	34337000
457	34342000	34342000	34342000	34342000
458	34340000	34340000	34340000	34340000
459	34343000	34343000	34343000	34343000
460	34342000	34342000	34342000	34342000
461	34347000	34347000	34347000	34347000
462	34344000	34343000	34344000	34344000
463	34345000	34344000	34345000	34345000
464	34338000	34338000	34338000	34338000
465	34340000	34340000	34340000	34340000
466	34337000	34337000	34337000	34337000
467	34340000	34340000	34340000	34340000
468	34342000	34343000	34342000	34342000
469	34343000	34342000	34343000	34343000
470	34339000	34339000	34339000	34339000
471	34339000	34339000	34339000	34339000
472	34344000	34344000	34344000	34344000
473	34343000	34343000	34343000	34343000
474	34345000	34345000	34345000	34345000
475	34345000	34345000	34345000	34345000
476	34342000	34343000	34342000	34342000
477	34344000	34344000	34344000	34344000
478	34344000	34344000	34344000	34344000
479	34346000	34346000	34346000	34346000
480	34342000	34341000	34342000	34342000
481	34346000	34346000	34346000	34346000
482	34348000	34348000	34348000	34348000
483	34342000	34342000	34342000	34342000
484	34346000	34346000	34346000	34346000
485	34337000	34338000	34337000	34337000
486	34345000	34345000	34345000	34344000
487	34344000	34344000	34344000	34345000
488	34341000	34341000	34341000	34341000
489	34346000	34346000	34346000	34346000
490	34349000	34349000	34349000	34349000
491	34346000	34346000	34346000	34346000
492	34347000	34347000	34347000	34347000
493	34347000	34347000	34347000	34347000
494	34349000	34348000	34349000	34349000
495	34346000	34346000	34346000	34346000
496	34345000	34345000	34345000	34345000
497	34352000	34352000	34352000	34352000
498	34344000	34344000	34344000	34343000
499	34345000	34346000	34345000	34346000

============================================================
# BITSTREAM: 1ms_51etapas.bit
# VENTANA: 1ms
# ETAPAS_PRINCIPAL: 51
# NUM_MUESTRAS: 500
# FORMATO: idx	freq1_hz	freq2_hz	freq3_hz	freq4_hz
============================================================
idx	freq1_hz	freq2_hz	freq3_hz	freq4_hz
0	12501000	12844000	13077000	13350000
1	12502000	12844000	13076000	13352000
2	12500000	12843000	13075000	13349000
3	12501000	12842000	13076000	13351000
4	12501000	12843000	13076000	13353000
5	12501000	12842000	13075000	13354000
6	12500000	12841000	13074000	13352000
7	12500000	12842000	13076000	13349000
8	12499000	12841000	13074000	13349000
9	12500000	12843000	13075000	13350000
10	12500000	12844000	13076000	13351000
11	12500000	12843000	13075000	13348000
12	12499000	12843000	13075000	13347000
13	12500000	12843000	13074000	13350000
14	12499000	12842000	13074000	13348000
15	12499000	12842000	13075000	13349000
16	12499000	12842000	13075000	13349000
17	12497000	12841000	13075000	13346000
18	12500000	12840000	13074000	13350000
19	12498000	12843000	13075000	13351000
20	12498000	12839000	13072000	13348000
21	12498000	12841000	13074000	13348000
22	12499000	12841000	13075000	13349000
23	12498000	12840000	13075000	13350000
24	12500000	12841000	13074000	13353000
25	12499000	12841000	13076000	13348000
26	12500000	12842000	13074000	13350000
27	12499000	12841000	13074000	13351000
28	12500000	12841000	13075000	13349000
29	12502000	12847000	13076000	13347000
30	12499000	12841000	13075000	13350000
31	12500000	12843000	13074000	13348000
32	12500000	12843000	13074000	13351000
33	12500000	12844000	13075000	13349000
34	12499000	12842000	13075000	13350000
35	12499000	12843000	13074000	13349000
36	12499000	12840000	13076000	13351000
37	12501000	12843000	13076000	13351000
38	12499000	12841000	13075000	13350000
39	12499000	12841000	13074000	13350000
40	12499000	12843000	13075000	13347000
41	12500000	12843000	13074000	13350000
42	12500000	12842000	13075000	13351000
43	12498000	12840000	13073000	13349000
44	12499000	12843000	13075000	13350000
45	12499000	12841000	13073000	13350000
46	12497000	12839000	13073000	13346000
47	12502000	12844000	13075000	13351000
48	12499000	12843000	13075000	13347000
49	12500000	12842000	13076000	13350000
50	12498000	12840000	13075000	13349000
51	12499000	12839000	13073000	13348000
52	12498000	12840000	13074000	13349000
53	12497000	12841000	13075000	13348000
54	12499000	12842000	13075000	13348000
55	12500000	12842000	13075000	13350000
56	12501000	12844000	13075000	13350000
57	12500000	12843000	13074000	13352000
58	12498000	12841000	13075000	13351000
59	12499000	12841000	13075000	13349000
60	12501000	12843000	13075000	13352000
61	12499000	12842000	13074000	13348000
62	12500000	12842000	13075000	13352000
63	12499000	12841000	13073000	13349000
64	12499000	12842000	13074000	13349000
65	12497000	12839000	13074000	13349000
66	12498000	12841000	13074000	13349000
67	12499000	12841000	13074000	13348000
68	12499000	12840000	13073000	13348000
69	12499000	12841000	13074000	13348000
70	12500000	12841000	13074000	13352000
71	12499000	12841000	13074000	13349000
72	12499000	12842000	13075000	13350000
73	12498000	12838000	13075000	13350000
74	12498000	12840000	13074000	13349000
75	12500000	12842000	13075000	13349000
76	12498000	12843000	13074000	13347000
77	12500000	12844000	13075000	13348000
78	12499000	12842000	13074000	13349000
79	12500000	12842000	13075000	13350000
80	12499000	12843000	13075000	13348000
81	12499000	12843000	13073000	13348000
82	12499000	12841000	13074000	13349000
83	12500000	12842000	13076000	13351000
84	12499000	12842000	13075000	13348000
85	12498000	12841000	13074000	13348000
86	12499000	12841000	13075000	13349000
87	12498000	12840000	13074000	13348000
88	12501000	12843000	13076000	13350000
89	12500000	12842000	13075000	13348000
90	12498000	12840000	13073000	13348000
91	12499000	12841000	13075000	13349000
92	12500000	12842000	13074000	13350000
93	12500000	12843000	13074000	13349000
94	12499000	12840000	13075000	13351000
95	12498000	12842000	13073000	13349000
96	12499000	12843000	13075000	13349000
97	12499000	12842000	13074000	13347000
98	12500000	12843000	13075000	13348000
99	12499000	12839000	13075000	13350000
100	12499000	12843000	13076000	13350000
101	12500000	12843000	13074000	13350000
102	12499000	12843000	13074000	13349000
103	12500000	12842000	13075000	13350000
104	12499000	12843000	13076000	13349000
105	12500000	12841000	13075000	13349000
106	12502000	12846000	13076000	13350000
107	12500000	12842000	13075000	13350000
108	12499000	12842000	13075000	13348000
109	12499000	12841000	13074000	13350000
110	12499000	12842000	13075000	13349000
111	12500000	12841000	13075000	13350000
112	12500000	12843000	13075000	13348000
113	12497000	12839000	13072000	13347000
114	12499000	12842000	13075000	13349000
115	12499000	12841000	13073000	13347000
116	12499000	12840000	13074000	13350000
117	12499000	12843000	13074000	13348000
118	12498000	12840000	13075000	13350000
119	12499000	12842000	13077000	13349000
120	12499000	12843000	13074000	13346000
121	12499000	12841000	13074000	13348000
122	12499000	12842000	13075000	13349000
123	12499000	12844000	13073000	13348000
124	12500000	12843000	13076000	13347000
125	12498000	12840000	13073000	13348000
126	12499000	12841000	13074000	13348000
127	12498000	12841000	13074000	13346000
128	12498000	12842000	13074000	13345000
129	12499000	12841000	13074000	13345000
130	12498000	12840000	13074000	13348000
131	12498000	12841000	13075000	13348000
132	12498000	12839000	13074000	13347000
133	12500000	12842000	13074000	13349000
134	12499000	12841000	13075000	13348000
135	12500000	12841000	13074000	13350000
136	12499000	12841000	13074000	13350000
137	12498000	12840000	13073000	13348000
138	12499000	12840000	13075000	13348000
139	12499000	12841000	13076000	13350000
140	12498000	12839000	13073000	13348000
141	12498000	12839000	13075000	13350000
142	12498000	12840000	13074000	13349000
143	12498000	12839000	13073000	13351000
144	12500000	12841000	13074000	13351000
145	12497000	12840000	13073000	13346000
146	12497000	12841000	13073000	13345000
147	12498000	12839000	13073000	13351000
148	12499000	12841000	13075000	13349000
149	12498000	12839000	13074000	13349000
150	12499000	12842000	13076000	13348000
151	12498000	12840000	13076000	13347000
152	12496000	12838000	13074000	13346000
153	12496000	12839000	13073000	13346000
154	12498000	12840000	13073000	13347000
155	12498000	12840000	13073000	13348000
156	12497000	12841000	13074000	13347000
157	12499000	12840000	13076000	13348000
158	12500000	12843000	13075000	13347000
159	12498000	12843000	13074000	13348000
160	12500000	12841000	13076000	13351000
161	12499000	12841000	13074000	13349000
162	12497000	12839000	13074000	13349000
163	12499000	12840000	13073000	13348000
164	12498000	12839000	13073000	13348000
165	12498000	12839000	13075000	13346000
166	12497000	12840000	13073000	13346000
167	12498000	12840000	13075000	13347000
168	12498000	12840000	13073000	13347000
169	12499000	12841000	13073000	13349000
170	12498000	12840000	13075000	13348000
171	12498000	12840000	13073000	13348000
172	12496000	12838000	13073000	13347000
173	12499000	12839000	13074000	13350000
174	12498000	12840000	13074000	13348000
175	12498000	12840000	13073000	13347000
176	12498000	12840000	13074000	13347000
177	12499000	12841000	13074000	13347000
178	12498000	12839000	13075000	13350000
179	12497000	12840000	13075000	13346000
180	12497000	12840000	13074000	13345000
181	12496000	12838000	13071000	13345000
182	12498000	12839000	13073000	13347000
183	12499000	12839000	13074000	13348000
184	12498000	12839000	13074000	13349000
185	12498000	12840000	13073000	13348000
186	12497000	12841000	13074000	13348000
187	12499000	12841000	13074000	13347000
188	12496000	12839000	13073000	13348000
189	12498000	12840000	13074000	13348000
190	12498000	12841000	13074000	13347000
191	12497000	12840000	13073000	13348000
192	12497000	12839000	13072000	13348000
193	12498000	12842000	13072000	13347000
194	12499000	12840000	13073000	13348000
195	12498000	12840000	13074000	13349000
196	12498000	12840000	13072000	13348000
197	12497000	12840000	13073000	13346000
198	12498000	12840000	13073000	13350000
199	12498000	12840000	13073000	13348000
200	12498000	12841000	13073000	13347000
201	12498000	12841000	13075000	13348000
202	12498000	12841000	13073000	13349000
203	12498000	12840000	13072000	13347000
204	12499000	12842000	13073000	13349000
205	12499000	12841000	13073000	13348000
206	12500000	12842000	13075000	13350000
207	12499000	12843000	13075000	13346000
208	12498000	12841000	13075000	13348000
209	12498000	12839000	13073000	13348000
210	12498000	12840000	13073000	13350000
211	12498000	12841000	13074000	13348000
212	12498000	12839000	13073000	13348000
213	12500000	12843000	13074000	13351000
214	12498000	12840000	13073000	13348000
215	12499000	12842000	13075000	13349000
216	12498000	12841000	13074000	13347000
217	12499000	12840000	13075000	13348000
218	12498000	12838000	13075000	13347000
219	12497000	12839000	13074000	13347000
220	12498000	12841000	13075000	13348000
221	12498000	12841000	13075000	13347000
222	12499000	12841000	13075000	13349000
223	12499000	12842000	13075000	13349000
224	12500000	12843000	13075000	13350000
225	12499000	12841000	13075000	13348000
226	12499000	12841000	13074000	13349000
227	12499000	12840000	13075000	13350000
228	12497000	12838000	13075000	13347000
229	12499000	12841000	13074000	13347000
230	12497000	12840000	13072000	13347000
231	12496000	12836000	13072000	13349000
232	12496000	12839000	13074000	13347000
233	12497000	12840000	13074000	13349000
234	12497000	12841000	13074000	13346000
235	12496000	12840000	13073000	13346000
236	12498000	12840000	13072000	13347000
237	12497000	12838000	13072000	13349000
238	12497000	12839000	13072000	13349000
239	12497000	12838000	13071000	13345000
240	12497000	12839000	13074000	13347000
241	12498000	12841000	13073000	13347000
242	12499000	12842000	13073000	13348000
243	12497000	12839000	13073000	13350000
244	12497000	12837000	13073000	13347000
245	12497000	12840000	13074000	13348000
246	12498000	12839000	13073000	13348000
247	12498000	12840000	13074000	13349000
248	12498000	12840000	13074000	13346000
249	12496000	12838000	13073000	13349000
250	12497000	12839000	13073000	13347000
251	12497000	12840000	13073000	13348000
252	12498000	12839000	13074000	13349000
253	12498000	12840000	13073000	13350000
254	12497000	12840000	13073000	13346000
255	12497000	12840000	13073000	13348000
256	12497000	12839000	13073000	13346000
257	12497000	12840000	13073000	13346000
258	12497000	12839000	13072000	13347000
259	12496000	12838000	13075000	13344000
260	12497000	12841000	13072000	13346000
261	12495000	12837000	13073000	13345000
262	12496000	12839000	13073000	13347000
263	12497000	12839000	13075000	13347000
264	12496000	12840000	13073000	13347000
265	12498000	12840000	13073000	13348000
266	12497000	12840000	13074000	13345000
267	12498000	12840000	13074000	13347000
268	12498000	12842000	13074000	13349000
269	12497000	12840000	13074000	13349000
270	12498000	12841000	13074000	13350000
271	12496000	12839000	13074000	13345000
272	12497000	12839000	13074000	13347000
273	12498000	12841000	13074000	13348000
274	12498000	12841000	13074000	13348000
275	12498000	12840000	13073000	13347000
276	12497000	12840000	13073000	13348000
277	12498000	12847000	13073000	13347000
278	12496000	12839000	13074000	13347000
279	12496000	12839000	13074000	13345000
280	12497000	12840000	13073000	13349000
281	12498000	12842000	13074000	13347000
282	12496000	12839000	13073000	13347000
283	12496000	12840000	13074000	13347000
284	12497000	12840000	13074000	13348000
285	12497000	12839000	13074000	13346000
286	12497000	12842000	13073000	13347000
287	12497000	12838000	13074000	13348000
288	12498000	12840000	13073000	13349000
289	12499000	12840000	13075000	13348000
290	12497000	12841000	13074000	13346000
291	12497000	12840000	13072000	13348000
292	12497000	12840000	13073000	13347000
293	12497000	12839000	13075000	13347000
294	12496000	12839000	13072000	13346000
295	12498000	12840000	13072000	13351000
296	12497000	12840000	13073000	13348000
297	12497000	12839000	13075000	13346000
298	12497000	12839000	13073000	13346000
299	12497000	12839000	13074000	13348000
300	12496000	12839000	13073000	13347000
301	12497000	12837000	13073000	13349000
302	12497000	12838000	13072000	13346000
303	12498000	12840000	13073000	13349000
304	12498000	12839000	13073000	13348000
305	12500000	12843000	13074000	13348000
306	12499000	12839000	13073000	13347000
307	12497000	12839000	13072000	13351000
308	12498000	12841000	13073000	13348000
309	12497000	12839000	13073000	13346000
310	12496000	12839000	13073000	13346000
311	12498000	12841000	13072000	13345000
312	12497000	12839000	13072000	13346000
313	12497000	12839000	13073000	13346000
314	12497000	12838000	13072000	13348000
315	12497000	12838000	13072000	13345000
316	12497000	12839000	13074000	13348000
317	12496000	12839000	13072000	13346000
318	12497000	12839000	13072000	13348000
319	12496000	12838000	13070000	13347000
320	12497000	12839000	13073000	13349000
321	12498000	12838000	13073000	13350000
322	12496000	12837000	13073000	13347000
323	12495000	12838000	13071000	13345000
324	12497000	12840000	13073000	13345000
325	12497000	12839000	13073000	13349000
326	12497000	12838000	13071000	13348000
327	12497000	12838000	13073000	13346000
328	12500000	12841000	13074000	13350000
329	12498000	12841000	13074000	13347000
330	12496000	12838000	13073000	13347000
331	12497000	12839000	13072000	13348000
332	12495000	12837000	13073000	13346000
333	12496000	12839000	13072000	13346000
334	12497000	12837000	13072000	13348000
335	12497000	12838000	13073000	13347000
336	12497000	12840000	13073000	13347000
337	12497000	12838000	13074000	13348000
338	12496000	12838000	13072000	13347000
339	12497000	12838000	13074000	13346000
340	12497000	12838000	13073000	13347000
341	12496000	12838000	13072000	13348000
342	12496000	12838000	13073000	13346000
343	12496000	12839000	13073000	13347000
344	12496000	12837000	13072000	13348000
345	12495000	12836000	13070000	13347000
346	12495000	12837000	13074000	13347000
347	12496000	12838000	13072000	13344000
348	12497000	12840000	13073000	13346000
349	12496000	12838000	13073000	13347000
350	12498000	12841000	13073000	13348000
351	12497000	12839000	13072000	13347000
352	12497000	12841000	13072000	13347000
353	12497000	12840000	13074000	13346000
354	12498000	12840000	13073000	13348000
355	12497000	12839000	13073000	13348000
356	12498000	12839000	13073000	13347000
357	12496000	12838000	13073000	13346000
358	12498000	12839000	13071000	13345000
359	12498000	12839000	13072000	13349000
360	12497000	12839000	13073000	13348000
361	12496000	12837000	13073000	13347000
362	12497000	12839000	13072000	13348000
363	12497000	12839000	13073000	13349000
364	12498000	12839000	13073000	13350000
365	12498000	12840000	13073000	13347000
366	12499000	12842000	13075000	13348000
367	12497000	12840000	13073000	13349000
368	12497000	12838000	13073000	13351000
369	12497000	12840000	13072000	13348000
370	12497000	12838000	13074000	13348000
371	12497000	12839000	13075000	13348000
372	12499000	12841000	13075000	13349000
373	12498000	12840000	13073000	13348000
374	12497000	12840000	13075000	13348000
375	12497000	12840000	13073000	13347000
376	12498000	12841000	13073000	13346000
377	12495000	12839000	13074000	13347000
378	12497000	12840000	13074000	13347000
379	12498000	12839000	13073000	13350000
380	12499000	12840000	13075000	13349000
381	12498000	12839000	13075000	13351000
382	12499000	12842000	13074000	13350000
383	12497000	12841000	13073000	13348000
384	12499000	12842000	13076000	13348000
385	12498000	12840000	13074000	13347000
386	12498000	12840000	13074000	13349000
387	12499000	12839000	13075000	13349000
388	12497000	12839000	13074000	13349000
389	12498000	12841000	13074000	13349000
390	12496000	12839000	13074000	13348000
391	12499000	12840000	13074000	13349000
392	12498000	12840000	13075000	13348000
393	12498000	12840000	13072000	13346000
394	12497000	12840000	13075000	13347000
395	12498000	12839000	13073000	13347000
396	12499000	12841000	13075000	13348000
397	12501000	12843000	13076000	13350000
398	12499000	12840000	13074000	13350000
399	12498000	12840000	13073000	13349000
400	12498000	12840000	13074000	13349000
401	12499000	12843000	13075000	13348000
402	12499000	12843000	13075000	13349000
403	12498000	12840000	13073000	13350000
404	12499000	12841000	13076000	13351000
405	12499000	12842000	13075000	13349000
406	12499000	12841000	13074000	13347000
407	12498000	12840000	13074000	13350000
408	12498000	12842000	13074000	13347000
409	12498000	12840000	13073000	13349000
410	12500000	12843000	13075000	13349000
411	12499000	12840000	13075000	13348000
412	12497000	12840000	13073000	13345000
413	12498000	12839000	13073000	13349000
414	12497000	12838000	13074000	13347000
415	12498000	12839000	13075000	13350000
416	12499000	12839000	13073000	13352000
417	12498000	12838000	13072000	13349000
418	12498000	12839000	13071000	13347000
419	12498000	12840000	13073000	13348000
420	12496000	12837000	13073000	13348000
421	12497000	12838000	13074000	13347000
422	12497000	12840000	13074000	13347000
423	12497000	12838000	13072000	13349000
424	12498000	12839000	13074000	13350000
425	12499000	12841000	13074000	13350000
426	12498000	12840000	13073000	13347000
427	12498000	12841000	13073000	13346000
428	12499000	12839000	13076000	13349000
429	12498000	12840000	13074000	13348000
430	12499000	12841000	13075000	13351000
431	12497000	12838000	13072000	13347000
432	12497000	12838000	13073000	13349000
433	12497000	12838000	13072000	13347000
434	12496000	12838000	13073000	13347000
435	12498000	12838000	13074000	13349000
436	12497000	12838000	13073000	13348000
437	12496000	12839000	13073000	13347000
438	12497000	12839000	13072000	13348000
439	12497000	12838000	13072000	13347000
440	12496000	12837000	13072000	13347000
441	12498000	12840000	13074000	13349000
442	12499000	12840000	13073000	13346000
443	12497000	12838000	13072000	13347000
444	12498000	12840000	13074000	13347000
445	12497000	12838000	13074000	13348000
446	12497000	12839000	13073000	13346000
447	12496000	12838000	13072000	13347000
448	12496000	12838000	13072000	13345000
449	12497000	12837000	13071000	13346000
450	12496000	12838000	13073000	13346000
451	12497000	12839000	13073000	13346000
452	12497000	12839000	13073000	13345000
453	12497000	12839000	13075000	13348000
454	12497000	12839000	13074000	13349000
455	12498000	12839000	13074000	13347000
456	12497000	12837000	13075000	13346000
457	12498000	12839000	13074000	13347000
458	12497000	12841000	13073000	13346000
459	12498000	12839000	13074000	13348000
460	12498000	12839000	13073000	13345000
461	12498000	12839000	13073000	13348000
462	12496000	12839000	13072000	13346000
463	12497000	12838000	13072000	13347000
464	12498000	12840000	13073000	13345000
465	12497000	12839000	13074000	13347000
466	12496000	12839000	13073000	13345000
467	12496000	12839000	13071000	13348000
468	12499000	12841000	13075000	13349000
469	12496000	12838000	13072000	13346000
470	12499000	12842000	13074000	13349000
471	12498000	12841000	13073000	13348000
472	12498000	12840000	13074000	13349000
473	12498000	12839000	13073000	13349000
474	12498000	12842000	13074000	13347000
475	12498000	12840000	13074000	13350000
476	12498000	12840000	13073000	13348000
477	12497000	12840000	13073000	13349000
478	12497000	12840000	13074000	13345000
479	12498000	12839000	13073000	13349000
480	12499000	12838000	13074000	13350000
481	12498000	12841000	13075000	13347000
482	12497000	12839000	13073000	13348000
483	12500000	12841000	13074000	13350000
484	12498000	12840000	13073000	13347000
485	12497000	12837000	13072000	13348000
486	12498000	12839000	13073000	13348000
487	12497000	12838000	13074000	13346000
488	12498000	12840000	13074000	13347000
489	12497000	12838000	13072000	13345000
490	12498000	12839000	13074000	13351000
491	12497000	12838000	13073000	13347000
492	12497000	12838000	13073000	13349000
493	12496000	12838000	13072000	13346000
494	12495000	12839000	13073000	13343000
495	12498000	12842000	13075000	13348000
496	12499000	12842000	13076000	13349000
497	12498000	12840000	13074000	13348000
498	12499000	12841000	13076000	13347000
499	12498000	12839000	13074000	13349000

============================================================
# BITSTREAM: 1ms_101etapas.bit
# VENTANA: 1ms
# ETAPAS_PRINCIPAL: 101
# NUM_MUESTRAS: 500
# FORMATO: idx	freq1_hz	freq2_hz	freq3_hz	freq4_hz
============================================================
idx	freq1_hz	freq2_hz	freq3_hz	freq4_hz
0	8462000	8942000	8220000	9621000
1	8461000	8940000	8218000	9621000
2	8460000	8940000	8218000	9621000
3	8460000	8940000	8220000	9621000
4	8461000	8940000	8219000	9621000
5	8461000	8940000	8218000	9621000
6	8460000	8940000	8219000	9621000
7	8461000	8940000	8218000	9621000
8	8461000	8940000	8220000	9620000
9	8460000	8940000	8219000	9621000
10	8462000	8942000	8220000	9621000
11	8463000	8942000	8219000	9621000
12	8462000	8940000	8219000	9620000
13	8463000	8940000	8219000	9620000
14	8463000	8942000	8220000	9620000
15	8461000	8938000	8219000	9621000
16	8460000	8940000	8218000	9621000
17	8460000	8940000	8219000	9620000
18	8461000	8940000	8219000	9620000
19	8461000	8940000	8218000	9620000
20	8461000	8940000	8219000	9620000
21	8460000	8940000	8218000	9621000
22	8460000	8940000	8219000	9621000
23	8460000	8940000	8218000	9620000
24	8462000	8940000	8219000	9620000
25	8461000	8940000	8218000	9620000
26	8460000	8940000	8218000	9621000
27	8461000	8940000	8218000	9620000
28	8462000	8942000	8219000	9620000
29	8460000	8940000	8217000	9621000
30	8461000	8940000	8219000	9620000
31	8462000	8940000	8218000	9620000
32	8461000	8940000	8219000	9620000
33	8462000	8942000	8221000	9620000
34	8461000	8940000	8219000	9620000
35	8460000	8940000	8218000	9621000
36	8461000	8940000	8219000	9620000
37	8461000	8942000	8220000	9621000
38	8462000	8942000	8221000	9620000
39	8461000	8942000	8218000	9621000
40	8461000	8940000	8219000	9620000
41	8461000	8940000	8218000	9621000
42	8460000	8940000	8221000	9621000
43	8462000	8942000	8221000	9620000
44	8461000	8942000	8220000	9621000
45	8461000	8940000	8218000	9620000
46	8461000	8940000	8219000	9620000
47	8461000	8940000	8218000	9621000
48	8460000	8940000	8219000	9620000
49	8462000	8942000	8219000	9620000
50	8461000	8940000	8221000	9621000
51	8462000	8940000	8220000	9621000
52	8463000	8942000	8222000	9620000
53	8461000	8942000	8218000	9620000
54	8462000	8940000	8221000	9620000
55	8462000	8942000	8221000	9620000
56	8462000	8942000	8219000	9621000
57	8461000	8940000	8219000	9620000
58	8462000	8942000	8222000	9621000
59	8461000	8942000	8221000	9620000
60	8461000	8940000	8221000	9621000
61	8461000	8942000	8218000	9620000
62	8461000	8940000	8221000	9620000
63	8461000	8942000	8219000	9621000
64	8462000	8940000	8221000	9620000
65	8462000	8940000	8219000	9620000
66	8462000	8942000	8220000	9621000
67	8461000	8942000	8221000	9620000
68	8462000	8940000	8221000	9621000
69	8461000	8942000	8221000	9620000
70	8461000	8940000	8219000	9621000
71	8461000	8942000	8218000	9620000
72	8461000	8940000	8219000	9620000
73	8460000	8940000	8220000	9621000
74	8460000	8940000	8218000	9620000
75	8462000	8942000	8219000	9621000
76	8462000	8940000	8219000	9621000
77	8461000	8942000	8219000	9620000
78	8462000	8942000	8222000	9620000
79	8462000	8942000	8221000	9621000
80	8462000	8940000	8221000	9620000
81	8461000	8942000	8218000	9620000
82	8461000	8940000	8222000	9620000
83	8461000	8940000	8218000	9621000
84	8460000	8940000	8219000	9621000
85	8462000	8940000	8220000	9620000
86	8462000	8940000	8219000	9620000
87	8461000	8942000	8221000	9620000
88	8462000	8942000	8222000	9621000
89	8462000	8940000	8218000	9621000
90	8462000	8942000	8222000	9621000
91	8462000	8940000	8220000	9620000
92	8463000	8940000	8221000	9620000
93	8463000	8942000	8221000	9621000
94	8461000	8942000	8220000	9620000
95	8462000	8940000	8218000	9620000
96	8463000	8942000	8222000	9624000
97	8463000	8942000	8219000	9621000
98	8461000	8942000	8222000	9620000
99	8462000	8942000	8220000	9620000
100	8461000	8942000	8222000	9621000
101	8461000	8942000	8218000	9620000
102	8461000	8940000	8220000	9620000
103	8461000	8942000	8221000	9620000
104	8460000	8940000	8218000	9621000
105	8461000	8940000	8217000	9620000
106	8462000	8942000	8220000	9620000
107	8461000	8940000	8220000	9620000
108	8461000	8942000	8222000	9620000
109	8461000	8940000	8219000	9620000
110	8461000	8942000	8220000	9621000
111	8462000	8942000	8222000	9621000
112	8462000	8942000	8221000	9620000
113	8462000	8942000	8221000	9621000
114	8462000	8942000	8222000	9621000
115	8461000	8940000	8217000	9621000
116	8460000	8940000	8218000	9621000
117	8460000	8940000	8217000	9620000
118	8460000	8940000	8218000	9621000
119	8460000	8940000	8217000	9621000
120	8460000	8940000	8218000	9620000
121	8460000	8940000	8217000	9620000
122	8461000	8940000	8217000	9620000
123	8460000	8940000	8217000	9620000
124	8461000	8940000	8219000	9621000
125	8461000	8940000	8218000	9620000
126	8462000	8940000	8219000	9620000
127	8462000	8940000	8218000	9620000
128	8461000	8940000	8219000	9620000
129	8461000	8942000	8218000	9621000
130	8461000	8940000	8219000	9620000
131	8460000	8940000	8218000	9620000
132	8462000	8940000	8219000	9621000
133	8461000	8940000	8217000	9621000
134	8461000	8940000	8218000	9620000
135	8460000	8940000	8217000	9621000
136	8461000	8940000	8219000	9621000
137	8460000	8938000	8218000	9621000
138	8459000	8940000	8219000	9621000
139	8461000	8938000	8218000	9621000
140	8460000	8940000	8218000	9621000
141	8461000	8940000	8218000	9621000
142	8460000	8938000	8217000	9620000
143	8460000	8940000	8218000	9621000
144	8460000	8940000	8219000	9620000
145	8461000	8940000	8218000	9621000
146	8461000	8940000	8219000	9620000
147	8459000	8938000	8217000	9621000
148	8460000	8940000	8218000	9620000
149	8461000	8940000	8218000	9621000
150	8460000	8940000	8218000	9620000
151	8462000	8940000	8218000	9620000
152	8460000	8940000	8219000	9620000
153	8461000	8940000	8219000	9621000
154	8461000	8940000	8219000	9620000
155	8460000	8940000	8217000	9620000
156	8460000	8940000	8217000	9621000
157	8460000	8940000	8218000	9621000
158	8459000	8940000	8220000	9620000
159	8461000	8938000	8216000	9621000
160	8459000	8938000	8218000	9620000
161	8460000	8938000	8217000	9620000
162	8460000	8940000	8219000	9621000
163	8459000	8940000	8217000	9620000
164	8460000	8940000	8218000	9621000
165	8460000	8940000	8218000	9621000
166	8460000	8938000	8218000	9621000
167	8459000	8938000	8216000	9621000
168	8460000	8940000	8219000	9620000
169	8460000	8940000	8218000	9620000
170	8460000	8940000	8218000	9621000
171	8462000	8940000	8218000	9620000
172	8462000	8940000	8219000	9621000
173	8460000	8940000	8217000	9621000
174	8462000	8940000	8219000	9620000
175	8460000	8940000	8218000	9620000
176	8461000	8940000	8218000	9620000
177	8460000	8940000	8218000	9621000
178	8462000	8940000	8218000	9621000
179	8461000	8940000	8218000	9620000
180	8460000	8940000	8220000	9621000
181	8460000	8940000	8217000	9621000
182	8461000	8940000	8219000	9621000
183	8461000	8940000	8217000	9621000
184	8459000	8940000	8218000	9620000
185	8461000	8940000	8217000	9621000
186	8460000	8940000	8217000	9620000
187	8461000	8940000	8217000	9620000
188	8462000	8942000	8219000	9620000
189	8460000	8940000	8220000	9620000
190	8462000	8940000	8219000	9620000
191	8460000	8940000	8217000	9620000
192	8461000	8940000	8218000	9620000
193	8461000	8940000	8218000	9620000
194	8462000	8942000	8219000	9620000
195	8461000	8940000	8217000	9620000
196	8461000	8940000	8218000	9620000
197	8460000	8940000	8217000	9621000
198	8461000	8940000	8218000	9621000
199	8458000	8940000	8218000	9620000
200	8459000	8938000	8219000	9620000
201	8460000	8940000	8218000	9620000
202	8460000	8938000	8219000	9621000
203	8460000	8940000	8217000	9621000
204	8460000	8940000	8218000	9621000
205	8460000	8938000	8218000	9620000
206	8459000	8938000	8219000	9620000
207	8460000	8940000	8217000	9621000
208	8460000	8940000	8220000	9620000
209	8459000	8938000	8218000	9621000
210	8460000	8938000	8219000	9617000
211	8459000	8938000	8216000	9620000
212	8460000	8940000	8219000	9621000
213	8460000	8938000	8220000	9621000
214	8460000	8940000	8218000	9621000
215	8460000	8938000	8218000	9620000
216	8460000	8940000	8218000	9621000
217	8459000	8940000	8218000	9621000
218	8459000	8938000	8219000	9620000
219	8459000	8938000	8217000	9620000
220	8459000	8938000	8219000	9621000
221	8459000	8938000	8217000	9620000
222	8459000	8938000	8219000	9620000
223	8460000	8938000	8219000	9620000
224	8459000	8938000	8219000	9620000
225	8461000	8940000	8219000	9621000
226	8460000	8938000	8218000	9620000
227	8459000	8940000	8219000	9620000
228	8460000	8940000	8219000	9620000
229	8458000	8938000	8217000	9620000
230	8459000	8938000	8218000	9620000
231	8459000	8938000	8218000	9620000
232	8459000	8938000	8219000	9621000
233	8459000	8938000	8218000	9620000
234	8461000	8940000	8219000	9620000
235	8459000	8940000	8217000	9620000
236	8460000	8940000	8218000	9621000
237	8461000	8940000	8218000	9620000
238	8461000	8940000	8218000	9621000
239	8461000	8940000	8217000	9621000
240	8460000	8940000	8219000	9620000
241	8462000	8940000	8217000	9620000
242	8460000	8940000	8219000	9621000
243	8460000	8940000	8217000	9621000
244	8459000	8938000	8218000	9621000
245	8459000	8940000	8218000	9621000
246	8459000	8940000	8220000	9621000
247	8460000	8940000	8216000	9621000
248	8460000	8938000	8217000	9620000
249	8461000	8940000	8218000	9620000
250	8459000	8940000	8219000	9621000
251	8460000	8938000	8217000	9621000
252	8459000	8938000	8218000	9620000
253	8460000	8940000	8218000	9621000
254	8460000	8938000	8219000	9620000
255	8460000	8940000	8218000	9621000
256	8460000	8938000	8218000	9621000
257	8460000	8940000	8218000	9620000
258	8459000	8938000	8218000	9621000
259	8460000	8938000	8216000	9620000
260	8459000	8938000	8219000	9620000
261	8459000	8938000	8218000	9620000
262	8458000	8938000	8219000	9621000
263	8459000	8938000	8217000	9620000
264	8459000	8938000	8218000	9620000
265	8461000	8940000	8217000	9621000
266	8459000	8938000	8219000	9621000
267	8460000	8940000	8218000	9621000
268	8459000	8938000	8218000	9621000
269	8460000	8938000	8218000	9621000
270	8459000	8938000	8218000	9620000
271	8459000	8938000	8218000	9620000
272	8459000	8940000	8220000	9621000
273	8460000	8938000	8217000	9617000
274	8459000	8938000	8219000	9617000
275	8460000	8940000	8218000	9621000
276	8459000	8938000	8219000	9620000
277	8461000	8938000	8217000	9621000
278	8459000	8940000	8219000	9621000
279	8459000	8940000	8218000	9621000
280	8460000	8940000	8219000	9620000
281	8460000	8938000	8217000	9620000
282	8459000	8938000	8217000	9620000
283	8460000	8940000	8217000	9620000
284	8460000	8940000	8219000	9621000
285	8460000	8940000	8218000	9621000
286	8460000	8938000	8218000	9621000
287	8461000	8938000	8218000	9620000
288	8459000	8940000	8220000	9621000
289	8459000	8936000	8217000	9620000
290	8460000	8940000	8220000	9621000
291	8461000	8940000	8217000	9621000
292	8461000	8940000	8219000	9620000
293	8459000	8938000	8217000	9620000
294	8460000	8940000	8218000	9620000
295	8460000	8940000	8217000	9621000
296	8459000	8940000	8219000	9621000
297	8462000	8940000	8217000	9621000
298	8462000	8940000	8218000	9621000
299	8459000	8940000	8218000	9621000
300	8459000	8938000	8219000	9620000
301	8461000	8938000	8217000	9621000
302	8461000	8940000	8218000	9620000
303	8461000	8940000	8218000	9620000
304	8459000	8940000	8218000	9621000
305	8458000	8940000	8218000	9620000
306	8461000	8940000	8219000	9621000
307	8460000	8940000	8217000	9621000
308	8460000	8940000	8218000	9620000
309	8461000	8938000	8217000	9621000
310	8460000	8938000	8218000	9620000
311	8459000	8938000	8217000	9621000
312	8460000	8940000	8219000	9620000
313	8459000	8938000	8217000	9617000
314	8460000	8940000	8219000	9621000
315	8461000	8940000	8218000	9621000
316	8460000	8938000	8218000	9621000
317	8460000	8940000	8217000	9621000
318	8461000	8940000	8218000	9621000
319	8461000	8940000	8217000	9620000
320	8460000	8940000	8217000	9621000
321	8460000	8940000	8217000	9621000
322	8459000	8940000	8217000	9621000
323	8459000	8940000	8216000	9620000
324	8460000	8940000	8218000	9621000
325	8460000	8938000	8217000	9620000
326	8460000	8940000	8218000	9621000
327	8461000	8940000	8217000	9620000
328	8460000	8940000	8217000	9621000
329	8460000	8940000	8217000	9621000
330	8460000	8940000	8220000	9621000
331	8461000	8940000	8217000	9621000
332	8460000	8940000	8218000	9620000
333	8461000	8940000	8218000	9621000
334	8460000	8940000	8218000	9620000
335	8461000	8940000	8217000	9620000
336	8460000	8938000	8218000	9620000
337	8460000	8940000	8217000	9620000
338	8460000	8936000	8218000	9620000
339	8460000	8940000	8217000	9620000
340	8459000	8940000	8217000	9620000
341	8460000	8940000	8217000	9621000
342	8459000	8938000	8217000	9620000
343	8459000	8936000	8216000	9620000
344	8460000	8940000	8218000	9621000
345	8460000	8940000	8218000	9621000
346	8461000	8940000	8219000	9621000
347	8460000	8940000	8217000	9620000
348	8460000	8940000	8218000	9621000
349	8460000	8940000	8217000	9621000
350	8460000	8938000	8218000	9621000
351	8460000	8940000	8218000	9621000
352	8460000	8940000	8218000	9620000
353	8461000	8940000	8217000	9621000
354	8460000	8938000	8218000	9620000
355	8460000	8938000	8217000	9620000
356	8460000	8936000	8218000	9621000
357	8459000	8938000	8218000	9620000
358	8459000	8938000	8219000	9620000
359	8460000	8938000	8218000	9620000
360	8459000	8938000	8218000	9617000
361	8459000	8938000	8218000	9620000
362	8459000	8938000	8218000	9620000
363	8459000	8938000	8217000	9620000
364	8459000	8938000	8218000	9621000
365	8458000	8938000	8217000	9620000
366	8460000	8940000	8219000	9621000
367	8459000	8938000	8218000	9617000
368	8459000	8940000	8219000	9621000
369	8459000	8938000	8218000	9620000
370	8460000	8940000	8219000	9620000
371	8459000	8940000	8217000	9621000
372	8460000	8940000	8218000	9621000
373	8458000	8940000	8217000	9620000
374	8460000	8940000	8219000	9620000
375	8460000	8938000	8217000	9621000
376	8459000	8938000	8219000	9620000
377	8460000	8938000	8217000	9620000
378	8460000	8938000	8217000	9620000
379	8460000	8940000	8217000	9621000
380	8460000	8940000	8219000	9621000
381	8460000	8940000	8217000	9621000
382	8461000	8940000	8218000	9621000
383	8460000	8940000	8218000	9621000
384	8460000	8940000	8219000	9621000
385	8460000	8938000	8217000	9621000
386	8460000	8940000	8217000	9621000
387	8461000	8940000	8218000	9620000
388	8460000	8940000	8219000	9621000
389	8459000	8938000	8217000	9621000
390	8460000	8938000	8217000	9621000
391	8460000	8938000	8218000	9621000
392	8461000	8940000	8220000	9621000
393	8461000	8938000	8219000	9621000
394	8459000	8938000	8218000	9620000
395	8460000	8938000	8217000	9620000
396	8459000	8938000	8218000	9620000
397	8459000	8938000	8217000	9617000
398	8459000	8938000	8218000	9621000
399	8460000	8940000	8218000	9621000
400	8460000	8938000	8219000	9620000
401	8460000	8938000	8218000	9620000
402	8458000	8938000	8219000	9620000
403	8459000	8940000	8217000	9620000
404	8460000	8938000	8217000	9621000
405	8461000	8938000	8218000	9621000
406	8459000	8940000	8220000	9621000
407	8460000	8938000	8217000	9621000
408	8459000	8940000	8218000	9621000
409	8459000	8938000	8217000	9621000
410	8460000	8938000	8219000	9620000
411	8459000	8938000	8217000	9620000
412	8462000	8938000	8219000	9621000
413	8461000	8940000	8218000	9621000
414	8459000	8938000	8220000	9620000
415	8459000	8938000	8217000	9620000
416	8460000	8940000	8219000	9620000
417	8460000	8940000	8218000	9620000
418	8459000	8938000	8217000	9621000
419	8460000	8940000	8217000	9621000
420	8460000	8940000	8220000	9621000
421	8459000	8938000	8216000	9620000
422	8459000	8938000	8218000	9620000
423	8460000	8940000	8218000	9620000
424	8460000	8940000	8219000	9621000
425	8460000	8938000	8217000	9621000
426	8459000	8938000	8219000	9620000
427	8461000	8940000	8217000	9620000
428	8460000	8938000	8219000	9620000
429	8461000	8940000	8217000	9621000
430	8460000	8940000	8218000	9621000
431	8459000	8938000	8216000	9621000
432	8459000	8940000	8219000	9620000
433	8459000	8938000	8218000	9620000
434	8461000	8938000	8218000	9621000
435	8461000	8940000	8218000	9621000
436	8459000	8938000	8219000	9621000
437	8459000	8938000	8217000	9620000
438	8460000	8938000	8217000	9620000
439	8459000	8938000	8217000	9620000
440	8459000	8938000	8218000	9620000
441	8460000	8938000	8218000	9620000
442	8459000	8938000	8219000	9621000
443	8460000	8940000	8216000	9620000
444	8459000	8938000	8218000	9620000
445	8459000	8938000	8217000	9620000
446	8459000	8938000	8219000	9620000
447	8459000	8940000	8217000	9621000
448	8461000	8938000	8219000	9621000
449	8460000	8940000	8217000	9620000
450	8459000	8938000	8220000	9620000
451	8460000	8938000	8216000	9620000
452	8460000	8938000	8218000	9620000
453	8460000	8938000	8217000	9620000
454	8460000	8938000	8218000	9621000
455	8459000	8940000	8217000	9620000
456	8459000	8938000	8218000	9621000
457	8460000	8938000	8218000	9620000
458	8459000	8938000	8218000	9620000
459	8460000	8940000	8217000	9621000
460	8459000	8938000	8217000	9621000
461	8460000	8940000	8217000	9621000
462	8460000	8938000	8218000	9617000
463	8458000	8938000	8216000	9620000
464	8460000	8938000	8218000	9621000
465	8460000	8938000	8219000	9620000
466	8460000	8938000	8219000	9621000
467	8458000	8938000	8218000	9620000
468	8459000	8938000	8219000	9621000
469	8460000	8938000	8217000	9620000
470	8459000	8940000	8219000	9620000
471	8459000	8940000	8218000	9620000
472	8460000	8938000	8218000	9620000
473	8460000	8938000	8218000	9621000
474	8461000	8940000	8218000	9621000
475	8459000	8940000	8218000	9620000
476	8460000	8940000	8219000	9621000
477	8460000	8938000	8217000	9620000
478	8459000	8938000	8217000	9621000
479	8460000	8938000	8216000	9621000
480	8460000	8938000	8218000	9621000
481	8459000	8938000	8218000	9621000
482	8460000	8940000	8219000	9621000
483	8460000	8938000	8218000	9621000
484	8459000	8938000	8218000	9620000
485	8460000	8938000	8217000	9620000
486	8459000	8938000	8218000	9617000
487	8458000	8938000	8217000	9617000
488	8458000	8936000	8217000	9620000
489	8458000	8938000	8217000	9617000
490	8460000	8940000	8219000	9621000
491	8459000	8938000	8217000	9621000
492	8460000	8940000	8217000	9621000
493	8460000	8940000	8218000	9621000
494	8460000	8938000	8217000	9621000
495	8459000	8940000	8217000	9621000
496	8460000	8938000	8219000	9621000
497	8459000	8938000	8216000	9620000
498	8459000	8938000	8218000	9620000
499	8460000	8938000	8217000	9620000

============================================================
# BITSTREAM: 100us_3etapas.bit
# VENTANA: 100us
# ETAPAS_PRINCIPAL: 3
# NUM_MUESTRAS: 500
# FORMATO: idx	freq1_hz	freq2_hz	freq3_hz	freq4_hz
============================================================
idx	freq1_hz	freq2_hz	freq3_hz	freq4_hz
0	35060000	35060000	35060000	35060000
1	35070000	35070000	35070000	35070000
2	35070000	35070000	35070000	35070000
3	35070000	35070000	35070000	35070000
4	35070000	35070000	35070000	35070000
5	35070000	35070000	35070000	35070000
6	35070000	35070000	35070000	35070000
7	35080000	35070000	35080000	35080000
8	35080000	35080000	35080000	35080000
9	35060000	35060000	35060000	35060000
10	35070000	35070000	35070000	35070000
11	35070000	35070000	35070000	35070000
12	35060000	35060000	35060000	35060000
13	35080000	35080000	35080000	35080000
14	35080000	35080000	35080000	35080000
15	35080000	35080000	35080000	35080000
16	35080000	35080000	35080000	35080000
17	35080000	35080000	35080000	35080000
18	35070000	35070000	35070000	35070000
19	35060000	35070000	35060000	35060000
20	35070000	35080000	35080000	35070000
21	35070000	35070000	35070000	35070000
22	35070000	35070000	35070000	35070000
23	35070000	35070000	35080000	35080000
24	35070000	35070000	35070000	35070000
25	35070000	35080000	35070000	35070000
26	35070000	35070000	35070000	35070000
27	35070000	35070000	35070000	35070000
28	35070000	35070000	35070000	35070000
29	35080000	35080000	35080000	35080000
30	35080000	35080000	35080000	35080000
31	35070000	35070000	35070000	35070000
32	35070000	35070000	35070000	35070000
33	35080000	35080000	35080000	35080000
34	35080000	35080000	35080000	35080000
35	35070000	35080000	35070000	35070000
36	35070000	35070000	35070000	35070000
37	35070000	35070000	35070000	35070000
38	35080000	35070000	35080000	35080000
39	35080000	35090000	35090000	35080000
40	35080000	35080000	35080000	35080000
41	35080000	35080000	35080000	35080000
42	35090000	35090000	35090000	35090000
43	35070000	35080000	35080000	35070000
44	35070000	35070000	35070000	35070000
45	35070000	35070000	35070000	35070000
46	35070000	35070000	35070000	35070000
47	35070000	35070000	35070000	35070000
48	35070000	35070000	35070000	35070000
49	35070000	35070000	35070000	35070000
50	35070000	35070000	35070000	35070000
51	35070000	35070000	35070000	35070000
52	35070000	35080000	35070000	35070000
53	35070000	35070000	35070000	35070000
54	35070000	35070000	35070000	35070000
55	35080000	35070000	35070000	35070000
56	35070000	35070000	35070000	35070000
57	35080000	35080000	35080000	35080000
58	35080000	35070000	35080000	35080000
59	35060000	35060000	35060000	35060000
60	35080000	35070000	35070000	35080000
61	35070000	35070000	35070000	35070000
62	35070000	35080000	35080000	35080000
63	35070000	35070000	35070000	35070000
64	35070000	35070000	35070000	35070000
65	35080000	35080000	35080000	35080000
66	35070000	35080000	35080000	35070000
67	35080000	35070000	35070000	35070000
68	35080000	35080000	35080000	35080000
69	35070000	35070000	35070000	35070000
70	35070000	35070000	35070000	35070000
71	35070000	35070000	35070000	35070000
72	35070000	35080000	35080000	35070000
73	35070000	35070000	35070000	35070000
74	35080000	35080000	35080000	35080000
75	35080000	35070000	35070000	35070000
76	35080000	35080000	35080000	35080000
77	35080000	35080000	35080000	35080000
78	35080000	35080000	35080000	35080000
79	35080000	35070000	35080000	35080000
80	35080000	35080000	35080000	35080000
81	35060000	35060000	35060000	35060000
82	35070000	35070000	35070000	35070000
83	35080000	35080000	35080000	35080000
84	35070000	35070000	35070000	35070000
85	35070000	35070000	35070000	35070000
86	35070000	35070000	35070000	35070000
87	35080000	35070000	35070000	35070000
88	35070000	35070000	35070000	35070000
89	35070000	35070000	35070000	35070000
90	35070000	35070000	35070000	35070000
91	35080000	35080000	35080000	35080000
92	35060000	35060000	35060000	35060000
93	35070000	35070000	35070000	35070000
94	35070000	35080000	35080000	35080000
95	35070000	35070000	35070000	35070000
96	35080000	35070000	35070000	35080000
97	35070000	35080000	35070000	35070000
98	35080000	35070000	35070000	35070000
99	35070000	35070000	35070000	35070000
100	35070000	35070000	35070000	35070000
101	35070000	35070000	35070000	35070000
102	35070000	35070000	35070000	35070000
103	35070000	35070000	35070000	35070000
104	35070000	35060000	35070000	35070000
105	35070000	35070000	35070000	35070000
106	35080000	35070000	35070000	35070000
107	35070000	35070000	35070000	35070000
108	35080000	35070000	35070000	35080000
109	35060000	35060000	35060000	35060000
110	35070000	35070000	35070000	35070000
111	35080000	35080000	35080000	35080000
112	35070000	35070000	35070000	35070000
113	35080000	35080000	35080000	35080000
114	35070000	35070000	35070000	35070000
115	35070000	35070000	35070000	35070000
116	35080000	35080000	35080000	35080000
117	35080000	35070000	35070000	35070000
118	35070000	35070000	35070000	35070000
119	35080000	35080000	35080000	35080000
120	35080000	35080000	35080000	35080000
121	35080000	35080000	35080000	35080000
122	35060000	35060000	35060000	35060000
123	35070000	35070000	35070000	35070000
124	35070000	35070000	35070000	35070000
125	35070000	35070000	35070000	35070000
126	35070000	35070000	35070000	35070000
127	35070000	35070000	35070000	35070000
128	35070000	35070000	35070000	35070000
129	35080000	35080000	35080000	35080000
130	35070000	35070000	35070000	35070000
131	35060000	35060000	35060000	35060000
132	35070000	35070000	35070000	35070000
133	35070000	35070000	35070000	35070000
134	35070000	35070000	35070000	35070000
135	35080000	35070000	35080000	35080000
136	35080000	35080000	35080000	35080000
137	35070000	35080000	35070000	35070000
138	35080000	35080000	35080000	35080000
139	35070000	35070000	35070000	35070000
140	35070000	35080000	35080000	35070000
141	35060000	35060000	35060000	35060000
142	35070000	35070000	35070000	35070000
143	35070000	35070000	35070000	35070000
144	35080000	35080000	35080000	35080000
145	35070000	35070000	35070000	35070000
146	35080000	35080000	35080000	35080000
147	35070000	35070000	35070000	35070000
148	35070000	35070000	35070000	35070000
149	35080000	35080000	35080000	35080000
150	35070000	35070000	35070000	35070000
151	35070000	35080000	35080000	35070000
152	35060000	35070000	35070000	35070000
153	35070000	35060000	35070000	35070000
154	35070000	35070000	35070000	35070000
155	35070000	35070000	35070000	35070000
156	35090000	35090000	35090000	35090000
157	35080000	35080000	35080000	35080000
158	35070000	35080000	35080000	35070000
159	35070000	35070000	35070000	35070000
160	35080000	35080000	35080000	35080000
161	35070000	35070000	35070000	35070000
162	35070000	35080000	35070000	35070000
163	35080000	35080000	35080000	35080000
164	35070000	35070000	35070000	35070000
165	35070000	35070000	35070000	35070000
166	35070000	35060000	35070000	35070000
167	35060000	35060000	35060000	35060000
168	35070000	35070000	35070000	35070000
169	35070000	35070000	35070000	35070000
170	35070000	35070000	35070000	35070000
171	35070000	35070000	35070000	35070000
172	35080000	35080000	35080000	35080000
173	35080000	35080000	35080000	35080000
174	35080000	35080000	35080000	35080000
175	35070000	35070000	35070000	35070000
176	35070000	35070000	35070000	35070000
177	35070000	35070000	35070000	35070000
178	35070000	35070000	35070000	35070000
179	35070000	35080000	35070000	35070000
180	35060000	35070000	35060000	35060000
181	35060000	35070000	35070000	35070000
182	35070000	35070000	35070000	35070000
183	35070000	35070000	35070000	35070000
184	35070000	35070000	35070000	35070000
185	35080000	35080000	35080000	35080000
186	35060000	35060000	35060000	35060000
187	35070000	35070000	35070000	35070000
188	35060000	35060000	35060000	35060000
189	35060000	35070000	35060000	35060000
190	35070000	35070000	35080000	35080000
191	35080000	35070000	35080000	35080000
192	35070000	35080000	35080000	35080000
193	35060000	35060000	35060000	35060000
194	35080000	35080000	35080000	35080000
195	35070000	35070000	35070000	35070000
196	35080000	35080000	35080000	35080000
197	35070000	35070000	35070000	35070000
198	35070000	35070000	35070000	35070000
199	35070000	35070000	35070000	35070000
200	35080000	35080000	35080000	35080000
201	35070000	35070000	35070000	35070000
202	35080000	35080000	35080000	35080000
203	35070000	35080000	35080000	35080000
204	35070000	35070000	35070000	35070000
205	35070000	35070000	35070000	35070000
206	35080000	35070000	35070000	35080000
207	35080000	35080000	35080000	35080000
208	35080000	35070000	35080000	35080000
209	35070000	35070000	35070000	35070000
210	35070000	35070000	35070000	35070000
211	35060000	35060000	35060000	35060000
212	35060000	35060000	35060000	35060000
213	35080000	35080000	35080000	35080000
214	35070000	35070000	35070000	35070000
215	35070000	35070000	35070000	35070000
216	35070000	35080000	35080000	35080000
217	35070000	35070000	35070000	35070000
218	35070000	35080000	35080000	35080000
219	35070000	35070000	35070000	35070000
220	35080000	35080000	35080000	35080000
221	35080000	35080000	35080000	35080000
222	35070000	35070000	35070000	35070000
223	35070000	35070000	35070000	35070000
224	35080000	35080000	35080000	35080000
225	35070000	35070000	35070000	35070000
226	35060000	35070000	35070000	35060000
227	35070000	35070000	35070000	35070000
228	35070000	35080000	35080000	35080000
229	35070000	35070000	35070000	35070000
230	35080000	35070000	35070000	35070000
231	35060000	35070000	35070000	35070000
232	35080000	35070000	35070000	35080000
233	35070000	35070000	35070000	35070000
234	35080000	35080000	35080000	35080000
235	35070000	35070000	35070000	35070000
236	35080000	35080000	35080000	35080000
237	35080000	35080000	35080000	35080000
238	35080000	35080000	35080000	35080000
239	35070000	35080000	35080000	35070000
240	35080000	35070000	35080000	35080000
241	35070000	35060000	35060000	35060000
242	35070000	35070000	35070000	35070000
243	35070000	35070000	35070000	35070000
244	35080000	35080000	35080000	35080000
245	35080000	35070000	35080000	35080000
246	35070000	35070000	35070000	35070000
247	35070000	35080000	35080000	35080000
248	35060000	35070000	35070000	35060000
249	35070000	35080000	35070000	35070000
250	35070000	35070000	35070000	35070000
251	35070000	35070000	35070000	35070000
252	35070000	35070000	35070000	35070000
253	35060000	35060000	35060000	35060000
254	35070000	35070000	35070000	35070000
255	35070000	35070000	35070000	35070000
256	35070000	35070000	35070000	35070000
257	35070000	35070000	35070000	35070000
258	35070000	35060000	35070000	35070000
259	35060000	35070000	35060000	35060000
260	35070000	35070000	35080000	35080000
261	35070000	35060000	35070000	35070000
262	35070000	35080000	35080000	35080000
263	35070000	35070000	35070000	35070000
264	35080000	35080000	35080000	35080000
265	35080000	35070000	35070000	35070000
266	35070000	35070000	35070000	35070000
267	35070000	35070000	35070000	35070000
268	35060000	35070000	35070000	35070000
269	35070000	35080000	35070000	35070000
270	35080000	35080000	35080000	35080000
271	35070000	35070000	35070000	35070000
272	35070000	35070000	35070000	35070000
273	35080000	35070000	35080000	35080000
274	35080000	35080000	35080000	35080000
275	35080000	35070000	35070000	35070000
276	35070000	35070000	35070000	35070000
277	35070000	35070000	35070000	35070000
278	35070000	35060000	35070000	35070000
279	35080000	35080000	35080000	35080000
280	35080000	35080000	35080000	35080000
281	35070000	35070000	35070000	35070000
282	35070000	35070000	35070000	35070000
283	35070000	35070000	35070000	35070000
284	35060000	35070000	35070000	35070000
285	35070000	35070000	35070000	35070000
286	35070000	35070000	35070000	35070000
287	35070000	35070000	35070000	35070000
288	35070000	35070000	35070000	35070000
289	35080000	35080000	35080000	35080000
290	35070000	35070000	35070000	35070000
291	35070000	35070000	35070000	35070000
292	35070000	35070000	35070000	35070000
293	35060000	35060000	35060000	35060000
294	35070000	35070000	35070000	35070000
295	35060000	35060000	35060000	35060000
296	35070000	35070000	35070000	35070000
297	35060000	35060000	35060000	35060000
298	35070000	35070000	35070000	35070000
299	35070000	35070000	35070000	35070000
300	35070000	35070000	35070000	35070000
301	35070000	35070000	35070000	35070000
302	35070000	35070000	35070000	35070000
303	35070000	35070000	35070000	35070000
304	35070000	35070000	35070000	35070000
305	35080000	35080000	35080000	35080000
306	35070000	35070000	35070000	35070000
307	35070000	35080000	35070000	35070000
308	35080000	35080000	35080000	35080000
309	35070000	35070000	35070000	35070000
310	35070000	35070000	35070000	35070000
311	35080000	35080000	35080000	35080000
312	35080000	35080000	35080000	35080000
313	35060000	35070000	35070000	35060000
314	35080000	35080000	35080000	35080000
315	35070000	35070000	35070000	35070000
316	35080000	35080000	35080000	35080000
317	35070000	35070000	35070000	35070000
318	35070000	35070000	35070000	35070000
319	35070000	35070000	35070000	35070000
320	35060000	35060000	35060000	35060000
321	35070000	35070000	35070000	35070000
322	35080000	35080000	35080000	35080000
323	35080000	35080000	35080000	35080000
324	35070000	35070000	35070000	35070000
325	35060000	35060000	35060000	35060000
326	35070000	35070000	35070000	35070000
327	35070000	35070000	35070000	35070000
328	35070000	35070000	35070000	35070000
329	35070000	35070000	35070000	35070000
330	35070000	35070000	35070000	35070000
331	35070000	35070000	35070000	35070000
332	35070000	35070000	35070000	35070000
333	35070000	35080000	35080000	35080000
334	35070000	35070000	35070000	35070000
335	35080000	35080000	35080000	35080000
336	35080000	35070000	35070000	35070000
337	35070000	35070000	35070000	35070000
338	35070000	35070000	35070000	35070000
339	35070000	35070000	35070000	35070000
340	35080000	35080000	35080000	35080000
341	35070000	35080000	35070000	35070000
342	35080000	35080000	35080000	35080000
343	35080000	35070000	35070000	35080000
344	35080000	35080000	35080000	35080000
345	35070000	35070000	35070000	35070000
346	35070000	35080000	35070000	35070000
347	35070000	35070000	35070000	35070000
348	35060000	35070000	35070000	35070000
349	35080000	35080000	35080000	35080000
350	35080000	35080000	35080000	35080000
351	35070000	35080000	35080000	35080000
352	35070000	35070000	35070000	35070000
353	35070000	35070000	35070000	35070000
354	35070000	35070000	35070000	35070000
355	35080000	35080000	35080000	35080000
356	35060000	35070000	35070000	35070000
357	35070000	35070000	35070000	35070000
358	35070000	35060000	35070000	35070000
359	35070000	35060000	35060000	35060000
360	35070000	35070000	35070000	35070000
361	35070000	35070000	35070000	35070000
362	35080000	35080000	35080000	35080000
363	35070000	35070000	35060000	35070000
364	35070000	35070000	35070000	35070000
365	35070000	35070000	35070000	35070000
366	35060000	35060000	35060000	35060000
367	35070000	35070000	35070000	35070000
368	35070000	35070000	35070000	35070000
369	35070000	35070000	35070000	35070000
370	35070000	35070000	35070000	35070000
371	35060000	35070000	35070000	35060000
372	35070000	35070000	35070000	35070000
373	35070000	35070000	35070000	35070000
374	35070000	35070000	35070000	35070000
375	35080000	35080000	35080000	35080000
376	35070000	35080000	35080000	35080000
377	35070000	35070000	35070000	35070000
378	35070000	35070000	35070000	35070000
379	35070000	35070000	35070000	35070000
380	35070000	35070000	35070000	35070000
381	35060000	35070000	35070000	35060000
382	35060000	35060000	35060000	35060000
383	35060000	35060000	35060000	35060000
384	35070000	35070000	35070000	35070000
385	35070000	35070000	35070000	35070000
386	35070000	35070000	35070000	35070000
387	35060000	35070000	35070000	35070000
388	35070000	35070000	35070000	35070000
389	35080000	35070000	35080000	35080000
390	35070000	35070000	35070000	35070000
391	35060000	35060000	35060000	35060000
392	35070000	35070000	35070000	35070000
393	35070000	35060000	35070000	35070000
394	35070000	35070000	35070000	35070000
395	35060000	35060000	35060000	35060000
396	35070000	35070000	35070000	35070000
397	35070000	35070000	35070000	35070000
398	35080000	35080000	35080000	35080000
399	35070000	35070000	35070000	35070000
400	35070000	35070000	35070000	35070000
401	35070000	35080000	35070000	35070000
402	35070000	35070000	35070000	35070000
403	35070000	35060000	35060000	35060000
404	35080000	35080000	35080000	35080000
405	35060000	35070000	35070000	35070000
406	35070000	35070000	35070000	35070000
407	35070000	35070000	35070000	35070000
408	35070000	35070000	35070000	35070000
409	35080000	35080000	35080000	35080000
410	35070000	35070000	35070000	35070000
411	35070000	35070000	35070000	35070000
412	35070000	35070000	35070000	35070000
413	35080000	35080000	35080000	35080000
414	35070000	35070000	35070000	35070000
415	35070000	35070000	35070000	35070000
416	35080000	35080000	35080000	35080000
417	35070000	35070000	35070000	35070000
418	35070000	35070000	35070000	35070000
419	35070000	35070000	35070000	35070000
420	35060000	35070000	35070000	35070000
421	35060000	35070000	35070000	35060000
422	35070000	35070000	35070000	35070000
423	35070000	35070000	35070000	35070000
424	35070000	35070000	35070000	35070000
425	35070000	35070000	35070000	35070000
426	35070000	35070000	35070000	35070000
427	35070000	35070000	35070000	35070000
428	35070000	35070000	35070000	35070000
429	35070000	35060000	35070000	35070000
430	35060000	35060000	35060000	35060000
431	35070000	35070000	35070000	35070000
432	35060000	35060000	35060000	35060000
433	35060000	35060000	35060000	35060000
434	35070000	35080000	35080000	35080000
435	35070000	35070000	35070000	35070000
436	35070000	35070000	35070000	35070000
437	35070000	35070000	35070000	35070000
438	35070000	35070000	35070000	35070000
439	35070000	35070000	35070000	35070000
440	35070000	35080000	35080000	35070000
441	35080000	35070000	35070000	35080000
442	35060000	35070000	35070000	35060000
443	35060000	35060000	35060000	35060000
444	35060000	35070000	35060000	35060000
445	35070000	35070000	35070000	35070000
446	35060000	35060000	35060000	35060000
447	35070000	35070000	35070000	35070000
448	35070000	35070000	35070000	35070000
449	35070000	35070000	35070000	35070000
450	35070000	35080000	35070000	35070000
451	35080000	35080000	35080000	35080000
452	35070000	35080000	35070000	35070000
453	35080000	35080000	35080000	35080000
454	35060000	35070000	35070000	35070000
455	35070000	35070000	35070000	35070000
456	35070000	35070000	35070000	35070000
457	35060000	35070000	35070000	35070000
458	35080000	35080000	35080000	35080000
459	35070000	35070000	35070000	35070000
460	35070000	35070000	35070000	35070000
461	35060000	35070000	35060000	35060000
462	35070000	35070000	35080000	35080000
463	35070000	35070000	35070000	35070000
464	35060000	35060000	35060000	35060000
465	35070000	35070000	35070000	35070000
466	35070000	35070000	35070000	35070000
467	35070000	35070000	35070000	35070000
468	35070000	35070000	35070000	35070000
469	35070000	35070000	35070000	35070000
470	35070000	35070000	35070000	35070000
471	35080000	35080000	35080000	35080000
472	35070000	35080000	35070000	35070000
473	35070000	35080000	35080000	35070000
474	35080000	35080000	35080000	35080000
475	35080000	35080000	35080000	35080000
476	35080000	35080000	35080000	35080000
477	35070000	35070000	35070000	35070000
478	35070000	35070000	35070000	35070000
479	35070000	35070000	35070000	35070000
480	35070000	35070000	35070000	35070000
481	35070000	35060000	35070000	35070000
482	35080000	35080000	35080000	35080000
483	35080000	35080000	35080000	35080000
484	35080000	35080000	35080000	35080000
485	35070000	35070000	35070000	35070000
486	35070000	35070000	35070000	35070000
487	35070000	35070000	35070000	35070000
488	35080000	35080000	35080000	35080000
489	35070000	35070000	35070000	35070000
490	35080000	35080000	35080000	35080000
491	35080000	35080000	35080000	35080000
492	35080000	35080000	35080000	35080000
493	35080000	35070000	35080000	35080000
494	35070000	35070000	35070000	35070000
495	35070000	35080000	35080000	35070000
496	35070000	35070000	35070000	35070000
497	35070000	35070000	35070000	35070000
498	35070000	35070000	35070000	35070000
499	35080000	35080000	35080000	35080000

============================================================
# BITSTREAM: 100us_5etapas.bit
# VENTANA: 100us
# ETAPAS_PRINCIPAL: 5
# NUM_MUESTRAS: 500
# FORMATO: idx	freq1_hz	freq2_hz	freq3_hz	freq4_hz
============================================================
idx	freq1_hz	freq2_hz	freq3_hz	freq4_hz
0	33890000	32910000	31940000	32910000
1	33900000	32920000	31940000	32920000
2	33890000	32920000	31940000	32910000
3	33900000	32920000	31940000	32920000
4	33890000	32910000	31930000	32910000
5	33880000	32900000	31940000	32900000
6	33900000	32910000	31940000	32920000
7	33890000	32910000	31940000	32910000
8	33890000	32910000	31940000	32910000
9	33890000	32910000	31940000	32920000
10	33880000	32910000	31940000	32910000
11	33890000	32910000	31940000	32920000
12	33890000	32920000	31940000	32920000
13	33890000	32910000	31940000	32910000
14	33890000	32920000	31940000	32920000
15	33880000	32900000	31920000	32900000
16	33890000	32910000	31940000	32910000
17	33900000	32920000	31940000	32920000
18	33890000	32910000	31930000	32910000
19	33890000	32920000	31930000	32920000
20	33890000	32910000	31940000	32910000
21	33890000	32910000	31930000	32910000
22	33890000	32910000	31940000	32910000
23	33890000	32910000	31940000	32910000
24	33900000	32920000	31940000	32920000
25	33900000	32920000	31930000	32920000
26	33900000	32910000	31930000	32910000
27	33890000	32910000	31930000	32910000
28	33890000	32910000	31940000	32910000
29	33890000	32920000	31930000	32920000
30	33900000	32920000	31940000	32920000
31	33880000	32910000	31930000	32900000
32	33890000	32910000	31940000	32910000
33	33890000	32910000	31930000	32910000
34	33900000	32920000	31940000	32920000
35	33900000	32930000	31940000	32930000
36	33890000	32910000	31930000	32910000
37	33900000	32930000	31940000	32920000
38	33900000	32920000	31930000	32920000
39	33900000	32920000	31950000	32920000
40	33900000	32920000	31940000	32920000
41	33900000	32920000	31940000	32920000
42	33890000	32910000	31930000	32910000
43	33900000	32920000	31940000	32920000
44	33890000	32910000	31920000	32900000
45	33900000	32920000	31940000	32910000
46	33900000	32920000	31940000	32920000
47	33900000	32920000	31930000	32920000
48	33900000	32910000	31930000	32910000
49	33880000	32910000	31940000	32920000
50	33880000	32910000	31930000	32910000
51	33880000	32900000	31940000	32910000
52	33900000	32920000	31940000	32920000
53	33900000	32920000	31940000	32920000
54	33880000	32910000	31930000	32910000
55	33880000	32900000	31930000	32900000
56	33890000	32910000	31930000	32910000
57	33900000	32920000	31940000	32920000
58	33900000	32920000	31930000	32910000
59	33890000	32910000	31930000	32910000
60	33890000	32910000	31940000	32920000
61	33900000	32910000	31930000	32910000
62	33890000	32920000	31940000	32910000
63	33890000	32910000	31930000	32910000
64	33890000	32910000	31940000	32910000
65	33890000	32910000	31940000	32910000
66	33900000	32920000	31940000	32920000
67	33900000	32930000	31950000	32930000
68	33880000	32910000	31940000	32910000
69	33900000	32920000	31940000	32920000
70	33890000	32920000	31930000	32920000
71	33890000	32910000	31930000	32910000
72	33900000	32920000	31940000	32920000
73	33880000	32910000	31930000	32910000
74	33890000	32910000	31930000	32910000
75	33890000	32910000	31930000	32910000
76	33890000	32920000	31930000	32910000
77	33890000	32910000	31930000	32910000
78	33880000	32910000	31930000	32910000
79	33890000	32910000	31920000	32910000
80	33880000	32910000	31930000	32910000
81	33890000	32910000	31940000	32910000
82	33900000	32910000	31940000	32910000
83	33880000	32900000	31930000	32900000
84	33890000	32910000	31930000	32910000
85	33890000	32910000	31940000	32910000
86	33890000	32910000	31940000	32910000
87	33900000	32920000	31940000	32920000
88	33890000	32910000	31940000	32910000
89	33900000	32920000	31940000	32910000
90	33890000	32920000	31930000	32920000
91	33880000	32900000	31930000	32900000
92	33900000	32920000	31940000	32920000
93	33900000	32920000	31940000	32910000
94	33890000	32920000	31930000	32900000
95	33890000	32920000	31950000	32920000
96	33890000	32910000	31930000	32910000
97	33900000	32920000	31930000	32910000
98	33900000	32920000	31940000	32920000
99	33890000	32920000	31930000	32920000
100	33900000	32920000	31940000	32920000
101	33890000	32910000	31930000	32910000
102	33890000	32910000	31940000	32910000
103	33890000	32910000	31930000	32910000
104	33900000	32920000	31930000	32910000
105	33880000	32910000	31940000	32910000
106	33890000	32910000	31940000	32920000
107	33890000	32910000	31930000	32910000
108	33900000	32920000	31940000	32920000
109	33890000	32910000	31930000	32910000
110	33890000	32910000	31940000	32910000
111	33890000	32910000	31940000	32910000
112	33900000	32920000	31940000	32930000
113	33890000	32920000	31940000	32920000
114	33900000	32920000	31940000	32920000
115	33890000	32920000	31930000	32920000
116	33890000	32920000	31930000	32910000
117	33900000	32910000	31940000	32910000
118	33890000	32910000	31930000	32910000
119	33880000	32900000	31930000	32900000
120	33880000	32900000	31930000	32900000
121	33890000	32910000	31940000	32910000
122	33880000	32910000	31940000	32910000
123	33880000	32900000	31930000	32900000
124	33890000	32910000	31930000	32910000
125	33900000	32920000	31940000	32920000
126	33880000	32900000	31940000	32900000
127	33880000	32910000	31940000	32910000
128	33890000	32910000	31930000	32910000
129	33890000	32910000	31930000	32910000
130	33880000	32910000	31940000	32910000
131	33880000	32910000	31920000	32900000
132	33880000	32910000	31930000	32910000
133	33890000	32910000	31930000	32910000
134	33890000	32910000	31930000	32910000
135	33880000	32910000	31930000	32910000
136	33890000	32910000	31930000	32920000
137	33880000	32900000	31920000	32910000
138	33900000	32910000	31940000	32910000
139	33890000	32910000	31950000	32910000
140	33900000	32920000	31940000	32920000
141	33890000	32920000	31940000	32920000
142	33900000	32910000	31940000	32920000
143	33890000	32910000	31940000	32910000
144	33900000	32920000	31940000	32920000
145	33890000	32910000	31930000	32910000
146	33900000	32910000	31940000	32910000
147	33890000	32910000	31940000	32910000
148	33890000	32920000	31950000	32920000
149	33880000	32900000	31930000	32900000
150	33880000	32910000	31930000	32910000
151	33890000	32920000	31940000	32920000
152	33890000	32920000	31940000	32920000
153	33900000	32920000	31930000	32910000
154	33890000	32910000	31930000	32910000
155	33900000	32920000	31940000	32920000
156	33890000	32910000	31940000	32910000
157	33890000	32910000	31930000	32910000
158	33900000	32920000	31930000	32920000
159	33890000	32920000	31940000	32920000
160	33890000	32910000	31940000	32910000
161	33890000	32910000	31930000	32910000
162	33880000	32910000	31940000	32910000
163	33890000	32910000	31940000	32910000
164	33870000	32910000	31930000	32910000
165	33890000	32910000	31940000	32910000
166	33890000	32920000	31940000	32920000
167	33890000	32910000	31930000	32910000
168	33890000	32910000	31930000	32910000
169	33890000	32920000	31940000	32920000
170	33890000	32910000	31930000	32920000
171	33890000	32910000	31930000	32900000
172	33890000	32910000	31930000	32910000
173	33890000	32910000	31930000	32910000
174	33880000	32900000	31920000	32900000
175	33890000	32910000	31930000	32910000
176	33890000	32910000	31940000	32900000
177	33880000	32900000	31930000	32910000
178	33890000	32910000	31930000	32920000
179	33890000	32910000	31930000	32910000
180	33880000	32910000	31930000	32910000
181	33890000	32910000	31930000	32910000
182	33890000	32910000	31940000	32910000
183	33880000	32910000	31930000	32910000
184	33890000	32910000	31940000	32910000
185	33880000	32910000	31920000	32910000
186	33880000	32910000	31930000	32910000
187	33870000	32900000	31930000	32900000
188	33880000	32900000	31930000	32900000
189	33890000	32910000	31940000	32910000
190	33880000	32910000	31940000	32910000
191	33880000	32910000	31940000	32920000
192	33880000	32900000	31920000	32900000
193	33870000	32890000	31930000	32890000
194	33880000	32900000	31920000	32900000
195	33880000	32910000	31930000	32910000
196	33870000	32910000	31940000	32910000
197	33880000	32910000	31930000	32910000
198	33880000	32910000	31930000	32910000
199	33880000	32900000	31930000	32900000
200	33890000	32910000	31940000	32910000
201	33890000	32910000	31930000	32910000
202	33880000	32910000	31930000	32900000
203	33890000	32920000	31930000	32920000
204	33880000	32910000	31930000	32900000
205	33880000	32900000	31930000	32900000
206	33880000	32900000	31930000	32910000
207	33890000	32900000	31930000	32900000
208	33880000	32900000	31920000	32900000
209	33880000	32900000	31930000	32900000
210	33890000	32910000	31940000	32910000
211	33890000	32900000	31930000	32910000
212	33880000	32900000	31930000	32900000
213	33880000	32900000	31930000	32910000
214	33890000	32910000	31930000	32910000
215	33880000	32910000	31930000	32910000
216	33890000	32920000	31930000	32910000
217	33880000	32900000	31930000	32910000
218	33890000	32910000	31940000	32910000
219	33880000	32910000	31930000	32910000
220	33880000	32910000	31930000	32910000
221	33880000	32900000	31920000	32900000
222	33880000	32900000	31920000	32900000
223	33890000	32910000	31940000	32920000
224	33870000	32890000	31920000	32900000
225	33890000	32920000	31930000	32920000
226	33880000	32910000	31930000	32910000
227	33880000	32910000	31930000	32910000
228	33880000	32900000	31920000	32900000
229	33880000	32910000	31930000	32900000
230	33890000	32910000	31930000	32910000
231	33870000	32910000	31930000	32910000
232	33890000	32910000	31940000	32910000
233	33890000	32910000	31930000	32910000
234	33890000	32910000	31920000	32900000
235	33880000	32900000	31930000	32900000
236	33890000	32910000	31930000	32910000
237	33880000	32910000	31930000	32910000
238	33880000	32900000	31930000	32900000
239	33880000	32910000	31930000	32910000
240	33880000	32900000	31930000	32900000
241	33880000	32910000	31940000	32910000
242	33880000	32900000	31930000	32900000
243	33870000	32890000	31930000	32890000
244	33880000	32900000	31930000	32900000
245	33870000	32890000	31910000	32890000
246	33890000	32910000	31940000	32910000
247	33870000	32890000	31920000	32900000
248	33890000	32910000	31930000	32910000
249	33880000	32900000	31920000	32900000
250	33880000	32900000	31920000	32900000
251	33880000	32910000	31930000	32910000
252	33880000	32910000	31930000	32910000
253	33890000	32910000	31930000	32910000
254	33880000	32910000	31930000	32910000
255	33870000	32900000	31930000	32890000
256	33880000	32900000	31930000	32900000
257	33880000	32900000	31930000	32900000
258	33880000	32900000	31930000	32900000
259	33890000	32910000	31930000	32900000
260	33890000	32910000	31930000	32910000
261	33880000	32900000	31920000	32900000
262	33880000	32900000	31930000	32900000
263	33880000	32900000	31930000	32900000
264	33880000	32900000	31930000	32900000
265	33870000	32900000	31920000	32900000
266	33880000	32900000	31920000	32900000
267	33880000	32900000	31930000	32900000
268	33880000	32910000	31930000	32900000
269	33890000	32910000	31930000	32910000
270	33880000	32910000	31930000	32910000
271	33880000	32910000	31940000	32910000
272	33890000	32910000	31930000	32910000
273	33880000	32900000	31930000	32900000
274	33880000	32910000	31940000	32910000
275	33890000	32910000	31940000	32920000
276	33880000	32910000	31930000	32910000
277	33890000	32910000	31930000	32910000
278	33880000	32910000	31930000	32900000
279	33880000	32910000	31930000	32910000
280	33890000	32910000	31920000	32900000
281	33870000	32900000	31930000	32900000
282	33870000	32900000	31920000	32900000
283	33880000	32900000	31920000	32900000
284	33880000	32910000	31930000	32910000
285	33880000	32910000	31930000	32910000
286	33870000	32900000	31930000	32890000
287	33880000	32900000	31930000	32900000
288	33870000	32900000	31920000	32900000
289	33890000	32910000	31930000	32910000
290	33890000	32910000	31930000	32910000
291	33890000	32910000	31930000	32910000
292	33880000	32910000	31930000	32900000
293	33880000	32900000	31930000	32890000
294	33880000	32900000	31930000	32900000
295	33880000	32910000	31940000	32910000
296	33880000	32900000	31930000	32900000
297	33880000	32900000	31940000	32910000
298	33880000	32900000	31920000	32900000
299	33870000	32900000	31920000	32900000
300	33880000	32910000	31920000	32900000
301	33880000	32910000	31930000	32910000
302	33880000	32900000	31920000	32900000
303	33880000	32910000	31920000	32900000
304	33880000	32900000	31920000	32900000
305	33880000	32900000	31920000	32900000
306	33890000	32910000	31930000	32910000
307	33890000	32910000	31930000	32910000
308	33880000	32910000	31920000	32910000
309	33890000	32910000	31930000	32910000
310	33880000	32900000	31930000	32900000
311	33880000	32910000	31930000	32900000
312	33880000	32910000	31940000	32910000
313	33880000	32900000	31920000	32900000
314	33880000	32900000	31930000	32910000
315	33870000	32900000	31930000	32910000
316	33890000	32900000	31940000	32910000
317	33890000	32910000	31940000	32910000
318	33880000	32900000	31930000	32910000
319	33870000	32900000	31930000	32900000
320	33880000	32910000	31920000	32900000
321	33860000	32900000	31920000	32890000
322	33880000	32910000	31920000	32910000
323	33880000	32900000	31930000	32900000
324	33880000	32900000	31920000	32910000
325	33880000	32900000	31920000	32900000
326	33880000	32900000	31920000	32900000
327	33880000	32900000	31930000	32900000
328	33860000	32890000	31920000	32890000
329	33870000	32900000	31930000	32900000
330	33870000	32900000	31920000	32900000
331	33870000	32900000	31920000	32900000
332	33870000	32900000	31920000	32900000
333	33880000	32910000	31930000	32910000
334	33870000	32900000	31930000	32900000
335	33880000	32900000	31920000	32900000
336	33870000	32890000	31920000	32900000
337	33880000	32900000	31930000	32910000
338	33870000	32900000	31920000	32900000
339	33870000	32900000	31930000	32900000
340	33860000	32890000	31920000	32890000
341	33870000	32890000	31920000	32900000
342	33880000	32900000	31930000	32900000
343	33870000	32890000	31920000	32890000
344	33870000	32900000	31930000	32900000
345	33880000	32900000	31930000	32900000
346	33870000	32900000	31920000	32900000
347	33880000	32910000	31930000	32910000
348	33880000	32900000	31930000	32900000
349	33860000	32890000	31920000	32890000
350	33870000	32900000	31930000	32900000
351	33880000	32900000	31920000	32900000
352	33870000	32890000	31920000	32900000
353	33870000	32900000	31920000	32900000
354	33880000	32900000	31930000	32900000
355	33880000	32900000	31920000	32900000
356	33870000	32890000	31920000	32900000
357	33860000	32890000	31920000	32890000
358	33870000	32900000	31930000	32900000
359	33860000	32890000	31910000	32890000
360	33870000	32900000	31910000	32890000
361	33870000	32900000	31920000	32900000
362	33870000	32900000	31920000	32900000
363	33870000	32890000	31910000	32890000
364	33880000	32900000	31920000	32900000
365	33880000	32910000	31930000	32900000
366	33880000	32900000	31930000	32900000
367	33870000	32900000	31920000	32900000
368	33880000	32900000	31930000	32900000
369	33880000	32910000	31920000	32900000
370	33880000	32900000	31930000	32900000
371	33880000	32910000	31930000	32910000
372	33870000	32900000	31930000	32900000
373	33880000	32900000	31930000	32900000
374	33870000	32900000	31930000	32900000
375	33870000	32900000	31920000	32900000
376	33870000	32890000	31920000	32890000
377	33880000	32900000	31920000	32900000
378	33870000	32900000	31920000	32900000
379	33860000	32880000	31910000	32880000
380	33870000	32900000	31920000	32890000
381	33870000	32890000	31920000	32890000
382	33870000	32900000	31930000	32900000
383	33860000	32900000	31920000	32890000
384	33860000	32880000	31910000	32880000
385	33880000	32900000	31920000	32910000
386	33880000	32910000	31930000	32910000
387	33880000	32900000	31920000	32900000
388	33870000	32900000	31930000	32900000
389	33880000	32900000	31930000	32900000
390	33870000	32900000	31920000	32900000
391	33860000	32890000	31920000	32900000
392	33870000	32890000	31910000	32890000
393	33860000	32890000	31910000	32880000
394	33860000	32890000	31910000	32890000
395	33870000	32890000	31920000	32890000
396	33860000	32890000	31920000	32890000
397	33870000	32890000	31910000	32890000
398	33880000	32900000	31920000	32900000
399	33870000	32900000	31920000	32900000
400	33860000	32900000	31930000	32900000
401	33870000	32900000	31920000	32900000
402	33880000	32900000	31920000	32900000
403	33880000	32910000	31930000	32910000
404	33880000	32910000	31930000	32900000
405	33880000	32900000	31930000	32900000
406	33870000	32900000	31930000	32900000
407	33870000	32890000	31930000	32890000
408	33870000	32890000	31930000	32900000
409	33870000	32900000	31920000	32890000
410	33880000	32900000	31930000	32900000
411	33870000	32890000	31920000	32890000
412	33880000	32910000	31920000	32910000
413	33870000	32900000	31930000	32900000
414	33880000	32900000	31920000	32900000
415	33880000	32900000	31930000	32900000
416	33880000	32910000	31930000	32910000
417	33880000	32910000	31930000	32910000
418	33870000	32900000	31930000	32900000
419	33880000	32900000	31920000	32900000
420	33880000	32900000	31920000	32900000
421	33870000	32900000	31930000	32900000
422	33870000	32900000	31920000	32900000
423	33860000	32900000	31930000	32900000
424	33870000	32910000	31920000	32900000
425	33870000	32900000	31920000	32900000
426	33880000	32910000	31930000	32910000
427	33880000	32900000	31930000	32900000
428	33880000	32910000	31940000	32910000
429	33880000	32900000	31930000	32900000
430	33850000	32880000	31910000	32880000
431	33870000	32890000	31910000	32890000
432	33870000	32900000	31930000	32900000
433	33870000	32890000	31920000	32900000
434	33870000	32900000	31930000	32900000
435	33860000	32890000	31910000	32890000
436	33870000	32890000	31910000	32890000
437	33860000	32900000	31920000	32900000
438	33860000	32890000	31910000	32890000
439	33870000	32900000	31930000	32900000
440	33880000	32900000	31930000	32900000
441	33870000	32900000	31920000	32900000
442	33860000	32890000	31920000	32890000
443	33870000	32890000	31920000	32900000
444	33890000	32900000	31930000	32910000
445	33880000	32910000	31930000	32900000
446	33880000	32900000	31930000	32900000
447	33870000	32900000	31920000	32900000
448	33870000	32890000	31920000	32890000
449	33880000	32900000	31930000	32900000
450	33880000	32900000	31920000	32890000
451	33890000	32900000	31930000	32900000
452	33880000	32910000	31930000	32910000
453	33870000	32900000	31920000	32900000
454	33880000	32910000	31940000	32910000
455	33880000	32910000	31930000	32910000
456	33880000	32900000	31930000	32900000
457	33870000	32900000	31930000	32900000
458	33870000	32900000	31920000	32900000
459	33860000	32890000	31910000	32890000
460	33880000	32900000	31920000	32900000
461	33880000	32900000	31930000	32900000
462	33880000	32900000	31920000	32900000
463	33870000	32900000	31930000	32890000
464	33890000	32910000	31940000	32910000
465	33880000	32900000	31920000	32900000
466	33890000	32910000	31930000	32920000
467	33890000	32900000	31920000	32900000
468	33880000	32900000	31930000	32900000
469	33880000	32910000	31930000	32910000
470	33890000	32910000	31940000	32920000
471	33880000	32900000	31920000	32910000
472	33880000	32900000	31930000	32910000
473	33880000	32910000	31930000	32910000
474	33870000	32890000	31920000	32900000
475	33890000	32910000	31930000	32910000
476	33880000	32910000	31920000	32910000
477	33880000	32900000	31930000	32900000
478	33870000	32900000	31930000	32900000
479	33870000	32890000	31910000	32890000
480	33870000	32890000	31930000	32900000
481	33870000	32900000	31930000	32900000
482	33860000	32890000	31920000	32890000
483	33870000	32900000	31920000	32900000
484	33870000	32890000	31920000	32890000
485	33870000	32900000	31910000	32890000
486	33880000	32900000	31910000	32900000
487	33880000	32900000	31930000	32900000
488	33870000	32900000	31920000	32900000
489	33870000	32900000	31930000	32900000
490	33880000	32900000	31920000	32900000
491	33880000	32900000	31920000	32900000
492	33880000	32910000	31930000	32910000
493	33880000	32910000	31930000	32910000
494	33870000	32900000	31920000	32900000
495	33870000	32900000	31930000	32900000
496	33870000	32900000	31920000	32900000
497	33870000	32890000	31910000	32890000
498	33880000	32910000	31930000	32900000
499	33870000	32890000	31930000	32890000

============================================================
# BITSTREAM: 100us_51etapas.bit
# VENTANA: 100us
# ETAPAS_PRINCIPAL: 51
# NUM_MUESTRAS: 500
# FORMATO: idx	freq1_hz	freq2_hz	freq3_hz	freq4_hz
============================================================
idx	freq1_hz	freq2_hz	freq3_hz	freq4_hz
0	0	31040000	31040000	28490000
1	27800000	31040000	31030000	28490000
2	27790000	31040000	31040000	28500000
3	27800000	31040000	31050000	28490000
4	27800000	31040000	31040000	28490000
5	27810000	31050000	31040000	28500000
6	27800000	31050000	31040000	28480000
7	27790000	31040000	31040000	28490000
8	27800000	30870000	31040000	28490000
9	27790000	31040000	31040000	28490000
10	27790000	31040000	31040000	28490000
11	27800000	31040000	31040000	28490000
12	27800000	30870000	31030000	28490000
13	27790000	31040000	31040000	28490000
14	27790000	30870000	31030000	28490000
15	27790000	31040000	31040000	28480000
16	27790000	31040000	31040000	28480000
17	27790000	31040000	31040000	28490000
18	27790000	31040000	31040000	28480000
19	27790000	31040000	31040000	28480000
20	27800000	31040000	31040000	28490000
21	27790000	30870000	31030000	28480000
22	27790000	31040000	31040000	28490000
23	27780000	31050000	31040000	28490000
24	27790000	31040000	31040000	28480000
25	27790000	31040000	31040000	28490000
26	27790000	31040000	31040000	28490000
27	27790000	31040000	31040000	28490000
28	27790000	31040000	31040000	28490000
29	27800000	31050000	31050000	28490000
30	27790000	31040000	31040000	28490000
31	27830000	31050000	31040000	28490000
32	27780000	31040000	31030000	28480000
33	27780000	31040000	31040000	28480000
34	27790000	31040000	31040000	28490000
35	27780000	31040000	31040000	28490000
36	27780000	31040000	31040000	28490000
37	27780000	31040000	31040000	28490000
38	27790000	30870000	31030000	28480000
39	27800000	31040000	31040000	28490000
40	27790000	31040000	31040000	28490000
41	27790000	31040000	31040000	28500000
42	27790000	30870000	31030000	28480000
43	27790000	31040000	31040000	28490000
44	27790000	31040000	31040000	28490000
45	27790000	31050000	31040000	28490000
46	27800000	31040000	31040000	28490000
47	27790000	31040000	31040000	28490000
48	27800000	31040000	31050000	28490000
49	27790000	31040000	31040000	28490000
50	27800000	31050000	31040000	28490000
51	27800000	31040000	31040000	28500000
52	27790000	31040000	31030000	28490000
53	27790000	31040000	31040000	28490000
54	27790000	31040000	31040000	28490000
55	27780000	31040000	31040000	28490000
56	27800000	31040000	31040000	28490000
57	27800000	31050000	31050000	28490000
58	27790000	31050000	31050000	28490000
59	27800000	30870000	31040000	28490000
60	27800000	31040000	31040000	28490000
61	27810000	31050000	31050000	28500000
62	27790000	31040000	31040000	28500000
63	27790000	31040000	31040000	28490000
64	27790000	31050000	31050000	28490000
65	27800000	31040000	31040000	28490000
66	27790000	31040000	31040000	28490000
67	27800000	31040000	31040000	28490000
68	27790000	31050000	31040000	28490000
69	27800000	31040000	31040000	28500000
70	27800000	31050000	31040000	28490000
71	27800000	31040000	31050000	28490000
72	27790000	31050000	31040000	28490000
73	27790000	31050000	31040000	28490000
74	27790000	31040000	31040000	28490000
75	27790000	31040000	31030000	28490000
76	27790000	31040000	31030000	28490000
77	27790000	31040000	31040000	28490000
78	27800000	30870000	31040000	28490000
79	27790000	31040000	31040000	28490000
80	27800000	31040000	31040000	28490000
81	27790000	31040000	31040000	28490000
82	27810000	31050000	31050000	28500000
83	27790000	30870000	31030000	28490000
84	27810000	31040000	31040000	28490000
85	27800000	31050000	31050000	28490000
86	27800000	31040000	31050000	28490000
87	27790000	30870000	31040000	28490000
88	27790000	31040000	31040000	28490000
89	27790000	31040000	31040000	28490000
90	27780000	30870000	31030000	28480000
91	27790000	31040000	31040000	28480000
92	27800000	31040000	31040000	28490000
93	27790000	31040000	31040000	28490000
94	27790000	31040000	30890000	28490000
95	27790000	31040000	31040000	28490000
96	27800000	31040000	31030000	28490000
97	27800000	31040000	31040000	28490000
98	27790000	31040000	31050000	28500000
99	27780000	31040000	31040000	28490000
100	27790000	31040000	31040000	28490000
101	27790000	31040000	31040000	28490000
102	27780000	31040000	31040000	28490000
103	27800000	31040000	31040000	28490000
104	27780000	30870000	31030000	28490000
105	27800000	31040000	31040000	28480000
106	27780000	31040000	31040000	28480000
107	27790000	31040000	31040000	28490000
108	27780000	31040000	31030000	28480000
109	27790000	31040000	31040000	28490000
110	27790000	31040000	31040000	28490000
111	27800000	31040000	31040000	28490000
112	27790000	31040000	31050000	28490000
113	27790000	31040000	31040000	28490000
114	27790000	31040000	31040000	28490000
115	27830000	30870000	31040000	28490000
116	27790000	31040000	31040000	28490000
117	27780000	31040000	31040000	28490000
118	27790000	31040000	31040000	28490000
119	27790000	31040000	31040000	28480000
120	27800000	31040000	31040000	28490000
121	27790000	31040000	31050000	28490000
122	27790000	31040000	31040000	28490000
123	27790000	31040000	31030000	28490000
124	27790000	31040000	31040000	28490000
125	27790000	31040000	31040000	28490000
126	27790000	31040000	31040000	28490000
127	27790000	31050000	31050000	28490000
128	27790000	31050000	31040000	28490000
129	27790000	31040000	31030000	28480000
130	27800000	31040000	31040000	28490000
131	27800000	31050000	31040000	28500000
132	27800000	31050000	31050000	28500000
133	27790000	31040000	31040000	28490000
134	27800000	31050000	31040000	28490000
135	27800000	31050000	31040000	28490000
136	27780000	31040000	31040000	28490000
137	27790000	31040000	31040000	28490000
138	27790000	31040000	31040000	28490000
139	27800000	31050000	31040000	28490000
140	27790000	31050000	31050000	28500000
141	27790000	31040000	31040000	28490000
142	27790000	31040000	31040000	28480000
143	27780000	31040000	31030000	28480000
144	27790000	31040000	31040000	28490000
145	27790000	31040000	31040000	28480000
146	27780000	31040000	31040000	28480000
147	27800000	31040000	31040000	28480000
148	27790000	31040000	31050000	28490000
149	27790000	31040000	31040000	28490000
150	27790000	30870000	31040000	28490000
151	27790000	31040000	31040000	28490000
152	27800000	31040000	31050000	28490000
153	27780000	31040000	31040000	28490000
154	27790000	31040000	31040000	28490000
155	27800000	31040000	31040000	28490000
156	27790000	31040000	31040000	28480000
157	27790000	31040000	31040000	28480000
158	27780000	31040000	31040000	28480000
159	27790000	31040000	31040000	28490000
160	27800000	31040000	31040000	28500000
161	27790000	30870000	31010000	28490000
162	27800000	31040000	31040000	28490000
163	27790000	31040000	31040000	28480000
164	27790000	31040000	31030000	28490000
165	27800000	31040000	31040000	28490000
166	27790000	30870000	31030000	28480000
167	27790000	31040000	31040000	28490000
168	27800000	31040000	31040000	28480000
169	27790000	31050000	31040000	28490000
170	27800000	31040000	31040000	28490000
171	27800000	31040000	31050000	28490000
172	27800000	31040000	31040000	28490000
173	27800000	31040000	31040000	28490000
174	27810000	31050000	31040000	28490000
175	27800000	31050000	31040000	28490000
176	27790000	30870000	31030000	28480000
177	27790000	31040000	31030000	28490000
178	27790000	31040000	31040000	28490000
179	27790000	31040000	31030000	28490000
180	27780000	30870000	31030000	28480000
181	27800000	31040000	31040000	28500000
182	27790000	30870000	31030000	28480000
183	27790000	31040000	31040000	28490000
184	27800000	31040000	31040000	28490000
185	27790000	31040000	31030000	28480000
186	27790000	31040000	31040000	28490000
187	27800000	31040000	31040000	28490000
188	27790000	31040000	31040000	28480000
189	27790000	31040000	31040000	28480000
190	27790000	31040000	31030000	28480000
191	27790000	31040000	31040000	28490000
192	27790000	31040000	31040000	28490000
193	27790000	30870000	31040000	28490000
194	27790000	30870000	31030000	28490000
195	27780000	30870000	31030000	28480000
196	27780000	30870000	31030000	28480000
197	27790000	30870000	31030000	28480000
198	27790000	31040000	31040000	28490000
199	27790000	30870000	31030000	28480000
200	27790000	31040000	31040000	28490000
201	27780000	30870000	31030000	28480000
202	27790000	31040000	31040000	28480000
203	27790000	31040000	31040000	28480000
204	27790000	30870000	31030000	28480000
205	27780000	31040000	31030000	28490000
206	27790000	31040000	31040000	28480000
207	27790000	31040000	31040000	28480000
208	27790000	31040000	31030000	28480000
209	27790000	31040000	31040000	28490000
210	27790000	31040000	31050000	28490000
211	27790000	31040000	31040000	28490000
212	27800000	31040000	31040000	28490000
213	27790000	30870000	31040000	28490000
214	27790000	31040000	31040000	28480000
215	27790000	31040000	31030000	28480000
216	27800000	31040000	31050000	28490000
217	27790000	31040000	31040000	28490000
218	27780000	31040000	31050000	28490000
219	27800000	31040000	31040000	28490000
220	27790000	31040000	31040000	28480000
221	27790000	31040000	31040000	28490000
222	27780000	30870000	31030000	28480000
223	27790000	31040000	31030000	28490000
224	27800000	31050000	31050000	28490000
225	27790000	31040000	31040000	28500000
226	27800000	31040000	31030000	28490000
227	27820000	31040000	31040000	28480000
228	27790000	30870000	31040000	28490000
229	27790000	31040000	31040000	28490000
230	27790000	30870000	31030000	28480000
231	27790000	31040000	31040000	28490000
232	27780000	31050000	31050000	28480000
233	27790000	30870000	31040000	28480000
234	27800000	31040000	31040000	28490000
235	27790000	31040000	31050000	28490000
236	27790000	31040000	31040000	28490000
237	27780000	31040000	31040000	28490000
238	27780000	31040000	31040000	28490000
239	27790000	31040000	31030000	28490000
240	27780000	30870000	31030000	28490000
241	27780000	30870000	31040000	28490000
242	27780000	30870000	31030000	28490000
243	27790000	30870000	31030000	28480000
244	27790000	30870000	31030000	28490000
245	27790000	30870000	31040000	28490000
246	27800000	31040000	31040000	28490000
247	27790000	31040000	31040000	28480000
248	27790000	30870000	31030000	28480000
249	27790000	31040000	31040000	28480000
250	27790000	31040000	31040000	28490000
251	27790000	31040000	31040000	28490000
252	27800000	31040000	31040000	28490000
253	27790000	31040000	31040000	28490000
254	27790000	31040000	31040000	28490000
255	27800000	31050000	31050000	28500000
256	27800000	31040000	31040000	28490000
257	27790000	30870000	31030000	28490000
258	27790000	31040000	31030000	28490000
259	27800000	31040000	31040000	28490000
260	27790000	30870000	31030000	28480000
261	27790000	31040000	31030000	28490000
262	27790000	30870000	31030000	28490000
263	27790000	31040000	31040000	28490000
264	27790000	30870000	31030000	28490000
265	27780000	31040000	31040000	28490000
266	27790000	31040000	31040000	28480000
267	27790000	30870000	31030000	28480000
268	27790000	31040000	31040000	28480000
269	27780000	30870000	31030000	28480000
270	27780000	31040000	31040000	28490000
271	27790000	31040000	31040000	28490000
272	27790000	31040000	31040000	28490000
273	27790000	31040000	31040000	28490000
274	27800000	31040000	31040000	28490000
275	27790000	31040000	31040000	28500000
276	27790000	31040000	31030000	28480000
277	27800000	31040000	31040000	28480000
278	27790000	30870000	31030000	28480000
279	27790000	31050000	31050000	28490000
280	27800000	31040000	31040000	28490000
281	27800000	31040000	31030000	28490000
282	27800000	31050000	31050000	28490000
283	27790000	31040000	31040000	28490000
284	27790000	30870000	31030000	28480000
285	27790000	31040000	31040000	28490000
286	27800000	31040000	31040000	28490000
287	27790000	31040000	31040000	28490000
288	27790000	30870000	31030000	28490000
289	27790000	31040000	31040000	28500000
290	27800000	31040000	31030000	28480000
291	27800000	31040000	31040000	28490000
292	27800000	31040000	31050000	28490000
293	27790000	31040000	31030000	28480000
294	27790000	31040000	31040000	28490000
295	27780000	31040000	31040000	28480000
296	27800000	31040000	31040000	28490000
297	27800000	31040000	31040000	28500000
298	27800000	30870000	31030000	28490000
299	27790000	31040000	31040000	28490000
300	27790000	30870000	31030000	28480000
301	27790000	30870000	31030000	28480000
302	27790000	31040000	31040000	28490000
303	27790000	31040000	31040000	28490000
304	27800000	31040000	31040000	28490000
305	27790000	31040000	31040000	28490000
306	27790000	31050000	31040000	28490000
307	27790000	31040000	31040000	28480000
308	27800000	31040000	31040000	28500000
309	27790000	31040000	31040000	28480000
310	27790000	30870000	31030000	28480000
311	27770000	31040000	31040000	28480000
312	27780000	30870000	31030000	28490000
313	27780000	30870000	31030000	28480000
314	27780000	30870000	31030000	28480000
315	27790000	30870000	31040000	28490000
316	27790000	31040000	31040000	28480000
317	27790000	30870000	31030000	28490000
318	27790000	31040000	31040000	28490000
319	27790000	30870000	31030000	28480000
320	27790000	31040000	31040000	28490000
321	27800000	31040000	31040000	28490000
322	27790000	31040000	31040000	28490000
323	27790000	31040000	31040000	28490000
324	27790000	31040000	31040000	28490000
325	27780000	31040000	31040000	28490000
326	27790000	31040000	31040000	28490000
327	27790000	31040000	31030000	28480000
328	27780000	30870000	31030000	28490000
329	27790000	31040000	31040000	28490000
330	27790000	30870000	31040000	28490000
331	27790000	31040000	31040000	28490000
332	27790000	31040000	31340000	28490000
333	27780000	31040000	31040000	28490000
334	27790000	30870000	31030000	28490000
335	27790000	30870000	31030000	28480000
336	27780000	30870000	31040000	28480000
337	27790000	30870000	31030000	28490000
338	27790000	30870000	31030000	28490000
339	27800000	31040000	31030000	28490000
340	27780000	31040000	31040000	28490000
341	27790000	30870000	31030000	28480000
342	27790000	30870000	31030000	28480000
343	27780000	30860000	31020000	28470000
344	27790000	31040000	31030000	28490000
345	27790000	30870000	31030000	28490000
346	27790000	31040000	31040000	28490000
347	27790000	30870000	31040000	28480000
348	27790000	30870000	31030000	28490000
349	27790000	31040000	31040000	28490000
350	27790000	31040000	31030000	28480000
351	27790000	31040000	31040000	28490000
352	27800000	31040000	31040000	28490000
353	27790000	30870000	31040000	28490000
354	27790000	31040000	31040000	28490000
355	27790000	31050000	31050000	28500000
356	27800000	31040000	31040000	28490000
357	27800000	31040000	31040000	28490000
358	27790000	31050000	31040000	28490000
359	27790000	31040000	31040000	28490000
360	27790000	30870000	31030000	28480000
361	27780000	30870000	31040000	28480000
362	27800000	31040000	31030000	28480000
363	27790000	31040000	31040000	28480000
364	27790000	30870000	31030000	28490000
365	27790000	31040000	31040000	28490000
366	27790000	31040000	31040000	28490000
367	27790000	31040000	31040000	28490000
368	27790000	31040000	31040000	28490000
369	27800000	31040000	31040000	28490000
370	27790000	31040000	31040000	28480000
371	27790000	31040000	31040000	28490000
372	27790000	31040000	31030000	28490000
373	27790000	31040000	31030000	28490000
374	27790000	31040000	31040000	28490000
375	27790000	30870000	31030000	28480000
376	27780000	30870000	31030000	28480000
377	27790000	31040000	31030000	28480000
378	27790000	30870000	31030000	28480000
379	27790000	30870000	31040000	28480000
380	27780000	31040000	31040000	28490000
381	27790000	30870000	31030000	28480000
382	27780000	30870000	31030000	28490000
383	27790000	30870000	31040000	28480000
384	27780000	30870000	31030000	28480000
385	27780000	31040000	31040000	28480000
386	27780000	30870000	31030000	28480000
387	27800000	30870000	31030000	28490000
388	27790000	31040000	31040000	28490000
389	27790000	31040000	31040000	28500000
390	27790000	30870000	31030000	28480000
391	27790000	30740000	31040000	28490000
392	27800000	31040000	31040000	28490000
393	27790000	31050000	31040000	28490000
394	27790000	31040000	31040000	28490000
395	27780000	30870000	31030000	28480000
396	27790000	30870000	31010000	28480000
397	27790000	31040000	31040000	28490000
398	27790000	31040000	31040000	28480000
399	27790000	31040000	31030000	28480000
400	27800000	31040000	31040000	28490000
401	27790000	31040000	31040000	28490000
402	27790000	30870000	31030000	28490000
403	27790000	31040000	31040000	28490000
404	27800000	31040000	31040000	28490000
405	27790000	30870000	31040000	28490000
406	27800000	31040000	31040000	28490000
407	27800000	31040000	31040000	28490000
408	27800000	31040000	31040000	28480000
409	27790000	31040000	31030000	28480000
410	27790000	31040000	31040000	28490000
411	27800000	31040000	31030000	28490000
412	27790000	31040000	31030000	28490000
413	27790000	31040000	31040000	28490000
414	27790000	31040000	31040000	28490000
415	27790000	30870000	31030000	28490000
416	27790000	30870000	31040000	28480000
417	27790000	31040000	31040000	28480000
418	27780000	30870000	31030000	28480000
419	27790000	30870000	31030000	28480000
420	27780000	30870000	31040000	28490000
421	27780000	30870000	31030000	28480000
422	27790000	30870000	31030000	28490000
423	27790000	30870000	31030000	28480000
424	27790000	30870000	31030000	28480000
425	27790000	30870000	31030000	28480000
426	27800000	30870000	31030000	28490000
427	27790000	30870000	31040000	28490000
428	27790000	31040000	31040000	28480000
429	27780000	30870000	31030000	28490000
430	27790000	30870000	31030000	28480000
431	27790000	31040000	31040000	28490000
432	27790000	30870000	31030000	28490000
433	27800000	31040000	31040000	28490000
434	27780000	30870000	31030000	28490000
435	27790000	31040000	31030000	28490000
436	27790000	31040000	31040000	28490000
437	27790000	30870000	31030000	28490000
438	27780000	31040000	31040000	28490000
439	27790000	31050000	31040000	28500000
440	27800000	31040000	31040000	28490000
441	27790000	31040000	31340000	28480000
442	27790000	31040000	31040000	28490000
443	27800000	31050000	31040000	28500000
444	27790000	31040000	31040000	28490000
445	27790000	31040000	31040000	28500000
446	27800000	30870000	31030000	28490000
447	27790000	30870000	31030000	28490000
448	27800000	31040000	31050000	28490000
449	27800000	31040000	31040000	28500000
450	27800000	31040000	31040000	28490000
451	27800000	31050000	31040000	28490000
452	27800000	31040000	31040000	28480000
453	27800000	31040000	31040000	28490000
454	27790000	31040000	31040000	28500000
455	27790000	31040000	31040000	28480000
456	27790000	30870000	31030000	28480000
457	27790000	30870000	31040000	28490000
458	27790000	31040000	31040000	28490000
459	27790000	30870000	31030000	28480000
460	27790000	31040000	31030000	28480000
461	27790000	31040000	31040000	28490000
462	27790000	30870000	31030000	28490000
463	27780000	31040000	31040000	28490000
464	27790000	30870000	31030000	28480000
465	27790000	31040000	31040000	28490000
466	27800000	31040000	31040000	28490000
467	27790000	31040000	31040000	28490000
468	27790000	31040000	31040000	28480000
469	27790000	31040000	31040000	28490000
470	27790000	31040000	31030000	28490000
471	27790000	31040000	31040000	28480000
472	27790000	31040000	31040000	28490000
473	27790000	31040000	31040000	28490000
474	27790000	30870000	31040000	28490000
475	27790000	30870000	31040000	28480000
476	27790000	31040000	31030000	28490000
477	27800000	31040000	31040000	28490000
478	27800000	31040000	31040000	28490000
479	27800000	31040000	31040000	28490000
480	27790000	31040000	31040000	28490000
481	27790000	31040000	31040000	28490000
482	27790000	31040000	31040000	28490000
483	27790000	31040000	31040000	28490000
484	27790000	31040000	31030000	28490000
485	27790000	30870000	31040000	28490000
486	27790000	30870000	31030000	28490000
487	27790000	31040000	31040000	28490000
488	27790000	30870000	31030000	28490000
489	27790000	30870000	31030000	28480000
490	27790000	30870000	31030000	28490000
491	27790000	31040000	31040000	28480000
492	27790000	31040000	31040000	28490000
493	27800000	31040000	31040000	28490000
494	27790000	30870000	31040000	28490000
495	27790000	30870000	31030000	28480000
496	27790000	31040000	31040000	28490000
497	27800000	31040000	31050000	28490000
498	27790000	30870000	31040000	28490000
499	27790000	30870000	31040000	28490000

============================================================
# BITSTREAM: 100us_101etapas.bit
# VENTANA: 100us
# ETAPAS_PRINCIPAL: 101
# NUM_MUESTRAS: 500
# FORMATO: idx	freq1_hz	freq2_hz	freq3_hz	freq4_hz
============================================================
idx	freq1_hz	freq2_hz	freq3_hz	freq4_hz
0	8180000	9710000	8820000	8850000
1	8180000	9720000	8810000	8850000
2	8180000	9720000	8820000	8860000
3	8180000	9720000	8810000	8850000
4	8180000	9720000	8820000	8850000
5	8180000	9710000	8810000	8850000
6	8180000	9720000	8820000	8860000
7	8180000	9710000	8810000	8850000
8	8180000	9710000	8810000	8850000
9	8180000	9710000	8810000	8850000
10	8180000	9720000	8820000	8850000
11	8180000	9720000	8820000	8850000
12	8180000	9710000	8810000	8860000
13	8180000	9720000	8820000	8860000
14	8180000	9720000	8820000	8850000
15	8180000	9720000	8810000	8850000
16	8180000	9720000	8810000	8850000
17	8180000	9720000	8820000	8850000
18	8180000	9720000	8810000	8850000
19	8180000	9720000	8820000	8850000
20	8180000	9720000	8820000	8850000
21	8180000	9710000	8810000	8850000
22	8180000	9720000	8820000	8850000
23	8180000	9720000	8820000	8850000
24	8180000	9720000	8810000	8850000
25	8180000	9720000	8810000	8860000
26	8180000	9720000	8810000	8860000
27	8180000	9720000	8820000	8850000
28	8180000	9720000	8820000	8860000
29	8180000	9720000	8820000	8850000
30	8180000	9710000	8810000	8860000
31	8180000	9710000	8810000	8850000
32	8190000	9720000	8820000	8850000
33	8180000	9710000	8820000	8850000
34	8180000	9710000	8810000	8850000
35	8180000	9710000	8820000	8850000
36	8180000	9720000	8820000	8850000
37	8180000	9720000	8820000	8850000
38	8180000	9710000	8810000	8860000
39	8190000	9710000	8820000	8850000
40	8180000	9720000	8810000	8860000
41	8190000	9710000	8820000	8860000
42	8180000	9710000	8820000	8850000
43	8190000	9720000	8820000	8850000
44	8180000	9720000	8810000	8850000
45	8180000	9710000	8820000	8850000
46	8180000	9720000	8820000	8850000
47	8190000	9710000	8820000	8850000
48	8180000	9720000	8820000	8850000
49	8190000	9710000	8820000	8850000
50	8180000	9720000	8820000	8850000
51	8180000	9720000	8820000	8850000
52	8180000	9720000	8820000	8850000
53	8180000	9710000	8810000	8850000
54	8190000	9720000	8820000	8850000
55	8180000	9710000	8810000	8850000
56	8180000	9710000	8810000	8850000
57	8180000	9710000	8810000	8860000
58	8180000	9720000	8810000	8850000
59	8180000	9720000	8820000	8850000
60	8180000	9710000	8810000	8860000
61	8180000	9710000	8820000	8850000
62	8180000	9720000	8810000	8850000
63	8180000	9720000	8820000	8850000
64	8180000	9720000	8820000	8850000
65	8180000	9710000	8810000	8850000
66	8190000	9710000	8810000	8860000
67	8180000	9710000	8810000	8860000
68	8180000	9710000	8810000	8850000
69	8180000	9710000	8820000	8850000
70	8180000	9710000	8810000	8850000
71	8180000	9720000	8810000	8850000
72	8180000	9710000	8810000	8850000
73	8180000	9710000	8810000	8850000
74	8180000	9720000	8820000	8850000
75	8190000	9720000	8820000	8850000
76	8180000	9710000	8810000	8850000
77	8180000	9720000	8810000	8850000
78	8180000	9710000	8810000	8860000
79	8180000	9720000	8810000	8860000
80	8180000	9720000	8810000	8850000
81	8180000	9710000	8810000	8850000
82	8180000	9720000	8820000	8850000
83	8180000	9710000	8810000	8850000
84	8180000	9720000	8810000	8850000
85	8180000	9710000	8810000	8850000
86	8180000	9720000	8810000	8850000
87	8180000	9720000	8810000	8850000
88	8190000	9720000	8820000	8850000
89	8180000	9720000	8810000	8850000
90	8180000	9720000	8820000	8850000
91	8180000	9710000	8820000	8850000
92	8180000	9710000	8810000	8850000
93	8180000	9720000	8820000	8850000
94	8180000	9710000	8810000	8850000
95	8180000	9710000	8810000	8860000
96	8180000	9720000	8810000	8860000
97	8180000	9720000	8820000	8860000
98	8180000	9720000	8810000	8850000
99	8180000	9720000	8810000	8850000
100	8180000	9720000	8810000	8850000
101	8180000	9710000	8810000	8850000
102	8180000	9710000	8810000	8850000
103	8180000	9720000	8820000	8850000
104	8180000	9720000	8820000	8850000
105	8180000	9720000	8810000	8850000
106	8180000	9710000	8820000	8850000
107	8190000	9710000	8810000	8860000
108	8180000	9720000	8820000	8850000
109	8180000	9720000	8810000	8850000
110	8180000	9710000	8810000	8850000
111	8180000	9720000	8810000	8850000
112	8180000	9710000	8810000	8850000
113	8180000	9720000	8810000	8850000
114	8180000	9720000	8820000	8860000
115	8180000	9720000	8810000	8850000
116	8180000	9710000	8820000	8850000
117	8180000	9710000	8810000	8850000
118	8180000	9710000	8810000	8850000
119	8180000	9710000	8810000	8850000
120	8180000	9710000	8810000	8850000
121	8180000	9720000	8810000	8850000
122	8180000	9720000	8820000	8850000
123	8180000	9710000	8810000	8850000
124	8180000	9720000	8810000	8860000
125	8180000	9720000	8810000	8850000
126	8190000	9720000	8820000	8850000
127	8180000	9710000	8810000	8850000
128	8180000	9710000	8820000	8850000
129	8180000	9710000	8810000	8850000
130	8180000	9720000	8810000	8850000
131	8180000	9720000	8810000	8860000
132	8180000	9710000	8820000	8850000
133	8180000	9720000	8820000	8850000
134	8180000	9710000	8810000	8850000
135	8180000	9720000	8820000	8850000
136	8180000	9720000	8820000	8860000
137	8180000	9720000	8810000	8860000
138	8180000	9720000	8820000	8850000
139	8180000	9720000	8810000	8850000
140	8180000	9720000	8810000	8850000
141	8180000	9710000	8810000	8850000
142	8180000	9720000	8810000	8850000
143	8180000	9720000	8820000	8850000
144	8180000	9720000	8810000	8850000
145	8180000	9720000	8810000	8860000
146	8180000	9720000	8820000	8850000
147	8180000	9710000	8810000	8850000
148	8180000	9710000	8810000	8850000
149	8180000	9720000	8820000	8850000
150	8180000	9710000	8810000	8850000
151	8180000	9710000	8810000	8850000
152	8180000	9720000	8810000	8850000
153	8180000	9710000	8800000	8840000
154	8180000	9720000	8820000	8850000
155	8180000	9710000	8820000	8860000
156	8180000	9720000	8810000	8850000
157	8180000	9720000	8810000	8850000
158	8180000	9720000	8820000	8850000
159	8180000	9710000	8820000	8850000
160	8180000	9720000	8820000	8850000
161	8180000	9710000	8820000	8850000
162	8180000	9710000	8820000	8850000
163	8180000	9720000	8810000	8850000
164	8180000	9720000	8810000	8860000
165	8180000	9710000	8810000	8850000
166	8180000	9720000	8820000	8850000
167	8180000	9710000	8810000	8860000
168	8180000	9720000	8810000	8850000
169	8190000	9720000	8810000	8860000
170	8180000	9710000	8810000	8850000
171	8180000	9720000	8820000	8850000
172	8180000	9720000	8820000	8850000
173	8180000	9710000	8810000	8850000
174	8180000	9720000	8820000	8850000
175	8180000	9720000	8810000	8850000
176	8180000	9710000	8810000	8860000
177	8180000	9720000	8820000	8850000
178	8180000	9720000	8810000	8850000
179	8180000	9720000	8820000	8850000
180	8190000	9710000	8820000	8850000
181	8180000	9710000	8820000	8850000
182	8180000	9720000	8810000	8850000
183	8180000	9710000	8810000	8850000
184	8180000	9710000	8810000	8850000
185	8180000	9720000	8810000	8850000
186	8180000	9710000	8810000	8850000
187	8180000	9710000	8810000	8850000
188	8180000	9720000	8810000	8850000
189	8180000	9710000	8810000	8860000
190	8180000	9710000	8820000	8850000
191	8180000	9710000	8820000	8850000
192	8180000	9720000	8810000	8860000
193	8190000	9720000	8820000	8860000
194	8180000	9710000	8820000	8850000
195	8180000	9710000	8810000	8850000
196	8190000	9720000	8810000	8860000
197	8180000	9710000	8810000	8850000
198	8180000	9720000	8820000	8850000
199	8180000	9710000	8820000	8850000
200	8180000	9710000	8810000	8850000
201	8190000	9720000	8810000	8850000
202	8190000	9710000	8810000	8850000
203	8180000	9720000	8820000	8850000
204	8180000	9720000	8810000	8850000
205	8180000	9720000	8810000	8860000
206	8180000	9720000	8820000	8850000
207	8180000	9710000	8810000	8860000
208	8180000	9720000	8820000	8850000
209	8180000	9710000	8820000	8860000
210	8180000	9720000	8820000	8850000
211	8180000	9720000	8820000	8850000
212	8190000	9720000	8820000	8860000
213	8190000	9720000	8820000	8850000
214	8180000	9710000	8820000	8850000
215	8180000	9720000	8820000	8850000
216	8180000	9720000	8820000	8860000
217	8180000	9720000	8810000	8850000
218	8180000	9720000	8820000	8850000
219	8180000	9710000	8810000	8850000
220	8180000	9710000	8820000	8850000
221	8190000	9720000	8820000	8850000
222	8190000	9710000	8810000	8850000
223	8180000	9720000	8810000	8850000
224	8180000	9720000	8820000	8850000
225	8180000	9710000	8820000	8850000
226	8180000	9710000	8810000	8860000
227	8180000	9720000	8810000	8850000
228	8180000	9710000	8810000	8850000
229	8190000	9720000	8810000	8850000
230	8180000	9710000	8820000	8850000
231	8180000	9720000	8810000	8850000
232	8180000	9710000	8810000	8850000
233	8180000	9720000	8820000	8850000
234	8180000	9710000	8810000	8840000
235	8180000	9710000	8810000	8840000
236	8180000	9710000	8810000	8850000
237	8170000	9710000	8810000	8850000
238	8180000	9710000	8810000	8860000
239	8180000	9720000	8810000	8860000
240	8180000	9710000	8820000	8850000
241	8180000	9720000	8810000	8850000
242	8180000	9720000	8810000	8860000
243	8180000	9710000	8810000	8860000
244	8180000	9720000	8810000	8850000
245	8180000	9720000	8810000	8850000
246	8180000	9710000	8820000	8850000
247	8180000	9720000	8820000	8840000
248	8180000	9720000	8810000	8850000
249	8180000	9710000	8810000	8840000
250	8180000	9710000	8810000	8850000
251	8180000	9710000	8810000	8840000
252	8180000	9710000	8820000	8850000
253	8180000	9720000	8820000	8850000
254	8190000	9720000	8810000	8860000
255	8180000	9720000	8820000	8850000
256	8180000	9720000	8820000	8850000
257	8180000	9710000	8810000	8850000
258	8190000	9720000	8820000	8850000
259	8190000	9720000	8810000	8850000
260	8180000	9710000	8810000	8850000
261	8180000	9720000	8810000	8850000
262	8180000	9710000	8810000	8850000
263	8180000	9720000	8810000	8850000
264	8180000	9720000	8810000	8850000
265	8180000	9720000	8820000	8850000
266	8180000	9720000	8810000	8850000
267	8180000	9710000	8810000	8850000
268	8190000	9720000	8820000	8860000
269	8190000	9710000	8810000	8860000
270	8180000	9720000	8810000	8860000
271	8180000	9720000	8810000	8860000
272	8190000	9710000	8820000	8850000
273	8180000	9720000	8820000	8850000
274	8180000	9720000	8810000	8850000
275	8180000	9710000	8820000	8850000
276	8180000	9710000	8820000	8850000
277	8180000	9720000	8820000	8850000
278	8180000	9720000	8820000	8850000
279	8180000	9710000	8810000	8850000
280	8180000	9720000	8810000	8850000
281	8180000	9710000	8820000	8850000
282	8180000	9720000	8820000	8850000
283	8190000	9710000	8810000	8850000
284	8180000	9720000	8810000	8850000
285	8180000	9720000	8810000	8850000
286	8180000	9720000	8820000	8850000
287	8180000	9710000	8820000	8850000
288	8180000	9710000	8810000	8850000
289	8180000	9710000	8810000	8850000
290	8180000	9710000	8820000	8850000
291	8180000	9720000	8810000	8850000
292	8180000	9710000	8820000	8850000
293	8190000	9720000	8810000	8850000
294	8180000	9710000	8810000	8850000
295	8180000	9720000	8820000	8860000
296	8180000	9720000	8820000	8850000
297	8180000	9710000	8810000	8860000
298	8180000	9720000	8810000	8850000
299	8180000	9710000	8820000	8850000
300	8180000	9710000	8820000	8850000
301	8180000	9720000	8820000	8850000
302	8190000	9710000	8810000	8850000
303	8180000	9710000	8820000	8850000
304	8180000	9720000	8810000	8850000
305	8180000	9710000	8810000	8850000
306	8180000	9710000	8820000	8850000
307	8180000	9710000	8810000	8860000
308	8180000	9720000	8820000	8860000
309	8180000	9720000	8820000	8850000
310	8180000	9720000	8820000	8860000
311	8180000	9710000	8810000	8850000
312	8180000	9720000	8820000	8850000
313	8180000	9720000	8810000	8850000
314	8180000	9710000	8810000	8850000
315	8180000	9720000	8820000	8850000
316	8180000	9710000	8810000	8860000
317	8180000	9710000	8810000	8850000
318	8190000	9720000	8810000	8860000
319	8180000	9720000	8810000	8850000
320	8180000	9710000	8810000	8850000
321	8180000	9710000	8810000	8850000
322	8180000	9710000	8820000	8850000
323	8190000	9710000	8810000	8860000
324	8180000	9710000	8820000	8850000
325	8180000	9710000	8810000	8850000
326	8180000	9720000	8820000	8850000
327	8180000	9710000	8810000	8850000
328	8180000	9710000	8810000	8850000
329	8180000	9720000	8810000	8860000
330	8180000	9720000	8820000	8850000
331	8180000	9720000	8810000	8850000
332	8180000	9720000	8820000	8850000
333	8180000	9720000	8810000	8860000
334	8180000	9710000	8810000	8850000
335	8180000	9720000	8820000	8850000
336	8180000	9720000	8810000	8850000
337	8180000	9710000	8810000	8850000
338	8180000	9720000	8820000	8850000
339	8190000	9710000	8810000	8850000
340	8180000	9720000	8810000	8850000
341	8180000	9720000	8810000	8860000
342	8180000	9710000	8810000	8850000
343	8180000	9720000	8810000	8850000
344	8180000	9720000	8820000	8850000
345	8180000	9720000	8810000	8860000
346	8190000	9720000	8810000	8850000
347	8180000	9710000	8810000	8850000
348	8180000	9710000	8810000	8850000
349	8180000	9710000	8810000	8850000
350	8180000	9720000	8820000	8850000
351	8180000	9720000	8810000	8850000
352	8180000	9710000	8810000	8850000
353	8180000	9720000	8820000	8860000
354	8190000	9720000	8820000	8850000
355	8190000	9720000	8820000	8850000
356	8190000	9710000	8810000	8850000
357	8180000	9720000	8810000	8860000
358	8180000	9720000	8820000	8850000
359	8190000	9720000	8810000	8850000
360	8180000	9720000	8820000	8850000
361	8180000	9720000	8820000	8850000
362	8190000	9720000	8810000	8860000
363	8180000	9710000	8820000	8850000
364	8180000	9720000	8820000	8850000
365	8180000	9710000	8820000	8850000
366	8180000	9710000	8810000	8850000
367	8180000	9720000	8820000	8850000
368	8190000	9720000	8820000	8850000
369	8180000	9710000	8820000	8850000
370	8180000	9720000	8810000	8850000
371	8190000	9710000	8820000	8850000
372	8180000	9720000	8810000	8850000
373	8180000	9710000	8820000	8850000
374	8180000	9720000	8810000	8860000
375	8180000	9720000	8820000	8850000
376	8180000	9720000	8810000	8850000
377	8180000	9710000	8820000	8850000
378	8180000	9710000	8820000	8850000
379	8180000	9710000	8810000	8850000
380	8180000	9710000	8810000	8850000
381	8180000	9720000	8810000	8860000
382	8190000	9710000	8810000	8860000
383	8180000	9720000	8810000	8850000
384	8180000	9710000	8810000	8850000
385	8180000	9710000	8810000	8850000
386	8180000	9720000	8820000	8860000
387	8180000	9710000	8810000	8850000
388	8180000	9720000	8820000	8850000
389	8180000	9720000	8810000	8850000
390	8180000	9710000	8820000	8850000
391	8180000	9720000	8810000	8860000
392	8180000	9720000	8810000	8860000
393	8180000	9710000	8820000	8850000
394	8180000	9720000	8810000	8860000
395	8190000	9720000	8820000	8850000
396	8180000	9710000	8810000	8850000
397	8180000	9720000	8810000	8860000
398	8180000	9720000	8820000	8860000
399	8180000	9710000	8820000	8850000
400	8180000	9710000	8810000	8850000
401	8180000	9710000	8820000	8850000
402	8180000	9720000	8820000	8850000
403	8190000	9710000	8810000	8850000
404	8180000	9710000	8810000	8860000
405	8180000	9720000	8810000	8850000
406	8180000	9710000	8820000	8850000
407	8180000	9720000	8810000	8850000
408	8190000	9720000	8810000	8850000
409	8180000	9720000	8820000	8860000
410	8180000	9720000	8810000	8860000
411	8180000	9720000	8820000	8850000
412	8180000	9720000	8810000	8850000
413	8180000	9720000	8820000	8850000
414	8190000	9710000	8820000	8850000
415	8180000	9720000	8810000	8850000
416	8180000	9720000	8810000	8850000
417	8190000	9720000	8810000	8850000
418	8180000	9720000	8820000	8850000
419	8180000	9710000	8810000	8860000
420	8180000	9710000	8810000	8850000
421	8190000	9720000	8820000	8850000
422	8180000	9720000	8810000	8860000
423	8180000	9720000	8810000	8850000
424	8180000	9710000	8820000	8850000
425	8180000	9720000	8810000	8860000
426	8190000	9720000	8820000	8850000
427	8180000	9710000	8810000	8850000
428	8180000	9720000	8820000	8850000
429	8180000	9710000	8820000	8850000
430	8180000	9710000	8810000	8850000
431	8180000	9710000	8820000	8850000
432	8180000	9710000	8810000	8850000
433	8180000	9710000	8810000	8850000
434	8180000	9720000	8810000	8860000
435	8180000	9710000	8810000	8850000
436	8180000	9720000	8810000	8850000
437	8180000	9720000	8820000	8850000
438	8180000	9720000	8810000	8850000
439	8180000	9710000	8820000	8850000
440	8190000	9710000	8810000	8850000
441	8180000	9720000	8820000	8850000
442	8180000	9710000	8810000	8850000
443	8180000	9710000	8820000	8850000
444	8180000	9710000	8820000	8850000
445	8180000	9710000	8810000	8840000
446	8180000	9720000	8820000	8850000
447	8180000	9710000	8810000	8850000
448	8180000	9720000	8810000	8860000
449	8180000	9720000	8810000	8850000
450	8180000	9710000	8810000	8850000
451	8180000	9720000	8810000	8850000
452	8180000	9720000	8810000	8850000
453	8180000	9720000	8810000	8860000
454	8180000	9720000	8810000	8860000
455	8180000	9710000	8820000	8850000
456	8190000	9710000	8820000	8860000
457	8190000	9720000	8820000	8850000
458	8180000	9710000	8820000	8850000
459	8190000	9720000	8820000	8850000
460	8180000	9720000	8820000	8850000
461	8180000	9720000	8820000	8860000
462	8180000	9720000	8820000	8850000
463	8180000	9710000	8820000	8840000
464	8180000	9720000	8810000	8850000
465	8180000	9720000	8810000	8860000
466	8190000	9710000	8820000	8850000
467	8180000	9710000	8810000	8850000
468	8180000	9720000	8820000	8850000
469	8180000	9720000	8820000	8850000
470	8180000	9710000	8810000	8850000
471	8180000	9710000	8810000	8850000
472	8180000	9720000	8820000	8850000
473	8180000	9710000	8810000	8860000
474	8180000	9720000	8820000	8850000
475	8180000	9720000	8820000	8850000
476	8180000	9720000	8810000	8850000
477	8180000	9720000	8810000	8850000
478	8180000	9720000	8810000	8850000
479	8180000	9720000	8810000	8850000
480	8180000	9720000	8820000	8850000
481	8180000	9710000	8810000	8850000
482	8180000	9710000	8810000	8850000
483	8180000	9710000	8810000	8850000
484	8190000	9720000	8810000	8850000
485	8190000	9720000	8820000	8850000
486	8180000	9720000	8810000	8850000
487	8190000	9720000	8810000	8850000
488	8180000	9710000	8820000	8850000
489	8180000	9710000	8810000	8850000
490	8180000	9720000	8810000	8860000
491	8180000	9720000	8820000	8850000
492	8190000	9720000	8810000	8860000
493	8180000	9710000	8810000	8860000
494	8180000	9720000	8810000	8850000
495	8190000	9720000	8820000	8850000
496	8190000	9720000	8820000	8850000
497	8180000	9710000	8820000	8850000
498	8190000	9720000	8810000	8850000
499	8180000	9720000	8810000	8850000
