# CAPTURA AUTOMATICA MULTIBITSTREAM
# Puerto serie: COM3
# Baudrate: 115200
# Muestras por bitstream: 500
# Orden: 100ms -> 10ms -> 1ms -> 100us ; etapas 3, 5, 51, 101

============================================================
# BITSTREAM: 100ms_3etapas.bit
# VENTANA: 100ms
# ETAPAS_PRINCIPAL: 3
# NUM_MUESTRAS: 500
# FORMATO: idx	freq1_hz	freq2_hz	freq3_hz	freq4_hz
============================================================
idx	freq1_hz	freq2_hz	freq3_hz	freq4_hz
0	34201020	55172540	34201030	34201020
1	34210810	44696570	34210800	34210810
2	34210070	34210080	34210080	34210070
3	34213410	65670690	34213410	34213410
4	34213440	55184950	34213430	34213440
5	34204330	44690100	34204340	34204330
6	34205600	34205600	34205600	34205600
7	34208000	65665270	34208000	34208000
8	34198690	55170210	34198680	34198690
9	34210190	44695950	34210190	34210180
10	34217600	34217600	34217600	34217600
11	34208260	65665540	34208260	34208270
12	34213150	55184670	34213150	34213150
13	34208450	44694210	34208450	34208450
14	34202320	34202320	34202320	34202310
15	34209180	65666470	34209190	34209190
16	34210150	55181670	34210150	34210150
17	34217720	44703470	34217710	34217720
18	34215920	34215930	34215930	34215920
19	34221270	65678540	34221270	34221270
20	34222410	55193930	34222400	34222410
21	34222390	44708160	34222400	34222390
22	34220740	34220740	34220740	34220740
23	34215880	65673150	34215870	34215880
24	34209010	55180530	34209010	34209010
25	34211410	44697170	34211410	34211400
26	34211940	34211940	34211940	34211940
27	34217890	65675170	34217900	34217900
28	34219180	55190700	34219170	34219180
29	34213580	44699350	34213590	34213580
30	34210510	34210510	34210510	34210510
31	34219010	65676280	34219000	34219010
32	34212630	55184160	34212640	34212630
33	34209640	44695390	34209630	34209640
34	34216590	2759310	34216590	34216590
35	34210280	65667560	34210290	34210280
36	34212530	44698290	34212520	34212530
37	34208640	44694400	34208640	34208630
38	34214060	23728300	34214060	34214070
39	34211630	65668920	34211640	34211630
40	34223170	55194680	34223160	34223170
41	34227230	44712990	34227230	34227220
42	34221290	34221290	34221290	34221300
43	34220890	65678170	34220890	34220880
44	34211640	55183170	34211650	34211650
45	34214920	44700670	34214910	34214920
46	34213050	34213050	34213050	34213040
47	34212130	65669410	34212130	34212140
48	34217850	55189380	34217860	34217850
49	34217650	44703410	34217650	34217650
50	34215340	34215330	34215330	34215340
51	34217940	65675230	34217950	34217940
52	34211820	55183340	34211820	34211820
53	34221300	44707050	34221290	34221290
54	34222420	34222430	34222430	34222430
55	34208580	65665850	34208570	34208580
56	34222100	55193620	34222110	34222100
57	34216830	44702590	34216820	34216830
58	34215080	23729320	34215080	34215070
59	34216320	65673610	34216330	34216330
60	34222950	55194460	34222940	34222950
61	34212990	44698750	34212990	34212990
62	34218480	44703870	34218490	34218480
63	34228650	65685930	34228650	34228650
64	34223980	55195500	34223980	34223980
65	34216440	44702190	34216430	34216430
66	34214050	34214050	34214050	34214050
67	34209450	65666730	34209460	34209460
68	34211150	55182680	34211150	34211150
69	34210340	44696090	34210340	34210340
70	34214260	34214260	34214250	34214250
71	34213550	65670830	34213550	34213560
72	34215660	55187190	34215670	34215660
73	34206640	44692390	34206630	34206630
74	34210180	34210180	34210180	34210190
75	34209060	65666340	34209060	34209050
76	34212730	55184250	34212730	34212740
77	34215190	44700950	34215190	34215190
78	34211090	34211090	34211090	34211090
79	34205740	65663020	34205750	34205740
80	34205920	55177440	34205910	34205920
81	34212710	44698470	34212710	34212700
82	34206720	34206730	34206730	34206730
83	34202120	65659390	34202110	34202110
84	34206780	55178300	34206780	34206780
85	34208080	44693840	34208080	34208080
86	34210810	34210810	34210810	34210810
87	34210060	65667340	34210060	34210070
88	34211490	55183020	34211500	34211490
89	34205680	44691430	34205670	34205680
90	34205520	34205520	34205530	34205520
91	34200230	65657510	34200220	34200220
92	34206900	55178420	34206900	34206910
93	34205440	44691210	34205450	34205440
94	34203870	34203860	34203870	34203870
95	34202020	65659300	34202020	34202020
96	34199150	55170680	34199150	34199150
97	34200460	44686220	34200460	34200460
98	34206500	34206490	34206490	34206500
99	34215300	65672580	34215300	34215290
100	34207330	55178860	34207340	34207340
101	34208680	44694430	34208670	34208680
102	34218410	34218410	34218420	34218410
103	34221560	65678840	34221550	34221560
104	34217890	55189410	34217900	34217890
105	34215110	44700870	34215100	34215110
106	34209900	34209900	34209900	34209900
107	34216630	65673910	34216630	34216630
108	34213340	55184870	34213350	34213340
109	34208630	44694380	34208620	34208630
110	34203230	34203230	34203230	34203220
111	34208550	65665830	34208550	34208550
112	34218440	55189960	34218440	34218450
113	34218180	44703950	34218190	34218180
114	34214650	34214640	34214640	34214650
115	34209090	65666370	34209090	34209090
116	34204570	55176090	34204580	34204570
117	34204690	44690450	34204680	34204680
118	34210360	34210360	34210370	34210370
119	34213600	65670880	34213590	34213600
120	34212810	55184330	34212810	34212800
121	34216340	44702100	34216340	34216340
122	34210580	34210580	34210580	34210590
123	34213130	65670420	34213140	34213130
124	34220660	55192180	34220660	34220660
125	34209760	44695520	34209760	34209760
126	34202590	34202580	34202580	34202580
127	34211260	65668550	34211270	34211270
128	34205200	55176720	34205200	34205200
129	34205720	44691470	34205710	34205710
130	34206330	44691470	34206340	34206340
131	34197020	65654300	34197010	34197020
132	34204210	55175740	34204220	34204210
133	34205240	44691000	34205240	34205240
134	34209370	34209370	34209370	34209410
135	34200220	65657500	34200220	34200220
136	34199570	55171090	34199570	34199570
137	34199180	44684940	34199180	34199180
138	34206820	34206810	34206810	34206810
139	34199430	65656710	34199430	34199440
140	34207250	55178770	34207250	34207250
141	34206230	44691990	34206230	34206230
142	34205160	34205160	34205160	34205160
143	34196080	65653370	34196090	34196080
144	34196210	65653370	34196210	34196210
145	34197750	44683500	34197740	34197740
146	34205910	44709110	34205920	34205920
147	34207490	65664780	34207490	34207490
148	34201520	55173030	34201510	34201520
149	34202610	44688370	34202620	34202610
150	34203290	34203290	34203280	34203290
151	34198240	65655530	34198250	34198240
152	34205710	55177220	34205700	34205700
153	34205190	44690950	34205190	34205190
154	34211830	34211830	34211830	34211830
155	34212840	65670120	34212850	34212850
156	34212210	55183730	34212200	34212200
157	34213540	44699300	34213540	34213550
158	34211060	34211070	34211070	34211060
159	34210360	65667630	34210350	34210360
160	34207460	55178980	34207460	34207450
161	34196570	44682330	34196570	34196570
162	34200170	34200180	34200180	34200180
163	34197600	65654870	34197600	34197600
164	34195730	55167260	34195730	34195730
165	34190010	44675760	34190000	34190010
166	34200050	34200050	34200050	34200050
167	34195070	65652350	34195070	34195060
168	34199440	55170960	34199440	34199440
169	34200080	44685840	34200080	34200080
170	34198810	34198820	34198820	34198820
171	34195320	65652590	34195310	34195320
172	34192950	55164470	34192950	34192950
173	34190530	44676300	34190540	34190530
174	34191530	34191530	34191530	34191530
175	34192770	65650050	34192770	34192770
176	34192710	55164220	34192710	34192710
177	34190820	44676590	34190820	34190820
178	34200260	34200250	34200260	34200260
179	34200540	65657830	34200540	34200540
180	34192510	55164020	34192500	34192500
181	34188620	44674380	34188620	34188620
182	34188840	34188850	34188850	34188850
183	34202690	65659960	34202690	34202690
184	34200870	55172390	34200860	34200860
185	34196960	44682720	34196960	34196970
186	34193720	34193720	34193720	34193710
187	34198320	65655600	34198320	34198330
188	34202520	55174040	34202520	34202510
189	34202170	44687930	34202170	34202180
190	34208250	34208260	34208260	34208250
191	34212140	65669410	34212140	34212140
192	34214480	55186000	34214470	34214480
193	34211900	55183420	34211900	34211890
194	34211330	34211330	34211330	34211340
195	34216330	65673610	34216330	34216320
196	34223730	55195250	34223740	34223740
197	34217440	44703210	34217440	34217440
198	34213920	34213910	34213910	34213920
199	34221210	65678490	34221210	34221210
200	34218470	55189990	34218470	34218470
201	34209910	44695670	34209920	34209910
202	34200740	34200750	34200740	34200740
203	34214320	65671590	34214310	34214320
204	34210820	55182350	34210830	34210820
205	34208540	44694290	34210730	34208540
206	34210750	34210750	34210750	34210740
207	34215680	65672970	34215690	34215690
208	34202000	55173510	34201990	34201990
209	34211890	44697650	34211890	34211900
210	34214430	34214440	34214440	34214430
211	34216630	65673910	34216630	34216630
212	34219550	55191070	34219550	34219550
213	34214780	44700530	34214770	34214770
214	34213630	34213640	34213640	34213640
215	34210320	65667600	34210320	34210320
216	34207850	55179360	34207850	34207850
217	34212120	44697880	34212110	34212120
218	34217980	34217980	34217980	34217980
219	34217300	65674580	34217300	34217290
220	34213210	55184730	34213220	34213220
221	34209020	44694780	34209010	34209010
222	34210110	34210110	34210110	34210120
223	34214680	65671960	34214680	34214680
224	34209170	55180700	34209180	34209170
225	34209700	44695450	34209690	34209690
226	34215920	34215920	34215930	34215930
227	34206600	65663890	34206600	34206600
228	34211580	55183090	34211570	34211570
229	34207380	44693150	34207390	34207390
230	34197800	34197800	34197800	34197800
231	34198630	76131430	34188390	34188390
232	34193370	55164890	34193370	34193370
233	34193480	44679240	34193480	34193480
234	34184720	34184720	34184720	34184720
235	34196250	65653520	34196240	34196250
236	34197300	55168820	34197310	34197300
237	34196940	44682710	34196940	34196940
238	34200560	34200550	34200550	34200550
239	34202130	65659420	34202140	34202140
240	34201440	55172960	34201440	34201440
241	34207870	44693620	34207860	34207870
242	34204620	34204620	34204620	34204610
243	34199860	65657150	34199870	34199870
244	34201200	65658470	34201190	34201200
245	34204290	44690050	34204290	34204290
246	34203740	34203740	34203740	34203740
247	34196070	65653360	34196080	34196070
248	34204390	55175910	34204390	34204390
249	34206060	44691820	34206060	34206060
250	34202810	44687970	34202810	34202810
251	34200240	65657510	34200230	34200240
252	34203170	55174700	34203180	34203170
253	34204900	44690660	34204900	34204900
254	34208580	34208580	34208580	34208580
255	34207110	65664390	34207110	34207110
256	34209080	55180600	34209080	34209080
257	34210970	44696720	34210960	34210970
258	34205720	2748450	34205730	34205720
259	34217870	65675140	34217860	34217870
260	34205650	65662930	34205650	34205650
261	34199340	44685100	34199340	34199330
262	34197840	34197850	34197850	34197890
263	34194000	65651270	34193990	34194000
264	34195450	55166980	34195460	34195450
265	34206750	44692500	34206740	34206740
266	34212800	34212800	34212800	34212810
267	34215540	65672830	34215550	34215540
268	34220200	55191720	34220200	34220200
269	34216900	44702650	34216890	34216890
270	34217130	34217140	34217140	34217140
271	34215640	65672920	34215640	34215640
272	34216180	55187700	34216180	34216180
273	34214410	44700170	34214410	34214410
274	34215320	34215320	34215320	34215320
275	34209610	65666890	34209610	34209610
276	34213680	55185190	34213680	34213680
277	34216430	44702200	34216430	34216430
278	34219280	34219270	34219270	34219280
279	34221810	65679090	34221810	34221800
280	34229930	55201450	34229930	34229930
281	34232820	44718590	34232830	34232830
282	34231690	34231680	34231680	34231680
283	34228820	65679820	34222540	34222550
284	34212110	55183630	34212110	34212110
285	34219630	44705390	34219640	34219630
286	34215290	34225530	34225520	34225530
287	34217530	65674810	34217530	34217520
288	34224280	55195810	34224290	34224290
289	34226470	44712220	34226460	34226470
290	34229550	34229550	34229550	34229550
291	34231000	65688280	34231000	34231000
292	34218590	55190120	34218600	34218590
293	34218270	44704030	34218270	34218270
294	34218270	34218270	34218270	34218270
295	34228790	65686070	34228790	34228790
296	34222670	55194180	34222660	34222670
297	34221890	44707650	34221900	34221890
298	34231070	34231070	34231060	34231070
299	34235400	65692690	34235410	34235400
300	34231210	55202730	34231210	34231210
301	34223240	44708990	34223230	34223240
302	34222040	34222040	34222040	34222030
303	34220420	65677700	34220420	34220430
304	34218950	55190470	34218960	34218950
305	34217740	44703510	34217740	34217740
306	34226040	34226030	34226030	34226040
307	34227050	65684330	34227060	34227050
308	34231210	55202730	34231200	34231200
309	34226960	44712720	34226970	34226970
310	34225280	34225280	34225270	34225280
311	34219140	65676420	34219140	34219140
312	34221010	55192530	34221010	34221010
313	34223540	44709300	34223540	34223530
314	34222730	34222730	34222730	34222740
315	34241420	65678220	34220940	34220940
316	34221650	55193170	34221650	34221650
317	34214530	44700290	34214530	34214530
318	34213990	34213990	34213990	34213990
319	34210000	65667280	34210000	34210000
320	34211120	55182640	34211120	34211110
321	34210920	55182440	34210920	34210930
322	34214970	34214970	34214970	34214970
323	34200640	65657930	34200650	34200640
324	34198340	55169860	34198340	34198340
325	34199190	44684940	34199180	34199190
326	34207200	34207210	34207210	34207200
327	34205070	65662340	34205060	34205070
328	34207860	55179380	34207860	34207860
329	34207870	44693640	34207880	34207870
330	34210290	34210280	34210280	34210290
331	34218660	65675940	34218660	34218660
332	34218510	55190030	34218510	34218510
333	34216520	44702290	34216530	34216520
334	34215910	44702290	34215910	34215910
335	34217470	65674750	34217460	34217470
336	34224620	55196140	34224620	34224620
337	34227020	44702440	34216680	34216680
338	34214280	34214280	34214280	34214270
339	34213810	65671090	34213810	34213810
340	34204320	55175850	34204330	34204330
341	34197560	44683310	34197560	34197560
342	34209510	34209510	34209500	34209500
343	34207440	65664720	34207440	34207450
344	34213700	65669840	34213700	34213700
345	34216440	44702200	34216440	34216430
346	34220280	2763000	34220280	34220290
347	34224870	65682150	34224870	34224870
348	34223990	55195510	34223990	34223980
349	34216160	44701920	34216170	34216170
350	34213020	34213020	34213010	34213020
351	34208620	65665900	34208620	34208620
352	34208680	55180200	34208680	34208670
353	34215080	44700850	34215090	34215090
354	34207700	34207700	34207700	34207740
355	34208810	65666080	34208800	34208800
356	34216760	55188290	34216770	34216770
357	34215470	44701220	34215460	34215460
358	34215800	34215800	34215800	34215810
359	34217810	65675090	34217820	34217810
360	34219020	55190540	34219010	34219010
361	34213630	44699400	34213640	34213640
362	34212150	34212150	34212150	34212150
363	34211440	65668720	34211440	34211440
364	34211020	55182540	34211020	34211020
365	34207840	44693590	34207830	34207840
366	34203730	34203730	34203730	34203720
367	34198950	65656240	34198960	34198960
368	34213150	55184660	34213140	34213140
369	34215530	44701290	34215530	34215540
370	34208180	34208180	34208180	34208180
371	34216560	65673840	34216560	34216550
372	34211310	55182840	34211320	34211320
373	34203850	44689600	34203840	34203850
374	34209000	34209000	34209000	34209000
375	34208100	65665380	34208110	34208100
376	34221360	55192880	34221360	34221360
377	34210130	44695890	34210120	34210120
378	34209450	34209450	34209450	34209460
379	34207170	65664460	34207180	34207170
380	34210840	55182350	34210830	34210840
381	34208810	44694570	34208810	34208810
382	34206870	34206870	34206870	34206860
383	34203130	65660420	34203140	34203140
384	34205370	55176890	34205370	34205370
385	34204700	44690450	34204690	34204700
386	34209880	34209880	34209880	34209880
387	34220290	65677580	34220300	34220290
388	34215360	55186870	34215350	34215360
389	34211230	44697000	34211240	34211230
390	34207630	34207630	34207630	34207630
391	34205250	65662530	34205250	34205250
392	34204990	55176510	34204990	34204990
393	34204800	44690550	34204790	34204800
394	34204230	34204240	34204240	34204230
395	34197120	65654390	34197120	34197120
396	34199660	55171190	34199660	34199660
397	34201100	44686850	34201090	34201100
398	34212960	34212960	34212970	34212960
399	34200630	65657910	34200620	34200620
400	34196830	55168350	34196830	34196840
401	34201140	44686900	34201140	34201140
402	34204540	34204540	34204540	34204540
403	34203030	65660310	34203030	34203030
404	34212650	55184180	34212660	34212650
405	34215970	44701720	34215970	34215970
406	34206460	34206460	34206450	34206450
407	34209820	65667100	34209820	34209820
408	34200060	55171580	34200070	34200070
409	34201120	44686880	34201110	34201120
410	34203230	34203240	34205480	34203230
411	34208560	65665830	34208550	34208550
412	34197770	65635110	34197770	34197780
413	34203500	44689270	34203510	34203500
414	34211100	34211100	34208540	34211100
415	34201910	65659180	34201900	34201900
416	34204840	55176370	34204850	34204850
417	34199900	44685660	34199900	34199900
418	34202100	34202090	34202090	34202090
419	34208260	65665550	34208270	34208270
420	34204570	55176080	34204560	34204570
421	34204790	44690550	34204790	34204790
422	34202960	34202960	34202960	34202960
423	34199370	65656660	34199380	34199370
424	34205770	55177290	34205770	34205770
425	34211570	44697330	34211570	34211570
426	34208350	34208340	34208340	34208350
427	34209890	65667180	34209900	34209890
428	34208900	55180420	34208900	34208900
429	34206340	44692100	34206340	34206340
430	34214650	34214650	34214650	34214650
431	34210900	65668180	34210900	34210900
432	34209270	55180790	34209270	34209270
433	34212720	44698470	34212710	34212720
434	34205400	34205410	34205410	34205400
435	34207420	34210210	34207410	34207420
436	34217330	55188850	34217340	34217330
437	34212030	44697800	34212030	34212030
438	34213010	34213000	34213010	34213010
439	34212840	65670120	34212830	34212830
440	34210940	55182460	34210940	34210950
441	34214040	44699810	34214050	34214040
442	34199300	34199290	34199290	34199290
443	34192790	65650070	34192790	34192790
444	34197620	55169140	34197630	34197630
445	34194430	44680200	34194430	34194430
446	34199780	34199780	34199780	34199780
447	34205510	76148540	34205500	34205510
448	34205080	55176610	34205090	34205080
449	34197180	44682930	34197170	34197170
450	34191490	34191500	34191500	34191500
451	34193250	65650520	34193240	34193250
452	34191070	55162590	34191070	34191070
453	34196370	44682130	34196370	34196370
454	34197020	34197030	34197030	34197020
455	34198270	65655550	34198270	34198270
456	34209800	55181320	34209800	34209800
457	34206510	44692260	34206500	34206510
458	34199310	34199310	34199310	34199300
459	34196370	76139410	34196370	34196380
460	34198820	55170340	34198820	34198810
461	34201670	44687440	34201680	34201680
462	34209370	34209360	34209360	34209370
463	34201610	65658890	34201610	34201610
464	34197580	55169110	34197590	34197580
465	34202270	44688020	34202260	34202260
466	34196140	34196140	34196140	34196140
467	34202860	65660140	34202860	34202870
468	34204850	55176370	34204850	34204850
469	34202790	44688560	34202800	34202790
470	34201440	34201440	34201440	34201440
471	34207220	65664490	34207210	34207220
472	34216190	55187710	34216190	34216190
473	34203090	44688860	34203100	34203090
474	34196770	34196770	34196770	34196770
475	34196770	65654040	34196760	34196770
476	34194550	55166070	34194550	34194550
477	34201200	44686960	34201210	34201200
478	34196950	34196950	34196940	34196940
479	34189780	65647060	34189790	34189790
480	34194540	55166070	34194540	34194540
481	34192350	44678110	34192350	34192350
482	34192360	34192350	34192350	34192360
483	34200960	65658240	34200960	34200960
484	34205510	55177030	34205510	34205510
485	34208570	44694330	34208570	34208570
486	34201190	34201190	34201190	34201190
487	34205950	65663230	34205950	34205950
488	34195010	65622270	34195020	34195010
489	34197180	44682940	34197180	34197180
490	34204080	34204080	34204080	34204080
491	34200800	65658070	34200790	34200800
492	34205640	55177160	34205640	34205640
493	34195330	44681090	34195330	34195320
494	34212270	34212280	34212280	34212280
495	34209060	65666330	34209050	34209060
496	34207990	55179510	34207990	34207980
497	34207820	44693590	34207830	34207830
498	34204910	34204900	34204900	34204900
499	34201540	65658820	34201550	34201550

============================================================
# BITSTREAM: 100ms_5etapas.bit
# VENTANA: 100ms
# ETAPAS_PRINCIPAL: 5
# NUM_MUESTRAS: 500
# FORMATO: idx	freq1_hz	freq2_hz	freq3_hz	freq4_hz
============================================================
idx	freq1_hz	freq2_hz	freq3_hz	freq4_hz
0	33651040	33651050	33651040	33651040
1	33653610	33653600	33653600	33653610
2	33653400	33653410	33653410	33653400
3	33650530	33650520	33650520	33650520
4	33649130	33649140	33649140	33649140
5	33648440	33643320	33648440	33648440
6	33648720	33648720	33648720	33649040
7	33655810	33650690	33655810	33655810
8	33654670	33649540	33654670	33654670
9	33651840	33651850	33651840	33651840
10	33650330	33650330	33650330	33650330
11	33649930	33649920	33649920	33649930
12	33651710	33651720	33651720	33651710
13	33651670	33651670	33651670	33651670
14	33650440	33650440	33650440	33650440
15	33653240	33653240	33653240	33653240
16	33653120	33653120	33653120	33653120
17	33653920	33648790	33653920	33653920
18	33654200	33649090	33654200	33654200
19	33657390	33652270	33657390	33657390
20	33656190	33651070	33656190	33656190
21	33655890	33650770	33655890	33655890
22	33652140	33652140	33652140	33652140
23	33651200	33651200	33651200	33651200
24	33651430	33651420	33651420	33651430
25	33654320	33649210	33654330	33654320
26	33654880	33649750	33654880	33654880
27	33653910	33648800	33653910	33653910
28	33656270	33651140	33656270	33656270
29	33657870	33652760	33657870	33657870
30	33655280	33650160	33655280	33655280
31	33649200	33649200	33649200	33649200
32	33649060	33649060	33649060	33649060
33	33650450	33650440	33650440	33650450
34	33653470	33653470	33653470	33653470
35	33650130	33650140	33650140	33650130
36	33649740	33649740	33649740	33649740
37	33652420	33652410	33652420	33652420
38	33650510	33650520	33650510	33650510
39	33649970	33649960	33649970	33649970
40	33649600	33649600	33649600	33649600
41	33649070	33649080	33649070	33649070
42	33650350	33650340	33650340	33650350
43	33649530	33649530	33649530	33649530
44	33651830	33651840	33651840	33651830
45	33654880	33649760	33654880	33654880
46	33651460	33651450	33651460	33651460
47	33649930	33649940	33649930	33649930
48	33650570	33650560	33650570	33650570
49	33651210	33651220	33651210	33651210
50	33646210	33641090	33646210	33646210
51	33649950	33649940	33649940	33649940
52	33649760	33649760	33649770	33649770
53	33650440	33650440	33650430	33650430
54	33649610	33649620	33649620	33649620
55	33650170	33650160	33650160	33650160
56	33646730	33641620	33646740	33646740
57	33646840	33641710	33646840	33646840
58	33647650	33642540	33647650	33647650
59	33649230	33649230	33649230	33649230
60	33645500	33640370	33645500	33645500
61	33644720	33639610	33644720	33644720
62	33644640	33639520	33644640	33644640
63	33647640	33642520	33647640	33647640
64	33647370	33642250	33647370	33647370
65	33646040	33640920	33646040	33646040
66	33647290	33642170	33647290	33647290
67	33647460	33642340	33647460	33647460
68	33649640	33649640	33649640	33649640
69	33648690	33648690	33648690	33648690
70	33651360	33651350	33651350	33651350
71	33652260	33652270	33652270	33652270
72	33652340	33652340	33652340	33652340
73	33651880	33651870	33651870	33651880
74	33650490	33650500	33650500	33650490
75	33650390	33650390	33650390	33650390
76	33645600	33640470	33645590	33645600
77	33650930	33650940	33650940	33650610
78	33648100	33642980	33648100	33648100
79	33650410	33650400	33650410	33650410
80	33651730	33651740	33651730	33651730
81	33654170	33649050	33654170	33654170
82	33651420	33651420	33651420	33651420
83	33650410	33650400	33650410	33650410
84	33652530	33652530	33652520	33652520
85	33650500	33650500	33650510	33650510
86	33651220	33651230	33651220	33651220
87	33651530	33651520	33651520	33651520
88	33650360	33650370	33650370	33650370
89	33653060	33653050	33653050	33653050
90	33650830	33650840	33650840	33650840
91	33651150	33651140	33651150	33651150
92	33651830	33651840	33651830	33651830
93	33648810	33648800	33648810	33648810
94	33646620	33641510	33646620	33646620
95	33646360	33641230	33646350	33646360
96	33647260	33642150	33647270	33647260
97	33650970	33650970	33650970	33650970
98	33644330	33639210	33644330	33644330
99	33649160	33649160	33649160	33649160
100	33649720	33649720	33649720	33649720
101	33648920	33648920	33648920	33648920
102	33652890	33652890	33652890	33652890
103	33652350	33652350	33652350	33652350
104	33644950	33639830	33644950	33644950
105	33647600	33642480	33647600	33647600
106	33645540	33640410	33645530	33645540
107	33640390	33640400	33640400	33640390
108	33640840	33640840	33640840	33640840
109	33639390	33639390	33639390	33639390
110	33638390	33633260	33638390	33638390
111	33639190	33639190	33639180	33639190
112	33639890	33639900	33639900	33639890
113	33642570	33642570	33642570	33642250
114	33639150	33639150	33639150	33639150
115	33640740	33640740	33640740	33640740
116	33640240	33640230	33640240	33640240
117	33641210	33641210	33641200	33641210
118	33639850	33639850	33639850	33639850
119	33640610	33640620	33640620	33640610
120	33640800	33640800	33640800	33640800
121	33644750	33639620	33644740	33644750
122	33646050	33640940	33646060	33646050
123	33646570	33641440	33646570	33646570
124	33646310	33641200	33646310	33646310
125	33640340	33640330	33640330	33640340
126	33645470	33640350	33645480	33645470
127	33644700	33639590	33644700	33644700
128	33647070	33641940	33647070	33647070
129	33643630	33638520	33643630	33643630
130	33642110	33642100	33642100	33642110
131	33645490	33640380	33645500	33645490
132	33645810	33640690	33645810	33645810
133	33647690	33642570	33647690	33647690
134	33645230	33640110	33645230	33645230
135	33646490	33641370	33646490	33646490
136	33644740	33639620	33644740	33644740
137	33644870	33639740	33644860	33644860
138	33642880	33642890	33642890	33642890
139	33643030	33643030	33643030	33643030
140	33644380	33639260	33644380	33644380
141	33646310	33641190	33646310	33646310
142	33645780	33640660	33645780	33645780
143	33638570	33638560	33638560	33638570
144	33640110	33640120	33640120	33640110
145	33643820	33638700	33643820	33643820
146	33642440	33642440	33642440	33642440
147	33644410	33639290	33644410	33644410
148	33643930	33638810	33643930	33643930
149	33641570	33641570	33641570	33641570
150	33640410	33640400	33640410	33640410
151	33639380	33639390	33639380	33639380
152	33641430	33641430	33641430	33641430
153	33641410	33641400	33641410	33641410
154	33644140	33639030	33644140	33644140
155	33643090	33643090	33643090	33643090
156	33644110	33638990	33644110	33644110
157	33638760	33638750	33638760	33638760
158	33638530	33638530	33638520	33638530
159	33637930	33632820	33637940	33637930
160	33638360	33633240	33638360	33638360
161	33641230	33641230	33641230	33641230
162	33641160	33641150	33641150	33641160
163	33641120	33641130	33641130	33641120
164	33645290	33640170	33645290	33645290
165	33648080	33642960	33648080	33648080
166	33648520	33643390	33648510	33648510
167	33646430	33641310	33646430	33646440
168	33649220	33649230	33649230	33649220
169	33647770	33642640	33647760	33647760
170	33647450	33642340	33647460	33647460
171	33651480	33651470	33651480	33651480
172	33653510	33653520	33653510	33653510
173	33652260	33652260	33652260	33652260
174	33648200	33643070	33648190	33648200
175	33650630	33650630	33650640	33650630
176	33648650	33648650	33648650	33648650
177	33647480	33642370	33647480	33647480
178	33650170	33650160	33650170	33650170
179	33651800	33651810	33651800	33651800
180	33650060	33650060	33650060	33650060
181	33648030	33642910	33648030	33648030
182	33646360	33641230	33646350	33646360
183	33646130	33641010	33646130	33646130
184	33645590	33640470	33645590	33645590
185	33646520	33641400	33646520	33646520
186	33647130	33642020	33647140	33647130
187	33647090	33641960	33647090	33647090
188	33648580	33643460	33648570	33648570
189	33647020	33641900	33647020	33647030
190	33646720	33641610	33646730	33646720
191	33649860	33649860	33649860	33649860
192	33649830	33649830	33649830	33649830
193	33647730	33642610	33647730	33647730
194	33649180	33649180	33649180	33649180
195	33650600	33650590	33650600	33650600
196	33652120	33652130	33652120	33652120
197	33654820	33649700	33654820	33654820
198	33648030	33642910	33648030	33648030
199	33650300	33650290	33650290	33650300
200	33650160	33650170	33650170	33650160
201	33649630	33649630	33649630	33649630
202	33648080	33642960	33648080	33648080
203	33651070	33651070	33651070	33651070
204	33651270	33651270	33651270	33651270
205	33652080	33652070	33652070	33652070
206	33647620	33642510	33647630	33647630
207	33647440	33642320	33647440	33647440
208	33650730	33650730	33650730	33650730
209	33652920	33652920	33652920	33652920
210	33649680	33649670	33649670	33649670
211	33650110	33650120	33650120	33650120
212	33647040	33641920	33647040	33646720
213	33652070	33652070	33652070	33652070
214	33644800	33639680	33644800	33644800
215	33643490	33643490	33643490	33643490
216	33642370	33642360	33642360	33642370
217	33642300	33642300	33642300	33642300
218	33648670	33648680	33648680	33648670
219	33650230	33650230	33650230	33650230
220	33649440	33649440	33649440	33649440
221	33651460	33651460	33651460	33651460
222	33654420	33649290	33654420	33654420
223	33654980	33649870	33654980	33654980
224	33652920	33652910	33652920	33652920
225	33654730	33649620	33654730	33654730
226	33652950	33652950	33652950	33652950
227	33653300	33653290	33653300	33653300
228	33652450	33652460	33652450	33652450
229	33651990	33651990	33651990	33651990
230	33649000	33649000	33649000	33649000
231	33648760	33648750	33648760	33648760
232	33651300	33651300	33651290	33651300
233	33650420	33650430	33650430	33650420
234	33654160	33649040	33654160	33654160
235	33649040	33649030	33649030	33649040
236	33647170	33642060	33647180	33647170
237	33648660	33648660	33648660	33648660
238	33651470	33651460	33651470	33651470
239	33648880	33648890	33648880	33648880
240	33647270	33642140	33647270	33647270
241	33645910	33640790	33645910	33645910
242	33647860	33642750	33647860	33647860
243	33647890	33642760	33647890	33647890
244	33649290	33649300	33649290	33649290
245	33644880	33639750	33644870	33644880
246	33640780	33640790	33640790	33640780
247	33636580	33631460	33636580	33636580
248	33637500	33632370	33637490	33637490
249	33638490	33638500	33638500	33638500
250	33640210	33640200	33640200	33640210
251	33640880	33640890	33640890	33640880
252	33640740	33640740	33640740	33640740
253	33642850	33642840	33642850	33642850
254	33635940	33630830	33635940	33635940
255	33637770	33632650	33637770	33637770
256	33635290	33630170	33635290	33635290
257	33633490	33628360	33633480	33633480
258	33634030	33628920	33634040	33634040
259	33636310	33631190	33636310	33636310
260	33640070	33640070	33640070	33640070
261	33640290	33640290	33640290	33640290
262	33639590	33639580	33639590	33639590
263	33639570	33639570	33639560	33639560
264	33642960	33642970	33642970	33642970
265	33643810	33638680	33643800	33643810
266	33642450	33642460	33642460	33642450
267	33641800	33641800	33641800	33643080
268	33644480	33639360	33644480	33644480
269	33643880	33638760	33643880	33643880
270	33645320	33640200	33645320	33645320
271	33643160	33643150	33643160	33643160
272	33643690	33638580	33643690	33643690
273	33644730	33639600	33644720	33644730
274	33645840	33640720	33645850	33645840
275	33645680	33640560	33645680	33645680
276	33645240	33640120	33645230	33645230
277	33643560	33638440	33643570	33643570
278	33645910	33640800	33645910	33645910
279	33646290	33641170	33646290	33646290
280	33646160	33641030	33646160	33646160
281	33648580	33643470	33648580	33648580
282	33648180	33643060	33648180	33648180
283	33644260	33639140	33644260	33644260
284	33645690	33640570	33645690	33645690
285	33646000	33640880	33646000	33646000
286	33647380	33642260	33647380	33647380
287	33647310	33642180	33647310	33647310
288	33646160	33641050	33646160	33646160
289	33644170	33639050	33644170	33644170
290	33644570	33639440	33644560	33644570
291	33645050	33639930	33645050	33645050
292	33642480	33642490	33642490	33642480
293	33644470	33639340	33644470	33644470
294	33643980	33638860	33643980	33643980
295	33643460	33643470	33643460	33643460
296	33646550	33641430	33646550	33646550
297	33646700	33641580	33646700	33646700
298	33646310	33641190	33646310	33646630
299	33644320	33639200	33644320	33644320
300	33648800	33648790	33648800	33648800
301	33649000	33649000	33648990	33649000
302	33648900	33648910	33648910	33648900
303	33645230	33640100	33645220	33645230
304	33649120	33649130	33649130	33649120
305	33649110	33649110	33649110	33649110
306	33644380	33639260	33644380	33644380
307	33641900	33641900	33641900	33641900
308	33643370	33643360	33643360	33643360
309	33641430	33641430	33641440	33641440
310	33643940	33638830	33643940	33643940
311	33644680	33639560	33644680	33644680
312	33645270	33640150	33645270	33645270
313	33644740	33639620	33644740	33644740
314	33649160	33649160	33649160	33649160
315	33644590	33639470	33644590	33644590
316	33644780	33639660	33644780	33644780
317	33643850	33638720	33643840	33643850
318	33648300	33643180	33648310	33648300
319	33649840	33649840	33649830	33649840
320	33648630	33648640	33648640	33648630
321	33643120	33643110	33643110	33643120
322	33644390	33639280	33644400	33644390
323	33644730	33639610	33644730	33644730
324	33647920	33642800	33647920	33647920
325	33650600	33650590	33650600	33650600
326	33652850	33652860	33652850	33652850
327	33648600	33643470	33648600	33648600
328	33648540	33643420	33648530	33648540
329	33652220	33652230	33652230	33652220
330	33651830	33651830	33651830	33651830
331	33650880	33650880	33650880	33650880
332	33648510	33643380	33648510	33648510
333	33644950	33639840	33644950	33644950
334	33641500	33641500	33641500	33641500
335	33644250	33639130	33644250	33644250
336	33648740	33648730	33648730	33648740
337	33650500	33650500	33650500	33650500
338	33653390	33653390	33653400	33653390
339	33653520	33653530	33653520	33653520
340	33649990	33649990	33649990	33649990
341	33649090	33649090	33649090	33649090
342	33648030	33642910	33648030	33648030
343	33646380	33641260	33646380	33646380
344	33645370	33640250	33645370	33645370
345	33644380	33639260	33644380	33644380
346	33641650	33641650	33641650	33641650
347	33645240	33640120	33645240	33645240
348	33648590	33643470	33648590	33648590
349	33644330	33639210	33644330	33644330
350	33645640	33640520	33645640	33645640
351	33643320	33643320	33643320	33643320
352	33644690	33639570	33644690	33644690
353	33643490	33643490	33643490	33643490
354	33642990	33642990	33642990	33642990
355	33646830	33641710	33646830	33646830
356	33643770	33638650	33643770	33643770
357	33643860	33638740	33643860	33643860
358	33643100	33643100	33643100	33643100
359	33645650	33640520	33645640	33645650
360	33642260	33642270	33642270	33642260
361	33644540	33639410	33644540	33644540
362	33646340	33641230	33646340	33646340
363	33647690	33642570	33647690	33647690
364	33644710	33639590	33644710	33644710
365	33646480	33641360	33646480	33646480
366	33644960	33639840	33644960	33644960
367	33642000	33642000	33642000	33642000
368	33643850	33638730	33643850	33643850
369	33643980	33638850	33643980	33643980
370	33642150	33642160	33642150	33642150
371	33641890	33641880	33641880	33642210
372	33643990	33638880	33644000	33643990
373	33647620	33642490	33647620	33647620
374	33643460	33643470	33643460	33643460
375	33644110	33638980	33644100	33644100
376	33646890	33641770	33646890	33646900
377	33646520	33641410	33646530	33646520
378	33643640	33638520	33643640	33643640
379	33645400	33640280	33645400	33645400
380	33646450	33641330	33646450	33646450
381	33648110	33642990	33648110	33648110
382	33647180	33642050	33647170	33647180
383	33648020	33642910	33648030	33648340
384	33649690	33649690	33649690	33649690
385	33642190	33642190	33642190	33642190
386	33646350	33641220	33646350	33646350
387	33646430	33641320	33646430	33646430
388	33646890	33641760	33646880	33646890
389	33644620	33639500	33644630	33644620
390	33645700	33640580	33645690	33645700
391	33645270	33640160	33645280	33645270
392	33645490	33640360	33645490	33645490
393	33644550	33639440	33644550	33644550
394	33642490	33642480	33642480	33642480
395	33645840	33640720	33645840	33645840
396	33647580	33642470	33647590	33647590
397	33648690	33648690	33648690	33648690
398	33647660	33642540	33647660	33647660
399	33640660	33640660	33640660	33640660
400	33639520	33639510	33639510	33639520
401	33640640	33640640	33640640	33640640
402	33641630	33641640	33641640	33641630
403	33642970	33642970	33642970	33642970
404	33640670	33640670	33640670	33640670
405	33641680	33641680	33641680	33641680
406	33642690	33642680	33642690	33642690
407	33638510	33638520	33638510	33642670
408	33640290	33640280	33640280	33640290
409	33638850	33638860	33638860	33638850
410	33638680	33638680	33638680	33638680
411	33640570	33640560	33640560	33640560
412	33640350	33640350	33640350	33640350
413	33641190	33641190	33641190	33641200
414	33643180	33643180	33643190	33643180
415	33641380	33641390	33641380	33641380
416	33638570	33638560	33638570	33638570
417	33636940	33631820	33636940	33636940
418	33637230	33632120	33637230	33637230
419	33637900	33632770	33637890	33637900
420	33638660	33638670	33638670	33638660
421	33636790	33631670	33636790	33636790
422	33639470	33639470	33639470	33639470
423	33639500	33639490	33639490	33639490
424	33649050	33649060	33649060	33649060
425	33650510	33650510	33650510	33650510
426	33649130	33649120	33649120	33649130
427	33648910	33648910	33648910	33648910
428	33648210	33643100	33648220	33648210
429	33650760	33650760	33650760	33650760
430	33652990	33652990	33652990	33652990
431	33653310	33653300	33653300	33653300
432	33650140	33650140	33650140	33650150
433	33652920	33652930	33652930	33652920
434	33652530	33652530	33652530	33652530
435	33651300	33651300	33651300	33651300
436	33650610	33650610	33650610	33650610
437	33651610	33651610	33651610	33651610
438	33651790	33651790	33651790	33651790
439	33651260	33651250	33651250	33651260
440	33648880	33648880	33648880	33648870
441	33652110	33652120	33652120	33652120
442	33652550	33652550	33652550	33652550
443	33648850	33648840	33648840	33648850
444	33649940	33649940	33649940	33649940
445	33649730	33649730	33649730	33649730
446	33648860	33648860	33648870	33648860
447	33647360	33642250	33647360	33647360
448	33646380	33641260	33646380	33646380
449	33647200	33642080	33647200	33647200
450	33642450	33642450	33642450	33642450
451	33643600	33638480	33643600	33643600
452	33645630	33640500	33645620	33645630
453	33646360	33641250	33646370	33646360
454	33643090	33643090	33643090	33643090
455	33647170	33642050	33647170	33647170
456	33645210	33640090	33645210	33645210
457	33643340	33643330	33643340	33643340
458	33644530	33639420	33644530	33644530
459	33646020	33640900	33646020	33646020
460	33646740	33641610	33646740	33646740
461	33644290	33639170	33644280	33644290
462	33647740	33642630	33647750	33647740
463	33647510	33642390	33647510	33647510
464	33642440	33642430	33642440	33642440
465	33646880	33641770	33646880	33646880
466	33647080	33641960	33647080	33647080
467	33642780	33642780	33642780	33642780
468	33642320	33642320	33642320	33642320
469	33642600	33642590	33642590	33642600
470	33642530	33642540	33642540	33642530
471	33643640	33638510	33643630	33643630
472	33640510	33640520	33640520	33640520
473	33640220	33640220	33640220	33640220
474	33639700	33639690	33639700	33639700
475	33639930	33639940	33639930	33639930
476	33639000	33639000	33639000	33639000
477	33637440	33632310	33637440	33637440
478	33639500	33639500	33639490	33639490
479	33640890	33640890	33640900	33640900
480	33638030	33632920	33638030	33638030
481	33640820	33640820	33640820	33640820
482	33643010	33643000	33643000	33643010
483	33637830	33632710	33637840	33637830
484	33641260	33641260	33641250	33641260
485	33641340	33641350	33641350	33641340
486	33641970	33641970	33641970	33641970
487	33643560	33638430	33643550	33643560
488	33638070	33632960	33638080	33638070
489	33636880	33631760	33636880	33636880
490	33640210	33640210	33640210	33640210
491	33639360	33639350	33639350	33639360
492	33643380	33643390	33643390	33643380
493	33639300	33639300	33639300	33639300
494	33638080	33632960	33638080	33638080
495	33639750	33639750	33639750	33639750
496	33640650	33640650	33640650	33640650
497	33645410	33640290	33645410	33645410
498	33641640	33641640	33641640	33641640
499	33640860	33640850	33640850	33640860

============================================================
# BITSTREAM: 100ms_51etapas.bit
# VENTANA: 100ms
# ETAPAS_PRINCIPAL: 51
# NUM_MUESTRAS: 500
# FORMATO: idx	freq1_hz	freq2_hz	freq3_hz	freq4_hz
============================================================
idx	freq1_hz	freq2_hz	freq3_hz	freq4_hz
0	14331080	13163310	13697760	11971450
1	14330820	13163330	13697410	11971040
2	14330540	13162880	13697450	11972000
3	14330260	13162530	13697650	11972790
4	14330050	13162830	13697660	11970600
5	14330480	13163240	13697900	11970590
6	14330380	13163070	13697680	11969510
7	14329730	13162880	13697400	11970650
8	14329970	13163160	13697840	11969960
9	14329340	13161880	13697210	11969950
10	14330090	13162360	13697620	11971380
11	14329370	13162350	13697390	11969950
12	14329860	13162680	13697630	11971230
13	14330110	13162940	13698130	11971820
14	14328600	13161100	13696510	11969020
15	14329430	13161070	13697090	11971080
16	14328800	13161320	13696540	11970610
17	14329960	13161880	13697780	11969980
18	14328750	13161340	13696790	11968440
19	14329690	13161460	13697380	11971320
20	14329160	13161660	13696780	11968690
21	14330500	13162750	13698200	11970270
22	14330820	13162080	13697050	11968160
23	14329050	13161380	13696610	11971620
24	14329690	13161910	13697920	11970250
25	14329920	13162600	13697820	11970510
26	14330100	13162520	13697970	11969530
27	14328690	13161100	13697010	11970200
28	14329930	13162030	13698080	11971950
29	14329880	13161990	13697680	11969190
30	14329280	13161510	13697100	11969680
31	14329750	13161810	13697760	11970030
32	14329210	13161420	13697130	11969650
33	14328350	13160550	13696210	11971210
34	14329910	13161960	13697630	11972000
35	14329790	13161870	13697880	11971930
36	14330790	13162780	13698420	11970550
37	14329160	13161140	13697090	11969480
38	14327100	13159660	13695360	11970000
39	14327430	13159420	13696190	11969490
40	14329620	13160620	13696970	11970480
41	14328470	13160540	13697250	11972300
42	14328210	13160580	13696600	11970740
43	14328620	13160140	13696620	11969840
44	14328190	13160440	13696230	11968220
45	14327060	13159580	13695920	11970350
46	14326400	13159030	13695490	11966820
47	14328200	13159990	13696180	11970170
48	14326650	13158870	13695240	11967450
49	14327460	13159490	13695980	11969390
50	14327440	13159900	13696280	11968370
51	14328080	13160430	13696440	11969930
52	14328940	13160990	13696910	11969970
53	14329240	13161230	13697120	11971940
54	14328100	13160780	13696170	11967480
55	14328710	13160820	13696690	11972060
56	14328940	13161210	13697050	11969990
57	14328720	13161210	13696610	11971550
58	14328790	13161300	13697090	11969660
59	14328130	13160400	13696230	11971410
60	14328180	13160420	13696070	11970480
61	14328320	13160680	13696590	11971130
62	14328180	13160610	13696060	11970120
63	14328490	13160700	13695720	11969050
64	14328870	13161200	13696270	11968090
65	14328930	13160780	13696010	11970910
66	14326140	13158700	13693970	11969110
67	14326710	13159130	13694880	11968960
68	14327110	13159680	13694850	11968320
69	14328030	13160240	13696030	11971570
70	14327850	13160210	13693000	11970070
71	14327130	13159770	13695160	11967560
72	14327610	13160120	13695280	11968560
73	14328080	13160280	13695550	11969570
74	14328800	13161100	13696490	11970710
75	14329200	13161430	13696760	11970930
76	14327820	13160520	13696030	11967720
77	14327450	13159720	13695400	11970520
78	14327160	13159320	13695020	11966880
79	14326550	13158830	13694670	11968100
80	14326730	13159170	13694670	11969200
81	14326710	13159180	13694750	11970270
82	14327040	13159750	13694900	11969610
83	14328280	13160690	13695990	11969470
84	14327490	13161230	13696740	11970960
85	14328420	13161100	13696600	11969530
86	14328150	13160780	13696330	11969170
87	14327150	13159700	13695480	11968940
88	14327420	13159860	13695190	11966960
89	14328390	13160800	13696520	11970970
90	14328930	13161180	13696570	11968990
91	14329320	13161170	13696950	11970570
92	14328980	13161450	13697120	11970770
93	14327740	13160340	13695750	11967900
94	14327510	13160390	13695700	11969880
95	14327720	13160390	13695780	11969040
96	14329170	13161600	13697040	11968990
97	14328660	13161470	13696450	11968640
98	14328260	13161140	13695990	11969300
99	14329120	13161520	13696560	11971890
100	14328510	13160170	13696160	11969080
101	14328490	13160590	13696250	11969640
102	14329800	13162050	13697440	11971110
103	14328730	13161370	13696420	11969510
104	14328480	13160930	13696420	11968170
105	14329000	13161230	13697240	11969210
106	14328110	13161430	13696580	11967180
107	14327780	13160170	13696170	11968600
108	14328430	13160580	13696380	11970380
109	14328760	13160900	13696550	11969020
110	14327920	13160330	13696000	11969470
111	14327570	13159770	13695440	11967530
112	14326800	13159200	13694880	11966250
113	14326810	13159030	13695200	11968330
114	14326230	13159050	13694690	11967460
115	14326980	13159500	13695430	11970660
116	14326370	13159500	13695280	11969230
117	14328020	13160540	13696260	11969700
118	14327900	13160550	13696080	11967990
119	14327480	13160070	13695770	11968930
120	14328950	13161490	13696900	11970880
121	14329050	13161840	13697640	11969600
122	14327870	13161430	13696260	11968590
123	14328640	13161330	13696730	11969220
124	14328020	13160850	13696460	11969510
125	14327920	13160940	13696410	11969180
126	14327650	13160090	13696130	11968730
127	14328080	13160370	13696450	11971190
128	14328500	13160750	13697200	11969500
129	14327480	13160000	13696480	11967770
130	14327510	13159870	13696250	11968510
131	14328320	13160550	13696690	11971860
132	14327170	13159570	13696060	11969110
133	14327480	13159500	13696060	11968940
134	14326800	13159010	13695390	11967220
135	14327810	13159990	13696410	11970650
136	14327300	13159980	13696180	11969040
137	14328340	13160630	13697440	11969500
138	14327620	13160410	13696210	11968450
139	14328270	13160510	13696800	11971530
140	14328460	13160940	13696960	11967730
141	14328830	13161140	13697380	11968780
142	14327300	13160550	13695700	11967740
143	14327570	13160440	13696350	11968880
144	14326860	13159730	13696100	11969340
145	14327450	13160110	13696660	11968660
146	14326660	13159690	13696020	11967570
147	14326120	13158980	13694980	11967920
148	14326130	13159140	13694560	11967120
149	14327130	13159500	13695700	11967690
150	14326930	13160120	13695770	11967510
151	14326760	13159550	13695380	11970430
152	14326220	13159010	13694820	11966740
153	14327810	13160460	13695630	11968720
154	14326430	13159120	13694620	11968810
155	14327100	13159640	13695510	11968240
156	14327470	13159750	13695920	11969520
157	14328070	13160130	13696160	11967950
158	14327990	13160320	13696400	11968650
159	14328230	13160400	13696670	11969420
160	14328330	13160650	13696830	11969780
161	14328440	13160810	13696970	11970670
162	14327130	13159740	13695860	11969650
163	14327170	13159950	13695880	11968120
164	14327870	13160470	13696420	11967340
165	14328690	13161040	13696770	11969450
166	14328290	13160900	13696660	11969200
167	14327750	13160420	13696440	11968770
168	14327940	13160280	13696100	11968800
169	14328680	13160800	13696470	11969080
170	14328320	13160650	13696670	11970030
171	14328110	13160580	13696550	11970850
172	14328120	13160370	13696210	11969500
173	14327510	13160040	13693310	11970760
174	14329110	13161300	13696890	11970470
175	14328460	13160210	13696370	11969730
176	14327920	13159910	13696180	11968830
177	14328170	13160440	13696470	11968980
178	14328390	13161170	13696980	11970270
179	14329190	13161680	13697420	11969900
180	14328450	13162070	13696930	11968650
181	14327870	13160400	13697050	11970150
182	14325890	13159570	13694850	11969330
183	14327720	13160730	13696710	11971690
184	14325550	13158690	13695080	11968620
185	14325460	13158120	13694790	11968200
186	14325580	13158040	13694490	11968180
187	14325910	13158260	13694720	11969820
188	14325550	13158020	13693980	11965700
189	14325500	13158340	13694610	11967430
190	14325280	13157590	13693990	11968710
191	14325450	13157660	13693980	11968710
192	14325500	13158100	13694510	11966570
193	14324820	13157300	13693540	11968810
194	14324900	13157700	13693570	11966130
195	14325900	13157930	13694310	11969790
196	14326030	13158290	13694500	11968380
197	14325430	13157920	13694380	11967590
198	14326020	13158500	13694700	11966970
199	14326480	13158790	13695270	11967950
200	14324930	13157590	13693960	11968060
201	14323740	13156690	13693290	11966900
202	14324010	13156840	13693560	11968500
203	14325060	13157560	13693940	11967790
204	14324270	13157330	13693860	11965970
205	14324590	13157210	13693840	11966810
206	14325730	13156910	13693610	11966720
207	14325180	13157510	13694360	11969730
208	14325230	13157700	13694540	11965800
209	14326810	13159090	13695730	11968150
210	14326300	13158940	13695360	11970200
211	14326510	13158920	13695310	11969320
212	14327100	13159800	13695930	11969590
213	14326980	13159560	13695310	11971180
214	14327810	13160580	13696400	11970370
215	14327350	13159800	13695810	11969440
216	14326600	13159550	13695800	11970200
217	14325780	13158600	13694670	11967190
218	14326110	13159730	13695010	11969280
219	14326660	13160120	13695600	11970930
220	14326100	13159730	13695160	11966870
221	14326130	13159220	13694960	11968630
222	14326630	13159710	13694910	11967900
223	14326930	13159640	13695180	11970390
224	14326480	13159280	13695010	11967560
225	14326310	13158240	13694570	11970190
226	14325920	13158190	13694500	11969200
227	14326300	13158780	13694720	11967620
228	14326490	13159160	13694430	11966270
229	14328040	13160350	13695770	11970690
230	14327480	13159810	13695300	11970240
231	14327310	13159380	13694800	11968230
232	14325740	13158130	13693710	11966880
233	14326080	13158460	13693870	11969330
234	14326970	13159470	13695130	11969130
235	14327180	13159470	13694860	11969130
236	14325630	13158220	13693500	11966550
237	14325190	13158210	13693950	11967340
238	14326130	13158560	13694320	11968350
239	14326440	13158590	13694550	11966700
240	14326250	13158760	13694730	11968540
241	14327170	13159140	13694620	11970020
242	14328050	13160100	13695330	11967270
243	14329090	13160560	13696020	11969850
244	14327680	13159880	13695290	11967750
245	14328760	13160980	13696500	11970180
246	14328660	13161260	13696500	11968760
247	14327270	13159850	13695600	11968430
248	14326360	13159020	13694320	11966320
249	14327450	13159640	13695250	11967650
250	14326130	13158640	13694490	11967710
251	14326330	13158910	13694890	11970200
252	14326810	13159860	13694940	11969720
253	14327860	13160420	13696230	11969070
254	14326410	13159580	13695330	11968860
255	14327010	13159290	13695250	11968920
256	14326290	13158740	13694780	11967780
257	14326280	13158920	13694740	11967600
258	14326650	13159300	13694680	11967060
259	14326450	13158930	13694920	11967270
260	14326730	13159550	13695000	11968050
261	14327770	13160200	13695650	11969330
262	14327720	13160280	13695800	11968880
263	14327580	13160110	13695640	11967990
264	14327360	13160500	13695300	11967140
265	14327840	13160970	13695870	11968870
266	14326670	13159620	13695260	11969340
267	14327830	13160180	13696200	11969060
268	14326450	13159330	13694620	11967840
269	14327500	13160090	13695240	11968170
270	14327360	13159940	13694890	11968030
271	14327390	13159530	13695480	11970620
272	14326590	13159350	13695120	11966510
273	14326360	13159250	13694820	11968570
274	14326550	13159370	13694970	11966990
275	14328450	13160850	13696590	11971260
276	14327390	13160620	13695790	11969520
277	14328180	13160550	13696100	11970940
278	14328200	13160800	13695960	11968100
279	14327580	13160640	13695740	11968250
280	14327590	13160750	13695620	11968050
281	14327560	13160620	13695620	11968870
282	14328360	13161430	13696230	11968270
283	14328320	13160070	13695090	11970050
284	14327610	13160930	13695500	11968920
285	14325880	13158930	13694270	11967590
286	14326060	13159010	13694620	11969090
287	14326500	13159320	13694810	11968100
288	14326310	13159380	13694760	11969360
289	14326620	13159560	13695040	11968810
290	14326380	13159780	13694710	11967960
291	14327420	13160610	13695940	11970860
292	14327750	13159550	13694830	11967570
293	14326240	13158910	13694620	11969920
294	14326940	13159640	13695230	11967480
295	14327230	13159620	13695090	11970100
296	14325610	13158380	13693670	11967590
297	14325970	13158620	13693550	11969260
298	14326400	13159230	13693680	11968900
299	14326910	13159680	13694630	11968740
300	14326830	13159590	13695040	11969170
301	14326240	13158770	13694120	11968290
302	14326880	13159680	13694630	11966720
303	14327910	13160750	13695890	11971160
304	14327620	13160130	13695660	11970700
305	14329510	13161510	13696960	11970020
306	14327370	13160290	13695650	11967330
307	14327980	13160560	13695990	11970120
308	14327470	13160130	13695530	11969900
309	14326890	13159130	13694890	11968940
310	14325900	13158570	13694120	11969300
311	14326450	13158980	13694690	11966960
312	14326380	13159030	13694740	11969700
313	14325980	13158630	13694050	11967810
314	14326070	13158680	13694030	11967540
315	14325480	13158000	13693830	11968990
316	14325540	13158230	13694190	11968540
317	14327020	13159230	13695150	11969960
318	14327080	13159250	13695210	11969610
319	14328490	13160460	13696180	11970830
320	14329720	13161500	13697150	11969390
321	14330060	13160340	13696170	11970580
322	14327180	13159350	13695170	11969810
323	14327340	13160000	13695570	11969950
324	14326810	13159190	13694800	11968390
325	14326640	13158740	13694450	11968480
326	14325810	13157950	13693800	11968900
327	14325140	13157420	13693640	11967470
328	14324730	13157750	13693400	11966800
329	14326200	13158390	13694400	11967000
330	14326170	13158500	13694240	11966030
331	14332120	13157880	13693810	11966530
332	14324520	13157020	13693100	11966810
333	14325810	13158420	13694280	11967410
334	14325130	13158030	13693760	11965710
335	14324180	13157100	13693070	11967090
336	14324640	13157920	13693630	11968090
337	14324950	13157950	13693840	11969060
338	14324300	13157190	13693250	11966510
339	14326500	13159260	13695330	11970840
340	14327560	13160190	13695720	11968960
341	14327520	13160160	13695920	11967840
342	14326630	13159170	13695040	11966590
343	14325960	13158430	13694660	11968130
344	14326620	13159010	13694990	11967020
345	14327390	13159340	13695280	11970110
346	14326980	13158870	13695070	11967820
347	14327540	13159580	13695700	11970310
348	14327800	13160210	13696040	11968020
349	14327740	13159970	13695860	11969260
350	14327450	13159820	13695750	11968010
351	14327840	13160010	13696190	11971130
352	14328440	13160840	13696710	11970330
353	14327750	13160110	13696030	11970440
354	14326450	13159470	13694720	11968990
355	14326300	13158990	13694660	11967270
356	14326430	13159610	13694940	11967370
357	14329070	13161660	13696970	11969750
358	14327890	13160140	13696080	11970230
359	14326930	13159360	13695060	11968460
360	14326270	13158850	13694560	11966920
361	14327250	13159450	13695320	11967450
362	14326550	13159150	13694830	11967610
363	14327720	13160100	13695600	11969920
364	14326690	13159010	13695010	11966230
365	14326270	13158370	13694610	11969640
366	14327760	13159880	13695610	11969700
367	14327240	13159380	13695790	11969220
368	14327550	13159810	13695900	11969470
369	14328140	13160260	13696340	11968650
370	14327680	13159870	13695960	11967550
371	14328270	13160130	13696540	11968420
372	14328620	13160470	13696400	11968470
373	14327820	13159820	13696000	11969210
374	14327460	13159770	13695670	11966830
375	14328150	13160400	13696410	11970260
376	14327110	13159600	13695270	11968570
377	14327450	13159570	13695960	11969840
378	14327290	13159550	13695480	11967210
379	14328410	13160050	13695990	11968170
380	14328800	13161010	13696780	11970560
381	14328500	13160580	13696450	11968890
382	14327100	13159490	13695340	11968510
383	14327440	13159620	13695430	11968610
384	14327090	13159520	13695200	11969100
385	14327330	13159500	13695410	11968800
386	14327650	13160010	13695520	11968620
387	14328250	13160310	13695870	11968160
388	14327700	13160110	13695580	11969750
389	14328490	13160680	13696140	11968970
390	14328800	13161060	13696680	11968430
391	14327870	13160220	13696220	11967990
392	14328520	13161190	13696410	11968350
393	14329500	13161590	13697170	11970480
394	14328050	13160790	13695570	11969770
395	14329390	13161590	13696800	11970170
396	14328750	13161030	13696510	11967270
397	14329110	13161320	13696910	11971000
398	14328640	13161110	13696660	11970470
399	14328770	13161530	13696820	11969600
400	14327970	13160590	13696050	11968240
401	14330270	13162640	13697790	11972690
402	14330140	13163010	13697620	11971370
403	14329000	13161670	13697010	11969500
404	14329980	13162290	13697950	11971710
405	14329450	13162170	13696950	11971230
406	14328660	13161500	13696880	11970380
407	14328010	13160560	13696170	11968200
408	14328360	13160980	13696390	11970700
409	14329020	13161750	13697480	11971380
410	14328120	13161160	13696160	11968540
411	14328780	13161160	13696620	11969860
412	14329050	13161470	13696640	11968720
413	14327760	13160370	13695740	11969100
414	14328110	13160830	13696430	11968340
415	14328670	13161280	13696730	11971130
416	14330620	13162830	13698140	11970700
417	14328900	13161620	13696880	11969310
418	14328880	13161650	13696990	11968070
419	14328710	13161700	13697330	11971740
420	14328320	13161550	13696430	11970480
421	14328190	13161070	13696640	11970880
422	14328480	13161170	13696810	11969280
423	14329150	13161360	13697280	11970590
424	14328790	13161530	13696460	11967540
425	14327570	13160760	13696030	11968870
426	14327070	13159960	13695200	11969390
427	14328160	13160610	13695980	11969670
428	14328830	13161410	13696910	11968810
429	14328750	13160930	13696730	11971310
430	14327760	13160260	13696000	11969200
431	14327910	13160550	13696030	11968190
432	14328260	13160700	13696080	11970240
433	14327330	13159760	13695260	11969400
434	14327210	13159800	13695900	11968330
435	14327900	13160260	13696320	11969390
436	14327550	13160420	13695720	11968950
437	14328200	13160720	13696390	11968890
438	14328400	13160820	13696390	11970280
439	14328820	13161120	13697000	11971310
440	14329140	13161390	13697120	11968590
441	14328000	13160500	13695850	11968200
442	14328190	13161650	13697230	11971670
443	14329560	13162400	13697440	11972010
444	14328900	13161830	13696540	11969260
445	14330130	13162590	13697570	11970430
446	14328850	13161690	13696410	11971020
447	14327890	13160170	13695910	11969860
448	14328110	13160290	13696330	11970280
449	14328440	13160370	13696340	11970070
450	14327410	13159690	13696020	11967980
451	14327480	13159550	13696320	11968990
452	14328520	13160580	13696900	11969610
453	14328320	13160860	13697310	11969820
454	14326520	13159670	13695150	11969460
455	14327560	13160280	13696070	11970860
456	14327170	13159630	13695480	11969690
457	14327450	13159690	13695810	11968300
458	14327250	13159530	13695580	11970230
459	14327680	13159860	13695780	11968680
460	14327820	13160230	13696020	11967990
461	14327540	13159860	13695800	11968090
462	14328340	13160580	13696490	11967690
463	14328810	13161250	13697180	11970460
464	14328570	13161450	13696480	11968050
465	14328120	13160370	13695670	11969290
466	14327900	13160290	13696300	11970070
467	14328060	13160540	13696550	11969050
468	14328250	13160780	13696740	11969950
469	14327170	13160850	13696260	11969100
470	14327900	13160290	13695640	11967970
471	14328030	13160110	13696260	11967990
472	14326550	13158930	13694940	11967170
473	14328720	13160760	13696550	11969550
474	14328510	13160640	13696620	11970220
475	14328110	13160020	13696200	11969240
476	14326850	13159030	13694860	11968150
477	14326860	13159510	13695250	11968810
478	14327680	13159820	13695290	11969030
479	14329100	13160950	13696410	11970430
480	14327890	13159800	13695120	11968720
481	14328220	13159960	13695710	11969670
482	14328040	13160070	13695620	11970230
483	14327590	13159640	13695310	11968610
484	14328290	13160370	13695710	11970070
485	14328000	13159870	13695630	11970930
486	14328000	13159860	13695660	11969940
487	14327910	13159720	13695550	11968540
488	14325960	13158370	13693910	11968410
489	14325640	13158030	13694100	11969230
490	14324310	13156910	13692770	11965740
491	14326150	13158250	13694160	11968650
492	14325450	13157990	13693650	11965770
493	14325990	13158560	13694130	11970180
494	14326170	13158650	13694350	11968140
495	14326780	13159030	13695140	11970080
496	14326680	13159480	13694690	11967790
497	14325720	13158630	13693960	11970070
498	14325090	13157900	13693650	11967010
499	14324260	13157040	13693250	11969200

============================================================
# BITSTREAM: 100ms_101etapas.bit
# VENTANA: 100ms
# ETAPAS_PRINCIPAL: 101
# NUM_MUESTRAS: 500
# FORMATO: idx	freq1_hz	freq2_hz	freq3_hz	freq4_hz
============================================================
idx	freq1_hz	freq2_hz	freq3_hz	freq4_hz
0	10183930	9409980	9858350	9858350
1	10184050	9410070	9857960	9857960
2	10184400	9410790	9857880	9857880
3	10184230	9410450	9858520	9858520
4	10184530	9410400	9857170	9857160
5	10184760	9410610	9857580	9857590
6	10184980	9411020	9858770	9858760
7	10184720	9410750	9858210	9858220
8	10184090	9410130	9857320	9857320
9	10184280	9410400	9858560	9858560
10	10184220	9410450	9858280	9858280
11	10183600	9409700	9857120	9857120
12	10183200	9409380	9857110	9857110
13	10185230	9411190	9858910	9858910
14	10185160	9411240	9859070	9859070
15	10184490	9410340	9857530	9857530
16	10183980	9410090	9856780	9857020
17	10183810	9409940	9857620	9857620
18	10183360	9409590	9857400	9857390
19	10183890	9410040	9857790	9857800
20	10184050	9409930	9856980	9856980
21	10183940	9409860	9857200	9857200
22	10183760	9409670	9857030	9857030
23	10183740	9409710	9857880	9857880
24	10183090	9409140	9857200	9857200
25	10182980	9408870	9856270	9856270
26	10182750	9408890	9856810	9856810
27	10183510	9409540	9857410	9857410
28	10184500	9410370	9857460	9857460
29	10184990	9410770	9858420	9858420
30	10185200	9411170	9859160	9859160
31	10184950	9411000	9859500	9859500
32	10185090	9411220	9859430	9859430
33	10185090	9411110	9859650	9859650
34	10184710	9410780	9859040	9859040
35	10185070	9410930	9858310	9857990
36	10184280	9410310	9857810	9857810
37	10184220	9410310	9858220	9858220
38	10184660	9410620	9857780	9857780
39	10184750	9410730	9857740	9857740
40	10184860	9410790	9857740	9857740
41	10185270	9411120	9858540	9858180
42	10185450	9411350	9858120	9858120
43	10185900	9411960	9859430	9859430
44	10185610	9411640	9859750	9859750
45	10185850	9411800	9860140	9860140
46	10185810	9411700	9859780	9859780
47	10185660	9411560	9859840	9859840
48	10185480	9411520	9859620	9859620
49	10185040	9410970	9859390	9859460
50	10185620	9411300	9859210	9859210
51	10185680	9411470	9859100	9859100
52	10186060	9411920	9859640	9859640
53	10186050	9411960	9859680	9859680
54	10186320	9412070	9859260	9859260
55	10185430	9411220	9858740	9858730
56	10185640	9411220	9856180	9857860
57	10185210	9411110	9858310	9858310
58	10184540	9410730	9858060	9858060
59	10183790	9410040	9857980	9857980
60	10183880	9409920	9856640	9856640
61	10183390	9409580	9856500	9856500
62	10183360	9409560	9856530	9856520
63	10183630	9409990	9856370	9857990
64	10184020	9410170	9858040	9858040
65	10183690	9409840	9857080	9857080
66	10183570	9409830	9857470	9857460
67	10183880	9409810	9856990	9857000
68	10183960	9409950	9856950	9856950
69	10184380	9410440	9857660	9857660
70	10183860	9409950	9857890	9857890
71	10183640	9409740	9857760	9857760
72	10183180	9409350	9856450	9856450
73	10183430	9409810	9856690	9856690
74	10183310	9409810	9856260	9856260
75	10183310	9409540	9857290	9857280
76	10183440	9409810	9857720	9857730
77	10183950	9410050	9857230	9857230
78	10184410	9410540	9857800	9857800
79	10183280	9409420	9857640	9857720
80	10184220	9410440	9858010	9858010
81	10184420	9410400	9857390	9857390
82	10184340	9410350	9858110	9858110
83	10183910	9409980	9857810	9857810
84	10183840	9409810	9857450	9857450
85	10184030	9409900	9856830	9856830
86	10182930	9409140	9856910	9856910
87	10183520	9409510	9856620	9856620
88	10183610	9409720	9857790	9857790
89	10183680	9409610	9856870	9856870
90	10183520	9409930	9858090	9858080
91	10182860	9409180	9857500	9857510
92	10183640	9409750	9856930	9856930
93	10184320	9410150	9857230	9857220
94	10184320	9410090	9856870	9856880
95	10183330	9409470	9857360	9857680
96	10183040	9409200	9857160	9857160
97	10183330	9409340	9856720	9856720
98	10183020	9409100	9856450	9856450
99	10183320	9409300	9856400	9856400
100	10182960	9409070	9856280	9856280
101	10183890	9409860	9857680	9857680
102	10182950	9409020	9856450	9856450
103	10182910	9408870	9855830	9855830
104	10183040	9409240	9857090	9857090
105	10182970	9409110	9857320	9857320
106	10183800	9409730	9857550	9857550
107	10183680	9409520	9857660	9857660
108	10184030	9409980	9857870	9857870
109	10183780	9409820	9858110	9858110
110	10183800	9409740	9857950	9857950
111	10183410	9409370	9857080	9857080
112	10183400	9409620	9857660	9857660
113	10183150	9409460	9857660	9857660
114	10182990	9409160	9857160	9857180
115	10183010	9409020	9856310	9856310
116	10183440	9409620	9857640	9857630
117	10183130	9409420	9857670	9857680
118	10184130	9410190	9857620	9857600
119	10183580	9409810	9858310	9858310
120	10184110	9410100	9858110	9858110
121	10184180	9410180	9858290	9858290
122	10183200	9409290	9856670	9856670
123	10183460	9409510	9856920	9856920
124	10183460	9409490	9856440	9856440
125	10184100	9410080	9857160	9857160
126	10183070	9409250	9856780	9856780
127	10182610	9408760	9857250	9857250
128	10182530	9408630	9856280	9856280
129	10182760	9408950	9857400	9857390
130	10182580	9408780	9857120	9857130
131	10183360	9409480	9857870	9858410
132	10184820	9410800	9858900	9858900
133	10184880	9410950	9859140	9859140
134	10184380	9410500	9858680	9858680
135	10184300	9410360	9858710	9858710
136	10184090	9410060	9857810	9857810
137	10183830	9409910	9858370	9858370
138	10183540	9409730	9858020	9858020
139	10184100	9410170	9857880	9857880
140	10185000	9410990	9859120	9859120
141	10184470	9410440	9858620	9858620
142	10183900	9410000	9858100	9858100
143	10183930	9409820	9857960	9857960
144	10184000	9409800	9857060	9857060
145	10184300	9410230	9858290	9858290
146	10183520	9409500	9856690	9856690
147	10183590	9409610	9857350	9857350
148	10183150	9409360	9857750	9857750
149	10183850	9409900	9857550	9857550
150	10183170	9409430	9857910	9857910
151	10183390	9409520	9857950	9857950
152	10183310	9409330	9856890	9856890
153	10183170	9409420	9857880	9857880
154	10183380	9409530	9857770	9857770
155	10182930	9408970	9856530	9856530
156	10183670	9409880	9857920	9857920
157	10182530	9408710	9856150	9856150
158	10182800	9409120	9856130	9856130
159	10182450	9408810	9856270	9856270
160	10182010	9408440	9856390	9856390
161	10182040	9408390	9855330	9855330
162	10182730	9409130	9856710	9856710
163	10182780	9408900	9856260	9856260
164	10183350	9409580	9857860	9857860
165	10183840	9409950	9858270	9858270
166	10183450	9409440	9856570	9856570
167	10183460	9409630	9857670	9857660
168	10182960	9408930	9855940	9855950
169	10182830	9408880	9855910	9855910
170	10182790	9408820	9855820	9855820
171	10183960	9409970	9857720	9857720
172	10183540	9409600	9856620	9856620
173	10183160	9409190	9857250	9857250
174	10183540	9409340	9856240	9856240
175	10183200	9409090	9856180	9856170
176	10182830	9408830	9856370	9856380
177	10182990	9408990	9857150	9857150
178	10182940	9408830	9856780	9856780
179	10182500	9408300	9856540	9856540
180	10181980	9407940	9855560	9855560
181	10181930	9407770	9855780	9855780
182	10182270	9408310	9856170	9856160
183	10182670	9408550	9855720	9855730
184	10182510	9408480	9855880	9855880
185	10182010	9407880	9855440	9855440
186	10182120	9408030	9855360	9855360
187	10181900	9407950	9855740	9855740
188	10181390	9407450	9855550	9855550
189	10181830	9407960	9856510	9856500
190	10181530	9407660	9855440	9855450
191	10182200	9408350	9856290	9856530
192	10182030	9408390	9856890	9856890
193	10181910	9408270	9856690	9856690
194	10181410	9407790	9855300	9855300
195	10181320	9407750	9856070	9856070
196	10181780	9408400	9856690	9856690
197	10181590	9407850	9855300	9855300
198	10181570	9407930	9855900	9855900
199	10182030	9408120	9855260	9855260
200	10182460	9408610	9856380	9856380
201	10182750	9408820	9856540	9856540
202	10182490	9408610	9856310	9856310
203	10182740	9408810	9856540	9856540
204	10181870	9408110	9856310	9856310
205	10181830	9407940	9856150	9856050
206	10181480	9407480	9854590	9854590
207	10181050	9407330	9855540	9855540
208	10181270	9407470	9855640	9855640
209	10182320	9408460	9856040	9856040
210	10181270	9407530	9855640	9860680
211	10180910	9407060	9854810	9854810
212	10181100	9407350	9855780	9855780
213	10181650	9407860	9855950	9855950
214	10182030	9408040	9855320	9855000
215	10181850	9408190	9856420	9856410
216	10182320	9408450	9855640	9855650
217	10182500	9408680	9856040	9856030
218	10182850	9409080	9856850	9856850
219	10182760	9408860	9856660	9856670
220	10182370	9408700	9855170	9855170
221	10182270	9408410	9855720	9855720
222	10180850	9407090	9854400	9854400
223	10181240	9407430	9855480	9855480
224	10181430	9407510	9854620	9854620
225	10180980	9407400	9856060	9856060
226	10181250	9407470	9860500	9855420
227	10181410	9407400	9855690	9855690
228	10181040	9407170	9854390	9854390
229	10180910	9407190	9855350	9855350
230	10181300	9407450	9855310	9855310
231	10181140	9407370	9855570	9855570
232	10181280	9407550	9855600	9855600
233	10181240	9407500	9855520	9855520
234	10181340	9407660	9855710	9855710
235	10181690	9407780	9855050	9855050
236	10181000	9407170	9854740	9854740
237	10180870	9407100	9855360	9855360
238	10181080	9407200	9853890	9853890
239	10180800	9407190	9855680	9855680
240	10180560	9406840	9854390	9854390
241	10181460	9407670	9855930	9855930
242	10181940	9408000	9855390	9855390
243	10181440	9407520	9855110	9855110
244	10180760	9407020	9854260	9854260
245	10181600	9407990	9856540	9856540
246	10180880	9407400	9855540	9855530
247	10181010	9407560	9855880	9855890
248	10180820	9407370	9854580	9854580
249	10180780	9407150	9855610	9855610
250	10180960	9407240	9855120	9855050
251	10180540	9406870	9854320	9854330
252	10180400	9406920	9855490	9855490
253	10180270	9406840	9855320	9855320
254	10180340	9407000	9855130	9855130
255	10180450	9406900	9854090	9854090
256	10180400	9406760	9854710	9854710
257	10181750	9407840	9856000	9856000
258	10180650	9406970	9855060	9855060
259	10181490	9407600	9855660	9855660
260	10181680	9407710	9854830	9854830
261	10181370	9407420	9856100	9856100
262	10181130	9407490	9855580	9855580
263	10180810	9407220	9855890	9855890
264	10181260	9407610	9855120	9855120
265	10180810	9407100	9854740	9854740
266	10180400	9406900	9855810	9855810
267	10181220	9407530	9855930	9855930
268	10180610	9406830	9854290	9854290
269	10180530	9406910	9855130	9855130
270	10181310	9407580	9854550	9854550
271	10181570	9407980	9856400	9856400
272	10180720	9407080	9854170	9854170
273	10180870	9407230	9855370	9855370
274	10180400	9406650	9854150	9854150
275	10180210	9406650	9855170	9855170
276	10180560	9406960	9854450	9854450
277	10180790	9407220	9855420	9855420
278	10180510	9406820	9853790	9853790
279	10181320	9407570	9855530	9855530
280	10181020	9407350	9855010	9855010
281	10181920	9408230	9856170	9856170
282	10181630	9407860	9855050	9855050
283	10181940	9408140	9856030	9856030
284	10181410	9407570	9855300	9855300
285	10181580	9407810	9855970	9855970
286	10181950	9407990	9855290	9855290
287	10182200	9408240	9856010	9856010
288	10181500	9407740	9860570	9855370
289	10181390	9407630	9855440	9855440
290	10181380	9407610	9854510	9854490
291	10181350	9407930	9855700	9855700
292	10181590	9407830	9854220	9854210
293	10182350	9408770	9856320	9856330
294	10181790	9408140	9855710	9855710
295	10182350	9408530	9855270	9855270
296	10182120	9408620	9856230	9856230
297	10181770	9408120	9854730	9854730
298	10181320	9407850	9855430	9855430
299	10181670	9407940	9854460	9854460
300	10182390	9408930	9855930	9855930
301	10183010	9409100	9855590	9855610
302	10183140	9409330	9856830	9856830
303	10182120	9408420	9855870	9855870
304	10181960	9408570	9855730	9855730
305	10182400	9408700	9854920	9854920
306	10182360	9409210	9856720	9856720
307	10182130	9408430	9855210	9855210
308	10182240	9408360	9854510	9854510
309	10183370	9409540	9857440	9857440
310	10183060	9408990	9855880	9855880
311	10183140	9409260	9855990	9855990
312	10182790	9408790	9855240	9855240
313	10182540	9408920	9856200	9856200
314	10182010	9408650	9854690	9854690
315	10181950	9408430	9855960	9855960
316	10182180	9408350	9854640	9854640
317	10182020	9408660	9857000	9856990
318	10182610	9409050	9855630	9855640
319	10183380	9409480	9856450	9856440
320	10182780	9408870	9855860	9855870
321	10183020	9409120	9857230	9857230
322	10183470	9409330	9856610	9856610
323	10183090	9409210	9857770	9857770
324	10182710	9408750	9856150	9856090
325	10182860	9408940	9856350	9856350
326	10182270	9408540	9856650	9856650
327	10182210	9408360	9855820	9855810
328	10182640	9408950	9856820	9856830
329	10182420	9408710	9856670	9856670
330	10182550	9408480	9855280	9855280
331	10182340	9408530	9856280	9856280
332	10182230	9408550	9856210	9856210
333	10183470	9409480	9856400	9856400
334	10182980	9409380	9855680	9855670
335	10182500	9408590	9855150	9855160
336	10182840	9409190	9856030	9856030
337	10182910	9409130	9857140	9857140
338	10183170	9409630	9856890	9856890
339	10183630	9409880	9857300	9857300
340	10182730	9409110	9856440	9856440
341	10182130	9408500	9860460	9855260
342	10181680	9408140	9856060	9856060
343	10182090	9408320	9855890	9855890
344	10182590	9408650	9855530	9855530
345	10181480	9407730	9855770	9855770
346	10181610	9407910	9856080	9856080
347	10180720	9407140	9855510	9855510
348	10181330	9407540	9855560	9855560
349	10182170	9408280	9856220	9856220
350	10181830	9407940	9855180	9855180
351	10181970	9408090	9855470	9855470
352	10182590	9408530	9855810	9855810
353	10182030	9408300	9856660	9856660
354	10182750	9408760	9856000	9856000
355	10183810	9409810	9857430	9857430
356	10183470	9409370	9856160	9856160
357	10183170	9409150	9856030	9856030
358	10182320	9408670	9856080	9856080
359	10182890	9409060	9856620	9856620
360	10182620	9408890	9856510	9856510
361	10182760	9408830	9860410	9855290
362	10182680	9408990	9856580	9856570
363	10182920	9409090	9856990	9857000
364	10182960	9409120	9856160	9856160
365	10182680	9408910	9856160	9856160
366	10183060	9409280	9855870	9855860
367	10182700	9409150	9857160	9857170
368	10182250	9408670	9855840	9855830
369	10182230	9408550	9856550	9856560
370	10182700	9409080	9857070	9857070
371	10183100	9409290	9857540	9857530
372	10183130	9409380	9857100	9857110
373	10183060	9409200	9857150	9857150
374	10183010	9409110	9856700	9856700
375	10183290	9409360	9856230	9856220
376	10183050	9409420	9856490	9856500
377	10182380	9408900	9859050	9855860
378	10181460	9407990	9854930	9854930
379	10181550	9408160	9856400	9856400
380	10180740	9407320	9854560	9854560
381	10180950	9407590	9855920	9855910
382	10180680	9407390	9854820	9854830
383	10180840	9407700	9856310	9856310
384	10180450	9407460	9855520	9855520
385	10181190	9407870	9855920	9855910
386	10181810	9408580	9855670	9855750
387	10182430	9408920	9856020	9856020
388	10181330	9407990	9855760	9855760
389	10181760	9408390	9856460	9856460
390	10181590	9408150	9855400	9855400
391	10181480	9407950	9855730	9855730
392	10181720	9408060	9855540	9855530
393	10181120	9407770	9855740	9855740
394	10180880	9407660	9854750	9854760
395	10181170	9408040	9856040	9856030
396	10181640	9408240	9856040	9856050
397	10181560	9408190	9856440	9856440
398	10181090	9407620	9859000	9854520
399	10181040	9407510	9854830	9854830
400	10181190	9408130	9856120	9856120
401	10181000	9408030	9855780	9855780
402	10181040	9407870	9855840	9855840
403	10181360	9408250	9851480	9856600
404	10181060	9408170	9856320	9856320
405	10181200	9408000	9856320	9856320
406	10181430	9408140	9856220	9856220
407	10180930	9407850	9854970	9854970
408	10181220	9407920	9855990	9855990
409	10181370	9408000	9855500	9855500
410	10181630	9408560	9856410	9856410
411	10181690	9408030	9854800	9854800
412	10182610	9409760	9857280	9857280
413	10182870	9409820	9857660	9857660
414	10183060	9409770	9857890	9857890
415	10182550	9409290	9857530	9857530
416	10181870	9408710	9855340	9855340
417	10182360	9408900	9856540	9856540
418	10182210	9409030	9856540	9856450
419	10181850	9408690	9856480	9856490
420	10182490	9409360	9855970	9855970
421	10183380	9410020	9857070	9857070
422	10182330	9408990	9856720	9856720
423	10184020	9410470	9857450	9857450
424	10184390	9411020	9857310	9857300
425	10184780	9411340	9859090	9859100
426	10184580	9411400	9859270	9859270
427	10184410	9410960	9858670	9858670
428	10184340	9410890	9858450	9858450
429	10185080	9411430	9858160	9858160
430	10183740	9410480	9857750	9857680
431	10184060	9410340	9857170	9857170
432	10183330	9409880	9856820	9856820
433	10183430	9409830	9857840	9857840
434	10183120	9409870	9857430	9857430
435	10183860	9410030	9857120	9857120
436	10184100	9410480	9857790	9857790
437	10184140	9410200	9856790	9856790
438	10183790	9410320	9857430	9857670
439	10183710	9410140	9856580	9856580
440	10183570	9410340	9857660	9857660
441	10183830	9410310	9857920	9857920
442	10183850	9410080	9856580	9856580
443	10184020	9410390	9857860	9857860
444	10183000	9409670	9856900	9856900
445	10182570	9409260	9856070	9856070
446	10183270	9409740	9857480	9857480
447	10183520	9409830	9856420	9856420
448	10183450	9409790	9856090	9856090
449	10183220	9409940	9857070	9857050
450	10183980	9410300	9857460	9857460
451	10183280	9409250	9855550	9855550
452	10182670	9408890	9856120	9856110
453	10182930	9409120	9856550	9856550
454	10183330	9409570	9856550	9856880
455	10182690	9408890	9856430	9856430
456	10182410	9408530	9855180	9854860
457	10182620	9408830	9855850	9855850
458	10182550	9408900	9856490	9856490
459	10182260	9408350	9855090	9855090
460	10181960	9408360	9856150	9856150
461	10182620	9408750	9855820	9855820
462	10182340	9408580	9856690	9856690
463	10182210	9408260	9855630	9855630
464	10182320	9408420	9855210	9855210
465	10181500	9407740	9854700	9854700
466	10182370	9408720	9856220	9856220
467	10182620	9408830	9855540	9855540
468	10182970	9409040	9856510	9856510
469	10182810	9408870	9855590	9855590
470	10182450	9408800	9856390	9856390
471	10182390	9408560	9854900	9854900
472	10182600	9408930	9857040	9857040
473	10183340	9409540	9857250	9857250
474	10182890	9409040	9855910	9855910
475	10183330	9409570	9856750	9856750
476	10182140	9408390	9855620	9855620
477	10182770	9408930	9855650	9855650
478	10182910	9409280	9855990	9855990
479	10184110	9410230	9857430	9857430
480	10182830	9409110	9855710	9855710
481	10182040	9408300	9855320	9855320
482	10182390	9409010	9857110	9857110
483	10182840	9409430	9857660	9857650
484	10183250	9409910	9857870	9857880
485	10183710	9410030	9857490	9857490
486	10182940	9409490	9855850	9855850
487	10182700	9409310	9857030	9857030
488	10182650	9409150	9856890	9856890
489	10183000	9409480	9857220	9857220
490	10182960	9409260	9855640	9855640
491	10183080	9409470	9856370	9856370
492	10182960	9409380	9856790	9856780
493	10183420	9409540	9857190	9857200
494	10183580	9409600	9856470	9856470
495	10182710	9408980	9856080	9856080
496	10182300	9408940	9857010	9857010
497	10182630	9408890	9856610	9856610
498	10182420	9408810	9856770	9856770
499	10182470	9408890	9856890	9856890

============================================================
# BITSTREAM: 10ms_3etapas.bit
# VENTANA: 10ms
# ETAPAS_PRINCIPAL: 3
# NUM_MUESTRAS: 500
# FORMATO: idx	freq1_hz	freq2_hz	freq3_hz	freq4_hz
============================================================
idx	freq1_hz	freq2_hz	freq3_hz	freq4_hz
0	34789800	34789800	35493000	35493000
1	34791100	34791100	35493800	35493900
2	34788500	34788500	35494000	35493900
3	34785400	34785400	35491500	35491500
4	34790800	34790800	35494800	35494800
5	34789400	34789400	35494700	35494700
6	34789700	34789700	35493700	35493700
7	34789400	34789400	35491700	35491700
8	34789700	34789700	35492300	35492700
9	34792800	34792800	35494000	35494000
10	34791000	34791000	35493100	35493100
11	34790900	34790900	35492900	35492800
12	34792300	34792300	35496800	35496900
13	34793300	34793400	35494500	35494500
14	34789800	34789800	35494500	35494500
15	34788300	34788200	35494100	35494100
16	34788000	34788000	35492900	35492900
17	34792200	34792200	35495500	35495500
18	34790100	34790100	35493400	35493400
19	34792700	34792700	35496200	35496200
20	34791800	34791800	35494700	35494800
21	34792300	34792400	35493700	35493600
22	34793800	34793700	35495200	35495200
23	34791500	34791600	35494600	35494600
24	34789700	34789600	35492800	35492800
25	34794000	34794000	35494700	35494800
26	34793100	34793100	35496500	35496400
27	34791000	34791000	35494300	35494300
28	34791600	34791600	35494800	35494800
29	34789600	34789600	35491400	35491400
30	34791900	34791900	35493600	35493600
31	34793200	34793200	35495500	35495500
32	34788200	34788300	35491300	35491300
33	34790000	34789900	35494700	35494700
34	34788700	34788800	35494100	35494100
35	34791400	34791300	35493900	35494000
36	34792200	34792200	35493700	35493600
37	34789200	34789200	35492200	35492200
38	34788400	34788500	35490700	35490700
39	34790100	34790100	35492000	35492000
40	34790500	34790400	35491000	35491000
41	34790800	34790800	35492100	35492100
42	34791700	34791700	35490800	35490800
43	34787500	34787600	35488500	35488500
44	34791100	34791000	35493200	35493200
45	34792500	34792500	35493500	35493500
46	34792100	34792200	35492000	35492000
47	34792500	34792400	35492400	35492400
48	34793600	34793600	35493500	35493500
49	34793600	34793600	35495400	35495400
50	34792600	34792600	35494200	35494200
51	34792000	34792000	35494400	35494400
52	34793100	34793100	35494000	35494000
53	34792800	34792900	35494700	35494700
54	34792500	34792400	35493800	35493800
55	34793800	34793800	35494800	35494800
56	34795200	34795200	35496200	35496200
57	34791100	34791100	35494600	35494600
58	34792100	34792100	35494700	35494700
59	34793400	34793400	35494000	35494000
60	34795600	34795600	35496600	35496700
61	34797700	34797700	35499000	35498900
62	34795700	34795700	35497800	35497800
63	34794300	34794400	35494200	35494200
64	34795300	34795200	35494100	35494200
65	34796000	34796000	35495100	35495000
66	34794100	34794100	35494900	35494900
67	34792700	34792700	35493300	35493300
68	34789900	34789900	35492800	35492800
69	34789100	34789100	35489300	35489300
70	34791200	34791200	35493700	35493700
71	34789500	34789500	35491600	35491600
72	34787300	34787300	35490000	35490100
73	34788200	34788200	35490500	35490400
74	34789400	34789400	35492100	35492100
75	34789900	34789900	35493300	35493300
76	34787000	34787000	35491100	35491100
77	34789700	34789700	35492100	35492100
78	34790000	34790000	35493100	35493100
79	34789400	34789400	35492700	35492700
80	34784900	34784900	35489300	35489300
81	34783300	34783300	35490600	35490600
82	34782600	34782600	35488700	35488800
83	34783100	34783100	35487700	35487600
84	34781500	34781500	35488100	35488100
85	34781100	34781100	35486800	35486800
86	34782700	34782700	35488900	35489000
87	34784200	34784200	35489800	35489700
88	34782900	34783000	35487000	35487000
89	34783700	34783600	35487600	35487700
90	34789000	34789000	35489700	35489600
91	34789100	34789100	35487900	35487900
92	34788800	34788900	35488800	35488800
93	34791000	34791000	35491800	35491800
94	34787100	34787100	35489200	35489200
95	34787500	34787400	35489700	35489700
96	34788100	34788100	35489200	35489200
97	34790300	34790300	35492500	35492500
98	34787900	34787900	35488700	35488700
99	34790500	34790500	35491700	35491700
100	34787300	34787300	35488900	35488900
101	34787300	34787300	35489300	35489300
102	34789100	34789100	35489400	35489400
103	34786800	34786800	35487900	35487900
104	34790000	34790000	35489400	35489400
105	34791800	34791800	35491000	35491000
106	34790000	34790000	35490000	35490000
107	34789100	34789100	35490000	35490000
108	34786000	34786000	35488200	35488200
109	34786000	34786000	35489000	35489000
110	34787400	34787400	35488700	35488700
111	34785900	34785900	35489800	35489800
112	34785100	34785100	35488100	35488100
113	34785700	34785700	35489300	35489300
114	34786700	34786700	35489200	35489200
115	34789500	34789500	35492200	35492200
116	34789500	34789500	35492400	35492400
117	34792800	34792800	35493500	35493600
118	34791300	34791300	35492400	35492300
119	34793300	34793300	35494700	35494700
120	34791200	34791300	35492800	35492800
121	34791500	34791500	35492900	35492900
122	34794500	34794400	35494400	35494400
123	34797000	34797000	35497500	35497500
124	34793600	34793600	35496000	35496000
125	34792200	34792200	35495300	35495300
126	34792200	34792200	35495300	35495300
127	34789500	34789500	35494200	35494200
128	34786700	34786700	35490400	35490400
129	34788100	34788100	35492300	35492300
130	34789800	34789800	35492800	35492800
131	34787800	34787800	35493200	35493200
132	34787400	34787400	35491200	35491200
133	34787900	34787900	35492600	35492600
134	34789600	34789600	35494300	35494300
135	34792600	34792600	35494900	35494900
136	34789700	34789700	35494100	35494100
137	34787300	34787300	35491500	35491500
138	34789800	34789800	35492200	35492200
139	34792400	34792500	35494500	35494500
140	34794600	34794500	35494000	35494000
141	34792800	34792800	35495400	35495400
142	34791900	34791900	35495500	35495500
143	34794600	34794700	35495000	35495000
144	34790400	34790300	35491600	35491600
145	34789100	34789100	35493000	35493000
146	34789900	34789900	35492000	35492000
147	34787500	34787500	35489900	35489900
148	34788600	34788600	35491600	35491600
149	34788200	34788200	35494100	35494100
150	34787400	34787400	35492000	35492000
151	34789200	34789200	35492000	35492000
152	34787900	34787900	35491400	35491400
153	34789900	34789900	35492500	35492500
154	34789100	34789100	35493700	35493700
155	34787200	34787200	35492700	35492700
156	34789400	34789500	35492300	35492300
157	34789500	34789400	35493300	35493300
158	34787600	34787600	35493300	35493400
159	34790200	34790300	35494400	35494300
160	34791000	34790900	35496100	35496100
161	34788500	34788500	35495200	35495200
162	34787200	34787200	35492500	35492500
163	34789100	34789100	35493400	35493400
164	34786300	34786300	35493000	35493100
165	34785500	34785500	35493700	35493600
166	34784300	34784300	35493300	35493300
167	34781700	34781700	35491100	35491100
168	34782500	34782500	35491700	35491700
169	34784200	34784200	35493300	35493400
170	34783700	34783700	35493500	35493400
171	34781500	34781500	35491600	35491600
172	34780900	34780900	35492200	35492200
173	34782700	34782700	35491300	35491300
174	34782000	34782000	35490400	35490400
175	34781800	34781800	35490000	35490000
176	34782400	34782400	35490100	35490100
177	34782700	34782700	35490300	35490300
178	34782800	34782800	35493200	35493200
179	34785900	34785900	35493600	35493600
180	34786100	34786100	35493000	35493000
181	34787000	34787000	35493800	35493900
182	34786400	34786400	35492100	35492000
183	34786500	34786500	35492000	35492000
184	34783400	34783400	35489600	35491200
185	34783900	34783900	35488600	35488600
186	34782100	34782100	35485500	35485500
187	34780300	34780300	35487200	35487300
188	34781800	34781800	35487500	35487400
189	34781800	34781800	35486000	35486000
190	34779900	34779900	35484200	35484200
191	34781900	34781900	35484300	35484300
192	34785000	34785000	35485100	35485100
193	34786400	34786400	35488200	35488200
194	34787000	34787000	35490900	35490900
195	34785800	34785800	35490300	35490400
196	34784600	34784600	35490500	35490400
197	34785600	34785600	35491200	35491200
198	34785500	34785500	35490100	35490100
199	34786700	34786700	35492700	35492700
200	34786900	34787000	35490800	35490800
201	34788500	34788400	35491800	35491800
202	34784400	34784400	35489600	35489600
203	34785200	34785200	35489800	35489800
204	34783800	34783800	35488000	35488000
205	34785800	34785800	35490800	35490900
206	34787800	34787800	35490000	35490000
207	34788100	34788100	35488100	35488000
208	34784900	34784900	35486900	35486900
209	34787700	34787700	35488200	35491400
210	34789900	34789900	35491400	35491400
211	34791400	34791400	35492900	35492900
212	34790100	34790100	35492600	35492600
213	34791100	34791100	35492300	35492400
214	34790800	34790800	35491300	35491300
215	34790600	34790600	35489900	35489800
216	34788600	34788600	35487800	35487800
217	34787600	34787600	35485000	35485000
218	34789100	34789100	35486100	35486100
219	34790900	34790900	35489400	35489400
220	34790600	34790600	35490000	35490000
221	34790300	34790300	35490200	35490200
222	34788000	34788000	35490000	35490000
223	34789500	34789500	35488100	35488200
224	34787700	34787700	35488600	35488500
225	34788500	34788600	35487900	35487800
226	34785900	34785800	35486800	35486900
227	34789200	34789200	35491600	35491600
228	34790900	34790900	35492000	35492000
229	34790900	34790900	35493400	35493400
230	34789300	34789300	35492200	35492200
231	34791300	34791300	35494000	35494100
232	34788200	34788200	35491500	35491400
233	34787500	34787500	35490900	35490900
234	34788100	34788100	35489800	35489800
235	34788200	34788200	35492600	35492600
236	34790000	34790000	35493400	35493400
237	34791100	34791100	35494200	35494200
238	34789800	34789800	35493600	35493600
239	34790900	34790900	35493800	35493900
240	34792500	34792500	35493800	35493700
241	34793000	34793000	35494900	35494900
242	34792400	34792400	35493700	35493700
243	34791500	34791500	35491100	35491100
244	34789300	34789300	35489800	35489800
245	34792700	34792700	35493300	35493300
246	34791400	34791400	35492200	35492200
247	34794900	34794900	35493600	35493600
248	34794300	34794400	35492900	35492900
249	34792800	34792700	35493200	35493200
250	34791000	34791100	35491600	35491600
251	34789000	34788900	35490900	35490900
252	34789000	34789000	35492300	35492300
253	34789700	34789700	35492200	35492200
254	34789400	34789400	35491300	35491300
255	34789400	34789400	35494200	35494200
256	34787700	34787700	35490600	35490600
257	34789400	34789400	35490500	35490500
258	34786000	34786000	35491000	35491100
259	34786700	34786700	35490900	35490800
260	34788400	34788400	35491400	35491400
261	34791600	34791600	35493500	35493500
262	34790600	34790600	35493500	35493600
263	34789800	34789800	35493800	35493700
264	34789800	34789800	35493900	35493900
265	34790200	34790200	35495600	35495600
266	34788600	34788700	35492200	35492200
267	34789300	34789200	35493200	35493300
268	34787800	34787800	35490500	35490400
269	34788900	34788900	35492500	35492500
270	34787800	34787800	35492200	35492300
271	34788600	34788600	35492400	35492300
272	34788800	34788800	35493500	35493500
273	34788700	34788800	35492700	35492700
274	34789600	34789500	35490300	35490300
275	34789600	34789600	35490500	35490500
276	34790000	34790100	35493200	35493200
277	34788900	34788800	35492700	35492800
278	34786100	34786100	35488400	35488300
279	34784800	34784800	35488200	35488200
280	34784000	34784000	35488400	35488400
281	34784900	34784900	35490900	35490900
282	34787000	34787100	35492300	35492300
283	34785700	34785600	35490400	35490400
284	34784600	34784600	35490900	35490900
285	34786400	34786400	35490600	35490600
286	34784400	34784400	35489600	35489600
287	34786200	34786200	35488500	35488500
288	34785800	34785800	35489400	35489400
289	34786800	34786800	35488400	35488400
290	34787500	34787500	35486300	35486300
291	34787500	34787500	35484200	35484300
292	34785600	34785700	35485300	35485200
293	34787200	34787100	35488000	35488000
294	34789000	34789000	35490200	35490200
295	34789300	34789300	35491900	35491900
296	34789900	34790000	35489700	35489700
297	34788100	34788000	35489000	35489000
298	34789800	34789800	35489200	35489200
299	34786900	34787000	35488700	35488700
300	34786800	34786700	35489100	35489100
301	34789500	34789500	35490700	35490600
302	34791900	34791900	35491500	35491600
303	34789500	34789500	35490700	35490700
304	34788800	34788800	35491900	35491900
305	34791000	34791000	35493900	35494300
306	34790900	34791000	35493000	35493000
307	34789800	34789700	35491300	35491300
308	34792700	34792700	35493400	35493400
309	34791500	34791500	35494000	35494000
310	34791500	34791500	35493000	35493000
311	34789200	34789200	35490900	35490900
312	34791700	34791700	35493500	35493500
313	34789200	34789200	35493900	35493900
314	34788300	34788300	35491600	35491600
315	34787400	34787400	35490900	35490900
316	34785500	34785500	35492400	35492400
317	34786600	34786700	35491100	35491100
318	34785400	34785300	35490700	35490700
319	34787900	34788000	35492700	35492700
320	34788800	34788700	35491800	35491800
321	34786300	34786300	35491300	35491300
322	34787200	34787200	35491900	35491900
323	34787400	34787400	35489600	35489600
324	34788900	34788900	35492300	35492300
325	34789000	34789100	35492900	35492900
326	34792000	34791900	35494200	35494300
327	34792500	34792500	35494200	35494100
328	34789400	34789500	35495700	35495700
329	34789300	34789200	35492300	35492300
330	34788900	34788900	35491900	35491900
331	34790000	34790000	35494200	35494200
332	34789400	34789400	35493500	35493500
333	34786500	34786500	35490800	35490800
334	34785300	34785300	35489000	35489000
335	34788900	34788900	35490000	35490100
336	34784700	34784700	35489500	35489400
337	34788100	34788100	35490500	35490500
338	34788900	34789000	35488900	35488900
339	34787300	34787200	35489100	35489100
340	34787800	34787800	35489700	35489700
341	34788800	34788900	35492300	35492300
342	34790500	34790400	35493500	35493500
343	34788600	34788600	35492300	35492300
344	34788500	34788500	35490700	35490700
345	34790400	34790400	35492000	35492000
346	34791000	34791000	35494600	35494600
347	34790700	34790800	35492400	35492400
348	34790900	34790800	35495300	35495300
349	34792800	34792800	35494200	35494200
350	34794300	34794300	35496500	35496500
351	34795300	34795400	35498500	35498500
352	34793700	34793600	35494500	35494500
353	34793700	34793700	35496800	35496800
354	34791300	34791300	35495800	35495800
355	34788100	34788100	35493700	35493700
356	34791000	34791000	35493400	35493500
357	34791800	34791800	35495200	35495100
358	34793900	34793900	35495500	35495500
359	34794700	34794800	35496600	35496600
360	34795900	34795800	35496400	35496400
361	34792400	34792400	35494600	35494600
362	34789900	34789900	35495400	35495400
363	34789300	34789300	35492200	35492200
364	34789200	34789200	35490500	35490500
365	34791600	34791600	35493800	35493800
366	34797600	34797700	35495800	35495800
367	34800300	34800200	35496100	35496100
368	34795400	34795400	35495200	35495200
369	34794500	34794500	35496500	35496500
370	34792800	34792800	35495800	35495800
371	34792700	34792700	35492000	35492000
372	34793900	34793900	35493900	35493900
373	34790900	34790900	35493600	35493600
374	34788800	34788800	35492400	35492400
375	34792700	34792700	35494300	35494400
376	34787000	34787000	35490100	35490000
377	34786800	34786900	35490000	35490000
378	34786900	34786800	35490600	35490700
379	34785600	34785700	35488100	35488000
380	34785200	34785100	35489300	35489300
381	34784300	34784300	35487100	35487100
382	34787500	34787500	35490800	35490700
383	34789700	34789700	35494000	35494100
384	34790800	34790900	35492100	35492100
385	34789200	34789100	35493300	35493300
386	34789200	34789200	35492600	35492600
387	34789700	34789800	35492000	35492000
388	34786700	34786600	35489000	35489000
389	34787100	34787100	35490000	35490100
390	34785500	34785500	35488800	35488700
391	34786200	34786200	35489600	35489600
392	34785800	34785800	35487900	35487900
393	34787500	34787500	35487100	35487100
394	34788700	34788700	35490400	35490400
395	34788100	34788100	35488000	35488000
396	34788800	34788900	35489500	35489500
397	34792400	34792300	35493300	35493300
398	34791100	34791100	35491500	35491500
399	34790800	34790800	35492500	35492500
400	34789400	34789400	35492500	35492500
401	34790100	34790200	35493400	35493400
402	34789500	34789400	35489900	35490000
403	34788900	34788900	35489300	35489200
404	34788200	34788200	35489300	35489300
405	34790700	34790800	35494600	35494600
406	34789500	34789500	35492600	35492600
407	34788300	34788200	35490700	35490700
408	34787900	34787900	35491700	35491700
409	34787700	34787700	35491600	35491600
410	34790500	34790500	35491900	35492000
411	34790600	34790600	35491900	35491800
412	34789900	34789900	35493100	35493100
413	34789900	34789900	35489700	35489700
414	34789600	34789600	35490300	35490300
415	34788100	34788100	35490700	35490800
416	34793100	34793100	35493000	35489700
417	34792500	34792500	35493000	35493000
418	34790500	34790500	35492400	35492400
419	34790800	34790800	35490900	35490900
420	34787300	34787300	35489200	35489200
421	34787200	34787200	35487700	35487700
422	34790200	34790200	35490800	35494000
423	34788400	34788400	35488500	35488500
424	34787500	34787500	35489200	35489200
425	34790900	34790900	35492300	35492300
426	34788600	34788600	35491600	35491600
427	34792000	34792000	35493700	35493800
428	34791700	34791700	35493900	35493800
429	34791000	34791100	35494300	35494300
430	34792200	34792100	35493200	35493200
431	34792600	34792600	35494800	35494800
432	34791000	34791000	35492800	35492800
433	34791400	34791400	35494900	35494900
434	34793300	34793300	35496500	35496500
435	34792700	34792700	35495000	35495000
436	34791800	34791800	35496800	35496700
437	34793100	34793100	35496600	35496700
438	34791500	34791500	35494500	35494500
439	34792000	34792000	35494700	35494700
440	34790600	34790600	35491900	35491900
441	34794500	34794500	35494300	35494300
442	34790700	34790700	35491500	35491500
443	34786700	34786700	35488000	35488000
444	34788200	34788200	35489200	35489200
445	34789200	34789200	35490700	35490700
446	34789100	34789200	35491200	35491200
447	34786300	34786300	35488500	35488500
448	34787200	34787100	35489400	35489400
449	34789700	34789700	35490800	35490800
450	34789200	34789200	35489600	35489600
451	34788000	34788000	35488300	35488300
452	34785800	34785900	35487900	35487900
453	34783900	34783800	35485800	35485800
454	34786800	34786800	35486100	35486100
455	34788800	34788800	35489900	35489900
456	34788300	34788300	35490500	35490500
457	34790000	34790000	35490600	35490600
458	34791800	34791800	35490500	35490500
459	34791100	34791100	35491100	35491100
460	34790400	34790400	35491800	35491800
461	34790500	34790500	35491600	35491600
462	34791700	34791700	35494800	35494800
463	34793000	34793000	35495300	35495300
464	34790500	34790500	35495100	35495100
465	34787200	34787300	35490400	35490400
466	34787800	34787700	35491400	35491400
467	34786900	34787000	35488900	35488900
468	34786000	34785900	35487500	35487500
469	34785300	34785300	35487900	35487900
470	34782200	34782200	35486100	35486100
471	34781200	34781200	35486400	35486400
472	34786300	34786300	35489700	35489700
473	34788700	34788700	35491000	35491000
474	34787100	34787100	35489400	35489400
475	34789400	34789400	35491500	35491500
476	34789100	34789100	35490500	35490500
477	34789500	34789500	35491800	35491800
478	34785600	34785600	35488900	35488900
479	34784900	34784900	35487200	35487200
480	34785800	34785800	35489200	35489200
481	34785500	34785500	35488800	35488800
482	34786700	34786700	35488800	35488900
483	34788200	34788300	35488500	35488400
484	34783700	34783600	35485900	35489500
485	34784900	34784900	35485200	35485200
486	34786400	34786400	35487600	35487600
487	34785700	34785700	35485100	35485100
488	34786500	34786500	35486700	35486700
489	34787900	34787900	35487800	35487800
490	34787400	34787500	35486700	35486700
491	34788500	34788400	35486100	35486100
492	34783700	34783700	35485700	35485700
493	34785600	34785600	35486400	35486400
494	34785700	34785700	35487800	35487800
495	34782900	34783000	35486000	35486000
496	34784400	34784300	35484900	35484900
497	34787200	34787200	35486400	35486400
498	34783300	34783300	35482000	35482000
499	34783800	34783800	35482400	35482400

============================================================
# BITSTREAM: 10ms_5etapas.bit
# VENTANA: 10ms
# ETAPAS_PRINCIPAL: 5
# NUM_MUESTRAS: 500
# FORMATO: idx	freq1_hz	freq2_hz	freq3_hz	freq4_hz
============================================================
idx	freq1_hz	freq2_hz	freq3_hz	freq4_hz
0	34218500	34218500	33418400	33418400
1	34223100	34223100	33421500	33421500
2	34220400	34220400	33419600	33419600
3	34219000	34219000	33418200	33418200
4	34220100	34220100	33419800	33419800
5	34217600	34217600	33419700	33418000
6	34216600	34216600	33418000	33418100
7	34215100	34215100	33417400	33417400
8	34214500	34214500	33416100	33416100
9	34215500	34215600	33416100	33416100
10	34214200	34214100	33416700	33416700
11	34215300	34215300	33416700	33416700
12	34219900	34219900	33419100	33419100
13	34223200	34223200	33421700	33421700
14	34219400	34219400	33419400	33419400
15	34221000	34221000	33421200	33421200
16	34220400	34220300	33421800	33421800
17	34217700	34217800	33418800	33418800
18	34215700	34215800	33417400	33417400
19	34214500	34214400	33417000	33417000
20	34220100	34220100	33420600	33420600
21	34219700	34219700	33419500	33419500
22	34216000	34216000	33417300	33417300
23	34213300	34213300	33415300	33415300
24	34214900	34214900	33416000	33416000
25	34215400	34215300	33416000	33416000
26	34216300	34216300	33416800	33416700
27	34217200	34217500	33416600	33416700
28	34215700	34215800	33416100	33416100
29	34217200	34217100	33417700	33417700
30	34220300	34220300	33419300	33419300
31	34218000	34218000	33416500	33416500
32	34214100	34214100	33414400	33414300
33	34217500	34217500	33418200	33418300
34	34217300	34217300	33417600	33417600
35	34214000	34214000	33414300	33414300
36	34216000	34216000	33416600	33416600
37	34218400	34218500	33419500	33419500
38	34217200	34217100	33418000	33418000
39	34212700	34212700	33414800	33414800
40	34213800	34213800	33414800	33414800
41	34213300	34213300	33416000	33416000
42	34213900	34213900	33416800	33416800
43	34213900	34213900	33416700	33416700
44	34213100	34213100	33416400	33416400
45	34214600	34214600	33416300	33416300
46	34215800	34215800	33416900	33416900
47	34212600	34212600	33415600	33415600
48	34214100	34214100	33415900	33415900
49	34212600	34212600	33415100	33415100
50	34215500	34215500	33417200	33417200
51	34216700	34216700	33418300	33418300
52	34215300	34215300	33417800	33417800
53	34216400	34216400	33417000	33417000
54	34216400	34216400	33416200	33416200
55	34217400	34217400	33417600	33417600
56	34217500	34217500	33418100	33418100
57	34216700	34216700	33419000	33417400
58	34214200	34214200	33415900	33415900
59	34215600	34215600	33417000	33417000
60	34215000	34215000	33415900	33415900
61	34215700	34215700	33415700	33415700
62	34211600	34211600	33413100	33413100
63	34218300	34218300	33418300	33418300
64	34216800	34216800	33416500	33416400
65	34217300	34217300	33417500	33417600
66	34218600	34218600	33419000	33419000
67	34217600	34217600	33416900	33416900
68	34218900	34218900	33419400	33419400
69	34216300	34216300	33417700	33417700
70	34218900	34218900	33419200	33419200
71	34218300	34218300	33418000	33418000
72	34218500	34218500	33418600	33418600
73	34219900	34219900	33420100	33420100
74	34221400	34221400	33419200	33419200
75	34220700	34220700	33419400	33419400
76	34220800	34217900	33421100	33421100
77	34220900	34220900	33421900	33421900
78	34219900	34219900	33420700	33420700
79	34222200	34222200	33420900	33420900
80	34218900	34218900	33418800	33418800
81	34216100	34216100	33417900	33417900
82	34218700	34218700	33420200	33420200
83	34219400	34219400	33419300	33419200
84	34219300	34219300	33419900	33420000
85	34219400	34219400	33419200	33419200
86	34216900	34216900	33417000	33417000
87	34216300	34216300	33416800	33416800
88	34214900	34214800	33415500	33415500
89	34213300	34213400	33414800	33414800
90	34213900	34213900	33414800	33414800
91	34217100	34217100	33416700	33416700
92	34215900	34215900	33417000	33417000
93	34216700	34216700	33417400	33417400
94	34213600	34213600	33415300	33415300
95	34213300	34213300	33415100	33415100
96	34216700	34216700	33417600	33417600
97	34216200	34216200	33418200	33418200
98	34215500	34215500	33415900	33415900
99	34219300	34219300	33419500	33419500
100	34217700	34217700	33419500	33417900
101	34211100	34211100	33415200	33415200
102	34214200	34211100	33417400	33417400
103	34212400	34212400	33415000	33415000
104	34211400	34211400	33415200	33415200
105	34214500	34214500	33415800	33415800
106	34217800	34217800	33418400	33418400
107	34218500	34218500	33418300	33418300
108	34214100	34214100	33415000	33414900
109	34214800	34214900	33415300	33415400
110	34217900	34217800	33417200	33417200
111	34216600	34216600	33417500	33417500
112	34217700	34217700	33418600	33418600
113	34217700	34217700	33419800	33419800
114	34219500	34219500	33420400	33420400
115	34217200	34217200	33419000	33419000
116	34215900	34215900	33418100	33418100
117	34220300	34220300	33421400	33421300
118	34223000	34223000	33422100	33422200
119	34222100	34222100	33421200	33421200
120	34221300	34221300	33421600	33421600
121	34219300	34219300	33419500	33419400
122	34217900	34217900	33418500	33418600
123	34217800	34217800	33418100	33418100
124	34215600	34215600	33416800	33416800
125	34216200	34216200	33417100	33417100
126	34214300	34214300	33416100	33416100
127	34212100	34212100	33415400	33415400
128	34212800	34212800	33415500	33415500
129	34214300	34214300	33416600	33416600
130	34216100	34216100	33416100	33416100
131	34217000	34217000	33416900	33416900
132	34216800	34216800	33418600	33418600
133	34214300	34214300	33418600	33417400
134	34211700	34211700	33415700	33415700
135	34205500	34215100	33417500	33417500
136	34218200	34218200	33419300	33419300
137	34218500	34218500	33419800	33419800
138	34217200	34217200	33418700	33418700
139	34217300	34217300	33419300	33419300
140	34217900	34217900	33419000	33419000
141	34221000	34221000	33421600	33421600
142	34218400	34221400	33419900	33419900
143	34214900	34215000	33418300	33418300
144	34219600	34219600	33421200	33421200
145	34219200	34219200	33421100	33421100
146	34217700	34217600	33419600	33419600
147	34218200	34221500	33420600	33420600
148	34223100	34223100	33422000	33422000
149	34220100	34220200	33420400	33420400
150	34219000	34218900	33419900	33419900
151	34216100	34216100	33417800	33417800
152	34216100	34216100	33417600	33417600
153	34213000	34213000	33415800	33415800
154	34216900	34216900	33418200	33418200
155	34214600	34214600	33415800	33415800
156	34213600	34213600	33415600	33415500
157	34218300	34218200	33418200	33418300
158	34215800	34215900	33417700	33417700
159	34214600	34214600	33416700	33416700
160	34216800	34216800	33418200	33418200
161	34218000	34214800	33418700	33418700
162	34218000	34218000	33419800	33419800
163	34219400	34219400	33420300	33420300
164	34215900	34215900	33418400	33418400
165	34219600	34219600	33420300	33420300
166	34217100	34217100	33417000	33417000
167	34218400	34218400	33418700	33418700
168	34216800	34216800	33417900	33417900
169	34219800	34219800	33419000	33418900
170	34215000	34215000	33415900	33416000
171	34214700	34214700	33415500	33415500
172	34212800	34212800	33414500	33414500
173	34214100	34214100	33416100	33416100
174	34216600	34216600	33418000	33418000
175	34219800	34219800	33421200	33421200
176	34215300	34215300	33418300	33418300
177	34213300	34213300	33416400	33416400
178	34214000	34214000	33415600	33415600
179	34215200	34215200	33416600	33416600
180	34217400	34217400	33418000	33418000
181	34215300	34215300	33417300	33417300
182	34215300	34215300	33417300	33416700
183	34217300	34217300	33416600	33416600
184	34218900	34218900	33419000	33419000
185	34216500	34216500	33417500	33417400
186	34217800	34217800	33418000	33418100
187	34219400	34219400	33420100	33420100
188	34215900	34215900	33418500	33418500
189	34220100	34220100	33422000	33422000
190	34222300	34222300	33423400	33423400
191	34221500	34221500	33420700	33420700
192	34223600	34223600	33421300	33421300
193	34219700	34219700	33418600	33418600
194	34219700	34219700	33418300	33418200
195	34218300	34218300	33417500	33417600
196	34217100	34217100	33417800	33417800
197	34221600	34221600	33419800	33419800
198	34220300	34220300	33420300	33420300
199	34220300	34220300	33419600	33419600
200	34220200	34220200	33418800	33418800
201	34220100	34220100	33420000	33420000
202	34220200	34220200	33419400	33419400
203	34218200	34218200	33416900	33416900
204	34216800	34216800	33418400	33418400
205	34217400	34217400	33418600	33418600
206	34222700	34222700	33421000	33421000
207	34222800	34222800	33421100	33421100
208	34223100	34223000	33420600	33420600
209	34218700	34218700	33418100	33418100
210	34221500	34221500	33419300	33419300
211	34224000	34223900	33420700	33420700
212	34218800	34218900	33418700	33418700
213	34220200	34220200	33417500	33417500
214	34224100	34224100	33420300	33420300
215	34220700	34220700	33417900	33417900
216	34219200	34219200	33416700	33416700
217	34217000	34217000	33415500	33415500
218	34218500	34218600	33416500	33416500
219	34218300	34218200	33416700	33416700
220	34217800	34217800	33415900	33415900
221	34217100	34217100	33415800	33415800
222	34217300	34217300	33417300	33417300
223	34218100	34218200	33418800	33418800
224	34219000	34218900	33418200	33418200
225	34216600	34219700	33414900	33414900
226	34214900	34214900	33414300	33414300
227	34212900	34212900	33413100	33413100
228	34213800	34213800	33414100	33414000
229	34220600	34220600	33420500	33420600
230	34219500	34219500	33419000	33419000
231	34223000	34223000	33420100	33420100
232	34225000	34225000	33422400	33422400
233	34223500	34223500	33421100	33421100
234	34225000	34225000	33421800	33421800
235	34220400	34220400	33418400	33418400
236	34221800	34221800	33418700	33418700
237	34224200	34224200	33421000	33421000
238	34219600	34219600	33418000	33418000
239	34219200	34219200	33418800	33418800
240	34218800	34218800	33418100	33418100
241	34218300	34218300	33418500	33418500
242	34222900	34222900	33419700	33419700
243	34223900	34223900	33421200	33421200
244	34223500	34223500	33421300	33421300
245	34225100	34225100	33422800	33422800
246	34227200	34227200	33424700	33424600
247	34227000	34227000	33424900	33425000
248	34222200	34222200	33421500	33421500
249	34221100	34221000	33420200	33420100
250	34222900	34222900	33422500	33422600
251	34223400	34223400	33423500	33423500
252	34221000	34221100	33420800	33420800
253	34222300	34222200	33422600	33422600
254	34219300	34219300	33419700	33419700
255	34221900	34221900	33420700	33420600
256	34218800	34218800	33418500	33418600
257	34223700	34223700	33421800	33421800
258	34224800	34224800	33424200	33424200
259	34223900	34223900	33423100	33423100
260	34224500	34224500	33422700	33422700
261	34221800	34221800	33419900	33419900
262	34220400	34220400	33419400	33419400
263	34226700	34226700	33426000	33426000
264	34224000	34224000	33422600	33422600
265	34221400	34221400	33422000	33422000
266	34217100	34220300	33420700	33420700
267	34220300	34220300	33420500	33420500
268	34223700	34223700	33423600	33423600
269	34222000	34222000	33422000	33422000
270	34226600	34226600	33424800	33424700
271	34227200	34227200	33424300	33424400
272	34222900	34222900	33421900	33421900
273	34224900	34224900	33423100	33423000
274	34223400	34223400	33422500	33422600
275	34224500	34224500	33423500	33423500
276	34223200	34223200	33423200	33423200
277	34220700	34220700	33421100	33421000
278	34222000	34222000	33421300	33421400
279	34222500	34222500	33421800	33421700
280	34221800	34221800	33420400	33420500
281	34222600	34222600	33421500	33421500
282	34224800	34224800	33422800	33422800
283	34223700	34223700	33421900	33421900
284	34224000	34224000	33421100	33421100
285	34224700	34224700	33422300	33422300
286	34223300	34223300	33421600	33421600
287	34225900	34225900	33422500	33422500
288	34224300	34224300	33421500	33421500
289	34228900	34228900	33423700	33423700
290	34226600	34226600	33423200	33423200
291	34228900	34228900	33422600	33422600
292	34227100	34227100	33421400	33421400
293	34224500	34224500	33411100	33420700
294	34224100	34224100	33420800	33420800
295	34225300	34225300	33421300	33421300
296	34224500	34224500	33421300	33421300
297	34222300	34222300	33419400	33419300
298	34227400	34227500	33422900	33423000
299	34225900	34225800	33421900	33421900
300	34223400	34223400	33420500	33420500
301	34226300	34226300	33422800	33422800
302	34222800	34222800	33421400	33421400
303	34224900	34224900	33422600	33422500
304	34221700	34221700	33421600	33421700
305	34227100	34227100	33424800	33424700
306	34224000	34224000	33421100	33421200
307	34226200	34223000	33422200	33422200
308	34222200	34222200	33421100	33421100
309	34222300	34222300	33423100	33423100
310	34223000	34223000	33423000	33422900
311	34223000	34223000	33422900	33423000
312	34227300	34227300	33422900	33424900
313	34227300	34227300	33425700	33425700
314	34224600	34224600	33422900	33422900
315	34221900	34221900	33421200	33421200
316	34222300	34222300	33421800	33421800
317	34221000	34221000	33418900	33418900
318	34219200	34219200	33418000	33418000
319	34220500	34220500	33419100	33419100
320	34223100	34223100	33421200	33421200
321	34220400	34220400	33420000	33420000
322	34217200	34217200	33418500	33418500
323	34218500	34218500	33419200	33419200
324	34221100	34221100	33421700	33421700
325	34220000	34220000	33421900	33421900
326	34220800	34220700	33422700	33422700
327	34218800	34218900	33421500	33421500
328	34217000	34217000	33419200	33419200
329	34220200	34220200	33421600	33421600
330	34220600	34220600	33421000	33421000
331	34222600	34225800	33422300	33422300
332	34222400	34222400	33423500	33423500
333	34223400	34223400	33423400	33423300
334	34221300	34221300	33422400	33422500
335	34221400	34221400	33422300	33422300
336	34224300	34224300	33423900	33423900
337	34223600	34223600	33424000	33424000
338	34221100	34221100	33422100	33422100
339	34223400	34223400	33423200	33423200
340	34225000	34225000	33423700	33423700
341	34224600	34224600	33424700	33424600
342	34222400	34222400	33423400	33423500
343	34221300	34221300	33424100	33424100
344	34218300	34218300	33420000	33420000
345	34217500	34217500	33419300	33419300
346	34223900	34223900	33423200	33423200
347	34220600	34220600	33420900	33420900
348	34222400	34222400	33421200	33421200
349	34226000	34226000	33423500	33423500
350	34222000	34222000	33420900	33420900
351	34222200	34222200	33421900	33421900
352	34220500	34220500	33422000	33422000
353	34221800	34221800	33422100	33422100
354	34218400	34218400	33421800	33421800
355	34221500	34221500	33424500	33424500
356	34223700	34223700	33425100	33425100
357	34218500	34218500	33422600	33422600
358	34219400	34219400	33423500	33423500
359	34218300	34218300	33421800	33421800
360	34216700	34216700	33419700	33419700
361	34217800	34217800	33420400	33420400
362	34221100	34221100	33422100	33422100
363	34219000	34219000	33421500	33421500
364	34216600	34216600	33419400	33419400
365	34216400	34216400	33419800	33419800
366	34217300	34217300	33419600	33419600
367	34218100	34218100	33418800	33418800
368	34217800	34217800	33419500	33419500
369	34220600	34220600	33422500	33422500
370	34218600	34218600	33420000	33420000
371	34214300	34214400	33416800	33416800
372	34216700	34216600	33417700	33417700
373	34217200	34217200	33419000	33419000
374	34215100	34214800	33419100	33419100
375	34218000	34218000	33420400	33420400
376	34221700	34221700	33423200	33423200
377	34219300	34219300	33421300	33421300
378	34219500	34219500	33421100	33421100
379	34219100	34219100	33421200	33421200
380	34219300	34219300	33420700	33420700
381	34219500	34219500	33421100	33421100
382	34223000	34223000	33423800	33423800
383	34222400	34222400	33422200	33422200
384	34223000	34223000	33423300	33423300
385	34219700	34219700	33420800	33420800
386	34219500	34219500	33421100	33421000
387	34220500	34220700	33422300	33422400
388	34223000	34223000	33423800	33423800
389	34222500	34222600	33423900	33423900
390	34220500	34220400	33421800	33421800
391	34219500	34219200	33422200	33422200
392	34221100	34221100	33421200	33421100
393	34223500	34223500	33422600	33422700
394	34222400	34222400	33422300	33422400
395	34222200	34222200	33421700	33421600
396	34220500	34220500	33420500	33420500
397	34218700	34218700	33419100	33419100
398	34220300	34220300	33420100	33420100
399	34219400	34219400	33420100	33420100
400	34214100	34214100	33416900	33416900
401	34216100	34216100	33418900	33418900
402	34215800	34215800	33419000	33419000
403	34218200	34218200	33420500	33420500
404	34217600	34217600	33422600	33422500
405	34218200	34218200	33421800	33421900
406	34218400	34218400	33421400	33421400
407	34222700	34222700	33423400	33423400
408	34222400	34222400	33423400	33423300
409	34221200	34221300	33422900	33423000
410	34218600	34218500	33421400	33421400
411	34221700	34221800	33423200	33423200
412	34223900	34223800	33425200	33425200
413	34224400	34224400	33426600	33426600
414	34222300	34222300	33424300	33424300
415	34225100	34225100	33425800	33425800
416	34224900	34224900	33425300	33425300
417	34222500	34222500	33422800	33422800
418	34222200	34222200	33423500	33423500
419	34221800	34221800	33423700	33423700
420	34222800	34222800	33424000	33424000
421	34223300	34223300	33424800	33424800
422	34224000	34224000	33425000	33425000
423	34224800	34224800	33426300	33426300
424	34220800	34220800	33423700	33423700
425	34223700	34223700	33425300	33425300
426	34223800	34223800	33426600	33426600
427	34223900	34223900	33425700	33425700
428	34223000	34223000	33423800	33423800
429	34223600	34223600	33424700	33424700
430	34221900	34221900	33422700	33422700
431	34224600	34224600	33424800	33424800
432	34224100	34224100	33424700	33424700
433	34225600	34225600	33424600	33427600
434	34221500	34221500	33424900	33424900
435	34222100	34222100	33424700	33424700
436	34223200	34223200	33424900	33424900
437	34219200	34219200	33421700	33421700
438	34218100	34218100	33421500	33421500
439	34221300	34221300	33421000	33424000
440	34219300	34219300	33421700	33421700
441	34221900	34221900	33424200	33424200
442	34224000	34224000	33426500	33426400
443	34221100	34221100	33424000	33424100
444	34223100	34223100	33425200	33425200
445	34225500	34225500	33424000	33427200
446	34224600	34224600	33425400	33425400
447	34220400	34220400	33423600	33423600
448	34220300	34220300	33424900	33424900
449	34222300	34222300	33424300	33424200
450	34221300	34221300	33423600	33423700
451	34220200	34220300	33423900	33423900
452	34218600	34218600	33422000	33422000
453	34219000	34219000	33422000	33422000
454	34220700	34220600	33422900	33422900
455	34219800	34219900	33422600	33422600
456	34222000	34222000	33423700	33423700
457	34215600	34215600	33419300	33419300
458	34218000	34218000	33421100	33421100
459	34217900	34217900	33420700	33420700
460	34221300	34221300	33422600	33422600
461	34220100	34220100	33422500	33422500
462	34221500	34221500	33423600	33423500
463	34222000	34222000	33422700	33422800
464	34217800	34217800	33419700	33419700
465	34217900	34217800	33421000	33421000
466	34217600	34217700	33421000	33421000
467	34218100	34218000	33420500	33420500
468	34220200	34220300	33421300	33421300
469	34219600	34219600	33421800	33421800
470	34217700	34217700	33420100	33420100
471	34218900	34218800	33421600	33421600
472	34214900	34215000	33419600	33419600
473	34216700	34216700	33421900	33421900
474	34217600	34217600	33421500	33421500
475	34219200	34219200	33422300	33422300
476	34218600	34218600	33420700	33420700
477	34218800	34218800	33421500	33421500
478	34219600	34219600	33420800	33420800
479	34220800	34220800	33422900	33422900
480	34221900	34221900	33423000	33423000
481	34224000	34224300	33424900	33424900
482	34223300	34223300	33424200	33424200
483	34220800	34220800	33421900	33421900
484	34221700	34221700	33423400	33423400
485	34220500	34220500	33421600	33421600
486	34216100	34216100	33418900	33418900
487	34215300	34215400	33418800	33418800
488	34216000	34215900	33417700	33417700
489	34216800	34216800	33419600	33419600
490	34215600	34215600	33419900	33419900
491	34216500	34216500	33420100	33420100
492	34219500	34219500	33420900	33420900
493	34221400	34221400	33421800	33421800
494	34219700	34219800	33420600	33420600
495	34220000	34219900	33422600	33422600
496	34222200	34222200	33422900	33422900
497	34220500	34220500	33421000	33421000
498	34221800	34221800	33421900	33421900
499	34221800	34221800	33422900	33422900

============================================================
# BITSTREAM: 10ms_51etapas.bit
# VENTANA: 10ms
# ETAPAS_PRINCIPAL: 51
# NUM_MUESTRAS: 500
# FORMATO: idx	freq1_hz	freq2_hz	freq3_hz	freq4_hz
============================================================
idx	freq1_hz	freq2_hz	freq3_hz	freq4_hz
0	13752300	14135700	12731300	11860000
1	13752300	14137300	12731400	11860500
2	13752000	14137500	12731400	11863200
3	13751900	14134300	12731800	11863200
4	13751300	14135600	12732200	11860700
5	13752200	14135900	12731800	11860400
6	13752500	14135000	12732000	11859700
7	13752700	14136200	12731900	11861100
8	13752700	14136400	12731600	11860400
9	13752600	14138000	12731500	11860300
10	13752700	14136200	12732800	11863000
11	13752400	14136000	12731500	11860200
12	13753200	14136800	12731900	11861700
13	13752600	14138700	12731400	11861400
14	13752200	14135700	12732600	11860900
15	13751600	14137600	12731400	11860200
16	13751900	14134800	12731600	11860200
17	13751600	14136300	12730800	11859700
18	13751700	14136600	12731800	11860600
19	13752200	14136800	12731700	11860400
20	13752500	14138600	12732000	11861800
21	13751500	14136000	12732100	11862500
22	13750900	14134300	12730000	11860600
23	13752500	14136700	12732600	11861200
24	13751900	14135600	12731100	11860300
25	13751600	14135600	12730600	11859500
26	13751300	14135300	12730600	11859400
27	13751400	14136200	12730300	11859300
28	13752700	14136000	12731200	11859900
29	13752800	14136600	12731300	11861600
30	13752100	14136200	12731400	11860100
31	13752900	14136500	12731500	11860200
32	13754000	14138500	12732500	11862200
33	13753700	14136900	12732900	11861400
34	13752300	14137000	12730800	11859700
35	13752500	14136100	12731400	11860800
36	13752800	14136200	12731900	11861800
37	13752200	14135600	12731100	11859800
38	13752100	14135200	12731200	11859900
39	13751900	14136300	12731100	11860600
40	13751900	14135900	12731400	11860300
41	13751300	14134500	12730700	11858500
42	13751000	14133500	12730300	11853000
43	13751600	14135200	12731700	11860900
44	13751700	14135900	12730500	11860400
45	13752900	14135000	12731600	11859600
46	13751900	14135400	12730900	11859900
47	13751500	14134000	12730300	11859100
48	13752200	14137200	12732300	11860900
49	13752600	14137400	12731500	11860000
50	13753000	14137100	12731800	11860300
51	13753100	14137800	12731400	11860200
52	13752200	14134400	12732100	11860600
53	13752800	14135900	12731200	11859000
54	13752900	14136000	12732300	11859800
55	13752100	14135000	12730800	11860500
56	13752300	14135700	12731000	11859900
57	13751800	14136900	12731100	11859800
58	13751300	14136200	12730500	11859300
59	13751500	14134900	12730700	11859500
60	13751600	14134900	12731100	11859700
61	13751800	14134900	12731000	11859700
62	13751600	14134300	12730900	11859600
63	13751500	14135400	12732100	11860500
64	13751000	14133300	12730100	11858800
65	13751100	14135000	12731300	11858300
66	13752000	14135200	12731200	11859900
67	13751500	14136300	12730900	11860500
68	13751700	14135700	12731300	11860100
69	13751400	14136100	12730800	11859700
70	13751300	14134500	12730900	11858800
71	13752200	14135200	12731500	11861700
72	13751900	14136600	12731400	11860800
73	13751500	14136000	12731300	11860000
74	13751900	14135100	12731200	11860600
75	13751800	14134000	12731200	11859400
76	13752000	14136500	12732200	11860800
77	13751900	14135200	12731100	11860500
78	13750500	14134500	12729800	11859800
79	13750600	14132600	12729900	11860200
80	13750900	14134900	12731700	11859300
81	13750700	14133000	12729900	11858700
82	13750500	14130800	12731000	11859400
83	13751500	14134700	12731400	11857800
84	13751700	14135800	12731100	11860600
85	13751400	14133800	12730700	11860600
86	13751300	14134500	12731300	11857900
87	13750500	14133500	12730100	11859600
88	13750500	14135300	12732000	11861200
89	13750700	14135800	12729900	11858800
90	13752000	14134700	12731400	11860800
91	13751600	14135900	12731100	11860400
92	13750800	14133700	12730600	11858800
93	13751500	14136300	12732000	11860600
94	13751200	14134500	12730800	11859800
95	13751000	14133400	12730600	11860400
96	13752000	14134100	12732200	11860800
97	13751300	14135800	12731700	11860000
98	13752000	14134800	12731300	11860900
99	13751600	14135700	12730300	11859200
100	13751700	14136800	12730600	11859600
101	13751900	14137000	12730800	11860200
102	13751500	14135800	12731100	11860300
103	13751400	14133900	12730900	11861000
104	13751100	14135300	12731900	11860500
105	13750800	14135800	12730000	11858900
106	13751200	14134000	12730800	11860800
107	13751800	14136500	12732400	11861000
108	13752000	14136400	12731200	11860500
109	13751600	14137100	12731100	11859800
110	13751700	14135300	12730900	11859600
111	13751200	14135800	12730200	11859100
112	13751200	14134000	12731000	11860700
113	13751100	14135500	12731300	11859900
114	13750700	14135000	12730600	11859500
115	13750900	14134300	12730500	11859800
116	13750700	14134800	12731700	11860100
117	13751300	14135700	12730700	11859500
118	13752000	14137200	12731100	11860000
119	13752300	14137200	12731000	11859900
120	13751600	14136100	12730700	11859400
121	13750600	14133600	12730500	11859000
122	13751600	14136100	12731800	11859000
123	13751200	14134000	12730500	11858900
124	13751400	14135900	12732200	11860800
125	13751200	14133900	12731000	11859300
126	13750900	14134700	12731600	11860200
127	13750900	14134600	12730600	11861000
128	13751000	14133600	12730600	11859000
129	13751300	14135600	12731500	11858500
130	13751600	14135300	12730900	11859600
131	13750600	14135200	12729600	11858600
132	13750800	14135800	12730400	11860200
133	13751200	14134300	12731200	11861100
134	13750500	14134400	12731400	11860000
135	13749800	14133100	12729800	11858300
136	13750200	14132800	12731600	11858400
137	13749900	14133100	12730400	11858700
138	13750200	14132500	12731100	11859000
139	13750500	14133000	12730600	11858600
140	13750700	14130800	12730700	11859300
141	13749900	14132500	12729800	11857500
142	13749900	14132600	12730300	11858100
143	13750100	14134100	12730400	11859000
144	13750100	14134500	12730400	11859100
145	13750300	14132600	12729500	11860400
146	13749800	14133900	12730100	11858600
147	13750100	14133900	12730700	11859600
148	13750100	14134100	12731000	11859800
149	13749900	14134600	12730500	11859300
150	13750200	14133100	12729900	11858500
151	13749800	14132300	12730800	11858500
152	13749600	14133100	12730400	11857900
153	13749200	14131400	12730200	11857900
154	13749000	14130900	12729600	11858300
155	13750700	14135800	12730700	11860600
156	13749000	14132500	12729300	11860000
157	13749900	14133600	12730800	11858000
158	13750300	14134800	12731200	11857800
159	13750200	14134700	12730000	11858800
160	13749100	14133400	12729800	11859700
161	13749200	14132000	12730300	11859300
162	13748400	14133800	12729300	11857800
163	13748200	14132400	12729300	11857100
164	13748300	14133600	12729700	11859600
165	13748700	14133600	12729600	11857700
166	13749400	14134200	12730200	11857700
167	13749400	14133900	12730100	11858500
168	13749700	14134400	12730400	11859300
169	13749000	14132500	12728000	11856900
170	13749600	14133100	12730000	11857400
171	13749600	14132400	12730400	11858000
172	13749700	14135100	12730700	11859900
173	13750000	14132300	12729500	11858000
174	13749600	14133800	12730100	11857600
175	13748500	14132200	12729400	11856900
176	13748900	14130900	12729600	11859500
177	13749500	14041500	12729900	11859800
178	13749900	14134900	12731000	11860700
179	13750400	14133600	12729800	11858700
180	13750700	14135700	12730700	11858600
181	13751000	14136200	12730200	11859600
182	13750100	14134000	12729700	11858400
183	13750500	14136000	12731200	11860000
184	13749400	14133200	12729300	11860000
185	13749900	14131600	12730700	11859200
186	13748200	14132000	12729200	11859600
187	13748600	14134400	12729600	11858100
188	13748900	14132900	12728100	11857100
189	13748600	14130900	12729600	11858100
190	13749400	14134700	12729700	11859500
191	13749200	14133500	12729100	11860000
192	13749100	14133500	12730400	11860200
193	13749500	14134300	12730900	11860700
194	13749100	14134200	12730200	11859000
195	13750200	14135100	12730700	11859500
196	13750000	14133100	12729600	11858300
197	13750300	14133400	12731000	11858700
198	13750400	14133300	12730600	11860100
199	13750600	14136600	12731200	11859000
200	13751600	14137000	12730600	11853400
201	13751000	14136200	12730500	11861100
202	13751300	14136100	12730300	11859300
203	13750900	14134900	12730200	11858700
204	13750800	14135000	12730100	11858900
205	13750900	14135300	12730000	11859800
206	13750300	14135200	12729000	11858000
207	13750900	14136100	12729600	11860000
208	13750500	14133900	12729800	11858200
209	13749900	14134500	12730500	11859300
210	13750600	14134000	12730100	11860200
211	13751200	14136400	12731500	11860300
212	13751600	14136700	12730500	11859300
213	13750000	14133600	12729900	11865200
214	13750200	14134900	12730500	11857900
215	13750400	14133200	12729400	11858300
216	13749800	14131500	12730500	11859100
217	13750300	14133200	12730600	11859100
218	13750300	14132200	12730800	11859400
219	13750700	14133100	12731200	11860500
220	13751200	14134100	12731400	11865500
221	13750200	14135800	12730500	11859400
222	13749800	14133100	12729800	11860500
223	13750500	14133300	12730700	11858400
224	13750400	14135200	12730900	11857400
225	13750400	14135500	12729200	11859800
226	13750800	14135700	12730100	11859600
227	13750600	14136700	12729600	11859500
228	13750600	14135200	12730200	11859300
229	13751100	14136700	12730000	11861100
230	13751200	14135100	12730400	11859600
231	13750700	14133700	12730000	11858600
232	13749600	14135300	12730100	11859000
233	13749300	14134400	12728900	11857800
234	13749200	14133300	12728700	11857700
235	13749700	14134900	12730600	11857800
236	13750400	14134700	12730700	11859400
237	13750500	14135500	12730700	11860600
238	13750600	14135800	12730300	11859400
239	13750300	14133900	12730600	11860100
240	13750400	14135700	12731600	11860300
241	13750600	14136700	12730200	11859500
242	13751100	14135300	12730600	11859700
243	13750500	14136000	12729700	11858700
244	13750900	14134600	12730300	11860200
245	13750200	14132700	12729200	11864300
246	13750500	14133800	12731000	11859700
247	13749900	14133800	12730700	11857100
248	13749600	14133800	12729800	11856700
249	13750000	14134000	12730100	11857600
250	13749500	14135500	12730400	11859300
251	13750400	14135800	12730000	11865500
252	13751600	14135400	12730900	11861200
253	13750900	14134200	12729700	11858500
254	13750700	14136200	12731000	11859900
255	13750600	14134100	12729400	11858400
256	13749400	14135000	12729900	11858800
257	13749600	14134200	12729000	11859300
258	13749800	14135000	12730500	11859500
259	13750500	14135000	12729900	11860000
260	13750200	14134700	12729600	11859500
261	13750200	14135200	12729900	11860500
262	13749700	14135100	12728800	11859700
263	13749700	14132000	12728900	11857600
264	13750100	14135500	12730000	11858400
265	13750200	14134700	12729400	11858700
266	13749600	14133700	12728600	11859600
267	13749700	14134800	12729700	11858600
268	13749700	14133800	12728600	11857600
269	13749400	14133100	12729800	11857200
270	13749300	14131900	12729800	11857800
271	13748600	14132300	12729600	11858400
272	13749800	14134000	12730000	11857900
273	13749000	14134500	12729900	11858800
274	13748200	14131700	12728300	11859200
275	13748200	14132200	12729100	11859600
276	13749000	14131300	12729800	11859900
277	13748800	14132600	12729100	11857500
278	13749600	14134800	12730200	11858600
279	13749200	14133800	12728500	11857600
280	13749900	14133700	12730000	11857700
281	13749800	14135500	12730300	11859100
282	13750400	14135200	12729900	11859700
283	13750100	14135100	12729200	11860000
284	13750200	14132800	12729800	11858400
285	13750000	14133900	12730200	11858800
286	13751900	14136900	12731700	11860400
287	13751300	14136600	12730100	11863900
288	13750700	14135100	12729900	11858800
289	13751600	14134100	12730200	11858800
290	13751500	14137200	12731100	11859900
291	13750300	14135800	12729400	11858300
292	13750500	14134100	12729700	11860500
293	13750500	14135900	12730500	11859400
294	13750400	14133900	12729700	11858300
295	13749900	14134600	12730000	11859000
296	13750200	14133400	12728700	11857600
297	13749600	14132400	12730000	11859000
298	13749200	14135000	12729900	11860000
299	13750400	14135100	12729900	11859800
300	13749200	14132300	12729000	11857800
301	13748600	14134100	12729500	11857400
302	13748700	14134600	12729300	11858200
303	13748900	14132700	12728600	11857300
304	13748800	14132500	12729900	11858700
305	13749200	14133500	12729800	11857300
306	13749700	14134900	12730700	11860300
307	13749400	14133300	12729000	11857800
308	13750000	14135300	12729800	11857300
309	13749900	14135400	12728700	11857900
310	13749900	14133100	12729100	11857900
311	13750000	14132700	12730400	11857600
312	13750100	14133000	12730500	11859100
313	13749000	14129700	12729500	11858100
314	13750000	14135300	12729400	11856500
315	13750200	14135200	12729000	11858000
316	13750200	14135800	12729100	11860000
317	13750000	14133600	12729400	11860300
318	13749600	14134300	12729400	11857300
319	13750300	14135600	12730700	11859300
320	13750800	14135400	12729600	11858500
321	13750200	14133900	12729400	11858300
322	13750200	14135700	12730700	11859600
323	13750700	14136600	12729700	11859100
324	13750300	14135000	12729500	11858900
325	13750200	14134400	12729800	11858800
326	13749900	14133400	12728300	11857300
327	13750900	14133000	12730400	11859800
328	13750400	14131400	12730100	11858800
329	13750100	14132300	12729800	11858500
330	13751100	14135400	12731100	11858400
331	13750700	14134100	12729500	11858300
332	13749900	14135500	12729900	11858800
333	13749700	14135100	12729300	11858800
334	13750600	14133100	12729500	11858300
335	13750400	14133300	12730700	11858500
336	13750600	14136400	12730800	11858300
337	13750900	14136200	12729400	11858500
338	13749900	14133600	12729300	11858100
339	13750200	14135300	12730500	11857500
340	13749300	14134700	12728900	11857900
341	13749700	14134300	12729300	11859200
342	13750900	14135700	12731000	11859700
343	13751100	14137200	12730100	11859800
344	13750100	14136000	12729900	11858600
345	13750600	14134900	12730000	11860200
346	13750200	14134700	12729900	11858800
347	13749100	14133900	12729200	11859100
348	13749300	14134200	12730100	11858900
349	13749800	14134700	12730300	11859100
350	13749300	14133900	12729100	11858700
351	13749600	14134200	12730100	11858800
352	13749000	14134200	12730100	11858900
353	13749600	14134400	12730000	11858800
354	13750400	14134300	12728600	11857600
355	13751100	14135400	12731100	11859700
356	13750600	14133600	12729700	11858500
357	13751300	14136300	12731300	11858500
358	13751500	14135700	12730700	11860000
359	13749800	14135000	12729000	11858700
360	13749600	14133200	12729300	11858600
361	13749800	14131400	12730100	11858800
362	13750500	14132600	12730700	11859200
363	13750200	14135200	12730600	11859000
364	13749300	14134500	12728400	11859000
365	13749700	14132600	12728700	11859400
366	13750300	14134800	12730400	11858900
367	13750100	14134800	12729000	11858200
368	13748900	14133200	12728400	11857600
369	13749000	14130600	12729900	11858500
370	13747900	14131100	12728200	11857000
371	13748500	14133000	12729100	11858700
372	13749000	14130100	12729600	11858100
373	13749800	14131800	12729500	11858200
374	13749700	14132400	12729900	11857700
375	13750500	14135300	12730500	11860200
376	13749800	14135000	12728900	11858000
377	13750200	14134700	12730100	11859400
378	13750400	14134900	12730000	11860300
379	13750700	14134200	12730500	11859100
380	13751300	14136000	12731800	11860500
381	13750700	14134000	12729900	11859600
382	13750200	14135100	12731100	11859700
383	13750300	14132900	12730100	11858400
384	13749800	14131700	12730600	11859100
385	13749800	14133100	12730600	11859900
386	13750800	14133800	12731300	11858900
387	13750500	14134300	12731200	11857900
388	13750000	14134500	12730800	11859300
389	13749800	14133000	12729900	11860000
390	13750500	14131300	12731200	11859700
391	13750800	14134300	12731000	11859200
392	13749700	14134500	12731000	11859600
393	13750600	14134000	12730100	11860700
394	13750400	14135600	12731400	11860000
395	13750800	14134900	12730300	11859100
396	13750400	14133800	12730100	11858900
397	13751000	14134700	12731100	11858100
398	13751500	14135700	12731000	11860600
399	13750700	14136000	12730000	11859200
400	13749200	14132800	12729200	11859000
401	13750400	14133700	12730800	11858500
402	13750800	14136400	12731700	11860400
403	13751100	14135900	12730400	11859100
404	13751700	14134800	12731300	11859200
405	13751300	14135800	12730600	11859400
406	13751500	14134400	12731000	11861000
407	13750700	14133700	12729300	11857800
408	13751600	14136800	12731900	11860600
409	13751900	14137500	12730700	11860600
410	13752200	14134900	12731300	11862700
411	13751000	14134300	12730000	11858800
412	13752000	14137000	12732200	11860700
413	13752300	14137000	12731400	11860900
414	13751600	14136000	12730500	11859900
415	13751900	14135000	12730000	11860400
416	13751900	14136100	12731100	11860200
417	13749900	14133100	12729200	11857700
418	13749200	14132300	12730600	11856900
419	13749900	14134200	12730900	11857400
420	13750900	14136100	12731800	11860400
421	13750200	14133700	12729600	11858300
422	13751900	14137600	12732100	11860800
423	13750200	14133600	12730300	11858900
424	13750400	14135200	12730800	11857600
425	13750900	14134500	12730200	11860400
426	13750200	14133200	12729800	11860400
427	13750400	14132100	12730900	11859300
428	13751300	14136100	12731400	11859100
429	13749800	14133400	12729500	11857900
430	13750300	14132800	12730500	11859300
431	13749900	14133500	12730200	11858600
432	13751000	14134900	12731200	11861100
433	13750400	14133100	12729600	11858500
434	13750800	14133100	12731000	11858800
435	13750300	14132500	12730400	11858300
436	13750200	14134100	12730200	11857800
437	13750500	14135800	12730600	11859300
438	13750600	14134900	12729900	11860700
439	13750200	14133200	12730200	11858900
440	13749400	14131200	12729800	11858500
441	13748700	14133100	12729100	11856400
442	13749600	14132300	12730600	11858000
443	13749900	14133800	12730200	11857900
444	13749000	14132500	12729400	11856200
445	13749100	14132900	12729900	11857300
446	13748800	14131300	12729700	11858400
447	13749600	14133300	12730000	11858300
448	13749700	14134600	12730300	11857600
449	13750200	14132900	12729300	11857900
450	13749800	14132200	12730500	11859100
451	13749800	14132700	12730600	11860300
452	13750400	14134100	12731700	11860200
453	13749900	14135500	12730700	11859500
454	13750400	14135500	12730200	11859400
455	13749800	14135000	12729600	11859100
456	13751000	14135200	12730500	11859800
457	13750400	14135500	12729900	11860100
458	13751300	14135900	12730400	11859600
459	13751200	14134900	12730500	11859100
460	13751800	14135300	12730800	11859600
461	13750500	14135800	12729800	11858800
462	13750200	14134100	12730600	11860100
463	13750300	14135900	12731400	11859800
464	13749400	14132600	12729500	11858000
465	13749900	14135200	12730700	11859000
466	13749100	14134600	12729000	11859400
467	13749300	14132300	12728800	11857500
468	13750000	14134500	12730800	11857500
469	13749500	14133200	12729300	11860000
470	13750300	14132600	12730900	11859400
471	13750600	14136100	12731500	11859500
472	13750400	14133800	12729700	11858200
473	13749900	14133900	12730400	11857400
474	13750300	14135200	12731100	11860000
475	13750700	14136100	12729700	11860500
476	13750600	14134500	12730200	11858800
477	13749800	14133400	12729600	11859600
478	13751000	14134000	12731800	11860400
479	13750600	14136300	12731200	11859900
480	13750300	14135400	12730700	11859600
481	13749600	14133600	12729900	11858700
482	13749800	14135000	12731000	11857700
483	13750300	14135200	12730200	11859300
484	13750900	14136100	12730100	11860000
485	13750700	14134700	12730700	11858600
486	13749800	14134600	12730100	11859400
487	13749700	14132500	12729600	11857800
488	13749300	14132800	12730400	11857100
489	13749400	14133400	12730500	11858500
490	13751100	14134000	12731700	11860300
491	13750300	14135300	12731300	11860000
492	13750300	14135900	12729600	11858600
493	13751500	14135000	12730900	11859400
494	13751200	14135100	12730700	11859500
495	13749700	14132400	12729900	11858000
496	13749500	14135000	12731000	11859800
497	13749800	14134000	12729600	11865200
498	13749700	14135700	12730900	11859700
499	13750500	14136600	12730600	11859500

============================================================
# BITSTREAM: 10ms_101etapas.bit
# VENTANA: 10ms
# ETAPAS_PRINCIPAL: 101
# NUM_MUESTRAS: 500
# FORMATO: idx	freq1_hz	freq2_hz	freq3_hz	freq4_hz
============================================================
idx	freq1_hz	freq2_hz	freq3_hz	freq4_hz
0	7592700	8199200	8275600	8757200
1	7593300	8200500	8275900	8758000
2	7593600	8200400	8276500	8758100
3	7593400	8200200	8275500	8757800
4	7592900	8199300	8275600	8757500
5	7592800	8199300	8275100	8757300
6	7593300	8199300	8275900	8757900
7	7593400	8199900	8276100	8757700
8	7593100	8199200	8275000	8757400
9	7593500	8199700	8275100	8757500
10	7593300	8199400	8275800	8757900
11	7593400	8199600	8274800	8757500
12	7593300	8199400	8276000	8757200
13	7593100	8199200	8275200	8756900
14	7592700	8198800	8274700	8757100
15	7593200	8199800	8276000	8758000
16	7593200	8199800	8275600	8757300
17	7593100	8199900	8275600	8757800
18	7592500	8199000	8281200	8757000
19	7593000	8200200	8275900	8757100
20	7593300	8199600	8276300	8757800
21	7593500	8200000	8275900	8757900
22	7593400	8200300	8276300	8757900
23	7593200	8200100	8275900	8757800
24	7593200	8200000	8276100	8757600
25	7593300	8200100	8275500	8757800
26	7593000	8199700	8275900	8757700
27	7593100	8200000	8276000	8757500
28	7592200	8199000	8274800	8756300
29	7592700	8199500	8275600	8756700
30	7592000	8198500	8274500	8756600
31	7592100	8198500	8273900	8756500
32	7593200	8199300	8276000	8757800
33	7592500	8198700	8275000	8756200
34	7591900	8198000	8273600	8756100
35	7592000	8198300	8274800	8756800
36	7592200	8198500	8275000	8756000
37	7592100	8198800	8273800	8756400
38	7592600	8198500	8274100	8757000
39	7591900	8198600	8274300	8756100
40	7591900	8198300	8274600	8756600
41	7591500	8198000	8273200	8756000
42	7591900	8198300	8274800	8756300
43	7592100	8199100	8275000	8756200
44	7592500	8199000	8274000	8756700
45	7592200	8198700	8274900	8756700
46	7592500	8198600	8274400	8756900
47	7592500	8199100	8274900	8756600
48	7592800	8199200	8274700	8757700
49	7592800	8199700	8275600	8757600
50	7592500	8199100	8274800	8757300
51	7592200	8198800	8275000	8756400
52	7592100	8198300	8273700	8756500
53	7592700	8198800	8274600	8756800
54	7592200	8198600	8274000	8756600
55	7592400	8198900	8275600	8757200
56	7592000	8198500	8274800	8757000
57	7592800	8199600	8275900	8757200
58	7592500	8199100	8275600	8757200
59	7592300	8199300	8275000	8757300
60	7592400	8199000	8274500	8757200
61	7592500	8198900	8274500	8757000
62	7592500	8198600	8274300	8757000
63	7592200	8198600	8275100	8756700
64	7592300	8198500	8275100	8757100
65	7592200	8199000	8275100	8757000
66	7592100	8198700	8274900	8757000
67	7592500	8199200	8274500	8757000
68	7591800	8198000	8273500	8756500
69	7592100	8198700	8275500	8757800
70	7591800	8198300	8274700	8756300
71	7591900	8198700	8274700	8756700
72	7592100	8198600	8275000	8756700
73	7592200	8198800	8274100	8756600
74	7591900	8198100	8274200	8756100
75	7591800	8198400	8273700	8756000
76	7591800	8197900	8274100	8756000
77	7591500	8198200	8274000	8755600
78	7591700	8198500	8274600	8756500
79	7592000	8198700	8273900	8756500
80	7592700	8198800	8275600	8757600
81	7591900	8198900	8274600	8756600
82	7591800	8198200	8273500	8756300
83	7592400	8198800	8275800	8757200
84	7592200	8198500	8274200	8756700
85	7591900	8198500	8274000	8756300
86	7591800	8198000	8274700	8756600
87	7592100	8198700	8275200	8756800
88	7591400	8197600	8273900	8756100
89	7592500	8198800	8275500	8757500
90	7591600	8197900	8274600	8756600
91	7591600	8197600	8273300	8756200
92	7592100	8197900	8274500	8756700
93	7591500	8197700	8273200	8756300
94	7591900	8197600	8274600	8756300
95	7591500	8197500	8273200	8756100
96	7591400	8197600	8274100	8756000
97	7591000	8197700	8273400	8755400
98	7592000	8198000	8274200	8756900
99	7592100	8198600	8274000	8755900
100	7591600	8197700	8274200	8756300
101	7591600	8197700	8273500	8756200
102	7592300	8198200	8275500	8757300
103	7591900	8198400	8274700	8756800
104	7591800	8197800	8274700	8756800
105	7592300	8198200	8274900	8757100
106	7591900	8198000	8274000	8756700
107	7591300	8197500	8274000	8756100
108	7591300	8197400	8273700	8755900
109	7592000	8197800	8273600	8756000
110	7591900	8197600	8274300	8756600
111	7591900	8198400	8274600	8756600
112	7591700	8197400	8273200	8756100
113	7591900	8197900	8274500	8756100
114	7591100	8196900	8272700	8755700
115	7591500	8197800	8274800	8756500
116	7591500	8197600	8274300	8755700
117	7591800	8198000	8274300	8756200
118	7591300	8197300	8274000	8756600
119	7591400	8197900	8274100	8755800
120	7591600	8197900	8274100	8755700
121	7591200	8197600	8273800	8755500
122	7591400	8197400	8273400	8756400
123	7591600	8197800	8274000	8756200
124	7590900	8197200	8273800	8755700
125	7591800	8197600	8273500	8755800
126	7592100	8198000	8275300	8756800
127	7591400	8197700	8273500	8755700
128	7591800	8197700	8275300	8756700
129	7591500	8197600	8273500	8755700
130	7591500	8197700	8274900	8755500
131	7591700	8198200	8273900	8756300
132	7592200	8198400	8275000	8757000
133	7591200	8197500	8273100	8755500
134	7591300	8197300	8274200	8756400
135	7590900	8197200	8273100	8755500
136	7591300	8197500	8274200	8756400
137	7590900	8197500	8273200	8755700
138	7590900	8197100	8274100	8755600
139	7590500	8197300	8273400	8754900
140	7591300	8197600	8273800	8756100
141	7591500	8197700	8273500	8756200
142	7591400	8197600	8275000	8756600
143	7591200	8197600	8273100	8755800
144	7591500	8197700	8274500	8756700
145	7590900	8197200	8273100	8755700
146	7590700	8196800	8273700	8755900
147	7591200	8197400	8273300	8755500
148	7591300	8197500	8272200	8756100
149	7590600	8196900	8272400	8755400
150	7590400	8196300	8273000	8755100
151	7590900	8197300	8272600	8755900
152	7591400	8197300	8273300	8756000
153	7591500	8197700	8274200	8756400
154	7590600	8196800	8272500	8755000
155	7591200	8197200	8273600	8755500
156	7590600	8196400	8273300	8755500
157	7590600	8196900	8273500	8755500
158	7590600	8196400	8274000	8755400
159	7590700	8197200	8273700	8755600
160	7590900	8197000	8273000	8755100
161	7590900	8197500	8272700	8755700
162	7590500	8196800	8274100	8755300
163	7590600	8197200	8272900	8754600
164	7590700	8196800	8273000	8755800
165	7591100	8197100	8272600	8755800
166	7590500	8196500	8272400	8755100
167	7590900	8197000	8273500	8755700
168	7591200	8197300	8274500	8756100
169	7591100	8197500	8273100	8755900
170	7591200	8197700	8274100	8756300
171	7590700	8197500	8273200	8755100
172	7591100	8197300	8273600	8755700
173	7591100	8197200	8273600	8755700
174	7591300	8197200	8273800	8756100
175	7591700	8197900	8273300	8756400
176	7591300	8197700	8274300	8756300
177	7591100	8198200	8274200	8755900
178	7591100	8197900	8273200	8755600
179	7591600	8198300	8274500	8756200
180	7591400	8197600	8273200	8755900
181	7591700	8198200	8274400	8756300
182	7591100	8197400	8273400	8755200
183	7591800	8198000	8274000	8756300
184	7590700	8197300	8273500	8755300
185	7591500	8197800	8274600	8755900
186	7590700	8196800	8272200	8754900
187	7590900	8197200	8272600	8755400
188	7591400	8197400	8273000	8755700
189	7590800	8197000	8272400	8755400
190	7590500	8196700	8273200	8755400
191	7590600	8196700	8273300	8755000
192	7590800	8197000	8273300	8755600
193	7591100	8197600	8273600	8755800
194	7590700	8196600	8273300	8755500
195	7591000	8197200	8273400	8755600
196	7590700	8196800	8273000	8755400
197	7590400	8196800	8272200	8755200
198	7590600	8196500	8272500	8755200
199	7590900	8196900	8273100	8755200
200	7591300	8197400	8274200	8756300
201	7590700	8197300	8272800	8755100
202	7590700	8196900	8273400	8755100
203	7590900	8197400	8273100	8755500
204	7591100	8197000	8273700	8755900
205	7591200	8197400	8273100	8755300
206	7591100	8197300	8273800	8756000
207	7591800	8198100	8273400	8756500
208	7591200	8197400	8273500	8756000
209	7591800	8198200	8275500	8757000
210	7591100	8197800	8273900	8756000
211	7591500	8197800	8274200	8756300
212	7590500	8196700	8272400	8755000
213	7590600	8196600	8273300	8755300
214	7591300	8197400	8273900	8756100
215	7591500	8197600	8274500	8756400
216	7590300	8196200	8271900	8754900
217	7590900	8196700	8273600	8755600
218	7590900	8196700	8273400	8755600
219	7591300	8197200	8273100	8755800
220	7591000	8196800	8273700	8755900
221	7590800	8196800	8272900	8773500
222	7590200	8196100	8272400	8755300
223	7590700	8196700	8273200	8755400
224	7590300	8196000	8272800	8754600
225	7590500	8196400	8273000	8755100
226	7590400	8196100	8271900	8755400
227	7590200	8196100	8273200	8755200
228	7590100	8195800	8273000	8754600
229	7590200	8196000	8271800	8754900
230	7590500	8196200	8272200	8754900
231	7590300	8196400	8272200	8755100
232	7590100	8195900	8271800	8755100
233	7590700	8196500	8272500	8755300
234	7590800	8196500	8273000	8755100
235	7590800	8196900	8272400	8755600
236	7591100	8196900	8274000	8756100
237	7591000	8197200	8273900	8756600
238	7591600	8197500	8274400	8756500
239	7590700	8196700	8273100	8754900
240	7591000	8196700	8273800	8756100
241	7591400	8197100	8272900	8755700
242	7590500	8196500	8272900	8755700
243	7590800	8196700	8273100	8755600
244	7591300	8197000	8273800	8756100
245	7591000	8196600	8272500	8755500
246	7591000	8196600	8272800	8755000
247	7591000	8197000	8273600	8755500
248	7590900	8196500	8273400	8755700
249	7591600	8197200	8273600	8756300
250	7591800	8197400	8274000	8756500
251	7591300	8197400	8273800	8756000
252	7591600	8197300	8273200	8756300
253	7591400	8197100	8274000	8755700
254	7590600	8196700	8273400	8755400
255	7591500	8197300	8273700	8756200
256	7591300	8196800	8273000	8755500
257	7590900	8196800	8272500	8756000
258	7590600	8196200	8272800	8755100
259	7591000	8196800	8273700	8755800
260	7591400	8197000	8273400	8755700
261	7591300	8197000	8273200	8756100
262	7590900	8196500	8273400	8755200
263	7591200	8196900	8273200	8755900
264	7591100	8196700	8273800	8755700
265	7591000	8196500	8272600	8755600
266	7591000	8196500	8272900	8755600
267	7590500	8196600	8273000	8755800
268	7590600	8196200	8272100	8755700
269	7591200	8197000	8273200	8755800
270	7591300	8196800	8273700	8755800
271	7591500	8197200	8273200	8755800
272	7590900	8196400	8273400	8755400
273	7591500	8197200	8273500	8756100
274	7591200	8197100	8274300	8756000
275	7590400	8196400	8272900	8755000
276	7590200	8195900	8272300	8736900
277	7590500	8196500	8273300	8755400
278	7590300	8195800	8272600	8755100
279	7590900	8196500	8272300	8755700
280	7591300	8196800	8274000	8756100
281	7590700	8196700	8273400	8755600
282	7590900	8196600	8272600	8755500
283	7591000	8196600	8272400	8755500
284	7591200	8196900	8272000	8756000
285	7591200	8196900	8273400	8755900
286	7591600	8197500	8273700	8756200
287	7591600	8197400	8273300	8755600
288	7591700	8197600	8274000	8756300
289	7590900	8197300	8273500	8755500
290	7591300	8197100	8274200	8756200
291	7590400	8196600	8272100	8754800
292	7590700	8196700	8272500	8755000
293	7590500	8196600	8272800	8754800
294	7590500	8196300	8273300	8755100
295	7590800	8196900	8273400	8755700
296	7590300	8196300	8272400	8754900
297	7589800	8195700	8272500	8754500
298	7590100	8195900	8272300	8754300
299	7590700	8197000	8273500	8755700
300	7591000	8196800	8274200	8756100
301	7590900	8197200	8272700	8755400
302	7590800	8196900	8274000	8756000
303	7590300	8196700	8272900	8755000
304	7590200	8196500	8272500	8755300
305	7591100	8197000	8273100	8755400
306	7591100	8197000	8273600	8755700
307	7591100	8197000	8273300	8755800
308	7591100	8197100	8273500	8755800
309	7590800	8197100	8273800	8755400
310	7591700	8197500	8272900	8756300
311	7590900	8196900	8273000	8755900
312	7591100	8197100	8272400	8756100
313	7591200	8197200	8273600	8755700
314	7591200	8197000	8273700	8756100
315	7591700	8197600	8273700	8755900
316	7591700	8197500	8273600	8755800
317	7591300	8197400	8273700	8756000
318	7591300	8197200	8273000	8755200
319	7591300	8197400	8272800	8755200
320	7590600	8196600	8273200	8755000
321	7590900	8196700	8273400	8755000
322	7590700	8196600	8272600	8755100
323	7590600	8196400	8272300	8754900
324	7590300	8196100	8273200	8755300
325	7590600	8196600	8273300	8754800
326	7590500	8196200	8272800	8755100
327	7590800	8196900	8273400	8755000
328	7590800	8196700	8273000	8755300
329	7590800	8196900	8272400	8755400
330	7590800	8196600	8273500	8755400
331	7590900	8197100	8274200	8755500
332	7590000	8196000	8271900	8754200
333	7590200	8196200	8273200	8755000
334	7589900	8195400	8272500	8754400
335	7590900	8196700	8272800	8754900
336	7590600	8196300	8272900	8754900
337	7590700	8196800	8273000	8755800
338	7590600	8196300	8272000	8755200
339	7590000	8195700	8272100	8754500
340	7590300	8195900	8272400	8754500
341	7590400	8196300	8273100	8755000
342	7590800	8196700	8273700	8756400
343	7591000	8196800	8272900	8755000
344	7590100	8196100	8272600	8754900
345	7591100	8197000	8273000	8755500
346	7590500	8196000	8271800	8754900
347	7590900	8196700	8272600	8755200
348	7591300	8196900	8272800	8755600
349	7590800	8196600	8273200	8755000
350	7590600	8196200	8273100	8754600
351	7590800	8196600	8273600	8755400
352	7590300	8195900	8272600	8754800
353	7590200	8196000	8271900	8754400
354	7590400	8196100	8273100	8755000
355	7590700	8196600	8273300	8755400
356	7590500	8196500	8272900	8755200
357	7590100	8196200	8272400	8755200
358	7590300	8195900	8272800	8754900
359	7590600	8196500	8273200	8755000
360	7590500	8196100	8273200	8754700
361	7591000	8196900	8273600	8738700
362	7590200	8195700	8272400	8754600
363	7590200	8195900	8272500	8754600
364	7590800	8196200	8272600	8754800
365	7590800	8196500	8272400	8755100
366	7590400	8196200	8272800	8754800
367	7590700	8196500	8273200	8754900
368	7590500	8196200	8273100	8754800
369	7590900	8196700	8273400	8755500
370	7590800	8196800	8272600	8755200
371	7591300	8197000	8272800	8755700
372	7590700	8196300	8272900	8755000
373	7589900	8196000	8272100	8754900
374	7590200	8195800	8272000	8754200
375	7590100	8196000	8272200	8754700
376	7590100	8195800	8271900	8754800
377	7590500	8196800	8273600	8755400
378	7590400	8196200	8273100	8755400
379	7590600	8196700	8273300	8755400
380	7590200	8196100	8272700	8754800
381	7590700	8196700	8273900	8755500
382	7591300	8197100	8273900	8756000
383	7591600	8197600	8274500	8756300
384	7590800	8197100	8272600	8755400
385	7591100	8197200	8273100	8755600
386	7591400	8197300	8274200	8756300
387	7590900	8197200	8272900	8755000
388	7590500	8196400	8273000	8755400
389	7590900	8197000	8272500	8755400
390	7591000	8196700	8273400	8755100
391	7590700	8197100	8272800	8755000
392	7590200	8196400	8273100	8754800
393	7591100	8197100	8273800	8737500
394	7590800	8196400	8272400	8755300
395	7590500	8196800	8273100	8755300
396	7590800	8196800	8273700	8755700
397	7591400	8197500	8273500	8755500
398	7591200	8197400	8274600	8756000
399	7590700	8197500	8272800	8755100
400	7590700	8197200	8273600	8755200
401	7591100	8197300	8273600	8755800
402	7591100	8196900	8273600	8755900
403	7591400	8197400	8273800	8756000
404	7591600	8197400	8272700	8756100
405	7591800	8197900	8274700	8756500
406	7591200	8197200	8273600	8755700
407	7591000	8197200	8273400	8755700
408	7590800	8196600	8272900	8755200
409	7590900	8197600	8273500	8756300
410	7591000	8197100	8274200	8756000
411	7590600	8197100	8272600	8755100
412	7590800	8196600	8272600	8755500
413	7590900	8196900	8272800	8755600
414	7590300	8196300	8273100	8754900
415	7590700	8196500	8273400	8755500
416	7590500	8196000	8272600	8754800
417	7590300	8196000	8272300	8754600
418	7590100	8195800	8273200	8754800
419	7590700	8196600	8273300	8754800
420	7590500	8196300	8273000	8755100
421	7590900	8196600	8272400	8737300
422	7590400	8196300	8273000	8755100
423	7590500	8196500	8272200	8739100
424	7590300	8196000	8271900	8755200
425	7590800	8196600	8273600	8755400
426	7590500	8196100	8272900	8755100
427	7589800	8195800	8272200	8754900
428	7590200	8195900	8271900	8754800
429	7590700	8196700	8273300	8755400
430	7590600	8196400	8272900	8755200
431	7591100	8197100	8273300	8755900
432	7590600	8196500	8273100	8755100
433	7590700	8196800	8273400	8705000
434	7591500	8197300	8273400	8755800
435	7591400	8197300	8273400	8755600
436	7591000	8196700	8272900	8755400
437	7590900	8197200	8273000	8755700
438	7591200	8197000	8272500	8755800
439	7591600	8197500	8273500	8755600
440	7591200	8197300	8274300	8756000
441	7591500	8198000	8274200	8756100
442	7590800	8197000	8272700	8755200
443	7591500	8197700	8274600	8756300
444	7590900	8196700	8272400	8755400
445	7591500	8197300	8273700	8755900
446	7591600	8197300	8273300	8755400
447	7591700	8197800	8274100	8756400
448	7591200	8197400	8273200	8755200
449	7592000	8198100	8274500	8756000
450	7591500	8197400	8272700	8755800
451	7591800	8197800	8274700	8756300
452	7591200	8197200	8273800	8755800
453	7591800	8197500	8273000	8756300
454	7591400	8197000	8272600	8755900
455	7591900	8197500	8273200	8755900
456	7591500	8197200	8273800	8755300
457	7591800	8197400	8272900	8756100
458	7590700	8196400	8272900	8755400
459	7590800	8196500	8272800	8755300
460	7591100	8196900	8273700	8755300
461	7591600	8197200	8273100	8755200
462	7591600	8197100	8273800	8755600
463	7591000	8196700	8272500	8755100
464	7590600	8196100	8272500	8754600
465	7591000	8196500	8273100	8755100
466	7590300	8195900	8272800	8754900
467	7590300	8196200	8272800	8754700
468	7590300	8196100	8272900	8754400
469	7590600	8196600	8272800	8755300
470	7590200	8195800	8272600	8754400
471	7590500	8196200	8272100	8754600
472	7590300	8195800	8272200	8754400
473	7590000	8195600	8271500	8754500
474	7590400	8196300	8273100	8755100
475	7591000	8197500	8273900	8755800
476	7591200	8197100	8273900	8755900
477	7591000	8197200	8273900	8755900
478	7591500	8197700	8274600	8756500
479	7590900	8197400	8272600	8755500
480	7590900	8196800	8272800	8755400
481	7590900	8196800	8273500	8755300
482	7591500	8197600	8274800	8755500
483	7591200	8197500	8273700	8754900
484	7591600	8197600	8273600	8755700
485	7591500	8197300	8273800	8756000
486	7591700	8197400	8272900	8755900
487	7591000	8197100	8273200	8755800
488	7590700	8196400	8273100	8754700
489	7590800	8197100	8273200	8755300
490	7590300	8196100	8272900	8754500
491	7590400	8196500	8272500	8755200
492	7591100	8196600	8273000	8755100
493	7590500	8196500	8271900	8755100
494	7591100	8197100	8273800	8755700
495	7591400	8197500	8272800	8755700
496	7591200	8197300	8273700	8755400
497	7591800	8198200	8273700	8755900
498	7591500	8197700	8273200	8755300
499	7591400	8197500	8273800	8755400

============================================================
# BITSTREAM: 1ms_3etapas.bit
# VENTANA: 1ms
# ETAPAS_PRINCIPAL: 3
# NUM_MUESTRAS: 500
# FORMATO: idx	freq1_hz	freq2_hz	freq3_hz	freq4_hz
============================================================
idx	freq1_hz	freq2_hz	freq3_hz	freq4_hz
0	36213000	36213000	36213000	36213000
1	36217000	36217000	36217000	36217000
2	36218000	36218000	36218000	36218000
3	36220000	36220000	36220000	36220000
4	36216000	36216000	36216000	36216000
5	36218000	36218000	36218000	36218000
6	36219000	36219000	36219000	36219000
7	36215000	36215000	36215000	36215000
8	36215000	36215000	36215000	36215000
9	36222000	36222000	36222000	36223000
10	36214000	36214000	36214000	36214000
11	36215000	36216000	36216000	36216000
12	36215000	36215000	36215000	36215000
13	36210000	36210000	36210000	36209000
14	36216000	36216000	36215000	36215000
15	36220000	36220000	36220000	36220000
16	36219000	36219000	36219000	36218000
17	36219000	36219000	36219000	36219000
18	36216000	36216000	36216000	36215000
19	36212000	36212000	36212000	36212000
20	36216000	36216000	36216000	36215000
21	36221000	36221000	36221000	36221000
22	36223000	36223000	36223000	36223000
23	36218000	36218000	36218000	36218000
24	36218000	36218000	36218000	36218000
25	36219000	36219000	36219000	36219000
26	36216000	36216000	36216000	36216000
27	36220000	36220000	36220000	36220000
28	36216000	36216000	36216000	36216000
29	36219000	36219000	36219000	36219000
30	36223000	36223000	36223000	36223000
31	36220000	36220000	36220000	36220000
32	36218000	36218000	36218000	36218000
33	36217000	36217000	36217000	36217000
34	36216000	36216000	36216000	36216000
35	36219000	36220000	36220000	36220000
36	36217000	36216000	36216000	36216000
37	36216000	36216000	36216000	36216000
38	36217000	36217000	36217000	36217000
39	36217000	36216000	36216000	36216000
40	36220000	36221000	36221000	36221000
41	36221000	36221000	36221000	36221000
42	36217000	36217000	36217000	36217000
43	36222000	36222000	36222000	36222000
44	36223000	36223000	36223000	36223000
45	36218000	36218000	36219000	36219000
46	36219000	36219000	36219000	36219000
47	36218000	36218000	36218000	36218000
48	36221000	36221000	36222000	36222000
49	36226000	36226000	36226000	36226000
50	36221000	36221000	36221000	36221000
51	36219000	36219000	36219000	36219000
52	36219000	36219000	36219000	36218000
53	36221000	36221000	36221000	36221000
54	36222000	36222000	36222000	36221000
55	36219000	36219000	36219000	36219000
56	36218000	36219000	36219000	36219000
57	36225000	36225000	36225000	36225000
58	36219000	36218000	36218000	36218000
59	36219000	36219000	36218000	36218000
60	36220000	36220000	36220000	36220000
61	36220000	36220000	36220000	36220000
62	36218000	36218000	36218000	36218000
63	36218000	36218000	36218000	36218000
64	36216000	36216000	36216000	36216000
65	36217000	36218000	36218000	36218000
66	36220000	36220000	36220000	36220000
67	36221000	36221000	36221000	36221000
68	36218000	36218000	36218000	36218000
69	36217000	36217000	36217000	36217000
70	36219000	36219000	36219000	36219000
71	36215000	36215000	36215000	36221000
72	36218000	36218000	36218000	36218000
73	36218000	36218000	36218000	36218000
74	36220000	36220000	36220000	36220000
75	36216000	36217000	36217000	36217000
76	36216000	36216000	36216000	36215000
77	36213000	36213000	36213000	36213000
78	36214000	36214000	36214000	36213000
79	36216000	36216000	36216000	36216000
80	36216000	36216000	36216000	36216000
81	36216000	36216000	36216000	36216000
82	36215000	36216000	36216000	36216000
83	36216000	36216000	36216000	36216000
84	36220000	36220000	36220000	36220000
85	36219000	36219000	36219000	36219000
86	36221000	36221000	36221000	36221000
87	36221000	36221000	36221000	36220000
88	36226000	36226000	36226000	36226000
89	36223000	36223000	36223000	36223000
90	36218000	36218000	36218000	36218000
91	36228000	36228000	36228000	36228000
92	36221000	36221000	36221000	36221000
93	36219000	36220000	36220000	36220000
94	36216000	36216000	36216000	36216000
95	36215000	36214000	36214000	36220000
96	36217000	36217000	36217000	36217000
97	36217000	36217000	36217000	36217000
98	36220000	36221000	36221000	36221000
99	36222000	36221000	36220000	36221000
100	36219000	36219000	36219000	36219000
101	36217000	36217000	36217000	36217000
102	36216000	36216000	36215000	36215000
103	36214000	36214000	36214000	36214000
104	36217000	36217000	36217000	36218000
105	36215000	36215000	36216000	36216000
106	36218000	36218000	36218000	36218000
107	36219000	36219000	36220000	36220000
108	36219000	36219000	36219000	36219000
109	36220000	36219000	36219000	36219000
110	36222000	36221000	36221000	36221000
111	36216000	36216000	36216000	36215000
112	36220000	36219000	36219000	36219000
113	36218000	36218000	36218000	36218000
114	36219000	36219000	36219000	36219000
115	36216000	36216000	36216000	36216000
116	36217000	36217000	36216000	36216000
117	36220000	36221000	36221000	36221000
118	36218000	36218000	36218000	36218000
119	36221000	36221000	36221000	36221000
120	36217000	36217000	36217000	36217000
121	36219000	36219000	36219000	36218000
122	36220000	36220000	36220000	36220000
123	36216000	36216000	36216000	36217000
124	36220000	36221000	36221000	36221000
125	36217000	36217000	36217000	36217000
126	36218000	36218000	36218000	36218000
127	36216000	36216000	36216000	36216000
128	36216000	36216000	36217000	36217000
129	36219000	36219000	36219000	36219000
130	36222000	36222000	36222000	36222000
131	36219000	36219000	36219000	36219000
132	36217000	36217000	36217000	36217000
133	36223000	36223000	36223000	36223000
134	36216000	36216000	36216000	36215000
135	36216000	36216000	36216000	36216000
136	36217000	36217000	36217000	36217000
137	36220000	36220000	36220000	36220000
138	36217000	36217000	36217000	36217000
139	36220000	36220000	36220000	36219000
140	36220000	36220000	36220000	36220000
141	36217000	36217000	36217000	36217000
142	36220000	36220000	36220000	36220000
143	36218000	36218000	36218000	36218000
144	36218000	36218000	36218000	36217000
145	36213000	36213000	36213000	36213000
146	36216000	36216000	36216000	36215000
147	36216000	36216000	36216000	36216000
148	36215000	36214000	36214000	36214000
149	36214000	36214000	36214000	36215000
150	36215000	36215000	36215000	36215000
151	36208000	36208000	36208000	36208000
152	36214000	36214000	36214000	36214000
153	36209000	36209000	36209000	36209000
154	36218000	36218000	36218000	36218000
155	36218000	36218000	36218000	36218000
156	36219000	36219000	36219000	36219000
157	36220000	36220000	36220000	36220000
158	36217000	36217000	36217000	36217000
159	36220000	36220000	36220000	36222000
160	36219000	36219000	36219000	36219000
161	36215000	36215000	36215000	36215000
162	36215000	36215000	36215000	36215000
163	36216000	36216000	36216000	36216000
164	36219000	36219000	36219000	36218000
165	36219000	36219000	36219000	36219000
166	36215000	36215000	36215000	36215000
167	36214000	36214000	36214000	36214000
168	36215000	36215000	36215000	36216000
169	36218000	36218000	36218000	36219000
170	36213000	36213000	36213000	36213000
171	36217000	36217000	36217000	36217000
172	36215000	36215000	36215000	36216000
173	36219000	36219000	36219000	36219000
174	36215000	36215000	36215000	36215000
175	36214000	36214000	36214000	36214000
176	36214000	36214000	36214000	36215000
177	36217000	36217000	36217000	36217000
178	36216000	36216000	36216000	36216000
179	36219000	36220000	36220000	36220000
180	36217000	36217000	36217000	36217000
181	36217000	36217000	36217000	36217000
182	36213000	36213000	36213000	36213000
183	36222000	36221000	36221000	36221000
184	36219000	36219000	36219000	36219000
185	36215000	36215000	36215000	36215000
186	36219000	36219000	36218000	36218000
187	36220000	36220000	36220000	36220000
188	36215000	36214000	36214000	36214000
189	36215000	36215000	36215000	36215000
190	36215000	36215000	36215000	36215000
191	36210000	36210000	36210000	36210000
192	36214000	36214000	36214000	36214000
193	36217000	36217000	36217000	36216000
194	36214000	36214000	36214000	36214000
195	36217000	36217000	36217000	36217000
196	36212000	36212000	36213000	36213000
197	36212000	36212000	36212000	36212000
198	36212000	36212000	36212000	36211000
199	36204000	36204000	36204000	36204000
200	36213000	36213000	36213000	36213000
201	36208000	36192000	36192000	36208000
202	36210000	36210000	36210000	36210000
203	36212000	36212000	36212000	36214000
204	36211000	36211000	36211000	36211000
205	36219000	36219000	36219000	36219000
206	36215000	36215000	36214000	36215000
207	36215000	36215000	36215000	36215000
208	36214000	36215000	36215000	36215000
209	36213000	36213000	36213000	36213000
210	36217000	36217000	36217000	36217000
211	36209000	36209000	36209000	36209000
212	36215000	36215000	36215000	36215000
213	36218000	36218000	36218000	36218000
214	36214000	36215000	36215000	36213000
215	36215000	36215000	36215000	36215000
216	36218000	36218000	36218000	36219000
217	36214000	36214000	36214000	36214000
218	36214000	36214000	36214000	36214000
219	36211000	36211000	36211000	36212000
220	36211000	36211000	36211000	36211000
221	36213000	36213000	36213000	36213000
222	36213000	36213000	36213000	36213000
223	36215000	36215000	36215000	36215000
224	36222000	36221000	36221000	36221000
225	36218000	36218000	36218000	36218000
226	36219000	36219000	36219000	36219000
227	36213000	36213000	36213000	36213000
228	36216000	36216000	36216000	36216000
229	36214000	36214000	36214000	36214000
230	36227000	36227000	36227000	36227000
231	36223000	36223000	36223000	36223000
232	36223000	36223000	36223000	36223000
233	36219000	36219000	36219000	36219000
234	36221000	36221000	36221000	36221000
235	36217000	36217000	36217000	36218000
236	36216000	36216000	36216000	36216000
237	36216000	36217000	36217000	36217000
238	36217000	36217000	36217000	36217000
239	36217000	36217000	36217000	36217000
240	36217000	36217000	36217000	36217000
241	36218000	36218000	36218000	36218000
242	36218000	36218000	36218000	36218000
243	36223000	36223000	36223000	36223000
244	36221000	36221000	36221000	36222000
245	36220000	36220000	36220000	36221000
246	36220000	36220000	36220000	36220000
247	36215000	36215000	36215000	36215000
248	36215000	36215000	36215000	36215000
249	36221000	36221000	36221000	36221000
250	36216000	36216000	36215000	36215000
251	36223000	36223000	36223000	36223000
252	36222000	36222000	36222000	36222000
253	36218000	36218000	36218000	36218000
254	36219000	36219000	36219000	36219000
255	36217000	36217000	36217000	36217000
256	36218000	36217000	36217000	36217000
257	36221000	36221000	36221000	36221000
258	36222000	36222000	36222000	36222000
259	36218000	36218000	36218000	36218000
260	36218000	36218000	36218000	36218000
261	36223000	36223000	36223000	36223000
262	36216000	36215000	36215000	36215000
263	36220000	36220000	36220000	36220000
264	36223000	36223000	36223000	36223000
265	36218000	36218000	36218000	36219000
266	36219000	36219000	36219000	36219000
267	36219000	36219000	36219000	36219000
268	36218000	36218000	36218000	36218000
269	36220000	36221000	36221000	36221000
270	36220000	36220000	36220000	36220000
271	36221000	36221000	36221000	36221000
272	36221000	36220000	36220000	36221000
273	36219000	36219000	36219000	36219000
274	36212000	36212000	36212000	36212000
275	36213000	36213000	36213000	36213000
276	36214000	36215000	36215000	36215000
277	36219000	36219000	36219000	36219000
278	36218000	36218000	36218000	36218000
279	36214000	36214000	36214000	36213000
280	36218000	36218000	36218000	36218000
281	36220000	36220000	36220000	36219000
282	36214000	36214000	36214000	36214000
283	36215000	36215000	36215000	36215000
284	36216000	36215000	36215000	36216000
285	36220000	36220000	36220000	36219000
286	36219000	36219000	36219000	36219000
287	36217000	36217000	36217000	36217000
288	36218000	36218000	36218000	36219000
289	36222000	36222000	36222000	36222000
290	36224000	36224000	36224000	36225000
291	36224000	36224000	36240000	36224000
292	36220000	36220000	36220000	36220000
293	36224000	36224000	36224000	36224000
294	36219000	36219000	36219000	36220000
295	36225000	36225000	36241000	36225000
296	36224000	36225000	36225000	36224000
297	36217000	36217000	36217000	36219000
298	36218000	36218000	36218000	36218000
299	36216000	36216000	36216000	36217000
300	36219000	36219000	36219000	36219000
301	36222000	36222000	36222000	36221000
302	36221000	36221000	36221000	36221000
303	36219000	36219000	36219000	36219000
304	36216000	36216000	36216000	36216000
305	36215000	36215000	36215000	36215000
306	36217000	36217000	36217000	36216000
307	36219000	36219000	36219000	36218000
308	36218000	36218000	36218000	36218000
309	36217000	36217000	36217000	36216000
310	36217000	36217000	36217000	36216000
311	36221000	36222000	36222000	36222000
312	36216000	36216000	36216000	36216000
313	36218000	36219000	36219000	36219000
314	36217000	36218000	36218000	36218000
315	36214000	36214000	36213000	36213000
316	36221000	36221000	36221000	36221000
317	36217000	36217000	36217000	36217000
318	36218000	36218000	36218000	36218000
319	36217000	36217000	36217000	36217000
320	36218000	36218000	36218000	36218000
321	36223000	36223000	36223000	36221000
322	36222000	36222000	36222000	36221000
323	36222000	36222000	36222000	36221000
324	36215000	36215000	36215000	36216000
325	36221000	36221000	36220000	36221000
326	36221000	36221000	36221000	36221000
327	36221000	36221000	36221000	36221000
328	36221000	36221000	36221000	36221000
329	36222000	36221000	36221000	36221000
330	36222000	36222000	36222000	36222000
331	36220000	36220000	36220000	36220000
332	36215000	36215000	36215000	36216000
333	36221000	36222000	36222000	36222000
334	36219000	36219000	36219000	36219000
335	36225000	36225000	36225000	36226000
336	36219000	36219000	36219000	36219000
337	36217000	36217000	36217000	36217000
338	36220000	36220000	36220000	36220000
339	36225000	36225000	36225000	36225000
340	36225000	36225000	36225000	36225000
341	36224000	36224000	36224000	36224000
342	36224000	36225000	36225000	36225000
343	36226000	36226000	36226000	36225000
344	36226000	36226000	36226000	36226000
345	36223000	36223000	36223000	36317000
346	36223000	36224000	36224000	36223000
347	36220000	36220000	36220000	36220000
348	36222000	36222000	36222000	36222000
349	36221000	36221000	36221000	36221000
350	36226000	36226000	36226000	36226000
351	36219000	36219000	36219000	36218000
352	36217000	36218000	36218000	36218000
353	36222000	36222000	36222000	36222000
354	36220000	36220000	36220000	36220000
355	36219000	36219000	36219000	36219000
356	36218000	36218000	36218000	36218000
357	36218000	36218000	36218000	36218000
358	36218000	36218000	36217000	36217000
359	36219000	36219000	36219000	36219000
360	36223000	36223000	36223000	36223000
361	36219000	36220000	36220000	36220000
362	36220000	36220000	36220000	36220000
363	36222000	36222000	36222000	36222000
364	36214000	36214000	36214000	36214000
365	36223000	36223000	36223000	36223000
366	36220000	36220000	36220000	36219000
367	36219000	36219000	36219000	36219000
368	36222000	36222000	36222000	36222000
369	36217000	36217000	36217000	36217000
370	36220000	36220000	36221000	36221000
371	36216000	36216000	36216000	36216000
372	36217000	36217000	36217000	36217000
373	36218000	36218000	36218000	36218000
374	36222000	36222000	36222000	36222000
375	36219000	36219000	36219000	36218000
376	36220000	36220000	36220000	36221000
377	36217000	36218000	36218000	36218000
378	36217000	36216000	36216000	36216000
379	36224000	36224000	36224000	36224000
380	36220000	36220000	36220000	36221000
381	36220000	36220000	36220000	36220000
382	36222000	36222000	36222000	36221000
383	36223000	36223000	36223000	36223000
384	36219000	36219000	36219000	36219000
385	36223000	36223000	36223000	36222000
386	36224000	36224000	36224000	36224000
387	36226000	36226000	36226000	36227000
388	36225000	36225000	36225000	36225000
389	36222000	36222000	36222000	36221000
390	36221000	36221000	36221000	36222000
391	36213000	36213000	36212000	36213000
392	36218000	36218000	36218000	36218000
393	36213000	36213000	36213000	36214000
394	36217000	36217000	36217000	36216000
395	36218000	36218000	36218000	36218000
396	36221000	36221000	36221000	36221000
397	36215000	36215000	36215000	36214000
398	36219000	36219000	36219000	36219000
399	36218000	36218000	36218000	36218000
400	36215000	36215000	36215000	36215000
401	36216000	36216000	36216000	36216000
402	36220000	36220000	36220000	36219000
403	36215000	36216000	36216000	36216000
404	36217000	36217000	36217000	36217000
405	36218000	36218000	36218000	36218000
406	36217000	36217000	36217000	36217000
407	36221000	36221000	36221000	36221000
408	36218000	36218000	36218000	36219000
409	36224000	36224000	36224000	36224000
410	36219000	36219000	36219000	36219000
411	36218000	36218000	36218000	36218000
412	36220000	36220000	36219000	36219000
413	36220000	36220000	36220000	36220000
414	36219000	36219000	36219000	36219000
415	36216000	36216000	36216000	36216000
416	36221000	36221000	36221000	36221000
417	36220000	36220000	36220000	36219000
418	36218000	36218000	36218000	36218000
419	36218000	36218000	36218000	36218000
420	36219000	36219000	36219000	36220000
421	36224000	36224000	36224000	36224000
422	36223000	36223000	36223000	36223000
423	36224000	36223000	36223000	36224000
424	36222000	36222000	36222000	36222000
425	36221000	36221000	36221000	36220000
426	36221000	36222000	36222000	36222000
427	36223000	36223000	36223000	36223000
428	36226000	36226000	36226000	36226000
429	36222000	36222000	36222000	36222000
430	36223000	36223000	36223000	36223000
431	36229000	36229000	36245000	36229000
432	36224000	36224000	36224000	36224000
433	36218000	36218000	36218000	36219000
434	36219000	36220000	36220000	36220000
435	36224000	36224000	36224000	36224000
436	36224000	36224000	36224000	36224000
437	36223000	36223000	36223000	36223000
438	36222000	36222000	36222000	36222000
439	36222000	36222000	36222000	36221000
440	36222000	36222000	36222000	36222000
441	36220000	36220000	36220000	36220000
442	36221000	36220000	36220000	36220000
443	36225000	36225000	36225000	36225000
444	36221000	36221000	36221000	36222000
445	36222000	36222000	36222000	36222000
446	36222000	36222000	36222000	36222000
447	36221000	36221000	36221000	36222000
448	36220000	36220000	36220000	36220000
449	36221000	36220000	36220000	36220000
450	36221000	36221000	36221000	36221000
451	36218000	36218000	36218000	36219000
452	36219000	36219000	36219000	36219000
453	36218000	36218000	36218000	36218000
454	36220000	36220000	36220000	36220000
455	36226000	36226000	36225000	36225000
456	36223000	36223000	36223000	36223000
457	36221000	36221000	36221000	36221000
458	36219000	36219000	36219000	36219000
459	36219000	36219000	36219000	36219000
460	36221000	36221000	36221000	36221000
461	36223000	36223000	36224000	36224000
462	36215000	36215000	36215000	36215000
463	36219000	36219000	36219000	36219000
464	36221000	36221000	36221000	36221000
465	36217000	36217000	36217000	36217000
466	36219000	36219000	36219000	36219000
467	36219000	36219000	36219000	36219000
468	36224000	36223000	36223000	36223000
469	36216000	36216000	36216000	36215000
470	36218000	36219000	36219000	36219000
471	36221000	36221000	36221000	36221000
472	36220000	36220000	36220000	36220000
473	36222000	36221000	36221000	36222000
474	36218000	36218000	36218000	36218000
475	36221000	36221000	36221000	36220000
476	36220000	36220000	36220000	36220000
477	36221000	36221000	36221000	36221000
478	36224000	36224000	36224000	36224000
479	36220000	36220000	36220000	36220000
480	36221000	36221000	36221000	36221000
481	36220000	36220000	36220000	36220000
482	36224000	36223000	36223000	36224000
483	36211000	36211000	36211000	36211000
484	36216000	36216000	36216000	36216000
485	36215000	36216000	36216000	36216000
486	36216000	36216000	36216000	36216000
487	36217000	36217000	36217000	36217000
488	36220000	36220000	36220000	36220000
489	36220000	36221000	36221000	36221000
490	36218000	36218000	36218000	36218000
491	36221000	36221000	36221000	36222000
492	36222000	36222000	36222000	36222000
493	36221000	36220000	36220000	36220000
494	36221000	36221000	36221000	36221000
495	36221000	36221000	36221000	36223000
496	36222000	36222000	36222000	36222000
497	36218000	36219000	36219000	36219000
498	36222000	36222000	36222000	36222000
499	36216000	36216000	36216000	36216000

============================================================
# BITSTREAM: 1ms_5etapas.bit
# VENTANA: 1ms
# ETAPAS_PRINCIPAL: 5
# NUM_MUESTRAS: 500
# FORMATO: idx	freq1_hz	freq2_hz	freq3_hz	freq4_hz
============================================================
idx	freq1_hz	freq2_hz	freq3_hz	freq4_hz
0	34367000	34367000	34367000	34367000
1	34360000	34361000	34361000	34361000
2	34360000	34361000	34361000	34360000
3	34360000	34358000	34359000	34359000
4	34355000	34355000	34355000	34355000
5	34358000	34358000	34358000	34358000
6	34358000	34358000	34358000	34359000
7	34359000	34359000	34359000	34359000
8	34360000	34360000	34360000	34359000
9	34366000	34365000	34366000	34366000
10	34366000	34366000	34366000	34366000
11	34366000	34366000	34366000	34366000
12	34364000	34357000	34364000	34364000
13	34360000	34360000	34360000	34360000
14	34361000	34360000	34361000	34360000
15	34359000	34358000	34359000	34359000
16	34357000	34352000	34358000	34357000
17	34361000	34361000	34361000	34361000
18	34356000	34355000	34356000	34355000
19	34360000	34360000	34360000	34360000
20	34356000	34356000	34356000	34356000
21	34358000	34359000	34358000	34358000
22	34357000	34358000	34357000	34357000
23	34357000	34355000	34357000	34357000
24	34360000	34359000	34360000	34360000
25	34358000	34354000	34358000	34358000
26	34357000	34355000	34357000	34357000
27	34357000	34358000	34358000	34357000
28	34361000	34359000	34361000	34361000
29	34358000	34356000	34358000	34358000
30	34358000	34356000	34358000	34358000
31	34360000	34359000	34360000	34359000
32	34360000	34359000	34360000	34360000
33	34360000	34359000	34360000	34360000
34	34361000	34361000	34361000	34361000
35	34358000	34357000	34358000	34358000
36	34360000	34359000	34360000	34360000
37	34359000	34359000	34359000	34359000
38	34360000	34360000	34360000	34360000
39	34363000	34360000	34363000	34363000
40	34364000	34356000	34364000	34363000
41	34358000	34358000	34358000	34358000
42	34361000	34359000	34362000	34361000
43	34360000	34360000	34360000	34359000
44	34365000	34365000	34365000	34365000
45	34357000	34358000	34357000	34357000
46	34358000	34356000	34358000	34358000
47	34358000	34356000	34358000	34357000
48	34359000	34358000	34359000	34359000
49	34351000	34352000	34352000	34351000
50	34352000	34349000	34352000	34352000
51	34358000	34346000	34358000	34358000
52	34360000	34354000	34360000	34360000
53	34362000	34353000	34362000	34362000
54	34358000	34358000	34358000	34358000
55	34356000	34356000	34356000	34356000
56	34361000	34356000	34361000	34361000
57	34355000	34355000	34355000	34355000
58	34356000	34357000	34356000	34356000
59	34359000	34359000	34359000	34359000
60	34357000	34355000	34357000	34357000
61	34357000	34358000	34357000	34357000
62	34357000	34357000	34357000	34357000
63	34356000	34356000	34356000	34356000
64	34359000	34359000	34359000	34359000
65	34364000	34359000	34364000	34363000
66	34359000	34352000	34359000	34359000
67	34357000	34349000	34357000	34357000
68	34355000	34351000	34355000	34355000
69	34356000	34353000	34356000	34355000
70	34359000	34360000	34360000	34359000
71	34353000	34353000	34353000	34353000
72	34354000	34352000	34354000	34354000
73	34358000	34357000	34358000	34358000
74	34366000	34352000	34358000	34358000
75	34354000	34354000	34354000	34354000
76	34353000	34353000	34354000	34353000
77	34358000	34358000	34358000	34358000
78	34356000	34356000	34356000	34356000
79	34359000	34354000	34358000	34359000
80	34359000	34356000	34359000	34359000
81	34359000	34350000	34358000	34359000
82	34361000	34360000	34360000	34360000
83	34365000	34363000	34365000	34366000
84	34360000	34358000	34360000	34360000
85	34364000	34363000	34363000	34364000
86	34361000	34359000	34361000	34361000
87	34363000	34363000	34363000	34364000
88	34360000	34360000	34360000	34360000
89	34363000	34363000	34362000	34363000
90	34356000	34355000	34355000	34356000
91	34359000	34360000	34359000	34360000
92	34360000	34360000	34360000	34360000
93	34363000	34362000	34363000	34363000
94	34360000	34360000	34360000	34360000
95	34364000	34365000	34365000	34364000
96	34362000	34361000	34363000	34362000
97	34366000	34354000	34366000	34366000
98	34356000	34357000	34356000	34356000
99	34361000	34361000	34361000	34361000
100	34362000	34358000	34362000	34363000
101	34354000	34354000	34355000	34354000
102	34357000	34357000	34357000	34357000
103	34360000	34359000	34360000	34360000
104	34360000	34361000	34360000	34360000
105	34362000	34362000	34362000	34362000
106	34364000	34361000	34364000	34364000
107	34365000	34365000	34365000	34365000
108	34363000	34363000	34363000	34363000
109	34357000	34358000	34357000	34357000
110	34360000	34358000	34360000	34360000
111	34361000	34361000	34361000	34361000
112	34363000	34363000	34363000	34363000
113	34357000	34357000	34358000	34357000
114	34357000	34357000	34357000	34358000
115	34356000	34356000	34356000	34356000
116	34358000	34359000	34358000	34358000
117	34359000	34358000	34359000	34359000
118	34360000	34360000	34360000	34360000
119	34362000	34362000	34362000	34362000
120	34358000	34358000	34358000	34358000
121	34359000	34359000	34359000	34359000
122	34359000	34359000	34359000	34359000
123	34356000	34356000	34356000	34356000
124	34357000	34358000	34357000	34357000
125	34357000	34357000	34357000	34358000
126	34354000	34353000	34354000	34354000
127	34360000	34361000	34361000	34360000
128	34356000	34356000	34356000	34356000
129	34355000	34355000	34355000	34355000
130	34358000	34357000	34358000	34358000
131	34358000	34359000	34358000	34358000
132	34356000	34355000	34356000	34356000
133	34359000	34358000	34359000	34359000
134	34360000	34360000	34360000	34360000
135	34360000	34359000	34360000	34360000
136	34365000	34364000	34365000	34365000
137	34361000	34361000	34361000	34361000
138	34357000	34357000	34357000	34357000
139	34359000	34358000	34358000	34359000
140	34359000	34359000	34359000	34358000
141	34361000	34361000	34361000	34360000
142	34356000	34356000	34356000	34357000
143	34357000	34357000	34357000	34357000
144	34359000	34357000	34359000	34359000
145	34360000	34360000	34360000	34360000
146	34363000	34363000	34363000	34363000
147	34362000	34362000	34362000	34362000
148	34357000	34358000	34357000	34357000
149	34361000	34362000	34361000	34361000
150	34360000	34360000	34360000	34360000
151	34363000	34363000	34363000	34363000
152	34364000	34364000	34364000	34364000
153	34361000	34362000	34362000	34361000
154	34359000	34359000	34359000	34359000
155	34364000	34364000	34364000	34364000
156	34361000	34361000	34362000	34361000
157	34362000	34362000	34362000	34362000
158	34364000	34364000	34364000	34364000
159	34363000	34363000	34363000	34363000
160	34359000	34360000	34359000	34359000
161	34361000	34361000	34361000	34361000
162	34358000	34358000	34358000	34358000
163	34359000	34360000	34359000	34360000
164	34362000	34362000	34363000	34362000
165	34365000	34364000	34365000	34365000
166	34363000	34363000	34363000	34363000
167	34365000	34364000	34365000	34365000
168	34363000	34361000	34363000	34363000
169	34358000	34358000	34358000	34358000
170	34362000	34362000	34362000	34362000
171	34362000	34363000	34363000	34363000
172	34362000	34362000	34363000	34362000
173	34364000	34364000	34364000	34365000
174	34363000	34363000	34363000	34363000
175	34359000	34359000	34359000	34358000
176	34364000	34364000	34364000	34364000
177	34360000	34360000	34360000	34360000
178	34362000	34363000	34362000	34362000
179	34362000	34362000	34362000	34362000
180	34362000	34361000	34362000	34362000
181	34365000	34364000	34364000	34365000
182	34363000	34364000	34364000	34363000
183	34363000	34363000	34363000	34364000
184	34365000	34364000	34365000	34365000
185	34364000	34363000	34364000	34364000
186	34362000	34360000	34363000	34362000
187	34361000	34360000	34360000	34361000
188	34358000	34358000	34358000	34358000
189	34363000	34363000	34363000	34364000
190	34365000	34365000	34364000	34365000
191	34363000	34362000	34363000	34363000
192	34362000	34362000	34362000	34362000
193	34362000	34362000	34362000	34362000
194	34362000	34360000	34362000	34362000
195	34366000	34365000	34366000	34366000
196	34360000	34360000	34360000	34360000
197	34358000	34358000	34358000	34358000
198	34359000	34359000	34359000	34359000
199	34359000	34356000	34359000	34359000
200	34360000	34359000	34360000	34359000
201	34365000	34341000	34365000	34365000
202	34363000	34363000	34363000	34362000
203	34358000	34358000	34358000	34358000
204	34356000	34356000	34356000	34356000
205	34360000	34360000	34360000	34360000
206	34360000	34359000	34360000	34360000
207	34358000	34357000	34358000	34358000
208	34356000	34356000	34356000	34356000
209	34357000	34357000	34357000	34357000
210	34364000	34357000	34364000	34364000
211	34359000	34356000	34359000	34359000
212	34361000	34360000	34361000	34361000
213	34361000	34361000	34361000	34362000
214	34362000	34361000	34362000	34362000
215	34363000	34363000	34364000	34363000
216	34360000	34361000	34360000	34360000
217	34366000	34366000	34366000	34366000
218	34367000	34367000	34367000	34367000
219	34367000	34367000	34367000	34367000
220	34368000	34368000	34368000	34368000
221	34364000	34365000	34364000	34364000
222	34366000	34366000	34366000	34366000
223	34363000	34363000	34363000	34363000
224	34366000	34366000	34367000	34366000
225	34362000	34362000	34362000	34362000
226	34362000	34360000	34362000	34362000
227	34359000	34359000	34359000	34359000
228	34359000	34354000	34359000	34359000
229	34361000	34361000	34361000	34361000
230	34368000	34363000	34368000	34368000
231	34360000	34357000	34359000	34360000
232	34366000	34365000	34366000	34366000
233	34363000	34359000	34363000	34363000
234	34362000	34361000	34362000	34361000
235	34362000	34362000	34362000	34362000
236	34362000	34361000	34362000	34362000
237	34364000	34360000	34365000	34365000
238	34362000	34362000	34362000	34362000
239	34361000	34361000	34361000	34361000
240	34367000	34366000	34367000	34367000
241	34361000	34360000	34361000	34362000
242	34361000	34349000	34361000	34360000
243	34361000	34360000	34360000	34361000
244	34355000	34355000	34355000	34355000
245	34362000	34361000	34361000	34362000
246	34365000	34365000	34365000	34365000
247	34359000	34358000	34359000	34359000
248	34359000	34359000	34359000	34359000
249	34356000	34356000	34356000	34356000
250	34356000	34356000	34356000	34356000
251	34357000	34357000	34357000	34357000
252	34357000	34352000	34356000	34357000
253	34352000	34349000	34352000	34352000
254	34354000	34354000	34354000	34354000
255	34353000	34349000	34353000	34354000
256	34356000	34355000	34356000	34356000
257	34357000	34355000	34357000	34357000
258	34353000	34353000	34353000	34353000
259	34356000	34353000	34356000	34356000
260	34356000	34356000	34356000	34356000
261	34359000	34358000	34359000	34359000
262	34360000	34359000	34359000	34360000
263	34359000	34356000	34359000	34359000
264	34359000	34359000	34359000	34359000
265	34363000	34362000	34363000	34362000
266	34358000	34358000	34358000	34357000
267	34359000	34358000	34358000	34359000
268	34360000	34359000	34360000	34359000
269	34355000	34353000	34355000	34355000
270	34358000	34358000	34358000	34358000
271	34353000	34353000	34353000	34353000
272	34355000	34355000	34355000	34356000
273	34358000	34357000	34358000	34357000
274	34361000	34361000	34361000	34361000
275	34362000	34352000	34362000	34362000
276	34361000	34361000	34361000	34361000
277	34361000	34361000	34361000	34361000
278	34356000	34356000	34356000	34356000
279	34363000	34363000	34363000	34363000
280	34361000	34361000	34361000	34361000
281	34362000	34361000	34362000	34362000
282	34362000	34360000	34362000	34363000
283	34357000	34356000	34356000	34357000
284	34360000	34359000	34360000	34360000
285	34360000	34356000	34360000	34360000
286	34357000	34357000	34357000	34356000
287	34358000	34357000	34357000	34357000
288	34358000	34358000	34358000	34358000
289	34361000	34360000	34361000	34361000
290	34363000	34364000	34363000	34363000
291	34360000	34358000	34359000	34360000
292	34358000	34358000	34358000	34358000
293	34354000	34353000	34354000	34354000
294	34350000	34350000	34350000	34350000
295	34353000	34354000	34353000	34353000
296	34357000	34356000	34356000	34357000
297	34359000	34359000	34359000	34358000
298	34357000	34354000	34357000	34357000
299	34356000	34356000	34356000	34356000
300	34358000	34356000	34358000	34358000
301	34355000	34355000	34355000	34355000
302	34354000	34352000	34354000	34354000
303	34358000	34357000	34358000	34358000
304	34348000	34347000	34348000	34348000
305	34358000	34358000	34358000	34358000
306	34358000	34358000	34358000	34358000
307	34355000	34354000	34355000	34355000
308	34355000	34355000	34355000	34355000
309	34352000	34352000	34352000	34352000
310	34355000	34355000	34355000	34355000
311	34358000	34357000	34358000	34358000
312	34354000	34351000	34354000	34354000
313	34355000	34355000	34356000	34355000
314	34352000	34351000	34351000	34351000
315	34351000	34350000	34351000	34351000
316	34358000	34358000	34358000	34359000
317	34355000	34355000	34355000	34356000
318	34359000	34357000	34358000	34358000
319	34352000	34352000	34351000	34352000
320	34353000	34353000	34353000	34353000
321	34354000	34354000	34354000	34355000
322	34353000	34353000	34353000	34353000
323	34355000	34355000	34355000	34356000
324	34356000	34357000	34356000	34356000
325	34361000	34360000	34360000	34361000
326	34357000	34357000	34357000	34357000
327	34360000	34360000	34360000	34361000
328	34355000	34356000	34355000	34355000
329	34353000	34354000	34353000	34353000
330	34350000	34348000	34350000	34351000
331	34356000	34355000	34356000	34356000
332	34358000	34357000	34358000	34359000
333	34359000	34359000	34359000	34359000
334	34357000	34357000	34357000	34357000
335	34356000	34357000	34356000	34356000
336	34363000	34363000	34363000	34363000
337	34357000	34358000	34357000	34357000
338	34360000	34359000	34360000	34360000
339	34362000	34358000	34362000	34362000
340	34358000	34357000	34358000	34358000
341	34355000	34355000	34355000	34355000
342	34356000	34356000	34356000	34357000
343	34359000	34360000	34359000	34359000
344	34362000	34362000	34362000	34362000
345	34363000	34363000	34363000	34362000
346	34362000	34363000	34362000	34362000
347	34365000	34363000	34365000	34365000
348	34363000	34363000	34363000	34363000
349	34361000	34361000	34361000	34361000
350	34360000	34360000	34360000	34360000
351	34355000	34355000	34355000	34355000
352	34356000	34355000	34356000	34356000
353	34354000	34354000	34354000	34354000
354	34355000	34355000	34355000	34355000
355	34354000	34353000	34353000	34354000
356	34352000	34353000	34352000	34352000
357	34354000	34354000	34354000	34354000
358	34351000	34351000	34351000	34351000
359	34353000	34352000	34353000	34353000
360	34350000	34350000	34349000	34350000
361	34348000	34349000	34348000	34348000
362	34350000	34349000	34349000	34350000
363	34356000	34356000	34356000	34356000
364	34352000	34353000	34352000	34352000
365	34356000	34355000	34356000	34356000
366	34356000	34356000	34356000	34356000
367	34355000	34355000	34355000	34354000
368	34354000	34355000	34355000	34354000
369	34361000	34361000	34361000	34360000
370	34360000	34360000	34360000	34360000
371	34359000	34359000	34359000	34359000
372	34355000	34355000	34355000	34355000
373	34356000	34357000	34357000	34357000
374	34361000	34361000	34361000	34361000
375	34358000	34358000	34358000	34358000
376	34354000	34354000	34354000	34354000
377	34359000	34360000	34359000	34359000
378	34355000	34356000	34356000	34355000
379	34356000	34357000	34356000	34356000
380	34358000	34358000	34358000	34358000
381	34357000	34357000	34357000	34357000
382	34359000	34359000	34358000	34359000
383	34359000	34360000	34359000	34359000
384	34362000	34362000	34362000	34362000
385	34357000	34358000	34357000	34357000
386	34363000	34363000	34363000	34363000
387	34360000	34360000	34360000	34360000
388	34355000	34355000	34355000	34355000
389	34355000	34356000	34356000	34355000
390	34362000	34361000	34362000	34362000
391	34361000	34360000	34361000	34361000
392	34354000	34354000	34355000	34354000
393	34358000	34358000	34358000	34358000
394	34360000	34360000	34360000	34359000
395	34358000	34359000	34358000	34358000
396	34358000	34357000	34358000	34358000
397	34358000	34358000	34358000	34358000
398	34360000	34360000	34360000	34360000
399	34357000	34358000	34357000	34358000
400	34359000	34359000	34359000	34359000
401	34353000	34353000	34353000	34353000
402	34359000	34354000	34359000	34359000
403	34357000	34356000	34357000	34357000
404	34357000	34358000	34357000	34357000
405	34358000	34357000	34358000	34357000
406	34358000	34358000	34358000	34359000
407	34357000	34356000	34357000	34357000
408	34355000	34356000	34356000	34356000
409	34367000	34359000	34359000	34360000
410	34356000	34356000	34356000	34356000
411	34359000	34359000	34359000	34359000
412	34358000	34357000	34358000	34358000
413	34358000	34358000	34358000	34357000
414	34362000	34361000	34362000	34362000
415	34360000	34360000	34360000	34360000
416	34352000	34353000	34352000	34352000
417	34362000	34362000	34362000	34362000
418	34360000	34361000	34360000	34360000
419	34360000	34360000	34360000	34360000
420	34358000	34357000	34358000	34358000
421	34355000	34355000	34355000	34355000
422	34356000	34356000	34356000	34356000
423	34358000	34358000	34358000	34358000
424	34362000	34363000	34363000	34362000
425	34361000	34361000	34361000	34361000
426	34360000	34361000	34360000	34360000
427	34359000	34359000	34359000	34359000
428	34360000	34359000	34360000	34359000
429	34361000	34361000	34361000	34362000
430	34358000	34358000	34358000	34358000
431	34358000	34358000	34358000	34358000
432	34360000	34360000	34360000	34361000
433	34358000	34355000	34357000	34358000
434	34360000	34360000	34360000	34360000
435	34359000	34360000	34360000	34359000
436	34356000	34357000	34356000	34357000
437	34356000	34356000	34356000	34355000
438	34362000	34361000	34362000	34362000
439	34355000	34354000	34355000	34355000
440	34355000	34355000	34356000	34355000
441	34358000	34356000	34358000	34358000
442	34357000	34357000	34357000	34357000
443	34349000	34349000	34349000	34349000
444	34353000	34354000	34354000	34354000
445	34352000	34352000	34352000	34352000
446	34359000	34358000	34359000	34358000
447	34354000	34354000	34354000	34354000
448	34355000	34355000	34355000	34355000
449	34357000	34357000	34357000	34356000
450	34359000	34359000	34359000	34359000
451	34362000	34363000	34362000	34362000
452	34360000	34360000	34360000	34360000
453	34363000	34362000	34363000	34363000
454	34362000	34362000	34362000	34362000
455	34357000	34357000	34357000	34357000
456	34357000	34357000	34357000	34356000
457	34355000	34355000	34355000	34355000
458	34358000	34357000	34358000	34358000
459	34359000	34359000	34359000	34359000
460	34354000	34355000	34354000	34354000
461	34355000	34356000	34355000	34355000
462	34353000	34351000	34353000	34354000
463	34362000	34363000	34362000	34362000
464	34361000	34360000	34361000	34361000
465	34351000	34351000	34351000	34351000
466	34354000	34353000	34353000	34354000
467	34358000	34358000	34358000	34357000
468	34359000	34360000	34359000	34359000
469	34357000	34356000	34357000	34357000
470	34358000	34358000	34358000	34358000
471	34361000	34358000	34362000	34361000
472	34361000	34361000	34361000	34361000
473	34356000	34357000	34356000	34356000
474	34359000	34359000	34359000	34358000
475	34355000	34355000	34355000	34355000
476	34356000	34355000	34356000	34356000
477	34358000	34356000	34358000	34358000
478	34358000	34356000	34357000	34358000
479	34357000	34357000	34357000	34357000
480	34358000	34358000	34358000	34358000
481	34357000	34357000	34357000	34357000
482	34357000	34357000	34357000	34358000
483	34352000	34352000	34352000	34353000
484	34358000	34359000	34358000	34358000
485	34355000	34355000	34355000	34355000
486	34350000	34350000	34350000	34350000
487	34353000	34353000	34353000	34353000
488	34361000	34360000	34361000	34361000
489	34361000	34361000	34361000	34361000
490	34356000	34355000	34356000	34356000
491	34354000	34354000	34354000	34354000
492	34357000	34356000	34356000	34357000
493	34358000	34359000	34358000	34358000
494	34353000	34354000	34354000	34353000
495	34359000	34359000	34359000	34360000
496	34356000	34356000	34356000	34356000
497	34351000	34351000	34351000	34351000
498	34351000	34351000	34351000	34351000
499	34356000	34356000	34356000	34357000

============================================================
# BITSTREAM: 1ms_51etapas.bit
# VENTANA: 1ms
# ETAPAS_PRINCIPAL: 51
# NUM_MUESTRAS: 500
# FORMATO: idx	freq1_hz	freq2_hz	freq3_hz	freq4_hz
============================================================
idx	freq1_hz	freq2_hz	freq3_hz	freq4_hz
0	12639000	13033000	13195000	13459000
1	12641000	13034000	13194000	13459000
2	12642000	13033000	13195000	13460000
3	12642000	13035000	13196000	13460000
4	12643000	13037000	13196000	13460000
5	12642000	13035000	13198000	13460000
6	12641000	13035000	13199000	13459000
7	12641000	13035000	13197000	13459000
8	12641000	13034000	13196000	13460000
9	12643000	13035000	13196000	13460000
10	12640000	13034000	13195000	13459000
11	12642000	13036000	13196000	13460000
12	12642000	13036000	13197000	13460000
13	12642000	13035000	13197000	13460000
14	12642000	13038000	13199000	13460000
15	12641000	13035000	13198000	13459000
16	12639000	13033000	13195000	13458000
17	12640000	13035000	13196000	13460000
18	12640000	13034000	13194000	13459000
19	12641000	13034000	13196000	13460000
20	12640000	13033000	13196000	13458000
21	12641000	13035000	13197000	13460000
22	12641000	13035000	13196000	13459000
23	12641000	13034000	13196000	13459000
24	12641000	13033000	13197000	13459000
25	12641000	13034000	13196000	13458000
26	12638000	13030000	13193000	13458000
27	12640000	13033000	13195000	13460000
28	12640000	13034000	13195000	13460000
29	12641000	13034000	13196000	13459000
30	12641000	13035000	13195000	13460000
31	12640000	13034000	13195000	13459000
32	12641000	13035000	13195000	13459000
33	12640000	13034000	13195000	13459000
34	12640000	13035000	13195000	13458000
35	12639000	13033000	13194000	13458000
36	12639000	13033000	13195000	13458000
37	12639000	13032000	13194000	13458000
38	12640000	13034000	13195000	13460000
39	12640000	13034000	13195000	13457000
40	12641000	13035000	13195000	13460000
41	12640000	13034000	13196000	13460000
42	12640000	13035000	13195000	13459000
43	12639000	13032000	13194000	13458000
44	12639000	13034000	13195000	13458000
45	12640000	13034000	13195000	13459000
46	12642000	13036000	13197000	13460000
47	12641000	13035000	13196000	13460000
48	12641000	13034000	13195000	13459000
49	12640000	13034000	13195000	13460000
50	12641000	13035000	13196000	13460000
51	12640000	13035000	13195000	13459000
52	12641000	13034000	13195000	13460000
53	12641000	13035000	13195000	13460000
54	12642000	13036000	13197000	13459000
55	12641000	13035000	13195000	13457000
56	12641000	13033000	13195000	13458000
57	12640000	13034000	13197000	13459000
58	12641000	13035000	13196000	13460000
59	12640000	13033000	13196000	13458000
60	12640000	13035000	13197000	13460000
61	12639000	13032000	13195000	13459000
62	12639000	13033000	13195000	13458000
63	12638000	13031000	13194000	13457000
64	12638000	13031000	13195000	13458000
65	12640000	13032000	13194000	13458000
66	12637000	13030000	13194000	13456000
67	12639000	13032000	13195000	13458000
68	12638000	13032000	13194000	13457000
69	12638000	13033000	13195000	13458000
70	12638000	13032000	13194000	13457000
71	12642000	13036000	13195000	13459000
72	12641000	13035000	13196000	13460000
73	12640000	13032000	13195000	13458000
74	12639000	13033000	13195000	13458000
75	12640000	13034000	13195000	13458000
76	12640000	13034000	13195000	13458000
77	12638000	13032000	13194000	13457000
78	12638000	13033000	13194000	13458000
79	12637000	13031000	13195000	13457000
80	12638000	13032000	13194000	13456000
81	12640000	13032000	13195000	13458000
82	12639000	13033000	13194000	13458000
83	12639000	13033000	13194000	13458000
84	12639000	13032000	13194000	13458000
85	12640000	13035000	13196000	13459000
86	12639000	13032000	13194000	13458000
87	12640000	13035000	13196000	13459000
88	12639000	13032000	13193000	13457000
89	12639000	13032000	13195000	13457000
90	12639000	13033000	13195000	13459000
91	12638000	13031000	13194000	13456000
92	12639000	13033000	13196000	13459000
93	12639000	13034000	13196000	13457000
94	12638000	13033000	13196000	13457000
95	12640000	13036000	13196000	13460000
96	12640000	13033000	13195000	13458000
97	12641000	13034000	13196000	13459000
98	12640000	13033000	13195000	13460000
99	12638000	13032000	13196000	13458000
100	12637000	13032000	13195000	13456000
101	12639000	13032000	13195000	13457000
102	12639000	13033000	13195000	13457000
103	12640000	13033000	13195000	13458000
104	12640000	13033000	13195000	13458000
105	12640000	13034000	13196000	13458000
106	12640000	13034000	13195000	13459000
107	12639000	13034000	13196000	13459000
108	12639000	13033000	13193000	13459000
109	12640000	13034000	13197000	13459000
110	12639000	13033000	13195000	13458000
111	12640000	13033000	13196000	13459000
112	12639000	13033000	13197000	13457000
113	12640000	13033000	13194000	13458000
114	12639000	13034000	13195000	13458000
115	12638000	13032000	13195000	13456000
116	12639000	13032000	13195000	13458000
117	12640000	13033000	13195000	13458000
118	12640000	13034000	13195000	13458000
119	12638000	13033000	13195000	13458000
120	12638000	13032000	13194000	13458000
121	12637000	13030000	13194000	13456000
122	12638000	13032000	13195000	13457000
123	12637000	13030000	13194000	13457000
124	12638000	13032000	13195000	13458000
125	12637000	13030000	13194000	13456000
126	12637000	13029000	13193000	13456000
127	12636000	13029000	13192000	13455000
128	12637000	13031000	13194000	13456000
129	12637000	13029000	13194000	13457000
130	12638000	13029000	13193000	13458000
131	12638000	13030000	13195000	13457000
132	12639000	13031000	13195000	13457000
133	12638000	13031000	13195000	13456000
134	12638000	13032000	13194000	13456000
135	12637000	13029000	13193000	13457000
136	12637000	13029000	13193000	13457000
137	12637000	13030000	13193000	13456000
138	12638000	13029000	13193000	13457000
139	12638000	13031000	13194000	13456000
140	12638000	13031000	13194000	13457000
141	12637000	13030000	13194000	13457000
142	12638000	13031000	13193000	13456000
143	12639000	13033000	13194000	13459000
144	12636000	13031000	13193000	13456000
145	12638000	13032000	13195000	13457000
146	12639000	13033000	13194000	13457000
147	12638000	13031000	13194000	13457000
148	12639000	13034000	13197000	13458000
149	12638000	13033000	13195000	13457000
150	12638000	13031000	13194000	13457000
151	12638000	13034000	13196000	13456000
152	12639000	13032000	13195000	13458000
153	12638000	13031000	13194000	13456000
154	12638000	13031000	13194000	13458000
155	12641000	13034000	13196000	13460000
156	12640000	13032000	13195000	13458000
157	12638000	13033000	13196000	13457000
158	12639000	13032000	13195000	13457000
159	12640000	13035000	13195000	13458000
160	12637000	13031000	13194000	13457000
161	12639000	13034000	13195000	13458000
162	12640000	13034000	13194000	13458000
163	12639000	13033000	13194000	13458000
164	12640000	13033000	13193000	13458000
165	12641000	13035000	13195000	13458000
166	12641000	13035000	13195000	13460000
167	12642000	13036000	13196000	13459000
168	12641000	13035000	13196000	13460000
169	12641000	13035000	13196000	13458000
170	12641000	13034000	13196000	13460000
171	12639000	13033000	13194000	13458000
172	12640000	13033000	13197000	13458000
173	12639000	13033000	13194000	13457000
174	12640000	13034000	13197000	13457000
175	12641000	13034000	13198000	13459000
176	12640000	13033000	13196000	13458000
177	12639000	13033000	13194000	13458000
178	12640000	13033000	13196000	13459000
179	12642000	13036000	13197000	13458000
180	12639000	13033000	13196000	13458000
181	12640000	13032000	13196000	13457000
182	12639000	13033000	13195000	13456000
183	12639000	13033000	13195000	13457000
184	12641000	13035000	13196000	13459000
185	12640000	13034000	13195000	13459000
186	12640000	13035000	13196000	13459000
187	12640000	13032000	13194000	13458000
188	12639000	13032000	13195000	13459000
189	12639000	13032000	13195000	13459000
190	12640000	13034000	13194000	13458000
191	12640000	13033000	13196000	13459000
192	12639000	13032000	13194000	13457000
193	12640000	13033000	13196000	13458000
194	12639000	13033000	13194000	13458000
195	12640000	13032000	13195000	13459000
196	12641000	13035000	13196000	13459000
197	12640000	13033000	13195000	13458000
198	12640000	13034000	13195000	13459000
199	12641000	13034000	13196000	13458000
200	12640000	13033000	13196000	13458000
201	12640000	13034000	13195000	13458000
202	12639000	13033000	13195000	13458000
203	12641000	13035000	13196000	13460000
204	12641000	13034000	13196000	13460000
205	12641000	13035000	13198000	13459000
206	12640000	13034000	13195000	13459000
207	12641000	13034000	13196000	13459000
208	12640000	13032000	13195000	13458000
209	12641000	13034000	13195000	13459000
210	12641000	13035000	13195000	13459000
211	12641000	13034000	13194000	13459000
212	12640000	13035000	13195000	13460000
213	12641000	13035000	13196000	13458000
214	12641000	13035000	13195000	13460000
215	12642000	13035000	13197000	13460000
216	12642000	13036000	13196000	13461000
217	12639000	13034000	13195000	13457000
218	12641000	13035000	13196000	13458000
219	12641000	13035000	13195000	13459000
220	12640000	13034000	13194000	13458000
221	12641000	13035000	13195000	13459000
222	12640000	13034000	13196000	13458000
223	12639000	13032000	13194000	13457000
224	12639000	13033000	13197000	13459000
225	12638000	13031000	13195000	13457000
226	12640000	13033000	13194000	13459000
227	12640000	13033000	13196000	13458000
228	12640000	13033000	13195000	13458000
229	12641000	13035000	13195000	13459000
230	12641000	13034000	13197000	13459000
231	12640000	13036000	13197000	13458000
232	12641000	13034000	13196000	13458000
233	12641000	13034000	13198000	13458000
234	12642000	13036000	13197000	13459000
235	12641000	13035000	13195000	13459000
236	12639000	13033000	13197000	13459000
237	12640000	13033000	13194000	13459000
238	12640000	13035000	13196000	13458000
239	12641000	13034000	13197000	13460000
240	12639000	13033000	13194000	13457000
241	12640000	13033000	13195000	13458000
242	12639000	13030000	13194000	13459000
243	12641000	13034000	13196000	13460000
244	12639000	13033000	13195000	13459000
245	12639000	13032000	13195000	13458000
246	12640000	13033000	13196000	13458000
247	12639000	13032000	13195000	13458000
248	12638000	13029000	13194000	13458000
249	12640000	13033000	13195000	13458000
250	12639000	13032000	13197000	13458000
251	12638000	13032000	13195000	13457000
252	12638000	13032000	13196000	13457000
253	12638000	13030000	13195000	13456000
254	12641000	13035000	13197000	13459000
255	12639000	13034000	13196000	13458000
256	12638000	13031000	13195000	13457000
257	12640000	13033000	13196000	13458000
258	12638000	13031000	13195000	13457000
259	12638000	13032000	13195000	13456000
260	12639000	13032000	13194000	13457000
261	12640000	13033000	13195000	13458000
262	12639000	13033000	13197000	13458000
263	12640000	13033000	13195000	13457000
264	12639000	13033000	13196000	13456000
265	12640000	13033000	13197000	13458000
266	12640000	13033000	13195000	13459000
267	12640000	13035000	13195000	13458000
268	12641000	13034000	13195000	13458000
269	12641000	13035000	13196000	13460000
270	12640000	13033000	13196000	13458000
271	12638000	13033000	13194000	13456000
272	12640000	13034000	13196000	13458000
273	12641000	13034000	13196000	13459000
274	12639000	13033000	13195000	13457000
275	12639000	13033000	13194000	13457000
276	12640000	13033000	13194000	13458000
277	12642000	13036000	13197000	13459000
278	12639000	13033000	13195000	13458000
279	12640000	13032000	13195000	13458000
280	12639000	13031000	13195000	13457000
281	12638000	13029000	13193000	13457000
282	12638000	13032000	13195000	13456000
283	12640000	13033000	13195000	13456000
284	12640000	13032000	13196000	13457000
285	12639000	13032000	13194000	13457000
286	12640000	13034000	13196000	13457000
287	12640000	13033000	13196000	13457000
288	12640000	13034000	13196000	13458000
289	12639000	13033000	13196000	13457000
290	12639000	13033000	13195000	13456000
291	12638000	13032000	13195000	13456000
292	12638000	13030000	13193000	13457000
293	12638000	13031000	13194000	13457000
294	12638000	13031000	13195000	13456000
295	12638000	13030000	13193000	13457000
296	12638000	13032000	13195000	13457000
297	12638000	13033000	13195000	13457000
298	12639000	13032000	13196000	13456000
299	12638000	13032000	13195000	13456000
300	12640000	13033000	13195000	13458000
301	12641000	13034000	13197000	13459000
302	12640000	13033000	13195000	13458000
303	12640000	13034000	13196000	13459000
304	12639000	13033000	13195000	13457000
305	12640000	13033000	13195000	13457000
306	12641000	13034000	13195000	13458000
307	12640000	13033000	13196000	13457000
308	12638000	13031000	13195000	13456000
309	12640000	13033000	13195000	13458000
310	12639000	13031000	13195000	13457000
311	12640000	13033000	13196000	13457000
312	12639000	13032000	13195000	13458000
313	12639000	13032000	13196000	13458000
314	12639000	13033000	13194000	13456000
315	12640000	13033000	13195000	13458000
316	12638000	13032000	13196000	13459000
317	12639000	13032000	13195000	13457000
318	12640000	13033000	13195000	13458000
319	12640000	13034000	13196000	13457000
320	12639000	13033000	13195000	13458000
321	12639000	13030000	13193000	13458000
322	12638000	13031000	13194000	13457000
323	12640000	13034000	13195000	13458000
324	12639000	13035000	13196000	13457000
325	12640000	13034000	13197000	13458000
326	12639000	13034000	13195000	13458000
327	12639000	13033000	13195000	13457000
328	12639000	13033000	13195000	13458000
329	12639000	13032000	13195000	13456000
330	12638000	13031000	13193000	13456000
331	12639000	13032000	13195000	13457000
332	12637000	13032000	13195000	13456000
333	12640000	13033000	13194000	13457000
334	12639000	13032000	13196000	13457000
335	12640000	13033000	13196000	13457000
336	12639000	13032000	13196000	13457000
337	12639000	13033000	13195000	13457000
338	12638000	13031000	13195000	13457000
339	12639000	13033000	13196000	13459000
340	12640000	13033000	13195000	13456000
341	12638000	13032000	13195000	13457000
342	12639000	13034000	13196000	13458000
343	12639000	13033000	13196000	13457000
344	12639000	13032000	13194000	13458000
345	12638000	13031000	13194000	13456000
346	12638000	13032000	13196000	13456000
347	12637000	13032000	13195000	13457000
348	12639000	13033000	13196000	13457000
349	12638000	13032000	13196000	13457000
350	12640000	13033000	13197000	13459000
351	12639000	13032000	13194000	13456000
352	12639000	13032000	13195000	13457000
353	12638000	13032000	13194000	13456000
354	12639000	13032000	13193000	13457000
355	12637000	13030000	13193000	13456000
356	12637000	13030000	13193000	13456000
357	12639000	13031000	13196000	13458000
358	12638000	13032000	13194000	13456000
359	12639000	13032000	13196000	13456000
360	12640000	13032000	13196000	13458000
361	12638000	13033000	13195000	13458000
362	12641000	13033000	13195000	13458000
363	12640000	13034000	13196000	13458000
364	12641000	13034000	13197000	13458000
365	12640000	13033000	13196000	13458000
366	12640000	13033000	13194000	13457000
367	12639000	13031000	13194000	13457000
368	12640000	13032000	13196000	13458000
369	12640000	13034000	13197000	13458000
370	12639000	13032000	13196000	13458000
371	12639000	13033000	13195000	13457000
372	12638000	13030000	13193000	13457000
373	12639000	13033000	13196000	13457000
374	12639000	13030000	13194000	13459000
375	12640000	13034000	13197000	13458000
376	12639000	13032000	13195000	13458000
377	12638000	13032000	13196000	13457000
378	12639000	13031000	13194000	13457000
379	12638000	13030000	13193000	13456000
380	12638000	13030000	13194000	13457000
381	12638000	13031000	13194000	13456000
382	12637000	13031000	13195000	13457000
383	12640000	13033000	13196000	13458000
384	12639000	13032000	13195000	13458000
385	12639000	13032000	13194000	13456000
386	12639000	13033000	13195000	13456000
387	12638000	13032000	13196000	13456000
388	12641000	13035000	13196000	13460000
389	12640000	13035000	13198000	13458000
390	12639000	13034000	13195000	13458000
391	12640000	13035000	13197000	13458000
392	12639000	13033000	13194000	13457000
393	12641000	13035000	13196000	13459000
394	12639000	13033000	13197000	13459000
395	12639000	13034000	13195000	13457000
396	12641000	13033000	13197000	13459000
397	12641000	13034000	13197000	13458000
398	12640000	13033000	13196000	13459000
399	12641000	13034000	13197000	13459000
400	12640000	13033000	13196000	13459000
401	12641000	13035000	13196000	13459000
402	12641000	13033000	13196000	13459000
403	12642000	13035000	13196000	13459000
404	12642000	13034000	13197000	13459000
405	12641000	13035000	13196000	13459000
406	12640000	13035000	13195000	13458000
407	12641000	13035000	13198000	13458000
408	12641000	13033000	13197000	13459000
409	12639000	13033000	13196000	13459000
410	12640000	13033000	13195000	13458000
411	12640000	13033000	13196000	13459000
412	12639000	13032000	13195000	13458000
413	12641000	13031000	13196000	13459000
414	12641000	13035000	13196000	13459000
415	12641000	13032000	13197000	13459000
416	12641000	13034000	13198000	13458000
417	12641000	13036000	13198000	13459000
418	12640000	13035000	13198000	13459000
419	12641000	13036000	13197000	13460000
420	12641000	13034000	13197000	13459000
421	12640000	13033000	13197000	13458000
422	12640000	13033000	13196000	13458000
423	12640000	13034000	13195000	13458000
424	12641000	13035000	13198000	13459000
425	12640000	13033000	13196000	13458000
426	12640000	13033000	13196000	13457000
427	12641000	13034000	13196000	13458000
428	12641000	13035000	13197000	13459000
429	12642000	13035000	13197000	13459000
430	12639000	13033000	13195000	13457000
431	12640000	13033000	13195000	13458000
432	12640000	13033000	13195000	13459000
433	12641000	13034000	13197000	13460000
434	12641000	13034000	13196000	13459000
435	12640000	13032000	13196000	13459000
436	12640000	13034000	13197000	13459000
437	12641000	13034000	13196000	13460000
438	12641000	13035000	13195000	13460000
439	12641000	13035000	13196000	13460000
440	12640000	13034000	13195000	13459000
441	12640000	13034000	13196000	13459000
442	12640000	13033000	13196000	13458000
443	12639000	13030000	13194000	13459000
444	12639000	13034000	13197000	13458000
445	12639000	13034000	13197000	13459000
446	12640000	13034000	13195000	13459000
447	12640000	13033000	13196000	13458000
448	12639000	13032000	13195000	13457000
449	12640000	13035000	13199000	13459000
450	12640000	13036000	13197000	13460000
451	12642000	13037000	13198000	13461000
452	12639000	13033000	13195000	13459000
453	12641000	13035000	13196000	13459000
454	12641000	13035000	13197000	13460000
455	12641000	13035000	13198000	13459000
456	12641000	13035000	13197000	13458000
457	12641000	13035000	13197000	13459000
458	12641000	13034000	13196000	13459000
459	12642000	13036000	13197000	13460000
460	12641000	13035000	13197000	13459000
461	12641000	13035000	13197000	13459000
462	12640000	13034000	13197000	13458000
463	12639000	13034000	13196000	13458000
464	12641000	13035000	13196000	13459000
465	12642000	13036000	13198000	13460000
466	12641000	13035000	13196000	13459000
467	12640000	13035000	13199000	13460000
468	12642000	13037000	13198000	13461000
469	12642000	13035000	13198000	13460000
470	12643000	13037000	13199000	13461000
471	12641000	13035000	13199000	13459000
472	12642000	13036000	13198000	13460000
473	12642000	13037000	13199000	13461000
474	12641000	13035000	13198000	13461000
475	12640000	13035000	13196000	13459000
476	12640000	13035000	13197000	13460000
477	12641000	13035000	13197000	13459000
478	12642000	13036000	13198000	13460000
479	12641000	13036000	13197000	13460000
480	12641000	13035000	13197000	13459000
481	12641000	13035000	13199000	13459000
482	12641000	13035000	13197000	13459000
483	12643000	13035000	13197000	13459000
484	12643000	13036000	13199000	13461000
485	12641000	13035000	13196000	13458000
486	12642000	13034000	13197000	13460000
487	12641000	13034000	13195000	13459000
488	12640000	13033000	13195000	13458000
489	12640000	13034000	13197000	13459000
490	12641000	13035000	13198000	13459000
491	12641000	13034000	13197000	13460000
492	12641000	13034000	13196000	13459000
493	12642000	13035000	13198000	13460000
494	12642000	13033000	13197000	13459000
495	12641000	13035000	13197000	13460000
496	12639000	13033000	13197000	13457000
497	12640000	13034000	13195000	13459000
498	12640000	13034000	13197000	13459000
499	12642000	13034000	13196000	13460000

============================================================
# BITSTREAM: 1ms_101etapas.bit
# VENTANA: 1ms
# ETAPAS_PRINCIPAL: 101
# NUM_MUESTRAS: 500
# FORMATO: idx	freq1_hz	freq2_hz	freq3_hz	freq4_hz
============================================================
idx	freq1_hz	freq2_hz	freq3_hz	freq4_hz
0	8536000	9040000	8276000	9681000
1	8536000	9040000	8276000	9684000
2	8536000	9044000	8273000	9681000
3	8536000	9038000	8276000	9681000
4	8536000	9038000	8273000	9680000
5	8535000	9038000	8275000	9681000
6	8536000	9040000	8274000	9681000
7	8535000	9038000	8274000	9681000
8	8535000	9038000	8275000	9681000
9	8534000	9038000	8275000	9680000
10	8534000	9038000	8274000	9681000
11	8535000	9038000	8274000	9681000
12	8535000	9038000	8274000	9681000
13	8535000	9040000	8274000	9680000
14	8535000	9040000	8273000	9680000
15	8535000	9040000	8276000	9680000
16	8535000	9038000	8274000	9680000
17	8534000	9040000	8275000	9680000
18	8533000	9038000	8273000	9680000
19	8534000	9038000	8275000	9680000
20	8535000	9038000	8273000	9681000
21	8535000	9038000	8275000	9680000
22	8535000	9036000	8272000	9681000
23	8534000	9038000	8274000	9680000
24	8535000	9038000	8272000	9680000
25	8535000	9038000	8275000	9680000
26	8534000	9038000	8274000	9681000
27	8535000	9038000	8276000	9681000
28	8536000	9038000	8274000	9680000
29	8535000	9038000	8275000	9680000
30	8535000	9040000	8275000	9680000
31	8535000	9038000	8275000	9681000
32	8535000	9038000	8274000	9680000
33	8534000	9038000	8274000	9680000
34	8535000	9038000	8274000	9681000
35	8535000	9038000	8275000	9680000
36	8533000	9038000	8274000	9680000
37	8535000	9040000	8276000	9681000
38	8535000	9038000	8275000	9681000
39	8536000	9040000	8275000	9681000
40	8536000	9038000	8274000	9681000
41	8536000	9038000	8275000	9680000
42	8535000	9038000	8274000	9681000
43	8528000	9038000	8275000	9680000
44	8536000	9038000	8274000	9680000
45	8535000	9040000	8275000	9681000
46	8536000	9038000	8274000	9681000
47	8535000	9040000	8274000	9680000
48	8536000	9040000	8274000	9680000
49	8535000	9040000	8275000	9681000
50	8536000	9038000	8274000	9680000
51	8536000	9040000	8276000	9681000
52	8535000	9038000	8275000	9681000
53	8535000	9040000	8276000	9680000
54	8536000	9038000	8274000	9680000
55	8536000	9038000	8276000	9680000
56	8535000	9038000	8275000	9680000
57	8534000	9038000	8275000	9680000
58	8535000	9038000	8274000	9680000
59	8535000	9038000	8273000	9680000
60	8535000	9040000	8275000	9680000
61	8535000	9038000	8275000	9680000
62	8536000	9038000	8275000	9680000
63	8534000	9038000	8275000	9681000
64	8536000	9038000	8275000	9680000
65	8534000	9038000	8275000	9681000
66	8534000	9038000	8274000	9681000
67	8534000	9040000	8275000	9680000
68	8534000	9038000	8273000	9681000
69	8536000	9040000	8276000	9681000
70	8536000	9038000	8274000	9680000
71	8534000	9040000	8275000	9680000
72	8533000	9038000	8275000	9680000
73	8536000	9040000	8275000	9681000
74	8534000	9040000	8274000	9680000
75	8535000	9038000	8275000	9680000
76	8535000	9038000	8274000	9681000
77	8535000	9038000	8274000	9680000
78	8536000	9038000	8272000	9681000
79	8535000	9038000	8275000	9680000
80	8536000	9038000	8274000	9680000
81	8536000	9040000	8276000	9681000
82	8535000	9040000	8274000	9680000
83	8535000	9040000	8274000	9681000
84	8535000	9040000	8275000	9681000
85	8536000	9040000	8276000	9681000
86	8536000	9040000	8275000	9681000
87	8536000	9038000	8274000	9680000
88	8535000	9038000	8273000	9681000
89	8535000	9040000	8275000	9684000
90	8528000	9038000	8274000	9680000
91	8534000	9040000	8276000	9681000
92	8534000	9038000	8274000	9680000
93	8534000	9038000	8273000	9680000
94	8534000	9038000	8274000	9681000
95	8534000	9038000	8274000	9681000
96	8535000	9038000	8274000	9680000
97	8535000	9040000	8275000	9680000
98	8536000	9038000	8274000	9681000
99	8535000	9038000	8275000	9681000
100	8535000	9038000	8274000	9680000
101	8534000	9038000	8275000	9681000
102	8534000	9038000	8274000	9681000
103	8534000	9038000	8274000	9681000
104	8534000	9038000	8272000	9681000
105	8536000	9038000	8275000	9681000
106	8535000	9038000	8273000	9681000
107	8534000	9038000	8274000	9681000
108	8533000	9038000	8273000	9681000
109	8534000	9036000	8274000	9681000
110	8534000	9038000	8272000	9681000
111	8534000	9036000	8273000	9681000
112	8535000	9038000	8274000	9681000
113	8534000	9038000	8274000	9681000
114	8533000	9038000	8273000	9681000
115	8534000	9038000	8275000	9681000
116	8534000	9038000	8272000	9681000
117	8534000	9038000	8274000	9681000
118	8534000	9038000	8274000	9680000
119	8533000	9036000	8274000	9680000
120	8533000	9038000	8273000	9680000
121	8532000	9038000	8273000	9681000
122	8535000	9036000	8274000	9681000
123	8535000	9038000	8275000	9681000
124	8533000	9038000	8273000	9681000
125	8533000	9038000	8273000	9681000
126	8535000	9038000	8274000	9680000
127	8532000	9036000	8273000	9680000
128	8534000	9038000	8274000	9680000
129	8533000	9038000	8274000	9681000
130	8534000	9038000	8275000	9680000
131	8535000	9038000	8275000	9680000
132	8535000	9038000	8273000	9680000
133	8535000	9038000	8275000	9680000
134	8535000	9038000	8274000	9680000
135	8536000	9040000	8276000	9680000
136	8534000	9038000	8272000	9681000
137	8534000	9040000	8276000	9681000
138	8534000	9038000	8274000	9681000
139	8535000	9040000	8275000	9680000
140	8535000	9038000	8274000	9680000
141	8534000	9040000	8275000	9681000
142	8534000	9038000	8274000	9680000
143	8535000	9038000	8273000	9680000
144	8535000	9036000	8273000	9681000
145	8534000	9040000	8275000	9680000
146	8534000	9038000	8272000	9680000
147	8535000	9038000	8274000	9680000
148	8534000	9038000	8273000	9681000
149	8535000	9038000	8275000	9680000
150	8534000	9038000	8274000	9681000
151	8533000	9038000	8274000	9681000
152	8534000	9040000	8274000	9680000
153	8534000	9040000	8276000	9681000
154	8535000	9038000	8273000	9681000
155	8535000	9038000	8275000	9680000
156	8534000	9038000	8275000	9680000
157	8535000	9038000	8275000	9680000
158	8534000	9038000	8272000	9680000
159	8534000	9038000	8274000	9681000
160	8534000	9038000	8273000	9680000
161	8534000	9038000	8275000	9681000
162	8534000	9038000	8272000	9681000
163	8535000	9040000	8276000	9681000
164	8534000	9038000	8274000	9680000
165	8534000	9040000	8275000	9680000
166	8535000	9040000	8274000	9680000
167	8535000	9038000	8276000	9680000
168	8535000	9040000	8274000	9681000
169	8536000	9038000	8276000	9681000
170	8534000	9038000	8273000	9680000
171	8535000	9040000	8274000	9680000
172	8534000	9038000	8273000	9680000
173	8536000	9040000	8275000	9680000
174	8536000	9038000	8274000	9680000
175	8535000	9038000	8274000	9680000
176	8536000	9038000	8275000	9680000
177	8533000	9038000	8275000	9681000
178	8534000	9036000	8273000	9681000
179	8535000	9038000	8274000	9680000
180	8534000	9038000	8274000	9681000
181	8533000	9036000	8274000	9680000
182	8535000	9038000	8275000	9680000
183	8535000	9038000	8274000	9680000
184	8534000	9038000	8274000	9680000
185	8534000	9038000	8273000	9680000
186	8534000	9038000	8273000	9680000
187	8535000	9038000	8275000	9680000
188	8534000	9036000	8273000	9681000
189	8533000	9036000	8274000	9681000
190	8535000	9038000	8272000	9681000
191	8533000	9038000	8274000	9681000
192	8535000	9038000	8273000	9681000
193	8534000	9038000	8274000	9680000
194	8534000	9038000	8273000	9680000
195	8532000	9036000	8274000	9681000
196	8534000	9038000	8273000	9680000
197	8533000	9038000	8273000	9681000
198	8534000	9038000	8272000	9681000
199	8535000	9038000	8274000	9681000
200	8533000	9038000	8273000	9681000
201	8535000	9038000	8275000	9680000
202	8534000	9040000	8273000	9680000
203	8534000	9038000	8275000	9681000
204	8534000	9038000	8274000	9680000
205	8534000	9038000	8274000	9680000
206	8535000	9038000	8274000	9680000
207	8535000	9038000	8275000	9680000
208	8536000	9040000	8274000	9681000
209	8534000	9038000	8274000	9680000
210	8534000	9038000	8274000	9681000
211	8533000	9038000	8274000	9680000
212	8534000	9038000	8273000	9681000
213	8533000	9038000	8275000	9680000
214	8534000	9038000	8274000	9681000
215	8536000	9038000	8276000	9681000
216	8535000	9038000	8274000	9680000
217	8535000	9038000	8275000	9680000
218	8535000	9038000	8274000	9680000
219	8533000	9038000	8273000	9681000
220	8533000	9038000	8274000	9680000
221	8535000	9038000	8275000	9681000
222	8534000	9038000	8273000	9680000
223	8534000	9038000	8274000	9680000
224	8533000	9038000	8273000	9680000
225	8533000	9038000	8275000	9680000
226	8534000	9038000	8273000	9680000
227	8534000	9036000	8274000	9680000
228	8535000	9038000	8275000	9680000
229	8534000	9038000	8275000	9680000
230	8536000	9038000	8274000	9680000
231	8535000	9040000	8276000	9681000
232	8534000	9038000	8274000	9681000
233	8533000	9040000	8275000	9680000
234	8534000	9038000	8274000	9681000
235	8534000	9038000	8275000	9681000
236	8535000	9040000	8275000	9681000
237	8536000	9038000	8276000	9680000
238	8534000	9038000	8274000	9681000
239	8535000	9038000	8274000	9680000
240	8535000	9038000	8272000	9681000
241	8534000	9038000	8274000	9681000
242	8534000	9038000	8274000	9681000
243	8535000	9038000	8275000	9680000
244	8535000	9038000	8275000	9681000
245	8534000	9040000	8276000	9680000
246	8535000	9038000	8274000	9680000
247	8535000	9038000	8275000	9680000
248	8533000	9036000	8273000	9680000
249	8534000	9038000	8275000	9681000
250	8534000	9038000	8273000	9680000
251	8533000	9038000	8274000	9681000
252	8534000	9038000	8274000	9680000
253	8534000	9038000	8274000	9680000
254	8533000	9038000	8273000	9681000
255	8533000	9038000	8273000	9681000
256	8535000	9038000	8274000	9680000
257	8534000	9036000	8273000	9681000
258	8532000	9036000	8272000	9680000
259	8533000	9036000	8272000	9680000
260	8533000	9036000	8272000	9677000
261	8534000	9038000	8275000	9680000
262	8534000	9038000	8272000	9680000
263	8534000	9038000	8274000	9681000
264	8535000	9038000	8273000	9681000
265	8533000	9038000	8274000	9681000
266	8533000	9038000	8273000	9680000
267	8534000	9036000	8274000	9681000
268	8534000	9038000	8273000	9681000
269	8535000	9038000	8275000	9680000
270	8535000	9038000	8274000	9680000
271	8532000	9036000	8273000	9680000
272	8533000	9038000	8273000	9681000
273	8534000	9038000	8274000	9680000
274	8535000	9038000	8272000	9681000
275	8534000	9036000	8273000	9681000
276	8533000	9036000	8273000	9680000
277	8533000	9038000	8274000	9681000
278	8535000	9038000	8273000	9680000
279	8532000	9036000	8273000	9680000
280	8533000	9038000	8273000	9681000
281	8533000	9038000	8274000	9681000
282	8533000	9038000	8273000	9680000
283	8535000	9038000	8275000	9680000
284	8535000	9038000	8273000	9680000
285	8533000	9038000	8274000	9680000
286	8534000	9038000	8273000	9680000
287	8533000	9038000	8275000	9680000
288	8532000	9038000	8271000	9680000
289	8533000	9038000	8273000	9681000
290	8534000	9038000	8274000	9680000
291	8534000	9038000	8273000	9681000
292	8535000	9038000	8273000	9681000
293	8533000	9038000	8273000	9681000
294	8534000	9038000	8275000	9680000
295	8535000	9038000	8274000	9680000
296	8534000	9040000	8274000	9681000
297	8533000	9038000	8274000	9681000
298	8535000	9038000	8274000	9680000
299	8534000	9038000	8274000	9680000
300	8534000	9038000	8274000	9680000
301	8535000	9038000	8275000	9680000
302	8534000	9038000	8274000	9680000
303	8533000	9038000	8274000	9680000
304	8534000	9038000	8275000	9681000
305	8534000	9038000	8274000	9680000
306	8534000	9038000	8272000	9681000
307	8533000	9036000	8274000	9681000
308	8534000	9038000	8273000	9681000
309	8533000	9038000	8273000	9681000
310	8534000	9038000	8274000	9681000
311	8534000	9036000	8273000	9681000
312	8532000	9036000	8272000	9680000
313	8532000	9036000	8272000	9681000
314	8533000	9038000	8273000	9681000
315	8534000	9038000	8274000	9681000
316	8533000	9036000	8273000	9681000
317	8534000	9038000	8274000	9680000
318	8534000	9038000	8273000	9680000
319	8534000	9038000	8274000	9680000
320	8534000	9038000	8274000	9680000
321	8533000	9036000	8274000	9681000
322	8533000	9036000	8271000	9680000
323	8534000	9038000	8274000	9681000
324	8533000	9038000	8274000	9681000
325	8533000	9038000	8275000	9681000
326	8534000	9038000	8275000	9680000
327	8534000	9038000	8275000	9681000
328	8534000	9040000	8274000	9680000
329	8534000	9038000	8274000	9680000
330	8535000	9038000	8273000	9681000
331	8534000	9038000	8272000	9680000
332	8534000	9038000	8272000	9680000
333	8535000	9038000	8273000	9680000
334	8534000	9038000	8274000	9681000
335	8534000	9038000	8274000	9681000
336	8536000	9038000	8274000	9680000
337	8536000	9038000	8276000	9681000
338	8534000	9038000	8274000	9680000
339	8534000	9038000	8275000	9680000
340	8535000	9044000	8276000	9681000
341	8534000	9038000	8274000	9681000
342	8535000	9038000	8274000	9680000
343	8534000	9036000	8274000	9681000
344	8534000	9038000	8272000	9680000
345	8533000	9038000	8272000	9681000
346	8533000	9038000	8274000	9681000
347	8534000	9038000	8274000	9681000
348	8535000	9038000	8274000	9680000
349	8534000	9040000	8274000	9680000
350	8535000	9038000	8272000	9681000
351	8535000	9038000	8275000	9681000
352	8535000	9038000	8272000	9680000
353	8534000	9038000	8275000	9680000
354	8535000	9038000	8272000	9681000
355	8535000	9038000	8275000	9680000
356	8535000	9038000	8274000	9680000
357	8535000	9038000	8274000	9681000
358	8534000	9038000	8275000	9680000
359	8533000	9038000	8275000	9681000
360	8534000	9038000	8274000	9680000
361	8535000	9040000	8275000	9681000
362	8534000	9038000	8275000	9681000
363	8535000	9040000	8274000	9680000
364	8535000	9040000	8274000	9680000
365	8536000	9040000	8275000	9681000
366	8535000	9040000	8274000	9681000
367	8536000	9040000	8274000	9681000
368	8535000	9038000	8273000	9680000
369	8534000	9038000	8275000	9680000
370	8536000	9038000	8275000	9681000
371	8535000	9038000	8273000	9681000
372	8534000	9038000	8274000	9680000
373	8534000	9038000	8273000	9680000
374	8534000	9038000	8274000	9680000
375	8534000	9040000	8275000	9680000
376	8535000	9038000	8273000	9680000
377	8535000	9038000	8274000	9681000
378	8536000	9040000	8273000	9681000
379	8535000	9040000	8275000	9680000
380	8534000	9038000	8274000	9681000
381	8536000	9038000	8275000	9680000
382	8534000	9038000	8274000	9680000
383	8534000	9040000	8275000	9681000
384	8534000	9038000	8274000	9681000
385	8535000	9040000	8274000	9681000
386	8542000	9038000	8273000	9681000
387	8533000	9038000	8274000	9680000
388	8534000	9038000	8274000	9680000
389	8534000	9038000	8275000	9680000
390	8534000	9038000	8274000	9680000
391	8535000	9038000	8275000	9680000
392	8536000	9040000	8275000	9680000
393	8536000	9040000	8275000	9681000
394	8534000	9038000	8273000	9680000
395	8535000	9040000	8276000	9681000
396	8534000	9038000	8274000	9681000
397	8535000	9038000	8274000	9680000
398	8534000	9038000	8274000	9680000
399	8535000	9038000	8275000	9680000
400	8535000	9038000	8274000	9680000
401	8534000	9038000	8275000	9681000
402	8534000	9040000	8274000	9681000
403	8533000	9038000	8273000	9681000
404	8533000	9038000	8274000	9680000
405	8534000	9040000	8275000	9680000
406	8533000	9038000	8274000	9681000
407	8535000	9038000	8275000	9681000
408	8532000	9038000	8273000	9681000
409	8533000	9040000	8274000	9681000
410	8534000	9038000	8273000	9680000
411	8534000	9038000	8274000	9680000
412	8534000	9040000	8274000	9681000
413	8535000	9038000	8275000	9680000
414	8534000	9038000	8274000	9681000
415	8536000	9038000	8273000	9681000
416	8534000	9040000	8274000	9681000
417	8535000	9038000	8274000	9681000
418	8536000	9040000	8273000	9681000
419	8534000	9040000	8275000	9680000
420	8535000	9040000	8272000	9681000
421	8534000	9040000	8273000	9680000
422	8534000	9040000	8274000	9680000
423	8534000	9040000	8275000	9680000
424	8535000	9040000	8272000	9681000
425	8534000	9040000	8276000	9681000
426	8534000	9040000	8273000	9680000
427	8534000	9038000	8275000	9680000
428	8535000	9038000	8273000	9680000
429	8534000	9038000	8275000	9680000
430	8534000	9038000	8272000	9680000
431	8535000	9038000	8275000	9680000
432	8536000	9038000	8273000	9680000
433	8535000	9038000	8275000	9680000
434	8535000	9040000	8274000	9684000
435	8535000	9038000	8273000	9681000
436	8535000	9038000	8274000	9680000
437	8534000	9038000	8275000	9680000
438	8535000	9038000	8274000	9680000
439	8533000	9038000	8275000	9680000
440	8535000	9040000	8274000	9680000
441	8534000	9040000	8274000	9680000
442	8535000	9040000	8274000	9680000
443	8534000	9038000	8274000	9681000
444	8534000	9040000	8274000	9681000
445	8535000	9038000	8275000	9681000
446	8534000	9038000	8272000	9680000
447	8533000	9038000	8273000	9680000
448	8535000	9038000	8273000	9681000
449	8532000	9038000	8272000	9681000
450	8534000	9040000	8273000	9680000
451	8532000	9038000	8274000	9681000
452	8534000	9038000	8273000	9680000
453	8533000	9038000	8275000	9681000
454	8535000	9038000	8274000	9680000
455	8533000	9036000	8274000	9680000
456	8534000	9038000	8272000	9680000
457	8533000	9038000	8274000	9681000
458	8534000	9038000	8274000	9680000
459	8533000	9038000	8274000	9680000
460	8534000	9038000	8273000	9681000
461	8532000	9038000	8274000	9681000
462	8533000	9038000	8272000	9681000
463	8533000	9038000	8274000	9680000
464	8534000	9038000	8273000	9681000
465	8542000	9038000	8273000	9680000
466	8534000	9038000	8273000	9681000
467	8534000	9038000	8274000	9680000
468	8533000	9036000	8273000	9680000
469	8534000	9038000	8275000	9680000
470	8533000	9038000	8273000	9681000
471	8534000	9038000	8275000	9680000
472	8534000	9038000	8274000	9681000
473	8534000	9038000	8275000	9680000
474	8534000	9038000	8274000	9681000
475	8534000	9038000	8275000	9680000
476	8535000	9038000	8274000	9681000
477	8534000	9038000	8274000	9681000
478	8533000	9038000	8273000	9681000
479	8534000	9038000	8275000	9680000
480	8533000	9038000	8273000	9681000
481	8534000	9038000	8274000	9680000
482	8535000	9038000	8273000	9680000
483	8533000	9038000	8273000	9681000
484	8532000	9038000	8272000	9681000
485	8534000	9038000	8273000	9681000
486	8533000	9036000	8272000	9680000
487	8533000	9038000	8275000	9681000
488	8533000	9038000	8273000	9681000
489	8531000	9036000	8273000	9680000
490	8533000	9036000	8273000	9680000
491	8532000	9038000	8274000	9681000
492	8532000	9038000	8272000	9681000
493	8532000	9038000	8274000	9681000
494	8533000	9038000	8273000	9681000
495	8534000	9038000	8274000	9681000
496	8534000	9038000	8274000	9680000
497	8533000	9038000	8275000	9681000
498	8534000	9038000	8273000	9681000
499	8533000	9038000	8274000	9680000

============================================================
# BITSTREAM: 100us_3etapas.bit
# VENTANA: 100us
# ETAPAS_PRINCIPAL: 3
# NUM_MUESTRAS: 500
# FORMATO: idx	freq1_hz	freq2_hz	freq3_hz	freq4_hz
============================================================
idx	freq1_hz	freq2_hz	freq3_hz	freq4_hz
0	410000	35410000	35410000	35410000
1	35430000	35420000	35430000	35430000
2	35420000	35420000	35420000	35420000
3	35420000	35420000	35420000	35420000
4	35420000	35420000	35420000	35420000
5	35420000	35420000	35420000	35420000
6	35410000	35410000	35410000	35410000
7	35420000	35420000	35420000	35420000
8	35410000	35410000	35410000	35410000
9	35420000	35420000	35420000	35420000
10	35410000	35410000	35410000	35410000
11	35410000	35410000	35410000	35410000
12	35420000	35420000	35420000	35420000
13	35420000	35420000	35420000	35420000
14	35410000	35410000	35410000	35420000
15	35410000	35410000	35410000	35410000
16	35420000	35420000	35420000	35420000
17	35420000	35420000	35420000	35420000
18	35410000	35420000	35410000	35410000
19	35420000	35420000	35420000	35420000
20	35410000	35420000	35410000	35410000
21	35410000	35410000	35410000	35410000
22	35410000	35410000	35410000	35410000
23	35420000	35420000	35420000	35420000
24	35420000	35420000	35420000	35420000
25	35410000	35410000	35410000	35410000
26	35420000	35420000	35420000	35420000
27	35420000	35420000	35420000	35420000
28	35410000	35410000	35410000	35410000
29	35410000	35410000	35410000	35410000
30	35420000	35420000	35420000	35420000
31	35410000	35410000	35410000	35410000
32	35410000	35410000	35410000	35410000
33	35420000	35420000	35420000	35420000
34	35420000	35420000	35420000	35420000
35	35420000	35420000	35420000	35420000
36	35420000	35420000	35420000	35420000
37	35420000	35430000	35420000	35420000
38	35420000	35420000	35420000	35420000
39	35410000	35410000	35410000	35410000
40	35410000	35410000	35410000	35410000
41	35410000	35410000	35410000	35410000
42	35420000	35420000	35420000	35430000
43	35420000	35410000	35420000	35420000
44	35410000	35410000	35410000	35410000
45	35420000	35420000	35420000	35420000
46	35410000	35410000	35410000	35410000
47	35410000	35410000	35410000	35410000
48	35420000	35420000	35410000	35410000
49	35410000	35410000	35410000	35410000
50	35420000	35410000	35420000	35420000
51	35420000	35420000	35420000	35410000
52	35410000	35410000	35410000	35410000
53	35410000	35410000	35410000	35410000
54	35420000	35420000	35420000	35420000
55	35410000	35410000	35410000	35410000
56	35420000	35420000	35420000	35420000
57	35420000	35420000	35420000	35420000
58	35420000	35410000	35420000	35420000
59	35410000	35410000	35410000	35420000
60	35420000	35420000	35420000	35420000
61	35420000	35420000	35420000	35420000
62	35420000	35420000	35420000	35420000
63	35420000	35420000	35420000	35420000
64	35420000	35420000	35420000	35420000
65	35400000	35400000	35400000	35410000
66	35410000	35410000	35410000	35410000
67	35410000	35410000	35410000	35410000
68	35420000	35420000	35420000	35420000
69	35420000	35420000	35420000	35420000
70	35420000	35420000	35420000	35420000
71	35420000	35420000	35420000	35420000
72	35410000	35410000	35410000	35410000
73	35420000	35420000	35420000	35420000
74	35420000	35420000	35420000	35420000
75	35430000	35430000	35430000	35430000
76	35420000	35420000	35420000	35420000
77	35420000	35420000	35420000	35420000
78	35430000	35430000	35430000	35420000
79	35420000	35420000	35420000	35420000
80	35420000	35420000	35420000	35420000
81	35420000	35420000	35420000	35420000
82	35430000	35430000	35430000	35430000
83	35420000	35420000	35420000	35410000
84	35420000	35420000	35420000	35420000
85	35410000	35410000	35410000	35410000
86	35410000	35410000	35410000	35410000
87	35410000	35410000	35420000	35420000
88	35430000	35420000	35430000	35430000
89	35420000	35420000	35420000	35420000
90	35420000	35420000	35420000	35420000
91	35420000	35420000	35420000	35420000
92	35410000	35410000	35410000	35410000
93	35410000	35410000	35410000	35410000
94	35410000	35410000	35410000	35410000
95	35410000	35420000	35410000	35410000
96	35420000	35420000	35410000	35410000
97	35420000	35420000	35420000	35420000
98	35420000	35420000	35420000	35420000
99	35420000	35420000	35410000	35410000
100	35420000	35420000	35420000	35420000
101	35410000	35410000	35410000	35410000
102	35410000	35410000	35410000	35410000
103	35420000	35420000	35420000	35420000
104	35420000	35420000	35420000	35420000
105	35410000	35410000	35420000	35420000
106	35420000	35420000	35420000	35420000
107	35420000	35420000	35420000	35420000
108	35420000	35420000	35420000	35420000
109	35420000	35420000	35420000	35420000
110	35420000	35420000	35420000	35420000
111	35420000	35420000	35420000	35420000
112	35410000	35410000	35410000	35410000
113	35420000	35420000	35420000	35420000
114	35420000	35420000	35420000	35420000
115	35420000	35420000	35420000	35420000
116	35420000	35420000	35420000	35420000
117	35420000	35420000	35420000	35420000
118	35420000	35420000	35420000	35420000
119	35430000	35430000	35430000	35430000
120	35430000	35430000	35430000	35420000
121	35420000	35420000	35420000	35420000
122	35420000	35420000	35420000	35420000
123	35410000	35410000	35410000	35420000
124	35420000	35420000	35420000	35410000
125	35420000	35420000	35420000	35420000
126	35430000	35430000	35430000	35430000
127	35420000	35420000	35420000	35420000
128	35430000	35430000	35430000	35430000
129	35430000	35430000	35440000	35440000
130	35420000	35420000	35420000	35420000
131	35420000	35420000	35420000	35420000
132	35420000	35420000	35420000	35420000
133	35400000	35400000	35400000	35410000
134	35420000	35420000	35420000	35420000
135	35420000	35420000	35420000	35420000
136	35410000	35410000	35410000	35410000
137	35410000	35410000	35410000	35420000
138	35420000	35420000	35420000	35420000
139	35420000	35420000	35420000	35410000
140	35410000	35410000	35410000	35410000
141	35420000	35420000	35420000	35420000
142	35420000	35410000	35420000	35420000
143	35420000	35420000	35420000	35420000
144	35420000	35410000	35420000	35420000
145	35410000	35410000	35410000	35420000
146	35420000	35420000	35420000	35420000
147	35420000	35420000	35420000	35420000
148	35420000	35420000	35420000	35420000
149	35410000	35410000	35410000	35410000
150	35420000	35420000	35420000	35420000
151	35410000	35410000	35410000	35410000
152	35400000	35400000	35410000	35410000
153	35420000	35420000	35420000	35410000
154	35420000	35420000	35420000	35420000
155	35420000	35420000	35420000	35420000
156	35420000	35420000	35420000	35420000
157	35420000	35420000	35420000	35420000
158	35410000	35410000	35410000	35410000
159	35420000	35420000	35420000	35420000
160	35420000	35420000	35420000	35420000
161	35420000	35420000	35420000	35420000
162	35410000	35410000	35410000	35410000
163	35420000	35420000	35420000	35420000
164	35420000	35420000	35420000	35420000
165	35420000	35420000	35420000	35420000
166	35420000	35420000	35420000	35420000
167	35410000	35410000	35420000	35420000
168	35420000	35420000	35420000	35420000
169	35410000	35410000	35410000	35410000
170	35420000	35420000	35420000	35420000
171	35410000	35410000	35410000	35410000
172	35410000	35410000	35410000	35410000
173	35410000	35410000	35410000	35410000
174	35420000	35420000	35420000	35420000
175	35420000	35420000	35410000	35410000
176	35420000	35420000	35420000	35420000
177	35420000	35420000	35420000	35420000
178	35410000	35410000	35410000	35410000
179	35400000	35400000	35400000	35400000
180	35420000	35420000	35420000	35420000
181	35410000	35410000	35420000	35420000
182	35420000	35420000	35410000	35410000
183	35420000	35420000	35420000	35420000
184	35420000	35420000	35420000	35420000
185	35410000	35410000	35410000	35410000
186	35420000	35420000	35420000	35420000
187	35410000	35410000	35410000	35410000
188	35420000	35420000	35420000	35420000
189	35410000	35410000	35410000	35410000
190	35420000	35420000	35420000	35420000
191	35420000	35420000	35420000	35420000
192	35420000	35420000	35420000	35420000
193	35420000	35420000	35420000	35420000
194	35410000	35410000	35410000	35410000
195	35420000	35420000	35420000	35420000
196	35410000	35410000	35410000	35420000
197	35410000	35410000	35410000	35410000
198	35420000	35420000	35420000	35420000
199	35420000	35410000	35420000	35420000
200	35410000	35410000	35410000	35410000
201	35420000	35420000	35420000	35420000
202	35420000	35420000	35420000	35420000
203	35410000	35410000	35410000	35410000
204	35420000	35420000	35420000	35420000
205	35410000	35410000	35410000	35410000
206	35410000	35410000	35410000	35410000
207	35420000	35420000	35420000	35420000
208	35410000	35410000	35410000	35410000
209	35410000	35410000	35410000	35410000
210	35420000	35420000	35420000	35420000
211	35420000	35420000	35420000	35420000
212	35410000	35410000	35410000	35400000
213	35410000	35410000	35410000	35410000
214	35420000	35420000	35420000	35420000
215	35420000	35420000	35420000	35420000
216	35410000	35410000	35410000	35420000
217	35410000	35410000	35410000	35410000
218	35420000	35420000	35420000	35420000
219	35420000	35420000	35420000	35420000
220	35430000	35430000	35420000	35420000
221	35410000	35410000	35420000	35420000
222	35430000	35430000	35430000	35430000
223	35430000	35420000	35430000	35430000
224	35420000	35420000	35420000	35420000
225	35410000	35410000	35410000	35410000
226	35420000	35420000	35420000	35420000
227	35410000	35410000	35410000	35410000
228	35410000	35420000	35410000	35410000
229	35420000	35420000	35420000	35420000
230	35420000	35420000	35420000	35420000
231	35420000	35420000	35420000	35420000
232	35420000	35420000	35420000	35420000
233	35420000	35420000	35420000	35420000
234	35420000	35420000	35420000	35420000
235	35420000	35420000	35420000	35420000
236	35410000	35410000	35420000	35420000
237	35410000	35410000	35410000	35410000
238	35420000	35420000	35420000	35420000
239	35420000	35420000	35420000	35420000
240	35420000	35420000	35420000	35420000
241	35420000	35420000	35420000	35420000
242	35420000	35420000	35420000	35420000
243	35420000	35420000	35420000	35420000
244	35420000	35420000	35420000	35410000
245	35420000	35420000	35420000	35420000
246	35420000	35420000	35420000	35420000
247	35410000	35410000	35420000	35420000
248	35410000	35410000	35410000	35410000
249	35410000	35410000	35410000	35420000
250	35420000	35420000	35420000	35420000
251	35410000	35410000	35410000	35410000
252	35410000	35420000	35410000	35410000
253	35420000	35420000	35420000	35420000
254	35420000	35420000	35420000	35420000
255	35420000	35420000	35420000	35420000
256	35420000	35410000	35420000	35420000
257	35410000	35420000	35410000	35410000
258	35430000	35430000	35430000	35430000
259	35420000	35420000	35420000	35420000
260	35420000	35420000	35420000	35420000
261	35430000	35430000	35430000	35420000
262	35420000	35420000	35420000	35420000
263	35410000	35420000	35410000	35410000
264	35420000	35420000	35420000	35420000
265	35410000	35410000	35410000	35420000
266	35410000	35410000	35410000	35420000
267	35420000	35420000	35420000	35420000
268	35410000	35410000	35410000	35420000
269	35420000	35420000	35420000	35420000
270	35430000	35430000	35430000	35430000
271	35420000	35420000	35420000	35420000
272	35420000	35420000	35420000	35420000
273	35420000	35420000	35420000	35420000
274	35420000	35420000	35420000	35420000
275	35420000	35420000	35420000	35420000
276	35420000	35420000	35420000	35420000
277	35430000	35430000	35430000	35430000
278	35420000	35420000	35420000	35420000
279	35430000	35430000	35430000	35430000
280	35430000	35430000	35430000	35430000
281	35410000	35410000	35410000	35410000
282	35420000	35420000	35420000	35420000
283	35430000	35430000	35430000	35430000
284	35420000	35420000	35420000	35420000
285	35420000	35420000	35420000	35420000
286	35410000	35410000	35410000	35410000
287	35430000	35430000	35430000	35430000
288	35430000	35430000	35430000	35420000
289	35430000	35430000	35430000	35430000
290	35420000	35420000	35420000	35420000
291	35420000	35420000	35420000	35420000
292	35420000	35420000	35420000	35420000
293	35420000	35420000	35420000	35420000
294	35410000	35410000	35410000	35410000
295	35420000	35430000	35420000	35420000
296	35420000	35420000	35420000	35420000
297	35430000	35430000	35430000	35430000
298	35420000	35420000	35420000	35420000
299	35410000	35410000	35420000	35420000
300	35420000	35420000	35420000	35420000
301	35420000	35420000	35420000	35420000
302	35420000	35420000	35420000	35420000
303	35430000	35430000	35430000	35420000
304	35420000	35420000	35420000	35420000
305	35420000	35420000	35420000	35420000
306	35420000	35420000	35410000	35410000
307	35420000	35420000	35420000	35420000
308	35420000	35410000	35420000	35420000
309	35420000	35420000	35420000	35420000
310	35420000	35420000	35420000	35420000
311	35410000	35410000	35410000	35410000
312	35420000	35420000	35420000	35420000
313	35410000	35410000	35410000	35410000
314	35420000	35420000	35420000	35420000
315	35420000	35420000	35420000	35420000
316	35420000	35420000	35420000	35420000
317	35420000	35420000	35420000	35420000
318	35410000	35410000	35410000	35410000
319	35420000	35420000	35420000	35420000
320	35430000	35420000	35430000	35430000
321	35410000	35420000	35410000	35410000
322	35420000	35430000	35420000	35420000
323	35420000	35420000	35420000	35420000
324	35420000	35420000	35420000	35420000
325	35420000	35420000	35420000	35420000
326	35420000	35420000	35420000	35420000
327	35430000	35430000	35430000	35430000
328	35420000	35420000	35420000	35420000
329	35430000	35430000	35430000	35430000
330	35430000	35430000	35430000	35430000
331	35420000	35420000	35420000	35420000
332	35420000	35420000	35420000	35420000
333	35420000	35420000	35410000	35410000
334	35420000	35420000	35420000	35420000
335	35410000	35410000	35410000	35410000
336	35420000	35420000	35420000	35420000
337	35420000	35420000	35420000	35420000
338	35410000	35410000	35410000	35410000
339	35430000	35430000	35430000	35430000
340	35410000	35410000	35410000	35420000
341	35420000	35420000	35420000	35420000
342	35410000	35410000	35410000	35410000
343	35410000	35410000	35410000	35410000
344	35410000	35410000	35410000	35410000
345	35420000	35420000	35420000	35420000
346	35410000	35410000	35410000	35410000
347	35420000	35420000	35420000	35420000
348	35420000	35420000	35420000	35420000
349	35420000	35420000	35420000	35420000
350	35410000	35410000	35410000	35410000
351	35410000	35410000	35410000	35410000
352	35420000	35420000	35420000	35420000
353	35420000	35420000	35420000	35420000
354	35410000	35410000	35410000	35410000
355	35410000	35410000	35410000	35410000
356	35420000	35420000	35420000	35420000
357	35410000	35410000	35410000	35410000
358	35410000	35410000	35410000	35410000
359	35410000	35410000	35410000	35410000
360	35410000	35410000	35410000	35410000
361	35410000	35410000	35410000	35420000
362	35410000	35410000	35410000	35410000
363	35410000	35410000	35410000	35410000
364	35410000	35410000	35410000	35410000
365	35410000	35410000	35410000	35410000
366	35410000	35410000	35410000	35420000
367	35410000	35410000	35410000	35410000
368	35410000	35410000	35410000	35410000
369	35410000	35410000	35410000	35410000
370	35410000	35410000	35410000	35410000
371	35410000	35410000	35410000	35410000
372	35410000	35410000	35410000	35410000
373	35420000	35410000	35420000	35420000
374	35420000	35420000	35420000	35420000
375	35410000	35410000	35410000	35420000
376	35420000	35420000	35420000	35420000
377	35410000	35410000	35410000	35410000
378	35410000	35410000	35410000	35410000
379	35420000	35420000	35420000	35420000
380	35420000	35420000	35420000	35420000
381	35420000	35420000	35420000	35420000
382	35410000	35410000	35410000	35410000
383	35430000	35430000	35430000	35430000
384	35420000	35420000	35420000	35420000
385	35420000	35420000	35420000	35420000
386	35420000	35420000	35420000	35430000
387	35420000	35420000	35420000	35420000
388	35420000	35420000	35420000	35420000
389	35420000	35420000	35420000	35420000
390	35420000	35420000	35420000	35420000
391	35420000	35410000	35420000	35420000
392	35410000	35410000	35410000	35420000
393	35410000	35410000	35410000	35410000
394	35420000	35420000	35420000	35420000
395	35420000	35420000	35420000	35420000
396	35430000	35420000	35420000	35420000
397	35420000	35420000	35420000	35420000
398	35410000	35410000	35410000	35410000
399	35420000	35420000	35410000	35410000
400	35410000	35410000	35410000	35420000
401	35410000	35410000	35410000	35410000
402	35420000	35420000	35420000	35420000
403	35420000	35420000	35420000	35420000
404	35420000	35420000	35420000	35420000
405	35410000	35410000	35410000	35410000
406	35410000	35410000	35410000	35410000
407	35410000	35410000	35410000	35400000
408	35420000	35420000	35420000	35420000
409	35400000	35400000	35400000	35400000
410	35420000	35420000	35420000	35420000
411	35420000	35420000	35420000	35420000
412	35410000	35410000	35410000	35410000
413	35410000	35410000	35410000	35410000
414	35420000	35420000	35420000	35420000
415	35410000	35410000	35410000	35410000
416	35410000	35410000	35410000	35420000
417	35420000	35420000	35420000	35420000
418	35410000	35410000	35410000	35410000
419	35420000	35420000	35420000	35420000
420	35410000	35410000	35410000	35420000
421	35420000	35420000	35420000	35410000
422	35420000	35420000	35410000	35420000
423	35420000	35420000	35420000	35420000
424	35420000	35420000	35420000	35420000
425	35420000	35420000	35420000	35420000
426	35420000	35420000	35420000	35420000
427	35420000	35420000	35420000	35420000
428	35420000	35420000	35420000	35420000
429	35420000	35420000	35420000	35420000
430	35420000	35420000	35420000	35420000
431	35420000	35420000	35420000	35420000
432	35410000	35410000	35410000	35410000
433	35410000	35410000	35410000	35410000
434	35410000	35410000	35410000	35420000
435	35420000	35420000	35420000	35410000
436	35420000	35420000	35420000	35420000
437	35410000	35410000	35410000	35410000
438	35410000	35420000	35410000	35410000
439	35420000	35420000	35420000	35420000
440	35410000	35410000	35410000	35410000
441	35420000	35420000	35420000	35420000
442	35410000	35410000	35410000	35410000
443	35420000	35420000	35420000	35410000
444	35410000	35410000	35410000	35420000
445	35420000	35420000	35420000	35420000
446	35420000	35420000	35420000	35420000
447	35420000	35420000	35420000	35420000
448	35410000	35410000	35410000	35410000
449	35420000	35420000	35420000	35420000
450	35410000	35410000	35410000	35410000
451	35420000	35430000	35420000	35420000
452	35420000	35420000	35420000	35420000
453	35420000	35420000	35420000	35410000
454	35410000	35420000	35410000	35410000
455	35420000	35420000	35420000	35420000
456	35420000	35420000	35420000	35420000
457	35410000	35410000	35410000	35410000
458	35410000	35410000	35410000	35410000
459	35420000	35420000	35420000	35420000
460	35420000	35420000	35420000	35420000
461	35420000	35420000	35420000	35420000
462	35410000	35420000	35410000	35410000
463	35410000	35410000	35410000	35410000
464	35410000	35410000	35410000	35420000
465	35420000	35420000	35420000	35420000
466	35420000	35420000	35420000	35420000
467	35420000	35420000	35420000	35420000
468	35410000	35410000	35410000	35410000
469	35420000	35420000	35420000	35420000
470	35420000	35420000	35420000	35420000
471	35420000	35420000	35420000	35420000
472	35410000	35410000	35410000	35410000
473	35430000	35430000	35430000	35430000
474	35420000	35420000	35420000	35420000
475	35420000	35420000	35420000	35410000
476	35420000	35420000	35420000	35420000
477	35420000	35420000	35420000	35420000
478	35420000	35420000	35420000	35410000
479	35420000	35420000	35420000	35420000
480	35420000	35420000	35420000	35420000
481	35420000	35420000	35420000	35420000
482	35410000	35410000	35410000	35410000
483	35410000	35410000	35420000	35420000
484	35420000	35420000	35420000	35420000
485	35410000	35410000	35410000	35410000
486	35430000	35430000	35430000	35420000
487	35420000	35420000	35420000	35420000
488	35420000	35410000	35420000	35420000
489	35420000	35420000	35420000	35420000
490	35410000	35410000	35410000	35410000
491	35430000	35430000	35430000	35420000
492	35410000	35420000	35410000	35410000
493	35410000	35410000	35410000	35410000
494	35420000	35420000	35420000	35420000
495	35420000	35430000	35420000	35420000
496	35420000	35420000	35420000	35420000
497	35420000	35420000	35420000	35420000
498	35420000	35420000	35420000	35420000
499	35420000	35420000	35420000	35420000

============================================================
# BITSTREAM: 100us_5etapas.bit
# VENTANA: 100us
# ETAPAS_PRINCIPAL: 5
# NUM_MUESTRAS: 500
# FORMATO: idx	freq1_hz	freq2_hz	freq3_hz	freq4_hz
============================================================
idx	freq1_hz	freq2_hz	freq3_hz	freq4_hz
0	34650000	33810000	32630000	32730000
1	34640000	33810000	32640000	32780000
2	34610000	33770000	32940000	32940000
3	34610000	33780000	32920000	32920000
4	34590000	33770000	32940000	32950000
5	34630000	33790000	32680000	32800000
6	34620000	33780000	32840000	32860000
7	34630000	33790000	32700000	32810000
8	34610000	33790000	32830000	32870000
9	34620000	33790000	32750000	32830000
10	34600000	33770000	32930000	32920000
11	34610000	33780000	32850000	32880000
12	34590000	33770000	32900000	32920000
13	34600000	33770000	32880000	32920000
14	34630000	33800000	32720000	32840000
15	34600000	33780000	32890000	32910000
16	34590000	33770000	32950000	32940000
17	34580000	33770000	32960000	32960000
18	34590000	33770000	32960000	32960000
19	34600000	33770000	32890000	32910000
20	34600000	33770000	32900000	32910000
21	34620000	33790000	32770000	32810000
22	34620000	33790000	32820000	32880000
23	34620000	33790000	32780000	32850000
24	34610000	33780000	32890000	32910000
25	34620000	33790000	32760000	32810000
26	34600000	33780000	32890000	32890000
27	34590000	33770000	32940000	32940000
28	34600000	33770000	32910000	32910000
29	34600000	33770000	32900000	32900000
30	34620000	33780000	32790000	32840000
31	34620000	33780000	32810000	32880000
32	34630000	33790000	32730000	32810000
33	34640000	33800000	32650000	32780000
34	34610000	33780000	32850000	32870000
35	34620000	33800000	32720000	32810000
36	34620000	33790000	32810000	32840000
37	34590000	33770000	32950000	32950000
38	34630000	33790000	32760000	32810000
39	34600000	33780000	32910000	32930000
40	34620000	33790000	32800000	32840000
41	34610000	33770000	32870000	32900000
42	34610000	33780000	32880000	32910000
43	34590000	33780000	32640000	32960000
44	34580000	33770000	32950000	32950000
45	34600000	33770000	32920000	32930000
46	34630000	33780000	32800000	32850000
47	34620000	33790000	32820000	32880000
48	34640000	33800000	32730000	32820000
49	34610000	33780000	32920000	32920000
50	34610000	33780000	32910000	32920000
51	34620000	33790000	32740000	32800000
52	34620000	33780000	32800000	32840000
53	34590000	33770000	32920000	32920000
54	34590000	33760000	32930000	32930000
55	34590000	33770000	32960000	32960000
56	34600000	33780000	32910000	32930000
57	34610000	33770000	32860000	32880000
58	34620000	33780000	32890000	32910000
59	34590000	33770000	32900000	32910000
60	34620000	33780000	32840000	32880000
61	34610000	33780000	32770000	32840000
62	34580000	33760000	32960000	32950000
63	34580000	33760000	32940000	32930000
64	34640000	33800000	32730000	32790000
65	34620000	33790000	32820000	32860000
66	34630000	33780000	32720000	32800000
67	34620000	33790000	32840000	32880000
68	34590000	33770000	32920000	32930000
69	34590000	33770000	32900000	32910000
70	34640000	33810000	32620000	32770000
71	34610000	33780000	32820000	32860000
72	34620000	33800000	32740000	32840000
73	34600000	33770000	32900000	32900000
74	34600000	33770000	32860000	32890000
75	34620000	33780000	32850000	32850000
76	34610000	33790000	32760000	32830000
77	34590000	33760000	32920000	32920000
78	34590000	33770000	32910000	32920000
79	34640000	33810000	32640000	32760000
80	34640000	33800000	32680000	32800000
81	34650000	33820000	32560000	32700000
82	34620000	33790000	32730000	32840000
83	34610000	33780000	32820000	32850000
84	34630000	33800000	32730000	32790000
85	34640000	33800000	32620000	32710000
86	34610000	33790000	32810000	32870000
87	34620000	33790000	32770000	32830000
88	34620000	33800000	32700000	32810000
89	34650000	33830000	32050000	32710000
90	34620000	33780000	32740000	32810000
91	34600000	33770000	32870000	32880000
92	34610000	33770000	32890000	32900000
93	34610000	33780000	32780000	32820000
94	34590000	33770000	32810000	32840000
95	34620000	33780000	32720000	32800000
96	34610000	33770000	32830000	32840000
97	34600000	33770000	32800000	32850000
98	34620000	33790000	32710000	32790000
99	34620000	33790000	32690000	32770000
100	34640000	33800000	32650000	32780000
101	34600000	33760000	32920000	32920000
102	34620000	33790000	32770000	32840000
103	34590000	33770000	32920000	32930000
104	34600000	33770000	32890000	32900000
105	34620000	33790000	32760000	32850000
106	34600000	33780000	32880000	32900000
107	34620000	33780000	32850000	32890000
108	34620000	33790000	32850000	32880000
109	34620000	33790000	32800000	32850000
110	34590000	33780000	32890000	32910000
111	34650000	33820000	32580000	32730000
112	34620000	33780000	32730000	32780000
113	34620000	33790000	32650000	32810000
114	34620000	33800000	32760000	32830000
115	34650000	33810000	32550000	32720000
116	34600000	33780000	32850000	32890000
117	34590000	33760000	32910000	32920000
118	34620000	33790000	32750000	32810000
119	34620000	33800000	32690000	32780000
120	34650000	33820000	32610000	32760000
121	34610000	33790000	32830000	32880000
122	34630000	33800000	32720000	32820000
123	34610000	33780000	32780000	32860000
124	34600000	33780000	32840000	32890000
125	34620000	33790000	32740000	32830000
126	34640000	33800000	32670000	32810000
127	34630000	33800000	32730000	32790000
128	34610000	33780000	32770000	32820000
129	34630000	33800000	32650000	32760000
130	34610000	33780000	32740000	32800000
131	34640000	33810000	32570000	32700000
132	34610000	33780000	32810000	32860000
133	34640000	33810000	32620000	32770000
134	34630000	33780000	32750000	32800000
135	34600000	33780000	32870000	32900000
136	34620000	33780000	32760000	32790000
137	34610000	33790000	32780000	32850000
138	34610000	33770000	32790000	32830000
139	34620000	33790000	32720000	32820000
140	34600000	33780000	32880000	32910000
141	34610000	33790000	32840000	32880000
142	34620000	33780000	32790000	32850000
143	34630000	33810000	32710000	32800000
144	34600000	33770000	32890000	32910000
145	34600000	33770000	32830000	32890000
146	34610000	33780000	32840000	32890000
147	34620000	33790000	32700000	32810000
148	34640000	33810000	32710000	32800000
149	34620000	33780000	32830000	32860000
150	34610000	33780000	32820000	32850000
151	34600000	33770000	32840000	32880000
152	34610000	33790000	32810000	32850000
153	34600000	33770000	32840000	32860000
154	34600000	33780000	32870000	32910000
155	34630000	33790000	32760000	32820000
156	34600000	33770000	32930000	32940000
157	34600000	33770000	32860000	32890000
158	34620000	33790000	32800000	32850000
159	34600000	33770000	32910000	32920000
160	34620000	33780000	32780000	32830000
161	34630000	33800000	32780000	32850000
162	34600000	33780000	32770000	32850000
163	34610000	33790000	32780000	32860000
164	34610000	33790000	32780000	32840000
165	34620000	33780000	32790000	32820000
166	34610000	33780000	32830000	32860000
167	34590000	33770000	32960000	32960000
168	34620000	33780000	32700000	32790000
169	34610000	33770000	32830000	32870000
170	34620000	33790000	32760000	32830000
171	34640000	33800000	32720000	32800000
172	34610000	33780000	32810000	32880000
173	34630000	33800000	32690000	32790000
174	34600000	33780000	32820000	32870000
175	34610000	33780000	32850000	32870000
176	34620000	33780000	32750000	32820000
177	34600000	33770000	32870000	32890000
178	34600000	33770000	32860000	32890000
179	34610000	33780000	32770000	32850000
180	34620000	33790000	32710000	32800000
181	34600000	33770000	32880000	32870000
182	34600000	33770000	32920000	32930000
183	34640000	33800000	32620000	32750000
184	34600000	33770000	32840000	32870000
185	34620000	33780000	32700000	32790000
186	34610000	33780000	32830000	32870000
187	34610000	33770000	32810000	32850000
188	34630000	33800000	32730000	32820000
189	34610000	33780000	32790000	32840000
190	34620000	33780000	32810000	32860000
191	34630000	33790000	32780000	32820000
192	34580000	33760000	32930000	32930000
193	34650000	33800000	32630000	32740000
194	34590000	33770000	32920000	32930000
195	34600000	33770000	32890000	32920000
196	34610000	33780000	32810000	32850000
197	34620000	33790000	32810000	32850000
198	34600000	33780000	32950000	32950000
199	34610000	33780000	32790000	32840000
200	34640000	33800000	32680000	32780000
201	34620000	33790000	32780000	32840000
202	34590000	33770000	32950000	32950000
203	34600000	33770000	32900000	32910000
204	34610000	33780000	32860000	32880000
205	34620000	33790000	32780000	32860000
206	34610000	33770000	32900000	32910000
207	34620000	33780000	32780000	32860000
208	34600000	33770000	32850000	32890000
209	34610000	33780000	32860000	32880000
210	34600000	33770000	32950000	32940000
211	34620000	33790000	32790000	32860000
212	34590000	33770000	32950000	32950000
213	34630000	33780000	32750000	32810000
214	34610000	33780000	32790000	32850000
215	34630000	33810000	32680000	32800000
216	34620000	33790000	32690000	32780000
217	34620000	33780000	32820000	32870000
218	34590000	33780000	32950000	32950000
219	34600000	33770000	32940000	32940000
220	34610000	33770000	32890000	32910000
221	34630000	33790000	32720000	32790000
222	34610000	33780000	32820000	32850000
223	34600000	33770000	32880000	32900000
224	34620000	33780000	32740000	32810000
225	34580000	33770000	32930000	32930000
226	34590000	33760000	32910000	32920000
227	34600000	33780000	32840000	32880000
228	34600000	33770000	32830000	32860000
229	34590000	33760000	32880000	32900000
230	34600000	33770000	32870000	32900000
231	34620000	33790000	32690000	32800000
232	34650000	33810000	32610000	32740000
233	34610000	33780000	32850000	32890000
234	34610000	33770000	32820000	32870000
235	34610000	33780000	32810000	32860000
236	34620000	33790000	32770000	32820000
237	34600000	33780000	32810000	32860000
238	34630000	33800000	32750000	32850000
239	34640000	33800000	32650000	32780000
240	34620000	33790000	32780000	32840000
241	34600000	33780000	32890000	32900000
242	34600000	33780000	32870000	32910000
243	34600000	33770000	32880000	32890000
244	34630000	33800000	32690000	32780000
245	34610000	33770000	32820000	32870000
246	34630000	33800000	32610000	32740000
247	34620000	33800000	32790000	32860000
248	34640000	33800000	32650000	32770000
249	34600000	33770000	32810000	32920000
250	34610000	33770000	32850000	32890000
251	34620000	33790000	32680000	32800000
252	34620000	33790000	32810000	32870000
253	34620000	33780000	32790000	32860000
254	34620000	33790000	32770000	32840000
255	34600000	33770000	32900000	32910000
256	34620000	33790000	32760000	32810000
257	34590000	33770000	32920000	32930000
258	34630000	33790000	32730000	32810000
259	34620000	33790000	32810000	32860000
260	34630000	33790000	32740000	32820000
261	34640000	33800000	32610000	32720000
262	34630000	33790000	32720000	32800000
263	34620000	33780000	32740000	32800000
264	34610000	33780000	32820000	32870000
265	34630000	33800000	32710000	32810000
266	34610000	33780000	32830000	32880000
267	34590000	33770000	32900000	32920000
268	34640000	33810000	32660000	32760000
269	34650000	33820000	32590000	32720000
270	34640000	33800000	32680000	32770000
271	34640000	33800000	32780000	32860000
272	34640000	33800000	32720000	32800000
273	34640000	33800000	32720000	32790000
274	34640000	33800000	32620000	32720000
275	34610000	33790000	32870000	32910000
276	34640000	33800000	32670000	32770000
277	34640000	33800000	32700000	32800000
278	34610000	33790000	32920000	32930000
279	34610000	33790000	32890000	32930000
280	34610000	33780000	32920000	32930000
281	34630000	33800000	32710000	32810000
282	34630000	33800000	32790000	32860000
283	34650000	33830000	32540000	32720000
284	34630000	33790000	32710000	32810000
285	34640000	33800000	32680000	32770000
286	34610000	33780000	32880000	32900000
287	34650000	33820000	32640000	32790000
288	34580000	33770000	32930000	32940000
289	34610000	33780000	32880000	32910000
290	34640000	33810000	32640000	32780000
291	34600000	33780000	32900000	32920000
292	34620000	33780000	32810000	32860000
293	34630000	33790000	32730000	32800000
294	34630000	33800000	32670000	32790000
295	34620000	33790000	32670000	32790000
296	34610000	33780000	32840000	32900000
297	34640000	33800000	32670000	32770000
298	34650000	33810000	32620000	32760000
299	34610000	33780000	32820000	32860000
300	34650000	33800000	32680000	32770000
301	34630000	33790000	32710000	32780000
302	34640000	33800000	32720000	32790000
303	34660000	33820000	32580000	32720000
304	34630000	33800000	32790000	32850000
305	34660000	33820000	32560000	32730000
306	34610000	33790000	32760000	32830000
307	34630000	33800000	32720000	32780000
308	34650000	33810000	32640000	32760000
309	34630000	33790000	32670000	32770000
310	34640000	33800000	32700000	32810000
311	34630000	33800000	32700000	32810000
312	34640000	33810000	32600000	32760000
313	34650000	33810000	32650000	32760000
314	34630000	33800000	32730000	32820000
315	34610000	33780000	32820000	32860000
316	34620000	33780000	32840000	32890000
317	34620000	33790000	32770000	32840000
318	34600000	33770000	32850000	32890000
319	34650000	33820000	32610000	32760000
320	34630000	33790000	32720000	32770000
321	34630000	33800000	32780000	32860000
322	34620000	33780000	32750000	32820000
323	34650000	33800000	32650000	32760000
324	34630000	33800000	32730000	32810000
325	34630000	33800000	32730000	32800000
326	34630000	33790000	32760000	32830000
327	34630000	33800000	32780000	32850000
328	34620000	33790000	32790000	32830000
329	34620000	33800000	32790000	32860000
330	34620000	33790000	32780000	32840000
331	34600000	33770000	32900000	32910000
332	34630000	33800000	32650000	32780000
333	34630000	33810000	32690000	32790000
334	34620000	33790000	32700000	32790000
335	34640000	33800000	32720000	32800000
336	34590000	33770000	32890000	32900000
337	34600000	33780000	32890000	32920000
338	34600000	33770000	32880000	32910000
339	34600000	33770000	32890000	32900000
340	34620000	33790000	32770000	32820000
341	34620000	33780000	32730000	32810000
342	34640000	33810000	32640000	32750000
343	34630000	33800000	32710000	32790000
344	34620000	33790000	32730000	32790000
345	34620000	33790000	32810000	32870000
346	34630000	33790000	32770000	32850000
347	34620000	33800000	32710000	32800000
348	34610000	33770000	32810000	32860000
349	34620000	33790000	32750000	32810000
350	34580000	33770000	32950000	32950000
351	34600000	33780000	32890000	32910000
352	34620000	33790000	32770000	32830000
353	34600000	33780000	32920000	32920000
354	34630000	33790000	32780000	32850000
355	34630000	33790000	32740000	32820000
356	34600000	33770000	32880000	32900000
357	34620000	33790000	32830000	32880000
358	34600000	33780000	32880000	32890000
359	34590000	33770000	32910000	32930000
360	34640000	33800000	32630000	32770000
361	34620000	33790000	32740000	32840000
362	34610000	33780000	32840000	32860000
363	34600000	33770000	32880000	32910000
364	34600000	33770000	32890000	32900000
365	34610000	33780000	32820000	32880000
366	34630000	33790000	32760000	32830000
367	34620000	33790000	32720000	32780000
368	34640000	33800000	32610000	32730000
369	34640000	33810000	32670000	32800000
370	34590000	33770000	32930000	32940000
371	34590000	33770000	32890000	32930000
372	34590000	33770000	32920000	32920000
373	34610000	33780000	32870000	32900000
374	34590000	33770000	32920000	32930000
375	34620000	33780000	32850000	32880000
376	34620000	33790000	32770000	32830000
377	34630000	33800000	32720000	32790000
378	34600000	33770000	32860000	32870000
379	34620000	33790000	32790000	32850000
380	34610000	33780000	32850000	32890000
381	34610000	33780000	32870000	32900000
382	34610000	33770000	32790000	32850000
383	34620000	33790000	32780000	32840000
384	34600000	33770000	32870000	32890000
385	34630000	33790000	32680000	32780000
386	34600000	33770000	32920000	32930000
387	34640000	33800000	32700000	32800000
388	34630000	33800000	32700000	32780000
389	34610000	33790000	32770000	32840000
390	34640000	33800000	32690000	32800000
391	34640000	33800000	32590000	32740000
392	34590000	33770000	32870000	32890000
393	34620000	33780000	32760000	32830000
394	34600000	33780000	32890000	32900000
395	34610000	33780000	32820000	32870000
396	34620000	33780000	32760000	32800000
397	34610000	33770000	32870000	32890000
398	34600000	33780000	32880000	32910000
399	34610000	33780000	32820000	32860000
400	34620000	33780000	32810000	32850000
401	34600000	33770000	32860000	32880000
402	34600000	33770000	32880000	32900000
403	34630000	33800000	32790000	32860000
404	34600000	33780000	32920000	32930000
405	34620000	33790000	32860000	32900000
406	34600000	33780000	32920000	32930000
407	34600000	33770000	32910000	32920000
408	34630000	33800000	32710000	32800000
409	34610000	33780000	32820000	32860000
410	34640000	33820000	32660000	32790000
411	34630000	33800000	32740000	32810000
412	34630000	33800000	32780000	32850000
413	34610000	33780000	32880000	32910000
414	34610000	33780000	32870000	32900000
415	34660000	33810000	32590000	32740000
416	34640000	33810000	32670000	32770000
417	34600000	33780000	32850000	32880000
418	34590000	33770000	32910000	32910000
419	34620000	33780000	32790000	32840000
420	34610000	33780000	32890000	32920000
421	34620000	33780000	32800000	32840000
422	34620000	33790000	32800000	32840000
423	34620000	33790000	32750000	32830000
424	34620000	33790000	32720000	32820000
425	34630000	33790000	32610000	32750000
426	34610000	33790000	32780000	32860000
427	34620000	33800000	32690000	32800000
428	34610000	33780000	32870000	32890000
429	34610000	33790000	32800000	32860000
430	34590000	33770000	32940000	32950000
431	34610000	33780000	32750000	32840000
432	34590000	33780000	32870000	32920000
433	34610000	33780000	32790000	32840000
434	34600000	33780000	32850000	32900000
435	34590000	33770000	32890000	32910000
436	34600000	33770000	32830000	32880000
437	34640000	33810000	32630000	32750000
438	34580000	33760000	32930000	32940000
439	34620000	33790000	32770000	32840000
440	34620000	33780000	32760000	32830000
441	34590000	33770000	32950000	32950000
442	34580000	33770000	32950000	32950000
443	34590000	33760000	32950000	32950000
444	34610000	33780000	32890000	32910000
445	34590000	33770000	32930000	32930000
446	34600000	33770000	32920000	32920000
447	34590000	33770000	32940000	32940000
448	34600000	33780000	32890000	32910000
449	34600000	33770000	32960000	32950000
450	34600000	33770000	32880000	32910000
451	34610000	33780000	32860000	32890000
452	34590000	33770000	32950000	32950000
453	34600000	33770000	32920000	32930000
454	34600000	33780000	32920000	32930000
455	34610000	33780000	32810000	32880000
456	34600000	33770000	32940000	32940000
457	34620000	33790000	32800000	32860000
458	34600000	33770000	32890000	32910000
459	34620000	33790000	32790000	32840000
460	34610000	33790000	32780000	32850000
461	34620000	33790000	32720000	32780000
462	34630000	33800000	32710000	32810000
463	34610000	33770000	32870000	32900000
464	34640000	33810000	32640000	32780000
465	34620000	33790000	32750000	32820000
466	34600000	33760000	32870000	32880000
467	34600000	33770000	32880000	32900000
468	34610000	33770000	32820000	32870000
469	34600000	33770000	32860000	32890000
470	34600000	33780000	32870000	32890000
471	34610000	33770000	32800000	32860000
472	34620000	33790000	32720000	32810000
473	34630000	33800000	32730000	32820000
474	34620000	33790000	32990000	32770000
475	34630000	33790000	32710000	32810000
476	34630000	33810000	32650000	32780000
477	34600000	33780000	32930000	32940000
478	34600000	33770000	32920000	32920000
479	34640000	33810000	32640000	32760000
480	34630000	33800000	32660000	32750000
481	34620000	33790000	32770000	32830000
482	34630000	33790000	32710000	32800000
483	34620000	33790000	32780000	32840000
484	34630000	33800000	32770000	32860000
485	34610000	33780000	32880000	32900000
486	34600000	33780000	32940000	32950000
487	34600000	33770000	32860000	32870000
488	34600000	33770000	32870000	32900000
489	34580000	33760000	32950000	32940000
490	34590000	33760000	32870000	32900000
491	34590000	33770000	32950000	32950000
492	34590000	33770000	32930000	32940000
493	34600000	33770000	32940000	32940000
494	34630000	33790000	32780000	32840000
495	34600000	33770000	32870000	32910000
496	34600000	33780000	32880000	32920000
497	34600000	33780000	32880000	32900000
498	34600000	33780000	32910000	32920000
499	34620000	33780000	32830000	32870000

============================================================
# BITSTREAM: 100us_51etapas.bit
# VENTANA: 100us
# ETAPAS_PRINCIPAL: 51
# NUM_MUESTRAS: 500
# FORMATO: idx	freq1_hz	freq2_hz	freq3_hz	freq4_hz
============================================================
idx	freq1_hz	freq2_hz	freq3_hz	freq4_hz
0	28270000	31190000	31340000	28750000
1	28270000	31190000	31350000	28750000
2	28280000	31190000	31350000	28750000
3	28290000	31180000	31350000	28760000
4	28280000	31180000	31350000	28750000
5	28290000	31190000	31350000	28750000
6	28280000	31190000	31350000	28760000
7	28280000	31180000	31350000	28750000
8	28270000	31190000	31360000	28750000
9	28270000	31190000	31350000	28740000
10	28280000	31190000	31350000	28750000
11	28280000	31180000	31340000	28750000
12	28280000	31190000	31360000	28750000
13	28280000	31190000	31350000	28750000
14	28280000	31190000	31350000	28760000
15	28270000	31190000	31350000	28740000
16	28290000	31190000	31350000	28760000
17	28270000	31190000	31340000	28750000
18	28280000	31190000	31350000	28750000
19	28280000	31180000	31340000	28750000
20	28290000	31170000	31340000	28750000
21	28280000	31190000	31350000	28760000
22	28280000	31190000	31350000	28750000
23	28290000	31180000	31340000	28760000
24	28280000	31190000	31340000	28740000
25	28280000	31190000	31360000	28760000
26	28290000	31190000	31350000	28760000
27	28270000	31180000	31350000	28750000
28	28280000	31190000	31350000	28760000
29	28280000	31190000	31350000	28750000
30	28280000	31190000	31350000	28750000
31	28290000	31190000	31350000	28750000
32	28280000	31190000	31360000	28750000
33	28280000	31180000	31340000	28750000
34	28280000	31190000	31340000	28750000
35	28280000	31360000	31350000	28750000
36	28280000	31170000	31340000	28750000
37	28290000	31360000	31350000	28760000
38	28280000	31190000	31350000	28750000
39	28280000	31190000	31350000	28750000
40	28290000	31190000	31350000	28750000
41	28280000	31190000	31350000	28750000
42	28280000	31190000	31350000	28750000
43	28280000	31190000	31350000	28760000
44	28280000	31190000	31350000	28750000
45	28290000	31180000	31350000	28750000
46	28280000	31360000	31350000	28750000
47	28280000	31360000	31360000	28750000
48	28280000	31180000	31340000	28760000
49	28280000	31190000	31350000	28760000
50	28280000	31180000	31350000	28750000
51	28280000	31360000	31350000	28760000
52	28280000	31190000	31350000	28760000
53	28290000	31190000	31350000	28760000
54	28280000	31190000	31350000	28750000
55	28280000	31180000	31340000	28750000
56	28280000	31180000	31350000	28760000
57	28270000	31190000	31350000	28750000
58	28280000	31180000	31350000	28760000
59	28280000	31190000	31350000	28750000
60	28280000	31190000	31350000	28760000
61	28280000	31190000	31350000	28760000
62	28280000	31190000	31350000	28750000
63	28280000	31360000	31350000	28750000
64	28280000	31190000	31350000	28760000
65	28290000	31190000	31340000	28760000
66	28280000	31190000	31350000	28750000
67	28280000	31180000	31350000	28760000
68	28280000	31180000	31340000	28760000
69	28280000	31190000	31350000	28750000
70	28290000	31170000	31330000	28750000
71	28290000	31190000	31340000	28760000
72	28270000	31180000	31340000	28750000
73	28280000	31830000	31350000	28750000
74	28270000	31190000	31350000	28750000
75	28270000	31360000	31350000	28750000
76	28280000	31180000	31340000	28750000
77	28280000	31190000	31350000	28750000
78	28280000	31180000	31350000	28750000
79	28280000	31180000	31340000	28750000
80	28280000	31190000	31350000	28750000
81	28280000	31190000	31350000	28750000
82	28270000	31360000	31350000	28750000
83	28280000	31360000	31360000	28750000
84	28280000	31360000	31350000	28750000
85	28290000	31190000	31350000	28760000
86	28280000	31360000	31350000	28750000
87	28270000	31190000	31350000	28750000
88	28290000	31190000	31350000	28750000
89	28280000	31370000	31370000	28750000
90	28290000	31180000	31350000	28750000
91	28280000	31190000	31350000	28750000
92	28290000	31190000	31350000	28760000
93	28280000	31190000	31350000	28750000
94	28270000	31150000	31360000	28750000
95	28280000	31190000	31350000	28750000
96	28280000	31360000	31360000	28750000
97	28280000	31190000	31350000	28760000
98	28280000	31190000	31350000	28760000
99	28280000	31190000	31340000	28760000
100	28290000	31180000	31350000	28750000
101	28280000	31190000	31350000	28740000
102	28280000	31190000	31340000	28750000
103	28280000	31190000	31350000	28760000
104	28280000	31190000	31350000	28750000
105	28280000	31190000	31340000	28750000
106	28280000	31190000	31360000	28750000
107	28280000	31190000	31350000	28760000
108	28280000	31190000	31350000	28750000
109	28270000	31180000	31340000	28750000
110	28290000	31190000	31340000	28760000
111	28280000	31190000	31340000	28750000
112	28280000	31180000	31350000	28740000
113	28270000	31180000	31350000	28740000
114	28280000	31180000	31350000	28740000
115	28280000	31190000	31340000	28750000
116	28280000	31190000	31350000	28750000
117	28270000	31190000	31340000	28750000
118	28280000	31190000	31340000	28740000
119	28270000	31190000	31340000	28740000
120	28270000	31180000	31340000	28750000
121	28280000	31190000	31350000	28750000
122	28280000	31190000	31340000	28740000
123	28280000	31180000	31350000	28760000
124	28280000	31180000	31340000	28750000
125	28280000	31190000	31340000	28760000
126	28280000	31180000	31340000	28750000
127	28280000	31190000	31350000	28750000
128	28270000	31180000	31340000	28740000
129	28280000	31360000	31360000	28750000
130	28280000	31190000	31340000	28750000
131	28290000	31190000	31350000	28760000
132	28290000	31190000	31350000	28750000
133	28290000	31190000	31350000	28760000
134	28280000	31190000	31350000	28750000
135	28270000	31360000	31350000	28750000
136	28280000	31190000	31350000	28750000
137	28280000	31180000	31350000	28750000
138	28280000	31180000	31350000	28750000
139	28280000	31180000	31340000	28760000
140	28280000	31190000	31340000	28750000
141	28280000	31190000	31350000	28750000
142	28290000	31190000	31350000	28750000
143	28280000	31180000	31350000	28750000
144	28280000	31190000	31350000	28760000
145	28280000	31190000	31340000	28750000
146	28270000	31180000	31340000	28750000
147	28280000	31190000	31340000	28750000
148	28280000	31190000	31360000	28760000
149	28280000	31190000	31350000	28750000
150	28280000	31180000	31340000	28750000
151	28270000	31180000	31340000	28750000
152	28270000	31190000	31340000	28750000
153	28280000	31180000	31340000	28740000
154	28280000	31180000	31340000	28750000
155	28280000	31190000	31340000	28740000
156	28270000	31190000	31350000	28750000
157	28270000	31180000	31340000	28750000
158	28280000	31190000	31350000	28750000
159	28280000	31180000	31340000	28750000
160	28280000	31180000	31350000	28750000
161	28280000	31190000	31350000	28750000
162	28280000	31190000	31350000	28750000
163	28280000	31180000	31350000	28760000
164	28270000	31180000	31340000	28740000
165	28280000	31360000	31350000	28750000
166	28280000	31180000	31340000	28750000
167	28280000	31190000	31350000	28760000
168	28280000	31190000	31350000	28750000
169	28280000	31180000	31340000	28750000
170	28290000	31190000	31350000	28760000
171	28290000	31190000	31350000	28760000
172	28270000	31190000	31350000	28750000
173	28290000	31190000	31350000	28760000
174	28280000	31190000	31360000	28760000
175	28280000	31190000	31970000	28750000
176	28280000	31180000	31340000	28760000
177	28280000	31190000	31350000	28750000
178	28280000	31180000	31340000	28750000
179	28280000	31190000	31350000	28750000
180	28270000	31360000	31360000	28750000
181	28280000	31190000	31350000	28750000
182	28290000	31360000	31360000	28760000
183	28290000	31190000	31350000	28760000
184	28280000	31190000	31360000	28750000
185	28270000	31190000	31360000	28740000
186	28280000	31190000	31360000	28750000
187	28280000	31190000	31350000	28760000
188	28280000	31190000	31350000	28760000
189	28290000	31190000	31360000	28760000
190	28280000	31190000	31350000	28750000
191	28280000	31180000	31340000	28750000
192	28270000	31190000	31340000	28750000
193	28270000	31060000	31360000	28750000
194	28280000	31360000	31360000	28750000
195	28280000	31190000	31350000	28750000
196	28280000	31180000	31340000	28750000
197	28270000	31190000	31340000	28740000
198	28290000	31190000	31340000	28760000
199	28280000	31190000	31350000	28750000
200	28280000	31190000	31350000	28760000
201	28280000	31190000	31350000	28760000
202	28270000	31180000	31350000	28750000
203	28280000	31360000	31360000	28750000
204	28280000	31180000	31340000	28750000
205	28280000	31190000	31350000	28750000
206	28280000	31190000	31340000	28750000
207	28280000	31190000	31350000	28760000
208	28270000	31190000	31350000	28750000
209	28290000	31190000	31340000	28750000
210	28280000	31190000	31360000	28750000
211	28280000	31180000	31350000	28750000
212	28280000	31190000	31350000	28750000
213	28270000	31180000	31350000	28750000
214	28280000	31190000	31350000	28760000
215	28290000	31190000	31350000	28750000
216	28290000	31180000	31350000	28760000
217	28270000	31190000	31350000	28750000
218	28290000	31180000	31350000	28760000
219	28280000	31360000	31360000	28750000
220	28280000	31190000	31350000	28740000
221	28280000	31190000	31350000	28750000
222	28280000	31360000	31360000	28750000
223	28280000	31190000	31350000	28750000
224	28280000	31190000	31350000	28750000
225	28280000	31180000	31340000	28750000
226	28290000	31190000	31340000	28750000
227	28270000	31360000	31360000	28750000
228	28280000	31180000	31340000	28750000
229	28280000	31190000	31350000	28760000
230	28280000	31180000	31350000	28750000
231	28280000	31190000	31350000	28750000
232	28290000	31190000	31350000	28750000
233	28270000	31190000	31340000	28750000
234	28280000	31180000	31340000	28740000
235	28280000	31190000	31350000	28750000
236	28280000	31190000	31350000	28760000
237	28290000	31180000	31350000	28750000
238	28280000	31360000	31360000	28750000
239	28280000	31180000	31340000	28750000
240	28280000	31180000	31340000	28750000
241	28280000	31190000	31360000	28750000
242	28280000	31190000	31350000	28760000
243	28290000	31190000	31350000	28750000
244	28280000	31190000	31350000	28760000
245	28270000	31360000	31360000	28750000
246	28280000	31190000	31350000	28750000
247	28280000	31190000	31350000	28750000
248	28280000	31190000	31350000	28750000
249	28290000	31190000	31350000	28750000
250	28280000	31180000	31340000	28750000
251	28280000	31190000	31340000	28760000
252	28290000	31190000	31350000	28750000
253	28280000	31190000	31340000	28750000
254	28280000	31190000	31350000	28750000
255	28290000	31190000	31340000	28760000
256	28280000	31190000	31350000	28750000
257	28280000	31190000	31340000	28750000
258	28270000	31360000	31350000	28750000
259	28280000	31190000	31350000	28740000
260	28280000	31190000	31350000	28750000
261	28280000	31180000	31340000	28750000
262	28280000	31190000	31350000	28750000
263	28270000	31190000	31350000	28740000
264	28280000	31180000	31340000	28750000
265	28290000	31190000	31350000	28750000
266	28290000	31180000	31350000	28750000
267	28280000	31190000	31360000	28750000
268	28280000	31190000	31350000	28750000
269	28270000	31190000	31350000	28750000
270	28280000	31190000	31350000	28750000
271	28280000	31190000	31350000	28760000
272	28280000	31190000	31350000	28750000
273	28280000	31190000	31350000	28750000
274	28280000	31190000	31350000	28750000
275	28280000	31180000	31350000	28750000
276	28280000	31180000	31340000	28760000
277	28270000	31190000	31360000	28750000
278	28280000	31190000	31350000	28750000
279	28280000	31190000	31360000	28750000
280	28280000	31190000	31850000	28760000
281	28280000	31190000	31350000	28760000
282	28280000	31190000	31350000	28750000
283	28250000	31180000	31340000	28760000
284	28270000	31360000	31350000	28750000
285	28280000	31360000	31350000	28750000
286	28270000	31360000	31350000	28750000
287	28290000	31190000	31350000	28760000
288	28280000	31190000	31350000	28760000
289	28280000	31180000	31350000	28760000
290	28280000	31830000	31350000	28760000
291	28280000	31190000	31350000	28750000
292	28290000	31360000	31350000	28760000
293	28290000	31180000	31350000	28760000
294	28280000	31190000	31340000	28750000
295	28270000	31190000	31350000	28740000
296	28280000	31180000	31350000	28750000
297	28280000	31360000	31350000	28750000
298	28280000	31360000	31350000	28760000
299	28280000	31190000	31340000	28760000
300	28280000	31190000	31350000	28760000
301	28280000	31190000	31340000	28750000
302	28270000	31190000	31350000	28750000
303	28280000	31180000	31340000	28740000
304	28280000	31190000	31350000	28750000
305	28290000	31190000	31350000	28760000
306	28280000	31190000	31350000	28760000
307	28280000	31190000	31350000	28750000
308	28270000	31060000	31350000	28750000
309	28280000	31190000	31340000	28750000
310	28290000	31360000	31350000	28760000
311	28280000	31190000	31350000	28750000
312	28280000	31190000	31340000	28750000
313	28280000	31180000	31340000	28750000
314	28280000	31190000	31350000	28750000
315	28280000	31190000	31340000	28760000
316	28280000	31360000	31350000	28740000
317	28280000	31190000	31350000	28750000
318	28280000	31190000	31340000	28750000
319	28290000	31190000	31350000	28760000
320	28270000	31190000	31350000	28750000
321	28280000	31180000	31350000	28750000
322	28280000	31180000	31350000	28750000
323	28270000	31180000	31340000	28750000
324	28280000	31180000	31350000	28750000
325	28280000	31180000	31350000	28750000
326	28270000	31190000	31350000	28750000
327	28280000	31180000	31350000	28750000
328	28280000	31190000	31350000	28750000
329	28280000	31190000	31350000	28760000
330	28280000	31190000	31350000	28750000
331	28280000	31190000	31350000	28750000
332	28280000	31190000	31340000	28760000
333	28270000	31190000	31340000	28750000
334	28280000	31190000	31340000	28760000
335	28280000	31190000	31350000	28750000
336	28280000	31180000	31340000	28750000
337	28280000	31180000	31340000	28750000
338	28280000	31190000	31350000	28760000
339	28270000	31360000	31350000	28740000
340	28280000	31180000	31350000	28750000
341	28280000	31180000	31340000	28740000
342	28280000	31190000	31350000	28760000
343	28280000	31180000	31340000	28740000
344	28280000	31180000	31340000	28760000
345	28290000	31170000	31340000	28750000
346	28270000	31180000	31340000	28750000
347	28280000	31180000	31350000	28760000
348	28280000	31180000	31350000	28750000
349	28280000	31190000	31340000	28750000
350	28280000	31190000	31340000	28750000
351	28280000	31190000	31340000	28760000
352	28280000	31360000	31350000	28750000
353	28290000	31190000	31350000	28760000
354	28280000	31190000	31350000	28750000
355	28280000	31180000	31350000	28750000
356	28280000	31190000	31350000	28760000
357	28280000	31190000	31340000	28750000
358	28280000	31190000	31350000	28740000
359	28280000	31180000	31340000	28750000
360	28280000	31180000	31350000	28750000
361	28280000	31180000	31330000	28750000
362	28280000	31190000	31340000	28750000
363	28280000	31190000	31350000	28750000
364	28280000	31180000	31340000	28760000
365	28290000	31190000	31350000	28750000
366	28280000	31190000	31340000	28760000
367	28280000	31180000	31350000	28750000
368	28270000	31180000	31340000	28750000
369	28290000	31180000	31340000	28760000
370	28260000	31190000	31350000	28740000
371	28280000	31180000	31350000	28750000
372	28280000	31180000	31340000	28740000
373	28280000	31190000	31350000	28750000
374	28280000	31180000	31340000	28750000
375	28270000	31180000	31340000	28740000
376	28280000	31190000	31340000	28740000
377	28270000	31180000	31350000	28750000
378	28290000	31190000	31350000	28760000
379	28280000	31360000	31360000	28750000
380	28280000	31180000	31340000	28740000
381	28290000	31190000	31350000	28750000
382	28280000	31180000	31350000	28750000
383	28280000	31190000	31350000	28750000
384	28280000	31190000	31340000	28750000
385	28280000	31190000	31340000	28750000
386	28280000	31180000	31340000	28750000
387	28280000	31180000	31340000	28750000
388	28270000	31180000	31340000	28740000
389	28280000	31180000	31350000	28750000
390	28270000	31190000	31350000	28750000
391	28280000	31180000	31340000	28750000
392	28280000	31190000	31350000	28760000
393	28280000	31180000	31350000	28750000
394	28280000	31190000	31340000	28750000
395	28270000	31190000	31340000	28750000
396	28280000	31180000	31340000	28750000
397	28280000	31190000	31340000	28750000
398	28280000	31360000	31350000	28750000
399	28290000	31190000	31350000	28750000
400	28280000	31190000	31350000	28750000
401	28280000	31190000	31350000	28750000
402	28280000	31190000	31340000	28750000
403	28280000	31190000	31350000	28750000
404	28290000	31180000	31340000	28750000
405	28280000	31180000	31350000	28750000
406	28280000	31180000	31340000	28750000
407	28280000	31180000	31340000	28750000
408	28270000	31370000	31370000	28750000
409	28280000	31180000	31350000	28750000
410	28270000	31180000	31340000	28740000
411	28280000	31190000	31350000	28740000
412	28280000	31190000	31350000	28760000
413	28240000	31190000	31340000	28750000
414	28290000	31190000	31350000	28750000
415	28290000	31190000	31350000	28760000
416	28280000	31360000	31350000	28750000
417	28280000	31190000	31340000	28750000
418	28270000	31190000	31350000	28750000
419	28280000	31180000	31350000	28750000
420	28280000	31190000	31340000	28760000
421	28280000	31190000	31350000	28750000
422	28280000	31190000	31350000	28760000
423	28270000	31360000	31360000	28750000
424	28270000	31180000	31340000	28740000
425	28280000	31180000	31350000	28750000
426	28270000	31190000	31350000	28740000
427	28280000	31360000	31350000	28750000
428	28280000	31180000	31340000	28760000
429	28280000	31190000	31350000	28750000
430	28280000	31190000	31350000	28750000
431	28280000	31190000	31340000	28740000
432	28270000	31180000	31340000	28750000
433	28280000	31190000	31340000	28750000
434	28280000	31190000	31340000	28750000
435	28270000	31180000	31340000	28750000
436	28280000	31180000	31350000	28750000
437	28280000	31180000	31350000	28750000
438	28280000	31180000	31340000	28750000
439	28280000	31190000	31350000	28750000
440	28280000	31360000	31350000	28750000
441	28280000	31190000	31350000	28750000
442	28280000	31190000	31340000	28760000
443	28290000	31190000	31350000	28760000
444	28290000	31180000	31340000	28750000
445	28280000	31190000	31350000	28750000
446	28280000	31190000	31350000	28750000
447	28280000	31360000	31360000	28750000
448	28290000	31190000	31350000	28760000
449	28290000	31190000	31350000	28760000
450	28280000	31190000	31350000	28750000
451	28280000	31190000	31340000	28750000
452	28280000	31360000	31360000	28750000
453	28280000	31190000	31350000	28750000
454	28290000	31180000	31350000	28750000
455	28290000	31190000	31350000	28750000
456	28280000	31180000	31350000	28750000
457	28290000	31190000	31350000	28760000
458	28280000	31190000	31350000	28760000
459	28290000	31190000	31350000	28760000
460	28290000	31190000	31350000	28750000
461	28290000	31190000	31360000	28760000
462	28280000	31190000	31360000	28760000
463	28280000	31360000	31360000	28750000
464	28290000	31190000	31350000	28760000
465	28280000	31190000	31350000	28760000
466	28280000	31180000	31350000	28760000
467	28280000	31180000	31340000	28750000
468	28280000	31180000	31350000	28760000
469	28270000	31190000	31350000	28740000
470	28280000	31190000	31340000	28760000
471	28280000	31360000	31360000	28750000
472	28270000	31190000	31350000	28740000
473	28280000	31190000	31340000	28750000
474	28270000	31360000	31350000	28750000
475	28280000	30720000	31360000	28750000
476	28280000	31190000	31350000	28750000
477	28280000	31180000	31350000	28750000
478	28280000	31190000	31350000	28750000
479	28280000	31190000	31350000	28760000
480	28280000	31180000	31340000	28750000
481	28280000	31360000	31350000	28750000
482	28280000	31190000	31340000	28750000
483	28280000	31180000	31350000	28750000
484	28280000	31190000	31350000	28750000
485	28280000	31190000	31340000	28750000
486	28280000	31190000	31340000	28760000
487	28280000	31180000	31350000	28750000
488	28280000	31190000	31350000	28760000
489	28280000	31190000	31350000	28760000
490	28290000	31190000	31350000	28750000
491	28280000	31170000	31340000	28750000
492	28290000	31190000	31360000	28750000
493	28280000	31180000	31350000	28750000
494	28270000	31180000	31340000	28740000
495	28280000	31170000	31340000	28740000
496	28280000	31190000	31350000	28750000
497	28270000	31180000	31350000	28750000
498	28280000	31190000	31340000	28750000
499	28270000	31170000	31340000	28750000

============================================================
# BITSTREAM: 100us_101etapas.bit
# VENTANA: 100us
# ETAPAS_PRINCIPAL: 101
# NUM_MUESTRAS: 500
# FORMATO: idx	freq1_hz	freq2_hz	freq3_hz	freq4_hz
============================================================
idx	freq1_hz	freq2_hz	freq3_hz	freq4_hz
0	50000	9830000	8880000	8910000
1	8250000	9840000	8880000	8910000
2	8250000	9830000	8880000	8900000
3	8250000	9830000	8880000	8910000
4	8250000	9830000	8870000	8910000
5	8250000	9840000	8880000	8900000
6	8250000	9830000	8880000	8900000
7	8250000	9840000	8880000	8910000
8	8250000	9830000	8880000	8910000
9	8250000	9830000	8880000	8910000
10	8260000	9840000	8880000	8900000
11	8250000	9830000	8870000	8910000
12	8250000	9830000	8870000	8910000
13	8260000	9830000	8880000	8910000
14	8260000	9840000	8880000	8910000
15	8250000	9830000	8870000	8910000
16	8250000	9830000	8880000	8900000
17	8260000	9840000	8880000	8900000
18	8250000	9830000	8870000	8910000
19	8250000	9830000	8870000	8910000
20	8260000	9830000	8880000	8910000
21	8250000	9840000	8880000	8920000
22	8250000	9830000	8870000	8910000
23	8250000	9830000	8870000	8910000
24	8250000	9830000	8880000	8910000
25	8250000	9830000	8870000	8910000
26	8250000	9830000	8870000	8910000
27	8250000	9830000	8880000	8910000
28	8260000	9840000	8870000	8910000
29	8250000	9830000	8880000	8920000
30	8250000	9830000	8870000	8910000
31	8250000	9830000	8880000	8910000
32	8250000	9830000	8880000	8910000
33	8250000	9830000	8870000	8910000
34	8250000	9830000	8880000	8910000
35	8250000	9830000	8870000	8910000
36	8250000	9830000	8880000	8900000
37	8250000	9840000	8880000	8910000
38	8250000	9830000	8880000	8910000
39	8250000	9840000	8870000	8910000
40	8250000	9830000	8880000	8910000
41	8250000	9830000	8870000	8910000
42	8250000	9830000	8870000	8910000
43	8250000	9830000	8880000	8910000
44	8250000	9830000	8880000	8910000
45	8250000	9830000	8880000	8910000
46	8250000	9830000	8880000	8910000
47	8250000	9830000	8870000	8910000
48	8250000	9830000	8880000	8910000
49	8250000	9830000	8880000	8910000
50	8250000	9840000	8880000	8910000
51	8250000	9830000	8870000	8900000
52	8250000	9830000	8880000	8900000
53	8250000	9830000	8880000	8910000
54	8250000	9840000	8880000	8910000
55	8260000	9840000	8880000	8910000
56	8250000	9840000	8880000	8900000
57	8250000	9830000	8880000	8910000
58	8250000	9840000	8880000	8900000
59	8250000	9830000	8880000	8910000
60	8250000	9830000	8870000	8910000
61	8250000	9830000	8880000	8910000
62	8250000	9830000	8880000	8920000
63	8250000	9830000	8870000	8900000
64	8250000	9830000	8870000	8910000
65	8250000	9830000	8880000	8910000
66	8250000	9830000	8880000	8900000
67	8250000	9840000	8870000	8910000
68	8250000	9830000	8880000	8910000
69	8250000	9830000	8880000	8900000
70	8250000	9830000	8870000	8910000
71	8250000	9830000	8880000	8900000
72	8250000	9830000	8880000	8900000
73	8250000	9830000	8880000	8900000
74	8250000	9830000	8880000	8910000
75	8250000	9830000	8880000	8900000
76	8250000	9830000	8880000	8900000
77	8250000	9830000	8880000	8900000
78	8250000	9840000	8870000	8910000
79	8250000	9840000	8880000	8910000
80	8250000	9830000	8870000	8910000
81	8250000	9830000	8880000	8910000
82	8250000	9840000	8880000	8900000
83	8250000	9830000	8880000	8910000
84	8250000	9830000	8880000	8910000
85	8250000	9830000	8880000	8910000
86	8250000	9830000	8870000	8900000
87	8250000	9830000	8880000	8910000
88	8250000	9830000	8870000	8910000
89	8250000	9830000	8870000	8910000
90	8250000	9830000	8880000	8900000
91	8250000	9840000	8880000	8910000
92	8250000	9830000	8880000	8910000
93	8250000	9830000	8880000	8910000
94	8250000	9840000	8870000	8910000
95	8250000	9830000	8880000	8910000
96	8260000	9830000	8880000	8900000
97	8250000	9830000	8880000	8900000
98	8260000	9840000	8870000	8910000
99	8250000	9830000	8880000	8900000
100	8250000	9830000	8880000	8910000
101	8250000	9840000	8880000	8900000
102	8250000	9830000	8880000	8900000
103	8250000	9830000	8880000	8910000
104	8250000	9840000	8880000	8910000
105	8250000	9830000	8870000	8910000
106	8250000	9830000	8870000	8900000
107	8260000	9830000	8880000	8900000
108	8250000	9840000	8870000	8900000
109	8240000	9830000	8870000	8910000
110	8260000	9830000	8880000	8900000
111	8250000	9840000	8880000	8910000
112	8250000	9840000	8870000	8910000
113	8250000	9840000	8880000	8900000
114	8250000	9830000	8880000	8910000
115	8250000	9830000	8880000	8900000
116	8250000	9830000	8880000	8900000
117	8250000	9830000	8880000	8900000
118	8250000	9830000	8870000	8910000
119	8250000	9830000	8880000	8910000
120	8250000	9830000	8870000	8900000
121	8240000	9830000	8870000	8910000
122	8250000	9830000	8870000	8910000
123	8250000	9840000	8870000	8910000
124	8250000	9830000	8880000	8910000
125	8250000	9830000	8870000	8910000
126	8250000	9830000	8880000	8910000
127	8250000	9830000	8880000	8910000
128	8250000	9830000	8880000	8910000
129	8250000	9830000	8870000	8910000
130	8250000	9830000	8880000	8910000
131	8250000	9830000	8880000	8910000
132	8250000	9830000	8880000	8900000
133	8250000	9830000	8870000	8910000
134	8250000	9830000	8880000	8910000
135	8250000	9830000	8870000	8910000
136	8250000	9830000	8880000	8900000
137	8250000	9830000	8870000	8910000
138	8250000	9830000	8880000	8900000
139	8250000	9840000	8880000	8910000
140	8250000	9830000	8880000	8900000
141	8250000	9830000	8880000	8910000
142	8250000	9830000	8880000	8910000
143	8250000	9840000	8880000	8910000
144	8250000	9830000	8880000	8910000
145	8250000	9830000	8880000	8900000
146	8250000	9840000	8880000	8910000
147	8250000	9830000	8880000	8900000
148	8250000	9830000	8870000	8910000
149	8250000	9830000	8880000	8910000
150	8260000	9830000	8870000	8910000
151	8250000	9830000	8870000	8910000
152	8250000	9840000	8880000	8910000
153	8250000	9840000	8870000	8910000
154	8250000	9830000	8870000	8910000
155	8250000	9830000	8880000	8900000
156	8260000	9830000	8880000	8920000
157	8250000	9830000	8880000	8900000
158	8250000	9830000	8870000	8910000
159	8250000	9830000	8880000	8900000
160	8250000	9840000	8880000	8910000
161	8250000	9830000	8880000	8900000
162	8250000	9840000	8880000	8910000
163	8250000	9830000	8880000	8900000
164	8250000	9830000	8870000	8910000
165	8250000	9830000	8870000	8910000
166	8250000	9830000	8870000	8910000
167	8250000	9830000	8880000	8910000
168	8250000	9840000	8880000	8900000
169	8250000	9830000	8880000	8910000
170	8250000	9830000	8880000	8920000
171	8260000	9830000	8880000	8900000
172	8250000	9830000	8880000	8910000
173	8250000	9830000	8880000	8910000
174	8250000	9840000	8870000	8910000
175	8260000	9830000	8880000	8910000
176	8250000	9840000	8870000	8910000
177	8250000	9830000	8870000	8910000
178	8250000	9840000	8880000	8910000
179	8250000	9830000	8880000	8910000
180	8250000	9830000	8870000	8910000
181	8260000	9840000	8870000	8920000
182	8250000	9840000	8870000	8910000
183	8250000	9830000	8870000	8910000
184	8250000	9830000	8880000	8900000
185	8250000	9830000	8880000	8910000
186	8250000	9830000	8880000	8900000
187	8250000	9830000	8870000	8910000
188	8250000	9830000	8870000	8910000
189	8250000	9830000	8880000	8910000
190	8250000	9830000	8880000	8910000
191	8250000	9830000	8870000	8910000
192	8250000	9830000	8880000	8910000
193	8260000	9830000	8880000	8910000
194	8250000	9830000	8870000	8910000
195	8250000	9840000	8880000	8910000
196	8240000	9830000	8870000	8910000
197	8250000	9830000	8870000	8920000
198	8250000	9830000	8880000	8910000
199	8250000	9840000	8880000	8900000
200	8250000	9830000	8870000	8910000
201	8250000	9830000	8880000	8900000
202	8250000	9830000	8880000	8910000
203	8250000	9830000	8880000	8910000
204	8250000	9830000	8880000	8900000
205	8250000	9840000	8880000	8910000
206	8240000	9830000	8870000	8910000
207	8250000	9830000	8870000	8910000
208	8250000	9830000	8870000	8900000
209	8250000	9830000	8870000	8910000
210	8250000	9830000	8870000	8910000
211	8250000	9830000	8880000	8910000
212	8250000	9830000	8880000	8910000
213	8250000	9840000	8880000	8900000
214	8250000	9830000	8880000	8900000
215	8250000	9830000	8880000	8910000
216	8250000	9830000	8880000	8900000
217	8250000	9840000	8870000	8910000
218	8250000	9830000	8870000	8910000
219	8250000	9830000	8880000	8910000
220	8250000	9830000	8880000	8910000
221	8250000	9830000	8870000	8910000
222	8250000	9830000	8880000	8900000
223	8250000	9830000	8880000	8910000
224	8250000	9830000	8880000	8910000
225	8250000	9830000	8880000	8910000
226	8250000	9840000	8870000	8910000
227	8250000	9830000	8880000	8910000
228	8250000	9840000	8870000	8910000
229	8250000	9830000	8870000	8910000
230	8250000	9830000	8870000	8910000
231	8250000	9840000	8880000	8910000
232	8250000	9830000	8870000	8910000
233	8250000	9830000	8870000	8910000
234	8250000	9830000	8870000	8910000
235	8250000	9840000	8880000	8900000
236	8250000	9830000	8880000	8910000
237	8250000	9830000	8870000	8910000
238	8260000	9840000	8880000	8910000
239	8250000	9830000	8880000	8910000
240	8250000	9840000	8880000	8900000
241	8250000	9830000	8880000	8910000
242	8250000	9830000	8880000	8910000
243	8250000	9830000	8880000	8910000
244	8250000	9830000	8880000	8910000
245	8250000	9830000	8870000	8910000
246	8250000	9840000	8880000	8900000
247	8250000	9830000	8870000	8910000
248	8250000	9830000	8870000	8910000
249	8250000	9830000	8880000	8910000
250	8250000	9830000	8880000	8900000
251	8250000	9830000	8870000	8910000
252	8250000	9830000	8880000	8900000
253	8250000	9830000	8880000	8910000
254	8260000	9840000	8870000	8910000
255	8250000	9830000	8880000	8910000
256	8250000	9840000	8880000	8900000
257	8250000	9830000	8870000	8910000
258	8250000	9830000	8880000	8900000
259	8250000	9830000	8870000	8910000
260	8250000	9830000	8880000	8910000
261	8250000	9830000	8880000	8910000
262	8250000	9830000	8880000	8910000
263	8250000	9830000	8870000	8910000
264	8250000	9830000	8880000	8900000
265	8250000	9830000	8880000	8910000
266	8250000	9830000	8880000	8910000
267	8250000	9830000	8880000	8900000
268	8250000	9830000	8880000	8910000
269	8250000	9830000	8870000	8910000
270	8250000	9840000	8870000	8900000
271	8260000	9840000	8880000	8910000
272	8250000	9830000	8870000	8910000
273	8250000	9830000	8870000	8910000
274	8250000	9840000	8870000	8910000
275	8250000	9840000	8880000	8910000
276	8250000	9830000	8870000	8910000
277	8250000	9830000	8870000	8910000
278	8250000	9840000	8870000	8910000
279	8240000	9840000	8880000	8910000
280	8250000	9830000	8870000	8910000
281	8260000	9830000	8870000	8910000
282	8250000	9830000	8880000	8910000
283	8250000	9830000	8870000	8910000
284	8260000	9830000	8870000	8910000
285	8250000	9840000	8880000	8900000
286	8250000	9840000	8880000	8910000
287	8250000	9830000	8870000	8910000
288	8250000	9840000	8880000	8900000
289	8250000	9840000	8880000	8910000
290	8250000	9830000	8870000	8900000
291	8250000	9830000	8870000	8910000
292	8250000	9830000	8880000	8910000
293	8250000	9840000	8870000	8910000
294	8250000	9830000	8880000	8900000
295	8250000	9840000	8870000	8910000
296	8250000	9830000	8870000	8910000
297	8250000	9830000	8880000	8900000
298	8250000	9840000	8880000	8910000
299	8250000	9830000	8870000	8900000
300	8250000	9830000	8870000	8910000
301	8250000	9840000	8870000	8900000
302	8250000	9840000	8880000	8910000
303	8250000	9830000	8880000	8910000
304	8250000	9840000	8870000	8910000
305	8250000	9840000	8880000	8910000
306	8250000	9840000	8880000	8910000
307	8250000	9830000	8880000	8900000
308	8250000	9840000	8880000	8910000
309	8250000	9830000	8870000	8910000
310	8250000	9830000	8880000	8900000
311	8250000	9840000	8880000	8910000
312	8250000	9840000	8870000	8910000
313	8260000	9830000	8880000	8910000
314	8250000	9830000	8870000	8910000
315	8250000	9830000	8870000	8910000
316	8240000	9830000	8880000	8910000
317	8260000	9830000	8870000	8910000
318	8250000	9830000	8880000	8900000
319	8250000	9830000	8870000	8910000
320	8240000	9830000	8870000	8910000
321	8250000	9830000	8880000	8900000
322	8250000	9840000	8870000	8910000
323	8260000	9830000	8880000	8910000
324	8250000	9830000	8880000	8900000
325	8250000	9830000	8880000	8910000
326	8250000	9830000	8870000	8910000
327	8250000	9830000	8880000	8900000
328	8250000	9840000	8870000	8910000
329	8250000	9840000	8880000	8910000
330	8250000	9830000	8880000	8910000
331	8250000	9840000	8870000	8910000
332	8250000	9830000	8870000	8900000
333	8250000	9840000	8880000	8900000
334	8250000	9840000	8880000	8900000
335	8260000	9830000	8870000	8910000
336	8250000	9830000	8880000	8910000
337	8250000	9830000	8880000	8900000
338	8250000	9830000	8870000	8900000
339	8250000	9840000	8880000	8910000
340	8250000	9840000	8870000	8910000
341	8250000	9840000	8880000	8910000
342	8250000	9830000	8880000	8900000
343	8250000	9830000	8870000	8910000
344	8250000	9840000	8880000	8900000
345	8250000	9840000	8870000	8910000
346	8250000	9840000	8870000	8910000
347	8250000	9830000	8870000	8910000
348	8250000	9840000	8870000	8900000
349	8250000	9830000	8880000	8900000
350	8250000	9840000	8880000	8900000
351	8250000	9840000	8870000	8910000
352	8250000	9830000	8880000	8900000
353	8250000	9830000	8870000	8910000
354	8250000	9830000	8880000	8910000
355	8250000	9830000	8880000	8910000
356	8250000	9830000	8880000	8900000
357	8250000	9840000	8880000	8910000
358	8250000	9840000	8880000	8910000
359	8250000	9840000	8880000	8910000
360	8250000	9830000	8880000	8910000
361	8250000	9840000	8870000	8920000
362	8250000	9830000	8870000	8910000
363	8250000	9830000	8880000	8900000
364	8250000	9830000	8880000	8910000
365	8250000	9840000	8870000	8910000
366	8250000	9830000	8870000	8910000
367	8250000	9830000	8880000	8910000
368	8250000	9830000	8870000	8910000
369	8250000	9830000	8880000	8910000
370	8250000	9840000	8880000	8900000
371	8240000	9830000	8870000	8910000
372	8250000	9840000	8870000	8900000
373	8250000	9830000	8880000	8900000
374	8250000	9840000	8880000	8910000
375	8250000	9830000	8880000	8910000
376	8250000	9830000	8880000	8910000
377	8250000	9830000	8870000	8910000
378	8250000	9830000	8870000	8910000
379	8250000	9830000	8870000	8910000
380	8250000	9840000	8880000	8900000
381	8250000	9830000	8880000	8910000
382	8250000	9830000	8870000	8910000
383	8250000	9830000	8870000	8900000
384	8250000	9830000	8870000	8910000
385	8250000	9830000	8870000	8900000
386	8250000	9840000	8880000	8910000
387	8250000	9830000	8880000	8900000
388	8250000	9830000	8880000	8920000
389	8250000	9830000	8880000	8910000
390	8250000	9840000	8870000	8910000
391	8240000	9830000	8870000	8910000
392	8250000	9840000	8880000	8910000
393	8250000	9830000	8880000	8910000
394	8250000	9830000	8880000	8910000
395	8250000	9830000	8870000	8910000
396	8240000	9830000	8870000	8910000
397	8250000	9830000	8880000	8900000
398	8250000	9830000	8880000	8910000
399	8250000	9830000	8880000	8910000
400	8250000	9830000	8870000	8910000
401	8250000	9830000	8880000	8910000
402	8250000	9840000	8880000	8910000
403	8250000	9830000	8880000	8910000
404	8250000	9830000	8880000	8900000
405	8250000	9830000	8880000	8910000
406	8250000	9830000	8870000	8910000
407	8250000	9840000	8870000	8910000
408	8250000	9830000	8880000	8900000
409	8250000	9830000	8880000	8900000
410	8250000	9830000	8870000	8900000
411	8250000	9830000	8880000	8910000
412	8240000	9830000	8880000	8900000
413	8250000	9830000	8870000	8910000
414	8250000	9830000	8870000	8900000
415	8250000	9830000	8870000	8910000
416	8250000	9840000	8870000	8910000
417	8250000	9830000	8880000	8910000
418	8250000	9830000	8870000	8910000
419	8250000	9830000	8880000	8900000
420	8250000	9830000	8870000	8910000
421	8250000	9840000	8880000	8910000
422	8250000	9830000	8870000	8910000
423	8240000	9830000	8870000	8900000
424	8250000	9830000	8870000	8910000
425	8250000	9830000	8870000	8910000
426	8250000	9830000	8880000	8910000
427	8250000	9830000	8880000	8910000
428	8250000	9830000	8880000	8910000
429	8250000	9830000	8880000	8910000
430	8250000	9830000	8880000	8910000
431	8250000	9830000	8880000	8900000
432	8250000	9830000	8880000	8910000
433	8250000	9830000	8870000	8910000
434	8250000	9830000	8880000	8900000
435	8250000	9830000	8880000	8910000
436	8250000	9830000	8870000	8900000
437	8250000	9830000	8880000	8910000
438	8250000	9830000	8870000	8910000
439	8250000	9830000	8880000	8910000
440	8250000	9830000	8870000	8910000
441	8250000	9840000	8880000	8910000
442	8250000	9840000	8880000	8900000
443	8250000	9830000	8880000	8910000
444	8250000	9830000	8880000	8910000
445	8250000	9830000	8880000	8900000
446	8250000	9840000	8870000	8910000
447	8250000	9830000	8870000	8910000
448	8250000	9840000	8870000	8910000
449	8250000	9840000	8870000	8910000
450	8250000	9830000	8870000	8910000
451	8250000	9830000	8870000	8910000
452	8250000	9830000	8880000	8900000
453	8250000	9840000	8880000	8900000
454	8250000	9830000	8880000	8900000
455	8250000	9830000	8880000	8910000
456	8250000	9830000	8880000	8910000
457	8250000	9830000	8870000	8910000
458	8250000	9830000	8880000	8900000
459	8250000	9830000	8880000	8910000
460	8250000	9830000	8870000	8910000
461	8250000	9830000	8870000	8910000
462	8250000	9830000	8870000	8910000
463	8250000	9840000	8870000	8910000
464	8250000	9840000	8870000	8910000
465	8240000	9830000	8880000	8910000
466	8250000	9830000	8880000	8910000
467	8240000	9830000	8880000	8910000
468	8250000	9830000	8870000	8910000
469	8250000	9830000	8870000	8900000
470	8250000	9840000	8870000	8910000
471	8250000	9840000	8870000	8910000
472	8250000	9830000	8880000	8910000
473	8250000	9830000	8870000	8910000
474	8250000	9830000	8880000	8910000
475	8250000	9840000	8880000	8900000
476	8250000	9830000	8880000	8900000
477	8250000	9830000	8870000	8910000
478	8250000	9830000	8880000	8910000
479	8250000	9840000	8870000	8910000
480	8250000	9830000	8870000	8910000
481	8250000	9840000	8880000	8900000
482	8250000	9830000	8880000	8910000
483	8250000	9830000	8880000	8910000
484	8250000	9830000	8870000	8910000
485	8250000	9840000	8880000	8910000
486	8250000	9840000	8870000	8910000
487	8250000	9830000	8870000	8910000
488	8250000	9830000	8880000	8900000
489	8250000	9830000	8880000	8910000
490	8250000	9830000	8880000	8910000
491	8240000	9830000	8870000	8910000
492	8250000	9830000	8870000	8910000
493	8250000	9840000	8880000	8910000
494	8250000	9830000	8870000	8910000
495	8250000	9840000	8880000	8910000
496	8240000	9830000	8880000	8910000
497	8250000	9830000	8880000	8910000
498	8250000	9830000	8870000	8910000
499	8250000	9830000	8880000	8910000
