# CAPTURA AUTOMATICA MULTIBITSTREAM
# Puerto serie: COM7
# Baudrate: 115200
# Muestras por bitstream: 500
# Orden: 100ms -> 10ms -> 1ms -> 100us ; etapas 3, 5, 51, 101

============================================================
# BITSTREAM: 100ms_3etapas.bit
# VENTANA: 100ms
# ETAPAS_PRINCIPAL: 3
# NUM_MUESTRAS: 500
# FORMATO: idx	freq1_hz	freq2_hz	freq3_hz	freq4_hz
============================================================
idx	freq1_hz	freq2_hz	freq3_hz	freq4_hz
0	32902290	54690220	34589840	34589830
1	32909850	44193050	34589070	34589070
2	32895730	33703840	34588550	34588550
3	32897350	65171030	34587020	34587020
4	32896720	54677780	34588600	34588560
5	32890320	44174090	34586180	34586180
6	32896610	33698210	34591270	34591280
7	32901190	65176890	34593600	34593590
8	32897560	54682230	34591270	34591270
9	32895540	44183180	34591500	34591500
10	32901950	33729070	34592190	34592190
11	32891500	65159860	34585830	34585830
12	32889950	44192060	34584360	34584360
13	32890110	44189770	34584030	34584030
14	32897400	33722660	34589840	34589840
15	32899090	65185650	34591430	34591430
16	32895890	54691180	34588450	34588450
17	32887130	44180620	34584300	34584300
18	32878850	33672920	34582790	34582790
19	32879790	65138160	34579780	34579780
20	32879970	65132400	34581990	34581950
21	32881660	44157530	34584400	34584400
22	32886480	33674200	34589840	34589840
23	32884470	65122280	34590490	34590490
24	32886110	54653920	34587430	34587430
25	32886080	44174060	34586090	34586090
26	32895620	33715050	34588980	34588990
27	32890510	65159460	34588020	34588010
28	32888230	54671340	34586610	34586610
29	32884080	44175190	34584230	34584240
30	32895170	33725770	34589560	34589550
31	32895830	65181220	34589270	34589270
32	32894460	54697930	34588480	34588480
33	32900260	44223260	34594810	34594810
34	32904040	33745230	34600060	34600020
35	32889720	65158520	34587090	34587100
36	32888500	54665570	34587010	34587000
37	32890490	44180570	34590180	34590180
38	32930990	33707770	34590850	34590850
39	32886870	65143940	34588800	34588800
40	32899150	54703790	34594310	34594310
41	32889480	44188290	34588050	34588050
42	32892830	33698370	34591370	34591370
43	32887370	65141370	34588650	34588650
44	32888710	54662600	34587940	34587940
45	32887350	44174860	34587600	34587600
46	32873610	33640040	34589260	34589260
47	32876520	65102300	34590690	34590690
48	32886000	54651080	34587290	34587290
49	32886940	44168080	34586990	34587000
50	32892730	33701100	34588370	34588360
51	32877360	65110680	34588090	34588090
52	32879960	54635730	34587000	34587000
53	32884770	44177370	34583000	34583000
54	32891460	33709110	34586890	34586900
55	32898140	75660130	34592750	34592750
56	32889360	65153730	34585660	34585650
57	32924490	44191830	34587610	34587610
58	32903600	33740180	34595660	34595660
59	32905820	65199820	34598130	34598130
60	32896640	54694080	34589650	34589650
61	32899790	44216840	34592890	34592890
62	32894480	44216840	34588210	34588220
63	32893630	65180390	34587290	34587280
64	32887610	54667220	34585740	34585750
65	32898350	44203620	34591940	34591930
66	32899730	2273310	34592480	34592480
67	32900440	65191630	34592870	34592870
68	32899680	54704180	34593130	34593140
69	32894690	44205520	34590890	34590880
70	32889390	33711590	34582000	34584440
71	32891900	65178200	34588040	34588040
72	32884870	54671460	34581550	34581550
73	32894970	44200290	34589270	34589270
74	32890160	33707020	34583600	34583600
75	32892430	65182500	34585130	34585130
76	32888400	54687870	34582570	34582570
77	32885080	44200420	34581960	34581960
78	32877870	33692450	34575920	34575920
79	32883730	65158200	34578720	34578720
80	32893340	54696020	34584250	34584250
81	32890710	44205520	34582820	34582820
82	32894180	33727710	34585670	34585670
83	32900580	65197150	34593930	34593930
84	32906560	54719420	34599930	34599930
85	32903500	44232480	34598100	34598100
86	32901620	23257000	34596950	34596950
87	32902540	65197850	34594110	34594110
88	32895640	54701760	34587860	34587860
89	32894500	44218820	34588950	34588950
90	32889380	33717560	34584290	34584290
91	32892270	65169850	34585880	34585880
92	32880570	54652530	34579890	34579890
93	32889780	44198080	34585910	34585910
94	32893360	33725080	34586630	34586630
95	32895100	65187560	34591300	34591310
96	32894020	54699350	34588140	34588130
97	32877390	44167470	34577680	34577680
98	32883980	33690380	34582670	34582670
99	32879280	65133080	34580310	34580320
100	32874570	54627570	34581600	34581600
101	32879740	44164000	34579950	34579940
102	32876950	33674900	34578290	34578290
103	32871860	65126320	34575850	34575850
104	32879510	54657980	34578260	34578260
105	32879820	44170450	34578290	34578290
106	32875040	33671930	34576550	34576550
107	32875130	65134200	34576050	34576050
108	32876880	54646970	34579150	34579150
109	32872500	54632430	34579030	34579030
110	32879030	33688170	34576690	34576700
111	32874230	65128380	34577110	34577100
112	32883410	54665700	34580210	34580210
113	32890450	44197970	34585440	34585440
114	32884240	33700110	34580300	34580300
115	32899160	65190640	34593840	34593840
116	32892530	54687420	34586880	34586880
117	32881090	44160540	34586300	34586300
118	32880720	33674280	34582200	34582210
119	32885250	65141620	34585060	34585060
120	32890990	54677150	34586450	34586450
121	32900520	44228090	34598400	34598390
122	32897460	33736250	34592050	34592050
123	32892340	65185690	34587400	34587410
124	32893520	65180560	34587630	34587620
125	32897770	44210870	34590670	34590670
126	32899040	33742010	34597040	34597040
127	32896630	65196010	34594180	34594190
128	32895640	54705210	34590990	34590980
129	32904080	44234880	34602230	34602230
130	32901280	44229760	34598470	34598470
131	32898360	65186850	34593430	34593430
132	32905870	54719210	34600690	34600690
133	32895460	44208430	34589190	34589190
134	32897400	33732660	34592130	34592130
135	32889840	65166800	34586320	34586330
136	32895550	54696520	34590530	34590520
137	32901390	44224580	34596010	34596010
138	32894980	33726080	34591080	34591080
139	32898240	65187780	34591650	34591650
140	32891200	54681580	34586420	34586420
141	32889870	44197740	34585570	34585570
142	32888040	33707820	34583870	34583870
143	32887340	65162630	34584150	34584150
144	32888840	54673190	34585480	34585490
145	32885960	44182510	34584070	34584060
146	32883260	33686990	34583730	34583730
147	32880550	65139860	34581570	34581570
148	32882110	54651970	34584210	34584210
149	32887750	44186880	34586460	34586460
150	32893320	33712820	34587950	34587950
151	32894190	65173880	34588450	34588450
152	32894750	54688730	34588630	34588630
153	32893580	44198960	34589090	34589100
154	32894100	33719580	34589430	34589420
155	32895910	65172750	34590060	34590060
156	32887760	54664110	34585300	34585300
157	32889360	44189340	34586200	34586200
158	32887680	33697170	34586230	34586230
159	32894810	65169840	34589450	34589450
160	32898270	44205560	34592060	34592070
161	32900780	44203730	34593670	34593670
162	32900480	33722010	34591950	34591940
163	32903980	65186780	34596400	34596400
164	32897230	54694800	34590660	34590660
165	32898690	54697320	34591700	34591700
166	32885990	33681170	34586400	34586400
167	32897720	65173270	34590190	34590190
168	32892930	54669930	34587910	34587910
169	32895490	44188950	34591100	34591100
170	32897300	33708370	34591160	34591160
171	32903270	65186740	34595090	34595090
172	32901700	54696910	34592560	34592560
173	32894210	44193400	34588730	34588730
174	32893990	33708090	34588780	34588790
175	32891120	65160160	34588170	34588170
176	32892040	54674670	34588860	34588860
177	32891760	44188590	34588230	34588230
178	32901490	33730210	34593440	34593440
179	32906250	65202970	34599580	34599580
180	32900640	54698960	34592530	34592530
181	32890910	44184960	34587240	34587240
182	32897240	33725840	34590670	34590670
183	32893090	65170150	34587420	34587420
184	32892100	54676540	34587160	34587160
185	32895210	44197440	34588410	34588410
186	32898290	33714500	34591890	34591890
187	32897230	65167010	34589670	34589670
188	32887590	54661280	34585310	34585310
189	32896010	44200900	34589610	34589610
190	32891350	33706110	34585450	34585450
191	32896110	65170140	34588690	34588690
192	32897470	54684450	34592920	34592920
193	32906300	44223670	34597320	34597320
194	32909060	23263260	34600520	34600530
195	32905750	65199940	34597200	34597190
196	32898610	54698860	34590610	34590610
197	32900120	44208850	34591050	34591050
198	32905790	33744510	34599230	34599230
199	32894200	65166920	34587970	34587970
200	32908300	65203840	34599920	34599920
201	32903540	44213870	34595350	34595350
202	32891730	33692990	34588050	34588050
203	32897150	65151620	34591830	34591830
204	32896610	54669180	34590390	34590390
205	32903120	44206060	34593000	34593000
206	32893850	33703050	34587530	34587530
207	32893370	65165540	34588470	34588470
208	32891480	54691700	34586200	34586200
209	32891470	44203670	34586620	34586620
210	32895930	33729420	34588690	34588690
211	32892850	65173530	34585590	34585600
212	32880460	54657000	34579590	34579590
213	32874850	44152430	34579360	34579360
214	32878490	33685060	34577860	34577850
215	32880140	65131210	34577090	34577090
216	32880160	54664100	34576510	34576510
217	32870480	54640730	34573910	34573910
218	32878780	33689090	34577630	34577640
219	32885260	65159730	34581420	34581410
220	32881140	54653680	34581130	34581130
221	32866880	44124980	34579840	34579840
222	32867450	33651440	34575420	34575420
223	32870730	65123770	34574760	34574760
224	32872260	54632010	34577680	34577680
225	32875420	44156300	34577900	34577900
226	32873150	33658110	34579650	34579650
227	32877670	65128010	34581070	34581080
228	32894230	65173310	34584980	34584970
229	32884810	44192780	34579750	34579750
230	32893580	33727610	34586430	34586430
231	32878330	65133550	34580320	34580330
232	32889040	54677120	34582930	34582930
233	32890770	44190620	34584170	34584160
234	32875360	33663370	34579600	34579600
235	32881120	65138340	34579880	34579880
236	32874760	54625550	34582100	34582100
237	32873280	44156420	34575970	34575970
238	32875510	33673780	34577060	34577060
239	32882210	65151620	34577380	34577380
240	32873600	54634800	34579420	34579420
241	32866070	44123120	34580500	34580500
242	32871590	33660920	34578710	34578710
243	32887630	65172390	34581080	34581080
244	32888630	54683420	34581970	34581970
245	32891170	54688990	34583950	34583950
246	32887400	33707160	34580630	34580640
247	32894060	65177390	34586960	34586960
248	32890540	54679830	34584220	34584210
249	32900420	44218970	34591460	34591460
250	32897000	33738940	34592480	34592480
251	32887070	65165860	34580000	34580000
252	32889330	54684080	34585210	34581730
253	32891870	44207950	34584680	34584680
254	32887080	33717550	34582660	34582660
255	32889930	65176270	34583420	34583420
256	32889080	54690570	34583320	34583320
257	32888120	44180840	34583920	34583920
258	32893740	33720000	34586800	34586810
259	32892080	65174720	34585940	34585940
260	32894980	54689250	34589630	34589620
261	32891470	44202970	34586960	34586970
262	32890540	33713240	34584560	34584550
263	32883760	65158640	34580210	34580210
264	32892950	54692700	34586870	34586870
265	32883390	44173270	34581170	34581170
266	32880010	33680380	34579600	34579600
267	32872900	65105190	34583790	34583790
268	32866970	65100070	34582390	34582390
269	32879200	44160600	34579840	34579840
270	32885820	2234640	34582560	34582560
271	32894410	65173900	34587420	34587430
272	32888000	54665350	34584530	34584520
273	32873130	44130050	34585400	34585400
274	32877570	33663260	34582160	34582160
275	32878310	65115500	34584960	34584960
276	32882910	54644440	34584370	34584370
277	32884180	44178780	34581210	34581210
278	32882180	33678360	34582240	34582290
279	32888080	65152570	34583970	34583960
280	32878070	54635660	34583020	34583020
281	32884370	44176020	34583360	34583360
282	32881340	33669110	34586360	34586360
283	32874010	65109660	34581960	34581960
284	32871410	54617290	34582470	34582470
285	32871800	44142650	34578850	34578850
286	32870910	33639530	34586470	34586470
287	32866420	65077340	34589970	34589980
288	32883450	54630350	34591080	34591070
289	32885410	44157230	34587750	34587750
290	32884000	33670690	34588330	34588330
291	32880910	65114320	34589420	34589430
292	32873670	54598350	34595080	34595030
293	32887820	44163910	34589180	34589180
294	32881920	33679660	34583120	34583120
295	32890990	75652260	34584920	34584920
296	32879230	54636310	34584810	34584810
297	32880390	44156020	34583330	34583340
298	32887980	33690670	34585600	34585600
299	32884450	65146470	34582180	34582170
300	32882370	54641440	34586210	34586210
301	32881330	44156610	34585050	34585050
302	32876590	33656670	34585630	34585630
303	32878570	65111980	34588110	34588110
304	32897650	54685930	34591580	34591580
305	32890600	44181650	34589130	34589130
306	32879780	33656610	34589190	34589190
307	32882630	65123540	34587510	34587510
308	32888430	54665980	34586680	34586680
309	32886500	44174160	34586280	34586280
310	32884830	33683200	34585800	34585800
311	32891610	65152300	34588840	34588840
312	32882230	54640980	34587590	34587590
313	32886210	44171430	34585540	34585550
314	32880390	33666180	34586420	34586410
315	32890610	65157730	34586750	34586750
316	32894260	54688770	34588370	34588380
317	32894350	44204860	34588670	34588660
318	32887100	33703630	34582290	34582290
319	32890210	65169930	34585390	34585390
320	32877220	54635980	34582110	34582110
321	32871950	44125930	34586600	34586600
322	32875160	33662670	34581350	34581350
323	32880510	65133500	34584060	34584060
324	32879790	65124860	34583690	34583690
325	32883530	44168180	34583440	34583450
326	32891480	44173310	34586660	34586650
327	32890730	65145540	34589590	34589590
328	32882570	54638730	34587840	34587840
329	32877590	44135370	34589840	34589840
330	32867450	33617440	34590570	34590570
331	32873060	75591560	34583940	34583940
332	32871610	54614780	34582820	34582820
333	32874800	44134670	34582810	34582810
334	32871730	33636980	34585330	34585330
335	32864950	65079100	34586620	34586620
336	32875340	54627630	34584230	34584240
337	32873200	54632740	34586220	34586220
338	32873390	33663050	34578910	34578900
339	32885830	65163440	34580460	34580460
340	32884370	54665840	34580530	34580530
341	32879970	54648770	34580930	34580930
342	32885260	44171980	34584680	34584680
343	32881120	65138810	34580630	34580630
344	32890780	54684200	34583160	34583160
345	32890120	44173940	34582230	34582230
346	32889940	33700840	34585960	34585960
347	32892630	65167690	34586920	34586920
348	32888830	54678320	34584710	34584710
349	32884150	54663250	34583130	34583130
350	32879500	33680270	34581750	34581750
351	32877090	65124500	34582790	34582800
352	32876950	54648030	34580880	34580870
353	32877440	44157490	34581560	34581560
354	32883880	33692590	34581650	34581650
355	32878690	65129930	34582780	34582780
356	32878010	54642670	34581650	34581650
357	32883780	44165980	34585510	34585510
358	32888460	33697570	34585670	34585670
359	32882460	65125130	34587190	34587190
360	32881020	54627110	34588500	34588500
361	32878160	44126860	34591870	34591880
362	32872020	33627510	34592270	34592260
363	32874500	65085280	34594960	34594960
364	32879540	54616980	34591960	34591970
365	32877520	44118710	34595010	34595000
366	32875830	33634550	34592520	34592520
367	32869050	65081380	34589720	34589720
368	32878850	54634930	34584370	34584380
369	32869760	44118910	34585640	34585630
370	32874060	33635690	34589980	34589980
371	32874380	65099180	34590280	34590280
372	32871450	54608190	34588580	34588590
373	32859670	44090580	34589530	34589520
374	32867600	33636260	34584330	34584330
375	32870940	65097980	34586370	34586370
376	32874330	54626970	34583980	34583980
377	32875850	44152070	34582700	34582700
378	32880040	33669500	34585380	34585380
379	32872470	65108210	34582300	34582300
380	32871120	54608610	34587240	34587240
381	32867300	44117010	34585840	34585840
382	32870220	33640350	34584870	34584870
383	32866980	65089830	34585970	34585970
384	32873520	54630990	34580920	34580930
385	32870120	44136960	34581950	34581940
386	32860870	33621810	34583280	34583280
387	32869960	65099990	34584560	34584570
388	32867370	54612940	34582390	34582380
389	32873680	44153600	34580480	34580480
390	32880640	33694800	34579620	34579620
391	32882900	65153150	34581660	34581660
392	32891560	54684720	34585930	34585930
393	32890420	44193660	34586250	34586250
394	32892770	33714540	34586350	34586360
395	32888990	33704300	34584690	34584680
396	32883100	54652420	34583030	34583030
397	32881690	44156050	34585030	34585040
398	32884420	33693300	34582640	34582630
399	32889350	65168430	34582560	34582560
400	32883130	54663210	34580210	34580210
401	32878710	44162910	34579180	34579190
402	32876880	33669760	34579460	34579450
403	32891570	65173430	34584170	34584180
404	32878760	54653730	34580400	34580390
405	32889140	44192620	34585960	34585960
406	32890210	33707310	34585700	34585710
407	32882510	65140560	34583340	34583330
408	32875560	65115890	34583730	34583730
409	32895660	44206000	34591170	34591170
410	32890220	33716400	34586930	34586940
411	32889320	65171800	34585590	34585580
412	32872550	54620660	34583780	34583780
413	32873340	44150280	34580740	34580740
414	32869590	33645150	34583180	34583180
415	32875900	65119780	34582770	34582770
416	32868130	65109550	34577650	34579870
417	32861340	44118620	34579990	34579990
418	32866720	33656280	34575930	34575930
419	32862020	65093500	34578940	34578940
420	32869190	54623160	34579500	34579500
421	32878390	44173980	34577700	34577700
422	32874540	33686330	34575950	34575950
423	32869640	65126820	34575340	34575340
424	32866850	54639600	34572970	34572970
425	32863740	44144400	34570270	34570270
426	32875310	33676530	34577410	34577410
427	32875450	65120650	34581620	34581620
428	32875960	54653250	34576830	34576830
429	32867250	44134130	34578070	34578070
430	32864250	33633520	34580580	34580580
431	32865170	65093660	34580360	34580370
432	32849830	54568090	34579120	34579110
433	32850700	44090210	34576590	34576590
434	32866610	33656310	34573230	34573240
435	32865860	33645740	34577700	34577700
436	32858060	54593990	34578530	34578520
437	32866110	44118270	34583770	34583770
438	32866650	33637630	34583190	34583190
439	32865570	65095310	34580800	34580800
440	32864570	54605990	34580080	34580080
441	32860470	44107470	34580220	34580220
442	32861800	33630020	34580100	34580100
443	32857770	65070650	34583460	34583460
444	32860490	54601200	34579140	34579140
445	32855210	44095770	34581600	34581600
446	32863990	33636390	34579440	34579440
447	32863660	65102120	34575350	34575350
448	32869000	54617840	34582010	34582010
449	32867520	44121940	34584310	34584310
450	32867130	33634350	34584830	34584830
451	32862240	65079670	34582860	34582860
452	32859040	54580240	34585880	34585880
453	32860610	44103060	34583500	34583510
454	32867280	44136340	34576500	34576500
455	32853740	65056790	34582060	34582050
456	32843860	54522980	34592940	34593240
457	32844850	44047030	34590270	34590270
458	32855030	33593240	34588010	34588010
459	32861800	65069650	34585090	34585090
460	32852170	54554870	34589290	34589290
461	32853020	44068890	34589950	34589960
462	32854650	33592940	34588350	34588340
463	32853570	65053820	34585370	34585370
464	32853730	54561290	34586100	34586100
465	32852060	44075420	34585960	34585960
466	32852730	33584610	34590270	34590270
467	32853870	65050670	34585990	34586000
468	32846120	54535180	34591020	34591010
469	32849510	44056350	34591430	34591440
470	32854040	44075870	34588640	34588630
471	32857390	65071900	34581270	34581270
472	32859570	54593960	34577750	34577750
473	32859860	44112210	34578060	34578060
474	32862730	33624980	34581120	34581120
475	32871260	65121010	34574780	34574780
476	32862320	54599350	34578510	34578510
477	32858070	44099860	34580480	34580480
478	32851810	33594250	34581240	34581240
479	32867040	65103580	34576820	34576820
480	32864440	54608890	34578250	34578250
481	32867810	44136400	34576600	34576600
482	32868040	33642040	34579480	34579480
483	32868550	65095470	34580550	34580550
484	32873200	54625350	34580960	34580960
485	32873140	44132320	34583910	34583910
486	32862670	33625140	34581210	34581210
487	32849860	75522510	34588240	34588240
488	32864580	54588440	34587380	34587380
489	32860800	44096610	34586540	34586540
490	32857660	33606350	34586150	34586160
491	32861830	65080460	34581300	34581300
492	32873320	54637970	34577720	34577710
493	32859920	44109660	34580460	34580460
494	32867600	33660740	34574760	34574760
495	32861970	65100560	34575220	34575220
496	32870790	54637610	34574790	34574790
497	32868760	44142240	34574780	34574790
498	32864270	33651520	34573500	34573450
499	32859670	65084960	34579730	34579730

============================================================
# BITSTREAM: 100ms_5etapas.bit
# VENTANA: 100ms
# ETAPAS_PRINCIPAL: 5
# NUM_MUESTRAS: 500
# FORMATO: idx	freq1_hz	freq2_hz	freq3_hz	freq4_hz
============================================================
idx	freq1_hz	freq2_hz	freq3_hz	freq4_hz
0	32261580	32256450	32261570	32261570
1	32260680	32260680	32260680	32260680
2	32260900	32260900	32260910	32260590
3	32259380	32259380	32259380	32259380
4	32258980	32258980	32258970	32258980
5	32256180	32256180	32256180	32256180
6	32258860	32258860	32258860	32258860
7	32262920	32257800	32262920	32262920
8	32259800	32259800	32259800	32259790
9	32261800	32256690	32261810	32261810
10	32263010	32257890	32263010	32263010
11	32262240	32257110	32262240	32262240
12	32261540	32256430	32261540	32261540
13	32260520	32260510	32260510	32263400
14	32262290	32257170	32262290	32262280
15	32260600	32260610	32260610	32260610
16	32263810	32258680	32263800	32263810
17	32263040	32257920	32263040	32263040
18	32263760	32258640	32263760	32263760
19	32262720	32257610	32262730	32262720
20	32262160	32257030	32262160	32262160
21	32265060	32259940	32265050	32265050
22	32264440	32259320	32264450	32264450
23	32263230	32258120	32263230	32263230
24	32262820	32257690	32262810	32262820
25	32262860	32257740	32262870	32262860
26	32263940	32258830	32263940	32263940
27	32264830	32259700	32264820	32264830
28	32261090	32261090	32261090	32261090
29	32262950	32257830	32262950	32262940
30	32262560	32257440	32262560	32262560
31	32259190	32259190	32259200	32259200
32	32261260	32256140	32261260	32261260
33	32261740	32256620	32261740	32261740
34	32260670	32260680	32260670	32260670
35	32262000	32256870	32261990	32261990
36	32262000	32256880	32262000	32262010
37	32262400	32257280	32262400	32262390
38	32259590	32259590	32259590	32259600
39	32260930	32260940	32260940	32260930
40	32261370	32256240	32261360	32261370
41	32257360	32257360	32257360	32257350
42	32257740	32257750	32257750	32257750
43	32259090	32259080	32259090	32259090
44	32256000	32256000	32255990	32256000
45	32257190	32257200	32257200	32257190
46	32261630	32256500	32261630	32261630
47	32264510	32259390	32264500	32264510
48	32262970	32257850	32262970	32262960
49	32261360	32256240	32261360	32261370
50	32261230	32256110	32261230	32261230
51	32262920	32257810	32262930	32262920
52	32264500	32259380	32264500	32264500
53	32263970	32258840	32263970	32263970
54	32258200	32258210	32258200	32258200
55	32257870	32257860	32257870	32257870
56	32260740	32260740	32260730	32260730
57	32265190	32260070	32265190	32265200
58	32262250	32257130	32262250	32262250
59	32263440	32258320	32263440	32263440
60	32263060	32257940	32263060	32263050
61	32263660	32258540	32263660	32263670
62	32262200	32257080	32262210	32262200
63	32266360	32266360	32266360	32266360
64	32266390	32266400	32266390	32266390
65	32262760	32257630	32262750	32262760
66	32264610	32259490	32264610	32263570
67	32266080	32260960	32266090	32266080
68	32265370	32260260	32265370	32265370
69	32266140	32261010	32266140	32266140
70	32268200	32268210	32268200	32268200
71	32262950	32257820	32262950	32262630
72	32264250	32259130	32264240	32264250
73	32263760	32258640	32263760	32263760
74	32263760	32258650	32263770	32263760
75	32263340	32258210	32263330	32263330
76	32262180	32257070	32262190	32262190
77	32263400	32258280	32263400	32263400
78	32264950	32259820	32264940	32264950
79	32269310	32269320	32269320	32269310
80	32266850	32266850	32266850	32266850
81	32264620	32259500	32264620	32264620
82	32266540	32266530	32266530	32266530
83	32272260	32267140	32272260	32272260
84	32273300	32268190	32273310	32273310
85	32270340	32270330	32270340	32270340
86	32270200	32270200	32270190	32270190
87	32271610	32266490	32271610	32271620
88	32270400	32270400	32270400	32270390
89	32272050	32266940	32272060	32272060
90	32268670	32268660	32268660	32268670
91	32269170	32269170	32269170	32269170
92	32266410	32266420	32266420	32266410
93	32269560	32269560	32269560	32269560
94	32268910	32268910	32268910	32268910
95	32270240	32270230	32270230	32270230
96	32270910	32270910	32270910	32270920
97	32270090	32270090	32270090	32270090
98	32268350	32268350	32268350	32268350
99	32267820	32267830	32267830	32267820
100	32260910	32260900	32260910	32260910
101	32259160	32259160	32259150	32259150
102	32256780	32256780	32256780	32256780
103	32255340	32250230	32255350	32255350
104	32258420	32258420	32258420	32258420
105	32258690	32258690	32258690	32258690
106	32259580	32259580	32259580	32259580
107	32257510	32257500	32257500	32257510
108	32255720	32250610	32255730	32255720
109	32255330	32250210	32255330	32255330
110	32254600	32249480	32254600	32254600
111	32255880	32250750	32255870	32255880
112	32255570	32250450	32255580	32255570
113	32256900	32256900	32256890	32256900
114	32257020	32257020	32257020	32257020
115	32258370	32258380	32258380	32258370
116	32258090	32258080	32258090	32258090
117	32257470	32257480	32257470	32257470
118	32255260	32250130	32255250	32255260
119	32255430	32250310	32255430	32255430
120	32258330	32258330	32258330	32258330
121	32255770	32250650	32255770	32255770
122	32255780	32250660	32255780	32255770
123	32257260	32257270	32257270	32257270
124	32258870	32258860	32258870	32258870
125	32256750	32256760	32256750	32256750
126	32257820	32257810	32257810	32257810
127	32255310	32250190	32255310	32255320
128	32255760	32250640	32255770	32255760
129	32256700	32256700	32256690	32256690
130	32256140	32256140	32256140	32256140
131	32256370	32256370	32256370	32256380
132	32254310	32249200	32254320	32254310
133	32254130	32249000	32254120	32254120
134	32256260	32256260	32256260	32256270
135	32254930	32249820	32254940	32254930
136	32253750	32248630	32253750	32253750
137	32257860	32257860	32257860	32257860
138	32258310	32258310	32258310	32258310
139	32255720	32250590	32255710	32255720
140	32258800	32258800	32258800	32258790
141	32261340	32256220	32261340	32261350
142	32258260	32258270	32258270	32258260
143	32258710	32258710	32258710	32258710
144	32258130	32258120	32258120	32258130
145	32260900	32260910	32260910	32260900
146	32258120	32258120	32258120	32258120
147	32259580	32259570	32259580	32259580
148	32259030	32259030	32259030	32259030
149	32257550	32257550	32257540	32257550
150	32258370	32258370	32258370	32258370
151	32261320	32256200	32261320	32261320
152	32262060	32256950	32262070	32262060
153	32263050	32257920	32263040	32263040
154	32261690	32256570	32261700	32261700
155	32261960	32256850	32261960	32261960
156	32260770	32260760	32260770	32260770
157	32261360	32256250	32261360	32261360
158	32259570	32259570	32259570	32259570
159	32259400	32259390	32259400	32259400
160	32261920	32256810	32261920	32261920
161	32258230	32258220	32258230	32258230
162	32259340	32259340	32259330	32259340
163	32260520	32260530	32260530	32260520
164	32262850	32257720	32262840	32262850
165	32262500	32257380	32262500	32262490
166	32259680	32259680	32259690	32259690
167	32258760	32258760	32258760	32258760
168	32262790	32257670	32262780	32262790
169	32263330	32258220	32263340	32263330
170	32261120	32261110	32261120	32261120
171	32265390	32260270	32265380	32265380
172	32267040	32267040	32267050	32267050
173	32266720	32266730	32266720	32266720
174	32267120	32267110	32267110	32267440
175	32265400	32260290	32265410	32265400
176	32263480	32258350	32263470	32263480
177	32261690	32256580	32261700	32261690
178	32263740	32258610	32263730	32263730
179	32266500	32266510	32266510	32266510
180	32269930	32269930	32269930	32269930
181	32269660	32269660	32269660	32269660
182	32269770	32269770	32269770	32269450
183	32266260	32266250	32266250	32266260
184	32267370	32267380	32267380	32267050
185	32266750	32266740	32266740	32266740
186	32265480	32260360	32265480	32265480
187	32262890	32257780	32262900	32262900
188	32268160	32268160	32268160	32268160
189	32267370	32267370	32267370	32267370
190	32266920	32266910	32266920	32266920
191	32266150	32261030	32266140	32266150
192	32265880	32260770	32265890	32265880
193	32265860	32260730	32265850	32265860
194	32265400	32260280	32265410	32265400
195	32265010	32259890	32265010	32265010
196	32268550	32268560	32268550	32268550
197	32266890	32266880	32266880	32266890
198	32265510	32260390	32265510	32265510
199	32268950	32268950	32268950	32268950
200	32269810	32269820	32269820	32269810
201	32267520	32267510	32267510	32267520
202	32265160	32260040	32265160	32265160
203	32266870	32266880	32266880	32266870
204	32267010	32267010	32267010	32267010
205	32265810	32260690	32265810	32265810
206	32264080	32258950	32264080	32264080
207	32264860	32259740	32264850	32264860
208	32266080	32260960	32266080	32266080
209	32265330	32260210	32265330	32265330
210	32266960	32266970	32266970	32266960
211	32269030	32269020	32269030	32269030
212	32268610	32268620	32268610	32268290
213	32267270	32267260	32267270	32267270
214	32267880	32267880	32267870	32267870
215	32271470	32266350	32271470	32271480
216	32267350	32267350	32267360	32267350
217	32267920	32267920	32267910	32267920
218	32270450	32270450	32270450	32270440
219	32268940	32268940	32268940	32268940
220	32265700	32260580	32265700	32265700
221	32264080	32258970	32264090	32264090
222	32266440	32266430	32266440	32266440
223	32269520	32269520	32269510	32269520
224	32268140	32268150	32268150	32268140
225	32267720	32267710	32267720	32267720
226	32267760	32267760	32267750	32267750
227	32267790	32267790	32267800	32267800
228	32270640	32270640	32270640	32270320
229	32271550	32266430	32271550	32271550
230	32269780	32269780	32269770	32269780
231	32270270	32270270	32270280	32270590
232	32265150	32260030	32265140	32265150
233	32267320	32267320	32267320	32267320
234	32268070	32268080	32268080	32268070
235	32265440	32260310	32265440	32265440
236	32265560	32260440	32265550	32265560
237	32266090	32260970	32266100	32266090
238	32270200	32270200	32270200	32270200
239	32268080	32268080	32268080	32268080
240	32269810	32269820	32269810	32269810
241	32270400	32270400	32270400	32270400
242	32266450	32266440	32266450	32266450
243	32265410	32260290	32265410	32265090
244	32266130	32261020	32266130	32266130
245	32264620	32259490	32264610	32264620
246	32265010	32259900	32265020	32265010
247	32261290	32256160	32261280	32261280
248	32263120	32258010	32263130	32263130
249	32261580	32256460	32261580	32261580
250	32264960	32259830	32264950	32264960
251	32264660	32259540	32264670	32264660
252	32266820	32266830	32266820	32266820
253	32265060	32259930	32265060	32265060
254	32266210	32261090	32266210	32266210
255	32265370	32260250	32265370	32265370
256	32263940	32258830	32263940	32263940
257	32262960	32257840	32262960	32262960
258	32265220	32260100	32265220	32265220
259	32265740	32260610	32265730	32265730
260	32265640	32260520	32265640	32265650
261	32265230	32260110	32265240	32265230
262	32268150	32268160	32268150	32268150
263	32266090	32260960	32266090	32266090
264	32266090	32260970	32266080	32266080
265	32267570	32267570	32267570	32267580
266	32263810	32258690	32263820	32263810
267	32263470	32258350	32263460	32263470
268	32265900	32260780	32265900	32265890
269	32264930	32259810	32264930	32264620
270	32269100	32269100	32269100	32269100
271	32271240	32271240	32271250	32271240
272	32271130	32271140	32271130	32271130
273	32270920	32270910	32270920	32270920
274	32268310	32268320	32268310	32268310
275	32270690	32270690	32270690	32270690
276	32272010	32266890	32272010	32272010
277	32270630	32270620	32270620	32270620
278	32269350	32269350	32269350	32269360
279	32264820	32259700	32264820	32264820
280	32267650	32267650	32267660	32267970
281	32268510	32268510	32268500	32268190
282	32268250	32268250	32268260	32268250
283	32267710	32267710	32267700	32267700
284	32268190	32268190	32268190	32268200
285	32267990	32268000	32268000	32267990
286	32266030	32260900	32266020	32266020
287	32270710	32270710	32270720	32270720
288	32267200	32267200	32267200	32267200
289	32268390	32268400	32268390	32268390
290	32270290	32270280	32270290	32270290
291	32270100	32270100	32270090	32270090
292	32269600	32269610	32269610	32269610
293	32266920	32266910	32266910	32266920
294	32265270	32260150	32265270	32265270
295	32266260	32266260	32266260	32266260
296	32267060	32267060	32267070	32267060
297	32267230	32267230	32267230	32267230
298	32264280	32259170	32264280	32264280
299	32264150	32259030	32264150	32264150
300	32263840	32258710	32263840	32263840
301	32265330	32260220	32265330	32265330
302	32266910	32266910	32266910	32266910
303	32266430	32266420	32266430	32266430
304	32265750	32260630	32265740	32265750
305	32263920	32258810	32263930	32263920
306	32265230	32260100	32265220	32265220
307	32266270	32266280	32266280	32266280
308	32262410	32257280	32262400	32262400
309	32266310	32266310	32266310	32266320
310	32266630	32266630	32266640	32266630
311	32265220	32260100	32265210	32265210
312	32266140	32261020	32266140	32266150
313	32266330	32266340	32266340	32266330
314	32266220	32261090	32266210	32256920
315	32268330	32268340	32268340	32268330
316	32266620	32266620	32266620	32266620
317	32268200	32268190	32268190	32268200
318	32268690	32268700	32268700	32268690
319	32268100	32268090	32268100	32268100
320	32264630	32259510	32264630	32264630
321	32263140	32258020	32263130	32263140
322	32262130	32257020	32262140	32262130
323	32261810	32256690	32261810	32261810
324	32261920	32256790	32261920	32261920
325	32263080	32257970	32263080	32263080
326	32265090	32259970	32265090	32265090
327	32269060	32269050	32269050	32269050
328	32266410	32266410	32266420	32268980
329	32267630	32267640	32267630	32267630
330	32268890	32268880	32268880	32268880
331	32269560	32269560	32269560	32269560
332	32267910	32267920	32267920	32267920
333	32269800	32269790	32269790	32269800
334	32266850	32266860	32266860	32266850
335	32267430	32267420	32267420	32267430
336	32267970	32267970	32267970	32267970
337	32267660	32267660	32267660	32267660
338	32266600	32266600	32266600	32266600
339	32269790	32269800	32269800	32269790
340	32270990	32270990	32270990	32270990
341	32269130	32269120	32269120	32269120
342	32268580	32268580	32268590	32268590
343	32268410	32268420	32268410	32268410
344	32265880	32260750	32265870	32265880
345	32264300	32259180	32264300	32264300
346	32269970	32269970	32269970	32269970
347	32268920	32268930	32268930	32268920
348	32268270	32268260	32268260	32268260
349	32269180	32269180	32269180	32269180
350	32268520	32268530	32268530	32268530
351	32270180	32270170	32270170	32270180
352	32267930	32267930	32267930	32267930
353	32268430	32268430	32268430	32268420
354	32270060	32270060	32270070	32270070
355	32268020	32268020	32268010	32268010
356	32272420	32267300	32272430	32272430
357	32275550	32270440	32275550	32275550
358	32270710	32270700	32270700	32270700
359	32270250	32270250	32270260	32270260
360	32267220	32267220	32267220	32267220
361	32266630	32266630	32266620	32266620
362	32265180	32260060	32265180	32265190
363	32265060	32259940	32265060	32265060
364	32263630	32258510	32263630	32263630
365	32263580	32258470	32263590	32263580
366	32265480	32260360	32265480	32265480
367	32266150	32261020	32266140	32266150
368	32264080	32258960	32264080	32264080
369	32267310	32267310	32267310	32267310
370	32263530	32258420	32263540	32263530
371	32265880	32260750	32265870	32265870
372	32267840	32267850	32267850	32267850
373	32267900	32267900	32267900	32267900
374	32265750	32260630	32265750	32265750
375	32265790	32260660	32265790	32265790
376	32266100	32260990	32266100	32266100
377	32266520	32266510	32266510	32266520
378	32264560	32269680	32264560	32264550
379	32266490	32266500	32266500	32266500
380	32267610	32267600	32267600	32267610
381	32270240	32270240	32270250	32267680
382	32270880	32270890	32270880	32270880
383	32269490	32269480	32269480	32269480
384	32269980	32269980	32269980	32269990
385	32272110	32266990	32272110	32272430
386	32272010	32266890	32272010	32272000
387	32268680	32268680	32268690	32268690
388	32270570	32270580	32270570	32270570
389	32268320	32268310	32268310	32268320
390	32271060	32271060	32271070	32271060
391	32270570	32270570	32270560	32270560
392	32270130	32270130	32270130	32270460
393	32267410	32267410	32267410	32267410
394	32269360	32269360	32269360	32269360
395	32267300	32267300	32267300	32267300
396	32267000	32267000	32267010	32267000
397	32267230	32267230	32267220	32267230
398	32265860	32260750	32265870	32265860
399	32267920	32267920	32267920	32267920
400	32267980	32267980	32267980	32267980
401	32268140	32268130	32268140	32268140
402	32268920	32268920	32268910	32268910
403	32268450	32268450	32268450	32268460
404	32268020	32268020	32268020	32268010
405	32269730	32269730	32269740	32269740
406	32270070	32270080	32270070	32270070
407	32270730	32270720	32270730	32270730
408	32269560	32269560	32269550	32269560
409	32268900	32268900	32268900	32268890
410	32267120	32267130	32267130	32267130
411	32266550	32266540	32266540	32266540
412	32268770	32268780	32268780	32268780
413	32271180	32271180	32271180	32271180
414	32268720	32268720	32268720	32268720
415	32267960	32267950	32267950	32267960
416	32268790	32268790	32268790	32268780
417	32268540	32268550	32268550	32268550
418	32272220	32267090	32272210	32272210
419	32271480	32266360	32271490	32271490
420	32268080	32268090	32268080	32268080
421	32263600	32258480	32263600	32263600
422	32263310	32258190	32263310	32263310
423	32265680	32260550	32265670	32265670
424	32261940	32256830	32261950	32261950
425	32261870	32256740	32261860	32261860
426	32262980	32257860	32262990	32262670
427	32264820	32259710	32264820	32264820
428	32267450	32267440	32267450	32267450
429	32264280	32259160	32264270	32264280
430	32266390	32266390	32266390	32266380
431	32266340	32266340	32266340	32266350
432	32266260	32266260	32266270	32266260
433	32264940	32259820	32264930	32264930
434	32263190	32258080	32263200	32263200
435	32264750	32259620	32264740	32264740
436	32263610	32258490	32263610	32263620
437	32265990	32260870	32265990	32265990
438	32269520	32269530	32269530	32269520
439	32268040	32268040	32268040	32269080
440	32268880	32268870	32268880	32269200
441	32268350	32268350	32268340	32268340
442	32263810	32258700	32263820	32263820
443	32264940	32259820	32264940	32264620
444	32266630	32266620	32266620	32266630
445	32268280	32268290	32268290	32268280
446	32272220	32267090	32272210	32272220
447	32268440	32268450	32268450	32268440
448	32267550	32267540	32267540	32267550
449	32268230	32268230	32268230	32268220
450	32269020	32269020	32269020	32269030
451	32268040	32268040	32268040	32268030
452	32265630	32260510	32265640	32265640
453	32262980	32257860	32262980	32262980
454	32267110	32267120	32267110	32267110
455	32266370	32266370	32266370	32266370
456	32266780	32266770	32266770	32266770
457	32266920	32266920	32266920	32266930
458	32266570	32266570	32266570	32266570
459	32266740	32266740	32266750	32266740
460	32267710	32267710	32267710	32267710
461	32267020	32267020	32267010	32267020
462	32266570	32266570	32266580	32266570
463	32264170	32259050	32264170	32264170
464	32267260	32267270	32267260	32267260
465	32268420	32268410	32268420	32268420
466	32267240	32267240	32267240	32267240
467	32267800	32267800	32267790	32267790
468	32263450	32258340	32263460	32263460
469	32260350	32260350	32260350	32260350
470	32260400	32260390	32260400	32260340
471	32258660	32258660	32258650	32258650
472	32258530	32258530	32258530	32258540
473	32261540	32256420	32261550	32261540
474	32263440	32258330	32263440	32263440
475	32263420	32258290	32263410	32263420
476	32261280	32256160	32261290	32261280
477	32258490	32258490	32258480	32258480
478	32257870	32257880	32257880	32257880
479	32260700	32260690	32260690	32260700
480	32262550	32257430	32262550	32262540
481	32255880	32250770	32255890	32255890
482	32257720	32257710	32257710	32257710
483	32258260	32258260	32258260	32258270
484	32259330	32259330	32259330	32259320
485	32260550	32260550	32260560	32260560
486	32259870	32259870	32259860	32259870
487	32261110	32256000	32261120	32261110
488	32264560	32259440	32264560	32264560
489	32263060	32257930	32263050	32263060
490	32263210	32258090	32263210	32263210
491	32265250	32260130	32265250	32265240
492	32262990	32257870	32262990	32263000
493	32258600	32258600	32258600	32258600
494	32258170	32258170	32258170	32258170
495	32260000	32260000	32260010	32260000
496	32258350	32258360	32258350	32258350
497	32258260	32258250	32258250	32258250
498	32259550	32259550	32259550	32259550
499	32261950	32256830	32261960	32261960

============================================================
# BITSTREAM: 100ms_51etapas.bit
# VENTANA: 100ms
# ETAPAS_PRINCIPAL: 51
# NUM_MUESTRAS: 500
# FORMATO: idx	freq1_hz	freq2_hz	freq3_hz	freq4_hz
============================================================
idx	freq1_hz	freq2_hz	freq3_hz	freq4_hz
0	14088090	12966710	13543190	11865870
1	14088120	12966980	13543980	11866410
2	14088150	12967440	13544160	11864180
3	14087970	12967020	13544150	11865390
4	14087150	12966900	13543500	11865010
5	14087120	12966680	13543750	11863900
6	14086440	12966360	13542900	11864780
7	14086840	12966720	13543140	11863820
8	14086500	12966360	13542900	11862650
9	14085770	12965880	13542610	11863010
10	14084290	12964310	13541000	11863840
11	14086120	12965280	13542570	11862680
12	14085640	12964780	13541970	11864340
13	14084640	12964010	13541480	11863380
14	14085870	12965310	13542390	11863000
15	14085750	12965570	13542910	11865270
16	14085540	12964980	13542130	11863870
17	14086910	12965940	13543180	11866330
18	14085710	12965020	13542410	11862290
19	14085330	12964200	13541660	11865190
20	14086660	12965590	13543050	11863330
21	14086210	12965050	13542870	11864690
22	14086030	12965040	13542390	11864470
23	14085150	12964520	13541940	11864980
24	14085080	12964600	13541730	11862180
25	14085570	12964760	13542170	11864100
26	14086310	12965910	13542870	11865670
27	14088420	12967650	13544400	11866830
28	14087170	12966510	13543230	11863090
29	14088450	12967100	13544240	11866590
30	14089080	12968070	13544730	11865420
31	14087880	12966790	13543560	11866830
32	14086760	12965930	13543200	11862560
33	14086290	12965660	13542720	11862790
34	14085900	12965280	13542060	11863180
35	14087520	12966680	13543920	11864510
36	14086850	12965940	13543490	11864160
37	14086520	12965540	13543000	11866230
38	14086580	12966080	13543090	11864100
39	14087080	12966070	13543460	11865410
40	14087590	12966660	13543560	11864060
41	14087310	12966260	13543520	11864060
42	14088020	12967330	13544260	11863650
43	14089900	12968820	13545320	11866370
44	14089390	12968350	13545130	11865900
45	14088800	12967470	13544620	11867880
46	14088970	12967770	13544710	11864790
47	14089860	12968500	13545560	11867750
48	14089070	12967770	13544780	11865440
49	14089980	12968760	13545810	11866430
50	14089380	12968320	13545110	11866040
51	14089180	12967990	13545160	11867540
52	14089020	12967650	13544740	11865850
53	14089470	12968080	13545210	11865940
54	14089170	12967060	13544690	11866830
55	14088710	12967240	13545000	11867380
56	14087970	12966700	13543900	11864230
57	14088760	12967500	13544390	11864920
58	14088270	12967350	13544600	11865670
59	14089120	12967830	13545680	11864680
60	14087650	12966630	13544270	11863150
61	14090080	12968750	13545910	11867640
62	14088640	12967710	13544290	11865800
63	14089150	12967740	13544880	11866300
64	14088470	12967240	13544580	11863250
65	14088950	12967420	13544460	11864660
66	14087460	12966480	13543590	11863550
67	14088590	12967530	13544540	11866450
68	14088130	12967170	13544260	11863590
69	14087410	12966910	13543990	11864480
70	14087550	12966610	13543320	11865370
71	14088120	12966780	13544060	11863940
72	14088290	12966830	13543850	11863740
73	14088100	12966760	13544050	11867080
74	14087670	12967280	13544110	11865070
75	14087310	12966600	13543980	11865990
76	14086980	12965810	13543300	11863460
77	14086450	12965520	13543070	11863980
78	14086210	12965860	13542610	11864690
79	14087430	12966470	13543450	11866830
80	14087370	12966700	13543310	11866270
81	14087090	12966300	13543030	11865970
82	14087220	12966240	13543250	11865220
83	14087360	12966280	13543180	11865290
84	14087820	12967000	13543610	11863930
85	14087290	12965960	13543320	11866850
86	14086540	12965730	13543250	11862640
87	14087420	12966540	13544000	11865620
88	14086310	12965750	13542550	11863650
89	14087170	12966270	13543190	11865900
90	14087790	12966790	13543370	11865320
91	14087890	12966920	13543470	11867050
92	14088620	12967660	13543930	11865910
93	14088470	12967220	13544060	11867270
94	14087860	12966950	13543610	11863740
95	14087440	12966520	13543650	11866610
96	14086830	12966150	13543450	11865720
97	14087500	12966720	13543540	11866910
98	14087320	12966630	13543730	11863750
99	14088000	12967190	13544120	11867210
100	14088770	12967560	13544660	11865410
101	14088800	12967860	13544980	11865230
102	14088110	12967180	13544040	11863760
103	14088750	12967300	13544620	11865650
104	14087840	12967130	13544410	11863680
105	14087900	12967460	13544160	11865980
106	14087460	12966860	13543670	11864630
107	14087500	12966540	13544160	11866220
108	14087360	12966550	13543280	11864330
109	14087560	12966290	13543690	11863380
110	14088680	12967990	13544930	11867000
111	14089650	12968660	13546230	11868910
112	14088470	12967960	13545090	11866790
113	14088750	12968250	13545120	11868180
114	14087780	12967290	13544090	11865170
115	14086940	12966600	13543900	11865870
116	14086930	12966830	13543580	11864050
117	14087720	12967330	13544060	11864750
118	14087350	12966910	13544120	11864000
119	14088080	12967260	13544380	11865830
120	14087200	12966900	13543840	11864190
121	14086710	12966320	13543310	11865370
122	14086810	12966640	13543190	11865510
123	14087120	12966880	13543730	11866180
124	14087160	12966380	13543590	11866220
125	14087170	12967130	13544270	11866590
126	14086790	12966730	13543540	11865670
127	14086800	12966260	13543690	11864590
128	14086410	12966330	13542970	11865990
129	14087500	12966890	13544060	11866110
130	14086370	12966070	13543830	11864150
131	14086360	12966170	13543470	11866500
132	14085980	12965800	13542790	11865460
133	14085880	12965380	13542880	11865850
134	14086070	12965470	13543070	11864340
135	14087000	12966430	13543510	11866380
136	14086380	12966140	13543310	11865550
137	14087080	12966710	13543890	11866890
138	14086570	12965940	13542970	11866320
139	14087240	12966090	13543760	11865840
140	14086460	12966030	13542880	11864260
141	14088090	12966790	13543780	11865840
142	14087720	12966600	13543490	11864280
143	14087350	12965940	13543420	11866960
144	14087140	12966290	13543500	11863630
145	14086790	12965970	13543290	11864130
146	14086850	12966330	13543790	11865000
147	14086560	12965750	13542870	11865980
148	14087170	12966740	13543540	11865660
149	14086840	12966640	13543760	11864450
150	14086060	12965760	13542790	11864260
151	14086260	12965600	13543000	11865860
152	14086510	12965570	13543160	11864110
153	14087570	12966420	13543480	11864120
154	14087430	12966480	13543350	11863000
155	14088630	12967600	13544280	11866870
156	14088090	12967200	13543520	11865190
157	14088400	12967320	13543820	11864650
158	14088000	12967370	13543570	11864440
159	14087720	12966500	13543630	11867090
160	14087400	12966730	13543310	11865860
161	14087970	12967040	13544000	11866810
162	14087000	12966250	13542940	11864320
163	14088090	12966980	13543830	11865180
164	14087850	12967000	13543320	11866020
165	14088750	12967660	13544100	11865040
166	14087250	12966660	13543190	11864060
167	14087720	12966840	13543460	11866820
168	14087200	12966790	13543110	11864040
169	14088550	12967630	13544230	11867320
170	14087240	12966630	13543280	11865730
171	14087670	12966920	13543540	11864360
172	14086040	12965710	13542700	11863240
173	14087340	12966540	13543400	11864830
174	14087350	12966670	13543320	11863390
175	14087970	12966660	13543380	11864390
176	14086840	12966120	13542630	11863230
177	14087060	12965990	13543220	11865970
178	14086070	12965410	13542350	11862580
179	14086000	12966740	13543510	11866540
180	14087790	12967110	13543650	11866170
181	14088140	12966710	13543650	11867570
182	14088640	12967510	13543970	11867000
183	14088350	12967190	13544100	11867400
184	14086910	12965970	13543140	11863470
185	14087070	12966500	13543400	11864530
186	14087370	12967050	13543530	11863550
187	14087410	12966570	13543590	11867220
188	14087230	12967220	13543750	11866230
189	14086960	12965770	13542860	11866110
190	14087120	12966390	13543400	11863810
191	14087360	12966400	13543910	11864170
192	14088230	12967240	13544340	11866320
193	14087530	12966380	13543840	11864690
194	14086830	12965960	13543640	11864240
195	14087960	12966890	13544600	11864350
196	14087530	12966810	13544060	11863420
197	14087790	12966980	13543620	11865080
198	14087710	12966800	13543730	11864040
199	14088340	12966850	13543840	11867360
200	14087540	12966310	13543420	11864570
201	14087020	12965880	13543120	11864350
202	14086810	12966390	13543050	11862930
203	14087400	12966640	13543400	11865670
204	14087420	12966780	13543630	11863570
205	14087520	12967770	13544280	11867260
206	14088440	12968170	13544970	11865740
207	14088060	12967380	13543830	11867640
208	14088400	12967690	13543850	11866240
209	14088410	12967030	13543800	11867540
210	14088880	12967480	13543950	11865250
211	14088010	12966250	13543220	11866400
212	14088330	12967270	13543730	11863940
213	14088140	12966470	13543770	11866890
214	14087590	12966410	13543540	11866000
215	14088220	12967080	13544140	11864540
216	14087380	12966550	13543510	11863550
217	14088170	12967020	13544090	11866440
218	14088210	12967260	13543720	11865240
219	14089030	12967870	13544200	11866130
220	14087900	12967250	13543980	11864970
221	14088370	12967290	13544060	11865090
222	14087970	12967220	13544400	11864380
223	14087430	12966850	13543850	11864180
224	14087370	12966430	13543220	11866350
225	14087780	12966780	13544030	11864880
226	14087230	12966560	13543630	11865620
227	14088000	12967150	13544520	11867160
228	14087460	12966910	13544120	11863530
229	14087890	12967150	13544390	11865960
230	14088820	12967880	13544820	11866530
231	14088520	12967340	13544520	11865540
232	14087480	12966470	13543980	11863590
233	14087700	12966530	13543600	11864860
234	14086460	12965490	13542800	11862480
235	14086660	12965590	13542660	11864840
236	14086320	12965510	13542250	11863330
237	14087390	12965910	13542990	11867170
238	14086710	12965780	13542820	11865050
239	14086540	12965490	13542000	11864220
240	14087020	12965640	13542330	11862940
241	14088250	12966810	13543320	11867320
242	14087220	12966250	13542870	11862880
243	14088250	12967190	13543920	11866320
244	14088140	12966960	13543720	11864620
245	14088300	12967030	13543490	11865530
246	14087720	12966660	13543390	11866180
247	14088070	12967400	13544130	11867000
248	14087120	12966020	13542640	11864280
249	14087550	12965940	13542710	11864760
250	14087230	12965890	13542680	11864940
251	14088340	12966730	13543250	11865260
252	14088290	12966720	13543210	11864820
253	14088220	12966430	13543430	11865810
254	14087370	12965890	13542960	11865460
255	14087190	12965440	13542220	11864890
256	14085600	12964500	13541280	11862510
257	14085750	12964580	13541750	11864460
258	14085810	12964920	13541720	11864710
259	14086400	12965140	13541970	11864970
260	14086770	12965460	13542230	11864610
261	14087260	12965710	13543020	11866670
262	14086680	12965450	13542240	11863570
263	14085670	12964500	13542040	11863020
264	14086610	12965380	13542810	11862970
265	14087120	12965800	13543130	11865720
266	14087470	12966200	13543230	11865400
267	14086720	12965670	13542780	11866230
268	14087120	12966020	13543120	11864240
269	14086250	12965090	13542210	11863450
270	14086380	12965480	13542640	11866010
271	14088040	12966640	13544050	11865980
272	14087250	12966250	13543590	11865090
273	14090000	12967240	13544870	11867740
274	14087340	12965980	13543490	11865780
275	14087100	12965860	13543290	11866940
276	14087480	12966340	13543410	11864910
277	14087430	12966380	13543520	11867340
278	14088200	12967480	13544280	11864010
279	14088520	12967020	13544450	11866200
280	14086210	12964970	13542390	11864190
281	14088560	12966800	13544000	11867150
282	14086720	12965260	13542380	11864340
283	14088510	12967090	13544090	11865600
284	14087800	12966320	13543030	11864980
285	14088100	12966320	13543620	11866520
286	14087800	12966390	13543150	11863900
287	14087360	12965620	13542550	11866080
288	14085940	12964580	13541400	11864520
289	14085620	12964340	13541200	11863740
290	14085320	12964300	13541200	11863240
291	14086080	12964580	13541770	11864220
292	14085640	12964220	13541370	11863480
293	14086100	12964480	13541790	11866470
294	14086160	12965120	13541570	11864630
295	14086540	12965240	13542390	11865140
296	14087020	12965900	13542660	11865860
297	14086480	12965380	13542020	11864010
298	14085440	12964910	13541610	11862800
299	14085890	12964390	13541370	11864510
300	14084660	12963450	13540460	11864560
301	14085160	12963910	13541160	11863110
302	14085440	12963970	13541020	11863330
303	14085720	12964460	13541540	11863710
304	14085080	12963900	13540560	11862480
305	14086920	12965280	13542080	11863490
306	14085750	12964220	13541360	11862380
307	14086760	12964840	13542070	11864910
308	14086200	12964760	13541580	11864520
309	14085790	12964480	13541510	11863550
310	14085330	12963750	13540610	11863850
311	14085020	12963570	13540690	11863970
312	14084650	12963650	13540740	11863250
313	14085690	12964380	13541020	11863480
314	14085990	12964760	13541380	11862860
315	14084710	12963460	13540020	11862810
316	14085790	12964400	13540980	11862850
317	14085170	12963790	13540730	11863100
318	14085120	12963570	13540970	11863480
319	14085840	12964640	13541960	11866290
320	14086330	12965070	13542070	11862380
321	14086230	12965140	13542190	11865200
322	14085650	12964560	13541730	11864330
323	14085390	12963910	13541460	11863870
324	14084630	12963880	13540850	11861960
325	14085570	12964420	13541520	11865670
326	14084900	12963640	13540170	11862740
327	14084530	12963270	13540260	11863700
328	14084800	12964350	13540910	11862640
329	14084700	12964340	13541360	11865190
330	14084800	12964090	13541150	11863180
331	14085160	12964670	13541630	11865270
332	14084950	12964190	13541280	11863950
333	14084680	12964130	13541090	11863820
334	14085150	12964720	13541700	11865230
335	14084630	12963920	13541140	11863210
336	14083680	12963210	13540730	11861740
337	14084960	12963870	13541120	11863900
338	14085270	12964340	13541190	11861880
339	14085370	12965180	13542410	11866150
340	14084970	12964130	13541340	11864850
341	14086420	12965300	13542310	11864310
342	14085440	12964960	13541440	11865020
343	14085320	12964590	13541350	11864260
344	14086290	12965020	13541780	11865360
345	14086360	12965230	13542170	11864340
346	14086160	12964890	13541960	11865940
347	14086520	12964940	13542160	11863300
348	14086360	12964810	13542070	11862700
349	14087040	12965560	13542530	11866380
350	14086290	12965200	13542300	11865850
351	14085900	12964330	13541480	11863690
352	14085430	12963850	13540830	11863370
353	14085370	12963980	13541080	11865190
354	14085000	12963740	13540700	11861650
355	14085510	12963990	13540940	11862930
356	14085290	12964180	13541110	11862460
357	14086070	12964480	13541930	11865540
358	14085090	12963740	13540780	11863480
359	14083790	12962930	13540080	11862530
360	14083790	12963060	13539800	11862300
361	14083650	12962630	13540160	11861730
362	14082080	12961770	13538670	11861380
363	14083950	12963550	13540490	11864550
364	14082620	12962540	13539180	11862260
365	14084290	12963730	13540860	11863060
366	14083830	12963640	13540640	11861930
367	14083860	12963190	13540120	11861670
368	14084640	12963500	13540480	11863200
369	14085320	12964100	13541260	11864490
370	14085490	12964740	13541790	11863360
371	14084160	12963320	13540870	11864600
372	14083010	12962790	13539940	11863310
373	14082690	12962630	13539670	11862280
374	14083180	12962500	13540230	11863620
375	14084060	12963130	13540750	11864500
376	14082430	12961790	13539060	11862450
377	14082720	12962100	13539530	11862220
378	14083440	12962920	13540060	11864370
379	14084020	12963150	13540360	11862980
380	14083710	12963060	13539960	11862560
381	14085120	12963960	13540730	11864240
382	14084130	12963170	13540360	11863100
383	14084000	12962690	13540170	11863300
384	14083330	12962560	13539630	11862430
385	14084760	12963920	13541330	11864970
386	14084810	12963730	13540970	11864740
387	14084990	12963780	13541320	11865630
388	14084580	12963750	13540620	11863210
389	14084150	12963260	13540350	11862710
390	14083340	12962230	13539820	11863040
391	14085230	12963820	13541280	11863000
392	14083620	12962370	13539700	11862190
393	14083880	12962880	13540180	11862440
394	14084490	12963870	13540580	11862320
395	14084520	12963860	13540660	11862820
396	14085200	12964620	13541190	11862280
397	14085590	12963970	13541140	11864850
398	14083750	12963310	13540250	11861630
399	14084980	12963860	13540830	11863890
400	14084960	12964200	13540950	11864420
401	14090130	12965190	13541980	11865770
402	14085900	12965350	13541530	11862580
403	14084180	12963600	13540580	11863670
404	14084150	12963590	13540680	11861600
405	14084370	12963610	13540710	11861960
406	14084390	12963810	13540470	11863410
407	14084060	12963930	13540780	11864500
408	14085090	12964490	13541330	11862210
409	14085190	12964200	13541270	11865820
410	14085440	12964730	13541290	11864570
411	14084680	12963760	13540630	11865330
412	14084960	12964490	13541220	11864090
413	14085850	12965170	13541730	11863960
414	14085840	12964530	13540930	11863420
415	14085060	12964350	13541360	11865790
416	14085330	12964550	13541220	11863510
417	14086580	12965570	13541740	11864570
418	14086470	12965690	13541670	11863640
419	14086830	12965890	13542500	11866250
420	14085840	12965410	13541660	11863380
421	14086290	12965560	13541830	11864220
422	14084660	12964330	13540640	11864180
423	14084740	12963910	13540850	11862480
424	14084540	12963560	13540590	11864740
425	14084910	12963940	13540740	11864960
426	14084380	12963970	13540670	11862340
427	14083950	12962950	13540200	11864180
428	14083740	12962770	13539820	11862360
429	14084020	12962990	13540160	11862370
430	14082440	12962200	13538740	11861520
431	14083590	12963540	13540000	11862630
432	14083260	12963080	13539920	11862310
433	14083660	12963180	13540330	11863410
434	14083780	12963080	13540050	11863060
435	14084300	12963070	13540560	11865400
436	14083560	12962780	13539750	11861190
437	14084210	12963190	13540920	11865180
438	14084450	12963860	13540700	11861910
439	14084100	12963580	13540700	11862910
440	14082870	12962460	13539650	11861350
441	14083120	12962900	13540190	11865340
442	14084040	12963450	13540340	11863730
443	14083290	12963000	13539780	11862540
444	14082980	12962540	13539370	11861330
445	14083650	12962970	13540110	11863650
446	14082800	12962620	13539520	11863570
447	14083320	12962720	13540000	11861740
448	14082940	12962210	13539260	11861720
449	14083260	12962670	13539530	11861810
450	14083070	12962540	13539580	11863510
451	14083330	12962680	13539830	11862120
452	14083600	12962940	13540140	11863540
453	14084510	12963690	13540880	11863030
454	14084250	12964190	13540800	11861780
455	14084140	12963720	13540540	11862470
456	14084970	12964680	13541470	11862910
457	14084510	12963800	13540920	11865040
458	14083660	12962720	13540290	11861550
459	14083320	12962550	13539580	11863620
460	14082390	12962010	13539000	11861130
461	14083520	12963000	13539970	11863510
462	14082630	12962090	13538860	11863770
463	14082920	12962050	13539520	11862470
464	14083340	12962690	13539600	11861180
465	14083990	12963380	13540060	11862180
466	14084540	12964090	13540640	11862530
467	14083940	12963140	13540050	11861650
468	14084500	12963710	13540150	11864640
469	14084500	12964190	13540640	11865160
470	14084120	12963560	13539930	11861280
471	14084240	12963180	13539650	11865270
472	14083590	12962560	13539240	11864080
473	14083800	12962530	13539650	11861510
474	14084060	12963420	13540120	11864400
475	14085020	12964280	13540500	11863940
476	14085040	12964810	13541090	11862490
477	14086700	12965590	13542080	11866610
478	14083770	12962960	13539930	11861150
479	14083300	12962790	13539670	11865020
480	14084170	12963890	13540460	11864150
481	14083830	12962970	13540240	11862560
482	14083900	12962870	13539570	11862360
483	14084180	12963160	13540090	11865170
484	14084080	12963210	13540060	11864610
485	14083220	12962460	13539660	11862430
486	14082980	12962260	13539340	11861190
487	14083570	12962760	13539540	11862130
488	14084370	12963620	13540230	11861700
489	14085500	12963940	13540520	11864900
490	14084110	12963240	13540050	11861330
491	14083220	12962750	13539710	11864840
492	14084240	12963430	13540510	11863950
493	14084760	12963560	13540430	11864700
494	14085380	12963860	13540840	11863870
495	14085670	12964450	13541370	11862760
496	14084370	12963460	13540460	11864650
497	14084070	12963130	13540670	11862940
498	14084060	12963250	13540570	11863330
499	14084250	12963120	13540740	11863630

============================================================
# BITSTREAM: 100ms_101etapas.bit
# VENTANA: 100ms
# ETAPAS_PRINCIPAL: 101
# NUM_MUESTRAS: 500
# FORMATO: idx	freq1_hz	freq2_hz	freq3_hz	freq4_hz
============================================================
idx	freq1_hz	freq2_hz	freq3_hz	freq4_hz
0	10053670	9305470	9789910	9789910
1	10053130	9304980	9789320	9789320
2	10054300	9305460	9790720	9790720
3	10052580	9304550	9789850	9789850
4	10053020	9304850	9789240	9789230
5	10053670	9304480	9790200	9790210
6	10052840	9304860	9789570	9789570
7	10052530	9304450	9789160	9789160
8	10053340	9304230	9789450	9789450
9	10051960	9304060	9788810	9788800
10	10053840	9305180	9789870	9789880
11	10052130	9304420	9788780	9788780
12	10052860	9304240	9789250	9789250
13	10052540	9303410	9788890	9788890
14	10052870	9304060	9788870	9788870
15	10051640	9302750	9787830	9787830
16	10052240	9303430	9788300	9788300
17	10052400	9303260	9788550	9788550
18	10052250	9303050	9788040	9788040
19	10051660	9302640	9788350	9788350
20	10050760	9301670	9787610	9787610
21	10051170	9302330	9788080	9788080
22	10051480	9302600	9788420	9788420
23	10050860	9301900	9787500	9787490
24	10051660	9302800	9788600	9788290
25	10052230	9303180	9789030	9789030
26	10052310	9303600	9789130	9789130
27	10052420	9303480	9789460	9789460
28	10050520	9302860	9788310	9788310
29	10051680	9303310	9789080	9789110
30	10051910	9303210	9789120	9789120
31	10052120	9303470	9789220	9789220
32	10051630	9303110	9789220	9788940
33	10052100	9303630	9789160	9789160
34	10051600	9303090	9788670	9788670
35	10051500	9302680	9788190	9788190
36	10051520	9302380	9788040	9788040
37	10050650	9302120	9787620	9787620
38	10050690	9302240	9787460	9787460
39	10050370	9301870	9787060	9787060
40	10051000	9302380	9787620	9787620
41	10051520	9302680	9787880	9787880
42	10051560	9302590	9787840	9787840
43	10050790	9302130	9787860	9787540
44	10051790	9302990	9788350	9788350
45	10052480	9303600	9788990	9788990
46	10052580	9303790	9789010	9789010
47	10052250	9303270	9788530	9788530
48	10052160	9303310	9788230	9788230
49	10052610	9303730	9789290	9789290
50	10053130	9304260	9789180	9789180
51	10053110	9304230	9764230	9789510
52	10050920	9302930	9788040	9788040
53	10051970	9302920	9788460	9788460
54	10052910	9303660	9788740	9788740
55	10052780	9303600	9788900	9788900
56	10051840	9302780	9788040	9788040
57	10051990	9302780	9788530	9788610
58	10052010	9302660	9787920	9787920
59	10051700	9302370	9788330	9788330
60	10051870	9302660	9788140	9788140
61	10051510	9302320	9787680	9787680
62	10050930	9301800	9787100	9787100
63	10051620	9302450	9788000	9788000
64	10051000	9302020	9787490	9787490
65	10051310	9302150	9787790	9787790
66	10051010	9301790	9787070	9787070
67	10050490	9301170	9786860	9786860
68	10051280	9302160	9787440	9787440
69	10050880	9302040	9787350	9787350
70	10051350	9302330	9787680	9787680
71	10051020	9302150	9787440	9787440
72	10051080	9302450	9787940	9787620
73	10051110	9302350	9788080	9788080
74	10051870	9302640	9788330	9788330
75	10051810	9302480	9788200	9788200
76	10051230	9302120	9787460	9787460
77	10050750	9301430	9787150	9787150
78	10050400	9300980	9786690	9786680
79	10051440	9301900	9787550	9787560
80	10051500	9302230	9787410	9787410
81	10050720	9301330	9786460	9786450
82	10050840	9301590	9786860	9786860
83	10050910	9301730	9786920	9786920
84	10051240	9302170	9787160	9787160
85	10051750	9302520	9787160	9787730
86	10051250	9301960	9786860	9786860
87	10051860	9302480	9787080	9787080
88	10052010	9302650	9787750	9787750
89	10052080	9302760	9787640	9787640
90	10051770	9302480	9787240	9787240
91	10052090	9302870	9787840	9787840
92	10051430	9302460	9787220	9787220
93	10051340	9302260	9787330	9787330
94	10051750	9302600	9787460	9787460
95	10052080	9302910	9787480	9787470
96	10051500	9302450	9787060	9787070
97	10051650	9302690	9787600	9787600
98	10051270	9302200	9787370	9787370
99	10051520	9302320	9787720	9787710
100	10051460	9302350	9787920	9787930
101	10051960	9302950	9788280	9788280
102	10050830	9302190	9787220	9787220
103	10051530	9302460	9787800	9787800
104	10051920	9302970	9787920	9787920
105	10051930	9302970	9788250	9788250
106	10052290	9303360	9788370	9788370
107	10052340	9303520	9788540	9788540
108	10052300	9303520	9788010	9788010
109	10051550	9302450	9787510	9787510
110	10051270	9302380	9787310	9787310
111	10051790	9303060	9788180	9788180
112	10051490	9302680	9787620	9787620
113	10051550	9302900	9787770	9787770
114	10051480	9302900	9787730	9787730
115	10051970	9303060	9787890	9787890
116	10051480	9303020	9787760	9787760
117	10051310	9302660	9787770	9787770
118	10051500	9302970	9787880	9787880
119	10051460	9302700	9788010	9787770
120	10050840	9302360	9787280	9787280
121	10051210	9302830	9787930	9787930
122	10051800	9303150	9788100	9788100
123	10051850	9303090	9788350	9788350
124	10051200	9302690	9787550	9787550
125	10050800	9302120	9786920	9786920
126	10050730	9302210	9787110	9787110
127	10051270	9302720	9787420	9787420
128	10051570	9303170	9787450	9787450
129	10051830	9302940	9787490	9787490
130	10051610	9302810	9787550	9787550
131	10051420	9303030	9787670	9787670
132	10050910	9302610	9787360	9787360
133	10051290	9302990	9788200	9788200
134	10050510	9302190	9787420	9787420
135	10051060	9302510	9787690	9787690
136	10051360	9302780	9787740	9787740
137	10051050	9302460	9787840	9787840
138	10050590	9301810	9786720	9786720
139	10051470	9302750	9787730	9787730
140	10051520	9302850	9787760	9787760
141	10051250	9302470	9787730	9787730
142	10051330	9302780	9787990	9787990
143	10051800	9303010	9788170	9788170
144	10051120	9302710	9787660	9787660
145	10051920	9303100	9788470	9788470
146	10052090	9303450	9788540	9788540
147	10051290	9302630	9787770	9787770
148	10051820	9303120	9788460	9788460
149	10052480	9303840	9788930	9788930
150	10052160	9303600	9788760	9788760
151	10052700	9304190	9789090	9789090
152	10052620	9304130	9789180	9789180
153	10052550	9304240	9789500	9789500
154	10051150	9303660	9788460	9788460
155	10051790	9303060	9788240	9788240
156	10051940	9303500	9788330	9788330
157	10051520	9302810	9788290	9788280
158	10051110	9302580	9787790	9787800
159	10051470	9302720	9787970	9787970
160	10050840	9302760	9787750	9787750
161	10051060	9302610	9787700	9787700
162	10050630	9302330	9787220	9787220
163	10050690	9302450	9787390	9787470
164	10050550	9302000	9787080	9787070
165	10050240	9301850	9787120	9787120
166	10049920	9301750	9786990	9786990
167	10050150	9301900	9787080	9787080
168	10050560	9302140	9787280	9787280
169	10050860	9302480	9787700	9787700
170	10050200	9301810	9786950	9786900
171	10050270	9301600	9786900	9786900
172	10049500	9301200	9786430	9786430
173	10049870	9301540	9786430	9786850
174	10049970	9301570	9786630	9786620
175	10049970	9301530	9786880	9786900
176	10049950	9301450	9786630	9786640
177	10050380	9301680	9787190	9787190
178	10050120	9301440	9786730	9786730
179	10050570	9301710	9787150	9787150
180	10050360	9301650	9787080	9787070
181	10049780	9301260	9786730	9786740
182	10050010	9301450	9786850	9786850
183	10050280	9301540	9786960	9786960
184	10050060	9301570	9786910	9786910
185	10050540	9301750	9787510	9787510
186	10050620	9301800	9787510	9787080
187	10051160	9302460	9787740	9787740
188	10051140	9302240	9787170	9787160
189	10050470	9301730	9787020	9786950
190	10050360	9301720	9786800	9786800
191	10050070	9301230	9786520	9786520
192	10049790	9301200	9786080	9786080
193	10051100	9302320	9787420	9787420
194	10050530	9302000	9786930	9786930
195	10050200	9301440	9786260	9786260
196	10050500	9302130	9787030	9787030
197	10050670	9302150	9787200	9787270
198	10050860	9302250	9787120	9787110
199	10050400	9302020	9787160	9787170
200	10050730	9302300	9787250	9787250
201	10050960	9302400	9787180	9787180
202	10051000	9302400	9787270	9787270
203	10050920	9302340	9787750	9787750
204	10051080	9302330	9787480	9787480
205	10050650	9301910	9787160	9787160
206	10050160	9301480	9786360	9786600
207	10050670	9302230	9787590	9787590
208	10050840	9302250	9787210	9787910
209	10050420	9301960	9787260	9787250
210	10050970	9302540	9787490	9787490
211	10050680	9302080	9787120	9787120
212	10051040	9302070	9787750	9787750
213	10051080	9302300	9787540	9787540
214	10050500	9301980	9786890	9786890
215	10050780	9302000	9787360	9787360
216	10050740	9302270	9787320	9787320
217	10051080	9302740	9787350	9787350
218	10050700	9302080	9786900	9786900
219	10050350	9301680	9786820	9786820
220	10051100	9302270	9787020	9787020
221	10051000	9301930	9787010	9787010
222	10050670	9301770	9786570	9786570
223	10051370	9302230	9786910	9786910
224	10050630	9301820	9787000	9787000
225	10050200	9301180	9785880	9786120
226	10050670	9301610	9786630	9786630
227	10051030	9301910	9786970	9786970
228	10050860	9302110	9786710	9786650
229	10051650	9302850	9787580	9787590
230	10050870	9302440	9786830	9786870
231	10050950	9302310	9786950	9786940
232	10050300	9302080	9786800	9786810
233	10050850	9302350	9786960	9786960
234	10050020	9301630	9785900	9786220
235	10049910	9301150	9786080	9786140
236	10050330	9301830	9786570	9786570
237	10050460	9302300	9786820	9786820
238	10050690	9302470	9786880	9786880
239	10050010	9301940	9786680	9786680
240	10050530	9302200	9786870	9786870
241	10050610	9302140	9786890	9786880
242	10049580	9301210	9785980	9785990
243	10049790	9301510	9786600	9786350
244	10049840	9301600	9786020	9786030
245	10050590	9301970	9786760	9786760
246	10052320	9301470	9786120	9786120
247	10050020	9301510	9786510	9786510
248	10049370	9301190	9786070	9786070
249	10049480	9301250	9786450	9786450
250	10049510	9301430	9786200	9786200
251	10049110	9300920	9785960	9785960
252	10049050	9301160	9785810	9785810
253	10049970	9301790	9786370	9786360
254	10049860	9301460	9786140	9786150
255	10050490	9302020	9787040	9787040
256	10050290	9302090	9786740	9786740
257	10051120	9302730	9787530	9787520
258	10050180	9301640	9786530	9786540
259	10050770	9301890	9787200	9787200
260	10050910	9302340	9787460	9787440
261	10050700	9302030	9787130	9787130
262	10051530	9302880	9787770	9787770
263	10050680	9302020	9786990	9786990
264	10050820	9302310	9787200	9787190
265	10051120	9302480	9787460	9787470
266	10050920	9302150	9786850	9786850
267	10051580	9302480	9787350	9787270
268	10051450	9302500	9787430	9787430
269	10051360	9302340	9787260	9787260
270	10051400	9302300	9787210	9787260
271	10050690	9302070	9787060	9787060
272	10051600	9302820	9787750	9787750
273	10052160	9303170	9788270	9788270
274	10051470	9302670	9787620	9787620
275	10051150	9302420	9787610	9787610
276	10051860	9303110	9787690	9787690
277	10051320	9302460	9787240	9787240
278	10051810	9303150	9787670	9787670
279	10052450	9303670	9788370	9788360
280	10051980	9303100	9787950	9787960
281	10051990	9303060	9787830	9787830
282	10052130	9303300	9787410	9787410
283	10052110	9303340	9787680	9787680
284	10052020	9303530	9787980	9787980
285	10052130	9303360	9788260	9788260
286	10051290	9302860	9787680	9787680
287	10051420	9303150	9787680	9787930
288	10051450	9302970	9787610	9787610
289	10051650	9302780	9787750	9787740
290	10052220	9298290	9788010	9788020
291	10052330	9303730	9788480	9788480
292	10052020	9303490	9787720	9787720
293	10052210	9303570	9788060	9788060
294	10051500	9302610	9787380	9787420
295	10051290	9302460	9787350	9787350
296	10051550	9303000	9787700	9787700
297	10050600	9301980	9787030	9787030
298	10050230	9301920	9786690	9786690
299	10050260	9301750	9786600	9786600
300	10050930	9302350	9786930	9786930
301	10050900	9302100	9787120	9787120
302	10051450	9302720	9787580	9787580
303	10051300	9302610	9787150	9787150
304	10050700	9301540	9786360	9786600
305	10050400	9301480	9786720	9786720
306	10050710	9302200	9786970	9786970
307	10051460	9302910	9787980	9787980
308	10051290	9302700	9787780	9787780
309	10054690	9300880	9786210	9786210
310	10049790	9300920	9786420	9786420
311	10050070	9301310	9786560	9786560
312	10050200	9301330	9786380	9786380
313	10050070	9301190	9786400	9786400
314	10049320	9300730	9785850	9785850
315	10049730	9301000	9786270	9786270
316	10050470	9301900	9786970	9786960
317	10049900	9301650	9786600	9786640
318	10049330	9301030	9786020	9786020
319	10050340	9301700	9786890	9786890
320	10050290	9301670	9786610	9786610
321	10050780	9302070	9786880	9786880
322	10049540	9301200	9786050	9786050
323	10050090	9301160	9786420	9786420
324	10050700	9301680	9786530	9786530
325	10050110	9300960	9785850	9785850
326	10050060	9301220	9785810	9785810
327	10050560	9301660	9786160	9786160
328	10050710	9301930	9786340	9786340
329	10050030	9301300	9786330	9786330
330	10050390	9301670	9786540	9786540
331	10049830	9300830	9785710	9785710
332	10049790	9301120	9785870	9785870
333	10049550	9300970	9785990	9785990
334	10049370	9300830	9786090	9786090
335	10048860	9300270	9785950	9785950
336	10048930	9300480	9785740	9785740
337	10049130	9300560	9785530	9785530
338	10050200	9301640	9786450	9786450
339	10049930	9301370	9786620	9786620
340	10049810	9301230	9786390	9786390
341	10049700	9301330	9786350	9786340
342	10049670	9301460	9786720	9786730
343	10049530	9301040	9786200	9786200
344	10049260	9301030	9785860	9785860
345	10048850	9300470	9785820	9785820
346	10049960	9301490	9786560	9786560
347	10049940	9301440	9786830	9786830
348	10049950	9301540	9786650	9786650
349	10050660	9302020	9787160	9787160
350	10050110	9301530	9786840	9786840
351	10049990	9301430	9786990	9786990
352	10049330	9301000	9786420	9786420
353	10050310	9301720	9786990	9786990
354	10050190	9301910	9787010	9787010
355	10050230	9301680	9786980	9786980
356	10049810	9301440	9786700	9786700
357	10050240	9301460	9786760	9786760
358	10049940	9301010	9786250	9786250
359	10050090	9301120	9786610	9786610
360	10051110	9302230	9787430	9787430
361	10050430	9301340	9786940	9786940
362	10049880	9300920	9786310	9786310
363	10049410	9300290	9786260	9786260
364	10049560	9300610	9786370	9786370
365	10049270	9300120	9786010	9786010
366	10050110	9301180	9786630	9786630
367	10050010	9301130	9786540	9786540
368	10049520	9300620	9785430	9785430
369	10049480	9300570	9785470	9785470
370	10049970	9300970	9785840	9785830
371	10049790	9300610	9785740	9785750
372	10048830	9299920	9785020	9785020
373	10049190	9300380	9784960	9784960
374	10049260	9300340	9785030	9785110
375	10049460	9300490	9785460	9785460
376	10050030	9301430	9786560	9786560
377	10049870	9301190	9786090	9786090
378	10049780	9301250	9786410	9786410
379	10049790	9301170	9786310	9786310
380	10049720	9301220	9786170	9786170
381	10049270	9300670	9785650	9785650
382	10048470	9299950	9784990	9784990
383	10049040	9300370	9785030	9785030
384	10048240	9299910	9784420	9784420
385	10048850	9300490	9785450	9785450
386	10049290	9300940	9785960	9785960
387	10048840	9300780	9786120	9786120
388	10048810	9300480	9786020	9786020
389	10049770	9301350	9787030	9787030
390	10049830	9301270	9786920	9786910
391	10049230	9301020	9786340	9786350
392	10049520	9301320	9786570	9786570
393	10049980	9301300	9786530	9786530
394	10049710	9301020	9785830	9785830
395	10050050	9301470	9786440	9786440
396	10050220	9301890	9786810	9786810
397	10050810	9301890	9787040	9787040
398	10050380	9301780	9787130	9787130
399	10050070	9301290	9786900	9786900
400	10048940	9300530	9785860	9785860
401	10050560	9301810	9787210	9787210
402	10051530	9302960	9787860	9787850
403	10051840	9303290	9788090	9788100
404	10051670	9302760	9788260	9788260
405	10051050	9301970	9787680	9787670
406	10051290	9302200	9787670	9787680
407	10051880	9302720	9787990	9787990
408	10051070	9302130	9787430	9787430
409	10051730	9302580	9788210	9788210
410	10051990	9303000	9788450	9788450
411	10051570	9302460	9787730	9787730
412	10051420	9302150	9787170	9787170
413	10051380	9302220	9787730	9787730
414	10050950	9301730	9787100	9787180
415	10051210	9302150	9787380	9787380
416	10051260	9302070	9787540	9787540
417	10050710	9301640	9787210	9787200
418	10050750	9301860	9787450	9787460
419	10051130	9301820	9787450	9787450
420	10051040	9301800	9787310	9787310
421	10051740	9302550	9788080	9788080
422	10051320	9302240	9787560	9787560
423	10051240	9302200	9787390	9787390
424	10052040	9302760	9788140	9788140
425	10051690	9302380	9788630	9788170
426	10052020	9302720	9788110	9788110
427	10051560	9302170	9787790	9787790
428	10051420	9302140	9787450	9787450
429	10051640	9302320	9787420	9787420
430	10052050	9302660	9787660	9787660
431	10051660	9302460	9787710	9787710
432	10051720	9302500	9787170	9787170
433	10052340	9302970	9788070	9788070
434	10051000	9301710	9787220	9787220
435	10050840	9301760	9786920	9786920
436	10050960	9301750	9786980	9786980
437	10051490	9302020	9787380	9787380
438	10051020	9301800	9787550	9787550
439	10051340	9301970	9787350	9787350
440	10052290	9303030	9788520	9788520
441	10051850	9302720	9788020	9788020
442	10051910	9302640	9787860	9787860
443	10051710	9302690	9787560	9787560
444	10051430	9302600	9787430	9787430
445	10050670	9301830	9787110	9787110
446	10051240	9302150	9787710	9787710
447	10050790	9301510	9787170	9787170
448	10050720	9301750	9787040	9787040
449	10050400	9301770	9787040	9787040
450	10050200	9301100	9786760	9786760
451	10051390	9301980	9787110	9787110
452	10051150	9301930	9787200	9787200
453	10051550	9302480	9787570	9787570
454	10051810	9302560	9787250	9787250
455	10052070	9302940	9788000	9788000
456	10051600	9302660	9787730	9787730
457	10051370	9302630	9787350	9787350
458	10051600	9302470	9787660	9787660
459	10051320	9302270	9787560	9787560
460	10051480	9302450	9787510	9787510
461	10052040	9303030	9788080	9788080
462	10051060	9302280	9787540	9787540
463	10050590	9301530	9786890	9786890
464	10050890	9301820	9787450	9787450
465	10050940	9301790	9787670	9787670
466	10050560	9301520	9787300	9787300
467	10050110	9301330	9787030	9787030
468	10050390	9301370	9787010	9787010
469	10050290	9301510	9786830	9786830
470	10050550	9301820	9786830	9786520
471	10050850	9301840	9786770	9786770
472	10050850	9301600	9786220	9786220
473	10050030	9300870	9786040	9786030
474	10050970	9301950	9786880	9786890
475	10050970	9301690	9786730	9786730
476	10051060	9301670	9786750	9786750
477	10050880	9301400	9786890	9786890
478	10050340	9301330	9786460	9786460
479	10050410	9301310	9786840	9786840
480	10050280	9301290	9786770	9786770
481	10051090	9302130	9787080	9787080
482	10050870	9302060	9787010	9787010
483	10049720	9300880	9786150	9786150
484	10050340	9301290	9786390	9786390
485	10050420	9301400	9786660	9786660
486	10050360	9301500	9786420	9786420
487	10050600	9301390	9786520	9786520
488	10050280	9301200	9786390	9786390
489	10050350	9301230	9786620	9786620
490	10050390	9301370	9786390	9786390
491	10050280	9301330	9786540	9786550
492	10050650	9301600	9786720	9786720
493	10050480	9301430	9786980	9786980
494	10050490	9301560	9786860	9786870
495	10049820	9300900	9786090	9786100
496	10050010	9301030	9786330	9786330
497	10051060	9301870	9787100	9787090
498	10050370	9301640	9786720	9786730
499	10051360	9302210	9787310	9787310

============================================================
# BITSTREAM: 10ms_3etapas.bit
# VENTANA: 10ms
# ETAPAS_PRINCIPAL: 3
# NUM_MUESTRAS: 500
# FORMATO: idx	freq1_hz	freq2_hz	freq3_hz	freq4_hz
============================================================
idx	freq1_hz	freq2_hz	freq3_hz	freq4_hz
0	33964600	33964600	35183600	35183600
1	33963900	33964000	35182800	35182800
2	33958600	33958500	35179700	35179700
3	33961700	33961700	35184300	35184300
4	33964100	33964100	35184700	35184700
5	33968400	33968400	35188600	35188600
6	33969600	33969600	35189800	35189800
7	33966200	33966200	35186500	35186500
8	33965400	33965400	35187100	35187100
9	33968000	33968100	35185600	35185600
10	33969500	33969400	35187500	35187500
11	33964200	33964300	35184200	35184200
12	33963700	33963700	35182800	35182800
13	33963600	33963500	35183200	35183200
14	33959400	33959500	35181300	35181300
15	33962500	33962400	35182700	35182800
16	33964300	33964300	35184200	35184100
17	33960700	33960800	35182800	35182800
18	33962200	33962100	35183900	35183900
19	33960000	33960000	35179600	35179600
20	33961700	33961700	35182000	35182000
21	33963100	33963100	35184300	35184300
22	33962800	33962900	35182900	35182900
23	33960700	33960600	35181800	35181800
24	33962100	33962100	35183000	35183000
25	33964000	33964000	35183900	35183900
26	33960700	33960800	35180400	35180400
27	33964200	33964100	35182500	35182500
28	33962000	33962000	35181900	35181900
29	33961100	33961100	35180900	35180900
30	33961900	33961900	35179800	35179800
31	33962600	33962700	35181400	35181400
32	33962200	33962100	35180900	35180900
33	33964200	33964200	35183700	35183700
34	33960300	33960300	35182200	35182100
35	33961500	33961600	35181800	35181900
36	33961400	33961300	35181300	35181400
37	33960300	33960300	35178000	35177900
38	33962900	33962900	35180200	35180200
39	33959700	33959700	35179300	35179300
40	33961300	33961300	35179700	35179700
41	33961300	33961300	35179300	35179300
42	33964000	33964000	35181600	35181600
43	33965500	33965500	35182800	35182800
44	33963900	33963900	35183700	35183700
45	33964400	33964400	35183900	35183900
46	33959700	33959700	35181000	35181000
47	33959700	33959700	35180200	35180200
48	33959600	33959600	35180400	35180400
49	33961700	33961800	35181700	35181700
50	33966000	33965900	35185000	35185000
51	33961700	33961700	35182000	35182000
52	33960200	33960200	35181200	35181100
53	33958000	33958100	35178700	35178800
54	33956000	33955900	35178000	35178000
55	33955600	33955600	35179700	35179700
56	33962400	33962400	35182900	35182900
57	33958500	33958500	35180800	35180800
58	33957400	33957500	35178600	35178600
59	33959600	33959500	35180800	35180800
60	33957500	33957600	35180900	35180900
61	33960700	33960600	35181800	35181800
62	33960900	33960900	35180100	35180100
63	33961200	33961200	35179400	35179400
64	33963300	33963400	35182300	35182300
65	33960200	33960100	35181400	35181500
66	33964000	33964000	35183900	35183800
67	33962600	33962700	35182500	35182500
68	33963400	33963300	35182400	35182400
69	33963500	33963500	35182700	35182700
70	33959800	33959800	35181300	35181300
71	33958100	33958100	35181500	35181500
72	33962600	33962700	35184000	35184000
73	33963500	33963400	35184400	35184400
74	33955800	33955800	35179300	35179300
75	33958700	33958700	35180500	35180500
76	33960000	33960100	35179400	35179400
77	33961800	33961700	35179500	35179500
78	33964300	33964300	35181100	35181100
79	33961800	33961800	35180300	35180300
80	33966200	33966200	35183400	35183400
81	33962100	33962100	35181100	35181100
82	33963600	33963600	35182900	35182900
83	33960700	33960700	35180500	35180500
84	33960800	33960900	35181000	35181000
85	33965500	33965400	35182800	35182800
86	33965800	33965800	35185400	35185400
87	33965800	33965800	35184500	35184500
88	33960300	33960300	35180300	35180300
89	33962800	33962900	35181700	35181700
90	33962400	33962300	35182300	35182300
91	33961500	33961500	35182300	35182300
92	33960900	33961000	35182300	35182300
93	33963600	33963600	35183800	35183800
94	33963200	33963200	35183400	35183400
95	33965100	33965000	35185400	35185400
96	33962200	33962200	35184500	35184500
97	33961600	33961600	35183300	35183300
98	33965500	33965500	35184800	35184800
99	33963100	33963200	35184700	35184700
100	33964200	33964100	35186000	35186000
101	33962600	33962700	35183500	35183500
102	33966500	33966400	35185900	35185900
103	33964400	33964500	35183100	35183100
104	33967100	33967100	35184400	35184400
105	33962000	33962000	35181100	35181100
106	33964400	33964300	35182900	35182900
107	33962200	33962200	35181700	35181700
108	33959700	33959800	35179500	35179500
109	33957700	33957600	35178500	35180300
110	33960500	33960600	35182700	35182700
111	33961400	33961300	35182400	35182400
112	33961300	33961300	35182900	35183000
113	33957700	33957800	35179400	35179300
114	33958000	33957900	35179900	35179800
115	33961100	33961100	35182200	35182300
116	33961300	33961300	35182000	35182000
117	33959500	33959500	35180800	35180800
118	33961700	33961700	35181800	35181800
119	33959600	33959700	35181500	35181500
120	33961900	33961900	35183800	35183800
121	33963300	33963200	35183200	35183200
122	33964700	33964700	35184400	35184400
123	33969100	33969100	35187300	35187300
124	33967100	33967200	35186800	35186800
125	33966100	33966000	35186200	35186200
126	33965900	33965900	35185500	35185500
127	33963700	33963700	35184800	35184800
128	33964300	33964300	35184800	35184800
129	33959700	33959700	35182700	35182700
130	33965900	33966000	35187300	35187300
131	33967700	33967600	35187700	35187700
132	33967500	33967500	35186800	35186800
133	33967900	33967900	35186000	35186000
134	33964800	33964800	35184700	35184700
135	33967400	33967400	35187600	35187600
136	33963900	33963900	35182700	35182700
137	33966900	33966900	35185800	35185800
138	33965800	33965900	35184600	35184600
139	33966100	33966000	35183000	35183000
140	33966800	33966800	35184500	35184500
141	33968500	33968500	35186600	35186600
142	33970700	33970800	35188500	35188500
143	33966600	33966500	35185900	35185900
144	33967800	33967800	35187800	35187800
145	33966700	33966700	35186800	35186800
146	33966500	33966500	35186300	35186300
147	33966800	33966800	35185100	35185100
148	33961900	33961900	35182400	35182400
149	33966900	33966900	35184900	35184900
150	33966100	33966100	35185700	35185600
151	33961700	33961700	35184800	35184900
152	33961200	33961200	35183500	35183500
153	33960300	33960300	35183300	35183300
154	33958800	33958900	35181400	35181400
155	33958900	33958800	35180500	35180500
156	33958200	33958200	35180700	35180700
157	33960100	33960100	35182900	35182900
158	33964400	33964400	35186200	35186100
159	33964600	33964600	35186200	35186300
160	33961100	33961100	35182900	35182900
161	33964500	33964500	35183300	35183300
162	33969800	33969800	35186800	35186800
163	33968300	33968400	35187300	35187300
164	33969900	33969800	35188100	35188100
165	33965200	33965200	35185100	35185100
166	33962500	33962500	35182600	35182600
167	33959500	33959600	35180500	35180500
168	33958400	33958300	35179500	35179700
169	33962000	33962000	35180900	35180900
170	33958600	33958600	35179200	35179200
171	33962700	33962700	35180700	35180600
172	33962100	33962100	35180300	35180600
173	33962300	33962300	35180800	35180800
174	33965500	33965500	35183900	35183900
175	33960700	33960700	35180200	35180200
176	33958000	33958000	35179300	35179300
177	33958500	33958500	35180300	35180300
178	33955000	33955000	35178500	35178500
179	33954600	33954600	35178800	35178700
180	33959000	33959000	35181300	35181400
181	33955000	33955000	35179800	35179800
182	33959000	33959000	35179600	35179600
183	33958400	33958400	35180200	35180200
184	33961100	33961200	35182100	35182100
185	33958500	33958400	35178800	35178800
186	33957900	33958000	35178300	35178300
187	33960300	33960200	35180200	35180200
188	33957300	33957300	35179100	35179100
189	33959300	33959300	35180500	35180700
190	33956500	33956500	35178100	35178100
191	33958400	33958400	35181800	35181800
192	33959100	33959100	35180700	35180600
193	33956900	33956900	35177700	35177800
194	33954600	33954600	35176100	35176100
195	33956700	33956700	35176700	35176700
196	33958200	33958200	35178200	35178200
197	33957700	33957700	35178500	35178500
198	33954700	33954700	35176600	35176600
199	33953700	33953700	35177800	35175000
200	33963600	33963700	35184100	35184100
201	33959700	33959600	35181600	35181600
202	33960000	33960000	35180300	35180300
203	33958600	33958600	35180100	35180100
204	33957100	33957100	35180500	35180500
205	33957400	33957400	35178000	35178000
206	33959200	33959200	35179600	35179600
207	33957800	33957800	35180000	35180000
208	33960300	33960300	35180700	35180700
209	33957000	33957000	35179900	35179900
210	33955000	33955100	35179000	35179000
211	33958500	33958500	35181000	35181000
212	33959800	33959700	35181000	35181000
213	33961800	33961900	35181100	35181100
214	33953900	33953800	35177400	35177400
215	33953200	33953200	35175300	35175300
216	33955400	33955400	35175700	35175700
217	33956500	33956500	35178000	35178000
218	33956700	33956700	35177700	35177700
219	33960700	33960700	35179800	35179800
220	33962600	33962600	35180300	35180300
221	33961500	33961500	35181600	35181600
222	33957000	33957000	35179100	35179100
223	33952000	33952100	35175700	35175700
224	33955500	33955400	35176100	35176100
225	33956800	33956800	35177400	35177400
226	33956300	33956300	35178400	35178300
227	33954200	33954200	35175900	35176000
228	33960100	33960100	35178600	35178600
229	33960200	33960300	35181400	35181400
230	33959400	33959300	35180900	35180900
231	33959700	33959700	35180200	35180200
232	33959200	33959200	35179600	35179600
233	33958600	33958600	35179200	35179100
234	33960400	33960400	35179200	35179300
235	33958400	33958400	35179700	35179700
236	33958200	33958200	35179100	35179100
237	33957300	33957300	35177400	35177400
238	33956200	33956200	35177900	35177900
239	33956600	33956700	35178600	35178600
240	33955800	33955700	35179600	35179600
241	33956400	33956500	35179400	35179400
242	33954100	33954000	35176700	35176700
243	33956400	33956400	35177100	35177100
244	33957500	33957500	35177400	35177400
245	33959100	33959100	35178500	35178500
246	33960600	33960600	35180000	35180000
247	33959000	33959000	35178500	35178500
248	33960600	33960600	35179400	35179400
249	33958000	33958000	35177900	35179500
250	33959000	33959000	35178500	35178500
251	33959300	33959300	35179700	35179700
252	33961600	33961700	35181400	35181400
253	33960600	33960500	35179200	35179200
254	33967200	33967200	35184800	35184800
255	33958800	33958800	35179500	35179500
256	33961300	33961400	35180500	35180500
257	33961700	33961600	35181400	35181400
258	33963500	33963500	35184400	35184400
259	33962900	33962900	35182300	35182300
260	33963400	33963400	35184100	35184100
261	33964700	33964700	35185200	35185200
262	33964800	33964800	35183500	35183500
263	33961900	33961900	35181100	35181100
264	33962000	33962000	35181900	35181900
265	33962400	33962400	35178500	35178500
266	33963200	33963200	35180600	35180600
267	33964400	33964400	35181800	35181800
268	33965000	33965000	35183500	35183500
269	33966600	33966600	35182900	35183000
270	33968000	33968100	35184900	35184800
271	33963800	33963700	35183300	35183300
272	33969500	33969500	35186900	35186900
273	33968400	33968500	35186600	35186600
274	33966300	33966200	35185000	35185000
275	33966200	33966200	35185500	35185500
276	33964000	33964000	35183800	35183900
277	33968600	33968600	35186400	35186300
278	33969300	33969300	35187500	35187500
279	33970800	33970800	35188100	35188100
280	33968200	33968200	35186500	35186500
281	33966900	33966900	35183900	35183900
282	33968700	33968800	35185700	35185700
283	33966300	33966200	35184300	35184300
284	33967500	33967500	35185600	35185600
285	33961400	33961400	35181000	35181000
286	33963700	33963700	35182300	35182300
287	33963100	33963100	35182600	35182600
288	33960700	33960700	35179900	35179900
289	33959900	33960000	35181600	35181600
290	33960200	33960100	35179900	35179900
291	33963300	33963300	35181400	35181300
292	33962700	33962700	35180900	35181000
293	33963100	33963100	35181000	35181000
294	33961400	33961500	35181000	35181000
295	33961300	33961200	35180800	35180800
296	33959400	33959500	35179700	35179700
297	33962400	33962300	35181300	35181300
298	33962600	33962600	35181700	35181700
299	33960200	33960300	35178000	35178000
300	33962200	33962100	35180700	35180700
301	33961500	33961500	35179200	35179200
302	33963800	33963800	35181500	35181500
303	33963800	33963800	35183000	35183000
304	33963700	33963800	35180100	35180100
305	33963600	33963500	35181600	35181600
306	33962300	33962300	35182600	35182600
307	33963300	33963300	35181500	35181500
308	33965600	33965600	35181800	35181800
309	33958000	33958000	35176900	35176900
310	33960300	33960300	35177000	35177000
311	33964100	33964100	35179900	35179900
312	33961100	33961100	35178700	35178700
313	33966300	33966300	35181500	35181500
314	33963400	33963500	35180200	35180200
315	33960900	33960800	35178200	35178200
316	33960900	33960900	35179100	35179100
317	33960800	33960900	35176600	35176600
318	33958900	33958900	35174300	35174300
319	33968200	33968200	35179700	35179700
320	33965400	33965400	35178400	35178400
321	33965600	33965500	35179200	35179200
322	33964500	33964500	35180700	35180800
323	33963700	33963700	35179900	35179800
324	33964200	33964200	35179400	35179400
325	33961700	33961700	35178300	35178300
326	33965700	33965700	35179300	35179300
327	33964500	33964500	35179400	35179400
328	33966800	33966800	35181100	35181100
329	33964300	33964300	35178600	35178600
330	33963500	33963500	35179400	35179400
331	33963500	33963500	35179900	35179900
332	33962700	33962700	35178700	35178700
333	33965400	33965400	35180100	35180100
334	33966100	33966100	35179400	35179400
335	33966400	33966500	35178900	35178900
336	33963900	33963800	35178000	35178000
337	33966000	33966000	35179100	35179100
338	33964000	33964100	35177900	35177900
339	33964500	33964400	35179900	35179900
340	33962700	33962800	35179000	35179000
341	33962800	33962800	35178700	35178700
342	33964100	33964000	35179300	35179300
343	33965100	33965100	35181000	35181000
344	33964700	33964700	35182300	35182300
345	33963000	33963000	35179400	35179400
346	33964000	33964000	35181900	35181900
347	33966600	33966600	35182700	35182700
348	33968100	33968100	35184600	35184600
349	33961600	33961600	35180400	35180400
350	33962400	33962400	35180800	35180800
351	33964600	33964600	35183800	35183800
352	33961100	33961100	35183600	35183600
353	33960700	33960700	35182400	35182400
354	33962900	33962900	35183300	35183300
355	33959800	33959800	35181500	35181500
356	33961100	33961100	35183500	35183500
357	33961700	33961800	35183100	35183100
358	33960400	33960300	35182200	35182200
359	33959400	33959400	35180000	35180000
360	33960500	33960500	35181000	35181000
361	33959000	33959000	35179100	35179100
362	33958100	33958100	35176000	35176000
363	33959200	33959300	35179000	35179000
364	33957900	33957900	35177300	35177300
365	33957000	33956900	35175700	35175700
366	33961700	33961700	35180000	35180000
367	33961300	33961400	35179000	35179000
368	33960500	33960400	35177700	35177700
369	33957500	33957500	35175300	35175300
370	33957000	33957000	35174800	35174500
371	33959700	33959700	35177700	35177700
372	33961700	33961700	35179600	35179600
373	33960100	33960100	35178500	35178500
374	33961000	33961000	35178800	35178800
375	33959300	33959300	35177000	35177000
376	33956900	33956900	35175400	35175400
377	33957300	33957400	35175700	35175700
378	33959700	33959600	35177300	35177300
379	33961600	33961600	35179000	35179000
380	33962400	33962400	35182100	35182000
381	33957500	33957500	35177100	35177200
382	33959300	33959400	35177900	35177900
383	33957100	33957000	35176300	35176300
384	33961800	33961800	35182100	35182100
385	33955900	33955900	35176700	35176700
386	33955900	33955900	35177000	35177000
387	33954300	33954300	35177500	35177500
388	33952700	33952800	35174900	35174900
389	33957400	33957400	35177100	35177100
390	33953500	33953400	35175300	35175300
391	33960500	33960600	35180700	35180700
392	33963000	33963000	35181600	35181600
393	33964900	33964800	35185500	35185500
394	33963400	33963400	35184500	35184500
395	33960200	33960200	35182100	35182100
396	33961800	33961800	35181900	35181900
397	33964400	33964400	35182000	35182000
398	33964800	33964800	35183000	35183000
399	33961100	33961100	35180900	35180900
400	33961400	33961400	35181800	35181800
401	33964200	33964200	35182000	35182000
402	33964800	33964900	35183500	35183500
403	33961100	33961000	35181200	35181200
404	33959700	33959800	35179900	35179900
405	33961200	33961100	35180700	35180700
406	33962000	33962000	35181000	35180900
407	33964000	33964000	35182400	35182500
408	33964200	33964200	35182500	35182500
409	33961700	33961800	35180600	35180600
410	33965600	33965600	35183500	35183500
411	33961900	33961800	35180600	35180600
412	33958900	33958900	35178400	35178400
413	33957100	33957200	35177700	35177700
414	33962800	33962800	35180600	35180600
415	33964600	33964500	35182100	35179100
416	33963000	33963000	35180600	35180500
417	33963000	33963000	35181600	35181700
418	33958400	33958400	35177800	35177800
419	33958000	33958000	35177900	35177900
420	33956800	33956800	35177100	35177100
421	33962500	33962500	35180600	35180600
422	33962900	33962900	35181700	35181700
423	33960400	33960500	35180200	35180200
424	33961600	33961500	35181300	35181300
425	33957500	33957500	35178600	35178600
426	33958400	33958500	35178100	35178100
427	33959400	33959300	35177800	35177800
428	33962800	33962900	35178900	35178900
429	33957500	33957400	35175500	35175500
430	33956100	33956100	35176700	35176700
431	33959400	33959400	35178900	35178900
432	33959400	33959400	35178000	35178000
433	33961200	33961200	35180000	35180100
434	33960500	33960600	35179000	35178900
435	33964800	33964700	35182800	35182800
436	33961300	33961300	35180600	35180600
437	33959400	33959400	35179200	35179200
438	33957800	33957900	35178300	35178300
439	33959400	33959300	35177900	35177900
440	33958200	33958200	35178800	35178800
441	33962600	33962600	35182300	35182300
442	33959100	33959100	35181900	35181900
443	33958900	33958900	35179800	35179800
444	33959500	33959500	35180000	35180000
445	33960600	33960600	35181500	35181500
446	33961300	33961400	35181000	35181000
447	33961300	33961200	35181700	35181700
448	33963100	33963100	35181200	35181200
449	33964600	33964600	35182300	35182300
450	33966100	33966100	35183900	35183900
451	33966300	33966400	35184500	35184500
452	33965100	33965100	35182900	35182900
453	33964700	33964600	35182400	35182400
454	33967400	33967400	35186500	35186500
455	33966900	33966900	35184800	35184800
456	33965700	33965700	35184900	35184900
457	33965400	33965500	35185000	35185000
458	33965600	33965500	35184800	35184800
459	33962600	33962600	35182200	35182200
460	33961000	33961000	35181800	35181800
461	33964100	33964100	35183300	35183300
462	33968600	33968600	35186100	35186100
463	33967100	33967100	35184100	35184100
464	33967200	33967200	35182800	35182800
465	33966400	33966400	35182700	35182700
466	33966200	33966200	35185000	35185000
467	33970300	33970300	35187400	35187400
468	33966500	33966600	35185300	35185300
469	33967000	33966900	35183500	35183500
470	33966000	33966100	35183300	35183300
471	33964000	33963900	35182900	35182900
472	33963300	33963300	35182200	35182200
473	33963900	33963900	35183300	35183300
474	33964400	33964400	35182100	35182100
475	33961600	33961600	35179100	35179100
476	33962500	33962500	35179600	35179600
477	33961800	33961900	35180200	35180200
478	33961900	33961900	35179900	35179900
479	33962900	33962900	35180800	35180800
480	33961100	33961000	35179900	35179900
481	33957600	33957600	35179800	35179800
482	33959100	33959100	35180600	35180600
483	33961500	33961600	35182600	35182600
484	33958100	33958000	35178800	35178800
485	33959200	33959200	35179800	35179800
486	33961200	33961200	35181900	35181900
487	33960200	33960300	35181600	35181600
488	33963100	33963000	35183500	35183500
489	33963300	33963400	35182700	35182700
490	33956800	33956700	35179400	35179300
491	33952300	33952300	35176200	35176300
492	33952500	33952600	35176500	35176500
493	33956900	33956800	35178700	35178700
494	33955900	33955900	35178200	35178200
495	33955800	33955800	35179400	35179400
496	33959500	33959500	35181700	35181700
497	33958300	33958300	35181300	35181300
498	33962600	33962600	35183900	35183900
499	33959300	33959300	35182200	35182200

============================================================
# BITSTREAM: 10ms_5etapas.bit
# VENTANA: 10ms
# ETAPAS_PRINCIPAL: 5
# NUM_MUESTRAS: 500
# FORMATO: idx	freq1_hz	freq2_hz	freq3_hz	freq4_hz
============================================================
idx	freq1_hz	freq2_hz	freq3_hz	freq4_hz
0	33607700	33607700	33607700	33607800
1	33604800	33604800	33604800	33604800
2	33605000	33605000	33605000	33604900
3	33605400	33605400	33605400	33605500
4	33607800	33607800	33601400	33607800
5	33607200	33607200	33607200	33607100
6	33608300	33608400	33608300	33608400
7	33610100	33610000	33610100	33610100
8	33611100	33611100	33611100	33611000
9	33610600	33610600	33611000	33610600
10	33611400	33611400	33611400	33611500
11	33611100	33611100	33611100	33611100
12	33611100	33611100	33611100	33611100
13	33608900	33608900	33608900	33608900
14	33609100	33609100	33609100	33609000
15	33608900	33608900	33608900	33608900
16	33608000	33608000	33608800	33608100
17	33606600	33606600	33606600	33606500
18	33607700	33607700	33607700	33607800
19	33605000	33605100	33605000	33605000
20	33605000	33604900	33605000	33605000
21	33606300	33606300	33606300	33606200
22	33606900	33606900	33606900	33607000
23	33605500	33605500	33605500	33605500
24	33605900	33605900	33605900	33605900
25	33607300	33607400	33607300	33607300
26	33606400	33606300	33606400	33606300
27	33607400	33607400	33607400	33607500
28	33607300	33607400	33607300	33607300
29	33608500	33608400	33608500	33608500
30	33607200	33607200	33607200	33607200
31	33608000	33608000	33607900	33607900
32	33606800	33606800	33606900	33606900
33	33606600	33606600	33606600	33606500
34	33608300	33608300	33608300	33608400
35	33609900	33609900	33609900	33609900
36	33608100	33608100	33608100	33608000
37	33608200	33608200	33608200	33608300
38	33611000	33611000	33611000	33611000
39	33609200	33609200	33609200	33609200
40	33606400	33606400	33606400	33606400
41	33605800	33605800	33605800	33605800
42	33608100	33608100	33608100	33608100
43	33608800	33608800	33608800	33608800
44	33610100	33610100	33610100	33610100
45	33605000	33605000	33605000	33605000
46	33605100	33605100	33605100	33605100
47	33603200	33603300	33603200	33603200
48	33604400	33604300	33604400	33604400
49	33602400	33602400	33602400	33602400
50	33603200	33603200	33603200	33603100
51	33606800	33606800	33606800	33606900
52	33610100	33610100	33610100	33610100
53	33606900	33606900	33606900	33606900
54	33604900	33604900	33604900	33604900
55	33604900	33604900	33604900	33604900
56	33609500	33609500	33609500	33609500
57	33605400	33605400	33605400	33605400
58	33602800	33602800	33602800	33602800
59	33606700	33606700	33606700	33606700
60	33604500	33604500	33604500	33604500
61	33602700	33602700	33602700	33602700
62	33603600	33603600	33603600	33603600
63	33602200	33602200	33602200	33602200
64	33604100	33604100	33604100	33604100
65	33604400	33604400	33604400	33604400
66	33604700	33604700	33604700	33604600
67	33607200	33607200	33607200	33607300
68	33605400	33605400	33605400	33605400
69	33607100	33607100	33607100	33607100
70	33608700	33608700	33608700	33608700
71	33608300	33608300	33608300	33608300
72	33607700	33607800	33607700	33607700
73	33605600	33605500	33605600	33605600
74	33604100	33604100	33604100	33604100
75	33602900	33602900	33602900	33602900
76	33606300	33606300	33606300	33606300
77	33605200	33605200	33605200	33605200
78	33604800	33604800	33604700	33604700
79	33606200	33606200	33606300	33606300
80	33607100	33607100	33607100	33607100
81	33606200	33606200	33606200	33606200
82	33603400	33603400	33603400	33603300
83	33605800	33605800	33605800	33605900
84	33605800	33605800	33605700	33605700
85	33606400	33606400	33606500	33606500
86	33604200	33604200	33604200	33604200
87	33607100	33607100	33607100	33607100
88	33606500	33606500	33606500	33606500
89	33607300	33607300	33607300	33607300
90	33605700	33605800	33605700	33605700
91	33606800	33606800	33606800	33606800
92	33608200	33608100	33608200	33608200
93	33607700	33607700	33607700	33607700
94	33607600	33607600	33607600	33607600
95	33604300	33604300	33604300	33604300
96	33603300	33603300	33603300	33603300
97	33602900	33602900	33602900	33602900
98	33601800	33601800	33601800	33601700
99	33602400	33602400	33602400	33602500
100	33603800	33603800	33603800	33603800
101	33601900	33601900	33601900	33601900
102	33601600	33601600	33601600	33601600
103	33600200	33600200	33600200	33600200
104	33599500	33599500	33588300	33599500
105	33599500	33599500	33599400	33599400
106	33602500	33602500	33602600	33602600
107	33601100	33601100	33601000	33601000
108	33600700	33600700	33600800	33600800
109	33604200	33604200	33604200	33604200
110	33604900	33604900	33604900	33604900
111	33606700	33606700	33606700	33606600
112	33606200	33606200	33606200	33606300
113	33605300	33605300	33605300	33605300
114	33607200	33607200	33607200	33607200
115	33605000	33605000	33605000	33605000
116	33603900	33603900	33603900	33603900
117	33606500	33606600	33606500	33606500
118	33607600	33607500	33607600	33607600
119	33607200	33607200	33607200	33607200
120	33607500	33607500	33607500	33607400
121	33604100	33604100	33604100	33604200
122	33610200	33607000	33607000	33607000
123	33605400	33605400	33605400	33605400
124	33604900	33604800	33604900	33604900
125	33607000	33607000	33607000	33607000
126	33604700	33604700	33604700	33604600
127	33606500	33606500	33606500	33606500
128	33606600	33606600	33606600	33606600
129	33605300	33605300	33605300	33605400
130	33606600	33606600	33606600	33606600
131	33607100	33607100	33607100	33607100
132	33610000	33610000	33610000	33609900
133	33610400	33610400	33610400	33610500
134	33610700	33610700	33610700	33610700
135	33610900	33610900	33610900	33610900
136	33608100	33608100	33608100	33608100
137	33610700	33610700	33610700	33610700
138	33610400	33610700	33610400	33610400
139	33609400	33609400	33609400	33609400
140	33607500	33607500	33607500	33607500
141	33606600	33606600	33606600	33606600
142	33607600	33607600	33607600	33607500
143	33607100	33607100	33607100	33607200
144	33607100	33607100	33607100	33607100
145	33606200	33606200	33606200	33606200
146	33606800	33606800	33606800	33606800
147	33607100	33607100	33607100	33607000
148	33605000	33605000	33605000	33605100
149	33605000	33605000	33605000	33605000
150	33606500	33606500	33606500	33606500
151	33609400	33609400	33609400	33609300
152	33609300	33609300	33609300	33609400
153	33609400	33609400	33609400	33609400
154	33607800	33607800	33607800	33607700
155	33607500	33607500	33607500	33607600
156	33610300	33610300	33607500	33610300
157	33609700	33609700	33609700	33609700
158	33607400	33607500	33607400	33607400
159	33607400	33607300	33607400	33607300
160	33605100	33605100	33605100	33605200
161	33607200	33607200	33607200	33607200
162	33610600	33610600	33610600	33610500
163	33610600	33610600	33610600	33610700
164	33609900	33609900	33609900	33609900
165	33607900	33607900	33607900	33607900
166	33605800	33605800	33605800	33605700
167	33606300	33606300	33606300	33606300
168	33609300	33609300	33609300	33609400
169	33608600	33608600	33608600	33608600
170	33607500	33607500	33608600	33607400
171	33607500	33607500	33607500	33607600
172	33606000	33606000	33607400	33606000
173	33610000	33610000	33610000	33610000
174	33607100	33607200	33607100	33607100
175	33608100	33608000	33608100	33608100
176	33607900	33607900	33607900	33607900
177	33605600	33605600	33605600	33605600
178	33608700	33608700	33608700	33608700
179	33608200	33608300	33608200	33608200
180	33606200	33606100	33606200	33606200
181	33608300	33608300	33608300	33608200
182	33608200	33608200	33608200	33608300
183	33607100	33607100	33608300	33607100
184	33606100	33606100	33606100	33606100
185	33604300	33604300	33604300	33604300
186	33604800	33604800	33604800	33604800
187	33603800	33603800	33603800	33603800
188	33602900	33602900	33602900	33602900
189	33605100	33605200	33605100	33605100
190	33602900	33602800	33602900	33602900
191	33603100	33603100	33603100	33603100
192	33602200	33602200	33602200	33602200
193	33604600	33604600	33604600	33604600
194	33602700	33602700	33602700	33602700
195	33601300	33601300	33601300	33601300
196	33601600	33601600	33601600	33601600
197	33602800	33602800	33602800	33602800
198	33601200	33601200	33601200	33601200
199	33602200	33602200	33602200	33602100
200	33603100	33603100	33603100	33603200
201	33601400	33601400	33603000	33601400
202	33604400	33604400	33601400	33604400
203	33605100	33605100	33605100	33605000
204	33601500	33601500	33601500	33601600
205	33601000	33601000	33601000	33601000
206	33602600	33602600	33602600	33602600
207	33605400	33605400	33605400	33605400
208	33603700	33603700	33603700	33603700
209	33603900	33603900	33603900	33603900
210	33605100	33605100	33605100	33605100
211	33607000	33607000	33607000	33607000
212	33606600	33606600	33606600	33606600
213	33605900	33605900	33605900	33605900
214	33606200	33606200	33606200	33606200
215	33607600	33607700	33607600	33607600
216	33605600	33605500	33605600	33605600
217	33602800	33602800	33606000	33602700
218	33604900	33604900	33604900	33605000
219	33605600	33605600	33605500	33605500
220	33606300	33606300	33606400	33606400
221	33605500	33605500	33605500	33605400
222	33606300	33606300	33606300	33606400
223	33607800	33607800	33607800	33607800
224	33606500	33606500	33606500	33606500
225	33608900	33608900	33608900	33608900
226	33607600	33607600	33607600	33607600
227	33610100	33610100	33610100	33610100
228	33607200	33607200	33607200	33607100
229	33607400	33607400	33607400	33607500
230	33609200	33609200	33609200	33609200
231	33605800	33605800	33605800	33605800
232	33608200	33608200	33608200	33608200
233	33608600	33608600	33608600	33608600
234	33607100	33607100	33607100	33607000
235	33608100	33608100	33608100	33608200
236	33607200	33607200	33607200	33607200
237	33604700	33604700	33604700	33604700
238	33606100	33606100	33606100	33606100
239	33606400	33606400	33606400	33606400
240	33607800	33607800	33607800	33607800
241	33608200	33608200	33608200	33608200
242	33608500	33608500	33608300	33608500
243	33607700	33607700	33607700	33607700
244	33606500	33606500	33606500	33606500
245	33607000	33607000	33607000	33607000
246	33607800	33607800	33607800	33607700
247	33608300	33608300	33608300	33608400
248	33606300	33606300	33606300	33606200
249	33604300	33604300	33605900	33604300
250	33605500	33605500	33605500	33605500
251	33608200	33608200	33608100	33608200
252	33605400	33605400	33605500	33605400
253	33608200	33608200	33608200	33608300
254	33605800	33605800	33605800	33605800
255	33607300	33607300	33607300	33607300
256	33607300	33607300	33607300	33607300
257	33609600	33609600	33609600	33609600
258	33609300	33609300	33609700	33609300
259	33610600	33610600	33610600	33610600
260	33610300	33610300	33610300	33610300
261	33609900	33609900	33609900	33609900
262	33610700	33610700	33610700	33610700
263	33608400	33608500	33608400	33608400
264	33606900	33606800	33606900	33606900
265	33609000	33609000	33608900	33608900
266	33605100	33605100	33605200	33605200
267	33608200	33608200	33608200	33608100
268	33608000	33608000	33608000	33608100
269	33609300	33609300	33609300	33609300
270	33611100	33611100	33611100	33611000
271	33610800	33610800	33610800	33610900
272	33610200	33610200	33610200	33610200
273	33608000	33608000	33608000	33608000
274	33609500	33609500	33609500	33609400
275	33608200	33608200	33608200	33608300
276	33607600	33607600	33607600	33607600
277	33609700	33609700	33609700	33609700
278	33608000	33608000	33608000	33608000
279	33607400	33607400	33607400	33607400
280	33606600	33606600	33606600	33606600
281	33607100	33607100	33607100	33607100
282	33604900	33604900	33604900	33604900
283	33607000	33607000	33607000	33607000
284	33605900	33605900	33605900	33605900
285	33607400	33607400	33607400	33607400
286	33606300	33606300	33606300	33606300
287	33604400	33604400	33604400	33604400
288	33606800	33606800	33606800	33606800
289	33604300	33604300	33604300	33604300
290	33604500	33604500	33604500	33604500
291	33604000	33604000	33604000	33604000
292	33606800	33606800	33606800	33606800
293	33603300	33603300	33603300	33603300
294	33605100	33605100	33605100	33605100
295	33605200	33605200	33605000	33605200
296	33606500	33606500	33606500	33606500
297	33610900	33610900	33610900	33610900
298	33608400	33608400	33608400	33608400
299	33604600	33607600	33604600	33604600
300	33606000	33606000	33606000	33605900
301	33606700	33606700	33606700	33606800
302	33603800	33603800	33603800	33603700
303	33604100	33604100	33604100	33604200
304	33606700	33606700	33606700	33606700
305	33606400	33606400	33606400	33606400
306	33608800	33608800	33608800	33608800
307	33607200	33607200	33607200	33607200
308	33603500	33603500	33606700	33603400
309	33605500	33605500	33605500	33605600
310	33603200	33603200	33603200	33603200
311	33605100	33605100	33605100	33605100
312	33605100	33605100	33605100	33605000
313	33604300	33604300	33604300	33604400
314	33604300	33604300	33604300	33604300
315	33605200	33605200	33605200	33605200
316	33602500	33602500	33602500	33602500
317	33605500	33605500	33605500	33605500
318	33608400	33608400	33608400	33608400
319	33606000	33606000	33606000	33606000
320	33607100	33607100	33607100	33607100
321	33607500	33607500	33607500	33607500
322	33609800	33609800	33609800	33609800
323	33610200	33610200	33610200	33610200
324	33607900	33607900	33607900	33607900
325	33607700	33607700	33607700	33607700
326	33606000	33606000	33606000	33605900
327	33606600	33606600	33606600	33606700
328	33608300	33608300	33608300	33608300
329	33605700	33605700	33605700	33605700
330	33608700	33608700	33608700	33608600
331	33606900	33606900	33606900	33607000
332	33607700	33607700	33607700	33607700
333	33610700	33610700	33610700	33610700
334	33611200	33611200	33611200	33611200
335	33609800	33609800	33609800	33609800
336	33609400	33609400	33609400	33609400
337	33610200	33610300	33610200	33610200
338	33610900	33610800	33610900	33610900
339	33610500	33610500	33610500	33610500
340	33610500	33610500	33610500	33610500
341	33610000	33610000	33610000	33610000
342	33612000	33608800	33608800	33608800
343	33610600	33610600	33610600	33610500
344	33607800	33607800	33607800	33607900
345	33610100	33610100	33607900	33610100
346	33609100	33609100	33609100	33609100
347	33607400	33607500	33607400	33607400
348	33605900	33605900	33605900	33605900
349	33606600	33606600	33606600	33606600
350	33608800	33608800	33608800	33608800
351	33606400	33606400	33606400	33606400
352	33609000	33609000	33609000	33609000
353	33608400	33608300	33608400	33608400
354	33608400	33608400	33608400	33608400
355	33610300	33610300	33610300	33610300
356	33610700	33610700	33610700	33610700
357	33612000	33612000	33610600	33611900
358	33612000	33612000	33612000	33612100
359	33609400	33609400	33609400	33609400
360	33611400	33611400	33611400	33611400
361	33610500	33610500	33610500	33610500
362	33609100	33609100	33609100	33609100
363	33610300	33610300	33610300	33610300
364	33607800	33607800	33607800	33607800
365	33609300	33609300	33609300	33609300
366	33611000	33611000	33611000	33611000
367	33610800	33610800	33610800	33610800
368	33610300	33610300	33610100	33610300
369	33612400	33612400	33612400	33612400
370	33607800	33607800	33607800	33607800
371	33609300	33609300	33609300	33609300
372	33609500	33609500	33609500	33609500
373	33609300	33612500	33612500	33612500
374	33613400	33613400	33613400	33613400
375	33611500	33611500	33611500	33611500
376	33608000	33608000	33607900	33607900
377	33609900	33606800	33610000	33610000
378	33608200	33608100	33608200	33608200
379	33608000	33608000	33608000	33607900
380	33608100	33608100	33608100	33608100
381	33607000	33607000	33607000	33607100
382	33610000	33610000	33610000	33610000
383	33610100	33610100	33610100	33610100
384	33606900	33606900	33606900	33606900
385	33608400	33608400	33608400	33608400
386	33610800	33610800	33610800	33610800
387	33611500	33611500	33611500	33611500
388	33610800	33610800	33610800	33610800
389	33609700	33609800	33609700	33609700
390	33610000	33609900	33610000	33610000
391	33609900	33609900	33609900	33609900
392	33609000	33609000	33609000	33609000
393	33606500	33606500	33606500	33606500
394	33602700	33602700	33602700	33609100
395	33605100	33605100	33605100	33605100
396	33604300	33604300	33604300	33604200
397	33606000	33606000	33606000	33606100
398	33604500	33604500	33604500	33604500
399	33605900	33606000	33605900	33605900
400	33605100	33605100	33605100	33605100
401	33604700	33604600	33604700	33604700
402	33604900	33604900	33604900	33604900
403	33604500	33604500	33604500	33604500
404	33605100	33605100	33605100	33605100
405	33607800	33607800	33607800	33607800
406	33607200	33607200	33607200	33607200
407	33608300	33608300	33608300	33608300
408	33607800	33607800	33607800	33607700
409	33608000	33608000	33608000	33608100
410	33607400	33607400	33607400	33607400
411	33609100	33609100	33609100	33609100
412	33610800	33610800	33610800	33610800
413	33610800	33610800	33610800	33610800
414	33609900	33609900	33609900	33609800
415	33609700	33609700	33609700	33609800
416	33610300	33610300	33610300	33610300
417	33610300	33610300	33610300	33610200
418	33609900	33609900	33609900	33610000
419	33606900	33606900	33606900	33606800
420	33605500	33605500	33605500	33605600
421	33607000	33607000	33603800	33607000
422	33608500	33608500	33608500	33608400
423	33608300	33608300	33608300	33608400
424	33608400	33608400	33608400	33608300
425	33609600	33609600	33609600	33609600
426	33611100	33611100	33611100	33611200
427	33608700	33608700	33608700	33608700
428	33610900	33610900	33610900	33610900
429	33609400	33609400	33609400	33609400
430	33607300	33607300	33607300	33607300
431	33607000	33607100	33607000	33607000
432	33605500	33605400	33605500	33605500
433	33606400	33606400	33606400	33606400
434	33605200	33605300	33605200	33605200
435	33604200	33604100	33604200	33604200
436	33608700	33608700	33608700	33608700
437	33606100	33606100	33606100	33606100
438	33605700	33605700	33605700	33605700
439	33606000	33606000	33606000	33606000
440	33609200	33609200	33609200	33609200
441	33607600	33607700	33607600	33607600
442	33607800	33607700	33607800	33607800
443	33606300	33606300	33606300	33606300
444	33603600	33603600	33603600	33603600
445	33604900	33604900	33604900	33604800
446	33604600	33604700	33604600	33604700
447	33604100	33604000	33604100	33604100
448	33603100	33603100	33603100	33603100
449	33604500	33604500	33604500	33604500
450	33605700	33605700	33605700	33605700
451	33605600	33605600	33605600	33605500
452	33605700	33605700	33605700	33605700
453	33609100	33609100	33609100	33609200
454	33605000	33605000	33605000	33605000
455	33604300	33604300	33604300	33604200
456	33600400	33600400	33600400	33600400
457	33602400	33602500	33602400	33602500
458	33601900	33601800	33601900	33601900
459	33600700	33601000	33600700	33600700
460	33599600	33599500	33599600	33599500
461	33601900	33601900	33601900	33601900
462	33603300	33603300	33603300	33603400
463	33603600	33603600	33603600	33603600
464	33605200	33605200	33605200	33605100
465	33605500	33605600	33605500	33605600
466	33606100	33606000	33606100	33606100
467	33607700	33607700	33607700	33607700
468	33608100	33608200	33608100	33608100
469	33606000	33605900	33606000	33605900
470	33606900	33606900	33606900	33607000
471	33608900	33608900	33608900	33608900
472	33607300	33607300	33607300	33607300
473	33608300	33608300	33608300	33608300
474	33607100	33607100	33607100	33607100
475	33606700	33606700	33606700	33606700
476	33606000	33606000	33606000	33606000
477	33605700	33605700	33605700	33605700
478	33606200	33606200	33606200	33606200
479	33605300	33605300	33606300	33605200
480	33606600	33606700	33606600	33606700
481	33607400	33607300	33607400	33607400
482	33606200	33606200	33606200	33606200
483	33605600	33605600	33605600	33605600
484	33602900	33602900	33602900	33602900
485	33604200	33604200	33604100	33604100
486	33602300	33602300	33604000	33602400
487	33606000	33606000	33606000	33606000
488	33604900	33604900	33604900	33604900
489	33603100	33603100	33603100	33603100
490	33605300	33605300	33605300	33605300
491	33606300	33606300	33606300	33606300
492	33606600	33606600	33603400	33606500
493	33605400	33605500	33605400	33605500
494	33604900	33604800	33604900	33604800
495	33604600	33604600	33604600	33604700
496	33602300	33602300	33602300	33602200
497	33606400	33606400	33606400	33606500
498	33605700	33605700	33605700	33605700
499	33605000	33605000	33605000	33605000

============================================================
# BITSTREAM: 10ms_51etapas.bit
# VENTANA: 10ms
# ETAPAS_PRINCIPAL: 51
# NUM_MUESTRAS: 500
# FORMATO: idx	freq1_hz	freq2_hz	freq3_hz	freq4_hz
============================================================
idx	freq1_hz	freq2_hz	freq3_hz	freq4_hz
0	13530300	13908400	12599500	11755100
1	13530200	13908700	12599300	11759000
2	13530000	13907100	12599000	11756600
3	13529700	13907700	12597900	11758100
4	13531300	13908200	12600300	11760000
5	13530500	13906900	12599400	11758800
6	13530000	13908000	12598600	11758700
7	13530000	13908400	12598500	11754400
8	13530700	13909200	12599600	11758800
9	13531000	13907900	12599500	11756600
10	13530700	13905100	12599300	11756600
11	13529800	13903600	12597600	11757700
12	13529100	13905700	12598700	11756700
13	13530500	13903700	12597800	11754500
14	13530500	13906400	12599000	11755900
15	13529700	13904000	12597400	11756200
16	13529900	13903600	12596600	11753600
17	13529700	13905700	12598500	11756600
18	13530100	13903200	12597300	11754600
19	13528700	13904000	12597300	11752900
20	13529700	13903700	12596500	11753400
21	13531000	13907200	12599300	11756500
22	13530700	13904800	12598300	11753800
23	13530800	13904200	12597900	11757900
24	13530800	13905100	12597600	11753700
25	13530700	13903800	12598100	11758100
26	13530900	13904200	12599000	11757700
27	13530500	13905100	12597500	11753800
28	13530800	13903900	12598100	11758200
29	13530600	13904900	12598700	11755400
30	13530800	13904800	12597700	11756700
31	13530800	13904500	12597600	11757700
32	13530500	13905900	12597800	11757000
33	13531000	13903900	12598500	11758300
34	13530300	13906100	12598900	11755400
35	13530300	13904000	12597200	11755800
36	13530600	13905100	12597800	11754400
37	13531300	13904600	12598500	11758600
38	13530700	13903300	12598500	11758400
39	13530400	13906000	12599100	11758200
40	13529900	13904000	12597000	11752800
41	13529900	13903800	12596300	11753800
42	13530800	13904100	12598900	11757500
43	13530900	13904200	12597900	11758000
44	13530900	13905800	12597800	11754400
45	13531100	13905000	12598300	11757700
46	13531500	13906800	12598100	11757600
47	13531100	13904700	12597800	11753900
48	13531200	13904700	12597800	11754600
49	13531500	13905000	12598500	11754600
50	13531400	13906300	12597700	11757400
51	13530500	13903900	12597500	11756400
52	13531600	13906200	12599400	11757000
53	13530600	13903700	12597600	11755200
54	13530600	13906900	12598700	11756600
55	13530500	13906500	12597800	11758000
56	13530300	13906500	12597700	11754100
57	13530000	13906300	12597600	11753900
58	13530700	13904800	12598600	11756300
59	13529500	13904200	12597400	11757600
60	13530600	13905400	12597500	11754400
61	13530500	13906000	12598200	11758300
62	13529600	13903600	12596900	11752300
63	13530400	13907200	12599600	11758000
64	13529500	13905300	12598000	11754500
65	13529800	13904700	12597500	11757700
66	13530100	13904900	12597800	11755200
67	13529700	13904600	12597100	11757100
68	13529800	13902600	12597700	11757800
69	13529300	13906000	12598500	11756700
70	13529800	13905000	12597400	11752900
71	13530100	13906700	12597800	11756800
72	13530700	13905100	12598400	11754700
73	13531100	13904500	12598400	11758400
74	13531400	13906300	12598400	11757100
75	13531100	13904200	12598100	11755600
76	13530500	13905600	12597400	11754300
77	13529900	13905600	12597300	11757500
78	13529800	13906000	12597500	11757600
79	13530500	13905100	12597500	11753800
80	13531700	13905100	12598800	11758700
81	13531700	13904900	12598500	11758700
82	13531300	13905200	12597700	11757600
83	13530600	13907100	12598100	11757600
84	13530200	13906200	12598100	11758200
85	13530800	13903900	12597800	11754900
86	13531300	13906900	12599300	11757100
87	13531000	13907600	12598800	11758900
88	13530800	13903900	12598800	11758600
89	13531300	13906700	12599400	11756500
90	13531700	13905800	12598700	11755200
91	13531200	13904500	12598300	11756800
92	13530200	13904600	12597400	11757100
93	13530400	13903000	12598000	11758100
94	13531800	13904500	12600000	11759600
95	13530300	13905100	12597600	11756900
96	13531600	13904800	12595500	11758700
97	13530900	13905000	12597900	11758000
98	13529800	13906000	12597100	11756900
99	13530200	13904900	12597200	11753600
100	13530900	13905200	12597500	11757400
101	13530400	13906700	12597200	11757100
102	13530800	13904600	12597600	11754900
103	13529500	13902300	12597200	11757300
104	13531500	13906600	12599200	11758000
105	13531100	13905900	12597800	11757200
106	13532100	13905200	12599500	11759500
107	13530700	13907300	12597900	11757600
108	13529900	13902600	12598600	11754300
109	13529700	13904900	12598300	11756600
110	13530400	13904900	12598000	11757000
111	13530100	13904600	12598000	11757000
112	13530400	13902900	12598800	11758500
113	13529800	13904400	12599000	11754100
114	13529900	13902800	12597600	11756500
115	13529500	13906600	12599200	11756600
116	13530000	13905600	12598100	11756400
117	13530200	13905900	12598100	11758200
118	13530700	13903500	12599100	11759100
119	13530900	13905600	12599900	11759000
120	13530100	13906400	12598400	11758500
121	13530900	13906000	12598500	11757500
122	13531400	13905700	12598500	11754300
123	13530900	13904300	12597600	11755500
124	13529700	13903800	12597200	11757400
125	13530800	13905100	12599100	11758400
126	13530800	13904100	12598200	11758200
127	13529400	13904100	12596800	11757000
128	13529400	13904900	12597200	11757400
129	13528500	13902600	12596100	11755900
130	13529100	13904400	12597400	11757200
131	13529200	13902400	12596400	11756500
132	13528800	13902600	12597000	11753900
133	13528500	13904100	12597200	11756600
134	13529800	13906300	12597300	11757400
135	13529500	13903000	12596800	11755900
136	13528600	13901100	12597600	11757600
137	13528900	13902600	12597800	11754200
138	13528500	13904000	12597300	11756000
139	13528300	13903200	12595800	11753300
140	13528200	13905200	12597300	11753200
141	13528200	13905400	12596300	11755900
142	13529000	13904800	12597300	11757600
143	13529000	13903300	12596400	11756600
144	13528200	13904200	12597500	11756900
145	13527700	13903300	12596000	11753200
146	13528300	13904000	12597400	11756900
147	13528100	13903100	12595700	11753900
148	13529600	13902100	12598200	11758400
149	13529100	13906100	12597600	11753400
150	13529600	13904400	12596900	11756800
151	13529600	13902900	12596700	11757000
152	13528100	13903400	12597200	11753500
153	13527900	13904000	12596800	11753100
154	13528300	13903400	12595700	11753500
155	13528600	13904400	12597200	11752900
156	13529200	13902400	12596200	11756100
157	13528800	13903300	12597300	11754200
158	13529300	13905500	12597800	11750900
159	13529300	13903700	12597000	11754200
160	13529300	13906200	12598100	11756100
161	13528700	13901600	12596100	11753500
162	13528800	13906900	12597600	11754300
163	13528600	13905800	12596700	11756900
164	13529000	13902800	12596800	11756500
165	13527900	13904900	12597200	11755700
166	13529100	13904400	12596500	11756300
167	13529600	13902900	12596500	11756500
168	13529200	13904200	12597600	11753500
169	13529800	13905700	12596500	11754300
170	13530500	13904500	12597200	11755800
171	13529800	13905800	12596900	11757100
172	13530600	13904700	12597200	11757100
173	13530400	13905500	12597400	11754900
174	13529900	13905400	12597400	11754600
175	13529500	13906700	12597500	11757600
176	13529400	13904600	12596800	11754600
177	13529700	13902600	12597400	11757500
178	13528600	13905200	12597300	11756800
179	13529500	13907300	12597200	11757000
180	13530100	13903200	12598200	11754700
181	13529000	13906000	12597600	11753800
182	13529000	13903800	12596600	11752400
183	13528400	13903800	12597500	11757100
184	13527200	13902600	12597300	11756200
185	13527400	13903900	12597200	11756400
186	13525900	13901600	12596100	11754000
187	13525600	13902700	12595300	11752600
188	13527000	13900100	12596800	11752300
189	13527100	13904200	12595600	11752400
190	13527500	13902800	12595800	11753000
191	13527900	13903700	12597300	11755200
192	13527100	13903100	12597000	11756300
193	13527700	13900100	12597600	11757800
194	13527800	13904600	12596100	11753000
195	13526500	13898900	12595300	11755500
196	13526700	13903800	12595000	11754900
197	13528000	13902100	12597000	11756300
198	13527300	13904500	12596500	11752100
199	13527500	13902500	12595600	11755000
200	13527400	13903900	12596400	11755400
201	13527600	13902200	12596200	11754300
202	13528100	13901000	12596800	11753500
203	13528400	13903300	12597400	11755100
204	13528800	13904600	12597600	11756400
205	13528400	13901000	12596400	11756500
206	13528400	13903200	12597400	11756000
207	13527900	13904800	12596900	11752700
208	13528700	13902800	12596300	11756600
209	13528400	13904700	12597600	11756100
210	13529900	13903400	12597500	11754200
211	13528400	13903800	12597100	11752400
212	13528200	13902000	12597400	11756100
213	13528500	13902600	12597300	11757300
214	13528300	13902900	12596800	11755500
215	13528200	13901500	12596400	11752300
216	13528800	13901300	12597500	11756700
217	13529400	13904000	12598100	11758200
218	13528500	13903200	12595700	11753300
219	13528800	13905800	12597200	11753400
220	13529100	13902900	12596400	11755700
221	13529100	13904300	12597700	11753200
222	13529400	13903800	12597200	11751000
223	13529000	13903500	12597700	11756100
224	13529900	13905200	12598700	11751800
225	13528800	13906000	12596300	11755900
226	13529400	13904000	12596600	11753000
227	13529800	13904400	12596200	11753800
228	13529600	13902700	12596800	11756000
229	13529200	13902300	12597800	11753400
230	13529100	13904800	12597600	11756100
231	13529400	13903400	12596400	11756700
232	13529400	13904800	12597800	11753200
233	13529200	13903500	12596300	11756500
234	13528900	13903100	12597800	11757700
235	13529200	13901800	12598100	11758200
236	13529400	13905900	12598500	11758600
237	13530400	13903500	12597900	11757900
238	13529900	13904300	12598400	11758000
239	13529500	13903300	12596900	11757100
240	13529000	13904800	12597500	11756400
241	13529600	13903400	12597000	11757200
242	13528700	13904300	12597600	11752800
243	13529200	13902800	12597000	11757200
244	13528900	13905400	12597800	11756300
245	13528900	13904000	12597400	11757500
246	13529000	13903200	12596300	11752500
247	13529600	13906300	12598400	11753400
248	13530000	13902900	12597700	11754600
249	13529500	13902800	12597800	11752400
250	13528500	13905100	12597700	11755600
251	13529600	13902600	12597700	11757500
252	13528800	13903600	12597600	11755800
253	13528900	13904600	12598000	11755900
254	13528500	13900800	12597100	11756800
255	13529100	13902100	12596600	11752900
256	13528900	13905800	12597200	11752600
257	13530200	13903500	12597000	11756500
258	13530300	13905100	12598700	11758300
259	13530900	13904100	12597900	11757900
260	13530300	13905700	12597200	11757000
261	13529200	13902300	12596400	11754300
262	13529700	13905500	12598600	11756800
263	13529900	13903500	12597300	11754400
264	13529800	13903800	12598100	11757600
265	13529500	13903100	12598700	11757600
266	13530000	13902500	12598900	11758900
267	13530300	13906000	12598300	11757300
268	13529700	13903400	12596800	11752700
269	13529400	13903700	12597900	11753100
270	13528800	13904100	12598100	11754900
271	13528800	13904100	12596800	11757000
272	13529100	13904500	12597100	11757300
273	13529000	13903600	12596800	11755600
274	13529100	13905400	12598100	11756700
275	13529600	13905000	12597500	11757600
276	13529400	13905000	12597000	11756900
277	13530000	13905900	12597600	11756800
278	13530500	13903400	12598400	11758300
279	13530200	13905900	12598800	11753900
280	13530500	13903400	12598300	11751900
281	13529800	13906100	12598600	11753600
282	13530400	13905100	12597800	11756700
283	13530900	13904300	12598500	11758300
284	13530800	13905000	12598600	11758600
285	13529800	13905700	12601000	11756700
286	13530400	13903900	12597800	11755000
287	13530000	13905200	12599000	11755900
288	13529700	13906200	12597500	11756800
289	13529900	13902900	12597600	11754400
290	13528700	13902800	12597700	11753000
291	13529200	13905800	12598200	11756300
292	13529800	13903700	12597900	11756800
293	13530000	13906400	12599100	11756600
294	13530200	13905200	12597900	11756800
295	13530100	13907000	12597500	11756800
296	13529500	13903000	12596900	11753400
297	13529400	13902200	12598400	11758000
298	13530300	13903200	12598600	11755100
299	13530100	13906900	12598500	11753800
300	13530100	13907000	12598500	11758500
301	13529700	13902900	12597200	11753000
302	13529700	13904600	12598000	11754200
303	13530300	13903400	12597500	11757600
304	13530200	13906300	12598100	11754300
305	13531300	13904900	12597900	11756000
306	13530000	13904200	12596300	11756300
307	13530500	13904900	12596600	11754000
308	13531000	13905100	12597000	11756900
309	13530500	13903800	12597300	11757400
310	13530600	13904100	12598000	11757200
311	13530400	13906100	12597300	11757500
312	13529500	13903500	12596400	11756000
313	13530000	13904100	12597700	11757800
314	13530100	13905700	12597000	11757200
315	13529900	13903200	12596700	11755300
316	13530800	13906900	12598000	11754500
317	13530000	13906200	12597100	11757200
318	13529500	13902600	12596600	11754900
319	13529700	13904500	12597500	11757400
320	13528900	13903800	12596400	11756200
321	13529200	13903100	12597800	11757400
322	13529700	13902200	12598300	11758300
323	13529000	13901900	12597200	11754800
324	13529600	13902900	12597300	11753700
325	13529300	13903000	12597200	11753200
326	13527900	13900400	12596600	11756700
327	13528400	13903600	12595800	11752800
328	13528100	13904800	12597500	11756000
329	13528500	13902800	12595900	11756200
330	13529100	13906300	12598000	11757100
331	13528200	13901400	12596000	11754600
332	13528500	13901500	12597000	11753100
333	13527900	13899900	12596800	11756700
334	13528300	13903200	12596100	11755500
335	13527000	13902300	12595300	11752000
336	13528700	13903300	12596800	11756300
337	13529100	13903800	12597100	11757000
338	13529300	13902700	12597300	11756800
339	13528400	13900900	12597000	11752900
340	13527100	13901600	12596200	11753200
341	13526800	13903600	12595700	11753100
342	13527300	13903300	12596700	11755600
343	13528100	13903700	12596800	11756200
344	13528400	13904400	12597300	11754800
345	13528000	13901000	12595300	11755200
346	13528400	13902600	12596600	11755700
347	13529400	13904300	12597200	11756200
348	13530300	13903800	12597000	11757200
349	13529700	13903000	12597400	11757000
350	13528000	13900700	12596800	11756900
351	13528400	13903800	12595900	11756200
352	13528800	13902900	12597300	11756700
353	13527800	13901600	12596000	11752100
354	13528400	13905100	12596300	11754000
355	13528400	13901500	12595700	11755900
356	13528400	13900900	12597100	11756600
357	13528200	13902100	12596200	11753200
358	13528500	13904600	12596500	11752300
359	13528500	13900500	12596100	11756300
360	13530100	13906100	12597100	11757300
361	13529500	13903000	12596200	11755200
362	13529400	13902000	12597700	11757300
363	13529100	13903400	12597700	11757700
364	13529000	13904700	12597500	11753000
365	13529500	13903200	12596600	11753800
366	13528500	13904800	12597100	11753200
367	13528700	13902900	12595900	11756100
368	13529500	13904000	12597700	11752800
369	13529800	13904200	12596300	11753300
370	13530200	13905100	12596600	11753300
371	13530600	13903900	12597300	11757500
372	13529700	13904600	12598000	11755100
373	13529400	13901700	12596800	11756800
374	13529900	13903800	12597700	11754400
375	13529800	13903300	12597500	11756300
376	13530400	13905500	12598000	11757100
377	13531000	13904400	12597800	11754300
378	13529800	13902600	12596600	11755500
379	13530700	13904600	12598100	11756000
380	13530400	13902800	12598000	11757600
381	13530700	13906200	12599000	11756800
382	13530800	13903800	12598200	11754500
383	13531200	13904400	12599300	11757200
384	13530600	13903200	12597500	11756600
385	13530000	13905500	12598000	11753600
386	13531100	13904400	12598100	11754600
387	13528700	13901800	12595800	11755600
388	13530200	13905500	12598400	11758500
389	13531600	13905200	12598200	11755200
390	13531000	13907000	12597600	11756800
391	13530700	13904000	12597200	11753500
392	13530200	13904000	12596400	11753800
393	13530400	13904100	12596100	11754000
394	13530400	13905200	12597100	11757400
395	13529800	13905200	12596600	11756100
396	13530500	13905700	12596800	11756300
397	13531000	13904300	12597300	11754900
398	13530600	13904000	12597400	11757600
399	13531100	13904800	12596700	11753700
400	13531300	13905000	12597400	11757500
401	13531600	13905500	12597300	11756600
402	13531700	13905200	12598100	11755000
403	13530800	13906200	12596800	11756500
404	13530500	13903500	12597300	11754500
405	13531000	13904600	12598400	11758200
406	13531700	13903500	12598400	11758500
407	13532000	13906000	12599300	11759100
408	13532000	13905500	12598100	11754200
409	13532500	13906000	12599000	11756000
410	13531800	13905800	12598400	11754300
411	13531000	13904300	12597900	11757500
412	13532200	13905600	12598800	11758800
413	13532100	13907700	12598900	11759000
414	13531000	13905600	12598700	11758700
415	13531300	13906100	12597200	11757400
416	13531000	13904700	12597300	11756700
417	13531300	13904800	12597600	11756600
418	13531300	13904800	12597700	11757900
419	13530500	13904100	12597100	11757300
420	13530000	13905400	12597100	11757300
421	13530500	13905000	12597600	11757700
422	13531200	13906100	12598000	11757200
423	13530200	13903600	12597000	11756300
424	13529900	13905300	12598100	11756900
425	13531000	13904500	12597700	11757700
426	13531000	13905500	12597700	11757300
427	13530000	13903300	12596800	11754400
428	13529800	13904500	12598000	11750700
429	13529900	13904100	12596800	11756600
430	13528900	13904300	12596300	11756500
431	13529700	13902900	12596900	11757100
432	13530000	13903400	12597800	11753600
433	13530100	13904300	12598000	11753400
434	13529800	13903000	12596800	11757000
435	13529800	13902300	12598500	11758200
436	13529600	13904400	12597900	11756700
437	13529000	13901400	12596000	11756000
438	13529100	13902000	12597100	11753400
439	13529100	13902400	12597000	11757100
440	13529100	13902000	12596800	11754200
441	13530100	13903200	12597400	11757500
442	13529300	13904100	12597100	11753200
443	13529700	13904100	12596500	11756800
444	13530000	13904400	12597100	11757300
445	13528600	13900800	12595700	11755600
446	13529000	13902000	12596600	11753600
447	13530100	13903100	12598100	11758200
448	13530400	13902700	12599400	11759200
449	13529900	13902500	12598400	11754100
450	13529600	13904300	12597600	11756200
451	13530300	13903400	12597700	11757800
452	13529700	13904000	12597800	11753000
453	13529800	13903100	12596200	11753300
454	13530500	13902900	12599300	11759200
455	13530600	13903800	12598000	11754000
456	13530300	13903400	12598200	11757600
457	13531000	13905600	12598500	11753800
458	13531800	13906000	12598000	11758100
459	13530900	13904400	12597000	11753000
460	13530800	13903400	12597500	11757100
461	13530900	13904900	12598200	11753900
462	13531600	13905100	12597800	11750600
463	13532100	13905400	12598900	11759000
464	13532300	13906500	12599100	11759100
465	13530800	13905200	12597400	11762000
466	13531600	13906700	12598100	11757200
467	13531400	13904700	12598200	11754800
468	13531300	13904800	12597900	11754600
469	13531100	13904600	12597500	11757700
470	13529900	13901600	12597300	11757400
471	13530300	13906800	12597800	11754900
472	13530800	13904300	12597300	11753000
473	13530000	13903300	12596900	11757100
474	13530400	13904500	12598000	11757000
475	13529800	13903900	12596600	11756100
476	13530000	13904500	12597800	11755100
477	13529600	13903400	12596500	11756100
478	13530000	13905000	12598100	11753500
479	13529200	13904100	12596200	11756100
480	13528700	13904900	12596600	11756700
481	13529300	13903100	12596100	11756100
482	13530100	13902800	12598700	11758600
483	13529800	13905900	12598000	11756500
484	13530700	13903700	12598100	11758100
485	13531100	13907000	12598900	11756400
486	13531100	13904300	12598100	11754000
487	13530300	13903700	12597300	11757500
488	13531400	13906800	12599200	11756900
489	13531900	13905600	12598300	11753600
490	13531800	13907400	12598500	11758600
491	13531000	13904400	12598400	11755600
492	13530800	13904000	12597700	11756700
493	13530500	13904600	12596600	11754200
494	13529900	13902100	12597300	11757200
495	13529800	13906500	12597400	11753000
496	13531000	13907300	12597400	11753700
497	13530700	13903800	12598100	11754000
498	13530800	13904700	12598600	11757300
499	13530900	13904300	12597600	11754200

============================================================
# BITSTREAM: 10ms_101etapas.bit
# VENTANA: 10ms
# ETAPAS_PRINCIPAL: 101
# NUM_MUESTRAS: 500
# FORMATO: idx	freq1_hz	freq2_hz	freq3_hz	freq4_hz
============================================================
idx	freq1_hz	freq2_hz	freq3_hz	freq4_hz
0	7515600	8211000	8213100	8694700
1	7516200	8211500	8213400	8695200
2	7516500	8211600	8213000	8695500
3	7515800	8210900	8211600	8695300
4	7516300	8211200	8213300	8695100
5	7516900	8212000	8213400	8695100
6	7516900	8212100	8213100	8695800
7	7516500	8211900	8213400	8695200
8	7516600	8211700	8213000	8695300
9	7516600	8212100	8212400	8695500
10	7516700	8211800	8213600	8694900
11	7516100	8211500	8212700	8694100
12	7516200	8211200	8213500	8694900
13	7517100	8212600	8214400	8695800
14	7516500	8211900	8213100	8695200
15	7516800	8212400	8213800	8695300
16	7516600	8212000	8212700	8695400
17	7516200	8211700	8213800	8694900
18	7516300	8211700	8212500	8695000
19	7516200	8211700	8212900	8694800
20	7517000	8212500	8213300	8695200
21	7516500	8212000	8213300	8694500
22	7516200	8211500	8212800	8694300
23	7516000	8211100	8213000	8695000
24	7515800	8211300	8211700	8694600
25	7516300	8211800	8213000	8694600
26	7515700	8211100	8211800	8694600
27	7516700	8212200	8212800	8695100
28	7515600	8210800	8212400	8694200
29	7516100	8211600	8213300	8694200
30	7516200	8211500	8212600	8694000
31	7516300	8211700	8212600	8694800
32	7516600	8212000	8212900	8695500
33	7516300	8211700	8212400	8694500
34	7517000	8212100	8213800	8695000
35	7516700	8212300	8212700	8695100
36	7516400	8211800	8213600	8695000
37	7516700	8211900	8212900	8694500
38	7516900	8212500	8212900	8695200
39	7516900	8212600	8213100	8695300
40	7516600	8212000	8213400	8695300
41	7516700	8212200	8213100	8695600
42	7516500	8211800	8213400	8695300
43	7516500	8212200	8213100	8695400
44	7516400	8211500	8213300	8695100
45	7516000	8211400	8212800	8694200
46	7515400	8210500	8212400	8694600
47	7515800	8211100	8212900	8694300
48	7515200	8210500	8211500	8693600
49	7516100	8211400	8213400	8695100
50	7516300	8211600	8212600	8694900
51	7516200	8211900	8212500	8695100
52	7516000	8211300	8212500	8695000
53	7515300	8210800	8212000	8694500
54	7515700	8211000	8212600	8694300
55	7516000	8211900	8212400	8695100
56	7515800	8211000	8212700	8694100
57	7516000	8211500	8213400	8694900
58	7516000	8211300	8212300	8694500
59	7516100	8211400	8213100	8694900
60	7516100	8211300	8213100	8694800
61	7516600	8212100	8213700	8695300
62	7516400	8211800	8212900	8695300
63	7516300	8212000	8213000	8694800
64	7516200	8211500	8212200	8695100
65	7516500	8212100	8212700	8695300
66	7516300	8211700	8213900	8695100
67	7516400	8212000	8213600	8695100
68	7516100	8211300	8212800	8694400
69	7516000	8211300	8213000	8694900
70	7516400	8211800	8212300	8695200
71	7516600	8212000	8213800	8695500
72	7516100	8211700	8212300	8694900
73	7516200	8211600	8213400	8694900
74	7516100	8211600	8212900	8694800
75	7516000	8211700	8212400	8694100
76	7516700	8212000	8213600	8694800
77	7516100	8211500	8213000	8694300
78	7515700	8211100	8211800	8694600
79	7516600	8212200	8213100	8695500
80	7515800	8211200	8212900	8694400
81	7516300	8212000	8213000	8694600
82	7516100	8211600	8212200	8694900
83	7516200	8211700	8212500	8694900
84	7515700	8211100	8212800	8694600
85	7516400	8212000	8213600	8695100
86	7516300	8211700	8213000	8694500
87	7516300	8211800	8212100	8695100
88	7516500	8211800	8213000	8695300
89	7516000	8211800	8212100	8694800
90	7516200	8211500	8212800	8695200
91	7515900	8211300	8212900	8694800
92	7515400	8211000	8211900	8693700
93	7515900	8211300	8213500	8694600
94	7515800	8211000	8212900	8694300
95	7515800	8211500	8212100	8693700
96	7515900	8210900	8212400	8694500
97	7515500	8210900	8212800	8693700
98	7515000	8210100	8212000	8693900
99	7515900	8211000	8212900	8694000
100	7515800	8211400	8212200	8694200
101	7515900	8211500	8212100	8694600
102	7515600	8210800	8212200	8694700
103	7515900	8211400	8211900	8694500
104	7515600	8210900	8213300	8694300
105	7515500	8210900	8212100	8693400
106	7515900	8210900	8212300	8694700
107	7516100	8211100	8212800	8694700
108	7515500	8210700	8212200	8694100
109	7516400	8212000	8212300	8694900
110	7516800	8212000	8213600	8695200
111	7516400	8212100	8213200	8694200
112	7515900	8211300	8213200	8694500
113	7515600	8210900	8212900	8694100
114	7515400	8210900	8211900	8693800
115	7516200	8211700	8214000	8695000
116	7515700	8211000	8213000	8693800
117	7516200	8212100	8212200	8695100
118	7516200	8211600	8212300	8694800
119	7516600	8212100	8213700	8694800
120	7515700	8210800	8211900	8694300
121	7515700	8211100	8213600	8694600
122	7515200	8210400	8211900	8693400
123	7515500	8210900	8213400	8694500
124	7515800	8211300	8212500	8694700
125	7515200	8211000	8212400	8694300
126	7516100	8211500	8213100	8694500
127	7515600	8210800	8212700	8694500
128	7515400	8210900	8213400	8694500
129	7515500	8211000	8212200	8694300
130	7515500	8210800	8211600	8694300
131	7515300	8210800	8212700	8694300
132	7515400	8210500	8213300	8695200
133	7515300	8210600	8212400	8693700
134	7515300	8210500	8212700	8693800
135	7515100	8210600	8213200	8694000
136	7515100	8210400	8212600	8694000
137	7515300	8210900	8212000	8694300
138	7515200	8210300	8212300	8693400
139	7515900	8211400	8213200	8694800
140	7515300	8210800	8212900	8694300
141	7515400	8211100	8212000	8693800
142	7515600	8210900	8212400	8693600
143	7515700	8211100	8212700	8693900
144	7515300	8210600	8212700	8694100
145	7515000	8210900	8212600	8693800
146	7515200	8210900	8211800	8694000
147	7515700	8211400	8212300	8694200
148	7515600	8211100	8213100	8694700
149	7515500	8211200	8212700	8694200
150	7515400	8210500	8213000	8694000
151	7515400	8210700	8211600	8694200
152	7515400	8210700	8212700	8694400
153	7515300	8210800	8213300	8694100
154	7515400	8210700	8212300	8693500
155	7516000	8211500	8213200	8694900
156	7515300	8210500	8212800	8694100
157	7515100	8210500	8212300	8694100
158	7515600	8210700	8212900	8694700
159	7515200	8210700	8211900	8693500
160	7515700	8211200	8213700	8694700
161	7515400	8210800	8212000	8694200
162	7514700	8209800	8212000	8693100
163	7514900	8210200	8212200	8693300
164	7515500	8210900	8211600	8694200
165	7514900	8210300	8212400	8693700
166	7515100	8210400	8212200	8693300
167	7515600	8211000	8211800	8694300
168	7515200	8210600	8211700	8694300
169	7515100	8210400	8211900	8693400
170	7515200	8210300	8212900	8694000
171	7515200	8210800	8211800	8693500
172	7515200	8210600	8211900	8694300
173	7515600	8211000	8213700	8694400
174	7515500	8211100	8212000	8694600
175	7514600	8210100	8211900	8692900
176	7515400	8210900	8213300	8694600
177	7515200	8210900	8212300	8693400
178	7516100	8211200	8213100	8695100
179	7515400	8210700	8212200	8694100
180	7515700	8211100	8211900	8694500
181	7514900	8210200	8212800	8693800
182	7514800	8210000	8211800	8693900
183	7515100	8210500	8211700	8694100
184	7514500	8209700	8211400	8692900
185	7515200	8210600	8211800	8693800
186	7515100	8210500	8211700	8694200
187	7515100	8210500	8211900	8694300
188	7514900	8210100	8212600	8693700
189	7514700	8209900	8211200	8693200
190	7514500	8209500	8211400	8693600
191	7515100	8210300	8211600	8693700
192	7514800	8210100	8212400	8693900
193	7515600	8210800	8213000	8693900
194	7515000	8210500	8211500	8694100
195	7514600	8209500	8212400	8693500
196	7514400	8209400	8211900	8692700
197	7515200	8210500	8213200	8694100
198	7514800	8209900	8212400	8694100
199	7515100	8210300	8212200	8693500
200	7515100	8210700	8211400	8694200
201	7514700	8209900	8211200	8694300
202	7514500	8209500	8211400	8693400
203	7514300	8209600	8211100	8692900
204	7514600	8209600	8212400	8693200
205	7514900	8210000	8212300	8693100
206	7514700	8209800	8211900	8693400
207	7514400	8209800	8212700	8693300
208	7514400	8209700	8212300	8693300
209	7514900	8210200	8211900	8693900
210	7514300	8209500	8212300	8693200
211	7514300	8209600	8211600	8693500
212	7515000	8210100	8212100	8693800
213	7515400	8211000	8212200	8694600
214	7515000	8210400	8211200	8693700
215	7514300	8209600	8211400	8693000
216	7515100	8210600	8211900	8693900
217	7515200	8210700	8213300	8693900
218	7514700	8210100	8213500	8692900
219	7515200	8210600	8212600	8692900
220	7514600	8209900	8211400	8693600
221	7515000	8210500	8211600	8693900
222	7514500	8209700	8211800	8693600
223	7514500	8210100	8211400	8693500
224	7514300	8209900	8211100	8693400
225	7514900	8210200	8212400	8693500
226	7514800	8210000	8212200	8693100
227	7514600	8210600	8211300	8693700
228	7514700	8210100	8211600	8693300
229	7514900	8210600	8212400	8694000
230	7515200	8210600	8212600	8693600
231	7514700	8210200	8211700	8693700
232	7513600	8208800	8210500	8692000
233	7513500	8208800	8210500	8692600
234	7513800	8208900	8210500	8693600
235	7513900	8209300	8210800	8693000
236	7514200	8209300	8212000	8692700
237	7514200	8209500	8211500	8692600
238	7513900	8209000	8211500	8692800
239	7514200	8209400	8211800	8693200
240	7514100	8209300	8210500	8693200
241	7514000	8208900	8210300	8692800
242	7514500	8209100	8212100	8693100
243	7514000	8209200	8211100	8693200
244	7514000	8208700	8211300	8691700
245	7514300	8209600	8211100	8692300
246	7514300	8209000	8211600	8693600
247	7514100	8209400	8211300	8693000
248	7514500	8209900	8211200	8692900
249	7514400	8210000	8211400	8693400
250	7514200	8209400	8217300	8693200
251	7514300	8208700	8211300	8693400
252	7513800	8209000	8210600	8692200
253	7514400	8209700	8210900	8693400
254	7514400	8209300	8211100	8693200
255	7514700	8209900	8212200	8693300
256	7514300	8209500	8210200	8692800
257	7514200	8209600	8210900	8693100
258	7514200	8209000	8210700	8692700
259	7514200	8209200	8211500	8692800
260	7513900	8208600	8211200	8692600
261	7513700	8208600	8210300	8692300
262	7514500	8209800	8212000	8693300
263	7514000	8209000	8211100	8691900
264	7514200	8209200	8211600	8692900
265	7513200	8208500	8210600	8692400
266	7513700	8209000	8210100	8692500
267	7514000	8209400	8211400	8692400
268	7514100	8209500	8210500	8692900
269	7513800	8209000	8210200	8692600
270	7513900	8209200	8210700	8693800
271	7514300	8209400	8211700	8693100
272	7514300	8209800	8211100	8692700
273	7514300	8209700	8212000	8693000
274	7513500	8208600	8210800	8691900
275	7513600	8208700	8211100	8691700
276	7514400	8209300	8211700	8692800
277	7514800	8210000	8211400	8692800
278	7514600	8209700	8210800	8692900
279	7514400	8209700	8211800	8692600
280	7514200	8209300	8210500	8693000
281	7514400	8209600	8210500	8693100
282	7514800	8209800	8211200	8693100
283	7514200	8209500	8211100	8693100
284	7515000	8210400	8212600	8693700
285	7514600	8210400	8211500	8693400
286	7514300	8209900	8211900	8693100
287	7514500	8210300	8212800	8693600
288	7514100	8209600	8211500	8693000
289	7514400	8209800	8212300	8693200
290	7514600	8210000	8212200	8693200
291	7514500	8210000	8211000	8693300
292	7514200	8209500	8210800	8693100
293	7514400	8209900	8211900	8692800
294	7514200	8209500	8212300	8693200
295	7514400	8209900	8211700	8693500
296	7514000	8209700	8211000	8692700
297	7514500	8209800	8210800	8693300
298	7513800	8208900	8211100	8693300
299	7513800	8209000	8211300	8692500
300	7513600	8208600	8210100	8692000
301	7513600	8209000	8210900	8692200
302	7514100	8209200	8210800	8692900
303	7514000	8209100	8211300	8692100
304	7513800	8209000	8210200	8692000
305	7513900	8209300	8210400	8692800
306	7514500	8209700	8211100	8692800
307	7514100	8209200	8211500	8692900
308	7513600	8208900	8211000	8692500
309	7514200	8209500	8210700	8692900
310	7513200	8208500	8210900	8692200
311	7513500	8208800	8210500	8692600
312	7513100	8208100	8209700	8692000
313	7513200	8208700	8209900	8691700
314	7513500	8208700	8210800	8692400
315	7513400	8208600	8210900	8692400
316	7513600	8208800	8210400	8692500
317	7513600	8209100	8210900	8692100
318	7513400	8208600	8210200	8692300
319	7513700	8209100	8210500	8692600
320	7513600	8208700	8209900	8692600
321	7513900	8209200	8211200	8692900
322	7513100	8208300	8210000	8692100
323	7513000	8208300	8210900	8692100
324	7513300	8208500	8210000	8692100
325	7513100	8208300	8210700	8692100
326	7513300	8208400	8210600	8691900
327	7513400	8208800	8209900	8692400
328	7513400	8208500	8210700	8692300
329	7513500	8208700	8211000	8692100
330	7513600	8208900	8210000	8692200
331	7513600	8208800	8211400	8692400
332	7513400	8208700	8210200	8692300
333	7513200	8208500	8209900	8692100
334	7512900	8208100	8210500	8692000
335	7512700	8207900	8209400	8692000
336	7513600	8208800	8210300	8692300
337	7513800	8209100	8211600	8692700
338	7513700	8208900	8211000	8692600
339	7513700	8209100	8210100	8692400
340	7513700	8209200	8210800	8692400
341	7514200	8209500	8211900	8692500
342	7514200	8209400	8211700	8693800
343	7514300	8209700	8211000	8692700
344	7514000	8209300	8210100	8692700
345	7513800	8209100	8210800	8692400
346	7513700	8208800	8206400	8692000
347	7513900	8209100	8211500	8692000
348	7513800	8209000	8211100	8692800
349	7514800	8209700	8211900	8693600
350	7514700	8209800	8212300	8693500
351	7514900	8210100	8211700	8693800
352	7514300	8209400	8210900	8692500
353	7514100	8209300	8210700	8692600
354	7514600	8209600	8211600	8693300
355	7514200	8209600	8211200	8693100
356	7514200	8209200	8210800	8692800
357	7514100	8209100	8211400	8692300
358	7513800	8208900	8209900	8692700
359	7514200	8209300	8211100	8693100
360	7514500	8209500	8211600	8693100
361	7514000	8209400	8210900	8692900
362	7514400	8209600	8211100	8693500
363	7514300	8209300	8211500	8692900
364	7513900	8208900	8211200	8692800
365	7514200	8209200	8210900	8693300
366	7514700	8209600	8211000	8693400
367	7514700	8209800	8210500	8693300
368	7514000	8208900	8210000	8693100
369	7513900	8208700	8211100	8692900
370	7514600	8209700	8211500	8693400
371	7514500	8209700	8211700	8693200
372	7514600	8210000	8211100	8692900
373	7514500	8209700	8211800	8693100
374	7514000	8209300	8210500	8692900
375	7514300	8209600	8210500	8693200
376	7514100	8209400	8210200	8693200
377	7514400	8210000	8210800	8693500
378	7514200	8209300	8211200	8693500
379	7514300	8209900	8210700	8693000
380	7514800	8210000	8211600	8693500
381	7514600	8210300	8211700	8693600
382	7514400	8209800	8210700	8692700
383	7514400	8209600	8211400	8693000
384	7514800	8210600	8211100	8693800
385	7515100	8210600	8212500	8693900
386	7514700	8210400	8211600	8693800
387	7515500	8211100	8212500	8694300
388	7515100	8210700	8211600	8694000
389	7514700	8210400	8211700	8693700
390	7514800	8210100	8211300	8692900
391	7514500	8209800	8210700	8692300
392	7514200	8209400	8211400	8692800
393	7514200	8209700	8210700	8693300
394	7514000	8209200	8211400	8692900
395	7514100	8209700	8210600	8692800
396	7513600	8209100	8209900	8692300
397	7513500	8208900	8210600	8692400
398	7513600	8209100	8209800	8692200
399	7514300	8209700	8209900	8692700
400	7514100	8209400	8211300	8693000
401	7513900	8209200	8210400	8692000
402	7513600	8208700	8210400	8691900
403	7513700	8209200	8210500	8692100
404	7514000	8209400	8210400	8692900
405	7514100	8209700	8211000	8692500
406	7514400	8209800	8210400	8693700
407	7513900	8209200	8210700	8691600
408	7513700	8209000	8211000	8692400
409	7514000	8209600	8210200	8692500
410	7514400	8209600	8210600	8693200
411	7514100	8209500	8210300	8692900
412	7514300	8209700	8211700	8693400
413	7514700	8210300	8211700	8693400
414	7514400	8209800	8211000	8692600
415	7514500	8209900	8210700	8693100
416	7513800	8209000	8211000	8692700
417	7514600	8209800	8210800	8693800
418	7514600	8209200	8211800	8692300
419	7514200	8209500	8210400	8692600
420	7513800	8209000	8210500	8691900
421	7513600	8208800	8210000	8692400
422	7513700	8208700	8211100	8692600
423	7513600	8208800	8210800	8692000
424	7513900	8208800	8211000	8692600
425	7514200	8209600	8210500	8692700
426	7514100	8209100	8210100	8692800
427	7513700	8209100	8210700	8691700
428	7513600	8208800	8210900	8692300
429	7514200	8209500	8211000	8692900
430	7514000	8209000	8210000	8692500
431	7514100	8209400	8211600	8693000
432	7513800	8208800	8210600	8692200
433	7514300	8209800	8210400	8692900
434	7514700	8210100	8211600	8693100
435	7514600	8210400	8211500	8693500
436	7514500	8209800	8211600	8693300
437	7514500	8210000	8211600	8693400
438	7514100	8209300	8211400	8692900
439	7514400	8209700	8210700	8693000
440	7514300	8209300	8211500	8692700
441	7513900	8209300	8211100	8692400
442	7514300	8209500	8211400	8692700
443	7514500	8210200	8210800	8693900
444	7515000	8210100	8212000	8692900
445	7514200	8209600	8211000	8692300
446	7514400	8209500	8210300	8692800
447	7514700	8210200	8212100	8692800
448	7514500	8209800	8211200	8693300
449	7513900	8209200	8210600	8692500
450	7513800	8209200	8210100	8692500
451	7514000	8209300	8210800	8692200
452	7513900	8208700	8211000	8691900
453	7513900	8209300	8210200	8692500
454	7513800	8209200	8210500	8692600
455	7513800	8209200	8210000	8692600
456	7514100	8209400	8211500	8693000
457	7513900	8209200	8211400	8692600
458	7513800	8209100	8210200	8692400
459	7513900	8209100	8210400	8692500
460	7513700	8208700	8210300	8692500
461	7513800	8209000	8211100	8692600
462	7514100	8208900	8211100	8692500
463	7514200	8209300	8211300	8692600
464	7513600	8208600	8210000	8691500
465	7513800	8208900	8211300	8692700
466	7514000	8209200	8210300	8692200
467	7513800	8209100	8211200	8692500
468	7513400	8208400	8209900	8691900
469	7513800	8208800	8210600	8692300
470	7513100	8208200	8209300	8691700
471	7513300	8208500	8210200	8691300
472	7513100	8208300	8209700	8692100
473	7512900	8208300	8209400	8691400
474	7513500	8208800	8210000	8692400
475	7513600	8208800	8210900	8692300
476	7514000	8209200	8210700	8692700
477	7513900	8209100	8211100	8692600
478	7514000	8209000	8211400	8692700
479	7513900	8209500	8210200	8692700
480	7513700	8209000	8210200	8692600
481	7513900	8209300	8210700	8692600
482	7514200	8209100	8211400	8692700
483	7514100	8209500	8210600	8692900
484	7514000	8209300	8210200	8692600
485	7514100	8209600	8210800	8693100
486	7514600	8209700	8211900	8693100
487	7514300	8209700	8212500	8693500
488	7513700	8209100	8210700	8692800
489	7514100	8209300	8211600	8693000
490	7514100	8209400	8211100	8693100
491	7514500	8209700	8211600	8693100
492	7514000	8209000	8210800	8692900
493	7514600	8209800	8211900	8692800
494	7514100	8209100	8211900	8693000
495	7513800	8209100	8212100	8692800
496	7514400	8209300	8211100	8693500
497	7514500	8209800	8212000	8693300
498	7514100	8209100	8211300	8693300
499	7513900	8209100	8210700	8692200

============================================================
# BITSTREAM: 1ms_3etapas.bit
# VENTANA: 1ms
# ETAPAS_PRINCIPAL: 3
# NUM_MUESTRAS: 500
# FORMATO: idx	freq1_hz	freq2_hz	freq3_hz	freq4_hz
============================================================
idx	freq1_hz	freq2_hz	freq3_hz	freq4_hz
0	0	35880000	35880000	35880000
1	35888000	35888000	35888000	35887000
2	35881000	35882000	35882000	35882000
3	35882000	35881000	35882000	35881000
4	35883000	35883000	35883000	35883000
5	35878000	35879000	35879000	35879000
6	35882000	35882000	35882000	35882000
7	35884000	35884000	35884000	35884000
8	35882000	35882000	35882000	35882000
9	35881000	35880000	35880000	35880000
10	35883000	35883000	35883000	35883000
11	35883000	35884000	35884000	35884000
12	35884000	35884000	35884000	35884000
13	35887000	35887000	35887000	35887000
14	35886000	35885000	35885000	35885000
15	35886000	35886000	35886000	35886000
16	35888000	35888000	35888000	35888000
17	35892000	35892000	35892000	35893000
18	35892000	35892000	35892000	35892000
19	35888000	35888000	35888000	35888000
20	35890000	35890000	35890000	35890000
21	35890000	35889000	35889000	35889000
22	35896000	35896000	35896000	35896000
23	35883000	35883000	35883000	35883000
24	35889000	35890000	35890000	35890000
25	35885000	35885000	35885000	35885000
26	35883000	35884000	35884000	35884000
27	35884000	35884000	35884000	35884000
28	35887000	35887000	35887000	35887000
29	35882000	35882000	35882000	35882000
30	35886000	35886000	35886000	35886000
31	35890000	35890000	35890000	35890000
32	35883000	35883000	35883000	35883000
33	35889000	35889000	35889000	35889000
34	35883000	35883000	35883000	35883000
35	35886000	35886000	35886000	35886000
36	35884000	35885000	35885000	35885000
37	35883000	35882000	35885000	35882000
38	35881000	35882000	35882000	35882000
39	35884000	35884000	35884000	35884000
40	35885000	35885000	35885000	35885000
41	35879000	35879000	35879000	35879000
42	35887000	35887000	35887000	35887000
43	35887000	35887000	35887000	35887000
44	35885000	35885000	35885000	35885000
45	35888000	35888000	35888000	35890000
46	35887000	35887000	35887000	35887000
47	35890000	35889000	35889000	35889000
48	35887000	35888000	35888000	35888000
49	35889000	35889000	35889000	35889000
50	35892000	35892000	35892000	35892000
51	35891000	35891000	35891000	35890000
52	35886000	35886000	35886000	35886000
53	35893000	35893000	35893000	35892000
54	35887000	35886000	35886000	35886000
55	35887000	35887000	35903000	35887000
56	35884000	35884000	35884000	35884000
57	35883000	35883000	35883000	35883000
58	35879000	35879000	35879000	35879000
59	35882000	35882000	35882000	35882000
60	35880000	35880000	35880000	35880000
61	35882000	35881000	35881000	35881000
62	35889000	35889000	35889000	35889000
63	35886000	35886000	35886000	35884000
64	35879000	35879000	35879000	35879000
65	35886000	35885000	35885000	35885000
66	35882000	35881000	35881000	35881000
67	35889000	35889000	35889000	35888000
68	35886000	35887000	35887000	35886000
69	35886000	35887000	35887000	35887000
70	35881000	35881000	35881000	35881000
71	35887000	35887000	35887000	35887000
72	35882000	35882000	35882000	35882000
73	35885000	35885000	35885000	35885000
74	35883000	35883000	35883000	35883000
75	35883000	35884000	35883000	35884000
76	35884000	35884000	35884000	35884000
77	35889000	35890000	35890000	35890000
78	35881000	35881000	35881000	35881000
79	35883000	35883000	35883000	35883000
80	35880000	35880000	35880000	35880000
81	35882000	35882000	35882000	35882000
82	35885000	35885000	35885000	35885000
83	35884000	35883000	35883000	35883000
84	35885000	35886000	35886000	35886000
85	35887000	35887000	35887000	35887000
86	35885000	35884000	35884000	35884000
87	35882000	35882000	35882000	35882000
88	35879000	35879000	35879000	35879000
89	35882000	35882000	35882000	35882000
90	35881000	35881000	35881000	35881000
91	35879000	35879000	35879000	35879000
92	35884000	35885000	35885000	35885000
93	35886000	35886000	35886000	35886000
94	35883000	35883000	35883000	35883000
95	35887000	35887000	35887000	35887000
96	35883000	35883000	35883000	35883000
97	35884000	35884000	35884000	35884000
98	35885000	35885000	35885000	35885000
99	35883000	35883000	35883000	35882000
100	35884000	35885000	35885000	35885000
101	35883000	35883000	35883000	35883000
102	35886000	35886000	35886000	35886000
103	35881000	35881000	35881000	35881000
104	35883000	35883000	35883000	35883000
105	35880000	35880000	35880000	35880000
106	35884000	35884000	35884000	35884000
107	35881000	35881000	35881000	35881000
108	35881000	35882000	35882000	35882000
109	35884000	35883000	35883000	35883000
110	35885000	35885000	35885000	35885000
111	35888000	35888000	35888000	35888000
112	35889000	35889000	35889000	35890000
113	35889000	35889000	35889000	35889000
114	35885000	35886000	35886000	35886000
115	35890000	35890000	35890000	35889000
116	35887000	35887000	35887000	35888000
117	35888000	35888000	35888000	35888000
118	35883000	35883000	35883000	35883000
119	35885000	35885000	35885000	35885000
120	35886000	35886000	35886000	35887000
121	35884000	35884000	35884000	35884000
122	35885000	35884000	35884000	35884000
123	35884000	35884000	35884000	35884000
124	35885000	35885000	35885000	35885000
125	35885000	35885000	35885000	35885000
126	35883000	35883000	35883000	35883000
127	35884000	35884000	35884000	35884000
128	35890000	35890000	35890000	35890000
129	35889000	35889000	35889000	35888000
130	35883000	35883000	35883000	35883000
131	35889000	35889000	35889000	35889000
132	35886000	35886000	35886000	35886000
133	35890000	35889000	35889000	35889000
134	35885000	35885000	35885000	35885000
135	35892000	35893000	35893000	35893000
136	35892000	35893000	35893000	35893000
137	35888000	35887000	35887000	35887000
138	35896000	35896000	35896000	35896000
139	35895000	35896000	35896000	35896000
140	35894000	35895000	35894000	35895000
141	35895000	35895000	35895000	35895000
142	35890000	35890000	35890000	35890000
143	35893000	35893000	35893000	35893000
144	35891000	35892000	35892000	35892000
145	35889000	35890000	35890000	35890000
146	35886000	35886000	35886000	35886000
147	35886000	35886000	35886000	35886000
148	35886000	35886000	35886000	35886000
149	35888000	35888000	35888000	35888000
150	35885000	35885000	35885000	35885000
151	35888000	35872000	35888000	35888000
152	35889000	35889000	35889000	35889000
153	35891000	35891000	35891000	35891000
154	35883000	35883000	35883000	35883000
155	35885000	35885000	35885000	35885000
156	35882000	35882000	35882000	35882000
157	35881000	35881000	35881000	35880000
158	35882000	35883000	35883000	35883000
159	35881000	35881000	35881000	35881000
160	35889000	35888000	35888000	35888000
161	35883000	35883000	35883000	35883000
162	35882000	35881000	35881000	35881000
163	35883000	35883000	35883000	35883000
164	35887000	35886000	35886000	35886000
165	35884000	35885000	35884000	35885000
166	35887000	35887000	35887000	35886000
167	35887000	35887000	35887000	35887000
168	35887000	35903000	35887000	35887000
169	35892000	35892000	35892000	35892000
170	35886000	35886000	35886000	35886000
171	35885000	35885000	35885000	35885000
172	35884000	35884000	35884000	35884000
173	35880000	35879000	35879000	35879000
174	35885000	35885000	35885000	35885000
175	35886000	35886000	35886000	35886000
176	35885000	35885000	35885000	35885000
177	35884000	35884000	35884000	35884000
178	35885000	35885000	35885000	35885000
179	35884000	35885000	35885000	35885000
180	35879000	35878000	35878000	35878000
181	35878000	35878000	35878000	35878000
182	35880000	35881000	35881000	35881000
183	35883000	35884000	35884000	35884000
184	35883000	35883000	35883000	35883000
185	35878000	35878000	35878000	35878000
186	35880000	35881000	35881000	35881000
187	35883000	35883000	35883000	35883000
188	35884000	35884000	35884000	35884000
189	35883000	35883000	35883000	35883000
190	35884000	35884000	35884000	35884000
191	35881000	35881000	35881000	35881000
192	35887000	35887000	35887000	35887000
193	35883000	35883000	35883000	35883000
194	35886000	35886000	35886000	35886000
195	35887000	35887000	35887000	35887000
196	35893000	35893000	35893000	35893000
197	35883000	35883000	35883000	35883000
198	35883000	35883000	35883000	35883000
199	35883000	35883000	35883000	35883000
200	35883000	35883000	35883000	35883000
201	35889000	35889000	35889000	35889000
202	35884000	35884000	35884000	35884000
203	35883000	35883000	35883000	35883000
204	35886000	35886000	35902000	35886000
205	35885000	35885000	35885000	35885000
206	35885000	35885000	35885000	35885000
207	35882000	35882000	35882000	35882000
208	35883000	35883000	35883000	35883000
209	35884000	35884000	35884000	35884000
210	35884000	35885000	35885000	35885000
211	35884000	35884000	35884000	35884000
212	35886000	35886000	35886000	35886000
213	35886000	35886000	35886000	35886000
214	35884000	35884000	35884000	35884000
215	35882000	35882000	35882000	35882000
216	35883000	35883000	35883000	35883000
217	35886000	35886000	35886000	35886000
218	35886000	35886000	35886000	35885000
219	35884000	35884000	35884000	35884000
220	35883000	35883000	35883000	35883000
221	35884000	35884000	35884000	35884000
222	35880000	35881000	35880000	35881000
223	35883000	35883000	35883000	35882000
224	35879000	35879000	35879000	35879000
225	35884000	35884000	35884000	35884000
226	35882000	35881000	35881000	35881000
227	35886000	35886000	35886000	35886000
228	35883000	35883000	35883000	35883000
229	35885000	35884000	35884000	35884000
230	35882000	35882000	35882000	35882000
231	35882000	35882000	35882000	35882000
232	35887000	35887000	35887000	35887000
233	35882000	35882000	35882000	35882000
234	35883000	35883000	35883000	35883000
235	35883000	35883000	35883000	35883000
236	35880000	35880000	35880000	35880000
237	35884000	35884000	35884000	35884000
238	35880000	35880000	35880000	35880000
239	35876000	35877000	35877000	35877000
240	35886000	35886000	35886000	35886000
241	35889000	35889000	35889000	35889000
242	35882000	35882000	35882000	35882000
243	35883000	35883000	35883000	35873000
244	35882000	35882000	35882000	35882000
245	35885000	35885000	35885000	35885000
246	35882000	35882000	35882000	35882000
247	35881000	35881000	35881000	35881000
248	35887000	35887000	35887000	35887000
249	35878000	35879000	35878000	35879000
250	35887000	35887000	35887000	35887000
251	35883000	35883000	35883000	35883000
252	35879000	35880000	35880000	35880000
253	35886000	35885000	35885000	35885000
254	35883000	35883000	35883000	35882000
255	35884000	35883000	35883000	35883000
256	35880000	35880000	35880000	35880000
257	35884000	35884000	35884000	35884000
258	35882000	35882000	35882000	35882000
259	35882000	35882000	35882000	35882000
260	35883000	35882000	35882000	35882000
261	35883000	35883000	35883000	35883000
262	35879000	35879000	35879000	35879000
263	35879000	35879000	35879000	35879000
264	35883000	35883000	35883000	35883000
265	35878000	35877000	35877000	35877000
266	35878000	35878000	35878000	35878000
267	35878000	35878000	35878000	35878000
268	35879000	35879000	35879000	35879000
269	35885000	35885000	35885000	35885000
270	35875000	35875000	35875000	35875000
271	35875000	35875000	35875000	35875000
272	35880000	35880000	35880000	35880000
273	35878000	35878000	35878000	35878000
274	35874000	35874000	35874000	35874000
275	35880000	35880000	35880000	35879000
276	35879000	35879000	35879000	35879000
277	35878000	35878000	35878000	35878000
278	35882000	35882000	35882000	35882000
279	35881000	35881000	35881000	35881000
280	35884000	35884000	35884000	35884000
281	35884000	35884000	35884000	35884000
282	35880000	35880000	35880000	35881000
283	35875000	35875000	35875000	35876000
284	35883000	35883000	35883000	35883000
285	35877000	35877000	35877000	35877000
286	35875000	35875000	35875000	35875000
287	35878000	35878000	35878000	35878000
288	35877000	35877000	35877000	35877000
289	35872000	35873000	35872000	35873000
290	35884000	35884000	35884000	35884000
291	35882000	35882000	35882000	35882000
292	35879000	35879000	35879000	35879000
293	35882000	35882000	35882000	35882000
294	35881000	35881000	35881000	35881000
295	35882000	35882000	35882000	35882000
296	35881000	35881000	35881000	35881000
297	35876000	35876000	35876000	35876000
298	35878000	35878000	35878000	35878000
299	35876000	35876000	35876000	35876000
300	35878000	35878000	35878000	35878000
301	35878000	35879000	35879000	35879000
302	35883000	35883000	35883000	35883000
303	35882000	35882000	35882000	35882000
304	35880000	35880000	35880000	35880000
305	35876000	35876000	35876000	35876000
306	35884000	35884000	35884000	35884000
307	35882000	35882000	35882000	35882000
308	35888000	35888000	35888000	35888000
309	35886000	35886000	35886000	35886000
310	35880000	35880000	35880000	35880000
311	35877000	35877000	35877000	35877000
312	35881000	35881000	35881000	35881000
313	35877000	35878000	35877000	35878000
314	35884000	35885000	35885000	35885000
315	35881000	35881000	35881000	35881000
316	35881000	35880000	35880000	35880000
317	35883000	35884000	35884000	35884000
318	35883000	35883000	35883000	35883000
319	35876000	35876000	35876000	35876000
320	35876000	35876000	35876000	35876000
321	35878000	35878000	35878000	35878000
322	35875000	35875000	35875000	35875000
323	35873000	35873000	35873000	35873000
324	35878000	35878000	35878000	35878000
325	35883000	35883000	35883000	35883000
326	35880000	35880000	35880000	35880000
327	35884000	35884000	35884000	35884000
328	35877000	35876000	35876000	35876000
329	35879000	35879000	35879000	35879000
330	35876000	35876000	35876000	35876000
331	35881000	35881000	35881000	35881000
332	35879000	35880000	35879000	35880000
333	35881000	35881000	35881000	35881000
334	35879000	35879000	35879000	35879000
335	35884000	35884000	35884000	35884000
336	35878000	35879000	35879000	35879000
337	35879000	35880000	35880000	35880000
338	35874000	35874000	35874000	35875000
339	35878000	35878000	35878000	35878000
340	35883000	35883000	35883000	35884000
341	35879000	35879000	35879000	35879000
342	35887000	35887000	35887000	35887000
343	35880000	35880000	35880000	35880000
344	35883000	35883000	35883000	35883000
345	35883000	35882000	35882000	35882000
346	35887000	35887000	35887000	35887000
347	35886000	35886000	35886000	35886000
348	35888000	35887000	35887000	35887000
349	35882000	35882000	35882000	35882000
350	35880000	35880000	35880000	35880000
351	35878000	35878000	35878000	35878000
352	35881000	35881000	35881000	35881000
353	35884000	35884000	35884000	35884000
354	35881000	35881000	35881000	35881000
355	35880000	35879000	35879000	35879000
356	35877000	35877000	35877000	35877000
357	35881000	35881000	35881000	35881000
358	35887000	35887000	35887000	35887000
359	35884000	35884000	35884000	35884000
360	35882000	35882000	35882000	35882000
361	35886000	35886000	35886000	35886000
362	35882000	35882000	35882000	35882000
363	35879000	35879000	35879000	35879000
364	35888000	35889000	35889000	35889000
365	35882000	35882000	35882000	35882000
366	35881000	35881000	35881000	35881000
367	35881000	35881000	35881000	35881000
368	35885000	35885000	35885000	35885000
369	35882000	35882000	35882000	35882000
370	35885000	35884000	35884000	35884000
371	35885000	35885000	35885000	35885000
372	35885000	35885000	35885000	35884000
373	35883000	35884000	35884000	35884000
374	35881000	35881000	35881000	35881000
375	35887000	35887000	35887000	35887000
376	35884000	35884000	35884000	35884000
377	35885000	35885000	35885000	35885000
378	35887000	35887000	35887000	35887000
379	35882000	35882000	35882000	35882000
380	35885000	35885000	35885000	35885000
381	35885000	35884000	35884000	35884000
382	35887000	35886000	35886000	35886000
383	35880000	35881000	35881000	35881000
384	35882000	35882000	35882000	35882000
385	35882000	35882000	35882000	35882000
386	35887000	35887000	35887000	35887000
387	35890000	35890000	35890000	35890000
388	35885000	35885000	35885000	35887000
389	35890000	35889000	35889000	35889000
390	35887000	35888000	35888000	35888000
391	35886000	35886000	35886000	35886000
392	35885000	35884000	35884000	35884000
393	35886000	35886000	35886000	35886000
394	35890000	35890000	35890000	35890000
395	35896000	35895000	35896000	35895000
396	35890000	35890000	35890000	35890000
397	35890000	35889000	35889000	35889000
398	35889000	35889000	35889000	35889000
399	35891000	35891000	35891000	35891000
400	35892000	35892000	35892000	35892000
401	35891000	35890000	35890000	35890000
402	35887000	35887000	35887000	35887000
403	35893000	35894000	35894000	35894000
404	35888000	35888000	35888000	35888000
405	35886000	35886000	35886000	35887000
406	35885000	35885000	35885000	35886000
407	35890000	35889000	35890000	35889000
408	35888000	35888000	35888000	35888000
409	35885000	35885000	35885000	35885000
410	35882000	35882000	35882000	35882000
411	35884000	35883000	35883000	35883000
412	35891000	35891000	35891000	35891000
413	35884000	35884000	35884000	35884000
414	35880000	35879000	35879000	35879000
415	35884000	35884000	35884000	35884000
416	35882000	35882000	35882000	35882000
417	35886000	35886000	35886000	35886000
418	35884000	35884000	35884000	35884000
419	35885000	35885000	35885000	35885000
420	35887000	35887000	35887000	35887000
421	35886000	35885000	35885000	35885000
422	35888000	35888000	35888000	35888000
423	35883000	35884000	35884000	35884000
424	35885000	35885000	35885000	35885000
425	35885000	35885000	35885000	35886000
426	35879000	35879000	35879000	35879000
427	35876000	35875000	35875000	35875000
428	35880000	35880000	35880000	35880000
429	35881000	35881000	35881000	35881000
430	35883000	35883000	35883000	35883000
431	35884000	35883000	35883000	35883000
432	35885000	35885000	35885000	35886000
433	35891000	35891000	35891000	35891000
434	35888000	35888000	35888000	35888000
435	35881000	35880000	35880000	35880000
436	35886000	35886000	35886000	35886000
437	35891000	35891000	35891000	35891000
438	35886000	35886000	35886000	35886000
439	35883000	35883000	35883000	35883000
440	35892000	35892000	35892000	35892000
441	35886000	35886000	35886000	35886000
442	35887000	35887000	35887000	35887000
443	35886000	35886000	35886000	35886000
444	35883000	35883000	35883000	35881000
445	35886000	35886000	35886000	35886000
446	35887000	35887000	35887000	35887000
447	35886000	35886000	35886000	35886000
448	35876000	35876000	35876000	35876000
449	35881000	35881000	35881000	35881000
450	35884000	35884000	35884000	35884000
451	35883000	35884000	35884000	35884000
452	35887000	35888000	35888000	35888000
453	35882000	35883000	35883000	35883000
454	35888000	35888000	35888000	35888000
455	35888000	35889000	35889000	35889000
456	35882000	35883000	35883000	35883000
457	35888000	35887000	35887000	35887000
458	35881000	35881000	35881000	35881000
459	35886000	35886000	35886000	35886000
460	35887000	35886000	35886000	35887000
461	35882000	35882000	35882000	35882000
462	35884000	35884000	35884000	35884000
463	35890000	35889000	35889000	35889000
464	35884000	35883000	35883000	35883000
465	35881000	35880000	35880000	35880000
466	35884000	35884000	35884000	35884000
467	35887000	35887000	35887000	35887000
468	35888000	35888000	35888000	35888000
469	35882000	35882000	35882000	35882000
470	35881000	35881000	35881000	35881000
471	35882000	35882000	35882000	35882000
472	35891000	35891000	35891000	35891000
473	35881000	35881000	35881000	35881000
474	35882000	35883000	35882000	35883000
475	35880000	35880000	35880000	35880000
476	35880000	35880000	35880000	35880000
477	35883000	35883000	35883000	35883000
478	35885000	35885000	35885000	35885000
479	35885000	35885000	35885000	35885000
480	35885000	35886000	35886000	35886000
481	35881000	35881000	35881000	35881000
482	35886000	35886000	35886000	35886000
483	35877000	35877000	35877000	35877000
484	35876000	35877000	35877000	35877000
485	35881000	35881000	35881000	35881000
486	35883000	35883000	35883000	35883000
487	35884000	35884000	35884000	35884000
488	35882000	35883000	35883000	35883000
489	35888000	35888000	35888000	35888000
490	35890000	35890000	35890000	35890000
491	35893000	35893000	35893000	35893000
492	35887000	35887000	35887000	35887000
493	35885000	35885000	35885000	35885000
494	35882000	35882000	35882000	35882000
495	35881000	35881000	35881000	35882000
496	35886000	35887000	35887000	35887000
497	35884000	35884000	35884000	35884000
498	35880000	35880000	35880000	35880000
499	35877000	35877000	35877000	35879000

============================================================
# BITSTREAM: 1ms_5etapas.bit
# VENTANA: 1ms
# ETAPAS_PRINCIPAL: 5
# NUM_MUESTRAS: 500
# FORMATO: idx	freq1_hz	freq2_hz	freq3_hz	freq4_hz
============================================================
idx	freq1_hz	freq2_hz	freq3_hz	freq4_hz
0	34372000	34373000	34372000	34372000
1	34369000	34369000	34369000	34369000
2	34371000	34371000	34371000	34371000
3	34372000	34372000	34372000	34372000
4	34367000	34367000	34366000	34366000
5	34374000	34374000	34374000	34374000
6	34371000	34371000	34371000	34371000
7	34374000	34374000	34374000	34374000
8	34372000	34372000	34372000	34372000
9	34370000	34370000	34370000	34370000
10	34373000	34373000	34373000	34373000
11	34372000	34372000	34372000	34372000
12	34368000	34368000	34368000	34368000
13	34372000	34372000	34372000	34372000
14	34374000	34374000	34374000	34374000
15	34368000	34368000	34368000	34369000
16	34370000	34370000	34370000	34370000
17	34375000	34375000	34375000	34375000
18	34371000	34371000	34371000	34371000
19	34369000	34369000	34369000	34369000
20	34367000	34367000	34367000	34367000
21	34369000	34369000	34369000	34369000
22	34372000	34372000	34372000	34372000
23	34374000	34374000	34374000	34374000
24	34373000	34374000	34373000	34373000
25	34375000	34375000	34375000	34375000
26	34377000	34377000	34377000	34377000
27	34372000	34372000	34372000	34372000
28	34374000	34374000	34374000	34374000
29	34375000	34375000	34375000	34374000
30	34373000	34373000	34373000	34372000
31	34377000	34377000	34377000	34377000
32	34375000	34375000	34375000	34375000
33	34377000	34377000	34377000	34377000
34	34373000	34373000	34373000	34373000
35	34374000	34374000	34374000	34374000
36	34375000	34375000	34375000	34375000
37	34377000	34377000	34377000	34377000
38	34368000	34368000	34368000	34368000
39	34375000	34375000	34375000	34375000
40	34376000	34376000	34376000	34376000
41	34376000	34376000	34375000	34375000
42	34372000	34372000	34373000	34373000
43	34367000	34367000	34367000	34368000
44	34373000	34373000	34373000	34373000
45	34377000	34377000	34377000	34377000
46	34375000	34374000	34375000	34375000
47	34375000	34375000	34375000	34375000
48	34377000	34377000	34377000	34378000
49	34372000	34372000	34372000	34372000
50	34369000	34369000	34369000	34369000
51	34371000	34371000	34371000	34371000
52	34369000	34369000	34368000	34368000
53	34374000	34374000	34374000	34374000
54	34377000	34377000	34377000	34378000
55	34374000	34375000	34374000	34374000
56	34372000	34372000	34372000	34372000
57	34381000	34381000	34381000	34380000
58	34375000	34375000	34375000	34375000
59	34381000	34381000	34381000	34381000
60	34374000	34374000	34374000	34374000
61	34375000	34375000	34375000	34375000
62	34379000	34379000	34379000	34379000
63	34378000	34378000	34378000	34378000
64	34374000	34374000	34374000	34374000
65	34374000	34374000	34374000	34374000
66	34372000	34372000	34372000	34372000
67	34374000	34374000	34374000	34374000
68	34377000	34377000	34377000	34377000
69	34375000	34375000	34375000	34375000
70	34373000	34373000	34373000	34372000
71	34374000	34374000	34374000	34374000
72	34375000	34375000	34375000	34375000
73	34369000	34369000	34369000	34369000
74	34368000	34368000	34368000	34368000
75	34371000	34371000	34371000	34371000
76	34370000	34371000	34370000	34370000
77	34367000	34367000	34367000	34367000
78	34370000	34370000	34370000	34370000
79	34370000	34370000	34369000	34369000
80	34371000	34371000	34371000	34371000
81	34371000	34371000	34371000	34371000
82	34381000	34381000	34381000	34381000
83	34375000	34375000	34375000	34374000
84	34377000	34377000	34377000	34377000
85	34377000	34377000	34377000	34377000
86	34379000	34379000	34379000	34380000
87	34377000	34377000	34377000	34377000
88	34370000	34370000	34370000	34370000
89	34373000	34373000	34373000	34373000
90	34375000	34375000	34375000	34375000
91	34376000	34376000	34376000	34376000
92	34376000	34376000	34376000	34376000
93	34371000	34371000	34371000	34371000
94	34374000	34374000	34374000	34374000
95	34378000	34378000	34378000	34378000
96	34379000	34379000	34379000	34379000
97	34380000	34379000	34380000	34380000
98	34373000	34373000	34373000	34372000
99	34369000	34369000	34369000	34369000
100	34373000	34373000	34373000	34373000
101	34376000	34376000	34376000	34376000
102	34382000	34382000	34382000	34382000
103	34377000	34377000	34377000	34377000
104	34370000	34370000	34370000	34370000
105	34365000	34365000	34365000	34365000
106	34359000	34359000	34359000	34359000
107	34363000	34363000	34363000	34363000
108	34366000	34366000	34366000	34366000
109	34368000	34368000	34368000	34368000
110	34364000	34364000	34364000	34364000
111	34361000	34361000	34361000	34361000
112	34370000	34370000	34370000	34370000
113	34369000	34369000	34369000	34369000
114	34367000	34367000	34367000	34367000
115	34367000	34367000	34367000	34367000
116	34367000	34367000	34367000	34366000
117	34370000	34370000	34370000	34370000
118	34366000	34366000	34366000	34366000
119	34372000	34372000	34372000	34372000
120	34371000	34371000	34371000	34371000
121	34369000	34369000	34369000	34369000
122	34370000	34370000	34370000	34370000
123	34365000	34365000	34365000	34365000
124	34370000	34370000	34370000	34370000
125	34366000	34366000	34366000	34366000
126	34369000	34369000	34369000	34369000
127	34364000	34364000	34364000	34364000
128	34365000	34365000	34365000	34365000
129	34372000	34372000	34372000	34371000
130	34358000	34358000	34358000	34358000
131	34370000	34369000	34370000	34370000
132	34368000	34368000	34368000	34368000
133	34368000	34367000	34368000	34368000
134	34366000	34366000	34366000	34366000
135	34373000	34373000	34373000	34373000
136	34368000	34367000	34368000	34368000
137	34365000	34365000	34365000	34365000
138	34372000	34372000	34372000	34372000
139	34370000	34370000	34370000	34370000
140	34371000	34371000	34371000	34371000
141	34372000	34372000	34372000	34372000
142	34367000	34367000	34367000	34367000
143	34367000	34367000	34367000	34367000
144	34368000	34368000	34368000	34367000
145	34368000	34368000	34368000	34368000
146	34368000	34368000	34368000	34368000
147	34366000	34366000	34366000	34366000
148	34369000	34369000	34369000	34369000
149	34370000	34370000	34370000	34371000
150	34372000	34372000	34372000	34372000
151	34366000	34365000	34366000	34366000
152	34364000	34364000	34364000	34364000
153	34368000	34368000	34368000	34368000
154	34365000	34365000	34365000	34365000
155	34362000	34362000	34362000	34362000
156	34360000	34360000	34360000	34360000
157	34365000	34365000	34365000	34365000
158	34370000	34370000	34370000	34370000
159	34368000	34368000	34367000	34367000
160	34369000	34369000	34369000	34369000
161	34369000	34370000	34369000	34369000
162	34361000	34361000	34361000	34361000
163	34370000	34370000	34371000	34371000
164	34370000	34369000	34370000	34370000
165	34373000	34373000	34374000	34374000
166	34367000	34367000	34367000	34367000
167	34371000	34371000	34371000	34371000
168	34376000	34376000	34376000	34376000
169	34372000	34372000	34372000	34372000
170	34373000	34373000	34373000	34373000
171	34372000	34372000	34372000	34372000
172	34368000	34368000	34367000	34367000
173	34377000	34377000	34377000	34378000
174	34370000	34369000	34370000	34370000
175	34372000	34372000	34372000	34372000
176	34369000	34369000	34369000	34369000
177	34367000	34367000	34367000	34367000
178	34369000	34369000	34369000	34369000
179	34369000	34369000	34369000	34369000
180	34365000	34365000	34365000	34365000
181	34365000	34365000	34365000	34365000
182	34373000	34373000	34373000	34373000
183	34374000	34374000	34374000	34374000
184	34365000	34365000	34365000	34365000
185	34364000	34364000	34364000	34364000
186	34369000	34369000	34369000	34370000
187	34369000	34369000	34369000	34369000
188	34375000	34375000	34375000	34375000
189	34370000	34370000	34370000	34370000
190	34372000	34372000	34372000	34372000
191	34368000	34367000	34368000	34368000
192	34374000	34374000	34374000	34374000
193	34372000	34372000	34372000	34372000
194	34369000	34369000	34369000	34369000
195	34375000	34375000	34375000	34375000
196	34373000	34373000	34373000	34373000
197	34374000	34374000	34374000	34374000
198	34373000	34373000	34373000	34373000
199	34371000	34371000	34370000	34370000
200	34366000	34366000	34366000	34365000
201	34368000	34368000	34368000	34368000
202	34372000	34372000	34372000	34372000
203	34369000	34369000	34369000	34369000
204	34374000	34374000	34374000	34374000
205	34365000	34365000	34365000	34365000
206	34365000	34366000	34365000	34365000
207	34375000	34375000	34375000	34375000
208	34375000	34375000	34375000	34375000
209	34370000	34370000	34370000	34370000
210	34378000	34378000	34378000	34378000
211	34366000	34366000	34366000	34366000
212	34371000	34371000	34371000	34371000
213	34368000	34368000	34368000	34368000
214	34373000	34373000	34373000	34373000
215	34369000	34369000	34369000	34369000
216	34370000	34370000	34370000	34370000
217	34371000	34370000	34371000	34370000
218	34374000	34374000	34374000	34374000
219	34373000	34373000	34373000	34373000
220	34372000	34372000	34372000	34372000
221	34369000	34369000	34369000	34368000
222	34372000	34372000	34372000	34372000
223	34368000	34368000	34368000	34367000
224	34369000	34368000	34369000	34369000
225	34369000	34369000	34369000	34369000
226	34368000	34369000	34368000	34368000
227	34372000	34372000	34372000	34372000
228	34372000	34372000	34372000	34372000
229	34364000	34363000	34364000	34364000
230	34361000	34361000	34361000	34361000
231	34366000	34366000	34366000	34366000
232	34366000	34366000	34366000	34366000
233	34375000	34375000	34375000	34375000
234	34368000	34368000	34367000	34368000
235	34370000	34370000	34370000	34370000
236	34362000	34362000	34362000	34362000
237	34369000	34369000	34369000	34369000
238	34364000	34364000	34364000	34364000
239	34369000	34369000	34369000	34369000
240	34366000	34366000	34366000	34366000
241	34370000	34370000	34370000	34370000
242	34372000	34372000	34372000	34372000
243	34371000	34371000	34371000	34372000
244	34376000	34375000	34376000	34376000
245	34365000	34365000	34365000	34365000
246	34370000	34370000	34370000	34370000
247	34371000	34371000	34371000	34371000
248	34370000	34370000	34370000	34370000
249	34366000	34366000	34366000	34366000
250	34373000	34373000	34373000	34373000
251	34377000	34377000	34377000	34377000
252	34375000	34375000	34375000	34375000
253	34373000	34373000	34373000	34373000
254	34373000	34373000	34373000	34373000
255	34376000	34376000	34376000	34376000
256	34366000	34366000	34366000	34366000
257	34373000	34373000	34374000	34374000
258	34376000	34377000	34376000	34376000
259	34375000	34375000	34375000	34375000
260	34375000	34375000	34375000	34375000
261	34378000	34378000	34378000	34378000
262	34376000	34376000	34376000	34376000
263	34377000	34377000	34377000	34377000
264	34374000	34374000	34374000	34374000
265	34374000	34374000	34374000	34374000
266	34367000	34368000	34431000	34367000
267	34369000	34369000	34369000	34369000
268	34376000	34376000	34376000	34376000
269	34371000	34371000	34371000	34371000
270	34367000	34367000	34367000	34367000
271	34372000	34372000	34372000	34372000
272	34375000	34375000	34375000	34375000
273	34378000	34378000	34378000	34378000
274	34371000	34371000	34371000	34371000
275	34370000	34370000	34370000	34370000
276	34368000	34368000	34368000	34368000
277	34371000	34371000	34371000	34371000
278	34371000	34371000	34371000	34371000
279	34366000	34366000	34366000	34366000
280	34369000	34369000	34369000	34370000
281	34373000	34372000	34373000	34373000
282	34368000	34368000	34368000	34368000
283	34370000	34371000	34370000	34370000
284	34372000	34372000	34372000	34372000
285	34373000	34373000	34373000	34373000
286	34371000	34371000	34371000	34371000
287	34368000	34369000	34368000	34368000
288	34375000	34375000	34375000	34375000
289	34378000	34378000	34378000	34378000
290	34371000	34371000	34371000	34371000
291	34380000	34380000	34380000	34380000
292	34380000	34380000	34380000	34380000
293	34378000	34378000	34378000	34378000
294	34378000	34378000	34378000	34378000
295	34375000	34374000	34375000	34375000
296	34372000	34373000	34372000	34372000
297	34373000	34373000	34373000	34373000
298	34368000	34368000	34368000	34368000
299	34369000	34369000	34369000	34370000
300	34373000	34373000	34373000	34373000
301	34372000	34372000	34372000	34372000
302	34373000	34373000	34373000	34373000
303	34366000	34366000	34366000	34366000
304	34369000	34369000	34369000	34369000
305	34370000	34371000	34370000	34370000
306	34371000	34371000	34371000	34371000
307	34372000	34372000	34372000	34373000
308	34374000	34374000	34374000	34374000
309	34369000	34369000	34369000	34369000
310	34374000	34374000	34374000	34374000
311	34369000	34369000	34369000	34369000
312	34366000	34367000	34366000	34366000
313	34368000	34368000	34368000	34368000
314	34367000	34367000	34367000	34367000
315	34364000	34364000	34364000	34364000
316	34369000	34369000	34369000	34369000
317	34370000	34370000	34370000	34370000
318	34369000	34369000	34369000	34369000
319	34368000	34368000	34368000	34368000
320	34362000	34362000	34362000	34362000
321	34362000	34362000	34362000	34362000
322	34374000	34374000	34374000	34374000
323	34372000	34372000	34372000	34372000
324	34369000	34369000	34369000	34369000
325	34371000	34371000	34371000	34371000
326	34367000	34367000	34367000	34367000
327	34367000	34367000	34367000	34367000
328	34366000	34367000	34366000	34366000
329	34370000	34370000	34370000	34369000
330	34367000	34367000	34366000	34367000
331	34366000	34366000	34367000	34367000
332	34371000	34371000	34371000	34371000
333	34370000	34370000	34370000	34370000
334	34370000	34370000	34370000	34370000
335	34368000	34368000	34368000	34368000
336	34361000	34361000	34362000	34362000
337	34364000	34364000	34364000	34364000
338	34362000	34362000	34362000	34362000
339	34360000	34360000	34360000	34360000
340	34362000	34362000	34362000	34362000
341	34357000	34357000	34357000	34357000
342	34360000	34360000	34360000	34360000
343	34363000	34363000	34363000	34363000
344	34358000	34358000	34358000	34358000
345	34364000	34363000	34364000	34364000
346	34363000	34363000	34363000	34363000
347	34366000	34366000	34366000	34366000
348	34367000	34367000	34367000	34367000
349	34372000	34372000	34372000	34372000
350	34363000	34363000	34363000	34363000
351	34368000	34368000	34368000	34368000
352	34369000	34369000	34369000	34369000
353	34365000	34365000	34365000	34365000
354	34361000	34361000	34361000	34361000
355	34369000	34369000	34369000	34369000
356	34376000	34376000	34376000	34376000
357	34371000	34371000	34371000	34371000
358	34373000	34373000	34373000	34373000
359	34376000	34376000	34376000	34376000
360	34373000	34373000	34373000	34373000
361	34371000	34371000	34371000	34371000
362	34375000	34375000	34375000	34375000
363	34376000	34376000	34376000	34376000
364	34373000	34373000	34373000	34373000
365	34376000	34376000	34376000	34375000
366	34375000	34375000	34375000	34375000
367	34370000	34371000	34370000	34370000
368	34376000	34376000	34376000	34376000
369	34371000	34371000	34371000	34371000
370	34370000	34369000	34370000	34370000
371	34372000	34372000	34372000	34372000
372	34371000	34371000	34371000	34371000
373	34370000	34370000	34370000	34370000
374	34365000	34365000	34365000	34365000
375	34371000	34371000	34371000	34371000
376	34373000	34373000	34373000	34373000
377	34375000	34375000	34375000	34375000
378	34371000	34371000	34371000	34371000
379	34379000	34379000	34379000	34379000
380	34376000	34376000	34375000	34375000
381	34373000	34373000	34373000	34373000
382	34377000	34377000	34377000	34377000
383	34377000	34377000	34377000	34377000
384	34372000	34372000	34372000	34372000
385	34369000	34369000	34369000	34369000
386	34372000	34372000	34372000	34372000
387	34376000	34376000	34376000	34376000
388	34377000	34376000	34377000	34377000
389	34373000	34373000	34373000	34373000
390	34376000	34376000	34376000	34376000
391	34370000	34371000	34370000	34370000
392	34369000	34369000	34369000	34369000
393	34374000	34374000	34374000	34374000
394	34369000	34369000	34369000	34369000
395	34370000	34378000	34378000	34378000
396	34376000	34376000	34376000	34376000
397	34380000	34380000	34380000	34380000
398	34371000	34371000	34371000	34371000
399	34370000	34370000	34370000	34370000
400	34371000	34371000	34371000	34372000
401	34371000	34371000	34371000	34371000
402	34368000	34369000	34368000	34368000
403	34372000	34372000	34371000	34371000
404	34375000	34375000	34375000	34375000
405	34374000	34374000	34374000	34374000
406	34374000	34374000	34374000	34374000
407	34367000	34367000	34367000	34367000
408	34367000	34367000	34367000	34367000
409	34371000	34371000	34371000	34371000
410	34370000	34370000	34370000	34371000
411	34367000	34367000	34367000	34366000
412	34374000	34374000	34374000	34374000
413	34372000	34372000	34372000	34372000
414	34367000	34367000	34367000	34367000
415	34371000	34371000	34371000	34371000
416	34371000	34370000	34371000	34371000
417	34374000	34374000	34374000	34374000
418	34381000	34381000	34381000	34381000
419	34372000	34372000	34372000	34372000
420	34371000	34371000	34371000	34371000
421	34370000	34370000	34369000	34369000
422	34372000	34372000	34372000	34372000
423	34369000	34369000	34370000	34370000
424	34370000	34370000	34370000	34370000
425	34374000	34374000	34374000	34374000
426	34377000	34376000	34377000	34377000
427	34374000	34374000	34374000	34374000
428	34369000	34370000	34369000	34369000
429	34375000	34375000	34375000	34375000
430	34367000	34367000	34367000	34367000
431	34379000	34379000	34379000	34379000
432	34376000	34376000	34376000	34376000
433	34381000	34380000	34381000	34381000
434	34377000	34377000	34377000	34377000
435	34385000	34385000	34385000	34385000
436	34377000	34377000	34377000	34377000
437	34382000	34382000	34382000	34382000
438	34374000	34374000	34374000	34374000
439	34374000	34374000	34374000	34374000
440	34379000	34379000	34379000	34379000
441	34383000	34383000	34383000	34383000
442	34381000	34381000	34381000	34381000
443	34388000	34388000	34388000	34388000
444	34382000	34381000	34382000	34382000
445	34374000	34374000	34374000	34374000
446	34385000	34385000	34385000	34385000
447	34374000	34375000	34374000	34374000
448	34384000	34384000	34384000	34384000
449	34373000	34373000	34373000	34372000
450	34382000	34382000	34382000	34382000
451	34377000	34377000	34377000	34377000
452	34371000	34371000	34371000	34371000
453	34375000	34374000	34375000	34375000
454	34379000	34379000	34379000	34379000
455	34376000	34376000	34376000	34376000
456	34380000	34380000	34380000	34380000
457	34380000	34380000	34380000	34380000
458	34380000	34380000	34379000	34379000
459	34377000	34377000	34377000	34377000
460	34372000	34372000	34372000	34372000
461	34377000	34377000	34377000	34377000
462	34383000	34383000	34383000	34383000
463	34374000	34374000	34374000	34374000
464	34374000	34374000	34374000	34374000
465	34384000	34384000	34384000	34384000
466	34383000	34383000	34383000	34382000
467	34379000	34379000	34379000	34379000
468	34382000	34382000	34382000	34382000
469	34377000	34377000	34377000	34376000
470	34376000	34376000	34376000	34376000
471	34377000	34377000	34377000	34377000
472	34382000	34382000	34383000	34383000
473	34377000	34377000	34377000	34377000
474	34384000	34385000	34384000	34384000
475	34382000	34382000	34382000	34382000
476	34374000	34374000	34374000	34374000
477	34381000	34381000	34381000	34381000
478	34379000	34379000	34379000	34379000
479	34374000	34374000	34374000	34374000
480	34377000	34377000	34377000	34377000
481	34376000	34376000	34376000	34376000
482	34378000	34378000	34378000	34378000
483	34379000	34379000	34379000	34379000
484	34380000	34380000	34380000	34380000
485	34373000	34373000	34373000	34373000
486	34372000	34372000	34372000	34372000
487	34380000	34380000	34380000	34380000
488	34380000	34380000	34380000	34380000
489	34376000	34375000	34376000	34376000
490	34366000	34367000	34366000	34366000
491	34378000	34378000	34378000	34378000
492	34380000	34380000	34380000	34380000
493	34372000	34372000	34372000	34372000
494	34376000	34376000	34376000	34376000
495	34369000	34369000	34369000	34368000
496	34369000	34369000	34369000	34368000
497	34348000	34364000	34365000	34365000
498	34370000	34370000	34370000	34370000
499	34365000	34365000	34365000	34365000

============================================================
# BITSTREAM: 1ms_51etapas.bit
# VENTANA: 1ms
# ETAPAS_PRINCIPAL: 51
# NUM_MUESTRAS: 500
# FORMATO: idx	freq1_hz	freq2_hz	freq3_hz	freq4_hz
============================================================
idx	freq1_hz	freq2_hz	freq3_hz	freq4_hz
0	12448000	12841000	13044000	13327000
1	12447000	12841000	13046000	13328000
2	12447000	12843000	13048000	13327000
3	12450000	12843000	13046000	13328000
4	12448000	12842000	13046000	13328000
5	12448000	12843000	13048000	13329000
6	12448000	12842000	13046000	13328000
7	12448000	12842000	13045000	13329000
8	12447000	12842000	13048000	13328000
9	12448000	12841000	13046000	13328000
10	12448000	12842000	13045000	13327000
11	12448000	12841000	13043000	13327000
12	12448000	12840000	13045000	13328000
13	12446000	12840000	13045000	13326000
14	12448000	12841000	13045000	13327000
15	12448000	12840000	13045000	13327000
16	12449000	12842000	13046000	13329000
17	12449000	12842000	13047000	13328000
18	12449000	12842000	13044000	13329000
19	12448000	12842000	13047000	13327000
20	12450000	12841000	13049000	13329000
21	12447000	12842000	13047000	13328000
22	12449000	12842000	13047000	13329000
23	12447000	12842000	13048000	13327000
24	12449000	12842000	13045000	13329000
25	12448000	12843000	13046000	13329000
26	12450000	12841000	13048000	13330000
27	12448000	12842000	13045000	13327000
28	12449000	12842000	13048000	13329000
29	12448000	12841000	13044000	13329000
30	12448000	12843000	13048000	13328000
31	12448000	12841000	13046000	13327000
32	12449000	12843000	13048000	13328000
33	12449000	12844000	13047000	13328000
34	12450000	12844000	13047000	13330000
35	12448000	12841000	13045000	13328000
36	12448000	12844000	13048000	13328000
37	12448000	12842000	13047000	13328000
38	12447000	12842000	13047000	13326000
39	12446000	12841000	13044000	13327000
40	12446000	12842000	13047000	13326000
41	12446000	12842000	13046000	13326000
42	12447000	12843000	13047000	13326000
43	12447000	12840000	13044000	13326000
44	12447000	12841000	13046000	13327000
45	12447000	12839000	13045000	13327000
46	12446000	12841000	13044000	13327000
47	12448000	12842000	13044000	13327000
48	12448000	12845000	13048000	13329000
49	12446000	12842000	13047000	13326000
50	12448000	12842000	13045000	13328000
51	12447000	12842000	13046000	13327000
52	12449000	12843000	13048000	13329000
53	12446000	12842000	13046000	13326000
54	12449000	12842000	13047000	13327000
55	12448000	12843000	13047000	13328000
56	12448000	12843000	13047000	13328000
57	12447000	12843000	13047000	13327000
58	12449000	12843000	13047000	13328000
59	12448000	12841000	13046000	13328000
60	12447000	12843000	13047000	13327000
61	12446000	12841000	13045000	13326000
62	12448000	12843000	13048000	13328000
63	12446000	12842000	13047000	13327000
64	12448000	12842000	13048000	13327000
65	12447000	12840000	13043000	13328000
66	12447000	12841000	13046000	13327000
67	12447000	12843000	13046000	13327000
68	12448000	12841000	13046000	13327000
69	12448000	12843000	13047000	13327000
70	12447000	12845000	13050000	13328000
71	12447000	12842000	13046000	13328000
72	12446000	12844000	13047000	13326000
73	12447000	12842000	13045000	13328000
74	12447000	12843000	13044000	13327000
75	12446000	12842000	13046000	13327000
76	12446000	12842000	13045000	13326000
77	12445000	12841000	13044000	13325000
78	12448000	12842000	13049000	13327000
79	12446000	12842000	13044000	13326000
80	12447000	12842000	13046000	13327000
81	12448000	12842000	13047000	13328000
82	12448000	12842000	13047000	13329000
83	12448000	12841000	13046000	13328000
84	12447000	12842000	13045000	13327000
85	12447000	12841000	13045000	13326000
86	12448000	12840000	13044000	13329000
87	12447000	12840000	13045000	13328000
88	12448000	12841000	13046000	13328000
89	12447000	12839000	13042000	13327000
90	12447000	12841000	13045000	13327000
91	12446000	12840000	13045000	13327000
92	12447000	12841000	13046000	13326000
93	12447000	12843000	13045000	13327000
94	12447000	12843000	13047000	13327000
95	12447000	12841000	13047000	13327000
96	12448000	12841000	13046000	13327000
97	12446000	12841000	13046000	13328000
98	12445000	12840000	13046000	13326000
99	12447000	12841000	13047000	13327000
100	12447000	12841000	13045000	13327000
101	12447000	12841000	13047000	13327000
102	12446000	12841000	13046000	13327000
103	12447000	12841000	13046000	13328000
104	12447000	12842000	13045000	13326000
105	12445000	12840000	13045000	13326000
106	12447000	12840000	13045000	13326000
107	12448000	12841000	13046000	13328000
108	12446000	12842000	13049000	13327000
109	12447000	12843000	13045000	13326000
110	12447000	12843000	13045000	13326000
111	12449000	12842000	13044000	13327000
112	12449000	12843000	13046000	13328000
113	12447000	12840000	13044000	13327000
114	12447000	12840000	13046000	13327000
115	12447000	12841000	13046000	13327000
116	12448000	12843000	13049000	13328000
117	12448000	12843000	13048000	13328000
118	12448000	12842000	13048000	13328000
119	12447000	12843000	13047000	13328000
120	12447000	12841000	13046000	13328000
121	12446000	12845000	13049000	13328000
122	12448000	12842000	13048000	13327000
123	12449000	12842000	13046000	13330000
124	12449000	12843000	13048000	13328000
125	12446000	12843000	13047000	13328000
126	12448000	12842000	13048000	13328000
127	12448000	12842000	13046000	13328000
128	12449000	12841000	13047000	13328000
129	12447000	12841000	13045000	13326000
130	12447000	12843000	13048000	13328000
131	12447000	12840000	13046000	13326000
132	12447000	12840000	13044000	13327000
133	12447000	12841000	13045000	13326000
134	12448000	12842000	13047000	13328000
135	12446000	12841000	13046000	13327000
136	12446000	12838000	13044000	13326000
137	12447000	12842000	13046000	13327000
138	12446000	12842000	13045000	13325000
139	12447000	12840000	13046000	13326000
140	12448000	12841000	13042000	13325000
141	12449000	12841000	13044000	13327000
142	12447000	12842000	13046000	13326000
143	12447000	12841000	13046000	13327000
144	12447000	12842000	13046000	13327000
145	12449000	12842000	13047000	13327000
146	12447000	12842000	13045000	13327000
147	12448000	12843000	13048000	13327000
148	12447000	12843000	13047000	13327000
149	12449000	12843000	13047000	13323000
150	12448000	12844000	13047000	13327000
151	12449000	12844000	13048000	13329000
152	12448000	12840000	13047000	13327000
153	12446000	12843000	13046000	13325000
154	12446000	12841000	13045000	13325000
155	12447000	12841000	13045000	13327000
156	12447000	12845000	13048000	13326000
157	12447000	12841000	13045000	13325000
158	12447000	12840000	13044000	13326000
159	12448000	12841000	13044000	13326000
160	12449000	12841000	13046000	13328000
161	12448000	12842000	13043000	13326000
162	12447000	12842000	13045000	13325000
163	12448000	12842000	13046000	13325000
164	12448000	12844000	13047000	13327000
165	12447000	12842000	13046000	13327000
166	12447000	12841000	13044000	13327000
167	12448000	12842000	13046000	13327000
168	12446000	12842000	13045000	13326000
169	12446000	12844000	13048000	13326000
170	12447000	12842000	13045000	13327000
171	12446000	12844000	13046000	13325000
172	12447000	12841000	13046000	13327000
173	12445000	12842000	13045000	13325000
174	12446000	12844000	13046000	13326000
175	12446000	12841000	13045000	13325000
176	12448000	12841000	13044000	13326000
177	12445000	12842000	13046000	13326000
178	12445000	12843000	13047000	13324000
179	12447000	12842000	13045000	13326000
180	12447000	12843000	13047000	13327000
181	12446000	12842000	13046000	13326000
182	12447000	12844000	13046000	13327000
183	12447000	12843000	13046000	13327000
184	12447000	12842000	13046000	13326000
185	12446000	12841000	13045000	13326000
186	12446000	12841000	13044000	13325000
187	12448000	12842000	13046000	13327000
188	12449000	12845000	13049000	13329000
189	12447000	12842000	13044000	13326000
190	12448000	12843000	13048000	13327000
191	12446000	12844000	13046000	13326000
192	12447000	12842000	13045000	13327000
193	12447000	12843000	13046000	13326000
194	12446000	12842000	13046000	13326000
195	12447000	12843000	13047000	13326000
196	12446000	12842000	13047000	13326000
197	12447000	12842000	13044000	13325000
198	12446000	12843000	13047000	13326000
199	12446000	12842000	13045000	13325000
200	12446000	12844000	13047000	13324000
201	12446000	12840000	13043000	13326000
202	12447000	12842000	13044000	13326000
203	12447000	12842000	13046000	13327000
204	12446000	12844000	13047000	13325000
205	12446000	12843000	13046000	13325000
206	12446000	12841000	13046000	13326000
207	12447000	12840000	13043000	13325000
208	12447000	12841000	13044000	13325000
209	12447000	12842000	13046000	13326000
210	12448000	12842000	13045000	13327000
211	12446000	12841000	13045000	13325000
212	12447000	12840000	13043000	13325000
213	12447000	12843000	13043000	13326000
214	12448000	12842000	13044000	13326000
215	12448000	12842000	13045000	13325000
216	12447000	12843000	13046000	13326000
217	12448000	12842000	13045000	13325000
218	12448000	12844000	13048000	13327000
219	12448000	12843000	13045000	13327000
220	12447000	12843000	13045000	13326000
221	12447000	12841000	13044000	13327000
222	12448000	12842000	13044000	13326000
223	12447000	12840000	13045000	13326000
224	12446000	12843000	13046000	13325000
225	12446000	12843000	13045000	13326000
226	12442000	12843000	13046000	13324000
227	12446000	12842000	13045000	13325000
228	12449000	12843000	13047000	13329000
229	12446000	12841000	13046000	13326000
230	12449000	12843000	13047000	13328000
231	12448000	12842000	13047000	13327000
232	12447000	12843000	13048000	13327000
233	12449000	12843000	13047000	13329000
234	12449000	12842000	13047000	13329000
235	12449000	12844000	13048000	13329000
236	12448000	12842000	13046000	13328000
237	12449000	12843000	13044000	13328000
238	12448000	12843000	13046000	13327000
239	12448000	12843000	13047000	13328000
240	12449000	12843000	13045000	13327000
241	12450000	12844000	13047000	13328000
242	12449000	12843000	13046000	13328000
243	12450000	12843000	13045000	13329000
244	12448000	12844000	13047000	13328000
245	12448000	12842000	13046000	13329000
246	12449000	12842000	13044000	13329000
247	12448000	12843000	13048000	13328000
248	12448000	12847000	13048000	13330000
249	12448000	12842000	13045000	13328000
250	12447000	12841000	13042000	13327000
251	12447000	12842000	13046000	13327000
252	12446000	12843000	13047000	13327000
253	12448000	12841000	13044000	13328000
254	12446000	12843000	13045000	13328000
255	12447000	12845000	13048000	13327000
256	12446000	12842000	13044000	13325000
257	12448000	12842000	13043000	13327000
258	12446000	12840000	13046000	13327000
259	12447000	12841000	13046000	13327000
260	12448000	12841000	13043000	13327000
261	12449000	12843000	13048000	13328000
262	12448000	12844000	13047000	13327000
263	12448000	12842000	13045000	13328000
264	12448000	12845000	13046000	13328000
265	12448000	12841000	13043000	13327000
266	12448000	12840000	13042000	13327000
267	12446000	12840000	13043000	13327000
268	12446000	12842000	13044000	13327000
269	12444000	12845000	13048000	13324000
270	12446000	12842000	13044000	13325000
271	12447000	12843000	13045000	13327000
272	12449000	12842000	13046000	13327000
273	12446000	12844000	13046000	13327000
274	12446000	12842000	13043000	13326000
275	12445000	12844000	13045000	13324000
276	12448000	12841000	13044000	13328000
277	12447000	12844000	13046000	13327000
278	12447000	12841000	13047000	13328000
279	12448000	12844000	13047000	13329000
280	12447000	12842000	13043000	13327000
281	12446000	12844000	13047000	13327000
282	12446000	12843000	13044000	13326000
283	12446000	12842000	13045000	13326000
284	12446000	12843000	13046000	13326000
285	12446000	12841000	13045000	13326000
286	12446000	12841000	13044000	13326000
287	12444000	12843000	13045000	13323000
288	12448000	12842000	13046000	13328000
289	12448000	12841000	13044000	13328000
290	12447000	12842000	13045000	13326000
291	12446000	12843000	13046000	13326000
292	12448000	12842000	13045000	13327000
293	12447000	12841000	13043000	13326000
294	12446000	12844000	13047000	13326000
295	12445000	12843000	13044000	13324000
296	12447000	12844000	13046000	13327000
297	12448000	12841000	13044000	13328000
298	12445000	12845000	13047000	13325000
299	12446000	12842000	13046000	13327000
300	12447000	12842000	13045000	13327000
301	12447000	12840000	13043000	13326000
302	12448000	12842000	13044000	13327000
303	12446000	12843000	13045000	13327000
304	12449000	12845000	13049000	13327000
305	12448000	12842000	13044000	13328000
306	12445000	12843000	13046000	13325000
307	12447000	12842000	13045000	13327000
308	12446000	12841000	13044000	13327000
309	12446000	12841000	13045000	13326000
310	12447000	12842000	13045000	13325000
311	12446000	12842000	13046000	13328000
312	12446000	12845000	13048000	13326000
313	12448000	12841000	13045000	13327000
314	12447000	12842000	13046000	13328000
315	12446000	12841000	13044000	13325000
316	12447000	12843000	13046000	13327000
317	12445000	12842000	13046000	13326000
318	12446000	12844000	13046000	13325000
319	12446000	12841000	13045000	13325000
320	12446000	12842000	13046000	13327000
321	12447000	12842000	13043000	13327000
322	12446000	12844000	13048000	13326000
323	12447000	12843000	13047000	13325000
324	12446000	12841000	13046000	13326000
325	12446000	12843000	13046000	13327000
326	12447000	12841000	13043000	13324000
327	12447000	12840000	13044000	13325000
328	12446000	12843000	13045000	13326000
329	12445000	12845000	13047000	13325000
330	12446000	12840000	13046000	13325000
331	12445000	12839000	13044000	13324000
332	12446000	12841000	13047000	13326000
333	12446000	12840000	13044000	13325000
334	12447000	12841000	13044000	13325000
335	12445000	12839000	13045000	13325000
336	12444000	12840000	13046000	13324000
337	12446000	12841000	13045000	13325000
338	12446000	12841000	13044000	13325000
339	12446000	12840000	13044000	13325000
340	12445000	12842000	13048000	13324000
341	12445000	12841000	13045000	13325000
342	12445000	12841000	13045000	13325000
343	12447000	12841000	13044000	13326000
344	12446000	12839000	13044000	13324000
345	12444000	12838000	13042000	13323000
346	12444000	12839000	13044000	13324000
347	12444000	12839000	13044000	13323000
348	12444000	12840000	13043000	13325000
349	12446000	12841000	13045000	13325000
350	12446000	12839000	13044000	13327000
351	12445000	12840000	13045000	13326000
352	12445000	12840000	13044000	13325000
353	12446000	12839000	13045000	13326000
354	12445000	12840000	13044000	13326000
355	12444000	12837000	13042000	13324000
356	12444000	12841000	13046000	13324000
357	12445000	12840000	13045000	13325000
358	12446000	12840000	13043000	13325000
359	12446000	12841000	13045000	13326000
360	12445000	12840000	13044000	13324000
361	12447000	12842000	13045000	13326000
362	12446000	12841000	13044000	13325000
363	12446000	12840000	13044000	13325000
364	12446000	12841000	13044000	13326000
365	12445000	12840000	13044000	13325000
366	12445000	12842000	13045000	13323000
367	12444000	12840000	13046000	13325000
368	12446000	12840000	13047000	13326000
369	12447000	12841000	13045000	13327000
370	12448000	12842000	13048000	13326000
371	12446000	12840000	13044000	13325000
372	12445000	12843000	13047000	13326000
373	12446000	12840000	13044000	13325000
374	12445000	12839000	13044000	13326000
375	12445000	12841000	13047000	13326000
376	12447000	12841000	13044000	13326000
377	12446000	12841000	13044000	13325000
378	12447000	12842000	13046000	13326000
379	12447000	12843000	13045000	13325000
380	12446000	12841000	13046000	13325000
381	12444000	12841000	13043000	13325000
382	12444000	12839000	13043000	13325000
383	12444000	12840000	13044000	13324000
384	12444000	12846000	13049000	13324000
385	12442000	12844000	13046000	13322000
386	12445000	12841000	13044000	13326000
387	12446000	12841000	13043000	13325000
388	12445000	12841000	13045000	13325000
389	12444000	12844000	13045000	13323000
390	12445000	12841000	13043000	13325000
391	12446000	12842000	13045000	13325000
392	12445000	12842000	13044000	13324000
393	12445000	12839000	13046000	13325000
394	12442000	12843000	13046000	13321000
395	12442000	12845000	13048000	13321000
396	12443000	12843000	13045000	13322000
397	12444000	12840000	13044000	13324000
398	12444000	12842000	13045000	13324000
399	12447000	12842000	13044000	13326000
400	12445000	12840000	13045000	13325000
401	12443000	12839000	13043000	13324000
402	12445000	12841000	13044000	13324000
403	12447000	12842000	13046000	13326000
404	12445000	12840000	13044000	13324000
405	12447000	12842000	13046000	13327000
406	12446000	12842000	13047000	13325000
407	12445000	12838000	13042000	13324000
408	12445000	12843000	13047000	13325000
409	12446000	12841000	13045000	13326000
410	12447000	12842000	13045000	13327000
411	12446000	12840000	13044000	13325000
412	12446000	12841000	13044000	13325000
413	12446000	12840000	13045000	13325000
414	12447000	12841000	13045000	13326000
415	12447000	12841000	13045000	13326000
416	12446000	12841000	13045000	13325000
417	12446000	12841000	13045000	13325000
418	12446000	12842000	13042000	13326000
419	12447000	12842000	13047000	13326000
420	12447000	12841000	13046000	13327000
421	12448000	12840000	13045000	13327000
422	12446000	12841000	13047000	13325000
423	12445000	12843000	13046000	13325000
424	12447000	12843000	13047000	13325000
425	12448000	12841000	13044000	13326000
426	12448000	12844000	13047000	13327000
427	12445000	12841000	13045000	13325000
428	12446000	12842000	13046000	13325000
429	12446000	12843000	13047000	13326000
430	12446000	12843000	13047000	13327000
431	12448000	12843000	13046000	13328000
432	12447000	12842000	13044000	13325000
433	12446000	12840000	13045000	13326000
434	12447000	12844000	13046000	13326000
435	12447000	12841000	13045000	13326000
436	12445000	12841000	13046000	13325000
437	12446000	12839000	13044000	13325000
438	12445000	12839000	13044000	13325000
439	12445000	12839000	13044000	13327000
440	12444000	12842000	13046000	13326000
441	12445000	12841000	13046000	13325000
442	12445000	12842000	13046000	13325000
443	12445000	12843000	13045000	13325000
444	12445000	12840000	13044000	13325000
445	12445000	12840000	13046000	13324000
446	12446000	12842000	13047000	13327000
447	12446000	12842000	13047000	13325000
448	12447000	12842000	13047000	13327000
449	12447000	12840000	13044000	13326000
450	12444000	12842000	13047000	13324000
451	12444000	12839000	13044000	13325000
452	12448000	12841000	13045000	13326000
453	12446000	12843000	13046000	13325000
454	12445000	12840000	13045000	13324000
455	12446000	12843000	13045000	13327000
456	12446000	12842000	13046000	13325000
457	12446000	12841000	13046000	13325000
458	12445000	12843000	13047000	13324000
459	12445000	12841000	13045000	13325000
460	12446000	12844000	13047000	13326000
461	12448000	12843000	13042000	13327000
462	12446000	12842000	13046000	13326000
463	12445000	12843000	13046000	13325000
464	12446000	12842000	13046000	13326000
465	12445000	12842000	13045000	13325000
466	12446000	12843000	13045000	13325000
467	12447000	12842000	13045000	13327000
468	12446000	12842000	13045000	13326000
469	12446000	12841000	13045000	13327000
470	12446000	12841000	13046000	13326000
471	12444000	12840000	13045000	13324000
472	12445000	12841000	13045000	13326000
473	12444000	12844000	13047000	13325000
474	12444000	12844000	13047000	13324000
475	12446000	12843000	13047000	13326000
476	12446000	12841000	13045000	13326000
477	12445000	12842000	13044000	13326000
478	12446000	12842000	13046000	13326000
479	12446000	12842000	13045000	13326000
480	12445000	12841000	13045000	13325000
481	12444000	12841000	13045000	13325000
482	12445000	12842000	13045000	13325000
483	12446000	12841000	13045000	13327000
484	12445000	12840000	13045000	13325000
485	12447000	12841000	13042000	13327000
486	12445000	12842000	13047000	13326000
487	12445000	12842000	13045000	13326000
488	12446000	12840000	13042000	13325000
489	12445000	12842000	13046000	13326000
490	12446000	12843000	13045000	13326000
491	12444000	12841000	13044000	13325000
492	12445000	12840000	13043000	13326000
493	12446000	12840000	13043000	13326000
494	12444000	12844000	13046000	13325000
495	12445000	12840000	13045000	13326000
496	12445000	12840000	13046000	13326000
497	12448000	12841000	13046000	13327000
498	12446000	12840000	13045000	13326000
499	12447000	12841000	13046000	13328000

============================================================
# BITSTREAM: 1ms_101etapas.bit
# VENTANA: 1ms
# ETAPAS_PRINCIPAL: 101
# NUM_MUESTRAS: 500
# FORMATO: idx	freq1_hz	freq2_hz	freq3_hz	freq4_hz
============================================================
idx	freq1_hz	freq2_hz	freq3_hz	freq4_hz
0	0	8938000	8209000	9609000
1	8440000	8938000	8210000	9608000
2	8433000	8938000	8209000	9608000
3	8440000	8940000	8210000	9609000
4	8440000	8940000	8209000	9609000
5	8441000	8940000	8210000	9609000
6	8440000	8940000	8209000	9609000
7	8440000	8940000	8211000	9612000
8	8440000	8940000	8210000	9609000
9	8440000	8940000	8211000	9608000
10	8441000	8938000	8209000	9608000
11	8440000	8940000	8212000	9608000
12	8440000	8938000	8210000	9609000
13	8439000	8938000	8210000	9609000
14	8438000	8938000	8209000	9608000
15	8439000	8938000	8210000	9609000
16	8439000	8938000	8211000	9608000
17	8440000	8940000	8210000	9608000
18	8439000	8938000	8209000	9609000
19	8438000	8938000	8210000	9608000
20	8440000	8940000	8210000	9608000
21	8439000	8938000	8210000	9609000
22	8440000	8936000	8209000	9608000
23	8439000	8940000	8211000	9608000
24	8439000	8938000	8210000	9609000
25	8438000	8938000	8211000	9608000
26	8439000	8938000	8210000	9609000
27	8440000	8938000	8211000	9609000
28	8439000	8938000	8210000	9609000
29	8439000	8938000	8211000	9609000
30	8439000	8938000	8211000	9609000
31	8439000	8938000	8211000	9608000
32	8438000	8938000	8210000	9609000
33	8439000	8938000	8210000	9609000
34	8438000	8936000	8208000	9605000
35	8438000	8938000	8209000	9609000
36	8439000	8938000	8210000	9609000
37	8440000	8938000	8211000	9608000
38	8439000	8938000	8210000	9609000
39	8439000	8938000	8211000	9609000
40	8439000	8938000	8210000	9608000
41	8439000	8938000	8211000	9609000
42	8439000	8938000	8210000	9609000
43	8439000	8938000	8211000	9608000
44	8439000	8938000	8210000	9609000
45	8440000	8938000	8211000	9609000
46	8439000	8938000	8209000	9609000
47	8447000	8940000	8210000	9609000
48	8439000	8938000	8209000	9609000
49	8439000	8938000	8210000	9609000
50	8438000	8938000	8209000	9609000
51	8439000	8938000	8211000	9608000
52	8439000	8936000	8209000	9609000
53	8439000	8936000	8210000	9608000
54	8438000	8938000	8210000	9609000
55	8437000	8938000	8210000	9609000
56	8439000	8938000	8210000	9608000
57	8439000	8940000	8211000	9609000
58	8438000	8938000	8209000	9609000
59	8438000	8938000	8210000	9608000
60	8438000	8936000	8209000	9609000
61	8438000	8938000	8209000	9608000
62	8439000	8936000	8209000	9608000
63	8439000	8938000	8211000	9608000
64	8439000	8938000	8208000	9608000
65	8439000	8938000	8210000	9609000
66	8440000	8938000	8210000	9609000
67	8439000	8938000	8210000	9609000
68	8439000	8938000	8210000	9609000
69	8438000	8938000	8210000	9609000
70	8438000	8938000	8209000	9609000
71	8439000	8938000	8210000	9609000
72	8439000	8938000	8210000	9609000
73	8439000	8938000	8210000	9609000
74	8439000	8938000	8210000	9608000
75	8439000	8938000	8210000	9609000
76	8439000	8936000	8208000	9608000
77	8438000	8938000	8210000	9608000
78	8439000	8938000	8210000	9609000
79	8438000	8938000	8210000	9609000
80	8439000	8938000	8209000	9609000
81	8438000	8938000	8211000	9609000
82	8439000	8940000	8211000	9609000
83	8439000	8940000	8211000	9608000
84	8439000	8938000	8209000	9608000
85	8438000	8938000	8210000	9609000
86	8437000	8936000	8208000	9608000
87	8439000	8936000	8209000	9608000
88	8438000	8938000	8210000	9609000
89	8439000	8938000	8210000	9609000
90	8439000	8936000	8209000	9609000
91	8439000	8938000	8210000	9609000
92	8438000	8936000	8209000	9608000
93	8438000	8938000	8210000	9609000
94	8438000	8938000	8209000	9609000
95	8437000	8938000	8209000	9609000
96	8438000	8936000	8208000	9609000
97	8437000	8938000	8210000	9609000
98	8438000	8938000	8208000	9609000
99	8437000	8936000	8210000	9608000
100	8438000	8936000	8209000	9609000
101	8439000	8938000	8210000	9609000
102	8439000	8938000	8210000	9609000
103	8438000	8938000	8211000	9609000
104	8438000	8936000	8208000	9609000
105	8438000	8938000	8211000	9608000
106	8439000	8938000	8209000	9609000
107	8437000	8936000	8211000	9608000
108	8437000	8936000	8209000	9608000
109	8438000	8938000	8210000	9608000
110	8437000	8936000	8208000	9605000
111	8437000	8936000	8209000	9608000
112	8439000	8936000	8209000	9609000
113	8438000	8938000	8210000	9609000
114	8438000	8936000	8209000	9608000
115	8437000	8936000	8209000	9608000
116	8437000	8936000	8208000	9608000
117	8437000	8936000	8209000	9605000
118	8439000	8936000	8209000	9609000
119	8438000	8938000	8210000	9609000
120	8439000	8936000	8209000	9608000
121	8438000	8936000	8210000	9608000
122	8437000	8936000	8209000	9608000
123	8438000	8938000	8210000	9608000
124	8439000	8938000	8210000	9609000
125	8438000	8936000	8210000	9609000
126	8438000	8936000	8209000	9608000
127	8438000	8936000	8210000	9609000
128	8438000	8936000	8209000	9608000
129	8438000	8936000	8209000	9605000
130	8438000	8936000	8209000	9608000
131	8437000	8938000	8211000	9608000
132	8439000	8936000	8208000	9609000
133	8438000	8938000	8210000	9609000
134	8438000	8936000	8209000	9608000
135	8437000	8936000	8209000	9608000
136	8438000	8938000	8209000	9608000
137	8438000	8938000	8211000	9609000
138	8439000	8938000	8210000	9608000
139	8438000	8938000	8210000	9609000
140	8439000	8936000	8209000	9609000
141	8438000	8936000	8210000	9608000
142	8438000	8936000	8208000	9609000
143	8438000	8938000	8210000	9609000
144	8437000	8936000	8209000	9608000
145	8438000	8938000	8211000	9609000
146	8439000	8938000	8210000	9608000
147	8439000	8938000	8211000	9608000
148	8438000	8936000	8209000	9609000
149	8438000	8936000	8209000	9608000
150	8438000	8936000	8209000	9609000
151	8438000	8936000	8210000	9608000
152	8439000	8938000	8210000	9608000
153	8438000	8936000	8209000	9608000
154	8437000	8936000	8209000	9608000
155	8437000	8936000	8209000	9608000
156	8437000	8936000	8208000	9608000
157	8438000	8936000	8210000	9608000
158	8438000	8938000	8209000	9608000
159	8437000	8936000	8210000	9608000
160	8438000	8936000	8208000	9608000
161	8438000	8936000	8210000	9608000
162	8437000	8936000	8209000	9605000
163	8439000	8938000	8210000	9609000
164	8439000	8936000	8209000	9608000
165	8437000	8936000	8209000	9608000
166	8438000	8936000	8208000	9608000
167	8437000	8936000	8209000	9605000
168	8438000	8936000	8209000	9608000
169	8437000	8936000	8209000	9605000
170	8437000	8936000	8209000	9605000
171	8437000	8938000	8210000	9608000
172	8437000	8936000	8208000	9605000
173	8437000	8938000	8210000	9608000
174	8438000	8938000	8209000	9609000
175	8439000	8938000	8210000	9609000
176	8437000	8936000	8209000	9608000
177	8439000	8938000	8210000	9609000
178	8440000	8938000	8210000	9609000
179	8438000	8938000	8210000	9608000
180	8439000	8936000	8209000	9609000
181	8439000	8938000	8211000	9609000
182	8438000	8938000	8209000	9609000
183	8438000	8936000	8210000	9609000
184	8439000	8936000	8210000	9609000
185	8438000	8936000	8210000	9609000
186	8439000	8938000	8209000	9608000
187	8438000	8936000	8210000	9609000
188	8438000	8936000	8209000	9608000
189	8438000	8938000	8211000	9609000
190	8438000	8936000	8208000	9608000
191	8438000	8938000	8209000	9608000
192	8438000	8938000	8209000	9609000
193	8438000	8938000	8210000	9608000
194	8438000	8938000	8209000	9609000
195	8438000	8938000	8211000	9609000
196	8438000	8938000	8209000	9609000
197	8439000	8938000	8210000	9609000
198	8439000	8938000	8209000	9609000
199	8439000	8938000	8210000	9609000
200	8439000	8936000	8208000	9609000
201	8438000	8938000	8210000	9609000
202	8439000	8938000	8210000	9609000
203	8440000	8938000	8211000	9608000
204	8439000	8938000	8209000	9609000
205	8438000	8938000	8210000	9609000
206	8439000	8938000	8209000	9609000
207	8439000	8938000	8211000	9609000
208	8438000	8938000	8209000	9609000
209	8438000	8936000	8210000	9609000
210	8439000	8938000	8209000	9609000
211	8439000	8936000	8209000	9608000
212	8438000	8938000	8209000	9609000
213	8439000	8936000	8209000	9608000
214	8438000	8936000	8209000	9609000
215	8439000	8938000	8211000	9608000
216	8438000	8938000	8208000	9609000
217	8439000	8938000	8209000	9609000
218	8437000	8936000	8209000	9608000
219	8439000	8938000	8210000	9609000
220	8440000	8938000	8209000	9608000
221	8439000	8938000	8211000	9608000
222	8438000	8938000	8209000	9609000
223	8439000	8938000	8211000	9609000
224	8438000	8936000	8209000	9608000
225	8439000	8938000	8211000	9608000
226	8439000	8938000	8210000	9609000
227	8439000	8938000	8210000	9609000
228	8438000	8938000	8209000	9609000
229	8437000	8936000	8209000	9609000
230	8438000	8938000	8210000	9608000
231	8439000	8938000	8210000	9609000
232	8439000	8940000	8210000	9609000
233	8439000	8938000	8211000	9608000
234	8439000	8938000	8210000	9609000
235	8439000	8938000	8210000	9608000
236	8439000	8938000	8209000	9609000
237	8439000	8938000	8211000	9608000
238	8439000	8938000	8209000	9608000
239	8438000	8938000	8210000	9609000
240	8439000	8938000	8210000	9609000
241	8439000	8938000	8210000	9609000
242	8439000	8938000	8209000	9609000
243	8437000	8936000	8210000	9609000
244	8439000	8936000	8208000	9609000
245	8439000	8936000	8210000	9609000
246	8438000	8936000	8208000	9608000
247	8439000	8938000	8210000	9609000
248	8437000	8936000	8209000	9609000
249	8438000	8938000	8211000	9609000
250	8439000	8938000	8210000	9608000
251	8439000	8938000	8210000	9608000
252	8438000	8938000	8209000	9609000
253	8439000	8938000	8210000	9609000
254	8438000	8938000	8210000	9608000
255	8438000	8936000	8209000	9608000
256	8440000	8938000	8209000	9608000
257	8438000	8938000	8210000	9609000
258	8439000	8938000	8210000	9609000
259	8439000	8938000	8210000	9609000
260	8441000	8940000	8211000	9612000
261	8439000	8940000	8211000	9609000
262	8439000	8938000	8210000	9608000
263	8438000	8938000	8210000	9609000
264	8437000	8936000	8209000	9608000
265	8438000	8938000	8210000	9609000
266	8438000	8936000	8208000	9608000
267	8438000	8936000	8210000	9609000
268	8439000	8938000	8209000	9609000
269	8438000	8938000	8211000	9609000
270	8439000	8938000	8210000	9608000
271	8439000	8938000	8212000	9608000
272	8438000	8938000	8210000	9609000
273	8439000	8938000	8210000	9609000
274	8438000	8938000	8209000	9608000
275	8439000	8938000	8211000	9609000
276	8439000	8938000	8210000	9609000
277	8438000	8938000	8210000	9608000
278	8438000	8936000	8209000	9608000
279	8439000	8938000	8210000	9609000
280	8438000	8936000	8209000	9608000
281	8438000	8938000	8210000	9608000
282	8438000	8938000	8209000	9609000
283	8439000	8938000	8210000	9609000
284	8438000	8938000	8210000	9609000
285	8438000	8936000	8210000	9609000
286	8438000	8936000	8209000	9609000
287	8438000	8938000	8210000	9609000
288	8439000	8938000	8210000	9609000
289	8438000	8938000	8210000	9608000
290	8438000	8938000	8210000	9609000
291	8439000	8938000	8211000	9609000
292	8439000	8938000	8210000	9609000
293	8438000	8936000	8211000	9609000
294	8438000	8936000	8208000	9609000
295	8440000	8938000	8211000	9609000
296	8439000	8938000	8210000	9609000
297	8440000	8938000	8211000	9608000
298	8439000	8938000	8209000	9609000
299	8439000	8938000	8211000	9609000
300	8438000	8938000	8208000	9608000
301	8440000	8938000	8211000	9609000
302	8440000	8938000	8210000	9609000
303	8439000	8938000	8212000	9609000
304	8440000	8938000	8210000	9609000
305	8438000	8936000	8210000	9608000
306	8439000	8938000	8210000	9608000
307	8438000	8938000	8210000	9609000
308	8438000	8938000	8209000	9609000
309	8438000	8938000	8210000	9609000
310	8438000	8936000	8210000	9609000
311	8439000	8938000	8210000	9609000
312	8439000	8938000	8210000	9609000
313	8439000	8938000	8210000	9609000
314	8438000	8938000	8209000	9609000
315	8439000	8938000	8211000	9608000
316	8438000	8936000	8209000	9609000
317	8440000	8938000	8210000	9609000
318	8440000	8938000	8210000	9609000
319	8438000	8938000	8210000	9608000
320	8438000	8936000	8209000	9608000
321	8438000	8936000	8210000	9608000
322	8439000	8938000	8210000	9609000
323	8439000	8936000	8211000	9608000
324	8438000	8936000	8209000	9609000
325	8438000	8938000	8210000	9609000
326	8439000	8938000	8209000	9609000
327	8439000	8938000	8211000	9608000
328	8439000	8938000	8210000	9609000
329	8439000	8938000	8211000	9608000
330	8439000	8938000	8209000	9608000
331	8439000	8938000	8211000	9608000
332	8438000	8936000	8209000	9608000
333	8439000	8938000	8211000	9609000
334	8439000	8938000	8210000	9608000
335	8437000	8936000	8211000	9608000
336	8438000	8936000	8209000	9608000
337	8437000	8936000	8210000	9608000
338	8437000	8936000	8208000	9605000
339	8438000	8936000	8210000	9609000
340	8438000	8936000	8207000	9605000
341	8437000	8936000	8209000	9608000
342	8437000	8936000	8208000	9605000
343	8437000	8936000	8208000	9605000
344	8438000	8936000	8207000	9605000
345	8437000	8934000	8208000	9605000
346	8438000	8936000	8207000	9605000
347	8438000	8938000	8209000	9605000
348	8437000	8936000	8208000	9605000
349	8436000	8934000	8208000	9605000
350	8438000	8936000	8208000	9608000
351	8438000	8938000	8210000	9609000
352	8438000	8936000	8208000	9608000
353	8437000	8936000	8209000	9608000
354	8438000	8936000	8208000	9608000
355	8438000	8938000	8209000	9608000
356	8437000	8936000	8208000	9608000
357	8438000	8936000	8209000	9605000
358	8437000	8936000	8209000	9608000
359	8438000	8936000	8208000	9608000
360	8437000	8936000	8209000	9608000
361	8437000	8936000	8209000	9608000
362	8437000	8936000	8208000	9608000
363	8438000	8936000	8209000	9608000
364	8438000	8936000	8208000	9608000
365	8438000	8936000	8209000	9608000
366	8437000	8936000	8208000	9608000
367	8438000	8936000	8209000	9608000
368	8438000	8936000	8209000	9609000
369	8437000	8936000	8209000	9605000
370	8438000	8936000	8208000	9605000
371	8439000	8938000	8210000	9609000
372	8438000	8936000	8209000	9609000
373	8438000	8938000	8209000	9608000
374	8438000	8936000	8209000	9608000
375	8438000	8938000	8210000	9609000
376	8438000	8938000	8209000	9608000
377	8438000	8936000	8209000	9608000
378	8438000	8938000	8209000	9609000
379	8438000	8936000	8209000	9608000
380	8437000	8936000	8208000	9608000
381	8438000	8936000	8210000	9608000
382	8438000	8936000	8208000	9605000
383	8437000	8936000	8209000	9608000
384	8437000	8936000	8209000	9608000
385	8438000	8936000	8209000	9608000
386	8438000	8936000	8208000	9605000
387	8438000	8936000	8209000	9605000
388	8438000	8936000	8208000	9608000
389	8438000	8936000	8210000	9608000
390	8438000	8936000	8209000	9608000
391	8438000	8938000	8210000	9609000
392	8437000	8936000	8208000	9608000
393	8437000	8936000	8209000	9608000
394	8437000	8934000	8207000	9605000
395	8438000	8936000	8210000	9608000
396	8438000	8936000	8208000	9608000
397	8436000	8934000	8209000	9605000
398	8438000	8936000	8207000	9608000
399	8436000	8934000	8208000	9604000
400	8437000	8934000	8208000	9605000
401	8437000	8936000	8208000	9604000
402	8436000	8936000	8208000	9605000
403	8437000	8936000	8209000	9608000
404	8438000	8936000	8208000	9608000
405	8437000	8936000	8209000	9604000
406	8437000	8936000	8209000	9605000
407	8438000	8936000	8209000	9608000
408	8437000	8936000	8207000	9605000
409	8437000	8936000	8208000	9604000
410	8436000	8940000	8208000	9605000
411	8437000	8936000	8209000	9608000
412	8437000	8936000	8208000	9605000
413	8436000	8934000	8213000	9605000
414	8437000	8936000	8209000	9605000
415	8437000	8936000	8209000	9605000
416	8436000	8932000	8207000	9604000
417	8438000	8936000	8209000	9608000
418	8437000	8936000	8208000	9608000
419	8439000	8936000	8210000	9608000
420	8437000	8936000	8208000	9605000
421	8438000	8936000	8209000	9605000
422	8437000	8936000	8208000	9608000
423	8437000	8934000	8208000	9605000
424	8437000	8936000	8208000	9605000
425	8437000	8936000	8209000	9605000
426	8436000	8934000	8207000	9604000
427	8437000	8936000	8208000	9605000
428	8437000	8936000	8208000	9605000
429	8436000	8936000	8209000	9605000
430	8439000	8936000	8208000	9608000
431	8438000	8938000	8210000	9609000
432	8437000	8936000	8208000	9608000
433	8437000	8936000	8209000	9605000
434	8437000	8936000	8208000	9605000
435	8437000	8936000	8210000	9605000
436	8438000	8936000	8208000	9605000
437	8437000	8936000	8209000	9605000
438	8438000	8936000	8209000	9608000
439	8437000	8936000	8209000	9608000
440	8437000	8936000	8209000	9605000
441	8438000	8938000	8210000	9608000
442	8437000	8936000	8209000	9608000
443	8438000	8936000	8210000	9609000
444	8438000	8938000	8209000	9608000
445	8437000	8936000	8210000	9608000
446	8437000	8936000	8208000	9609000
447	8439000	8938000	8210000	9609000
448	8438000	8936000	8208000	9608000
449	8439000	8938000	8210000	9609000
450	8439000	8936000	8209000	9609000
451	8438000	8936000	8209000	9608000
452	8438000	8936000	8209000	9609000
453	8438000	8936000	8210000	9608000
454	8437000	8936000	8209000	9608000
455	8438000	8936000	8209000	9608000
456	8437000	8936000	8207000	9605000
457	8437000	8936000	8208000	9605000
458	8436000	8936000	8208000	9605000
459	8436000	8936000	8208000	9608000
460	8436000	8934000	8208000	9605000
461	8438000	8936000	8209000	9605000
462	8436000	8936000	8207000	9605000
463	8437000	8936000	8221000	9608000
464	8437000	8936000	8208000	9605000
465	8436000	8936000	8208000	9605000
466	8437000	8936000	8208000	9608000
467	8438000	8936000	8209000	9608000
468	8436000	8936000	8208000	9605000
469	8437000	8936000	8209000	9608000
470	8437000	8936000	8208000	9608000
471	8439000	8936000	8210000	9609000
472	8439000	8938000	8209000	9609000
473	8437000	8936000	8209000	9608000
474	8437000	8936000	8208000	9605000
475	8437000	8936000	8210000	9608000
476	8438000	8936000	8208000	9608000
477	8437000	8936000	8209000	9605000
478	8437000	8936000	8208000	9605000
479	8436000	8936000	8209000	9605000
480	8438000	8936000	8208000	9608000
481	8438000	8936000	8209000	9605000
482	8437000	8936000	8208000	9605000
483	8436000	8936000	8209000	9605000
484	8437000	8936000	8209000	9608000
485	8436000	8934000	8208000	9604000
486	8437000	8936000	8208000	9605000
487	8437000	8936000	8210000	9608000
488	8438000	8936000	8208000	9608000
489	8437000	8936000	8210000	9605000
490	8437000	8936000	8208000	9605000
491	8436000	8936000	8208000	9605000
492	8438000	8936000	8208000	9605000
493	8437000	8936000	8210000	9605000
494	8436000	8934000	8208000	9604000
495	8437000	8934000	8209000	9605000
496	8438000	8936000	8208000	9609000
497	8437000	8936000	8208000	9605000
498	8436000	8936000	8207000	9605000
499	8436000	8936000	8209000	9605000

============================================================
# BITSTREAM: 100us_3etapas.bit
# VENTANA: 100us
# ETAPAS_PRINCIPAL: 3
# NUM_MUESTRAS: 500
# FORMATO: idx	freq1_hz	freq2_hz	freq3_hz	freq4_hz
============================================================
idx	freq1_hz	freq2_hz	freq3_hz	freq4_hz
0	0	35170000	35170000	35170000
1	35180000	35190000	35190000	35190000
2	35180000	35180000	35180000	35180000
3	35180000	35180000	35180000	35180000
4	35180000	35180000	35180000	35180000
5	35190000	35180000	35180000	35180000
6	35180000	35190000	35190000	35190000
7	35190000	35190000	35190000	35190000
8	35190000	35190000	35190000	35190000
9	35190000	35190000	35190000	35190000
10	35180000	35180000	35180000	35180000
11	35180000	35180000	35180000	35180000
12	35180000	35180000	35180000	35180000
13	35190000	35190000	35190000	35190000
14	35180000	35180000	35180000	35180000
15	35170000	35170000	35170000	35170000
16	35180000	35180000	35180000	35180000
17	35180000	35170000	35180000	35180000
18	35180000	35180000	35180000	35180000
19	35180000	35180000	35180000	35180000
20	35190000	35190000	35190000	35190000
21	35190000	35180000	35180000	35180000
22	35180000	35190000	35190000	35190000
23	35180000	35180000	35180000	35180000
24	35180000	35190000	35190000	35190000
25	35190000	35190000	35190000	35190000
26	35180000	35180000	35180000	35180000
27	35190000	35190000	35190000	35190000
28	35190000	35190000	35190000	35190000
29	35180000	35170000	35180000	35180000
30	35190000	35190000	35190000	35190000
31	35190000	35190000	35190000	35190000
32	35180000	35180000	35180000	35180000
33	35180000	35180000	35180000	35180000
34	35180000	35180000	35180000	35180000
35	35190000	35190000	35190000	35190000
36	35170000	35170000	35170000	35170000
37	35180000	35180000	35180000	35180000
38	35190000	35190000	35190000	35190000
39	35180000	35190000	35190000	35190000
40	35180000	35180000	35180000	35180000
41	35180000	35180000	35180000	35180000
42	35180000	35180000	35180000	35180000
43	35170000	35170000	35170000	35170000
44	35180000	35190000	35190000	35190000
45	35180000	35180000	35180000	35180000
46	35190000	35190000	35190000	35190000
47	35180000	35180000	35180000	35180000
48	35180000	35180000	35180000	35180000
49	35190000	35180000	35180000	35180000
50	35180000	35180000	35180000	35180000
51	35180000	35180000	35180000	35180000
52	35180000	35180000	35180000	35180000
53	35180000	35180000	35180000	35180000
54	35180000	35180000	35180000	35180000
55	35190000	35180000	35180000	35180000
56	35180000	35180000	35180000	35180000
57	35190000	35190000	35190000	35190000
58	35180000	35190000	35190000	35190000
59	35190000	35190000	35190000	35190000
60	35190000	35190000	35190000	35190000
61	35190000	35190000	35190000	35190000
62	35180000	35180000	35180000	35180000
63	35180000	35180000	35180000	35180000
64	35180000	35180000	35180000	35180000
65	35190000	35190000	35190000	35190000
66	35190000	35190000	35190000	35190000
67	35190000	35190000	35190000	35190000
68	35190000	35190000	35190000	35190000
69	35190000	35180000	35180000	35180000
70	35190000	35190000	35190000	35190000
71	35190000	35190000	35190000	35190000
72	35190000	35190000	35190000	35190000
73	35190000	35190000	35190000	35190000
74	35180000	35180000	35180000	35180000
75	35180000	35180000	35180000	35180000
76	35180000	35180000	35180000	35180000
77	35180000	35180000	35180000	35180000
78	35190000	35190000	35190000	35190000
79	35180000	35180000	35180000	35180000
80	35170000	35170000	35170000	35170000
81	35180000	35180000	35180000	35180000
82	35190000	35180000	35180000	35190000
83	35190000	35180000	35180000	35180000
84	35180000	35180000	35180000	35180000
85	35190000	35190000	35190000	35190000
86	35180000	35180000	35180000	35180000
87	35190000	35190000	35190000	35190000
88	35190000	35180000	35180000	35180000
89	35180000	35180000	35180000	35180000
90	35200000	35190000	35190000	35190000
91	35190000	35190000	35190000	35190000
92	35180000	35180000	35180000	35180000
93	35190000	35190000	35190000	35190000
94	35190000	35190000	35190000	35190000
95	35180000	35180000	35180000	35180000
96	35190000	35190000	35190000	35190000
97	35180000	35180000	35180000	35180000
98	35180000	35180000	35180000	35180000
99	35190000	35190000	35190000	35190000
100	35190000	35190000	35190000	35190000
101	35190000	35190000	35190000	35190000
102	35190000	35190000	35190000	35190000
103	35190000	35190000	35190000	35190000
104	35190000	35180000	35180000	35180000
105	35180000	35180000	35180000	35180000
106	35180000	35180000	35180000	35180000
107	35190000	35180000	35180000	35180000
108	35200000	35190000	35190000	35200000
109	35180000	35180000	35180000	35180000
110	35180000	35180000	35180000	35180000
111	35180000	35180000	35180000	35180000
112	35190000	35190000	35190000	35190000
113	35180000	35190000	35190000	35180000
114	35180000	35170000	35170000	35170000
115	35190000	35190000	35190000	35190000
116	35180000	35190000	35190000	35190000
117	35180000	35180000	35180000	35180000
118	35180000	35190000	35190000	35180000
119	35190000	35190000	35190000	35190000
120	35180000	35180000	35180000	35180000
121	35180000	35180000	35180000	35180000
122	35190000	35190000	35190000	35190000
123	35170000	35170000	35170000	35170000
124	35180000	35180000	35180000	35180000
125	35180000	35180000	35180000	35180000
126	35180000	35180000	35180000	35180000
127	35180000	35180000	35180000	35180000
128	35190000	35180000	35180000	35180000
129	35180000	35180000	35180000	35180000
130	35190000	35190000	35190000	35190000
131	35180000	35180000	35180000	35180000
132	35170000	35180000	35180000	35170000
133	35180000	35180000	35180000	35180000
134	35190000	35190000	35190000	35190000
135	35190000	35190000	35190000	35190000
136	35180000	35180000	35180000	35180000
137	35190000	35190000	35190000	35190000
138	35180000	35180000	35180000	35180000
139	35190000	35190000	35190000	35190000
140	35190000	35190000	35190000	35190000
141	35200000	35200000	35200000	35200000
142	35190000	35190000	35190000	35190000
143	35190000	35190000	35190000	35190000
144	35190000	35190000	35190000	35190000
145	35180000	35190000	35190000	35180000
146	35180000	35180000	35180000	35180000
147	35180000	35180000	35180000	35180000
148	35180000	35190000	35190000	35190000
149	35180000	35180000	35180000	35180000
150	35180000	35180000	35180000	35180000
151	35180000	35180000	35180000	35180000
152	35180000	35190000	35190000	35190000
153	35180000	35180000	35180000	35180000
154	35180000	35180000	35180000	35180000
155	35180000	35180000	35180000	35180000
156	35180000	35180000	35180000	35180000
157	35190000	35190000	35190000	35190000
158	35180000	35180000	35180000	35180000
159	35190000	35190000	35190000	35190000
160	35190000	35190000	35190000	35190000
161	35180000	35180000	35180000	35180000
162	35190000	35190000	35190000	35190000
163	35180000	35180000	35180000	35180000
164	35180000	35180000	35180000	35180000
165	35190000	35190000	35190000	35190000
166	35190000	35190000	35190000	35190000
167	35180000	35180000	35180000	35180000
168	35180000	35180000	35180000	35180000
169	35180000	35180000	35180000	35180000
170	35180000	35180000	35180000	35180000
171	35180000	35180000	35180000	35180000
172	35190000	35190000	35190000	35190000
173	35180000	35180000	35180000	35180000
174	35190000	35190000	35190000	35190000
175	35180000	35180000	35180000	35180000
176	35190000	35180000	35180000	35180000
177	35190000	35190000	35190000	35190000
178	35190000	35190000	35190000	35190000
179	35180000	35180000	35180000	35180000
180	35190000	35180000	35180000	35180000
181	35200000	35190000	35190000	35190000
182	35190000	35190000	35190000	35190000
183	35180000	35180000	35180000	35180000
184	35180000	35180000	35180000	35180000
185	35190000	35180000	35180000	35190000
186	35180000	35180000	35180000	35180000
187	35190000	35190000	35190000	35190000
188	35180000	35180000	35180000	35180000
189	35190000	35190000	35190000	35190000
190	35190000	35190000	35190000	35190000
191	35190000	35190000	35190000	35190000
192	35190000	35190000	35190000	35190000
193	35180000	35180000	35180000	35180000
194	35180000	35180000	35180000	35180000
195	35180000	35180000	35180000	35180000
196	35180000	35180000	35180000	35180000
197	35190000	35190000	35190000	35190000
198	35180000	35180000	35180000	35180000
199	35180000	35180000	35180000	35180000
200	35170000	35180000	35180000	35180000
201	35190000	35190000	35190000	35190000
202	35180000	35180000	35180000	35180000
203	35190000	35190000	35190000	35190000
204	35190000	35180000	35180000	35190000
205	35190000	35190000	35190000	35190000
206	35180000	35180000	35180000	35180000
207	35190000	35190000	35190000	35190000
208	35180000	35180000	35180000	35180000
209	35180000	35180000	35180000	35180000
210	35190000	35190000	35190000	35190000
211	35200000	35200000	34560000	35200000
212	35180000	35180000	35180000	35180000
213	35190000	35190000	35190000	35190000
214	35180000	35180000	35180000	35180000
215	35180000	35180000	35180000	35180000
216	35190000	35190000	35190000	35190000
217	35190000	35180000	35180000	35180000
218	35180000	35180000	35180000	35180000
219	35190000	35190000	35190000	35190000
220	35170000	35170000	35170000	35170000
221	35190000	35190000	35190000	35190000
222	35180000	35180000	35180000	35180000
223	35190000	35190000	35190000	35190000
224	35180000	35180000	35180000	35180000
225	35180000	35190000	35190000	35190000
226	35190000	35190000	35190000	35190000
227	35180000	35180000	35180000	35180000
228	35190000	35190000	35190000	35190000
229	35180000	35180000	35180000	35180000
230	35180000	35180000	35180000	35180000
231	35180000	35190000	35190000	35180000
232	35190000	35190000	35190000	35190000
233	35190000	35190000	35190000	35190000
234	35190000	35180000	35180000	35190000
235	35180000	35180000	35180000	35180000
236	35180000	35190000	35190000	35190000
237	35180000	35180000	35180000	35180000
238	35180000	35190000	35190000	35190000
239	35190000	35180000	35180000	35180000
240	35190000	35190000	35190000	35190000
241	35190000	35180000	35180000	35180000
242	35180000	35180000	35180000	35180000
243	35190000	35180000	35180000	35180000
244	35180000	35180000	35180000	35180000
245	35190000	35190000	35190000	35190000
246	35170000	35180000	35180000	35180000
247	35190000	35190000	35190000	35190000
248	35190000	35190000	35190000	35190000
249	35180000	35180000	35180000	35180000
250	35180000	35180000	35180000	35180000
251	35180000	35180000	35180000	35180000
252	35180000	35180000	35180000	35180000
253	35180000	35180000	35180000	35180000
254	35190000	35190000	35190000	35190000
255	35180000	35180000	35180000	35180000
256	35180000	35190000	35190000	35190000
257	35180000	35180000	35180000	35180000
258	35180000	35180000	35180000	35180000
259	35190000	35190000	35190000	35190000
260	35180000	35180000	35180000	35180000
261	35180000	35180000	35180000	35180000
262	35180000	35180000	35180000	35180000
263	35190000	35190000	35190000	35190000
264	35180000	35180000	35180000	35180000
265	35180000	35180000	35180000	35180000
266	35180000	35170000	35170000	35170000
267	35190000	35190000	35190000	35190000
268	35190000	35190000	35190000	35190000
269	35180000	35180000	35180000	35180000
270	35180000	35180000	35180000	35180000
271	35190000	35190000	35190000	35190000
272	35190000	35180000	35180000	35180000
273	35190000	35180000	35180000	35180000
274	35180000	35180000	35180000	35180000
275	35190000	35190000	35190000	35190000
276	35190000	35190000	35190000	35190000
277	35190000	35190000	35190000	35190000
278	35190000	35190000	35190000	35190000
279	35190000	35190000	35190000	35190000
280	35190000	35190000	35190000	35190000
281	35180000	35180000	35180000	35180000
282	35190000	35190000	35190000	35190000
283	35190000	35200000	35200000	35190000
284	35180000	35180000	35180000	35180000
285	35190000	35190000	35190000	35190000
286	35180000	35190000	35180000	35180000
287	35180000	35180000	35180000	35180000
288	35180000	35180000	35180000	35180000
289	35190000	35190000	35190000	35190000
290	35190000	35190000	35190000	35190000
291	35180000	35190000	35190000	35190000
292	35190000	35200000	35200000	35200000
293	35180000	35180000	35180000	35180000
294	35190000	35190000	35190000	35190000
295	35190000	35190000	35190000	35190000
296	35180000	35190000	35190000	35190000
297	35180000	35180000	35180000	35180000
298	35180000	35180000	35180000	35180000
299	35190000	35190000	35190000	35190000
300	35180000	35180000	35180000	35180000
301	35180000	35180000	35180000	35180000
302	35180000	35180000	35180000	35180000
303	35190000	35190000	35190000	35190000
304	35190000	35190000	35190000	35190000
305	35190000	35190000	35190000	35180000
306	35180000	35180000	35180000	35180000
307	35190000	35190000	35190000	35190000
308	35190000	35190000	35190000	35190000
309	35180000	35180000	35180000	35180000
310	35190000	35190000	35190000	35190000
311	35180000	35180000	35180000	35170000
312	35190000	35190000	35190000	35190000
313	35190000	35200000	35200000	35200000
314	35190000	35190000	35190000	35190000
315	35190000	35180000	35180000	35190000
316	35200000	35200000	35200000	35200000
317	35180000	35180000	35180000	35180000
318	35180000	35180000	35180000	35180000
319	35180000	35180000	35180000	35180000
320	35180000	35190000	35190000	35190000
321	35190000	35190000	35190000	35190000
322	35180000	35180000	35180000	35180000
323	35180000	35180000	35180000	35180000
324	35190000	35190000	35190000	35190000
325	35180000	35180000	35180000	35180000
326	35190000	35190000	35190000	35190000
327	35190000	35180000	35190000	35190000
328	35180000	35190000	35190000	35190000
329	35190000	35180000	35190000	35190000
330	35180000	35180000	35180000	35180000
331	35190000	35180000	35180000	35180000
332	35180000	35180000	35180000	35180000
333	35180000	35180000	35180000	35180000
334	35190000	35180000	35180000	35190000
335	35190000	35190000	35190000	35190000
336	35180000	35170000	35170000	35170000
337	35180000	35180000	35180000	35180000
338	35190000	35190000	35190000	35190000
339	35180000	35190000	35190000	35190000
340	35180000	35190000	35190000	35180000
341	35180000	35190000	35190000	35190000
342	35200000	35190000	35190000	35190000
343	35190000	35190000	35190000	35190000
344	35180000	35170000	35170000	35170000
345	35180000	35180000	35180000	35180000
346	35190000	35190000	35190000	35190000
347	35190000	35190000	35190000	35190000
348	35200000	35190000	35190000	35190000
349	35190000	35190000	35190000	35190000
350	35180000	35180000	35180000	35180000
351	35190000	35190000	35190000	35190000
352	35200000	35200000	35200000	35200000
353	35190000	35190000	35190000	35190000
354	35190000	35190000	35190000	35190000
355	35190000	35180000	35180000	35180000
356	35190000	35180000	35180000	35190000
357	35180000	35180000	35180000	35180000
358	35190000	35190000	35190000	35190000
359	35180000	35180000	35180000	35180000
360	35190000	35190000	35190000	35190000
361	35180000	35180000	35180000	35180000
362	35180000	35180000	35180000	35180000
363	35190000	35190000	35190000	35190000
364	35180000	35180000	35180000	35180000
365	35180000	35180000	35180000	35180000
366	35190000	35180000	35180000	35190000
367	35190000	35190000	35190000	35190000
368	35190000	35200000	35200000	35200000
369	35190000	35200000	35200000	35200000
370	35200000	35200000	35200000	35200000
371	35180000	35190000	35190000	35190000
372	35190000	35190000	35190000	35190000
373	35190000	35190000	35190000	35190000
374	35180000	35180000	35180000	35180000
375	35190000	35200000	35200000	35200000
376	35190000	35190000	35190000	35190000
377	35190000	35180000	35180000	35190000
378	35190000	35190000	35200000	35200000
379	35180000	35180000	35180000	35180000
380	35180000	35180000	35180000	35180000
381	35190000	35180000	35180000	35180000
382	35180000	35180000	35180000	35180000
383	35190000	35180000	35180000	35180000
384	35190000	35190000	35190000	35190000
385	35180000	35180000	35180000	35180000
386	35190000	35190000	35190000	35190000
387	35190000	35190000	35190000	35190000
388	35190000	35200000	35200000	35200000
389	35190000	35180000	35180000	35180000
390	35190000	35190000	35190000	35190000
391	35190000	35190000	35190000	35190000
392	35190000	35190000	35190000	35190000
393	35190000	35180000	35180000	35180000
394	35190000	35180000	35180000	35180000
395	35180000	35180000	35180000	35180000
396	35180000	35180000	35180000	35180000
397	35180000	35180000	35180000	35180000
398	35180000	35180000	35180000	35180000
399	35190000	35180000	35180000	35190000
400	35180000	35190000	35190000	35190000
401	35180000	35180000	35180000	35180000
402	35180000	35180000	35180000	35180000
403	35180000	35180000	35180000	35180000
404	35190000	35190000	35190000	35190000
405	35190000	35190000	35190000	35190000
406	35190000	35180000	35180000	35180000
407	35180000	35180000	35180000	35180000
408	35190000	35190000	35190000	35190000
409	35190000	35190000	35190000	35190000
410	35190000	35180000	35180000	35180000
411	35190000	35190000	35190000	35190000
412	35180000	35180000	35180000	35180000
413	35190000	35180000	35180000	35190000
414	35190000	35180000	35190000	35190000
415	35190000	35190000	35190000	35190000
416	35190000	35190000	35190000	35190000
417	35180000	35180000	35180000	35180000
418	35190000	35190000	35190000	35190000
419	35190000	35190000	35190000	35190000
420	35180000	35180000	35180000	35180000
421	35190000	35190000	35190000	35190000
422	35180000	35180000	35180000	35180000
423	35190000	35190000	35190000	35190000
424	35190000	35180000	35190000	35190000
425	35180000	35190000	35190000	35190000
426	35190000	35190000	35190000	35190000
427	35190000	35190000	35190000	35190000
428	35180000	35180000	35180000	35180000
429	35190000	35190000	35190000	35190000
430	35190000	35190000	35190000	35190000
431	35190000	35190000	35190000	35190000
432	35190000	35190000	35190000	35190000
433	35180000	35180000	35180000	35180000
434	35180000	35180000	35180000	35180000
435	35180000	35180000	35180000	35180000
436	35190000	35200000	35200000	35200000
437	35180000	35190000	35190000	35190000
438	35180000	35190000	35190000	35190000
439	35190000	35180000	35180000	35180000
440	35190000	35180000	35180000	35180000
441	35180000	35180000	35180000	35180000
442	35190000	35180000	35180000	35180000
443	35190000	35180000	35180000	35180000
444	35190000	35190000	35190000	35190000
445	35190000	35190000	35190000	35190000
446	35190000	35190000	35190000	35190000
447	35190000	35180000	35180000	35180000
448	35180000	35180000	35180000	35180000
449	35180000	35190000	35190000	35190000
450	35190000	35190000	35190000	35190000
451	35180000	35180000	35180000	35180000
452	35180000	35180000	35180000	35180000
453	35180000	35180000	35180000	35180000
454	35180000	35180000	35180000	35180000
455	35190000	35190000	35190000	35190000
456	35170000	35180000	35180000	35180000
457	35180000	35180000	35180000	35180000
458	35180000	35180000	35180000	35180000
459	35180000	35180000	35180000	35180000
460	35180000	35180000	35180000	35180000
461	35180000	35180000	35180000	35180000
462	35180000	35180000	35180000	35180000
463	35180000	35180000	35180000	35180000
464	35180000	35180000	35180000	35180000
465	35190000	35190000	35190000	35190000
466	35180000	35180000	35180000	35180000
467	35180000	35180000	35180000	35180000
468	35190000	35190000	35190000	35190000
469	35190000	35190000	35190000	35190000
470	35180000	35180000	35180000	35180000
471	35180000	35180000	35180000	35180000
472	35170000	35170000	35170000	35170000
473	35180000	35170000	35170000	35170000
474	35180000	35180000	35180000	35180000
475	35180000	35180000	35180000	35180000
476	35190000	35190000	35190000	35190000
477	35180000	35190000	35190000	35190000
478	35190000	35190000	35190000	35190000
479	35190000	35190000	35190000	35190000
480	35180000	35180000	35180000	35180000
481	35180000	35190000	35190000	35190000
482	35190000	35190000	35190000	35190000
483	35180000	35190000	35190000	35190000
484	35180000	35190000	35190000	35190000
485	35190000	35200000	35200000	35200000
486	35190000	35190000	35190000	35190000
487	35180000	35180000	35180000	35180000
488	35180000	35180000	35180000	35180000
489	35190000	35190000	35190000	35190000
490	35190000	35190000	35190000	35190000
491	35180000	35190000	35190000	35190000
492	35180000	35190000	35190000	35190000
493	35180000	35180000	35180000	35180000
494	35180000	35180000	35180000	35180000
495	35190000	35190000	35190000	35190000
496	35180000	35180000	35180000	35180000
497	35190000	35180000	35180000	35180000
498	35190000	35190000	35190000	35190000
499	35180000	35170000	35170000	35170000

============================================================
# BITSTREAM: 100us_5etapas.bit
# VENTANA: 100us
# ETAPAS_PRINCIPAL: 5
# NUM_MUESTRAS: 500
# FORMATO: idx	freq1_hz	freq2_hz	freq3_hz	freq4_hz
============================================================
idx	freq1_hz	freq2_hz	freq3_hz	freq4_hz
0	0	32790000	32800000	32800000
1	32800000	32800000	32800000	32800000
2	32800000	32800000	32800000	32800000
3	32800000	32790000	32800000	32800000
4	32790000	32790000	32790000	32790000
5	32790000	32790000	32790000	32790000
6	32800000	32810000	32810000	32800000
7	32790000	32790000	32790000	32790000
8	32800000	32800000	32800000	32800000
9	32790000	32780000	32780000	32790000
10	32800000	32800000	32800000	32800000
11	32800000	32800000	32800000	32800000
12	32800000	32790000	32800000	32800000
13	32800000	32800000	32800000	32800000
14	32800000	32800000	32800000	32800000
15	32800000	32790000	32790000	32790000
16	32800000	32810000	32810000	32800000
17	32800000	32800000	32800000	32800000
18	32800000	32800000	32800000	32800000
19	32800000	32800000	32800000	32800000
20	32800000	32800000	32800000	32800000
21	32800000	32810000	32810000	32810000
22	32800000	32810000	32810000	32800000
23	32800000	32800000	32800000	32800000
24	32800000	32800000	32800000	32800000
25	32800000	32810000	32800000	32800000
26	32800000	32800000	32800000	32800000
27	32790000	32790000	32790000	32790000
28	32800000	32790000	32790000	32800000
29	32800000	32800000	32800000	32800000
30	32790000	32790000	32790000	32790000
31	32800000	32800000	32800000	32800000
32	32790000	32800000	32800000	32790000
33	32800000	32800000	32800000	32800000
34	32790000	32790000	32790000	32790000
35	32800000	32800000	32800000	32800000
36	32800000	32800000	32800000	32800000
37	32790000	32800000	32790000	32790000
38	32790000	32790000	32790000	32790000
39	32790000	32790000	32790000	32790000
40	32800000	32800000	32800000	32800000
41	32800000	32810000	32800000	32800000
42	32800000	32790000	32790000	32800000
43	32800000	32790000	32800000	32800000
44	32800000	32800000	32800000	32800000
45	32810000	32800000	32800000	32810000
46	32810000	32800000	32810000	32810000
47	32800000	32800000	32790000	32800000
48	32800000	32800000	32800000	32800000
49	32790000	32800000	32790000	32790000
50	32800000	32800000	32800000	32800000
51	32810000	32810000	32810000	32810000
52	32800000	32800000	32810000	32800000
53	32800000	32800000	32800000	32800000
54	32790000	32790000	32790000	32790000
55	32800000	32810000	32800000	32800000
56	32800000	32800000	32800000	32800000
57	32800000	32800000	32800000	32800000
58	32800000	32800000	32800000	32800000
59	32800000	32800000	32800000	32800000
60	32810000	32810000	32810000	32810000
61	32800000	32800000	32800000	32800000
62	32800000	32800000	32800000	32800000
63	32800000	32800000	32800000	32800000
64	32800000	32800000	32800000	32800000
65	32790000	32800000	32790000	32790000
66	32800000	32810000	32810000	32800000
67	32800000	32810000	32810000	32800000
68	32800000	32800000	32800000	32800000
69	32810000	32800000	32800000	32810000
70	32800000	32810000	32810000	32800000
71	32800000	32800000	32800000	32800000
72	32790000	32800000	32790000	32790000
73	32800000	32800000	32800000	32800000
74	32810000	32800000	32810000	32810000
75	32800000	32810000	32810000	32800000
76	32800000	32810000	32800000	32800000
77	32810000	32810000	32810000	32810000
78	32800000	32790000	32790000	32800000
79	32800000	32810000	32810000	32800000
80	32810000	32800000	32800000	32810000
81	32810000	32800000	32800000	32810000
82	32810000	32800000	32800000	32810000
83	32800000	32800000	32800000	32800000
84	32810000	32810000	32810000	32810000
85	32800000	32800000	32800000	32800000
86	32800000	32800000	32800000	32800000
87	32810000	32800000	32800000	32810000
88	32800000	32810000	32800000	32800000
89	32810000	32810000	32810000	32810000
90	32800000	32810000	32800000	32800000
91	32810000	32800000	32800000	32810000
92	32800000	32800000	32800000	32800000
93	32810000	32810000	32810000	32810000
94	32810000	32810000	32810000	32810000
95	32800000	32800000	32790000	32800000
96	32800000	32800000	32800000	32800000
97	32800000	32810000	32810000	32800000
98	32800000	32810000	32810000	32800000
99	32800000	32800000	32800000	32800000
100	32800000	32810000	32800000	32800000
101	32800000	32810000	32810000	32800000
102	32800000	32810000	32810000	32800000
103	32800000	32800000	32800000	32800000
104	32800000	32800000	32800000	32800000
105	32800000	32800000	32800000	32800000
106	32810000	32800000	32810000	32810000
107	32810000	32810000	32810000	32810000
108	32810000	32800000	32800000	32810000
109	32800000	32790000	32790000	32790000
110	32800000	32810000	32810000	32800000
111	32800000	32800000	32800000	32800000
112	32810000	32800000	32810000	32810000
113	32800000	32800000	32800000	32800000
114	32810000	32810000	32810000	32810000
115	32800000	32800000	32810000	32800000
116	32810000	32800000	32810000	32810000
117	32800000	32790000	32790000	32800000
118	32810000	32810000	32810000	32810000
119	32800000	32810000	32810000	32800000
120	32800000	32810000	32800000	32800000
121	32810000	32800000	32810000	32810000
122	32800000	32810000	32800000	32800000
123	32800000	32800000	32800000	32800000
124	32800000	32800000	32800000	32800000
125	32810000	32800000	32810000	32810000
126	32800000	32800000	32800000	32800000
127	32820000	32820000	32820000	32820000
128	32810000	32810000	32810000	32810000
129	32810000	32800000	32800000	32810000
130	32810000	32810000	32810000	32810000
131	32810000	32800000	32800000	32810000
132	32810000	32800000	32800000	32810000
133	32800000	32810000	32810000	32800000
134	32800000	32800000	32800000	32800000
135	32810000	32800000	32800000	32810000
136	32800000	32800000	32800000	32800000
137	32810000	32810000	32810000	32810000
138	32800000	32790000	32800000	32800000
139	32800000	32800000	32800000	32800000
140	32800000	32800000	32810000	32800000
141	32800000	32800000	32800000	32800000
142	32800000	32810000	32800000	32800000
143	32790000	32800000	32800000	32790000
144	32800000	32800000	32800000	32800000
145	32790000	32800000	32790000	32790000
146	32800000	32800000	32800000	32800000
147	32800000	32800000	32800000	32800000
148	32810000	32800000	32800000	32810000
149	32800000	32810000	32800000	32800000
150	32800000	32800000	32800000	32800000
151	32800000	32800000	32800000	32800000
152	32800000	32800000	32800000	32800000
153	32800000	32800000	32800000	32800000
154	32800000	32790000	32800000	32800000
155	32800000	32810000	32800000	32800000
156	32810000	32810000	32810000	32810000
157	32810000	32810000	32810000	32810000
158	32810000	32800000	32800000	32810000
159	32810000	32810000	32810000	32810000
160	32810000	32800000	32800000	32800000
161	32800000	32810000	32810000	32800000
162	32800000	32810000	32810000	32800000
163	32800000	32810000	32810000	32800000
164	32810000	32810000	32810000	32810000
165	32800000	32800000	32800000	32800000
166	32800000	32800000	32810000	32800000
167	32800000	32800000	32810000	32800000
168	32810000	32810000	32810000	32810000
169	32820000	32810000	32810000	32820000
170	32810000	32810000	32800000	32810000
171	32800000	32810000	32800000	32800000
172	32810000	32810000	32810000	32810000
173	32800000	32810000	32800000	32800000
174	32800000	32810000	32810000	32800000
175	32810000	32800000	32800000	32810000
176	32800000	32810000	32800000	32800000
177	32800000	32800000	32800000	32800000
178	32800000	32800000	32800000	32800000
179	32800000	32800000	32800000	32800000
180	32800000	32810000	32810000	32800000
181	32800000	32810000	32810000	32800000
182	32800000	32810000	32810000	32800000
183	32800000	32800000	32800000	32800000
184	32810000	32800000	32810000	32810000
185	32800000	32810000	32800000	32800000
186	32800000	32800000	32800000	32800000
187	32810000	32800000	32800000	32810000
188	32810000	32800000	32810000	32810000
189	32800000	32810000	32800000	32800000
190	32790000	32800000	32800000	32790000
191	32810000	32800000	32800000	32810000
192	32810000	32810000	32810000	32810000
193	32810000	32810000	32810000	32810000
194	32800000	32810000	32810000	32800000
195	32800000	32800000	32800000	32800000
196	32800000	32810000	32810000	32800000
197	32820000	32810000	32810000	32810000
198	32800000	32810000	32810000	32800000
199	32800000	32800000	32800000	32800000
200	32800000	32800000	32800000	32800000
201	32800000	32800000	32800000	32800000
202	32810000	32800000	32810000	32810000
203	32800000	32800000	32800000	32800000
204	32810000	32810000	32810000	32810000
205	32810000	32800000	32800000	32810000
206	32810000	32800000	32800000	32810000
207	32800000	32800000	32800000	32800000
208	32810000	32800000	32800000	32800000
209	32800000	32790000	32790000	32800000
210	32790000	32790000	32790000	32790000
211	32800000	32800000	32790000	32800000
212	32810000	32800000	32800000	32810000
213	32810000	32800000	32800000	32810000
214	32800000	32800000	32800000	32800000
215	32800000	32800000	32800000	32800000
216	32790000	32800000	32800000	32790000
217	32810000	32800000	32800000	32810000
218	32810000	32810000	32810000	32810000
219	32810000	32810000	32810000	32810000
220	32800000	32810000	32800000	32800000
221	32800000	32810000	32810000	32800000
222	32810000	32800000	32810000	32810000
223	32810000	32810000	32810000	32810000
224	32800000	32800000	32800000	32800000
225	32800000	32810000	32800000	32800000
226	32800000	32810000	32810000	32800000
227	32800000	32800000	32800000	32800000
228	32800000	32800000	32800000	32800000
229	32800000	32790000	32800000	32800000
230	32800000	32800000	32800000	32800000
231	32800000	32800000	32800000	32800000
232	32800000	32800000	32800000	32800000
233	32800000	32800000	32800000	32800000
234	32800000	32800000	32800000	32800000
235	32810000	32810000	32810000	32810000
236	32810000	32800000	32810000	32810000
237	32810000	32810000	32820000	32810000
238	32800000	32800000	32800000	32800000
239	32800000	32800000	32800000	32800000
240	32800000	32800000	32800000	32800000
241	32790000	32800000	32800000	32790000
242	32810000	32810000	32810000	32810000
243	32800000	32800000	32800000	32800000
244	32810000	32800000	32800000	32810000
245	32800000	32810000	32810000	32800000
246	32800000	32800000	32800000	32800000
247	32800000	32800000	32790000	32800000
248	32800000	32810000	32800000	32800000
249	32800000	32800000	32800000	32800000
250	32800000	32800000	32800000	32800000
251	32800000	32790000	32790000	32800000
252	32790000	32790000	32790000	32790000
253	32800000	32800000	32800000	32800000
254	32800000	32800000	32800000	32800000
255	32800000	32800000	32800000	32800000
256	32800000	32790000	32800000	32800000
257	32800000	32800000	32800000	32800000
258	32800000	32800000	32800000	32800000
259	32790000	32800000	32790000	32790000
260	32790000	32790000	32790000	32790000
261	32790000	32790000	32790000	32790000
262	32790000	32800000	32800000	32790000
263	32800000	32800000	32800000	32800000
264	32800000	32800000	32800000	32800000
265	32790000	32790000	32790000	32790000
266	32790000	32790000	32790000	32790000
267	32790000	32800000	32800000	32800000
268	32800000	32800000	32800000	32800000
269	32800000	32800000	32790000	32800000
270	32800000	32800000	32800000	32800000
271	32800000	32800000	32800000	32800000
272	32800000	32810000	32810000	32800000
273	32800000	32800000	32810000	32800000
274	32800000	32790000	32800000	32800000
275	32800000	32810000	32810000	32800000
276	32800000	32800000	32800000	32800000
277	32800000	32800000	32800000	32800000
278	32810000	32800000	32810000	32810000
279	32800000	32800000	32800000	32800000
280	32800000	32800000	32800000	32800000
281	32800000	32800000	32800000	32800000
282	32800000	32800000	32800000	32800000
283	32800000	32800000	32800000	32800000
284	32800000	32810000	32810000	32800000
285	32790000	32790000	32790000	32790000
286	32810000	32810000	32810000	32810000
287	32810000	32810000	32810000	32810000
288	32800000	32810000	32810000	32810000
289	32810000	32820000	32810000	32810000
290	32800000	32800000	32800000	32800000
291	32790000	32800000	32800000	32790000
292	32800000	32810000	32800000	32800000
293	32810000	32810000	32810000	32810000
294	32800000	32810000	32810000	32800000
295	32800000	32800000	32800000	32800000
296	32800000	32810000	32810000	32800000
297	32810000	32800000	32800000	32800000
298	32800000	32800000	32800000	32800000
299	32800000	32790000	32790000	32800000
300	32810000	32810000	32810000	32810000
301	32800000	32800000	32800000	32800000
302	32800000	32800000	32800000	32800000
303	32800000	32810000	32810000	32800000
304	32800000	32800000	32800000	32800000
305	32800000	32800000	32800000	32800000
306	32800000	32810000	32800000	32800000
307	32800000	32790000	32800000	32800000
308	32800000	32810000	32810000	32800000
309	32800000	32800000	32800000	32800000
310	32810000	32800000	32810000	32810000
311	32810000	32800000	32800000	32810000
312	32800000	32790000	32790000	32800000
313	32800000	32800000	32800000	32800000
314	32800000	32800000	32800000	32800000
315	32800000	32790000	32800000	32800000
316	32800000	32800000	32800000	32800000
317	32800000	32800000	32800000	32800000
318	32800000	32800000	32800000	32800000
319	32790000	32800000	32800000	32800000
320	32800000	32790000	32800000	32800000
321	32800000	32800000	32800000	32800000
322	32800000	32800000	32800000	32800000
323	32800000	32800000	32800000	32800000
324	32800000	32800000	32800000	32800000
325	32800000	32800000	32800000	32800000
326	32800000	32810000	32800000	32800000
327	32800000	32800000	32800000	32800000
328	32800000	32800000	32800000	32800000
329	32800000	32800000	32800000	32800000
330	32800000	32810000	32810000	32800000
331	32800000	32800000	32800000	32800000
332	32790000	32800000	32800000	32790000
333	32800000	32800000	32800000	32800000
334	32800000	32800000	32800000	32800000
335	32800000	32790000	32790000	32800000
336	32800000	32800000	32800000	32800000
337	32790000	32800000	32790000	32790000
338	32800000	32800000	32800000	32800000
339	32800000	32800000	32810000	32800000
340	32790000	32800000	32800000	32790000
341	32800000	32790000	32790000	32800000
342	32800000	32810000	32800000	32800000
343	32800000	32800000	32800000	32800000
344	32810000	32810000	32810000	32810000
345	32800000	32800000	32800000	32800000
346	32790000	32790000	32790000	32790000
347	32800000	32800000	32800000	32800000
348	32800000	32810000	32810000	32800000
349	32810000	32800000	32800000	32810000
350	32800000	32800000	32800000	32800000
351	32810000	32800000	32800000	32810000
352	32800000	32800000	32800000	32800000
353	32810000	32800000	32810000	32810000
354	32810000	32800000	32800000	32810000
355	32810000	32810000	32810000	32810000
356	32790000	32790000	32790000	32790000
357	32800000	32800000	32800000	32800000
358	32800000	32800000	32800000	32800000
359	32800000	32810000	32810000	32800000
360	32800000	32810000	32800000	32800000
361	32810000	32800000	32810000	32810000
362	32800000	32810000	32800000	32800000
363	32800000	32810000	32800000	32800000
364	32800000	32800000	32800000	32800000
365	32800000	32800000	32800000	32800000
366	32800000	32800000	32800000	32800000
367	32800000	32800000	32800000	32800000
368	32800000	32800000	32800000	32800000
369	32800000	32800000	32800000	32800000
370	32800000	32810000	32800000	32800000
371	32800000	32810000	32810000	32800000
372	32800000	32800000	32800000	32800000
373	32800000	32800000	32800000	32800000
374	32810000	32800000	32800000	32810000
375	32810000	32800000	32800000	32810000
376	32800000	32800000	32800000	32800000
377	32810000	32800000	32800000	32810000
378	32810000	32800000	32800000	32810000
379	32800000	32800000	32800000	32800000
380	32800000	32800000	32800000	32800000
381	32790000	32800000	32800000	32790000
382	32810000	32800000	32800000	32810000
383	32800000	32800000	32800000	32800000
384	32800000	32810000	32810000	32800000
385	32800000	32800000	32800000	32800000
386	32800000	32800000	32800000	32800000
387	32800000	32810000	32800000	32800000
388	32810000	32800000	32800000	32810000
389	32800000	32790000	32790000	32800000
390	32790000	32800000	32800000	32790000
391	32800000	32790000	32800000	32800000
392	32810000	32800000	32800000	32800000
393	32800000	32800000	32800000	32800000
394	32800000	32810000	32810000	32810000
395	32800000	32800000	32800000	32800000
396	32800000	32790000	32790000	32800000
397	32800000	32810000	32800000	32800000
398	32800000	32800000	32800000	32800000
399	32800000	32800000	32800000	32800000
400	32810000	32800000	32800000	32810000
401	32810000	32810000	32810000	32810000
402	32810000	32800000	32800000	32810000
403	32800000	32810000	32810000	32800000
404	32810000	32800000	32810000	32810000
405	32810000	32800000	32810000	32810000
406	32810000	32810000	32810000	32810000
407	32820000	32810000	32810000	32810000
408	32810000	32810000	32810000	32810000
409	32810000	32800000	32800000	32810000
410	32800000	32800000	32810000	32800000
411	32800000	32810000	32810000	32800000
412	32800000	32800000	32800000	32800000
413	32810000	32800000	32810000	32810000
414	32810000	32810000	32810000	32810000
415	32800000	32810000	32810000	32800000
416	32800000	32800000	32800000	32800000
417	32810000	32800000	32800000	32800000
418	32800000	32800000	32800000	32800000
419	32810000	32810000	32810000	32810000
420	32800000	32800000	32800000	32800000
421	32790000	32800000	32800000	32800000
422	32800000	32800000	32800000	32800000
423	32800000	32790000	32800000	32800000
424	32800000	32800000	32800000	32800000
425	32810000	32800000	32810000	32810000
426	32810000	32800000	32800000	32810000
427	32800000	32800000	32800000	32800000
428	32800000	32800000	32800000	32800000
429	32800000	32810000	32810000	32800000
430	32810000	32810000	32810000	32810000
431	32800000	32800000	32800000	32800000
432	32800000	32790000	32790000	32800000
433	32800000	32790000	32800000	32800000
434	32810000	32800000	32800000	32810000
435	32800000	32800000	32800000	32800000
436	32800000	32800000	32800000	32800000
437	32810000	32810000	32810000	32810000
438	32810000	32820000	32810000	32810000
439	32810000	32810000	32810000	32810000
440	32810000	32810000	32810000	32810000
441	32810000	32800000	32800000	32810000
442	32810000	32800000	32800000	32810000
443	32810000	32810000	32810000	32810000
444	32810000	32810000	32810000	32810000
445	32800000	32800000	32790000	32800000
446	32800000	32810000	32800000	32800000
447	32800000	32800000	32800000	32800000
448	32810000	32810000	32820000	32810000
449	32810000	32810000	32810000	32810000
450	32810000	32810000	32810000	32810000
451	32800000	32810000	32810000	32800000
452	32800000	32800000	32800000	32800000
453	32810000	32800000	32800000	32810000
454	32810000	32810000	32810000	32810000
455	32800000	32800000	32800000	32800000
456	32800000	32810000	32800000	32800000
457	32810000	32800000	32800000	32810000
458	32800000	32800000	32800000	32800000
459	32800000	32800000	32800000	32800000
460	32810000	32810000	32810000	32810000
461	32800000	32800000	32800000	32800000
462	32800000	32790000	32800000	32800000
463	32800000	32800000	32800000	32800000
464	32800000	32800000	32800000	32800000
465	32810000	32800000	32800000	32810000
466	32800000	32800000	32800000	32800000
467	32810000	32820000	32810000	32810000
468	32810000	32810000	32810000	32810000
469	32790000	32800000	32790000	32790000
470	32800000	32800000	32800000	32800000
471	32810000	32800000	32810000	32810000
472	32810000	32800000	32800000	32810000
473	32810000	32810000	32810000	32810000
474	32810000	32800000	32800000	32810000
475	32810000	32800000	32800000	32810000
476	32810000	32800000	32800000	32810000
477	32800000	32800000	32800000	32800000
478	32810000	32810000	32810000	32810000
479	32810000	32810000	32810000	32810000
480	32800000	32810000	32810000	32800000
481	32810000	32810000	32810000	32810000
482	32800000	32810000	32810000	32800000
483	32810000	32810000	32810000	32810000
484	32820000	32810000	32820000	32820000
485	32810000	32810000	32810000	32810000
486	32800000	32800000	32800000	32800000
487	32810000	32800000	32800000	32810000
488	32800000	32800000	32800000	32800000
489	32800000	32800000	32800000	32810000
490	32810000	32810000	32810000	32810000
491	32800000	32810000	32810000	32800000
492	32810000	32800000	32810000	32810000
493	32800000	32810000	32800000	32800000
494	32800000	32800000	32810000	32800000
495	32800000	32810000	32800000	32800000
496	32800000	32810000	32810000	32800000
497	32800000	32800000	32790000	32800000
498	32800000	32790000	32790000	32800000
499	32800000	32800000	32800000	32800000

============================================================
# BITSTREAM: 100us_51etapas.bit
# VENTANA: 100us
# ETAPAS_PRINCIPAL: 51
# NUM_MUESTRAS: 500
# FORMATO: idx	freq1_hz	freq2_hz	freq3_hz	freq4_hz
============================================================
idx	freq1_hz	freq2_hz	freq3_hz	freq4_hz
0	27480000	31110000	31110000	28440000
1	27490000	31100000	31040000	28430000
2	27480000	31110000	31110000	28440000
3	27480000	31110000	31110000	28430000
4	27480000	31110000	31110000	28420000
5	27490000	31110000	31110000	28430000
6	27480000	31110000	31110000	28430000
7	27470000	31100000	31110000	28430000
8	27480000	31110000	31110000	28430000
9	27480000	31110000	31110000	28430000
10	27480000	31120000	31110000	28420000
11	27480000	31110000	31110000	28430000
12	27480000	31110000	31110000	28430000
13	27470000	31110000	31100000	28430000
14	27480000	31110000	31110000	28430000
15	27480000	31110000	31110000	28430000
16	27490000	31120000	31120000	28430000
17	27480000	31110000	31110000	28420000
18	27480000	31120000	31120000	28440000
19	27480000	31120000	31120000	28430000
20	27490000	31120000	31120000	28440000
21	27490000	31110000	31110000	28440000
22	27490000	31120000	31120000	28430000
23	27470000	31110000	31110000	28430000
24	27480000	31120000	31120000	28430000
25	27480000	31120000	31120000	28430000
26	27490000	31120000	31120000	28440000
27	27490000	31120000	31120000	28430000
28	27480000	31110000	31110000	28430000
29	27480000	31110000	31110000	28430000
30	27480000	31120000	31110000	28430000
31	27480000	31110000	31110000	28430000
32	27490000	31110000	31110000	28430000
33	27470000	31120000	31110000	28430000
34	27480000	31120000	31100000	28430000
35	27480000	31110000	31110000	28420000
36	27480000	31120000	31120000	28430000
37	27480000	31110000	31110000	28420000
38	27480000	31120000	31120000	28430000
39	27480000	31120000	31120000	28430000
40	27480000	31120000	31120000	28440000
41	27490000	31120000	31120000	28440000
42	27480000	31110000	31120000	28430000
43	27480000	31120000	31120000	28440000
44	27480000	31110000	31110000	28430000
45	27480000	31110000	31110000	28430000
46	27490000	31120000	31120000	28440000
47	27490000	31120000	31120000	28440000
48	27480000	31120000	31120000	28430000
49	27480000	31120000	31120000	28430000
50	27480000	31110000	31110000	28430000
51	27490000	31120000	31110000	28430000
52	27490000	31110000	31110000	28430000
53	27480000	31120000	31120000	28430000
54	27480000	31120000	31120000	28440000
55	27490000	31110000	31120000	28430000
56	27480000	31120000	31120000	28430000
57	27480000	31120000	31120000	28430000
58	27480000	31120000	31120000	28430000
59	27490000	31120000	31120000	28440000
60	27480000	31120000	31120000	28440000
61	27480000	31120000	31120000	28420000
62	27480000	31110000	31110000	28430000
63	27490000	31110000	31110000	28440000
64	27490000	31110000	31110000	28430000
65	27480000	31110000	31110000	28430000
66	27480000	31110000	31110000	28430000
67	27480000	31110000	31110000	28420000
68	27480000	31110000	31110000	28430000
69	27480000	31110000	31110000	28430000
70	27490000	31120000	31120000	28440000
71	27480000	31110000	31120000	28430000
72	27480000	31110000	31110000	28430000
73	27480000	31110000	31110000	28430000
74	27490000	31120000	31120000	28440000
75	27490000	31120000	31120000	28440000
76	27480000	31110000	31110000	28430000
77	27480000	31130000	31130000	28430000
78	27480000	31110000	31110000	28430000
79	27480000	31110000	31110000	28430000
80	27480000	31120000	31120000	28430000
81	27490000	31120000	31120000	28440000
82	27490000	31130000	31130000	28440000
83	27480000	31120000	31120000	28430000
84	27490000	31120000	31120000	28440000
85	27490000	31120000	31120000	28440000
86	27480000	31120000	31120000	28440000
87	27490000	31120000	31120000	28450000
88	27480000	31120000	31120000	28440000
89	27480000	31130000	31130000	28440000
90	27490000	31130000	31120000	28440000
91	27480000	31120000	31120000	28430000
92	27480000	31130000	31120000	28440000
93	27480000	31130000	31130000	28450000
94	27490000	31130000	31120000	28440000
95	27490000	31120000	31120000	28430000
96	27490000	31130000	31130000	28440000
97	27480000	31120000	31120000	28440000
98	27480000	31120000	31120000	28430000
99	27480000	31110000	31110000	28440000
100	27480000	31120000	31120000	28430000
101	27490000	31120000	31120000	28440000
102	27480000	31110000	31110000	28430000
103	27490000	31120000	31120000	28430000
104	27480000	31120000	31120000	28430000
105	27480000	31120000	31110000	28440000
106	27480000	31150000	31120000	28440000
107	27490000	31120000	31120000	28440000
108	27490000	31110000	31120000	28430000
109	27500000	31120000	31120000	28440000
110	27490000	31120000	31120000	28440000
111	27480000	31120000	31120000	28440000
112	27480000	31120000	31120000	28440000
113	27490000	31120000	31120000	28440000
114	27480000	31110000	31110000	28430000
115	27480000	31110000	31120000	28440000
116	27480000	31120000	31120000	28430000
117	27480000	31120000	31120000	28440000
118	27480000	31120000	31120000	28440000
119	27480000	31110000	31110000	28430000
120	27480000	31110000	31110000	28430000
121	27490000	31120000	31120000	28440000
122	27480000	31130000	31120000	28440000
123	27480000	31120000	31110000	28440000
124	27490000	31130000	31120000	28440000
125	27470000	31120000	31120000	28440000
126	27470000	31110000	31110000	28430000
127	27470000	31110000	31110000	28430000
128	27480000	31120000	31120000	28440000
129	27480000	31120000	31110000	28430000
130	27470000	31110000	31110000	28430000
131	27480000	31120000	31120000	28430000
132	27490000	31120000	31120000	28440000
133	27490000	31120000	31120000	28440000
134	27480000	31120000	31110000	28430000
135	27480000	31110000	31110000	28430000
136	27490000	31110000	31110000	28440000
137	27480000	31110000	31110000	28430000
138	27480000	31110000	31110000	28430000
139	27490000	31120000	31120000	28430000
140	27490000	31120000	31120000	28430000
141	27480000	31120000	31120000	28440000
142	27480000	31130000	31130000	28430000
143	27490000	31110000	31110000	28440000
144	27490000	31110000	31110000	28430000
145	27470000	31100000	31100000	28430000
146	27480000	31110000	31110000	28430000
147	27480000	31110000	31110000	28430000
148	27480000	31110000	31110000	28430000
149	27490000	31120000	31120000	28440000
150	27490000	31120000	31120000	28430000
151	27480000	31110000	31110000	28430000
152	27480000	31120000	31140000	28430000
153	27490000	31110000	31110000	28440000
154	27490000	31120000	31120000	28440000
155	27490000	31110000	31110000	28440000
156	27480000	31110000	31110000	28430000
157	27480000	31120000	31120000	28440000
158	27490000	31120000	31120000	28440000
159	27470000	31110000	31110000	28430000
160	27480000	31110000	31110000	28430000
161	27490000	31110000	31110000	28430000
162	27490000	31120000	31120000	28430000
163	27470000	31120000	31120000	28430000
164	27490000	31120000	31120000	28440000
165	27480000	31100000	31100000	28430000
166	27480000	31110000	31110000	28430000
167	27480000	31100000	31110000	28430000
168	27480000	31110000	31110000	28440000
169	27490000	31120000	31120000	28440000
170	27470000	31120000	31120000	28430000
171	27490000	31130000	31120000	28440000
172	27480000	31120000	31120000	28430000
173	27490000	31120000	31120000	28440000
174	27470000	31110000	31110000	28430000
175	27480000	31120000	31120000	28440000
176	27480000	31120000	31120000	28440000
177	27480000	31120000	31120000	28430000
178	27470000	31120000	31120000	28430000
179	27480000	31110000	31120000	28430000
180	27480000	31110000	31110000	28430000
181	27490000	31110000	31110000	28440000
182	27480000	31110000	31110000	28430000
183	27480000	31120000	31120000	28440000
184	27480000	31120000	31120000	28430000
185	27490000	31120000	31120000	28440000
186	27490000	31120000	31120000	28440000
187	27480000	31110000	31110000	28440000
188	27480000	31120000	31120000	28440000
189	27480000	31120000	31120000	28440000
190	27490000	31110000	31120000	28430000
191	27480000	31110000	31110000	28430000
192	27470000	31120000	31110000	28430000
193	27480000	31120000	31120000	28430000
194	27480000	31130000	31120000	28430000
195	27480000	31120000	31130000	28440000
196	27480000	31120000	31120000	28430000
197	27480000	31120000	31120000	28430000
198	27490000	31120000	31120000	28440000
199	27480000	31120000	31130000	28440000
200	27490000	31120000	31120000	28440000
201	27490000	31120000	31120000	28440000
202	27480000	31120000	31120000	28430000
203	27480000	31120000	31110000	28430000
204	27480000	31120000	31120000	28440000
205	27490000	31130000	31130000	28440000
206	27490000	31110000	31110000	28440000
207	27480000	31110000	31110000	28430000
208	27480000	31120000	31120000	28440000
209	27490000	31110000	31110000	28440000
210	27480000	31120000	31110000	28440000
211	27480000	31110000	31110000	28430000
212	27490000	31120000	31120000	28430000
213	27490000	31120000	31120000	28450000
214	27490000	31110000	31120000	28440000
215	27490000	31120000	31120000	28440000
216	27480000	31120000	31120000	28440000
217	27490000	31120000	31110000	28430000
218	27490000	31120000	31120000	28440000
219	27490000	31120000	31120000	28440000
220	27480000	31120000	31120000	28440000
221	27480000	31110000	31110000	28440000
222	27480000	31120000	31120000	28430000
223	27490000	31120000	31120000	28430000
224	27480000	31120000	31120000	28430000
225	27480000	31120000	31120000	28430000
226	27490000	31120000	31130000	28440000
227	27480000	31110000	31110000	28440000
228	27490000	31120000	31120000	28440000
229	27490000	31110000	31110000	28430000
230	27490000	31120000	31110000	28430000
231	27480000	31110000	31110000	28430000
232	27480000	31120000	31110000	28430000
233	27480000	31110000	31110000	28430000
234	27490000	31120000	31120000	28440000
235	27490000	31120000	31120000	28440000
236	27480000	31120000	31120000	28430000
237	27480000	31120000	31120000	28430000
238	27480000	31110000	31110000	28430000
239	27480000	31120000	31120000	28450000
240	27490000	31110000	31120000	28440000
241	27480000	31110000	31110000	28430000
242	27480000	31110000	31110000	28430000
243	27480000	31120000	31120000	28430000
244	27480000	31110000	31110000	28430000
245	27480000	31120000	31120000	28430000
246	27480000	31120000	31110000	28430000
247	27490000	31120000	31120000	28440000
248	27480000	31120000	31120000	28430000
249	27490000	31120000	31120000	28440000
250	27480000	31120000	31120000	28430000
251	27480000	31120000	31120000	28430000
252	27480000	31120000	31120000	28440000
253	27490000	31120000	31110000	28440000
254	27490000	31120000	31140000	28430000
255	27480000	31120000	31120000	28430000
256	27480000	31120000	31110000	28440000
257	27480000	31120000	31110000	28430000
258	27480000	31120000	31120000	28430000
259	27490000	31110000	31120000	28440000
260	27490000	31110000	31120000	28440000
261	27480000	31120000	31120000	28440000
262	27480000	31120000	31120000	28430000
263	27490000	31120000	31120000	28440000
264	27480000	31110000	31110000	28430000
265	27480000	31120000	31110000	28430000
266	27480000	31120000	31120000	28430000
267	27480000	31120000	31120000	28430000
268	27490000	31120000	31120000	28440000
269	27480000	31120000	31120000	28440000
270	27490000	31120000	31120000	28440000
271	27490000	31120000	31120000	28440000
272	27480000	31110000	31110000	28430000
273	27490000	31120000	31120000	28440000
274	27490000	31120000	31120000	28440000
275	27480000	31120000	31120000	28440000
276	27480000	31130000	31130000	28450000
277	27480000	31120000	31120000	28440000
278	27480000	31110000	31120000	28440000
279	27480000	31120000	31120000	28430000
280	27490000	31130000	31130000	28440000
281	27480000	31120000	31120000	28430000
282	27480000	31120000	31110000	28440000
283	27470000	31110000	31120000	28430000
284	27480000	31120000	31120000	28430000
285	27480000	31110000	31110000	28430000
286	27490000	31110000	31120000	28430000
287	27470000	31110000	31110000	28420000
288	27480000	31110000	31110000	28430000
289	27480000	31120000	31120000	28430000
290	27490000	31110000	31110000	28430000
291	27480000	31100000	31110000	28430000
292	27480000	31110000	31110000	28430000
293	27490000	31120000	31120000	28430000
294	27470000	31110000	31110000	28430000
295	27480000	31110000	31110000	28430000
296	27480000	31110000	31110000	28430000
297	27480000	31120000	31120000	28440000
298	27490000	31120000	31120000	28440000
299	27480000	31110000	31110000	28430000
300	27480000	31120000	31120000	28430000
301	27470000	31120000	31120000	28430000
302	27480000	31110000	31110000	28430000
303	27490000	31120000	31110000	28440000
304	27480000	31110000	31110000	28430000
305	27480000	31120000	31120000	28440000
306	27490000	31120000	31120000	28430000
307	27490000	31110000	31120000	28440000
308	27490000	31120000	31120000	28440000
309	27490000	31120000	31120000	28440000
310	27480000	31120000	31120000	28440000
311	27480000	31120000	31120000	28440000
312	27480000	31120000	31120000	28440000
313	27490000	31130000	31120000	28440000
314	27480000	31120000	31120000	28430000
315	27490000	31120000	31120000	28440000
316	27480000	31120000	31120000	28430000
317	27480000	31120000	31120000	28440000
318	27480000	31120000	31120000	28430000
319	27490000	31120000	31120000	28440000
320	27490000	31130000	31130000	28440000
321	27490000	31120000	31110000	28440000
322	27480000	31120000	31110000	28430000
323	27490000	31110000	31110000	28430000
324	27490000	31130000	31130000	28450000
325	27480000	31110000	31110000	28430000
326	27480000	31120000	31120000	28440000
327	27480000	31120000	31120000	28430000
328	27480000	31120000	31110000	28430000
329	27490000	31120000	31120000	28440000
330	27490000	31120000	31120000	28440000
331	27480000	31120000	31120000	28430000
332	27480000	31110000	31120000	28430000
333	27470000	31110000	31110000	28430000
334	27490000	31120000	31120000	28440000
335	27480000	31120000	31120000	28440000
336	27480000	31120000	31120000	28440000
337	27490000	31120000	31120000	28440000
338	27490000	31120000	31120000	28440000
339	27480000	31120000	31120000	28440000
340	27480000	31120000	31110000	28440000
341	27480000	31110000	31120000	28440000
342	27470000	31130000	31120000	28440000
343	27480000	31120000	31120000	28440000
344	27480000	31110000	31110000	28440000
345	27490000	31110000	31110000	28440000
346	27480000	31120000	31120000	28440000
347	27480000	31120000	31120000	28440000
348	27480000	31120000	31120000	28440000
349	27490000	31110000	31110000	28430000
350	27490000	31110000	31110000	28430000
351	27470000	31110000	31110000	28430000
352	27480000	31110000	31110000	28430000
353	27480000	31120000	31120000	28430000
354	27480000	31110000	31110000	28430000
355	27480000	31120000	31110000	28430000
356	27490000	31120000	31130000	28440000
357	27490000	31110000	31110000	28440000
358	27490000	31130000	31130000	28440000
359	27480000	31120000	31120000	28430000
360	27470000	31120000	31120000	28430000
361	27490000	31110000	31120000	28440000
362	27480000	31120000	31120000	28440000
363	27490000	31120000	31120000	28440000
364	27480000	31110000	31110000	28430000
365	27490000	31120000	31120000	28440000
366	27480000	31120000	31120000	28430000
367	27490000	31120000	31110000	28440000
368	27490000	31110000	31120000	28430000
369	27490000	31120000	31120000	28440000
370	27490000	31120000	31120000	28440000
371	27480000	31120000	31110000	28430000
372	27480000	31120000	31120000	28440000
373	27480000	31110000	31110000	28430000
374	27480000	31120000	31110000	28430000
375	27480000	31110000	31110000	28440000
376	27480000	31120000	31120000	28430000
377	27480000	31120000	31110000	28430000
378	27480000	31120000	31120000	28440000
379	27480000	31130000	31120000	28440000
380	27480000	31120000	31120000	28440000
381	27490000	31110000	31110000	28440000
382	27490000	31120000	31120000	28440000
383	27490000	31120000	31120000	28440000
384	27480000	31120000	31120000	28430000
385	27480000	31120000	31120000	28440000
386	27480000	31110000	31110000	28440000
387	27480000	31120000	31110000	28440000
388	27480000	31110000	31120000	28440000
389	27480000	31120000	31120000	28430000
390	27490000	31120000	31120000	28430000
391	27480000	31120000	31110000	28430000
392	27480000	31110000	31110000	28430000
393	27490000	31120000	31120000	28440000
394	27490000	31120000	31120000	28440000
395	27490000	31120000	31120000	28440000
396	27490000	31120000	31120000	28440000
397	27480000	31120000	31120000	28440000
398	27490000	31100000	31100000	28430000
399	27480000	31120000	31110000	28430000
400	27470000	31110000	31120000	28430000
401	27480000	31110000	31120000	28430000
402	27490000	31120000	31120000	28430000
403	27490000	31110000	31120000	28430000
404	27480000	31120000	31120000	28440000
405	27480000	31110000	31110000	28430000
406	27490000	31110000	31110000	28430000
407	27470000	31110000	31110000	28420000
408	27480000	31110000	31110000	28430000
409	27480000	31120000	31120000	28430000
410	27490000	31120000	31120000	28430000
411	27490000	31110000	31110000	28430000
412	27480000	31120000	31120000	28430000
413	27490000	31130000	31120000	28440000
414	27480000	31120000	31120000	28440000
415	27470000	31110000	31110000	28430000
416	27480000	31110000	31120000	28430000
417	27480000	31110000	31110000	28430000
418	27490000	31120000	31120000	28440000
419	27480000	31100000	31110000	28430000
420	27480000	31100000	31110000	28430000
421	27480000	31110000	31110000	28420000
422	27470000	31110000	31110000	28430000
423	27490000	31120000	31120000	28440000
424	27480000	31120000	31110000	28440000
425	27480000	31120000	31120000	28440000
426	27470000	31120000	31120000	28430000
427	27480000	31120000	31120000	28440000
428	27480000	31110000	31110000	28440000
429	27480000	31120000	31120000	28440000
430	27490000	31120000	31120000	28440000
431	27480000	31110000	31110000	28430000
432	27480000	31110000	31110000	28440000
433	27480000	31120000	31120000	28430000
434	27490000	31120000	31120000	28440000
435	27480000	31120000	31100000	28440000
436	27480000	31120000	31120000	28440000
437	27490000	31120000	31120000	28430000
438	27480000	31120000	31120000	28430000
439	27490000	31110000	31110000	28430000
440	27480000	31110000	31110000	28440000
441	27480000	31100000	31100000	28420000
442	27470000	31100000	31100000	28430000
443	27480000	31110000	31110000	28440000
444	27480000	31110000	31110000	28430000
445	27480000	31110000	31110000	28440000
446	27480000	31110000	31110000	28440000
447	27480000	31110000	31110000	28430000
448	27470000	31120000	31120000	28430000
449	27480000	31110000	31110000	28430000
450	27490000	31110000	31090000	28440000
451	27480000	31120000	31110000	28440000
452	27480000	31110000	31110000	28430000
453	27470000	31120000	31120000	28430000
454	27490000	31110000	31110000	28430000
455	27480000	31100000	31100000	28430000
456	27470000	31100000	31100000	28430000
457	27470000	31110000	31110000	28420000
458	27480000	31110000	31110000	28430000
459	27490000	31120000	31120000	28440000
460	27490000	31120000	31120000	28440000
461	27470000	31110000	31110000	28430000
462	27480000	31110000	31120000	28440000
463	27490000	31110000	31110000	28440000
464	27480000	31110000	31110000	28430000
465	27480000	31120000	31120000	28440000
466	27480000	31110000	31110000	28440000
467	27470000	31110000	31110000	28430000
468	27490000	31110000	31110000	28430000
469	27480000	31110000	31110000	28430000
470	27480000	31110000	31110000	28430000
471	27470000	31100000	31100000	28430000
472	27480000	31110000	31110000	28440000
473	27480000	31110000	31110000	28430000
474	27480000	31100000	31110000	28430000
475	27490000	31110000	31120000	28440000
476	27480000	31120000	31120000	28430000
477	27480000	31110000	31110000	28440000
478	27480000	31110000	31110000	28440000
479	27480000	31110000	31110000	28430000
480	27480000	31120000	31120000	28430000
481	27480000	31100000	31100000	28430000
482	27480000	31120000	31120000	28440000
483	27480000	31110000	31110000	28430000
484	27490000	31120000	31120000	28440000
485	27480000	31110000	31110000	28430000
486	27470000	31110000	31110000	28420000
487	27480000	31110000	31110000	28430000
488	27480000	31110000	31110000	28430000
489	27490000	31110000	31120000	28440000
490	27480000	31110000	31110000	28430000
491	27480000	31110000	31110000	28430000
492	27480000	31110000	31120000	28430000
493	27480000	31110000	31110000	28430000
494	27480000	31120000	31120000	28430000
495	27480000	31120000	31120000	28440000
496	27480000	31110000	31110000	28430000
497	27480000	31120000	31110000	28430000
498	27490000	31110000	31110000	28430000
499	27480000	31120000	31120000	28430000

============================================================
# BITSTREAM: 100us_101etapas.bit
# VENTANA: 100us
# ETAPAS_PRINCIPAL: 101
# NUM_MUESTRAS: 500
# FORMATO: idx	freq1_hz	freq2_hz	freq3_hz	freq4_hz
============================================================
idx	freq1_hz	freq2_hz	freq3_hz	freq4_hz
0	8160000	9710000	8810000	8850000
1	8160000	9720000	8810000	8850000
2	8160000	9720000	8810000	8850000
3	8170000	9720000	8810000	8850000
4	8160000	9720000	8810000	8840000
5	8160000	9720000	8800000	8850000
6	8170000	9720000	8810000	8850000
7	8160000	9710000	8800000	8850000
8	8160000	9710000	8810000	8850000
9	8160000	9720000	8810000	8850000
10	8160000	9720000	8800000	8860000
11	8160000	9720000	8800000	8850000
12	8160000	9720000	8800000	8860000
13	8160000	9710000	8800000	8850000
14	8170000	9720000	8810000	8850000
15	8160000	9720000	8810000	8860000
16	8160000	9710000	8810000	8850000
17	8160000	9720000	8800000	8840000
18	8160000	9720000	8800000	8850000
19	8160000	9720000	8800000	8850000
20	8170000	9720000	8800000	8850000
21	8170000	9710000	8810000	8850000
22	8160000	9710000	8800000	8850000
23	8160000	9710000	8800000	8850000
24	8160000	9720000	8810000	8850000
25	8160000	9710000	8800000	8850000
26	8160000	9720000	8800000	8840000
27	8160000	9710000	8810000	8840000
28	8170000	9720000	8810000	8850000
29	8160000	9710000	8810000	8840000
30	8160000	9710000	8800000	8850000
31	8160000	9710000	8800000	8840000
32	8160000	9710000	8800000	8850000
33	8160000	9720000	8800000	8850000
34	8160000	9720000	8810000	8850000
35	8160000	9720000	8810000	8850000
36	8160000	9720000	8800000	8850000
37	8160000	9710000	8800000	8850000
38	8160000	9720000	8800000	8850000
39	8170000	9710000	8800000	8860000
40	8160000	9710000	8800000	8850000
41	8160000	9710000	8810000	8850000
42	8160000	9710000	8810000	8850000
43	8160000	9710000	8800000	8850000
44	8160000	9720000	8800000	8850000
45	8160000	9710000	8810000	8850000
46	8160000	9710000	8810000	8850000
47	8160000	9720000	8800000	8850000
48	8160000	9720000	8800000	8850000
49	8150000	9710000	8810000	8840000
50	8160000	9720000	8800000	8850000
51	8160000	9720000	8810000	8850000
52	8160000	9720000	8800000	8850000
53	8160000	9720000	8800000	8850000
54	8160000	9720000	8800000	8850000
55	8170000	9720000	8800000	8850000
56	8160000	9720000	8800000	8850000
57	8160000	9710000	8810000	8850000
58	8160000	9720000	8800000	8850000
59	8160000	9710000	8800000	8850000
60	8160000	9710000	8800000	8850000
61	8160000	9720000	8800000	8850000
62	8160000	9720000	8800000	8850000
63	8160000	9720000	8800000	8850000
64	8160000	9720000	8810000	8850000
65	8170000	9720000	8800000	8850000
66	8160000	9710000	8810000	8850000
67	8170000	9720000	8810000	8850000
68	8160000	9710000	8800000	8850000
69	8160000	9710000	8800000	8850000
70	8160000	9720000	8800000	8850000
71	8160000	9710000	8800000	8840000
72	8160000	9720000	8800000	8850000
73	8160000	9710000	8800000	8850000
74	8160000	9720000	8800000	8840000
75	8160000	9710000	8810000	8850000
76	8160000	9720000	8810000	8850000
77	8160000	9720000	8800000	8850000
78	8160000	9720000	8800000	8850000
79	8160000	9720000	8810000	8850000
80	8160000	9710000	8800000	8850000
81	8170000	9720000	8810000	8850000
82	8160000	9720000	8810000	8840000
83	8160000	9720000	8800000	8850000
84	8170000	9710000	8810000	8850000
85	8160000	9710000	8800000	8840000
86	8170000	9710000	8800000	8850000
87	8160000	9710000	8800000	8850000
88	8160000	9720000	8800000	8850000
89	8160000	9710000	8810000	8850000
90	8160000	9710000	8800000	8850000
91	8160000	9710000	8800000	8850000
92	8160000	9710000	8800000	8840000
93	8160000	9710000	8800000	8850000
94	8160000	9720000	8800000	8850000
95	8170000	9720000	8810000	8840000
96	8160000	9720000	8800000	8850000
97	8160000	9710000	8800000	8850000
98	8170000	9710000	8810000	8850000
99	8160000	9720000	8800000	8850000
100	8160000	9720000	8800000	8850000
101	8160000	9710000	8800000	8850000
102	8160000	9720000	8800000	8860000
103	8160000	9720000	8800000	8850000
104	8160000	9720000	8800000	8840000
105	8160000	9720000	8800000	8850000
106	8160000	9720000	8800000	8850000
107	8160000	9720000	8810000	8850000
108	8160000	9720000	8800000	8850000
109	8170000	9710000	8800000	8850000
110	8160000	9710000	8800000	8850000
111	8160000	9720000	8800000	8850000
112	8160000	9720000	8810000	8850000
113	8160000	9710000	8800000	8850000
114	8160000	9710000	8800000	8850000
115	8160000	9720000	8810000	8850000
116	8160000	9710000	8800000	8850000
117	8170000	9720000	8810000	8850000
118	8160000	9710000	8800000	8850000
119	8160000	9720000	8800000	8850000
120	8160000	9720000	8800000	8850000
121	8160000	9720000	8800000	8850000
122	8160000	9710000	8800000	8860000
123	8170000	9720000	8810000	8840000
124	8160000	9720000	8800000	8850000
125	8160000	9720000	8800000	8850000
126	8160000	9710000	8800000	8850000
127	8170000	9720000	8800000	8850000
128	8160000	9720000	8800000	8860000
129	8160000	9710000	8800000	8850000
130	8160000	9720000	8800000	8840000
131	8160000	9710000	8810000	8850000
132	8160000	9720000	8800000	8850000
133	8160000	9720000	8810000	8850000
134	8170000	9710000	8800000	8850000
135	8160000	9720000	8800000	8850000
136	8160000	9720000	8800000	8840000
137	8160000	9720000	8800000	8840000
138	8160000	9710000	8810000	8850000
139	8160000	9710000	8800000	8850000
140	8160000	9710000	8810000	8840000
141	8160000	9720000	8800000	8850000
142	8160000	9720000	8800000	8850000
143	8160000	9720000	8800000	8850000
144	8160000	9710000	8800000	8840000
145	8160000	9710000	8810000	8850000
146	8160000	9720000	8800000	8850000
147	8160000	9720000	8800000	8850000
148	8160000	9720000	8800000	8850000
149	8170000	9720000	8800000	8840000
150	8160000	9720000	8800000	8840000
151	8160000	9720000	8810000	8850000
152	8160000	9720000	8800000	8850000
153	8160000	9710000	8800000	8840000
154	8160000	9710000	8800000	8850000
155	8160000	9720000	8800000	8840000
156	8160000	9710000	8810000	8850000
157	8160000	9710000	8810000	8850000
158	8170000	9710000	8810000	8840000
159	8160000	9720000	8800000	8840000
160	8160000	9720000	8800000	8850000
161	8160000	9710000	8800000	8850000
162	8160000	9720000	8800000	8850000
163	8160000	9710000	8800000	8840000
164	8160000	9710000	8800000	8850000
165	8160000	9720000	8800000	8850000
166	8160000	9720000	8800000	8840000
167	8160000	9710000	8810000	8840000
168	8160000	9710000	8810000	8850000
169	8160000	9720000	8800000	8850000
170	8160000	9710000	8810000	8850000
171	8160000	9710000	8800000	8850000
172	8160000	9720000	8800000	8840000
173	8160000	9720000	8800000	8850000
174	8160000	9720000	8810000	8850000
175	8160000	9710000	8800000	8850000
176	8160000	9710000	8800000	8850000
177	8160000	9720000	8810000	8850000
178	8160000	9720000	8800000	8850000
179	8160000	9720000	8810000	8850000
180	8160000	9710000	8800000	8840000
181	8160000	9710000	8800000	8840000
182	8160000	9710000	8800000	8850000
183	8160000	9710000	8800000	8840000
184	8160000	9710000	8800000	8840000
185	8160000	9720000	8800000	8840000
186	8160000	9710000	8800000	8850000
187	8160000	9720000	8800000	8850000
188	8160000	9720000	8810000	8850000
189	8160000	9710000	8800000	8850000
190	8160000	9720000	8800000	8850000
191	8160000	9710000	8800000	8850000
192	8160000	9720000	8800000	8850000
193	8160000	9720000	8800000	8840000
194	8170000	9720000	8800000	8840000
195	8160000	9720000	8800000	8850000
196	8160000	9720000	8810000	8850000
197	8160000	9710000	8800000	8850000
198	8160000	9720000	8800000	8840000
199	8160000	9710000	8800000	8850000
200	8160000	9710000	8800000	8850000
201	8160000	9720000	8810000	8840000
202	8160000	9710000	8800000	8850000
203	8160000	9710000	8810000	8850000
204	8160000	9710000	8810000	8840000
205	8160000	9710000	8800000	8850000
206	8160000	9710000	8800000	8850000
207	8160000	9720000	8800000	8840000
208	8160000	9720000	8800000	8850000
209	8160000	9710000	8800000	8850000
210	8160000	9710000	8800000	8850000
211	8160000	9720000	8800000	8850000
212	8160000	9710000	8800000	8840000
213	8160000	9710000	8810000	8850000
214	8150000	9710000	8790000	8840000
215	8160000	9720000	8800000	8850000
216	8160000	9710000	8800000	8850000
217	8160000	9710000	8790000	8840000
218	8160000	9710000	8800000	8850000
219	8160000	9720000	8800000	8850000
220	8160000	9710000	8800000	8840000
221	8160000	9710000	8810000	8840000
222	8160000	9720000	8810000	8840000
223	8160000	9710000	8800000	8840000
224	8160000	9710000	8800000	8840000
225	8160000	9720000	8800000	8850000
226	8160000	9720000	8800000	8850000
227	8170000	9710000	8800000	8840000
228	8160000	9720000	8800000	8840000
229	8160000	9710000	8800000	8840000
230	8160000	9720000	8810000	8850000
231	8160000	9710000	8810000	8840000
232	8170000	9710000	8810000	8850000
233	8160000	9720000	8800000	8850000
234	8150000	9710000	8800000	8840000
235	8160000	9710000	8810000	8840000
236	8160000	9710000	8800000	8840000
237	8160000	9710000	8800000	8840000
238	8160000	9710000	8800000	8840000
239	8160000	9710000	8800000	8850000
240	8160000	9720000	8800000	8850000
241	8160000	9710000	8800000	8850000
242	8160000	9710000	8800000	8840000
243	8160000	9720000	8800000	8850000
244	8160000	9720000	8800000	8840000
245	8160000	9720000	8800000	8850000
246	8160000	9720000	8800000	8850000
247	8160000	9710000	8800000	8850000
248	8160000	9720000	8800000	8850000
249	8160000	9720000	8800000	8850000
250	8160000	9710000	8800000	8850000
251	8160000	9710000	8800000	8840000
252	8160000	9710000	8800000	8850000
253	8160000	9710000	8800000	8850000
254	8160000	9720000	8800000	8850000
255	8160000	9720000	8810000	8850000
256	8170000	9720000	8810000	8850000
257	8160000	9720000	8800000	8850000
258	8170000	9720000	8800000	8850000
259	8160000	9710000	8800000	8840000
260	8160000	9720000	8800000	8840000
261	8160000	9720000	8810000	8850000
262	8160000	9710000	8810000	8840000
263	8160000	9710000	8800000	8850000
264	8170000	9720000	8800000	8850000
265	8160000	9710000	8800000	8850000
266	8160000	9720000	8800000	8850000
267	8160000	9720000	8800000	8850000
268	8160000	9710000	8810000	8850000
269	8160000	9720000	8810000	8850000
270	8160000	9710000	8800000	8850000
271	8150000	9720000	8800000	8850000
272	8160000	9720000	8800000	8840000
273	8160000	9710000	8800000	8850000
274	8160000	9710000	8800000	8840000
275	8160000	9720000	8810000	8850000
276	8160000	9710000	8810000	8850000
277	8160000	9710000	8800000	8850000
278	8160000	9720000	8800000	8840000
279	8160000	9720000	8810000	8850000
280	8160000	9710000	8800000	8850000
281	8160000	9710000	8800000	8850000
282	8160000	9720000	8800000	8850000
283	8160000	9710000	8800000	8840000
284	8160000	9720000	8800000	8850000
285	8160000	9720000	8800000	8840000
286	8160000	9710000	8810000	8850000
287	8160000	9710000	8800000	8850000
288	8160000	9720000	8800000	8840000
289	8160000	9710000	8810000	8850000
290	8150000	9720000	8800000	8850000
291	8150000	9720000	8800000	8840000
292	8170000	9710000	8800000	8850000
293	8150000	9710000	8800000	8850000
294	8160000	9710000	8800000	8850000
295	8160000	9720000	8800000	8850000
296	8160000	9710000	8800000	8850000
297	8160000	9710000	8800000	8850000
298	8160000	9710000	8810000	8850000
299	8150000	9710000	8800000	8840000
300	8160000	9710000	8800000	8840000
301	8160000	9710000	8800000	8850000
302	8160000	9720000	8800000	8850000
303	8160000	9710000	8810000	8850000
304	8150000	9710000	8800000	8840000
305	8160000	9710000	8810000	8850000
306	8160000	9710000	8810000	8850000
307	8160000	9710000	8800000	8850000
308	8160000	9710000	8800000	8850000
309	8150000	9710000	8800000	8840000
310	8160000	9710000	8800000	8840000
311	8160000	9710000	8790000	8840000
312	8160000	9720000	8800000	8850000
313	8160000	9710000	8810000	8850000
314	8160000	9720000	8800000	8840000
315	8160000	9720000	8800000	8840000
316	8150000	9710000	8800000	8850000
317	8160000	9720000	8800000	8840000
318	8150000	9710000	8800000	8850000
319	8150000	9710000	8800000	8840000
320	8160000	9710000	8800000	8850000
321	8160000	9720000	8800000	8840000
322	8160000	9710000	8800000	8840000
323	8150000	9720000	8800000	8850000
324	8160000	9710000	8800000	8850000
325	8160000	9710000	8810000	8850000
326	8160000	9720000	8810000	8850000
327	8160000	9710000	8800000	8850000
328	8150000	9710000	8800000	8840000
329	8160000	9710000	8790000	8840000
330	8150000	9710000	8800000	8850000
331	8150000	9710000	8810000	8850000
332	8160000	9710000	8810000	8850000
333	8160000	9710000	8800000	8860000
334	8160000	9720000	8810000	8850000
335	8160000	9710000	8800000	8840000
336	8160000	9710000	8810000	8850000
337	8160000	9710000	8800000	8850000
338	8150000	9710000	8800000	8850000
339	8160000	9720000	8800000	8850000
340	8160000	9710000	8810000	8840000
341	8160000	9710000	8800000	8850000
342	8170000	9710000	8800000	8850000
343	8150000	9710000	8800000	8840000
344	8160000	9710000	8800000	8850000
345	8160000	9720000	8810000	8850000
346	8160000	9710000	8800000	8840000
347	8160000	9710000	8800000	8840000
348	8160000	9710000	8800000	8850000
349	8160000	9710000	8800000	8850000
350	8150000	9710000	8810000	8850000
351	8160000	9720000	8800000	8850000
352	8150000	9710000	8800000	8850000
353	8160000	9710000	8800000	8850000
354	8160000	9710000	8810000	8850000
355	8160000	9720000	8800000	8840000
356	8160000	9710000	8800000	8850000
357	8160000	9710000	8810000	8850000
358	8160000	9710000	8800000	8850000
359	8160000	9710000	8810000	8840000
360	8160000	9720000	8800000	8850000
361	8160000	9710000	8800000	8840000
362	8150000	9710000	8810000	8850000
363	8160000	9720000	8810000	8850000
364	8160000	9710000	8800000	8850000
365	8160000	9710000	8810000	8850000
366	8150000	9710000	8800000	8850000
367	8160000	9710000	8800000	8850000
368	8160000	9710000	8800000	8850000
369	8150000	9710000	8810000	8840000
370	8160000	9720000	8800000	8840000
371	8150000	9710000	8800000	8840000
372	8160000	9710000	8800000	8850000
373	8160000	9710000	8810000	8850000
374	8160000	9710000	8800000	8850000
375	8160000	9720000	8800000	8850000
376	8160000	9720000	8810000	8850000
377	8160000	9710000	8810000	8850000
378	8160000	9710000	8800000	8850000
379	8160000	9720000	8800000	8850000
380	8160000	9710000	8800000	8850000
381	8160000	9720000	8800000	8850000
382	8160000	9710000	8800000	8850000
383	8160000	9720000	8800000	8840000
384	8160000	9710000	8800000	8850000
385	8150000	9720000	8800000	8840000
386	8160000	9710000	8800000	8850000
387	8160000	9720000	8810000	8850000
388	8160000	9710000	8800000	8840000
389	8160000	9720000	8800000	8840000
390	8160000	9720000	8800000	8850000
391	8160000	9710000	8800000	8850000
392	8160000	9710000	8800000	8850000
393	8160000	9710000	8810000	8850000
394	8160000	9720000	8800000	8850000
395	8160000	9710000	8800000	8840000
396	8160000	9720000	8800000	8850000
397	8160000	9710000	8800000	8840000
398	8160000	9710000	8800000	8840000
399	8160000	9710000	8800000	8850000
400	8150000	9710000	8800000	8840000
401	8160000	9710000	8800000	8850000
402	8160000	9710000	8800000	8850000
403	8160000	9720000	8800000	8850000
404	8160000	9720000	8800000	8850000
405	8160000	9710000	8800000	8840000
406	8160000	9710000	8800000	8850000
407	8170000	9720000	8800000	8850000
408	8160000	9710000	8810000	8840000
409	8160000	9710000	8800000	8840000
410	8150000	9710000	8800000	8850000
411	8160000	9710000	8800000	8850000
412	8160000	9710000	8800000	8850000
413	8150000	9710000	8800000	8840000
414	8160000	9710000	8800000	8840000
415	8160000	9720000	8800000	8850000
416	8160000	9710000	8800000	8840000
417	8160000	9710000	8800000	8840000
418	8160000	9710000	8800000	8850000
419	8160000	9720000	8800000	8840000
420	8160000	9710000	8800000	8840000
421	8150000	9710000	8810000	8850000
422	8160000	9710000	8800000	8850000
423	8160000	9720000	8800000	8850000
424	8160000	9710000	8800000	8840000
425	8160000	9710000	8810000	8850000
426	8160000	9710000	8810000	8850000
427	8160000	9720000	8800000	8840000
428	8160000	9710000	8800000	8850000
429	8160000	9710000	8800000	8840000
430	8160000	9710000	8800000	8850000
431	8170000	9710000	8800000	8840000
432	8160000	9710000	8800000	8850000
433	8160000	9710000	8800000	8840000
434	8160000	9710000	8810000	8850000
435	8160000	9710000	8810000	8850000
436	8160000	9720000	8800000	8840000
437	8160000	9720000	8800000	8840000
438	8160000	9710000	8800000	8840000
439	8160000	9720000	8800000	8850000
440	8150000	9710000	8800000	8840000
441	8160000	9710000	8800000	8840000
442	8160000	9720000	8800000	8840000
443	8270000	9720000	8800000	8840000
444	8160000	9720000	8800000	8850000
445	8150000	9710000	8800000	8850000
446	8160000	9720000	8810000	8840000
447	8160000	9710000	8800000	8850000
448	8160000	9720000	8800000	8850000
449	8160000	9720000	8800000	8850000
450	8160000	9710000	8800000	8840000
451	8150000	9720000	8800000	8850000
452	8160000	9710000	8800000	8840000
453	8160000	9720000	8800000	8850000
454	8160000	9710000	8800000	8840000
455	8160000	9710000	8800000	8840000
456	8160000	9710000	8800000	8840000
457	8160000	9710000	8800000	8840000
458	8160000	9710000	8800000	8850000
459	8160000	9710000	8800000	8840000
460	8160000	9710000	8800000	8840000
461	8160000	9710000	8800000	8850000
462	8160000	9710000	8800000	8850000
463	8160000	9720000	8800000	8840000
464	8160000	9710000	8800000	8850000
465	8150000	9710000	8800000	8840000
466	8160000	9710000	8800000	8850000
467	8160000	9710000	8800000	8850000
468	8160000	9710000	8800000	8850000
469	8150000	9710000	8800000	8850000
470	8150000	9710000	8810000	8840000
471	8150000	9710000	8800000	8850000
472	8160000	9710000	8800000	8840000
473	8160000	9710000	8800000	8840000
474	8150000	9710000	8800000	8840000
475	8150000	9710000	8800000	8850000
476	8160000	9720000	8800000	8850000
477	8160000	9720000	8800000	8850000
478	8160000	9710000	8810000	8840000
479	8160000	9710000	8800000	8850000
480	8160000	9720000	8800000	8850000
481	8160000	9710000	8800000	8840000
482	8170000	9710000	8800000	8850000
483	8150000	9720000	8800000	8840000
484	8160000	9720000	8800000	8850000
485	8160000	9710000	8800000	8840000
486	8160000	9710000	8800000	8850000
487	8160000	9710000	8800000	8840000
488	8160000	9720000	8800000	8850000
489	8160000	9710000	8800000	8840000
490	8160000	9710000	8800000	8850000
491	8160000	9710000	8800000	8850000
492	8160000	9710000	8810000	8850000
493	8160000	9710000	8800000	8850000
494	8160000	9710000	8800000	8840000
495	8160000	9720000	8800000	8850000
496	8160000	9720000	8800000	8840000
497	8160000	9710000	8800000	8850000
498	8160000	9710000	8800000	8850000
499	8150000	9710000	8800000	8840000
