# CAPTURA AUTOMATICA MULTIBITSTREAM
# Puerto serie: COM3
# Baudrate: 115200
# Muestras por bitstream: 500
# Orden: 100ms -> 10ms -> 1ms -> 100us ; etapas 3, 5, 51, 101

============================================================
# BITSTREAM: 100ms_3etapas.bit
# VENTANA: 100ms
# ETAPAS_PRINCIPAL: 3
# NUM_MUESTRAS: 500
# FORMATO: idx	freq1_hz	freq2_hz	freq3_hz	freq4_hz
============================================================
idx	freq1_hz	freq2_hz	freq3_hz	freq4_hz
0	33919860	54891380	33919870	33919870
1	33915480	44401240	33915470	33915480
2	33912290	33912290	33912300	34076130
3	33915670	65372950	33915660	33915670
4	33915450	54886980	33915460	33915450
5	33915560	44401310	33915560	33915560
6	33918670	33918670	33918670	33918670
7	33922310	33923790	33922300	33922310
8	33918580	54890100	33918580	33918580
9	33918250	44404010	33918260	33918250
10	33917640	33917640	33917630	33917630
11	33917130	65374410	33917130	33917140
12	33916270	54887800	33916280	33916270
13	33914250	44400000	33914240	33914250
14	33912350	33912350	33912350	33912350
15	33917520	65374800	33917530	33917520
16	33916470	54887990	33916460	33916470
17	33912600	44398360	33912600	33912600
18	33912580	33912580	33912590	33912580
19	33915280	65372560	33915270	33915280
20	33916610	54888140	33916620	33916610
21	33917710	44403470	33917710	33917710
22	33917560	33917560	33917560	33917560
23	33912930	65370200	33912920	33912920
24	33913980	54885500	33913990	33913990
25	33918240	44404000	33918240	33918240
26	33917970	33917970	33917970	33917970
27	33918640	65375920	33918630	33918630
28	33920770	54892290	33920770	33920780
29	33923060	44408830	33923070	33923060
30	33917610	44403710	33917600	33917610
31	33920290	65377580	33920300	33920290
32	33921170	54892680	33921160	33921160
33	33922320	44408090	33922330	33922330
34	33921850	33921840	33921840	33921840
35	33922490	65379770	33922490	33922500
36	33918030	54889560	33918040	33918030
37	33918250	44404000	33918250	33918250
38	33918650	33918660	33918650	33918650
39	33917110	65374390	33917110	33917110
40	33916510	54888030	33916510	33916510
41	33911500	44397250	33911500	33911500
42	33912590	33912590	33912580	33912590
43	33915490	65372770	33915500	33915490
44	33921710	54893230	33921710	33921710
45	33923420	44409180	33923420	33923420
46	33926940	33926940	33926930	33926940
47	33925270	65382560	33925280	33925270
48	33930250	54901760	33930250	33930250
49	33933640	44419400	33933630	33933640
50	33928050	33928050	33928050	33928040
51	33926320	65383600	33926320	33926330
52	33926940	54898460	33926940	33926940
53	33927010	44412780	33927020	33927010
54	33928330	33928320	33928320	33928330
55	33923330	65380610	33923330	33923330
56	33923850	54895370	33923860	33923850
57	33925890	44411650	33925880	33925890
58	33927370	44413250	33927370	33927360
59	33924870	65382150	33924870	33924880
60	33926580	54898100	33926580	33926580
61	33929620	44415390	33929630	33929620
62	33925150	33925140	33925140	33925150
63	33922570	65379860	33922580	33922570
64	33926510	54898030	33926510	33926510
65	33925110	44410870	33925110	33925110
66	33927940	33927930	33927940	33927940
67	33926590	65383870	33926580	33926590
68	33928380	54899910	33928390	33928380
69	33925520	44411270	33925510	33925520
70	33921810	33921820	33921820	33921810
71	33919400	65376670	33919390	33919400
72	33920730	54892250	33920730	33920730
73	33926790	44412550	33926790	33926790
74	33922720	33922730	33922730	33922720
75	33924820	65382100	33924820	33924820
76	33927500	54899020	33927500	33927500
77	33928590	44414350	33928590	33928590
78	33930280	33930270	33930280	33930280
79	33932920	65390200	33932910	33932920
80	33930610	54902130	33930610	33930600
81	33929480	44415250	33929490	33929490
82	33925300	33925290	33925290	33925300
83	33929660	65386940	33929660	33929660
84	33927760	54899280	33927770	33927760
85	33930610	44416380	33930610	33930610
86	33930490	33930480	33930480	33930480
87	33928650	65385930	33928650	33928660
88	33924070	54895600	33924080	33924070
89	33922690	44408440	33922680	33922690
90	33932100	33932110	33932110	33932100
91	33931300	65388570	33931300	33931300
92	33930370	54901890	33930370	33930370
93	33925190	44410950	33925180	33925190
94	33931160	33931160	33931160	33931160
95	33926960	65384250	33926970	33926960
96	33926010	54897520	33926000	33926010
97	33922300	54892400	33922300	33922290
98	33926180	33926180	33926180	33926190
99	33921110	65378390	33921110	33921100
100	33924440	54895970	33924450	33924450
101	33925170	44410920	33925160	33925170
102	33925340	33925340	33925340	33925340
103	33925130	65382410	33925130	33925130
104	33921870	54893400	33921880	33921870
105	33921940	44407690	33921930	33921930
106	33925440	33925450	33925450	33925450
107	33922710	65379980	33922700	33922710
108	33921280	54892810	33921290	33921280
109	33919200	44404950	33916270	33919200
110	33916910	33916910	33916910	33916910
111	33916720	65374010	33916730	33916720
112	33915310	54886830	33915310	33915310
113	33914480	44400230	33914480	33914480
114	33915110	33915110	33915100	33915110
115	33913970	65371250	33913970	33913970
116	33912460	54883980	33912470	33912460
117	33913150	44398910	33913140	33913150
118	33915250	33915250	33915250	33915250
119	33916650	65373940	33916660	33916650
120	33912020	54883530	33912010	33912010
121	33915510	44401280	33915520	33915520
122	33915530	33915520	33915530	33915530
123	33914530	65371820	33914530	33914530
124	33912800	54884310	33912790	33912800
125	33913790	44399560	33913800	33913790
126	33915200	33915190	33915200	33751360
127	33912830	65370120	33912830	33912830
128	33914930	54886440	33914920	33914930
129	33916660	44402420	33916700	33916650
130	33918410	33918420	33918420	33918420
131	33923790	65381060	33923790	33923790
132	33918490	54890020	33918490	33918490
133	33918790	44404540	33918780	33918790
134	33915970	33915970	33915970	33915970
135	33915670	65372960	33915680	33915670
136	33917050	54888570	33917050	33917050
137	33921870	44407620	33921860	33921870
138	33921350	44407350	33921350	33921350
139	33927000	65384280	33927000	33927000
140	33920880	54892410	33920890	33920880
141	33919760	44405510	33919750	33919750
142	33921180	33921180	33921180	33921190
143	33927120	33926300	33927120	33927120
144	33923440	54894970	33923450	33923440
145	33919960	44405710	33919960	33919960
146	33924630	33924630	33924630	33924630
147	33922080	65379370	33922080	33922080
148	33923380	54894890	33923370	33923380
149	33920290	44406050	33920290	33920280
150	33920500	44406360	33920500	33920510
151	33917960	65375250	33917970	33917960
152	33916320	44402070	33916310	33916310
153	33922940	44408710	33922950	33922950
154	33916860	33916850	33916850	33916850
155	33915530	65372810	33915530	33915540
156	33917330	54888850	33917330	33917330
157	33916630	44402400	33916640	33916630
158	33918820	33918820	33918820	33918820
159	33919570	65376850	33919570	33919570
160	33917540	54889060	33917540	33917540
161	33921390	44407140	33921380	33921390
162	33917010	44402020	33917010	33917010
163	33915230	75858270	33915230	33915230
164	33920230	54891750	33920230	33920230
165	33917730	44403490	33917730	33917720
166	33914500	33914500	33914500	33914510
167	33912630	65369910	33912640	33912630
168	33917200	54888730	33917200	33917200
169	33916120	44401870	33916120	33916120
170	33913930	33913940	33913930	33913930
171	33908800	65366070	33908790	33908800
172	33915550	54887070	34000230	33915550
173	33917340	44403100	33917340	33917330
174	33912780	33912780	33829740	33912790
175	33914190	65371480	33914200	33914190
176	33918210	54889730	33918210	33918210
177	33920530	44406280	33920520	33920530
178	33922040	33922050	33922050	33922040
179	33923160	65380430	33923150	33923160
180	33922610	54894140	33922620	33922610
181	33917770	44403520	33917760	33917770
182	33918720	33918720	33918730	33918720
183	33921100	65378380	33921100	33921100
184	33918960	54890480	33918950	33918960
185	33921550	44407310	33921550	33921550
186	33915200	33915200	33915200	33915190
187	33914670	65371950	33914680	33914680
188	33915100	54886620	33915090	33915090
189	33917010	44402780	33917020	33917020
190	33915460	33915450	33915170	33915460
191	33918050	65375340	33918060	33918050
192	33921540	65380460	33921530	33921530
193	33913480	44399240	33913480	33913480
194	33912750	33912750	33912750	33912750
195	33916300	65373590	33916310	33916310
196	33916270	44402030	33916270	33916270
197	33915070	44400830	33915070	33915070
198	33917750	33917750	33917750	33917750
199	33916780	65374060	33916780	33916780
200	33919410	54890930	33919410	33919410
201	33914990	44400740	33914990	33914990
202	33916610	33916620	33916610	33916610
203	33917940	65375210	33917930	33917930
204	33916250	54887770	33916250	33916250
205	33915880	44401650	33915890	33915890
206	33915160	33915160	33915160	33915160
207	33912290	65369560	33912280	33912290
208	33915080	54886600	33915080	33915080
209	33913500	44399270	33913510	33913500
210	33911450	33911440	33911440	33911450
211	33911490	65368770	33911490	33911490
212	33910200	54881730	33910210	33910200
213	33911450	44397210	33911450	33911450
214	33912800	33912790	33912800	33912800
215	33908260	65365550	33908260	33908260
216	33909100	54880610	33909090	33909090
217	33910900	44396660	33910910	33910910
218	33911810	33911810	33911800	33911800
219	33916250	65373530	33916260	33916260
220	33912950	54884470	33829220	33912950
221	33910720	44396490	33910730	33910720
222	33914000	33914000	33914000	33914000
223	33918480	65375750	33918470	33918480
224	33915700	54887220	33915700	33915700
225	33919510	44405270	33919510	33919500
226	33917800	44404300	33917800	33917810
227	33916090	65373380	33916100	33916090
228	33914840	54886350	33914840	33914840
229	33916060	44401820	33916050	33916060
230	33913130	33913140	33913140	33913130
231	33911820	65369090	33911810	33911820
232	33912470	54883990	33912480	33912470
233	33914560	44400320	33914560	33914560
234	33917260	33917260	33917250	33917260
235	33916730	65374010	33916740	33916730
236	33914500	54886020	33914490	33914490
237	33924420	44410180	33924430	33924430
238	33916260	33916270	33916260	33916260
239	33913840	65371110	33913840	33913840
240	33915480	54887010	33915480	33915480
241	33913600	44399350	33913590	33913590
242	33914190	33914190	33914200	33914200
243	33914740	65372020	33914740	33914740
244	33910450	54881970	33910440	33910450
245	33913870	44399630	33913870	33913870
246	33914670	33914680	33914680	33914670
247	33917710	75860740	33917700	33917710
248	33916760	54888290	33916770	33916760
249	33917450	54888960	33917440	33917450
250	33915700	33915710	33915710	33915700
251	33916980	65374250	33916980	33916980
252	33920540	54892070	33920540	33920540
253	33918860	44404620	33918860	33918860
254	33919330	33919320	33919320	33919320
255	33913820	65371100	33913820	33913830
256	33912010	54883530	33912010	33912010
257	33917180	44402940	33917190	33917180
258	33918740	33918740	33918740	33918740
259	33915420	65372700	33915410	33915420
260	33916660	54888180	33916660	33916660
261	33918460	44404220	33918460	33918460
262	33918490	33918490	33918490	33918480
263	33913450	65370730	33913450	33913460
264	33915050	54886570	33915060	33915050
265	33916080	44401840	33916080	33916080
266	33921710	33921710	33921700	33921710
267	33918870	65376150	33918870	33918870
268	33917560	44403330	33917570	33917560
269	33915540	44401290	33915530	33915530
270	33916190	33916200	33916200	33916200
271	33912260	65369530	33912260	33912260
272	33909150	54880670	33909140	33909150
273	33906240	44392000	33906250	33906240
274	33906710	33906710	33906710	33906710
275	33908280	75851330	33908280	33908280
276	33906870	54878380	33906860	33906870
277	33912120	44397880	33911960	33912110
278	33911680	33911680	33911690	33911690
279	33911530	65368820	33911530	33911530
280	33910280	54881790	33910270	33910280
281	33919100	44404860	33919100	33919090
282	33921940	33921950	33921950	33921950
283	33921130	65378410	33921130	33921130
284	33921950	54893460	33922400	33921950
285	33919870	54891400	33919880	33919870
286	33916580	33916570	33916570	33916580
287	33917580	65374870	33917590	33917580
288	33915750	54887260	33915740	33915750
289	33915730	44401490	33915730	33915720
290	33916320	33916330	33916330	33916330
291	33917610	65374880	33917610	33917610
292	33913020	54884540	33913010	33913020
293	33915260	44401030	33915270	33915260
294	33916090	33916080	33916080	33916090
295	33917800	65375080	33917810	33917800
296	33922080	54893600	33922070	33922080
297	33922390	44408150	33922390	33922380
298	33919780	33919780	33919790	33919790
299	33915490	75858540	33915490	33915490
300	33914520	54886030	33914510	33914520
301	33913860	44399630	33913870	33913860
302	33917610	33917600	33917600	33917610
303	33917640	65374930	33917650	33917640
304	33917840	54889350	33917830	33917840
305	33918350	44404110	33918350	33918350
306	33920470	33920470	33920480	33920470
307	33921630	65378910	33921630	33921630
308	33916230	54887750	33916220	33916230
309	33917940	44403710	33917950	33917940
310	33918470	33918460	33918470	33918470
311	33918510	65375800	33918510	33918510
312	33919290	54890810	33919290	33919290
313	33921920	44407670	33921920	33921920
314	33922230	33922240	33922230	33922230
315	33920320	65377600	33920320	33920320
316	33919320	54890830	33919310	33919320
317	33920340	44406100	33920350	33920340
318	33919510	33919510	33919500	33919510
319	33918150	65375430	33918150	33918150
320	33918700	54890230	33918710	33918700
321	33915130	44400890	33915130	33915130
322	33918330	33918330	33918330	33918330
323	33927360	65384640	33927360	33927360
324	33921920	54893430	33921910	33921920
325	33915670	44401430	33915670	33915670
326	33917980	33917980	33917990	33917980
327	33918210	65375500	33918210	33918210
328	33917760	54889280	33917760	33917760
329	33917090	44402840	33917080	33917090
330	33916320	33916320	33916320	33916320
331	33919280	65376570	33919290	33919280
332	33920100	54891610	33920090	33920090
333	33922420	44408180	33922420	33922420
334	33924270	33924270	33924270	33924280
335	33924290	65381580	33924300	33924290
336	33925110	54896620	33925100	33925110
337	33927720	44413480	33927720	33927720
338	33924580	33924590	33924590	33924580
339	33922900	75865930	33922890	33922900
340	33923300	54894820	33923300	33923290
341	33923670	44409440	33923680	33923680
342	33920630	33920620	33920620	33920630
343	33921790	65379070	33921790	33921790
344	33918600	54890130	33918610	33918600
345	33921790	44407550	33921790	33921790
346	33921130	33921130	33921130	33921130
347	33923730	65381000	33923720	33923730
348	33925610	54897130	33925610	33925600
349	33925980	44411740	33925980	33925990
350	33925500	33925500	33925510	33925500
351	33924080	65381370	33924080	33924080
352	33923050	54894570	33923050	33923050
353	33923410	44409160	33923410	33923410
354	33918370	33918370	33918360	33918370
355	33915000	65372280	33915000	33915000
356	33916210	54887730	33916210	33916210
357	33921430	44407200	33921440	33921430
358	33924330	33924330	33924330	33924330
359	33921960	75865150	33921950	33921960
360	33923150	54894680	33923160	33923150
361	33924690	44410450	33924690	33924690
362	33923190	33923190	33923190	33923190
363	33923930	65381210	33923930	33923930
364	33924140	44409890	33924130	33924140
365	33917320	44403080	33917320	33917320
366	33915600	33915600	33915600	33915600
367	33915100	65372390	33915110	33915100
368	33914180	54885690	33914170	33914180
369	33915620	44401380	33915620	33915610
370	33915590	33915590	33915600	33915600
371	33912100	65369390	33912100	33912100
372	33913260	54884770	33913250	33913250
373	33909340	54880860	33909340	33909350
374	33917580	33917590	33917590	33917580
375	33920100	65377370	33920100	33920100
376	33917550	65372250	33917540	33917550
377	33916600	44402360	33916610	33916600
378	33916370	33916370	33916360	33916370
379	33919310	65376600	33919320	33919310
380	33921140	54892650	33921130	33921140
381	33913890	44399660	33913900	33913890
382	33914160	33914150	33914150	33914160
383	33917870	65375160	33917880	33754030
384	33921430	54892940	33921420	33921420
385	33919290	44405050	33919290	33919300
386	33919410	33919410	33919410	33919410
387	33919570	65376850	33919570	33919570
388	33920100	54891620	33920100	33920100
389	33921440	44407200	33921440	33921440
390	33921130	33921140	33921140	33921130
391	33923290	75866320	33923280	33923290
392	33924770	54896300	33924780	33924770
393	33922610	44408360	33922610	33922610
394	33923280	33923280	33923280	33923280
395	33925430	65382710	33925420	33925430
396	33923410	54894930	33923420	33923410
397	33921490	44407250	33921480	33921490
398	33920040	44407250	33920040	33920040
399	33924810	65382100	33924820	33924810
400	33922610	54894120	33922600	33922610
401	33916440	44402210	33916450	33916440
402	33916990	23431220	33916980	33916980
403	33918640	65375920	33918640	33918650
404	33918880	54890410	33918890	33918880
405	33920030	44405780	33920020	33920020
406	33913540	33913540	33913540	33913550
407	33912470	65369750	33912480	33912470
408	33916710	54888230	33916700	33916710
409	33910010	44395770	33910010	33910000
410	33909140	33909140	33909140	33909150
411	33911640	75854680	33911640	33911640
412	33911120	54882650	33911130	33911120
413	33910690	44396450	33910690	33910690
414	33911770	33911770	33911770	33911770
415	33912830	65370110	33912830	33912830
416	33913740	54885250	33913730	33913740
417	33912350	44398110	33912350	33912350
418	33911220	23425460	33911220	33911220
419	33910840	65368120	33910840	33910840
420	33911390	54882910	33911430	33911380
421	33912320	44398080	33912330	33912330
422	33910700	33910700	33910700	33910700
423	33908300	65365580	33908300	33908300
424	33909130	54880660	33909130	33909130
425	33910000	44395750	33909990	33910000
426	33908700	33908700	33908700	33908690
427	33907290	65364580	33907300	33907300
428	33904720	54876230	33904710	33904720
429	33902050	44387820	33902060	33902050
430	33905870	33905860	33905870	33905870
431	33901530	65358810	33901520	33901530
432	33900290	54871810	33900290	33900290
433	33901690	44387450	33901700	33901690
434	33900700	33900710	33900700	33900700
435	33899740	65356970	33899690	33899690
436	33894710	54866230	33894710	33894720
437	33900960	44386730	33900970	33900960
438	33897040	33897040	33897040	33897040
439	33900150	65357430	33900150	33900150
440	33899580	44385340	33899580	33899580
441	33900390	44386140	33900380	33900390
442	33904480	33904480	33904480	33904480
443	33903520	65360810	33903530	33903520
444	33904010	54875520	33904000	33904010
445	33901440	44387200	33901440	33901430
446	33904840	33904840	33904840	33904850
447	33906470	65363760	33906480	33906470
448	33907360	54878870	33907350	33907360
449	33909120	44394890	33909130	33909120
450	33911260	33911250	33913770	33911260
451	33911000	65368280	33911000	33910990
452	33909430	65366710	33909430	33909430
453	33914840	44400610	33914850	33914850
454	33908380	33908370	33908370	33908380
455	33909290	65366570	33909290	33909290
456	33908250	54879770	33908250	33908250
457	33910720	44396480	33910720	33910710
458	33909920	23424160	33909920	33909920
459	33908180	65365470	33908190	33908190
460	33906650	54878170	33906650	33906650
461	33906210	44391960	33906200	33906210
462	33911950	33911960	33911960	33911950
463	33913150	65370420	33913150	33913150
464	33911680	54883200	33911680	33911680
465	33915960	44401720	33915960	33915960
466	33912280	33912290	33912280	33912280
467	33914320	65371600	33914320	33914320
468	33914040	54885550	33913710	33914040
469	33913460	44399220	33913460	33913460
470	33912810	33912810	33912820	33912810
471	33910920	65368200	33910910	33910910
472	33909280	54880810	33909290	33909290
473	33907210	44392960	33907200	33907200
474	33906670	33906680	33906680	33906680
475	33908380	65365650	33908370	33908380
476	33907420	54878940	33907420	33907410
477	33912880	44398640	33912880	33912890
478	33910830	33905710	33905710	33905710
479	33906950	65364240	33906960	33906950
480	33905880	54877400	33905880	33905880
481	33906530	44392280	33906520	33906530
482	33907280	33907280	33907290	33907280
483	33909530	75852580	33909530	33909530
484	33906000	54877510	33905990	33906000
485	33904370	44390140	33904380	33904370
486	33898760	33908950	33908950	33908960
487	33912490	65369770	33912490	33912490
488	33909180	54880700	33909180	33909170
489	33911480	44397240	33911480	33911490
490	33910830	33910840	33910840	33910830
491	33913340	65370610	33913330	33913330
492	33914560	54886080	33914570	33914570
493	33910530	44396290	33910520	33910530
494	33913250	33913250	33910530	33913240
495	33911680	65368960	33911690	33911690
496	33911740	54883260	33911730	33911740
497	33909780	44395540	33909780	33909780
498	33912610	33912610	33912610	33912600
499	33915000	65372290	33915010	33915010

============================================================
# BITSTREAM: 100ms_5etapas.bit
# VENTANA: 100ms
# ETAPAS_PRINCIPAL: 5
# NUM_MUESTRAS: 500
# FORMATO: idx	freq1_hz	freq2_hz	freq3_hz	freq4_hz
============================================================
idx	freq1_hz	freq2_hz	freq3_hz	freq4_hz
0	33379090	33373980	33379100	33379100
1	33381070	33375940	33381060	33381060
2	33381390	33376280	33381400	33381400
3	33386130	33386120	33386120	33386130
4	33385640	33385640	33385640	33385630
5	33383420	33383430	33383430	33383430
6	33382420	33382410	33382410	33382410
7	33381330	33376210	33381330	33381330
8	33377750	33372630	33377750	33377760
9	33379610	33374490	33379610	33379600
10	33380160	33375040	33380160	33380160
11	33380060	33374940	33380060	33380380
12	33380210	33375090	33380210	33380220
13	33379870	33374750	33379880	33379870
14	33381710	33376600	33381710	33381710
15	33380760	33375630	33380750	33380750
16	33384050	33384060	33384060	33384060
17	33385150	33385140	33385150	33385150
18	33388320	33383200	33388320	33388320
19	33385560	33385570	33385560	33385560
20	33385740	33385740	33385740	33385740
21	33386190	33386180	33386190	33386190
22	33386660	33386660	33386650	33386650
23	33385640	33385640	33385650	33385650
24	33386120	33386120	33386110	33386120
25	33384500	33384500	33384500	33384490
26	33381890	33376770	33381900	33381900
27	33383870	33383870	33383860	33383860
28	33386850	33386860	33386860	33386860
29	33386960	33386950	33386950	33386950
30	33386760	33386760	33386770	33386770
31	33385410	33385410	33385410	33385410
32	33388950	33383830	33388940	33388950
33	33388360	33383240	33388360	33388360
34	33385800	33385800	33385800	33385790
35	33386910	33386910	33386910	33386910
36	33387310	33387310	33387310	33387320
37	33385100	33385100	33385100	33385090
38	33384890	33384890	33384890	33384890
39	33387310	33387320	33387320	33387320
40	33382370	33377250	33382370	33382370
41	33385660	33385650	33385660	33385660
42	33384250	33384250	33384250	33384250
43	33381350	33376230	33381340	33381350
44	33382060	33376950	33382070	33382060
45	33386270	33386260	33386270	33386270
46	33384950	33384950	33384940	33384950
47	33381370	33376250	33381380	33381370
48	33382320	33377200	33382320	33382320
49	33385010	33385010	33385000	33385000
50	33384830	33384830	33384840	33384840
51	33385510	33385520	33385510	33385510
52	33384530	33384530	33384530	33384530
53	33382020	33376890	33382010	33382010
54	33384120	33384120	33384130	33384130
55	33383760	33383770	33383760	33383760
56	33385320	33385310	33385320	33385320
57	33385520	33385520	33385510	33385520
58	33383340	33383350	33383350	33383340
59	33385270	33385270	33385270	33385270
60	33385040	33385030	33385030	33385040
61	33385360	33385360	33385360	33385350
62	33385960	33385960	33385960	33385960
63	33387400	33387400	33387400	33387400
64	33384320	33384320	33384330	33384330
65	33385360	33385360	33385350	33385360
66	33381490	33376370	33381490	33381480
67	33383400	33383410	33383410	33383410
68	33382520	33382510	33382520	33382520
69	33383060	33383060	33383060	33383060
70	33382570	33382570	33382570	33382570
71	33382990	33382990	33382980	33382990
72	33382730	33382730	33382730	33382720
73	33384830	33384830	33384830	33384830
74	33384530	33384540	33384540	33384540
75	33384880	33384880	33384880	33384880
76	33383950	33383950	33383950	33384270
77	33382630	33382630	33382630	33382630
78	33381660	33376530	33381660	33381660
79	33380750	33375630	33380740	33380740
80	33382410	33382410	33382410	33382410
81	33381720	33376600	33381720	33381720
82	33382280	33377160	33382280	33382280
83	33379820	33374700	33379820	33379830
84	33380870	33375750	33380870	33380860
85	33383380	33383390	33383390	33383390
86	33383870	33383870	33383870	33383870
87	33377030	33377020	33377030	33377030
88	33380030	33374910	33380030	33380030
89	33383370	33383370	33383360	33383360
90	33383210	33383220	33383220	33383220
91	33378450	33373330	33378450	33378450
92	33374960	33374950	33374950	33374950
93	33379520	33374410	33379530	33379530
94	33380800	33375670	33380790	33380790
95	33383910	33383910	33383910	33383920
96	33381400	33376280	33381400	33381390
97	33379650	33374530	33379660	33379660
98	33376980	33376990	33376980	33376980
99	33377480	33372360	33377480	33377480
100	33379160	33374030	33379150	33378830
101	33382940	33382950	33382950	33382950
102	33381410	33376280	33381400	33381400
103	33382050	33376930	33382050	33382060
104	33383940	33383950	33383950	33383940
105	33385800	33385790	33385790	33385790
106	33390960	33385840	33390970	33390970
107	33386340	33386350	33386340	33386340
108	33388660	33383530	33388650	33388660
109	33387100	33387100	33387100	33387100
110	33383230	33383230	33383230	33383220
111	33382670	33382670	33382670	33382670
112	33381700	33376580	33381700	33381710
113	33381940	33376830	33381950	33381940
114	33379490	33374360	33379480	33379480
115	33380290	33375180	33380300	33380300
116	33382530	33382520	33382520	33382520
117	33380670	33375550	33380670	33380670
118	33381440	33376320	33381450	33381450
119	33382280	33377160	33382270	33382270
120	33382580	33382590	33382590	33382590
121	33379830	33374700	33379820	33379830
122	33381900	33376780	33381900	33381890
123	33383680	33383690	33383690	33383690
124	33385180	33385170	33385170	33385170
125	33385080	33385080	33385090	33385090
126	33384660	33384660	33384650	33384660
127	33382990	33383000	33383000	33382990
128	33383150	33383140	33383140	33383150
129	33380510	33375390	33380510	33393380
130	33383050	33383060	33383060	33383060
131	33381920	33376790	33381920	33381920
132	33383710	33383710	33383700	33383700
133	33390680	33385570	33390690	33390690
134	33390720	33385600	33390720	33390720
135	33388440	33383320	33388440	33388440
136	33388460	33383330	33388450	33388450
137	33387880	33382760	33387880	33387880
138	33386010	33386010	33386010	33386010
139	33389590	33384470	33389590	33389600
140	33388670	33383560	33388680	33388670
141	33388470	33383340	33388460	33388460
142	33387840	33382730	33387850	33387850
143	33389630	33384500	33389620	33389620
144	33385680	33385680	33385680	33385680
145	33386330	33386330	33386340	33386340
146	33386320	33386330	33386320	33386320
147	33389520	33384390	33389510	33389510
148	33386830	33386830	33386830	33386830
149	33387300	33387300	33387310	33387310
150	33387350	33387350	33387340	33387340
151	33386180	33386190	33386190	33386190
152	33385650	33385640	33385640	33385640
153	33384750	33384750	33384750	33384760
154	33387240	33387250	33387250	33387240
155	33381830	33376710	33381830	33381830
156	33381480	33376350	33381480	33381480
157	33382980	33382980	33382980	33382980
158	33385120	33385120	33385110	33385110
159	33388440	33383330	33388450	33388450
160	33388390	33383260	33388390	33388390
161	33386300	33386300	33386290	33386300
162	33389450	33384340	33389460	33389450
163	33386750	33386740	33386740	33386740
164	33387040	33387050	33387050	33387050
165	33384150	33384150	33384150	33384150
166	33380680	33375550	33380670	33380670
167	33379020	33373900	33379020	33379020
168	33378520	33373410	33378530	33378530
169	33378920	33373790	33378910	33378910
170	33381440	33376320	33381440	33381450
171	33382040	33376920	33382040	33382040
172	33384160	33384160	33384170	33384160
173	33385470	33385470	33385460	33385460
174	33382320	33377210	33382330	33382330
175	33383050	33383040	33383040	33383040
176	33386480	33386480	33386480	33386490
177	33386880	33386890	33386890	33386880
178	33384370	33384360	33384360	33384360
179	33384000	33384010	33384010	33384010
180	33381030	33375900	33381030	33381030
181	33382040	33376920	33382040	33382040
182	33383100	33383110	33383100	33383100
183	33382780	33382780	33382780	33382780
184	33380600	33375470	33380600	33380600
185	33385610	33385610	33385610	33385610
186	33382410	33382410	33382400	33382410
187	33383930	33383930	33383930	33383930
188	33383040	33383040	33383040	33383040
189	33385520	33385530	33385530	33385520
190	33385050	33385040	33385040	33385040
191	33386330	33386330	33386330	33386330
192	33383880	33383880	33383880	33383890
193	33384680	33384690	33384690	33384680
194	33378970	33373850	33378970	33378970
195	33385500	33385490	33385490	33385490
196	33387980	33382870	33387990	33387990
197	33388460	33383340	33388460	33388460
198	33385220	33385220	33385220	33385220
199	33382650	33382640	33382640	33382640
200	33385760	33385770	33385770	33385770
201	33381460	33376340	33381460	33381460
202	33382950	33382950	33382950	33382950
203	33384710	33384700	33384700	33384710
204	33386570	33386580	33386580	33386570
205	33382260	33377140	33382260	33382260
206	33384160	33384160	33384160	33384160
207	33383970	33383960	33383960	33383970
208	33382610	33382620	33382620	33382610
209	33381910	33376780	33381900	33381910
210	33384070	33384070	33384070	33384060
211	33383880	33383880	33383880	33383880
212	33386910	33386910	33386920	33386920
213	33385910	33385920	33385910	33385910
214	33385800	33385800	33385800	33385800
215	33384150	33384150	33384150	33384150
216	33383270	33383270	33383270	33383270
217	33385410	33385410	33385410	33385410
218	33389780	33384650	33389770	33389780
219	33390940	33385820	33390940	33390930
220	33388090	33382980	33388100	33388100
221	33387390	33387390	33387390	33387390
222	33388270	33383150	33388270	33388270
223	33384870	33384870	33384870	33384870
224	33382230	33377110	33382230	33382230
225	33384430	33384420	33384420	33384420
226	33385360	33385360	33385360	33385370
227	33383890	33383890	33383890	33383880
228	33382150	33377030	33382160	33382160
229	33382730	33382740	33382730	33382730
230	33383860	33383860	33383860	33383860
231	33387130	33387120	33387120	33387120
232	33389020	33383900	33389020	33389020
233	33386830	33386830	33386830	33386830
234	33386800	33386800	33386800	33386810
235	33386690	33386690	33386700	33386690
236	33387380	33387380	33387380	33387380
237	33387030	33387040	33387030	33387030
238	33387280	33387270	33387280	33387280
239	33389860	33384740	33389860	33389860
240	33390760	33385640	33390750	33391070
241	33388970	33383850	33388980	33388980
242	33389260	33384150	33389260	33389260
243	33385410	33385400	33385400	33389250
244	33386030	33386030	33386030	33386020
245	33389610	33384490	33389620	33389620
246	33392030	33386920	33392030	33392030
247	33394690	33394680	33394680	33394680
248	33393790	33393790	33393790	33393790
249	33390700	33385590	33390710	33390710
250	33391360	33386230	33391360	33391360
251	33391600	33386480	33391590	33391590
252	33392520	33387410	33392530	33392530
253	33386990	33386980	33386980	33386980
254	33388980	33383860	33388980	33388980
255	33390640	33385520	33390640	33390650
256	33390570	33385450	33390570	33390560
257	33387220	33387220	33387230	33387230
258	33390300	33385180	33390290	33390300
259	33392500	33387390	33392510	33392500
260	33391650	33386530	33391650	33391650
261	33389630	33384500	33389620	33389630
262	33391680	33386560	33391680	33391360
263	33389350	33384230	33389350	33389340
264	33388800	33383680	33388800	33388800
265	33389480	33384360	33389480	33389480
266	33392100	33386990	33392110	33392110
267	33390990	33385870	33390990	33390990
268	33393170	33393160	33393170	33393170
269	33392470	33387350	33392460	33392460
270	33394750	33394750	33394750	33394750
271	33390820	33385710	33390830	33390830
272	33393040	33393030	33393030	33393030
273	33391630	33386510	33391640	33391640
274	33392260	33387140	33392250	33392250
275	33388790	33383670	33388800	33388800
276	33385620	33385630	33385620	33385620
277	33390310	33385180	33390310	33390310
278	33391190	33386070	33391190	33391190
279	33388430	33383320	33388430	33388430
280	33392270	33387150	33392270	33392270
281	33388020	33382900	33388020	33388020
282	33385810	33385810	33385810	33385810
283	33386750	33386740	33386750	33386750
284	33385040	33385040	33385030	33385030
285	33383880	33383890	33383890	33383890
286	33380610	33375480	33380600	33380610
287	33381960	33376840	33381960	33381960
288	33380260	33375150	33380270	33380260
289	33382610	33382610	33382610	33382610
290	33382590	33382590	33382590	33382590
291	33384430	33384430	33384430	33384430
292	33382620	33382610	33382610	33382610
293	33381080	33375960	33381080	33381080
294	33383080	33383080	33383090	33383090
295	33384480	33384480	33384480	33384480
296	33385720	33385720	33385720	33385720
297	33387590	33382470	33387580	33387590
298	33383520	33383530	33383530	33383520
299	33386280	33386270	33386280	33386280
300	33385330	33385340	33385330	33385330
301	33383830	33383820	33383820	33383820
302	33381690	33376570	33381690	33381690
303	33382810	33382810	33382810	33382810
304	33383810	33383810	33383810	33383810
305	33384890	33384890	33384890	33384900
306	33385400	33385400	33385400	33385400
307	33387430	33387430	33387430	33387420
308	33383460	33383460	33383470	33383470
309	33382900	33382900	33382890	33382900
310	33387450	33387450	33387460	33387450
311	33387090	33387100	33387090	33387090
312	33386630	33386620	33386620	33386620
313	33388750	33383630	33388750	33388760
314	33387310	33387320	33387320	33387310
315	33390260	33385130	33390260	33390260
316	33389120	33384000	33389110	33389120
317	33389310	33384200	33389320	33389310
318	33386140	33386130	33386130	33386130
319	33386680	33386680	33386690	33386690
320	33381640	33376520	33381630	33381630
321	33385330	33385340	33385340	33385340
322	33387640	33382520	33387640	33387640
323	33385860	33385850	33385850	33385860
324	33385550	33385560	33385560	33385550
325	33388260	33383130	33388260	33388260
326	33386430	33386430	33386420	33386420
327	33389190	33384070	33389190	33389190
328	33390410	33385290	33390410	33390410
329	33386760	33386760	33386760	33386760
330	33386300	33386300	33386310	33386310
331	33387230	33387240	33387230	33387230
332	33388820	33383690	33388810	33388820
333	33388210	33383090	33388210	33388200
334	33382080	33376960	33382080	33382080
335	33383040	33383040	33383040	33383050
336	33383110	33383110	33383110	33383110
337	33384170	33384170	33384170	33384160
338	33382990	33383000	33383000	33383000
339	33383260	33383250	33383250	33383250
340	33383620	33383620	33383620	33383620
341	33382240	33377120	33382240	33382240
342	33382960	33382970	33382970	33382970
343	33382860	33382860	33382860	33382860
344	33381070	33375940	33381060	33381060
345	33384020	33384020	33384020	33384020
346	33380480	33375360	33380490	33380490
347	33384360	33384360	33384350	33384350
348	33379830	33374710	33379830	33379830
349	33374990	33375000	33375000	33375000
350	33377120	33377110	33377110	33377120
351	33380020	33374900	33380020	33380010
352	33380000	33374890	33380010	33380010
353	33381350	33376220	33381340	33381340
354	33382500	33382500	33382500	33382500
355	33382150	33377030	33382160	33382160
356	33382490	33382500	33382490	33382490
357	33378850	33373720	33378850	33378850
358	33379140	33374020	33379130	33379130
359	33382060	33376950	33382070	33382070
360	33379880	33374750	33379870	33379880
361	33379010	33373900	33379020	33379010
362	33380250	33375130	33380250	33380250
363	33380030	33374900	33380020	33380020
364	33381460	33376350	33381470	33381470
365	33381090	33375960	33381080	33381080
366	33383520	33383520	33383520	33383520
367	33383440	33383440	33383450	33383450
368	33380180	33375060	33380170	33380170
369	33379090	33373970	33379090	33379090
370	33379520	33374400	33379530	33379530
371	33380660	33375540	33380650	33380970
372	33377340	33372220	33377340	33377350
373	33382770	33382780	33382780	33382770
374	33384340	33384330	33384330	33384340
375	33383570	33383570	33383570	33383560
376	33384080	33384080	33384080	33384080
377	33386300	33386300	33386300	33386300
378	33383850	33383850	33383850	33383850
379	33383840	33383840	33383850	33383850
380	33379850	33374730	33379850	33379850
381	33379980	33374870	33379980	33379980
382	33376320	33376310	33376310	33376310
383	33380880	33375760	33380880	33380890
384	33377780	33372660	33377780	33377770
385	33377240	33377240	33377250	33377250
386	33381570	33376450	33381560	33381560
387	33378430	33373310	33378430	33380990
388	33382700	33382700	33382700	33382710
389	33383760	33383760	33383760	33383760
390	33380160	33375040	33380160	33380150
391	33382610	33382610	33382620	33382620
392	33386610	33386610	33386610	33386610
393	33387470	33387470	33387460	33387460
394	33387700	33382590	33387710	33387710
395	33385200	33385200	33385200	33385200
396	33390830	33385700	33390820	33390820
397	33391920	33386800	33391920	33391930
398	33388660	33383540	33388660	33388650
399	33385580	33385590	33385590	33385590
400	33384910	33384900	33384900	33384900
401	33387460	33387470	33387470	33387470
402	33385260	33385260	33385260	33386860
403	33384040	33384040	33384040	33384040
404	33381240	33376120	33381240	33381240
405	33382770	33382760	33382770	33382770
406	33385050	33385060	33385050	33385050
407	33380880	33375750	33380870	33380880
408	33380550	33375430	33380560	33380550
409	33381470	33376350	33381460	33381460
410	33382590	33382600	33382600	33382600
411	33382440	33382430	33382430	33382440
412	33383320	33383320	33383320	33383310
413	33379810	33374700	33379820	33379820
414	33380400	33375270	33380390	33380390
415	33382330	33377220	33382340	33382340
416	33387050	33387050	33387050	33387050
417	33386890	33386880	33386890	33386890
418	33387350	33387350	33387340	33387350
419	33385940	33385940	33385940	33385940
420	33379910	33374790	33379910	33379900
421	33380730	33375610	33380740	33380740
422	33381340	33376220	33381330	33381330
423	33382990	33383000	33383000	33383000
424	33382350	33377230	33382350	33382350
425	33383070	33383060	33383070	33383070
426	33383780	33383780	33383770	33383780
427	33386140	33386140	33386140	33385810
428	33384430	33384430	33384440	33384440
429	33384960	33384970	33384960	33384960
430	33381720	33376590	33381710	33381710
431	33382730	33382730	33382730	33382730
432	33383390	33383390	33383390	33383400
433	33381480	33376370	33381490	33381480
434	33383400	33383390	33383390	33383400
435	33384130	33384130	33384130	33384130
436	33388910	33383800	33388920	33388910
437	33387870	33382750	33387870	33387870
438	33388840	33383720	33388840	33388840
439	33390750	33385620	33390740	33390740
440	33385360	33385360	33385360	33385360
441	33387060	33387060	33387060	33387060
442	33387990	33382870	33387990	33387990
443	33384980	33384980	33384990	33384990
444	33383640	33383640	33383630	33383640
445	33383740	33383740	33383740	33383730
446	33385530	33385540	33385540	33385540
447	33387350	33387350	33387350	33387350
448	33386990	33386990	33386990	33386990
449	33391370	33386240	33391370	33391370
450	33383830	33383840	33383830	33383830
451	33382520	33382510	33382520	33382520
452	33384170	33384180	33384170	33384170
453	33382260	33377140	33382260	33382260
454	33384390	33384380	33384380	33384390
455	33383830	33383830	33383830	33383820
456	33382530	33382530	33382530	33382530
457	33384030	33384030	33384030	33384030
458	33386070	33386080	33386080	33386080
459	33389240	33384110	33389240	33389240
460	33389690	33384570	33389680	33389680
461	33387340	33387350	33387350	33387350
462	33388880	33383750	33388870	33388870
463	33390270	33385150	33390280	33390280
464	33389890	33384770	33389880	33389880
465	33388470	33383350	33388480	33388480
466	33390710	33385590	33390700	33390710
467	33391990	33386870	33392000	33391990
468	33394480	33394490	33394480	33394480
469	33391090	33385970	33391090	33391090
470	33392480	33387350	33392470	33392470
471	33391090	33385970	33391090	33391090
472	33391430	33386310	33391430	33391430
473	33390980	33385870	33390990	33390990
474	33389820	33384700	33389820	33389820
475	33389780	33384650	33389770	33389770
476	33389790	33384670	33389790	33389790
477	33391360	33386240	33391360	33391360
478	33393270	33393270	33393270	33393280
479	33394330	33394340	33394340	33394330
480	33393290	33393290	33393290	33393290
481	33398740	33393610	33398740	33398740
482	33397010	33397010	33397000	33397000
483	33395580	33395590	33395590	33395590
484	33395500	33395490	33395500	33395500
485	33394280	33394290	33394280	33394280
486	33390570	33385440	33390560	33390560
487	33390730	33385610	33390730	33390730
488	33391570	33386450	33391570	33391570
489	33390140	33385020	33390140	33390140
490	33390410	33385300	33390420	33390420
491	33390480	33385350	33390480	33390480
492	33392060	33386940	33392050	33392380
493	33389640	33384530	33389650	33389640
494	33388350	33383220	33388350	33388350
495	33392780	33392780	33392770	33392770
496	33390460	33385340	33390460	33390460
497	33389550	33384440	33389560	33389560
498	33392570	33387440	33392560	33392560
499	33394230	33394230	33394230	33394230

============================================================
# BITSTREAM: 100ms_51etapas.bit
# VENTANA: 100ms
# ETAPAS_PRINCIPAL: 51
# NUM_MUESTRAS: 500
# FORMATO: idx	freq1_hz	freq2_hz	freq3_hz	freq4_hz
============================================================
idx	freq1_hz	freq2_hz	freq3_hz	freq4_hz
0	14247440	13061020	13619850	11927360
1	14246630	13059720	13619470	11928050
2	14246790	13061020	13619720	11927280
3	14247460	13061010	13620200	11926550
4	14246650	13060620	13619450	11925240
5	14247130	13060340	13619710	11928540
6	14246950	13061000	13620230	11927920
7	14247710	13061540	13620800	11928820
8	14248190	13061910	13620690	11927070
9	14247780	13061330	13620630	11929210
10	14246530	13060900	13619980	11927330
11	14247080	13061250	13620340	11926970
12	14247150	13061270	13620340	11926150
13	14246730	13060280	13619880	11926620
14	14246330	13060200	13619440	11925490
15	14245770	13059860	13619320	11926380
16	14245770	13059790	13618960	11925890
17	14245870	13059840	13619310	11926050
18	14246020	13059980	13618850	11926800
19	14247140	13060410	13619840	11928630
20	14245310	13059490	13618050	11925140
21	14245690	13059670	13618880	11928420
22	14246100	13060620	13619580	11925610
23	14246590	13060700	13619270	11926270
24	14245050	13060070	13618370	11926440
25	14244930	13059730	13618480	11927200
26	14244960	13058820	13617910	11924790
27	14245980	13059690	13619450	11927890
28	14246680	13060540	13619350	11927600
29	14245890	13059790	13618960	11927790
30	14245090	13059180	13618910	11924500
31	14246590	13060910	13620350	11928340
32	14245570	13060040	13619340	11927000
33	14245610	13059710	13618840	11925550
34	14245460	13059160	13619000	11924830
35	14246880	13060310	13620140	11926750
36	14246440	13060140	13619260	11926040
37	14246180	13059620	13619300	11926310
38	14245960	13059620	13618990	11925390
39	14247340	13060250	13620780	11929310
40	14247430	13061110	13620480	11926470
41	14246210	13059930	13619410	11926480
42	14245910	13059740	13619170	11928020
43	14247290	13060610	13620530	11929740
44	14246620	13060240	13619850	11927990
45	14245740	13059800	13619370	11928020
46	14244430	13059150	13618450	11927240
47	14245360	13059910	13619940	11928330
48	14245940	13060350	13620110	11926250
49	14246270	13060190	13619970	11928920
50	14246460	13059970	13619530	11927400
51	14246010	13058420	13619000	11927870
52	14246160	13060030	13622320	11925650
53	14246390	13059720	13619770	11927050
54	14246990	13059800	13619910	11927740
55	14246850	13059650	13620130	11928950
56	14246160	13059290	13619630	11927400
57	14246400	13059350	13620250	11928890
58	14246400	13060240	13620400	11928570
59	14246910	13060590	13620930	11927370
60	14245870	13059950	13619870	11927590
61	14246310	13060420	13620070	11928920
62	14246320	13060750	13619730	11927960
63	14245890	13060290	13619770	11928330
64	14245670	13060040	13619560	11927330
65	14244640	13058980	13618840	11926130
66	14245600	13059840	13619620	11925700
67	14246210	13059630	13619590	11926880
68	14245430	13059330	13619010	11927660
69	14246690	13060090	13620000	11929380
70	14246150	13059900	13616240	11925380
71	14247270	13060930	13620390	11927310
72	14246750	13060590	13619900	11927920
73	14247190	13060570	13619970	11927370
74	14246490	13059670	13619350	11927460
75	14246530	13060600	13619760	11928570
76	14244760	13059250	13618860	11925370
77	14244440	13058340	13618400	11925940
78	14243930	13057660	13617830	11924860
79	14243810	13057320	13617690	11926800
80	14243480	13057160	13617650	11926240
81	14244050	13056700	13618020	11927320
82	14243040	13056600	13617180	11923560
83	14243430	13056650	13617860	11924540
84	14243860	13057770	13618270	11924290
85	14244170	13057460	13618070	11927230
86	14243400	13057030	13617750	11925640
87	14243180	13055870	13617570	11926350
88	14243060	13057240	13617570	11925320
89	14243560	13057410	13618640	11926720
90	14243420	13057270	13617660	11923460
91	14243130	13056950	13617750	11924590
92	14242570	13056780	13617490	11925160
93	14243680	13056880	13618220	11926560
94	14243650	13057630	13618120	11923890
95	14243400	13056900	13617810	11925120
96	14243680	13056850	13617800	11926140
97	14243040	13056780	13617770	11924710
98	14242840	13056510	13617650	11926270
99	14243370	13056830	13617870	11927700
100	14242860	13057320	13617780	11926070
101	14242470	13055940	13616890	11924830
102	14242410	13055650	13617220	11926330
103	14242320	13055710	13617040	11924330
104	14241500	13055390	13616440	11923290
105	14241500	13054930	13616120	11923220
106	14241900	13055230	13616330	11922870
107	14240720	13054050	13616290	11925430
108	14240960	13054170	13615430	11923990
109	14240980	13054650	13615590	11925000
110	14241950	13055630	13616240	11924920
111	14242270	13055280	13616840	11923960
112	14241650	13054960	13616440	11923530
113	14241960	13055030	13614560	11923500
114	14241120	13055830	13616160	11922760
115	14240770	13053540	13615680	11922840
116	14240480	13053810	13615480	11922510
117	14240660	13054230	13615590	11923700
118	14240170	13054470	13615550	11923910
119	14241630	13054700	13616810	11925580
120	14240850	13054480	13615400	11924810
121	14240870	13054540	13615990	11923980
122	14240950	13054480	13616030	11924900
123	14242060	13055580	13616810	11926560
124	14242010	13055380	13616210	11925380
125	14241800	13054970	13615940	11925560
126	14241790	13055710	13615920	11922900
127	14241260	13054880	13615800	11924060
128	14241440	13055670	13616080	11923360
129	14242730	13056840	13617120	11924240
130	14241660	13055710	13616380	11923800
131	14241990	13055870	13616700	11924500
132	14242250	13056390	13616660	11923280
133	14242770	13056490	13617150	11924590
134	14242620	13056150	13617050	11926220
135	14242200	13055970	13616300	11925950
136	14241800	13055770	13616040	11923260
137	14241860	13054620	13615860	11923690
138	14242530	13055390	13616210	11923210
139	14242000	13054350	13615740	11925140
140	14241920	13055010	13615150	11922540
141	14242750	13055940	13616170	11925860
142	14241910	13055180	13615550	11924540
143	14242860	13055450	13615870	11926130
144	14243610	13056100	13616710	11926230
145	14244100	13056560	13617490	11926900
146	14244300	13056480	13617250	11926010
147	14243250	13055410	13616700	11926330
148	14242900	13055630	13615600	11923440
149	14243270	13055500	13616700	11924900
150	14243800	13061970	13617120	11923820
151	14243580	13055690	13616390	11924870
152	14244020	13056510	13617140	11926000
153	14243380	13056100	13616840	11924700
154	14243570	13056140	13616790	11924470
155	14245930	13058520	13618980	11928090
156	14245430	13058730	13618110	11925340
157	14243980	13057120	13617050	11926930
158	14244020	13057460	13617170	11926110
159	14243880	13057420	13617450	11926910
160	14241060	13054690	13615110	11924290
161	14242140	13055990	13615620	11925250
162	14242120	13056420	13615270	11922740
163	14243040	13057290	13616410	11926200
164	14242400	13056450	13615960	11925700
165	14243220	13056490	13616680	11925090
166	14241250	13054490	13614780	11922990
167	14241070	13055190	13615300	11923380
168	14240730	13055190	13614930	11922540
169	14241540	13055480	13615670	11925570
170	14242410	13054980	13616320	11925280
171	14243020	13055660	13616290	11924250
172	14241870	13055090	13615570	11924530
173	14242150	13055270	13616180	11926240
174	14242370	13055500	13616050	11923140
175	14242390	13055290	13616130	11925750
176	14241740	13054310	13615280	11924340
177	14240700	13054000	13614990	11922950
178	14241410	13055790	13615660	11924900
179	14240990	13053590	13615190	11923020
180	14239530	13052680	13614590	11923340
181	14240280	13054380	13615360	11925030
182	14239040	13052740	13614110	11921070
183	14240220	13055070	13615280	11924470
184	14240090	13054470	13615110	11921830
185	14239960	13053940	13615260	11924710
186	14239460	13054050	13614630	11921900
187	14240630	13055510	13615860	11925500
188	14239620	13053940	13614450	11921380
189	14239830	13054790	13614450	11924220
190	14240000	13055270	13614190	11923280
191	14241450	13061670	13615480	11924860
192	14241640	13055410	13615280	11922900
193	14240280	13054770	13615080	11922720
194	14241540	13056660	13615910	11922760
195	14242810	13056860	13616810	11926350
196	14240890	13055300	13615540	11924640
197	14242640	13056800	13616490	11923890
198	14242430	13056640	13616230	11925550
199	14242280	13056640	13616440	11926100
200	14242020	13056260	13616290	11922990
201	14242200	13055700	13616250	11925910
202	14241730	13055410	13615620	11924340
203	14241880	13055290	13615580	11923450
204	14241950	13055350	13615360	11922760
205	14241050	13054330	13614840	11922640
206	14241850	13056770	13616160	11922910
207	14241330	13054980	13615730	11923030
208	14241180	13054530	13615400	11924310
209	14241720	13056060	13615770	11923800
210	14240740	13055420	13615470	11924440
211	14241870	13056440	13616340	11926070
212	14242630	13057230	13616930	11924360
213	14243680	13057660	13617610	11927400
214	14243690	13058300	13617650	11926660
215	14243580	13057220	13616850	11927150
216	14242110	13056280	13616210	11925570
217	14242850	13056150	13616850	11926200
218	14243400	13056680	13616940	11926050
219	14244590	13057870	13617620	11925270
220	14243240	13057330	13617380	11924150
221	14243960	13057180	13617610	11925310
222	14242960	13056700	13617130	11926010
223	14243100	13056310	13617190	11926670
224	14243200	13056970	13617070	11926030
225	14243650	13057730	13617960	11927620
226	14243650	13057260	13617600	11924900
227	14243730	13057390	13617430	11925250
228	14243780	13057510	13617470	11926610
229	14244550	13058030	13618130	11928060
230	14243190	13056830	13617100	11926610
231	14244130	13057770	13617810	11925500
232	14243440	13056470	13617670	11926750
233	14243930	13057060	13617950	11927370
234	14243000	13056000	13616890	11925830
235	14243510	13056160	13617720	11927700
236	14242770	13056150	13617080	11924050
237	14243810	13056680	13617520	11926040
238	14242720	13055990	13617070	11924020
239	14244170	13057570	13618380	11928130
240	14243520	13057470	13617600	11924530
241	14243040	13056710	13617090	11925040
242	14243270	13057100	13617090	11926440
243	14244220	13057530	13617780	11927660
244	14243410	13056880	13617110	11924680
245	14243920	13057770	13618180	11927810
246	14243370	13057850	13617680	11924260
247	14242110	13055930	13616420	11924410
248	14242140	13055970	13616030	11923500
249	14242700	13056420	13616120	11926520
250	14242810	13056720	13616290	11923550
251	14242370	13055600	13616290	11926040
252	14242870	13056270	13616910	11925550
253	14243980	13057370	13617740	11927250
254	14242710	13056560	13617270	11924180
255	14242890	13056230	13616930	11927060
256	14242700	13056440	13617100	11926650
257	14242860	13057510	13617690	11925220
258	14243140	13057170	13617110	11926870
259	14242970	13056610	13617160	11927090
260	14243050	13056760	13616940	11924200
261	14243060	13056940	13617380	11924660
262	14243520	13057570	13617680	11924670
263	14244380	13057340	13617710	11925510
264	14243590	13057040	13617380	11925940
265	14243260	13057200	13617220	11925090
266	14242820	13057060	13617030	11923640
267	14243070	13056450	13616930	11926940
268	14241470	13055660	13615790	11925390
269	14243470	13056690	13617300	11927580
270	14243330	13057850	13617700	11924760
271	14242630	13056280	13617010	11924970
272	14243450	13056770	13617440	11925840
273	14242780	13055980	13616600	11924170
274	14243810	13057330	13617470	11924290
275	14244130	13057130	13617610	11927340
276	14243380	13056150	13616760	11926460
277	14244720	13057440	13617450	11926490
278	14244560	13057730	13617650	11926650
279	14244630	13057450	13618400	11928290
280	14244260	13057670	13617640	11925030
281	14244450	13057630	13618140	11925670
282	14244350	13058710	13618310	11924880
283	14243850	13057820	13618010	11927580
284	14244610	13058280	13618300	11927670
285	14244400	13057900	13618070	11926020
286	14244400	13057820	13617420	11927110
287	14243680	13056830	13617320	11925680
288	14243500	13056540	13616660	11924140
289	14244530	13057930	13618000	11925540
290	14245210	13058710	13618130	11925780
291	14244600	13057400	13618160	11928350
292	14244140	13057320	13617930	11925370
293	14244020	13057430	13617310	11927750
294	14243550	13057790	13617460	11926590
295	14244210	13057490	13617970	11925880
296	14243720	13056650	13618040	11927360
297	14244360	13057350	13617950	11926430
298	14244220	13057380	13617950	11927060
299	14245520	13058600	13619090	11928290
300	14245500	13059210	13619200	11927990
301	14244440	13057820	13615120	11925130
302	14243500	13057120	13617110	11923960
303	14244870	13058550	13618460	11927860
304	14243170	13057430	13617500	11923830
305	14243900	13057660	13617620	11925040
306	14244360	13058300	13618210	11924700
307	14244580	13058180	13618010	11927810
308	14243840	13058160	13617870	11926860
309	14243870	13057890	13618600	11927680
310	14244180	13058140	13617940	11924660
311	14244230	13057350	13617850	11925370
312	14245000	13058060	13618590	11927530
313	14245340	13058600	13618760	11928200
314	14244600	13058060	13618140	11924770
315	14243890	13057340	13617670	11924970
316	14243410	13056870	13617680	11925650
317	14242680	13056020	13617030	11924050
318	14242690	13056980	13617260	11925940
319	14243750	13056780	13617440	11924410
320	14243470	13056710	13617100	11923340
321	14243730	13056560	13617460	11924730
322	14243600	13057050	13617570	11924130
323	14243240	13056200	13617380	11926260
324	14241940	13056260	13616450	11923260
325	14242990	13056110	13617200	11926700
326	14242910	13056590	13616870	11923640
327	14243500	13056890	13617340	11926150
328	14242890	13057150	13617370	11923650
329	14242480	13056200	13616940	11925790
330	14242640	13056720	13617030	11923300
331	14243040	13056760	13617400	11926610
332	14242030	13056300	13616470	11922820
333	14241280	13055480	13617000	11925400
334	14242240	13056640	13616590	11923760
335	14242490	13056670	13617020	11926080
336	14242010	13056340	13616770	11923240
337	14241850	13055730	13617320	11926070
338	14241380	13055280	13615890	11922450
339	14241750	13055940	13616880	11925760
340	14242380	13056800	13616950	11923580
341	14243440	13056910	13617980	11926300
342	14243360	13056450	13617420	11923610
343	14243540	13057720	13618310	11925090
344	14242930	13057230	13617900	11925950
345	14243970	13058110	13618330	11925440
346	14243160	13057430	13618020	11926000
347	14243390	13057830	13618200	11924720
348	14242920	13057060	13617370	11923850
349	14243540	13057180	13617650	11926680
350	14243740	13057960	13617730	11926170
351	14244040	13058310	13618100	11927420
352	14243160	13057440	13617300	11923640
353	14242810	13057430	13617290	11924660
354	14242590	13057280	13617030	11925250
355	14242270	13056470	13617260	11926740
356	14242760	13057480	13617590	11923770
357	14243570	13057900	13618000	11927160
358	14242670	13056830	13616890	11924250
359	14243900	13057640	13618160	11927710
360	14243340	13057590	13617780	11924520
361	14242560	13057110	13617550	11924790
362	14243710	13058550	13618570	11926560
363	14242510	13056780	13617500	11926260
364	14243140	13057410	13617580	11924230
365	14242870	13056650	13617540	11924970
366	14243340	13057650	13617400	11924460
367	14242600	13056830	13616890	11924240
368	14243090	13057410	13617510	11926410
369	14242700	13056860	13617630	11926830
370	14241810	13056070	13616790	11924990
371	14242460	13056510	13617460	11926360
372	14242620	13056160	13616980	11923900
373	14241840	13055950	13616550	11923900
374	14242010	13056720	13617000	11925070
375	14243010	13057350	13617220	11924970
376	14242870	13057530	13617050	11923660
377	14242720	13057790	13616930	11926740
378	14243540	13058370	13617730	11926370
379	14241730	13055710	13616550	11926140
380	14240990	13055480	13615990	11924490
381	14242920	13055880	13616420	11926030
382	14242310	13056850	13616560	11923680
383	14242100	13055920	13616690	11924170
384	14242820	13056950	13616930	11926200
385	14243590	13057630	13617540	11927180
386	14243260	13057230	13617210	11924070
387	14244220	13058120	13618100	11927080
388	14244040	13057400	13617290	11924140
389	14241840	13056110	13616140	11925390
390	14241170	13055640	13615520	11922600
391	14241570	13055950	13615910	11923830
392	14242860	13057090	13616570	11925380
393	14242950	13056450	13616730	11926260
394	14242030	13056650	13616500	11925320
395	14243110	13057540	13617200	11924700
396	14242250	13057020	13616210	11923600
397	14242110	13056350	13616290	11925490
398	14241620	13055980	13615790	11924360
399	14242090	13056580	13616160	11926350
400	14241310	13055550	13615200	11922160
401	14240480	13054910	13614850	11922760
402	14240780	13056000	13615050	11923600
403	14240970	13055940	13615890	11925500
404	14239560	13054640	13614840	11923490
405	14239200	13054860	13614210	11922080
406	14238700	13054640	13614410	11923520
407	14240720	13056350	13616280	11925140
408	14242010	13057170	13617230	11923570
409	14243930	13058480	13618150	11927710
410	14243720	13058350	13617890	11926480
411	14244130	13058950	13618200	11927770
412	14244830	13059010	13618190	11925680
413	14243450	13058010	13617470	11927020
414	14243490	13058180	13617560	11926430
415	14243770	13057200	13617620	11925290
416	14243060	13057990	13617680	11924520
417	14242790	13056760	13617190	11924760
418	14243330	13057100	13617180	11926350
419	14243990	13057760	13617380	11924890
420	14242780	13057050	13616520	11924020
421	14242140	13055850	13616690	11924130
422	14241980	13056710	13616480	11925480
423	14242020	13056570	13616350	11923830
424	14242070	13056790	13616750	11924800
425	14242380	13056750	13616880	11925980
426	14241990	13056410	13616320	11923320
427	14242330	13056970	13616860	11924200
428	14241710	13056600	13616030	11922630
429	14241320	13056190	13615900	11925680
430	14241820	13056670	13616100	11922740
431	14241480	13056020	13616190	11924240
432	14240930	13055880	13615790	11924830
433	14241220	13055380	13615590	11925800
434	14241560	13056580	13616350	11924940
435	14242160	13056910	13617170	11925980
436	14242120	13056970	13616390	11924780
437	14241820	13056630	13616530	11925880
438	14242110	13057010	13616490	11926070
439	14241940	13056700	13617010	11927060
440	14242000	13056740	13617170	11925490
441	14243260	13057880	13618030	11926930
442	14242550	13057250	13617230	11925850
443	14243720	13058230	13617880	11927680
444	14243350	13057790	13617530	11924290
445	14243820	13057890	13617800	11927440
446	14242170	13056690	13616810	11923960
447	14242680	13056780	13617360	11927410
448	14242810	13057490	13617380	11924160
449	14243410	13058200	13618340	11925780
450	14243600	13058210	13617970	11924750
451	14244430	13058400	13618620	11928420
452	14243500	13058420	13618050	11924940
453	14243330	13057310	13617210	11927730
454	14242660	13057060	13617200	11926010
455	14243430	13057540	13617390	11925730
456	14243360	13057830	13617410	11926530
457	14243890	13058270	13618310	11927480
458	14244740	13059780	13619510	11927760
459	14243760	13058760	13618410	11927600
460	14243580	13058510	13618270	11926360
461	14243540	13058240	13618060	11927480
462	14244000	13059500	13618530	11924880
463	14245100	13060120	13619520	11928070
464	14242460	13057880	13617350	11924300
465	14242500	13057600	13618070	11927190
466	14242700	13058410	13618330	11926140
467	14242510	13057990	13618450	11926710
468	14241890	13057210	13617290	11925250
469	14242040	13057390	13617380	11926390
470	14243370	13058390	13617880	11924790
471	14244650	13059300	13619170	11925970
472	14243760	13058870	13618690	11927280
473	14243510	13058020	13618530	11927310
474	14242610	13057530	13617930	11925980
475	14241520	13056240	13616780	11926550
476	14242240	13057520	13617240	11923950
477	14243320	13058090	13617600	11925820
478	14243790	13058290	13617510	11924470
479	14242890	13057920	13617540	11926970
480	14242500	13057690	13617150	11924270
481	14244410	13059160	13618350	11928110
482	14244150	13059310	13618420	11927100
483	14243940	13058340	13618120	11925250
484	14243350	13058080	13617850	11925120
485	14243880	13057970	13618490	11928160
486	14244890	13059590	13618910	11927590
487	14244390	13059310	13619460	11928540
488	14243970	13059180	13618360	11924900
489	14244750	13059490	13619280	11927080
490	14242550	13057690	13617300	11924380
491	14243090	13058070	13617950	11925390
492	14244140	13058940	13618490	11927030
493	14243570	13058040	13617940	11927300
494	14243030	13058170	13617650	11924280
495	14243150	13057120	13618470	11927660
496	14243700	13058040	13618210	11926930
497	14244400	13058610	13618770	11928280
498	14244580	13059480	13619450	11927510
499	14242990	13057790	13617850	11927120

============================================================
# BITSTREAM: 100ms_101etapas.bit
# VENTANA: 100ms
# ETAPAS_PRINCIPAL: 101
# NUM_MUESTRAS: 500
# FORMATO: idx	freq1_hz	freq2_hz	freq3_hz	freq4_hz
============================================================
idx	freq1_hz	freq2_hz	freq3_hz	freq4_hz
0	10145000	9358140	9844650	9844670
1	10143310	9356630	9843360	9843360
2	10142330	9355960	9841950	9842350
3	10142210	9355610	9842230	9842230
4	10142900	9356150	9842610	9842610
5	10142970	9356180	9842310	9842310
6	10142780	9356090	9842100	9842100
7	10142950	9356070	9842430	9842420
8	10142930	9356160	9842270	9842280
9	10143750	9356890	9843490	9843490
10	10143000	9356160	9842800	9842800
11	10143290	9356340	9843330	9843330
12	10143480	9356620	9843230	9843230
13	10142530	9355800	9842290	9842290
14	10142660	9355850	9841780	9841780
15	10142610	9355670	9841920	9841920
16	10141910	9355320	9841280	9841280
17	10142240	9355680	9841380	9841380
18	10142040	9355680	9841330	9841330
19	10141890	9355250	9841200	9841190
20	10141120	9354680	9841290	9841300
21	10141650	9355200	9841140	9841140
22	10141560	9354690	9840640	9840640
23	10141330	9354490	9840990	9840990
24	10140920	9353920	9840510	9840510
25	10140960	9354260	9841070	9841070
26	10141120	9354530	9840850	9840850
27	10140900	9354080	9840940	9840940
28	10141630	9354880	9841820	9841820
29	10141510	9354880	9841170	9841170
30	10141180	9354480	9841010	9841010
31	10140860	9353960	9840700	9840700
32	10140550	9353860	9840850	9840850
33	10140680	9353720	9840250	9840240
34	10140890	9354040	9840710	9840720
35	10141010	9354210	9841180	9841180
36	10140910	9354010	9840930	9840930
37	10140650	9353750	9840580	9840580
38	10140470	9353660	9840210	9840210
39	10141180	9354510	9846420	9841300
40	10141170	9354600	9841410	9841410
41	10140710	9353700	9840750	9840750
42	10140560	9353740	9840360	9840360
43	10141740	9354850	9841250	9841250
44	10140850	9354040	9840950	9840950
45	10140870	9353900	9840860	9840850
46	10141540	9354430	9840360	9840370
47	10140810	9353860	9839910	9839910
48	10141200	9354270	9840570	9840570
49	10142020	9355070	9841030	9841030
50	10140480	9353910	9839850	9839850
51	10140720	9353970	9839880	9839880
52	10140030	9353500	9839700	9839700
53	10140650	9354240	9840730	9840730
54	10141080	9354490	9840960	9840960
55	10139990	9353320	9839910	9839910
56	10141480	9354640	9840690	9840690
57	10141260	9354420	9840730	9840730
58	10141040	9354290	9840630	9840630
59	10141480	9354460	9840560	9840560
60	10140970	9354180	9840230	9840230
61	10140600	9353680	9840320	9840320
62	10141430	9354870	9840120	9840120
63	10141750	9354990	9840700	9840700
64	10140410	9353880	9840270	9840270
65	10141150	9354130	9840260	9840260
66	10140850	9353750	9840050	9840050
67	10140610	9353360	9839770	9839770
68	10140430	9353380	9839560	9839560
69	10140660	9353840	9839900	9839900
70	10140750	9354060	9840340	9840330
71	10140770	9353940	9839960	9839970
72	10140530	9353820	9840030	9840030
73	10141530	9354530	9840450	9840450
74	10141310	9354610	9840850	9840850
75	10140700	9354130	9839660	9839660
76	10141180	9354550	9840590	9840590
77	10141380	9354790	9840290	9840290
78	10140940	9354480	9840160	9840160
79	10140810	9354340	9840640	9840630
80	10140580	9354330	9840260	9840270
81	10141130	9354450	9840430	9840430
82	10141440	9354770	9840850	9840850
83	10141350	9354770	9840170	9840170
84	10141530	9354850	9840650	9840650
85	10140240	9353600	9839480	9839480
86	10139890	9353400	9839210	9839210
87	10140410	9353800	9839760	9839760
88	10139760	9353440	9838770	9838770
89	10139670	9353120	9838830	9838830
90	10140330	9353750	9839160	9839160
91	10140430	9353630	9839950	9839950
92	10140340	9353810	9839460	9839460
93	10139780	9353280	9839270	9839260
94	10139920	9353540	9839190	9839190
95	10140270	9353510	9839730	9839730
96	10140380	9353600	9839490	9839490
97	10139900	9353400	9838820	9838820
98	10139750	9353370	9838730	9838730
99	10139640	9353090	9838540	9838540
100	10140010	9353340	9839750	9839740
101	10140430	9353490	9839520	9839530
102	10140420	9353850	9839850	9839850
103	10140570	9353890	9839630	9839630
104	10140090	9353490	9839630	9839630
105	10139850	9353120	9839530	9839530
106	10140330	9353700	9839650	9839650
107	10140730	9353890	9840830	9840830
108	10140540	9353940	9840050	9850290
109	10140680	9353730	9840060	9840060
110	10140410	9353670	9839760	9839760
111	10140220	9353340	9839740	9839740
112	10140100	9353500	9839770	9839770
113	10140590	9353770	9839740	9839740
114	10140570	9353660	9840030	9840030
115	10140620	9353790	9839420	9839820
116	10140000	9353380	9839670	9839670
117	10140310	9353250	9839870	9839870
118	10140370	9353390	9839390	9839390
119	10140690	9353680	9840430	9840430
120	10139930	9353200	9839800	9839800
121	10140420	9353830	9839790	9839790
122	10141180	9354480	9840340	9840340
123	10140880	9354030	9840380	9840380
124	10140070	9353410	9839640	9839640
125	10140160	9353530	9840230	9840230
126	10140610	9353970	9840400	9840400
127	10140470	9353560	9840360	9840350
128	10140940	9354360	9840220	9840230
129	10140930	9354180	9840940	9840940
130	10140420	9353970	9840440	9840440
131	10139550	9353320	9840030	9840030
132	10139760	9353310	9839320	9839310
133	10139900	9353430	9839980	9839580
134	10139950	9353370	9839910	9839910
135	10140090	9353410	9840290	9840290
136	10140220	9353740	9839510	9839510
137	10141380	9354860	9840840	9840840
138	10140400	9354070	9839770	9839770
139	10140900	9354270	9840140	9840140
140	10141150	9354620	9840780	9840780
141	10140760	9354220	9839980	9839980
142	10141080	9354550	9840770	9840770
143	10140680	9354230	9840040	9840040
144	10140720	9354230	9839830	9839830
145	10140640	9353910	9839990	9839890
146	10140490	9353720	9839960	9839960
147	10140130	9353540	9840130	9840130
148	10140130	9353520	9839990	9839990
149	10140260	9353510	9840050	9840050
150	10140560	9353780	9839970	9839970
151	10141220	9354470	9840910	9840910
152	10140690	9354180	9840180	9840180
153	10140200	9353410	9839960	9839960
154	10139900	9353510	9839860	9839860
155	10140560	9353690	9839910	9839910
156	10141400	9354450	9840980	9840980
157	10140800	9354180	9840730	9840730
158	10140620	9354260	9840440	9840440
159	10140370	9353510	9839950	9839950
160	10140540	9353700	9840250	9840250
161	10140630	9353880	9840490	9840490
162	10140180	9353560	9839790	9839780
163	10140870	9354100	9840190	9840200
164	10140630	9353850	9840680	9840680
165	10139930	9353350	9839920	9839920
166	10140350	9353750	9840240	9840240
167	10140750	9354080	9840440	9840440
168	10140700	9354020	9840150	9840150
169	10140160	9353460	9840040	9840040
170	10141180	9349270	9840080	9840080
171	10141550	9354450	9840490	9840490
172	10141140	9354230	9840690	9840690
173	10141410	9354580	9840940	9840940
174	10141160	9354280	9840490	9840490
175	10140750	9353820	9840520	9840510
176	10141700	9354700	9840870	9840880
177	10141870	9354890	9840880	9840880
178	10141670	9354710	9840760	9840760
179	10141410	9354120	9841330	9841330
180	10141510	9354360	9840600	9840600
181	10141240	9354240	9840620	9840620
182	10142050	9355110	9841100	9841100
183	10141210	9354170	9840130	9840130
184	10141700	9354710	9841190	9841190
185	10141820	9354890	9841350	9841350
186	10141660	9354700	9840430	9840430
187	10141920	9354600	9840840	9840840
188	10141850	9354990	9840810	9840810
189	10142140	9355020	9840950	9840950
190	10141850	9354890	9841120	9841120
191	10142010	9355120	9841070	9841070
192	10142440	9355350	9841460	9841460
193	10142440	9355540	9842300	9842300
194	10142760	9356140	9842350	9842350
195	10142950	9356190	9841980	9841980
196	10142900	9356260	9842460	9842460
197	10142750	9355720	9842320	9842320
198	10142330	9355810	9841360	9841360
199	10141820	9355290	9840530	9840530
200	10142310	9355730	9840830	9840830
201	10142190	9355300	9840720	9840720
202	10142020	9355410	9841190	9841190
203	10142880	9356070	9841970	9841970
204	10142860	9356310	9841960	9841960
205	10143030	9356370	9842210	9842210
206	10142810	9356000	9841670	9841650
207	10143190	9356220	9842400	9842400
208	10142890	9356220	9841550	9841550
209	10142890	9356280	9841850	9841850
210	10142590	9355890	9841460	9841450
211	10141840	9355310	9841600	9841610
212	10141750	9355160	9840960	9840960
213	10142300	9355620	9842020	9842020
214	10142760	9355700	9841930	9841930
215	10143140	9356010	9842020	9842010
216	10143570	9356590	9842230	9842240
217	10143970	9356870	9842550	9842550
218	10143180	9356010	9841860	9841860
219	10142800	9355740	9840940	9840930
220	10143500	9356340	9842280	9842290
221	10143220	9356200	9842220	9842220
222	10143420	9356510	9842060	9842280
223	10143410	9356410	9841680	9841680
224	10143150	9356250	9841890	9841890
225	10143290	9356170	9841840	9841840
226	10143430	9356320	9841860	9841860
227	10143120	9355960	9841690	9841690
228	10142210	9355100	9841220	9841220
229	10142190	9355170	9841320	9841320
230	10141950	9355170	9840940	9840940
231	10142410	9355320	9841730	9841730
232	10142890	9355840	9842000	9842000
233	10142240	9355180	9841500	9841500
234	10141710	9354960	9841190	9841180
235	10141720	9354900	9841030	9841700
236	10142250	9355600	9841010	9841010
237	10143080	9356330	9842370	9842370
238	10142540	9356010	9841490	9841490
239	10143080	9356100	9842200	9842200
240	10142500	9355650	9841740	9841740
241	10143650	9356640	9842680	9842680
242	10143590	9356540	9841960	9841950
243	10143230	9356420	9842350	9842360
244	10143700	9356860	9842530	9842530
245	10142930	9356080	9842030	9842030
246	10142240	9355670	9841560	9841560
247	10142820	9356190	9841710	9841710
248	10143030	9356300	9842240	9842240
249	10142400	9356000	9841870	9841870
250	10142100	9355620	9840980	9840980
251	10142390	9355610	9841860	9841860
252	10143000	9356340	9841970	9841970
253	10142990	9356160	9842120	9842120
254	10142910	9356150	9841720	9841710
255	10142430	9355650	9841950	9841960
256	10142630	9355760	9842220	9842220
257	10142860	9355800	9842400	9842400
258	10142980	9356140	9841830	9841830
259	10142780	9356080	9841850	9841850
260	10143730	9356820	9842340	9842330
261	10143250	9356520	9842100	9842110
262	10143520	9356730	9841920	9841920
263	10142710	9355720	9842080	9842080
264	10142490	9355590	9841190	9841190
265	10141620	9354970	9841420	9841420
266	10142000	9355230	9841740	9841740
267	10141480	9354590	9841650	9841650
268	10142220	9355470	9841210	9841210
269	10141870	9354960	9841380	9841380
270	10142220	9355280	9840790	9840790
271	10141890	9354910	9840730	9840730
272	10141520	9354690	9841160	9841160
273	10141410	9354880	9841550	9841550
274	10141780	9355200	9840840	9840830
275	10141490	9354670	9840730	9840730
276	10140890	9354160	9840630	9840630
277	10142370	9355290	9841460	9841460
278	10142240	9355490	9841790	9841790
279	10142250	9355150	9841900	9841900
280	10141540	9354940	9840540	9840540
281	10141660	9355000	9840560	9840560
282	10140840	9354180	9839820	9839820
283	10141760	9354890	9840410	9840410
284	10141850	9355000	9841110	9841110
285	10141730	9355010	9840610	9840610
286	10142030	9355370	9840730	9840730
287	10142390	9355420	9841500	9841500
288	10142150	9355220	9841210	9841210
289	10141650	9354800	9840850	9840840
290	10141330	9354660	9839820	9839830
291	10141760	9355380	9840970	9840970
292	10141250	9354980	9841200	9841200
293	10140890	9354520	9840830	9840830
294	10141060	9354850	9840030	9840030
295	10141510	9355150	9840480	9840480
296	10141830	9355370	9841320	9841320
297	10142230	9355520	9841150	9841150
298	10142380	9355570	9840800	9840800
299	10141960	9355100	9840480	9850720
300	10142260	9355590	9841440	9841440
301	10142550	9355770	9841940	9841940
302	10142570	9355850	9841800	9841800
303	10141830	9354960	9840520	9840520
304	10142060	9355170	9840910	9840910
305	10141650	9354610	9840970	9840970
306	10141780	9354660	9840890	9840810
307	10142240	9355190	9840960	9840960
308	10141930	9355020	9840880	9840880
309	10142460	9355690	9841120	9841120
310	10142550	9355960	9841440	9841440
311	10142840	9356170	9842090	9842090
312	10142650	9355980	9841350	9841350
313	10142440	9355480	9841150	9841150
314	10142310	9355480	9840900	9840900
315	10142200	9355130	9841300	9841300
316	10142090	9355420	9840880	9840880
317	10142180	9355560	9840830	9840830
318	10141660	9355130	9840250	9840250
319	10141220	9354400	9840430	9840430
320	10141590	9354480	9840810	9840810
321	10141070	9354430	9839840	9839830
322	10141400	9354660	9840240	9840250
323	10141900	9355190	9841410	9841410
324	10141920	9355220	9841150	9841150
325	10142350	9355540	9841030	9841030
326	10141200	9354470	9839510	9839510
327	10141870	9354830	9840200	9840200
328	10141950	9355010	9840890	9840890
329	10142520	9355670	9841160	9841160
330	10141770	9355160	9841080	9841080
331	10141730	9355160	9840740	9840740
332	10141910	9355360	9840670	9840670
333	10141790	9355130	9840900	9840900
334	10141920	9355300	9841040	9841040
335	10141200	9354700	9840320	9840320
336	10141570	9354930	9840680	9840680
337	10141760	9354910	9840680	9841510
338	10142410	9355090	9841790	9841790
339	10142150	9354950	9841510	9841510
340	10142190	9354990	9841210	9841210
341	10142110	9355020	9841280	9841280
342	10142110	9355240	9840660	9840660
343	10142250	9355070	9841190	9841190
344	10142030	9354860	9841000	9841000
345	10142350	9355470	9841120	9841120
346	10142220	9355310	9840710	9840710
347	10143310	9356280	9842280	9842280
348	10143280	9356170	9842210	9842210
349	10143270	9356020	9842430	9842530
350	10143690	9356380	9842110	9842110
351	10143650	9356460	9842110	9842100
352	10142770	9355870	9841190	9841190
353	10143130	9355960	9842250	9842260
354	10143230	9356270	9842320	9842320
355	10143010	9356240	9841770	9841760
356	10142860	9356160	9842310	9842310
357	10142910	9356080	9842010	9842010
358	10142790	9356360	9841980	9841980
359	10142570	9356150	9841940	9841940
360	10142760	9356130	9841730	9841730
361	10142990	9356050	9841920	9841920
362	10142710	9355780	9841440	9841440
363	10142290	9355350	9841220	9841220
364	10142100	9355610	9841720	9841400
365	10143050	9356120	9841690	9841690
366	10142990	9356020	9841540	9841540
367	10143020	9356090	9841670	9841670
368	10142750	9355850	9841710	9841710
369	10142920	9355860	9841880	9841870
370	10142770	9356140	9841510	9841520
371	10143090	9356170	9842400	9842390
372	10142770	9356160	9841250	9841260
373	10142650	9356000	9842080	9842080
374	10142870	9356300	9841750	9841750
375	10144290	9357370	9843430	9843430
376	10143630	9356930	9843000	9843000
377	10143150	9356680	9842800	9842800
378	10143550	9357170	9842790	9842790
379	10143860	9356930	9843150	9843150
380	10144180	9357270	9843290	9843290
381	10143880	9356990	9842980	9842980
382	10143170	9356130	9841940	9841940
383	10143730	9356750	9842480	9842480
384	10143890	9357010	9843020	9843020
385	10142860	9355800	9842300	9842300
386	10142460	9355520	9841380	9841380
387	10141740	9354860	9840370	9840370
388	10141940	9354900	9840510	9840510
389	10142460	9355160	9841610	9841610
390	10141920	9354660	9835510	9840620
391	10143080	9355600	9842170	9842180
392	10142640	9355460	9840910	9840910
393	10142000	9354890	9840910	9840910
394	10142770	9355880	9841490	9841490
395	10142820	9355960	9841790	9841790
396	10143430	9356770	9842230	9842230
397	10143100	9356440	9842420	9842420
398	10142760	9356160	9841550	9841550
399	10142520	9355590	9841290	9841290
400	10142030	9354980	9840730	9840730
401	10142340	9355260	9841320	9841320
402	10141820	9354830	9840270	9850510
403	10142160	9355010	9840840	9840830
404	10141350	9354590	9840240	9840250
405	10142170	9355390	9841320	9831130
406	10141600	9354760	9840240	9840240
407	10142290	9355460	9841530	9841530
408	10142730	9355770	9841590	9841590
409	10142150	9355250	9841020	9841030
410	10141630	9354590	9840830	9840830
411	10142130	9355060	9840740	9840740
412	10142070	9355400	9841540	9841530
413	10141960	9355210	9840870	9840880
414	10141820	9354930	9840630	9840630
415	10141740	9354680	9840940	9840940
416	10141510	9354460	9840910	9840910
417	10141780	9354700	9841220	9841220
418	10141650	9354490	9841040	9841040
419	10141890	9354510	9840710	9840710
420	10142220	9355000	9841500	9841500
421	10141530	9354260	9841080	9841080
422	10141090	9353990	9840130	9850370
423	10141710	9354580	9841080	9841080
424	10142120	9355190	9840930	9840930
425	10141110	9354230	9840360	9840360
426	10142130	9355340	9840620	9840620
427	10142290	9355470	9840760	9840760
428	10141660	9355000	9840690	9840690
429	10141750	9355050	9840830	9840830
430	10141760	9355180	9840460	9840450
431	10142450	9355620	9842150	9842160
432	10141610	9354980	9840970	9840970
433	10141280	9354630	9840840	9840840
434	10141970	9355310	9840750	9840750
435	10142450	9355710	9841710	9841710
436	10142240	9355480	9841640	9841640
437	10141950	9355220	9841170	9841190
438	10140170	9353760	9839770	9839770
439	10140530	9354270	9839920	9839910
440	10140110	9353850	9839850	9839860
441	10140270	9353890	9839470	9839470
442	10140860	9354250	9840340	9840340
443	10141470	9354950	9840890	9840890
444	10141120	9354520	9840350	9840350
445	10141280	9354560	9840690	9840690
446	10141820	9355220	9841580	9841580
447	10142390	9355750	9841680	9841680
448	10142480	9355840	9841870	9841870
449	10142760	9355970	9841940	9841940
450	10143240	9356910	9842860	9842860
451	10143030	9356280	9842630	9842630
452	10143160	9356570	9842110	9842110
453	10143620	9356790	9842650	9842650
454	10143760	9357140	9842850	9842850
455	10143490	9356940	9842980	9842980
456	10142350	9355780	9842240	9842240
457	10142530	9355980	9842330	9842330
458	10142360	9355660	9841290	9841290
459	10142170	9355680	9841180	9841180
460	10142120	9355510	9841690	9841710
461	10142440	9355740	9841680	9841670
462	10142110	9355900	9841500	9841510
463	10142120	9355570	9841770	9841770
464	10142640	9356000	9842170	9842160
465	10143670	9356800	9842320	9842330
466	10143770	9357000	9842240	9842230
467	10143320	9356430	9842650	9842660
468	10143070	9356410	9841400	9841400
469	10143210	9356360	9842100	9842100
470	10143200	9356570	9842100	9842100
471	10142850	9356130	9841810	9841810
472	10142580	9356190	9841640	9841640
473	10142630	9356020	9841800	9841800
474	10142880	9356320	9842130	9842130
475	10143760	9356950	9842540	9842540
476	10143110	9356160	9842150	9842150
477	10143440	9356480	9841940	9841940
478	10142440	9355860	9841690	9841690
479	10142640	9356170	9842260	9842260
480	10142530	9356140	9842080	9842080
481	10143030	9356700	9842040	9842040
482	10142870	9356510	9842150	9842150
483	10143100	9356470	9842000	9842000
484	10142760	9356440	9842260	9842260
485	10141950	9355480	9841440	9841440
486	10141960	9355590	9841340	9841340
487	10141770	9355530	9840860	9841180
488	10142350	9355920	9841460	9841450
489	10142810	9356090	9842480	9842490
490	10142080	9355310	9841370	9841370
491	10142340	9355570	9840960	9840960
492	10141520	9355190	9840790	9840720
493	10142460	9356120	9841190	9841190
494	10141760	9355520	9841420	9841420
495	10143110	9356770	9843160	9843160
496	10141910	9355640	9841870	9841870
497	10142190	9355860	9841280	9841280
498	10142040	9355660	9841200	9841200
499	10142300	9355750	9842090	9842080

============================================================
# BITSTREAM: 10ms_3etapas.bit
# VENTANA: 10ms
# ETAPAS_PRINCIPAL: 3
# NUM_MUESTRAS: 500
# FORMATO: idx	freq1_hz	freq2_hz	freq3_hz	freq4_hz
============================================================
idx	freq1_hz	freq2_hz	freq3_hz	freq4_hz
0	34705600	34705500	35354700	35354700
1	34703000	34703000	35352100	35352100
2	34698300	34698300	35358400	35358400
3	34697100	34697100	35356600	35356600
4	34697600	34697600	35352000	35352000
5	34697200	34697200	35355200	35355200
6	34695600	34695600	35357600	35357500
7	34694800	34694900	35360400	35360500
8	34697400	34697300	35358500	35358500
9	34694800	34694800	35361200	35361200
10	34694900	34694900	35357100	35357200
11	34696900	34696900	35353500	35353400
12	34696300	34696400	35360500	35360500
13	34693600	34693500	35356300	35356300
14	34694000	34694000	35347900	35348000
15	34690800	34690800	35356700	35356600
16	34692300	34692300	35350900	35350900
17	34692100	34692100	35351800	35351900
18	34692900	34692900	35355100	35355000
19	34698100	34698100	35356800	35356800
20	34696000	34696000	35357900	35358000
21	34691200	34691200	35358700	35358600
22	34691200	34691200	35356100	35356100
23	34693600	34693700	35355700	35355700
24	34691400	34691300	35358300	35358300
25	34691700	34691700	35358000	35358000
26	34690400	34690400	35358000	35358000
27	34691500	34691500	35356400	35356400
28	34693100	34693200	35351100	35351100
29	34693400	34693300	35348200	35348200
30	34695700	34695700	35353000	35353000
31	34695700	34695700	35355800	35355800
32	34695500	34695500	35355100	35355100
33	34695600	34695600	35349000	35349000
34	34691600	34691600	35354400	35354400
35	34695200	34695200	35356000	35356000
36	34694000	34694000	35358000	35358000
37	34693200	34693200	35354400	35354400
38	34693600	34693600	35360700	35360700
39	34694400	34694400	35349200	35349200
40	34695800	34695800	35354100	35354100
41	34695400	34695400	35358200	35358200
42	34693600	34693600	35354400	35354500
43	34694100	34694100	35351800	35351700
44	34697500	34697600	35355900	35355900
45	34697800	34697700	35359800	35359800
46	34697300	34697300	35358700	35358700
47	34695300	34695300	35349100	35349200
48	34693500	34693500	35349900	35349800
49	34695700	34695800	35355900	35355900
50	34694200	34694100	35360300	35360300
51	34696100	34696100	35356700	35356700
52	34696200	34696100	35364700	35364700
53	34695600	34695700	35351500	35351500
54	34692400	34692400	35353800	35353800
55	34693400	34693400	35356300	35356300
56	34693000	34693000	35346500	35346500
57	34691100	34691100	35348000	35348000
58	34693700	34693700	35354200	35354200
59	34694100	34694100	35353100	35353100
60	34696000	34696000	35354600	35354600
61	34695400	34695400	35350600	35350600
62	34694100	34694200	35350700	35350700
63	34698400	34698300	35351700	35351700
64	34696700	34696700	35352900	35352900
65	34695400	34695400	35353200	35353200
66	34696200	34696200	35358500	35358500
67	34696100	34696100	35355900	35359100
68	34696300	34696300	35351000	35351000
69	34695600	34695600	35349200	35349200
70	34695700	34695700	35351000	35351000
71	34690000	34690000	35353100	35353200
72	34692600	34692600	35349400	35349300
73	34695500	34695500	35349900	35349900
74	34691500	34691500	35354100	35354200
75	34691000	34691000	35351300	35351200
76	34685700	34685700	35351100	35351100
77	34688600	34688700	35355400	35355400
78	34686200	34686200	35353000	35353000
79	34688500	34688400	35348500	35348500
80	34688100	34688100	35354300	35354300
81	34691800	34691800	35349600	35349600
82	34685900	34685900	35348300	35348300
83	34685300	34685300	35348400	35348400
84	34689300	34689400	35350700	35350700
85	34691700	34691600	35349800	35349800
86	34693600	34693600	35350000	35350100
87	34693000	34693000	35357800	35357700
88	34692500	34692500	35356900	35356900
89	34687400	34687400	35355300	35355300
90	34691100	34691100	35355300	35355300
91	34690800	34690900	35352700	35352700
92	34687000	34686900	35351100	35351200
93	34693100	34693100	35354000	35353900
94	34689600	34689600	35354700	35354700
95	34693500	34693500	35354900	35354900
96	34690600	34690700	35357400	35357400
97	34694000	34693900	35357000	35357000
98	34693600	34693600	35355000	35355000
99	34692900	34692900	35360300	35360300
100	34694000	34694000	35357100	35357100
101	34693100	34693100	35358100	35358100
102	34694800	34694900	35352300	35352300
103	34694600	34694500	35353500	35353500
104	34694100	34694100	35357500	35352700
105	34690300	34690300	35356900	35356900
106	34692200	34692200	35356000	35356000
107	34693100	34693100	35351700	35351700
108	34696900	34696900	35350900	35350900
109	34696900	34696900	35351400	35351400
110	34700400	34700400	35344100	35344200
111	34698900	34698900	35349500	35349400
112	34692900	34692900	35353900	35353900
113	34695600	34695600	35348900	35348900
114	34698400	34698400	35349700	35349700
115	34696200	34696300	35346300	35346300
116	34697100	34697000	35348900	35348900
117	34695600	34695600	35356100	35356100
118	34697700	34697700	35349700	35349700
119	34700500	34700500	35348600	35348600
120	34697100	34697100	35342300	35342300
121	34697200	34697200	35341800	35341800
122	34697400	34697400	35342300	35342300
123	34695300	34695300	35345000	35345000
124	34696500	34696500	35345500	35345500
125	34692200	34692200	35345900	35345900
126	34695000	34695000	35345400	35345400
127	34694300	34694300	35343400	35343400
128	34694200	34694200	35344600	35344600
129	34692600	34692600	35343900	35343900
130	34695400	34695400	35348900	35348900
131	34694100	34694200	35345900	35345900
132	34696500	34696400	35345500	35345500
133	34700300	34700300	35347900	35347900
134	34696500	34696500	35350900	35350900
135	34696000	34696000	35352500	35352500
136	34692100	34692100	35356200	35356300
137	34692400	34692400	35351300	35351200
138	34694200	34694200	35345600	35345600
139	34693400	34693400	35351600	35351700
140	34694600	34694600	35351300	35351200
141	34694700	34694700	35345200	35345200
142	34693000	34693000	35347000	35347000
143	34696500	34696500	35342600	35346200
144	34694100	34694100	35341500	35341500
145	34697000	34697000	35350700	35350700
146	34694800	34694800	35347300	35347300
147	34696500	34696500	35346600	35346600
148	34696900	34696900	35345600	35345600
149	34698700	34698700	35343500	35343500
150	34697000	34697000	35342000	35342000
151	34694000	34694000	35344300	35344300
152	34696900	34696900	35348600	35348600
153	34697600	34697600	35354300	35354300
154	34697500	34697500	35348900	35348900
155	34697500	34697500	35354100	35354100
156	34697800	34697800	35351000	35351000
157	34699000	34699000	35348000	35348000
158	34699200	34699200	35346700	35346700
159	34700500	34700500	35344400	35344400
160	34697700	34697700	35343400	35343400
161	34695900	34695900	35347400	35347400
162	34694900	34694900	35349600	35349600
163	34693200	34693200	35347700	35347700
164	34694200	34694200	35352000	35352000
165	34693000	34693000	35348800	35348900
166	34691300	34691300	35350300	35350200
167	34691100	34691100	35352200	35352200
168	34690000	34690000	35353500	35353500
169	34694100	34694100	35349500	35349500
170	34693200	34693200	35351600	35351600
171	34694100	34694100	35346500	35346500
172	34695200	34695200	35347400	35347500
173	34697900	34697900	35343400	35343300
174	34698900	34698900	35344100	35344100
175	34696000	34696000	35350900	35350900
176	34695400	34695400	35348900	35348900
177	34692600	34692600	35346800	35346800
178	34694700	34694700	35352000	35352000
179	34697700	34697700	35348300	35348300
180	34698600	34698600	35337900	35337900
181	34698700	34698700	35346700	35346700
182	34692000	34692000	35337000	35337000
183	34689600	34689600	35342500	35342500
184	34688400	34688400	35340700	35340700
185	34693200	34693300	35336500	35336500
186	34689800	34689800	35346000	35346000
187	34688200	34688100	35348900	35348900
188	34693800	34693800	35344300	35344300
189	34695600	34695600	35342100	35342100
190	34696900	34696900	35353700	35353700
191	34698900	34699000	35353000	35353000
192	34693800	34693700	35352500	35352500
193	34691400	34691400	35350700	35350700
194	34691900	34691900	35350200	35350200
195	34693800	34693800	35349800	35349800
196	34691200	34691200	35348600	35348600
197	34694500	34694600	35350600	35350600
198	34695400	34695300	35350600	35350600
199	34695600	34695600	35343600	35343700
200	34698700	34698700	35344400	35344300
201	34694000	34694000	35344900	35344900
202	34697400	34697500	35347100	35347100
203	34695800	34695800	35346400	35346400
204	34691400	34691300	35339600	35339700
205	34693200	34693200	35345000	35344900
206	34693000	34693000	35340200	35340200
207	34692400	34692400	35347500	35347600
208	34689900	34690000	35347400	35347300
209	34690400	34690300	35349400	35349400
210	34691300	34691300	35343200	35343200
211	34688300	34688300	35346900	35346900
212	34688900	34688900	35344300	35344300
213	34688700	34688700	35341700	35341700
214	34685800	34685800	35338100	35338100
215	34688100	34688100	35343000	35343000
216	34689200	34689200	35348400	35348400
217	34686100	34686200	35347500	35347500
218	34693200	34693100	35354700	35354700
219	34691000	34691000	35352700	35352700
220	34689600	34689600	35346900	35347000
221	34686700	34686700	35348700	35348700
222	34684800	34684900	35348200	35348100
223	34686800	34686700	35345800	35345800
224	34688100	34688200	35343100	35343100
225	34687500	34687400	35347700	35347700
226	34684700	34684700	35352200	35352200
227	34686600	34686600	35346800	35346800
228	34691100	34691100	35353300	35353300
229	34691400	34691400	35348500	35348500
230	34693700	34693700	35344200	35344200
231	34696400	34696400	35337400	35337500
232	34694500	34694500	35339900	35339800
233	34689600	34689600	35343700	35343600
234	34690200	34690200	35346800	35346900
235	34688900	34688900	35348000	35348000
236	34687600	34687600	35358400	35358400
237	34684500	34684500	35353800	35353700
238	34686400	34686400	35345400	35345500
239	34686600	34686600	35348600	35348600
240	34689300	34689300	35347400	35347400
241	34680900	34680900	35351900	35351900
242	34686600	34686600	35353200	35353200
243	34688300	34688300	35350900	35350900
244	34689000	34689000	35351700	35351700
245	34694000	34694100	35352100	35352100
246	34689000	34688900	35356600	35356600
247	34692300	34692300	35357500	35357500
248	34685800	34685800	35358000	35358000
249	34687400	34687400	35350900	35350900
250	34687600	34687600	35352900	35352900
251	34689000	34689000	35352500	35352500
252	34690400	34690500	35357200	35357200
253	34691000	34690900	35353300	35353300
254	34687600	34687600	35352900	35352900
255	34689200	34689200	35351100	35351100
256	34687100	34687100	35352600	35352600
257	34689000	34689000	35355100	35355100
258	34691400	34691400	35357000	35357000
259	34686000	34686000	35351300	35351300
260	34687500	34687500	35351300	35351400
261	34688600	34688700	35347300	35347200
262	34692800	34692700	35349500	35349500
263	34692500	34692500	35355000	35355000
264	34692300	34692300	35351700	35351700
265	34692000	34692000	35355000	35355000
266	34690200	34690200	35356000	35356000
267	34692900	34692900	35354300	35354300
268	34693200	34693300	35358900	35358900
269	34691700	34691600	35355100	35355100
270	34692000	34692000	35347100	35347100
271	34692700	34692700	35351400	35351400
272	34688800	34688800	35362800	35362800
273	34689100	34689100	35357500	35357500
274	34690000	34690000	35355300	35355300
275	34686800	34686800	35352100	35352100
276	34682800	34682800	35354300	35354300
277	34689500	34689500	35353700	35353800
278	34688200	34688200	35351800	35351700
279	34691400	34691400	35354200	35354200
280	34690700	34690800	35356100	35356100
281	34685800	34685700	35355700	35355700
282	34687400	34687500	35356600	35356600
283	34688100	34688000	35357200	35357300
284	34685000	34685000	35351800	35351700
285	34688600	34688600	35349700	35349700
286	34686200	34686200	35356500	35356500
287	34688100	34688100	35354300	35354300
288	34687600	34687600	35359400	35359400
289	34687700	34687800	35357000	35358600
290	34688000	34688000	35353300	35353300
291	34684700	34684600	35350400	35350400
292	34684500	34684500	35354100	35354100
293	34683000	34683000	35355500	35355500
294	34683400	34683400	35353600	35353600
295	34678500	34678500	35360100	35360200
296	34678800	34678800	35358900	35358800
297	34680100	34680200	35359200	35359200
298	34680700	34680700	35358100	35358100
299	34685300	34685200	35353300	35353300
300	34686500	34686500	35354800	35354800
301	34686200	34686200	35358300	35358200
302	34689100	34689100	35361100	35361200
303	34689400	34689500	35360100	35360100
304	34690000	34689900	35357000	35357000
305	34688900	34688900	35361500	35361500
306	34693500	34693500	35359700	35359700
307	34689300	34689300	35356900	35356900
308	34691100	34691100	35358800	35358800
309	34690500	34690500	35361800	35361800
310	34692700	34692700	35360200	35360200
311	34691800	34691800	35358300	35358300
312	34695600	34695600	35360400	35360300
313	34700700	34700700	35359500	35359600
314	34694700	34694700	35360800	35359600
315	34693400	34693500	35356600	35356600
316	34696700	34696600	35354800	35354800
317	34693100	34693100	35353900	35353900
318	34691600	34691700	35353200	35353200
319	34692100	34692000	35351200	35351200
320	34692500	34692500	35357100	35357200
321	34694500	34694500	35353700	35353600
322	34694800	34694800	35351100	35351200
323	34693500	34693500	35352700	35352600
324	34695100	34695100	35363200	35363200
325	34690600	34690600	35356100	35356100
326	34689900	34689900	35347400	35347400
327	34689300	34689400	35355700	35355700
328	34690600	34690500	35351400	35351400
329	34691900	34691900	35352300	35352300
330	34690700	34690700	35351300	35351300
331	34692900	34693000	35344200	35344200
332	34693600	34693500	35345100	35345100
333	34696300	34696300	35349800	35349800
334	34694300	34694300	35354300	35354300
335	34693200	34693200	35355500	35355500
336	34696900	34696900	35355700	35355700
337	34695900	34695900	35352300	35352300
338	34692900	34692900	35356100	35356100
339	34694300	34694300	35354500	35354500
340	34692900	34693000	35364200	35364200
341	34697300	34697200	35362500	35362500
342	34695100	34695200	35357900	35357900
343	34696100	34696000	35350500	35350600
344	34695400	34695400	35351300	35351200
345	34696600	34696600	35357500	35357500
346	34694100	34694100	35357800	35357800
347	34693600	34693600	35363300	35363300
348	34696200	34696200	35356400	35356400
349	34693300	34693300	35358900	35358900
350	34691100	34691100	35362300	35362300
351	34690900	34691000	35361700	35361700
352	34687500	34687400	35360900	35360900
353	34690600	34690600	35359900	35359900
354	34690100	34690100	35362000	35362000
355	34691600	34691600	35359400	35359400
356	34690300	34690300	35359000	35359100
357	34690900	34690900	35359700	35359600
358	34691500	34691500	35357300	35357300
359	34690400	34690500	35359700	35359700
360	34691900	34691800	35357200	35357300
361	34692000	34692000	35360900	35360800
362	34691600	34691700	35361100	35361100
363	34691100	34691000	35355400	35355400
364	34689300	34689300	35356700	35356800
365	34689400	34689400	35357300	35357200
366	34693400	34693400	35360800	35360800
367	34695400	34695500	35363500	35363500
368	34697000	34696900	35357400	35357400
369	34696200	34696200	35353400	35353400
370	34696600	34696600	35354500	35354500
371	34693300	34693300	35353100	35353100
372	34693600	34693600	35355900	35355900
373	34693000	34693100	35354400	35354400
374	34691900	34691800	35357600	35357600
375	34691500	34691500	35356300	35356300
376	34690300	34690400	35354300	35354300
377	34692100	34692000	35358300	35355100
378	34692200	34692200	35359300	35359300
379	34693500	34693500	35355800	35355800
380	34690700	34690700	35355500	35355600
381	34688500	34688600	35359600	35359500
382	34690400	34690300	35356500	35356500
383	34689700	34689700	35356100	35356100
384	34693400	34693400	35353700	35353800
385	34687900	34687900	35348600	35348500
386	34688600	34688600	35353800	35353800
387	34687000	34687100	35353200	35353200
388	34689500	34663800	35351400	35351400
389	34690800	34690800	35353900	35353900
390	34688900	34688900	35347800	35347800
391	34688700	34688700	35352200	35352200
392	34689100	34689100	35353200	35353200
393	34690700	34690700	35354000	35354000
394	34689700	34689700	35356500	35356500
395	34688800	34688900	35362100	35362100
396	34689700	34689600	35361900	35361900
397	34688500	34688500	35363300	35363300
398	34687700	34687700	35358400	35358400
399	34683800	34683800	35354600	35359200
400	34685000	34685000	35362500	35362500
401	34686900	34686900	35356600	35356600
402	34683100	34683100	35357800	35357800
403	34688800	34688800	35362800	35362800
404	34688700	34688700	35359900	35360000
405	34689100	34689100	35361100	35361000
406	34688200	34688300	35362800	35362800
407	34690500	34690500	35361500	35361500
408	34689000	34688900	35355700	35355700
409	34690700	34690700	35362500	35362500
410	34691600	34691600	35364400	35364400
411	34691500	34691500	35360500	35360500
412	34691500	34691500	35360000	35360000
413	34692600	34692700	35360800	35360800
414	34693400	34693300	35361100	35361100
415	34696200	34696200	35359500	35359500
416	34698600	34698600	35355600	35355600
417	34697800	34697800	35357500	35357500
418	34696300	34696300	35354600	35354600
419	34695400	34695400	35353000	35353000
420	34693700	34693700	35360600	35360700
421	34691600	34691600	35357000	35356900
422	34690700	34690700	35354300	35354300
423	34697000	34697100	35355200	35355200
424	34699300	34699200	35352400	35352400
425	34698100	34698100	35352000	35352000
426	34697100	34697100	35346600	35346600
427	34697200	34697200	35345600	35345600
428	34697100	34697200	35347400	35347400
429	34695200	34695100	35343900	35343900
430	34694900	34694800	35351500	35351500
431	34694500	34694600	35350600	35350600
432	34695300	34695300	35360700	35360700
433	34693400	34693400	35350600	35350600
434	34695300	34695300	35352300	35352300
435	34695900	34695900	35354300	35354300
436	34697800	34697800	35364900	35364900
437	34697700	34697700	35361400	35361400
438	34692400	34692400	35354700	35354700
439	34692100	34692100	35363400	35363400
440	34694800	34694800	35363700	35363700
441	34693800	34693800	35360300	35360400
442	34690000	34690000	35363000	35362900
443	34691100	34691100	35355500	35355500
444	34691500	34691600	35356000	35356000
445	34693000	34692900	35358600	35358600
446	34696300	34696300	35355000	35355000
447	34688900	34688900	35355200	35355200
448	34689600	34689600	35356800	35356800
449	34691200	34691300	35354000	35354000
450	34686300	34686200	35352500	35352500
451	34689700	34689800	35345900	35345900
452	34686900	34686800	35351500	35351500
453	34686400	34686500	35350300	35353100
454	34690600	34690500	35360200	35360300
455	34688000	34688100	35362300	35362200
456	34688000	34687900	35357100	35357100
457	34692700	34692700	35351100	35351100
458	34695400	34695400	35352300	35352300
459	34695200	34695200	35351900	35351900
460	34697200	34697200	35348700	35348700
461	34695500	34695600	35350300	35350300
462	34691100	34691000	35355200	35355200
463	34694000	34694000	35352800	35352800
464	34694300	34694300	35353700	35353700
465	34693000	34693000	35351800	35351800
466	34693000	34693000	35352400	35352400
467	34694500	34694500	35351800	35351700
468	34697200	34697200	35350600	35350700
469	34695600	34695600	35349800	35349800
470	34693600	34693700	35345300	35345200
471	34694000	34693900	35348900	35349000
472	34694700	34694800	35349000	35349000
473	34696000	34695900	35346800	35346800
474	34692500	34692500	35355000	35355100
475	34692000	34692000	35350300	35350200
476	34692800	34692800	35344200	35344200
477	34692900	34692900	35340100	35340100
478	34690700	34690700	35349000	35349000
479	34688900	34688900	35345700	35345700
480	34687900	34687900	35349300	35349300
481	34689900	34689900	35353300	35353300
482	34692500	34692500	35346400	35346400
483	34688800	34688800	35345800	35345800
484	34686800	34686800	35347800	35347800
485	34685900	34685900	35354200	35354200
486	34683700	34683700	35355700	35355700
487	34690300	34690300	35356800	35356800
488	34689500	34689500	35352500	35352500
489	34689400	34689400	35354300	35354300
490	34690600	34690600	35350100	35350100
491	34687900	34687900	35350000	35350000
492	34686400	34686400	35354800	35354800
493	34686300	34686300	35350800	35350800
494	34687300	34687300	35352800	35352800
495	34683700	34683800	35349100	35349100
496	34681700	34681600	35352200	35352200
497	34691200	34691200	35348700	35348700
498	34692100	34692100	35353100	35353100
499	34691800	34691800	35354000	35354000

============================================================
# BITSTREAM: 10ms_5etapas.bit
# VENTANA: 10ms
# ETAPAS_PRINCIPAL: 5
# NUM_MUESTRAS: 500
# FORMATO: idx	freq1_hz	freq2_hz	freq3_hz	freq4_hz
============================================================
idx	freq1_hz	freq2_hz	freq3_hz	freq4_hz
0	33405400	33405400	33405400	33405500
1	33414100	33414100	33414100	33414100
2	33400800	33400800	33400800	33400800
3	33396200	33396200	33396200	33396100
4	33403200	33403200	33396800	33403300
5	33402000	33401900	33401900	33401900
6	33391500	33391500	33391500	33391500
7	33383500	33383600	33383600	33383600
8	33388400	33388400	33388400	33388300
9	33398000	33398000	33398000	33398100
10	33396700	33396700	33396700	33396700
11	33390700	33390700	33390700	33390600
12	33402400	33402400	33402400	33402500
13	33400700	33400700	33400700	33400700
14	33405000	33405000	33404900	33404900
15	33402000	33402000	33402100	33402100
16	33388400	33388300	33388300	33388300
17	33402400	33402400	33402400	33402400
18	33392900	33393000	33392900	33392900
19	33398900	33398800	33399000	33399000
20	33407800	33407800	33407700	33407700
21	33404000	33404000	33404000	33404000
22	33407100	33407000	33407100	33407100
23	33395100	33395100	33395200	33395100
24	33389200	33389200	33389200	33389300
25	33405300	33405300	33405300	33405300
26	33405200	33418000	33418000	33417900
27	33413500	33413500	33413500	33413500
28	33415700	33415700	33415700	33415800
29	33406600	33406600	33406600	33406500
30	33422700	33422600	33422600	33422700
31	33420400	33420500	33420500	33420500
32	33431100	33431100	33431000	33431000
33	33431800	33431800	33431800	33431800
34	33435600	33435600	33435700	33435700
35	33405900	33405900	33405900	33405900
36	33420000	33420000	33420000	33419900
37	33413300	33413300	33413300	33413400
38	33408600	33408600	33408500	33408500
39	33405200	33405100	33405200	33405200
40	33428300	33428400	33428400	33428400
41	33413700	33413600	33413600	33413600
42	33412500	33412600	33412500	33412500
43	33418000	33418000	33411700	33418100
44	33436400	33436400	33436300	33436300
45	33423600	33423600	33423600	33423600
46	33423700	33423700	33423800	33423800
47	33409900	33409900	33409900	33409800
48	33403900	33403900	33403900	33404000
49	33415900	33415900	33415900	33415800
50	33433300	33433300	33433200	33433300
51	33427900	33427900	33428000	33428000
52	33413200	33413200	33413200	33413200
53	33411400	33411400	33411400	33411400
54	33425500	33425500	33425400	33425400
55	33423900	33423900	33424000	33424000
56	33415700	33415600	33415600	33415600
57	33414000	33414100	33414100	33414100
58	33419800	33419800	33419700	33419700
59	33403100	33403100	33403200	33403100
60	33401200	33401200	33401100	33401200
61	33394800	33388400	33394900	33394900
62	33408200	33408200	33408200	33408200
63	33413400	33413400	33413400	33413400
64	33416500	33416500	33416500	33416500
65	33423100	33423100	33423100	33423100
66	33423100	33429500	33429500	33429400
67	33411600	33411600	33411600	33411700
68	33410500	33410500	33410400	33410400
69	33408100	33408100	33408100	33408100
70	33413200	33413200	33413300	33413200
71	33404900	33404900	33404800	33404900
72	33405700	33431300	33431400	33431300
73	33424200	33424200	33424200	33424200
74	33422200	33422200	33422200	33422300
75	33433100	33433100	33433000	33433000
76	33425900	33425900	33426000	33426000
77	33425000	33425000	33425000	33424900
78	33424200	33424200	33424100	33424200
79	33416300	33416300	33416400	33416400
80	33397500	33397500	33397400	33397400
81	33391100	33391100	33391200	33391200
82	33422700	33422600	33422600	33422600
83	33437900	33438000	33438000	33438000
84	33430900	33430900	33430800	33430800
85	33422400	33422400	33422500	33422400
86	33426900	33426900	33426900	33426900
87	33428000	33428000	33427900	33428000
88	33433400	33433400	33433500	33433500
89	33423900	33423900	33423900	33423900
90	33406400	33406400	33406300	33406300
91	33409200	33409200	33409200	33409200
92	33398900	33398800	33398900	33398900
93	33419100	33419200	33419100	33419100
94	33415400	33415400	33415400	33415400
95	33411300	33411300	33411300	33411300
96	33395900	33395900	33396000	33396000
97	33391200	33391200	33384800	33391100
98	33391600	33391600	33391600	33391600
99	33401300	33401300	33401300	33401400
100	33408600	33408500	33413300	33408500
101	33387000	33387100	33387000	33387000
102	33387500	33387500	33387600	33387600
103	33391000	33391000	33387800	33390900
104	33384300	33384300	33384200	33384300
105	33386600	33386600	33386700	33386700
106	33404300	33404300	33404300	33404200
107	33389600	33389600	33389600	33389700
108	33393100	33393100	33393000	33393000
109	33397600	33397600	33397600	33397600
110	33396600	33396600	33396700	33396700
111	33388400	33388400	33388300	33388300
112	33385700	33395300	33395400	33395300
113	33406800	33406800	33406800	33406800
114	33390800	33390700	33390700	33390800
115	33398200	33398300	33398300	33398300
116	33397900	33397900	33397900	33397900
117	33405000	33405000	33405000	33405000
118	33417500	33417400	33420600	33417400
119	33402700	33402800	33402800	33402700
120	33398700	33398700	33398700	33398800
121	33413400	33413300	33413300	33413300
122	33414100	33388600	33388600	33388600
123	33387800	33387700	33387700	33387700
124	33393900	33419600	33419500	33419500
125	33405400	33405400	33405400	33405400
126	33392100	33392100	33392200	33392100
127	33385600	33385600	33385500	33385600
128	33386000	33386000	33386100	33386100
129	33396000	33396000	33395900	33395900
130	33380900	33380900	33381000	33381000
131	33376400	33376400	33376400	33376400
132	33381900	33381900	33381900	33381900
133	33388200	33388200	33388100	33388100
134	33385800	33385800	33385900	33385900
135	33382400	33382400	33382400	33382400
136	33394800	33394800	33394800	33394800
137	33407400	33407400	33407400	33407400
138	33389200	33389200	33389200	33389200
139	33385800	33385800	33385800	33385800
140	33387700	33387700	33387700	33387600
141	33399700	33399600	33399600	33399700
142	33383500	33386800	33383600	33383500
143	33389500	33389500	33389500	33389600
144	33394400	33394400	33394400	33394400
145	33384100	33384000	33384000	33384000
146	33396500	33396600	33396600	33396600
147	33397600	33397600	33397600	33397600
148	33398800	33398700	33398700	33398700
149	33392300	33392400	33392400	33392400
150	33398300	33398300	33398300	33398200
151	33409200	33409200	33409100	33409200
152	33398400	33398400	33398500	33398500
153	33407400	33407400	33407400	33407400
154	33403200	33403200	33403200	33403200
155	33400300	33400300	33400300	33400300
156	33401600	33401600	33401600	33401600
157	33398600	33398600	33398600	33398600
158	33390700	33390700	33390700	33390700
159	33387600	33387600	33387600	33387600
160	33394100	33394100	33394100	33394000
161	33396900	33396900	33396900	33397000
162	33421100	33408200	33408200	33408200
163	33413400	33413500	33413500	33413500
164	33406500	33406400	33406400	33406400
165	33398100	33398200	33398200	33398200
166	33384600	33384600	33384500	33384500
167	33382600	33398600	33398700	33398600
168	33386100	33386100	33386100	33386200
169	33392200	33392200	33392200	33392200
170	33386600	33386600	33386600	33386500
171	33388200	33388200	33388200	33388300
172	33386800	33386700	33386700	33386700
173	33396100	33396200	33396200	33396200
174	33402400	33402400	33402400	33402400
175	33398700	33398700	33398700	33398700
176	33402200	33402200	33402200	33402100
177	33394700	33394700	33394600	33394700
178	33385100	33385100	33385200	33385200
179	33395900	33395900	33395900	33395900
180	33400900	33400900	33400900	33400900
181	33392800	33392800	33392800	33392800
182	33399400	33399400	33399300	33399300
183	33398400	33398400	33398500	33398400
184	33389900	33389900	33389800	33389900
185	33394700	33394700	33394800	33394800
186	33398500	33398500	33398400	33398400
187	33400700	33400700	33400800	33400800
188	33394700	33394700	33394700	33394600
189	33416200	33416200	33416100	33416200
190	33427800	33427800	33427900	33427800
191	33392000	33392000	33392000	33392100
192	33399700	33399700	33399700	33399600
193	33417800	33417800	33417800	33417800
194	33420500	33420500	33420400	33420500
195	33406700	33406700	33406800	33406800
196	33422600	33422600	33422500	33422500
197	33401700	33401700	33401700	33401700
198	33400700	33400700	33400700	33400700
199	33394400	33394400	33394500	33394500
200	33391400	33391400	33391300	33391300
201	33392800	33392800	33392800	33392800
202	33408400	33408300	33408400	33408400
203	33395400	33395500	33395500	33395500
204	33399500	33399500	33399500	33399400
205	33399100	33399100	33399100	33399200
206	33406300	33406300	33406300	33406300
207	33401700	33401700	33401600	33401600
208	33400900	33400900	33401000	33401000
209	33400200	33400100	33400100	33400100
210	33393700	33393700	33393800	33393800
211	33422900	33422900	33422900	33422900
212	33430200	33430200	33430100	33430100
213	33429900	33429900	33430000	33429900
214	33409300	33409300	33409200	33409300
215	33417600	33417600	33417600	33417600
216	33418900	33418900	33418900	33418900
217	33406400	33406400	33406500	33406500
218	33410800	33410800	33410800	33410700
219	33426400	33426400	33426400	33426500
220	33399000	33399000	33398900	33398900
221	33399500	33399400	33399500	33399500
222	33399900	33399900	33399900	33399900
223	33398600	33398700	33398700	33398700
224	33404800	33404800	33404700	33404700
225	33423200	33423200	33423300	33423300
226	33415000	33415000	33414900	33414900
227	33394300	33394200	33394300	33394300
228	33403600	33403600	33403600	33403600
229	33413200	33413300	33413300	33413300
230	33429400	33429300	33429300	33429300
231	33408200	33408300	33408300	33408300
232	33401500	33401500	33401500	33401500
233	33399700	33399700	33399700	33399600
234	33393900	33393900	33393900	33394000
235	33404200	33404200	33404100	33404100
236	33403100	33403000	33403100	33403100
237	33423800	33423900	33423900	33423900
238	33403300	33403200	33403200	33403200
239	33390800	33390900	33390900	33390900
240	33386700	33386600	33386600	33386600
241	33400200	33400200	33400200	33400200
242	33393100	33393200	33393200	33393100
243	33406300	33406300	33406300	33406300
244	33405700	33405600	33405600	33405700
245	33403300	33403400	33403300	33403300
246	33404500	33404400	33404500	33404500
247	33394800	33394900	33394800	33394800
248	33405300	33405300	33405400	33405400
249	33391800	33391800	33391800	33391700
250	33388200	33388200	33388200	33388300
251	33391200	33391200	33391200	33391200
252	33394200	33394200	33394200	33394200
253	33378000	33378000	33378000	33378000
254	33396600	33396600	33396600	33396600
255	33396800	33396800	33396800	33396800
256	33396000	33396000	33396000	33396000
257	33404300	33404300	33404300	33404300
258	33405400	33405400	33405400	33405400
259	33398200	33398200	33398200	33398100
260	33401700	33395400	33401700	33401700
261	33402800	33402700	33402700	33402800
262	33414400	33414500	33414500	33414500
263	33415900	33393500	33393500	33393400
264	33398200	33398300	33398200	33398200
265	33389200	33389200	33389200	33389300
266	33385800	33385800	33385700	33385700
267	33399600	33399600	33399600	33399600
268	33409000	33409000	33409100	33409100
269	33398500	33398500	33398500	33398500
270	33413400	33413400	33413400	33413400
271	33411500	33411500	33411500	33411500
272	33419600	33419600	33419500	33419500
273	33415700	33415700	33415800	33415800
274	33431100	33431100	33431000	33431000
275	33423400	33423400	33423500	33423500
276	33439700	33439700	33439600	33439600
277	33428300	33428300	33428300	33428300
278	33429700	33429700	33429700	33429700
279	33417900	33417900	33418000	33418000
280	33417700	33417700	33417700	33417700
281	33415600	33415600	33415600	33415500
282	33411100	33411100	33411100	33411200
283	33412400	33412400	33412400	33412400
284	33423600	33423600	33423600	33423600
285	33437300	33437300	33437300	33437300
286	33426600	33426600	33426600	33426600
287	33431300	33431300	33431300	33431300
288	33413800	33413800	33413700	33413700
289	33420800	33420700	33420800	33420800
290	33415200	33415300	33415300	33415300
291	33428500	33428500	33428500	33428400
292	33425200	33425200	33425200	33425200
293	33410400	33410400	33410300	33410400
294	33406400	33406400	33406400	33406400
295	33413200	33413100	33413200	33413200
296	33439500	33439600	33439600	33439500
297	33440400	33440400	33440300	33440400
298	33433900	33433900	33434000	33433900
299	33414800	33414800	33414700	33414800
300	33404600	33404600	33404600	33404600
301	33414000	33414000	33414100	33414100
302	33432600	33432600	33432600	33432600
303	33431100	33431100	33431100	33431000
304	33424600	33424600	33424600	33424700
305	33418300	33418300	33418300	33418300
306	33437200	33437200	33437200	33437200
307	33443200	33443200	33443200	33443100
308	33418100	33418100	33418100	33418200
309	33433500	33433500	33433400	33433400
310	33424000	33423900	33424000	33424000
311	33427400	33427500	33427500	33427500
312	33430000	33430000	33430000	33430000
313	33423200	33423200	33423200	33423200
314	33431900	33431900	33431800	33431800
315	33418200	33418200	33418300	33418200
316	33402200	33402200	33402200	33402300
317	33406600	33406600	33406600	33406600
318	33416800	33416800	33416800	33416800
319	33417000	33416900	33416900	33416900
320	33419100	33419200	33419100	33419100
321	33412900	33412900	33412900	33412900
322	33416800	33416800	33416900	33416900
323	33417400	33417400	33417400	33417400
324	33424400	33424400	33424400	33424400
325	33413400	33413400	33413400	33413300
326	33417700	33417700	33417600	33417700
327	33414500	33414400	33417700	33414500
328	33397700	33397700	33397700	33397700
329	33391700	33391800	33385400	33391700
330	33405000	33405000	33405000	33405000
331	33399300	33399300	33399300	33399300
332	33409000	33408900	33408900	33409000
333	33410400	33410500	33410400	33410400
334	33385800	33437000	33437100	33437000
335	33430700	33430700	33430700	33430800
336	33422600	33422600	33422600	33422600
337	33408500	33408500	33408500	33408400
338	33421600	33421600	33421500	33421600
339	33405400	33405400	33405400	33405400
340	33407500	33420300	33420400	33420300
341	33419900	33419900	33419900	33420000
342	33415600	33415600	33415600	33415600
343	33434600	33434600	33434500	33434500
344	33405300	33405200	33405300	33405300
345	33396500	33396500	33396500	33396500
346	33393500	33393500	33393500	33393500
347	33398900	33399000	33398900	33398900
348	33423400	33423400	33423400	33423400
349	33431100	33431100	33431200	33431200
350	33425000	33425000	33424900	33424900
351	33434100	33434100	33434200	33434100
352	33403100	33403100	33403100	33403200
353	33422700	33422600	33422600	33422600
354	33412000	33412100	33412100	33412100
355	33413900	33413900	33413900	33413900
356	33423500	33423500	33423500	33423400
357	33428400	33428300	33428300	33428400
358	33429900	33430000	33429900	33429900
359	33428400	33428300	33428400	33428400
360	33436400	33443100	33436400	33436400
361	33441300	33441300	33441400	33441400
362	33443000	33443000	33443000	33442900
363	33438800	33438800	33438800	33438900
364	33434700	33434700	33434600	33434600
365	33446500	33446500	33446600	33446600
366	33438400	33438400	33438400	33438300
367	33443600	33443500	33443500	33443600
368	33432100	33432200	33432200	33432200
369	33439200	33439200	33439200	33439200
370	33445600	33445600	33445600	33445600
371	33450300	33450300	33456700	33450300
372	33451600	33451600	33450200	33451600
373	33445400	33445300	33445300	33445300
374	33441600	33441700	33441700	33441600
375	33435500	33435500	33435500	33435600
376	33440000	33440000	33440000	33439900
377	33439500	33439500	33439500	33439600
378	33432600	33432600	33432600	33432600
379	33431900	33431900	33431800	33431800
380	33431600	33431500	33431600	33431600
381	33438700	33438800	33438800	33438700
382	33432600	33432600	33432600	33432700
383	33436100	33436100	33436100	33436100
384	33439200	33439200	33439200	33439200
385	33427800	33427800	33427800	33427700
386	33426900	33426900	33426900	33427000
387	33422300	33422300	33422300	33422300
388	33423900	33423900	33423900	33423900
389	33446800	33446800	33446800	33446700
390	33449900	33449800	33449800	33449900
391	33444000	33444100	33444100	33444000
392	33433200	33433100	33433100	33433200
393	33439000	33439100	33439000	33439000
394	33428100	33428100	33428200	33428200
395	33435200	33435200	33435200	33435200
396	33432600	33432600	33432600	33432600
397	33432800	33432800	33432700	33432700
398	33425500	33425500	33425500	33425500
399	33431500	33431500	33431600	33431600
400	33418800	33418800	33418800	33418800
401	33423500	33432800	33423500	33423500
402	33439100	33439100	33439100	33439100
403	33443600	33443600	33443600	33443600
404	33431100	33431100	33431100	33431000
405	33429400	33429400	33429300	33429400
406	33450000	33450000	33450100	33450000
407	33446300	33446300	33446300	33446400
408	33447000	33447000	33447000	33447000
409	33445200	33445200	33445200	33445200
410	33447300	33447200	33447200	33447200
411	33446400	33446500	33446500	33446500
412	33440100	33440100	33440100	33440100
413	33439700	33439700	33439700	33439700
414	33439700	33439700	33439700	33439700
415	33436400	33436400	33436300	33436300
416	33440100	33440100	33440200	33440200
417	33436700	33436700	33436700	33436700
418	33443200	33443200	33443200	33443200
419	33438900	33445200	33438900	33438800
420	33445300	33445300	33445200	33445300
421	33441500	33441500	33441500	33441500
422	33441200	33441200	33441300	33441300
423	33428500	33428500	33428500	33428400
424	33434100	33434100	33434100	33434200
425	33432900	33432900	33432900	33432900
426	33426700	33426700	33426700	33426700
427	33418300	33418300	33418300	33418200
428	33445200	33445200	33445200	33445200
429	33432100	33432100	33432100	33432200
430	33437000	33437000	33437000	33437000
431	33440000	33440000	33440000	33440000
432	33446600	33446600	33446500	33446500
433	33450800	33450800	33450800	33450800
434	33452700	33452700	33452700	33452700
435	33452800	33452800	33452800	33452800
436	33459200	33459200	33459200	33459200
437	33459000	33459000	33459100	33459000
438	33458400	33458300	33458300	33458400
439	33451800	33451900	33451800	33451800
440	33446300	33446300	33446400	33446400
441	33430700	33430700	33430600	33430600
442	33424900	33424900	33425000	33425000
443	33456700	33456700	33456700	33456700
444	33439000	33439000	33438900	33438900
445	33436900	33436900	33437000	33437000
446	33441400	33441300	33437100	33441300
447	33443300	33443500	33443400	33443400
448	33429800	33429800	33429800	33429800
449	33417400	33417400	33417400	33417400
450	33436200	33436100	33436100	33436100
451	33433000	33433100	33433100	33433100
452	33432000	33432000	33432000	33432000
453	33450000	33450000	33449900	33449900
454	33436200	33436100	33436200	33436200
455	33434000	33434100	33434000	33434000
456	33449700	33449700	33449700	33449700
457	33442800	33442800	33442900	33442900
458	33443000	33442900	33442900	33442900
459	33423700	33423800	33423700	33423700
460	33431800	33431800	33431900	33431800
461	33441900	33441900	33441900	33441900
462	33435400	33435400	33435400	33435500
463	33422000	33422000	33421900	33421900
464	33400900	33400900	33401000	33401000
465	33422700	33422700	33422700	33422700
466	33404500	33404500	33404500	33404400
467	33433200	33433200	33433100	33433200
468	33414900	33414800	33419900	33414900
469	33382700	33434000	33434000	33433900
470	33422700	33422600	33422600	33422700
471	33408200	33408300	33408300	33408300
472	33419300	33419300	33419300	33419300
473	33441800	33441700	33441700	33441700
474	33429500	33429500	33429500	33429500
475	33432300	33432400	33432400	33432400
476	33403100	33406000	33403100	33403100
477	33403400	33403400	33403400	33403400
478	33411300	33411300	33411300	33411200
479	33414800	33414800	33414700	33414800
480	33411900	33411900	33412000	33412000
481	33409200	33409200	33409100	33409100
482	33411700	33411700	33411800	33411800
483	33430700	33430700	33430600	33430600
484	33433000	33433000	33433100	33433100
485	33423400	33423400	33423300	33423300
486	33441700	33435400	33441800	33441800
487	33425500	33425500	33425500	33425500
488	33405100	33405100	33405100	33405000
489	33408000	33408000	33407900	33408000
490	33405700	33405700	33405800	33405700
491	33396100	33396100	33396100	33396200
492	33396800	33396800	33396800	33396800
493	33423100	33423100	33423100	33423100
494	33402500	33402500	33402500	33402500
495	33398700	33398700	33398700	33398600
496	33412400	33412400	33412400	33412500
497	33425200	33425200	33425200	33425200
498	33442400	33442400	33442400	33442400
499	33419200	33419200	33419200	33419200

============================================================
# BITSTREAM: 10ms_51etapas.bit
# VENTANA: 10ms
# ETAPAS_PRINCIPAL: 51
# NUM_MUESTRAS: 500
# FORMATO: idx	freq1_hz	freq2_hz	freq3_hz	freq4_hz
============================================================
idx	freq1_hz	freq2_hz	freq3_hz	freq4_hz
0	13678400	13998900	12669500	11821500
1	13678100	13999800	12669200	11816500
2	13678800	13999400	12670000	11820100
3	13679100	14001800	12669800	11817300
4	13679000	13998900	12668200	11818600
5	13678500	13999800	12668900	11816400
6	13679100	13999000	12669800	11819900
7	13679700	13997500	12669900	11820900
8	13679600	13997900	12670000	11820500
9	13679700	14000200	12669800	11818300
10	13679400	13999000	12668200	11816600
11	13680400	13998200	12670300	11821000
12	13678900	13999000	12669300	11817700
13	13679700	13997600	12670300	11820700
14	13679400	14002500	12669500	11818500
15	13680600	14002400	12669600	11817900
16	13680300	14001000	12669100	11820300
17	13679800	14001300	12668800	11818800
18	13678100	14001700	12667800	11819100
19	13680000	13999000	12669200	11817600
20	13681000	13998900	12671300	11821800
21	13680900	14002800	12670900	11818300
22	13681900	14003900	12670800	11819200
23	13682400	14000700	12672200	11822600
24	13682200	14003600	12670600	11819100
25	13681100	14003600	12671100	11823600
26	13681100	14003900	12671200	11823800
27	13681400	13999300	12671600	11822400
28	13680800	14001800	12671200	11820800
29	13680500	14000800	12669700	11819200
30	13680300	14001700	12669300	11820800
31	13680800	13999500	12669400	11817800
32	13681200	14001300	12671200	11821600
33	13680500	14004000	12669700	11820500
34	13680300	14003200	12670100	11819200
35	13679600	14000000	12669400	11817800
36	13680600	14000800	12668900	11817700
37	13680600	14002100	12669100	11821200
38	13680800	14004200	12669900	11821100
39	13680700	14003700	12671300	11823700
40	13680100	14002100	12670700	11823300
41	13678800	14002000	12668400	11819300
42	13679300	14002400	12668800	11817100
43	13678900	14000300	12668500	11819400
44	13679200	13999800	12668600	11820500
45	13679500	14000200	12670700	11820500
46	13680200	14000000	12668700	11817100
47	13679800	14000900	12668900	11817500
48	13680100	14001600	12669000	11819300
49	13679300	13999900	12668700	11820400
50	13679100	14000200	12670100	11818600
51	13679200	13999000	12669100	11816900
52	13680300	13997800	12670700	11820600
53	13679900	14001700	12670400	11822100
54	13679100	13997800	12668500	11816800
55	13678600	14000600	12669800	11822100
56	13680200	14000400	12669500	11820600
57	13680400	14000100	12669500	11818800
58	13680700	14000300	12669900	11821800
59	13681000	14001100	12669900	11821400
60	13680300	14001300	12669700	11820400
61	13679900	14003100	12669200	11819600
62	13679800	14001800	12669600	11821700
63	13679200	13999200	12668100	11817800
64	13679300	14002300	12669300	11816700
65	13679700	14001400	12668500	11818800
66	13680100	13999500	12669000	11821100
67	13681200	14000400	12670400	11821000
68	13678700	13998000	12667500	11818100
69	13679000	14000700	12669400	11822100
70	13678800	14000000	12668300	11816300
71	13679300	13999600	12668100	11816800
72	13679400	14002100	12669600	11819300
73	13678200	14000900	12668100	11819200
74	13678100	13999600	12667400	11817700
75	13678700	14001900	12670000	11819200
76	13679900	13999700	12669300	11820500
77	13678700	14002000	12669200	11817900
78	13678300	14001300	12668200	11816400
79	13678300	14002000	12668300	11819000
80	13678600	14001700	12668500	11816400
81	13679400	13998900	12669000	11817200
82	13678800	14000600	12669700	11816500
83	13678200	13999100	12668300	11819200
84	13678700	13998400	12669800	11821000
85	13678800	13999000	12669500	11817400
86	13679000	13997400	12670100	11819800
87	13679600	13999500	12670400	11817900
88	13678500	13998800	12669700	11819900
89	13678900	13998100	12669600	11819200
90	13678300	14001300	12669200	11816600
91	13679100	14002400	12668800	11819300
92	13678700	13999400	12668300	11819500
93	13678400	14000500	12669300	11816200
94	13678800	14001000	12668400	11818400
95	13678800	14000000	12668100	11818100
96	13678900	13999100	12668000	11816700
97	13680000	13999200	12670700	11821500
98	13678800	14001600	12669200	11816300
99	13679400	13999600	12668400	11820000
100	13678700	14001100	12669400	11818700
101	13678600	13998200	12667900	11818700
102	13679200	13999000	12669300	11817100
103	13678200	13995400	12668600	11819400
104	13678500	13999500	12667400	11818600
105	13678500	13998400	12669100	11819500
106	13678700	13997400	12668100	11816800
107	13678600	13997900	12668800	11817300
108	13678400	13999600	12669000	11817500
109	13678700	14001600	12669400	11819000
110	13678700	13999300	12667400	11819800
111	13679000	13999400	12669400	11819100
112	13678800	13999600	12668500	11815500
113	13678400	14001200	12669300	11818700
114	13678300	13999400	12667800	11817900
115	13678900	14000800	12669400	11816500
116	13677800	13999200	12667700	11819200
117	13679200	14002200	12670000	11816700
118	13679600	13999200	12669200	11817800
119	13678700	14001900	12669600	11816700
120	13679600	13999000	12669100	11819900
121	13679200	13997100	12669600	11819700
122	13679500	13997000	12670200	11818500
123	13678600	13998900	12669200	11819500
124	13676900	13998300	12668200	11815200
125	13677800	13999900	12669200	11818800
126	13677300	13998300	12671800	11817600
127	13678100	14000200	12666200	11819000
128	13677700	13996600	12666700	11815400
129	13678700	13998400	12668200	11817500
130	13678600	13997700	12668200	11816900
131	13678100	13999700	12669000	11817700
132	13678400	14001500	12669200	11818300
133	13679000	13999100	12668600	11816800
134	13677600	13997100	12668800	11819900
135	13678300	13996400	12669200	11817700
136	13678100	13999000	12667900	11816900
137	13678700	13996100	12669000	11819400
138	13677800	13998700	12667400	11816600
139	13678400	13998500	12669200	11816000
140	13678500	13996900	12669100	11818600
141	13678200	13998100	12669400	11817700
142	13675600	13997800	12667100	11814500
143	13677100	13998800	12668800	11821000
144	13675700	13994900	12667400	11816700
145	13677300	13999700	12667400	11818900
146	13676100	13999300	12668100	11816600
147	13676200	13995900	12667800	11816900
148	13675900	13993600	12666800	11817200
149	13674700	13997100	12665300	11814400
150	13675300	13993100	12666900	11815800
151	13676200	13997200	12667700	11818900
152	13676300	13996000	12667600	11819600
153	13676600	14000000	12667200	11818800
154	13677400	13997800	12667100	11815400
155	13677500	13999400	12668900	11820700
156	13676800	13999000	12668300	11815100
157	13677700	13994500	12668900	11818700
158	13676200	13996000	12666100	11817200
159	13675900	13998900	12666800	11818300
160	13676100	13997000	12667600	11814600
161	13676100	13995500	12667500	11817700
162	13676400	13996400	12666600	11818700
163	13676000	13996700	12666400	11815500
164	13676700	13998800	12667200	11820800
165	13675700	13994100	12667000	11816700
166	13675800	13997900	12666000	11816800
167	13676800	13996600	12667600	11815900
168	13675700	13994900	12666000	11815100
169	13675600	13997600	12666000	11817700
170	13676200	13998200	12666800	11816100
171	13676600	13996400	12667500	11815800
172	13676900	13996900	12666900	11815800
173	13676300	13996200	12667600	11816200
174	13675800	13995500	12666400	11817500
175	13676600	13996900	12667400	11818900
176	13675900	13996100	12667100	11816200
177	13675700	13996400	12665900	11815400
178	13675700	13996400	12666000	11815100
179	13675900	13996400	12666300	11815400
180	13677000	13997100	12666400	11815900
181	13675900	13994000	12667100	11816100
182	13676400	13996200	12665700	11817300
183	13675800	13995900	12666300	11817800
184	13676700	13993900	12666700	11817900
185	13676100	13998100	12666500	11817600
186	13675900	13998600	12666900	11814500
187	13676700	13994700	12667500	11816900
188	13675800	13997900	12665900	11818300
189	13677000	13998200	12668000	11816400
190	13676400	13997400	12667600	11815700
191	13676500	13996900	12668000	11815900
192	13676600	13997200	12667500	11816300
193	13676400	13996500	12667600	11820000
194	13676300	14000000	12667100	11820600
195	13676500	13997300	12666200	11814600
196	13676100	13997200	12667500	11820000
197	13675600	13995200	12666600	11819600
198	13675100	13997800	12665600	11818900
199	13676400	13999100	12668100	11820500
200	13677500	13997400	12668600	11819900
201	13676800	13997000	12667800	11816300
202	13676800	13997000	12667900	11818100
203	13678300	13998400	12669100	11819400
204	13677300	13997100	12668000	11815900
205	13678100	13996200	12668800	11815800
206	13678600	13998600	12668100	11819400
207	13677600	13995900	12668400	11817600
208	13678000	13996600	12668200	11818500
209	13677700	13997700	12667800	11816600
210	13677000	13999100	12668100	11816900
211	13678300	13998200	12669400	11820200
212	13677200	13998500	12668200	11816200
213	13677800	13996600	12668400	11817800
214	13677300	13996900	12667500	11816500
215	13678200	13998100	12668800	11817400
216	13677300	14000300	12668500	11815500
217	13677600	13997600	12667700	11818700
218	13677600	14000900	12668800	11817200
219	13678100	13999700	12667900	11819800
220	13676800	13999700	12668000	11816900
221	13676600	13999700	12668100	11816700
222	13676800	14000000	12668000	11816600
223	13676100	13996100	12666100	11814100
224	13675800	13996600	12665900	11814800
225	13675400	13994400	12665500	11814400
226	13676000	13996300	12666100	11818200
227	13676400	13997700	12666700	11816300
228	13676600	13997900	12667500	11816100
229	13676700	13996800	12667700	11816000
230	13676100	13998400	12666800	11816000
231	13675600	13998400	12666900	11815100
232	13675900	13995500	12666100	11815300
233	13676200	13996400	12666900	11818600
234	13675900	13997200	12666800	11815500
235	13675900	13995800	12666600	11819400
236	13676800	13996000	12667000	11816800
237	13676600	14000400	12667300	11819200
238	13676300	13996300	12666600	11816600
239	13676500	13998900	12666700	11816400
240	13676200	13997500	12667700	11816700
241	13676600	13995800	12668300	11818400
242	13676500	13994800	12666800	11816800
243	13675600	13996700	12665700	11816400
244	13675100	13997300	12665900	11819700
245	13675300	13995900	12666900	11819300
246	13676300	13993900	12666800	11817700
247	13676200	13997700	12666100	11819100
248	13675700	13997200	12666900	11816000
249	13675500	13995200	12666800	11818800
250	13676400	13998300	12666200	11818800
251	13676700	13998700	12668000	11817100
252	13676600	13997100	12667900	11815000
253	13676600	13994700	12667600	11816500
254	13676100	13998300	12666500	11818700
255	13676400	13998300	12667700	11817100
256	13676300	13998000	12667600	11817000
257	13675900	13998000	12667300	11819300
258	13676300	13998100	12667800	11819600
259	13675100	13998000	12666900	11813400
260	13675900	13998100	12667800	11819600
261	13674800	13997500	12666600	11813400
262	13676000	13994100	12667600	11817700
263	13674700	13997200	12665700	11816400
264	13675200	13994100	12666800	11818800
265	13674900	13997400	12666100	11816200
266	13675200	13994600	12666800	11814900
267	13675400	13995800	12666300	11816100
268	13675800	13994000	12666300	11816800
269	13674800	13994900	12665300	11815500
270	13675300	13997700	12663300	11817400
271	13675800	13997600	12668200	11816000
272	13675300	13998300	12667600	11815600
273	13675600	13997200	12667900	11816600
274	13675300	13994700	12666800	11818900
275	13675800	13997500	12666700	11818000
276	13676600	13995100	12668200	11817900
277	13675700	13996000	12666500	11815400
278	13675000	13998300	12665900	11817900
279	13675100	13996800	12667100	11816200
280	13674200	13997300	12666200	11815100
281	13675400	13996300	12667400	11819800
282	13675200	13997600	12666300	11816000
283	13674300	13997600	12666600	11815200
284	13675300	13998200	12666900	11815600
285	13675400	13996300	12667500	11815400
286	13675200	13997600	12666000	11815700
287	13674400	13997400	12666700	11815200
288	13675500	13995700	12667500	11815500
289	13674500	13995500	12665800	11817200
290	13674700	13995400	12665700	11818000
291	13673700	13995600	12664900	11815300
292	13673900	13994800	12664800	11814000
293	13674500	13996100	12665200	11816200
294	13674000	13995000	12665000	11814100
295	13675200	13995500	12666500	11818600
296	13675200	13995500	12666500	11818100
297	13675400	13995900	12666800	11818300
298	13674800	13992800	12666100	11816600
299	13673700	13996400	12665900	11812900
300	13674100	13994800	12665400	11814100
301	13674400	13996400	12665700	11816000
302	13674200	13994400	12665300	11814200
303	13674000	13994500	12664700	11817500
304	13673900	13994600	12664400	11815800
305	13674000	13994900	12664700	11815700
306	13674100	13996900	12665000	11817200
307	13675100	13995800	12670100	11815800
308	13675000	13994000	12665900	11816000
309	13674400	13994800	12665200	11815700
310	13674600	13996000	12665600	11816000
311	13675200	13998000	12666500	11818100
312	13674800	13996500	12667400	11819400
313	13674500	13997600	12666500	11819200
314	13676100	13998900	12667900	11816100
315	13676400	13996900	12667500	11814100
316	13676200	13996400	12667700	11816100
317	13676000	13996300	12666500	11815300
318	13676200	13998000	12666500	11816300
319	13676100	13997600	12667700	11819700
320	13675800	13998700	12667200	11815800
321	13676800	13996800	12668100	11815100
322	13675600	13998500	12667000	11815900
323	13676400	13995000	12667500	11816800
324	13677100	13997700	12667200	11819700
325	13677200	13999100	12668600	11816800
326	13676500	13996200	12668600	11818800
327	13675600	13996000	12666600	11817000
328	13676000	13999900	12667200	11818100
329	13677400	13998900	12669000	11817000
330	13677100	13998400	12668200	11815000
331	13676600	13996100	12667500	11815300
332	13676600	13997400	12666500	11815400
333	13676300	13996300	12667800	11815900
334	13677100	13999300	12667300	11816700
335	13676800	13998000	12668000	11817200
336	13676600	13998600	12668300	11819800
337	13676100	13993600	12667100	11816400
338	13675600	13998000	12665400	11814600
339	13676000	13997800	12667600	11819900
340	13676900	13998800	12668200	11820300
341	13676100	13995300	12667500	11816700
342	13675900	13996400	12665900	11814900
343	13676400	13996700	12666300	11815200
344	13676400	13998900	12666800	11820100
345	13676500	13998300	12667800	11814400
346	13676300	13998200	12667600	11816900
347	13676900	13997500	12667900	11815800
348	13676400	13995000	12667700	11818000
349	13677400	13997700	12667200	11819900
350	13676100	13998000	12667500	11816200
351	13676500	13998100	12668100	11819600
352	13676000	13998900	12667500	11814100
353	13676900	13998700	12667700	11814500
354	13677900	13998400	12668500	11815600
355	13677600	13997500	12667900	11816000
356	13677700	13996400	12669300	11818700
357	13677600	13998600	12668000	11816100
358	13676700	13994600	12667800	11817000
359	13676900	13998300	12667400	11817800
360	13677100	13999500	12669000	11817700
361	13677700	13998400	12669400	11818700
362	13677900	13997500	12668800	11816100
363	13678600	13998000	12669700	11819700
364	13677800	14000600	12669000	11821200
365	13678400	13999700	12668300	11819100
366	13676400	14000600	12668400	11817100
367	13678000	13998700	12668100	11818400
368	13676600	13997400	12668600	11815500
369	13677500	13998000	12668500	11817200
370	13678100	14000500	12669400	11821600
371	13677700	14001500	12668000	11817900
372	13678600	13999000	12668300	11816800
373	13677500	13995700	12668700	11819200
374	13676700	13998300	12667700	11819200
375	13676600	13998800	12668700	11818000
376	13677000	13996200	12668600	11817900
377	13676600	13997100	12667200	11818300
378	13676400	13995200	12668300	11816900
379	13675800	13998900	12666600	11819700
380	13676600	13999000	12668400	11815300
381	13677600	13996100	12669400	11819100
382	13676600	13998100	12667300	11816300
383	13676700	13999400	12667900	11815200
384	13676600	13999400	12668200	11815100
385	13676300	13998500	12667900	11814800
386	13675900	13994900	12667200	11816600
387	13676500	13999500	12666900	11819200
388	13676800	13996900	12668400	11818900
389	13675900	13996800	12667700	11816300
390	13675500	13999000	12667100	11816300
391	13676400	13994500	12668000	11818300
392	13676500	13998100	12666800	11817800
393	13676800	13999900	12667900	11815400
394	13676800	13999100	12668600	11817300
395	13677400	13997700	12668900	11820100
396	13676200	13998500	12667400	11816300
397	13676100	13995200	12667300	11816800
398	13675800	13999000	12666600	11819600
399	13676700	13995100	12668400	11818300
400	13677900	13998800	12668000	11817000
401	13676700	13996300	12668100	11817000
402	13676800	13999500	12667100	11817000
403	13676700	13996900	12668400	11818500
404	13676600	13996900	12668100	11816600
405	13676900	13997800	12668300	11816600
406	13677200	13999200	12668700	11820800
407	13677200	14000400	12668100	11815000
408	13677400	13997300	12667300	11816600
409	13677500	13999100	12669000	11820700
410	13677200	13997700	12668800	11819200
411	13677000	13999400	12668200	11816800
412	13676700	13999300	12667900	11814500
413	13677400	13998400	12668300	11817800
414	13677400	13996900	12668000	11816000
415	13677100	13997700	12667900	11816700
416	13676000	13998100	12667600	11815900
417	13675400	13998900	12667300	11814400
418	13675700	13997500	12667600	11814400
419	13675900	13995700	12668200	11818100
420	13676300	13997800	12667100	11818100
421	13677400	13999300	12668900	11820400
422	13677500	13998400	12668600	11817900
423	13676300	13996400	12667800	11815400
424	13677100	13997900	12667000	11815900
425	13676600	13997400	12667900	11816000
426	13675800	13995600	12667900	11815400
427	13676300	13996900	12666600	11814900
428	13676900	13997300	12668000	11816200
429	13676000	13996900	12668000	11819300
430	13676500	13996700	12667900	11816100
431	13675400	13997700	12666400	11819100
432	13676700	13998300	12667800	11816100
433	13676300	13997700	12667500	11816400
434	13676200	13997300	12667200	11816200
435	13677000	13998100	12668600	11820500
436	13676200	13998500	12667500	11813900
437	13676800	13995100	12667700	11816500
438	13677600	13998300	12668000	11816500
439	13677100	13999200	12668500	11817200
440	13675800	13998900	12667700	11807700
441	13676500	13997700	12667900	11814000
442	13675800	13997500	12666900	11815500
443	13677200	13996400	12668900	11817800
444	13675500	13996200	12669800	11814800
445	13675300	13994900	12666000	11816400
446	13674900	13997800	12666100	11816800
447	13675200	13997700	12667600	11819100
448	13675200	13997400	12667100	11815500
449	13675600	13995500	12667400	11815200
450	13674300	13995100	12666100	11816600
451	13674800	13995700	12665700	11814300
452	13675400	13995800	12666000	11817400
453	13676600	13995000	12666500	11816400
454	13677400	13998500	12667500	11819800
455	13676300	13995000	12667300	11816500
456	13677300	13997900	12667300	11819800
457	13677300	13998500	12668200	11816300
458	13677200	13996100	12667700	11817000
459	13677700	13998800	12667500	11816100
460	13676900	13995100	12667600	11816600
461	13677700	13997500	12667700	11816000
462	13676800	13998300	12668200	11817600
463	13676400	13998300	12667400	11816900
464	13676100	13997400	12667400	11816300
465	13676900	13995700	12667600	11815100
466	13677300	13997600	12667700	11818300
467	13677500	13999800	12668200	11816300
468	13677500	13996900	12668500	11817200
469	13678000	13997600	12668400	11816600
470	13677200	13998900	12667700	11815800
471	13677700	13998500	12668500	11814500
472	13677400	13995600	12667800	11816600
473	13677500	13998100	12667100	11815500
474	13676500	13999100	12667300	11814200
475	13677600	13997200	12668600	11819300
476	13677500	13997300	12668000	11819800
477	13677200	13998400	12668400	11820100
478	13677000	13996400	12667900	11814800
479	13677500	13998300	12667700	11815600
480	13677700	14000400	12669200	11815600
481	13678100	13997900	12667600	11816200
482	13677300	13999000	12668900	11816700
483	13677600	13995900	12668900	11818500
484	13678300	13996300	12668600	11818400
485	13678800	14001200	12668600	11817500
486	13678400	13999400	12668300	11816900
487	13678300	14000400	12669500	11815400
488	13678100	13997600	12667400	11816700
489	13677700	14001000	12668800	11817100
490	13678100	14000000	12667900	11817200
491	13677900	13998600	12667200	11815200
492	13677900	13996000	12668600	11817400
493	13676900	14001100	12667400	11818800
494	13677900	13998500	12667500	11818500
495	13677600	13997100	12668200	11817700
496	13678300	13997000	12668800	11817200
497	13678700	13999900	12669500	11819500
498	13677800	13999700	12669000	11817500
499	13677300	14001700	12668700	11817100

============================================================
# BITSTREAM: 10ms_101etapas.bit
# VENTANA: 10ms
# ETAPAS_PRINCIPAL: 101
# NUM_MUESTRAS: 500
# FORMATO: idx	freq1_hz	freq2_hz	freq3_hz	freq4_hz
============================================================
idx	freq1_hz	freq2_hz	freq3_hz	freq4_hz
0	7570500	8201000	8250000	8733100
1	7570000	8200700	8250100	8733400
2	7570400	8201200	8250100	8733100
3	7570300	8201300	8250100	8733000
4	7570800	8201500	8250500	8733800
5	7570400	8201300	8250100	8734000
6	7570600	8201300	8250300	8733500
7	7570600	8201100	8251500	8734000
8	7570500	8200800	8250900	8734000
9	7570500	8201200	8250500	8734100
10	7571100	8201700	8250700	8734600
11	7571000	8201600	8251100	8734300
12	7570700	8200500	8251200	8734000
13	7569800	8200200	8249800	8733500
14	7570100	8200900	8249600	8733700
15	7570000	8200800	8249900	8733400
16	7570200	8200500	8250400	8733400
17	7570100	8200700	8250200	8733100
18	7569900	8200800	8249600	8733400
19	7569300	8200300	8249100	8732700
20	7569400	8201200	8249700	8733200
21	7569600	8303200	8249600	8732800
22	7569800	8200700	8249700	8733400
23	7569800	8200900	8249500	8733100
24	7570600	8201300	8251000	8734300
25	7570500	8201500	8250100	8734100
26	7570100	8201000	8249800	8732900
27	7569700	8200800	8248800	8733600
28	7569700	8201400	8249500	8732900
29	7570400	8201400	8250800	8734000
30	7570400	8201200	8251000	8733600
31	7570700	8201700	8250500	8734100
32	7570200	8201500	8250200	8734100
33	7570800	8201600	8250200	8734300
34	7570400	8201400	8249900	8734300
35	7570000	8201000	8250300	8733200
36	7570600	8201300	8251400	8733800
37	7570000	8201100	8249700	8733800
38	7570400	8201200	8250000	8733300
39	7570600	8201900	8250900	8734100
40	7570500	8201500	8250500	8733900
41	7570400	8201300	8250100	8734100
42	7570300	8201300	8250000	8733100
43	7570300	8201200	8250300	8733700
44	7570200	8303300	8250800	8733500
45	7570300	8201200	8250700	8733300
46	7570300	8201100	8250500	8733700
47	7570000	8201100	8249800	8733700
48	7569600	8200200	8249000	8733200
49	7570600	8202500	8249700	8734200
50	7570000	8200500	8249600	8733200
51	7569600	8200300	8249600	8733200
52	7569400	8199500	8249100	8733100
53	7569400	8201300	8250100	8733200
54	7569300	8199900	8249000	8732300
55	7569700	8201400	8248900	8733500
56	7569800	8201200	8249300	8733800
57	7570500	8202100	8250100	8734300
58	7570000	8200700	8249700	8732900
59	7570200	8201100	8250000	8733200
60	7569700	8200600	8249900	8733600
61	7570200	8201000	8250500	8733600
62	7570200	8201100	8249800	8733900
63	7569800	8200800	8249100	8733100
64	7570200	8202100	8250700	8734100
65	7570300	8201200	8250800	8733700
66	7570500	8201100	8251000	8733600
67	7569900	8200500	8249900	8733300
68	7569800	8200000	8249900	8733200
69	7569900	8200700	8250300	8733500
70	7570200	8200700	8250700	8733600
71	7570400	8201000	8250700	8733800
72	7569600	8200300	8249800	8733200
73	7570000	8200600	8248700	8733400
74	7569700	8201500	8249800	8733200
75	7569900	8200800	8249100	8733400
76	7570200	8202100	8250800	8734100
77	7570500	8201000	8251000	8733300
78	7569500	8200000	8249300	8732700
79	7569800	8201300	8249500	8733400
80	7569900	8200100	8250400	8733300
81	7569400	8200000	8249500	8732200
82	7569800	8200500	8250300	8733500
83	7570400	8201300	8251200	8733900
84	7570100	8200600	8250200	8733400
85	7570600	8201600	8250200	8734100
86	7570600	8201100	8250200	8734100
87	7570800	8201800	8250500	8734300
88	7570400	8200900	8249900	8733900
89	7570300	8200500	8250500	8733700
90	7569700	8200100	8249300	8733300
91	7569800	8201400	8249400	8733300
92	7569600	8200300	8249000	8732700
93	7570100	8201600	8249200	8733700
94	7570200	8201600	8250600	8733200
95	7570600	8201200	8249600	8734100
96	7569600	8302500	8249200	8733300
97	7570000	8304200	8250600	8733300
98	7569700	8200600	8248800	8733600
99	7570000	8201800	8249900	8733200
100	7570500	8201100	8251100	8734300
101	7570600	8201300	8251500	8734300
102	7570300	8200900	8250800	8733800
103	7570200	8200800	8250900	8733400
104	7569900	8200300	8250000	8733400
105	7569600	8200600	8249700	8733100
106	7570200	8200900	8249800	8733100
107	7570500	8201500	8249500	8733200
108	7570700	8201700	8250900	8734100
109	7570400	8201900	8250700	8733900
110	7570500	8201300	8251000	8733900
111	7570600	8201700	8250400	8734000
112	7570400	8201200	8250300	8733200
113	7571100	8202300	8252100	8734700
114	7570600	8201500	8250500	8734600
115	7570500	8201800	8250500	8734400
116	7569800	8200600	8249700	8733500
117	7570000	8201000	8249800	8732700
118	7570100	8201200	8249400	8734000
119	7570500	8201600	8249500	8733900
120	7570200	8201000	8250600	8733900
121	7570200	8201100	8249200	8733800
122	7570100	8304600	8250600	8733400
123	7570100	8201300	8249100	8733400
124	7570300	8202200	8250500	8734000
125	7570100	8201500	8249900	8733900
126	7570600	8201800	8250900	8734000
127	7570600	8202100	8251000	8734200
128	7570000	8200900	8249800	8733600
129	7570000	8200900	8249200	8733600
130	7570300	8202100	8250700	8733300
131	7569800	8200700	8250100	8733200
132	7570100	8201000	8249700	8733200
133	7569900	8200800	8249500	8732900
134	7570100	8200900	8250400	8733500
135	7570300	8201300	8250300	8733100
136	7570500	8201100	8251000	8733900
137	7570700	8201900	8250600	8734200
138	7570500	8201200	8249200	8733900
139	7570500	8202200	8250500	8733500
140	7569400	8200400	8249200	8733300
141	7569800	8201500	8249900	8733000
142	7569900	8200600	8249900	8733200
143	7569800	8200800	8250000	8733100
144	7569400	8200100	8249400	8733000
145	7569500	8200500	8248700	8733100
146	7569800	8201600	8249800	8733100
147	7570100	8201100	8249600	8733800
148	7569900	8200700	8249700	8733400
149	7569800	8200700	8249300	8732800
150	7570100	8201700	8249400	8733900
151	7569900	8200700	8248900	8733300
152	7569800	8201400	8248900	8733500
153	7570200	8202200	8249400	8733900
154	7569600	8200400	8248700	8733100
155	7569500	8201500	8249600	8733200
156	7569500	8200000	8249300	8733000
157	7570100	8201700	8249700	8734200
158	7569300	8200000	8248900	8732300
159	7569800	8201500	8249100	8734300
160	7569400	8201000	8249800	8733000
161	7569100	8199800	8248000	8732400
162	7569300	8200800	8249000	8732700
163	7569400	8201200	8248100	8732700
164	7569400	8200600	8248400	8732000
165	7569300	8200800	8249300	8732600
166	7569600	8201100	8249300	8734000
167	7569700	8201200	8249100	8733300
168	7569800	8201500	8250200	8733300
169	7569600	8200400	8249300	8733000
170	7570000	8201500	8249600	8734000
171	7569200	8200000	8249200	8732500
172	7569600	8201200	8250200	8732500
173	7569200	8200300	8249000	8732600
174	7568600	8200200	8247700	8732000
175	7569300	8200900	8249600	8733100
176	7568800	8199000	8248600	8732200
177	7569500	8201200	8248900	8733200
178	7569900	8201400	8249100	8733700
179	7570000	8201900	8250500	8733700
180	7569800	8200500	8249700	8733400
181	7570200	8201300	8250100	8733000
182	7570400	8201400	8250300	8733200
183	7570200	8201200	8251300	8733700
184	7569900	8200900	8250100	8733200
185	7569700	8200600	8249800	8733200
186	7569400	8200400	8249000	8733200
187	7569700	8201600	8248800	8733300
188	7569500	8201200	8249500	8732500
189	7569600	8302600	8250000	8733100
190	7568900	8199600	8249100	8732300
191	7569000	8200900	8249500	8732600
192	7569100	8199600	8249500	8732500
193	7569200	8200100	8249600	8732500
194	7568800	8199700	8249000	8732400
195	7569800	8202100	8248900	8733300
196	7569500	8201300	8248800	8733100
197	7569200	8201300	8249400	8732400
198	7569100	8200000	8248800	8732700
199	7569300	8201400	8249400	8732500
200	7569200	8200000	8248500	8732500
201	7569400	8201600	8249200	8732500
202	7570100	8202100	8250600	8733300
203	7570500	8201400	8249400	8734100
204	7570000	8200900	8249300	8733800
205	7570200	8202400	8245100	8734300
206	7569400	8201200	8250000	8733100
207	7569000	8200200	8249200	8732600
208	7569200	8201100	8249900	8732500
209	7569200	8199800	8249500	8732600
210	7569200	8199600	8249500	8732600
211	7568900	8199800	8249400	8732300
212	7568900	8199500	8247900	8732400
213	7568800	8200800	8249700	8732400
214	7568700	8199400	8248400	8731600
215	7568900	8200900	8249400	8732700
216	7569600	8200500	8249300	8733200
217	7570100	8202000	8249800	8734100
218	7569500	8200400	8249100	8733100
219	7569900	8202100	8250700	8733900
220	7569500	8200000	8250100	8733100
221	7569800	8200500	8249800	8732700
222	7569100	8199800	8248800	8732600
223	7569200	8200900	8249100	8732300
224	7569000	8201100	8249700	8733000
225	7568900	8302400	8249000	8732000
226	7568900	8303000	8248100	8732600
227	7569200	8201000	8248500	8732300
228	7568700	8200400	8248700	8732100
229	7569200	8201200	8249700	8733000
230	7568900	8199800	8248700	8732200
231	7569000	8201200	8249500	8733000
232	7569500	8200200	8250000	8733400
233	7568400	8199300	8248800	8732300
234	7568600	8200200	8248500	8731800
235	7568700	8200700	8248700	8732300
236	7568600	8200600	8249000	8732600
237	7568700	8200900	8247800	8732600
238	7568900	8200700	8248400	8732800
239	7569000	8201200	8249700	8733000
240	7568700	8199800	8248800	8731900
241	7569000	8201100	8249000	8732300
242	7568900	8200800	8248200	8732800
243	7569400	8201400	8248200	8733000
244	7569000	8200900	8247800	8732800
245	7569000	8201100	8248400	8733000
246	7568500	8200600	8249400	8732600
247	7568700	8199700	8248400	8732400
248	7568000	8200000	8248700	8731900
249	7568600	8200900	8249700	8732600
250	7567600	8198100	8247500	8731100
251	7568000	8199900	8248500	8731900
252	7568300	8200100	8248800	8731700
253	7568300	8200000	8248600	8731700
254	7568500	8200300	8248200	8732500
255	7568800	8200900	8247800	8732800
256	7569100	8200900	8248700	8732900
257	7568600	8200800	8249400	8732300
258	7568400	8199000	8248100	8731900
259	7568600	8200500	8247900	8731700
260	7568800	8200600	8249600	8732100
261	7568000	8198700	8248000	8731500
262	7567900	8199800	8248600	8731800
263	7568100	8199700	8247500	8731900
264	7568500	8200200	8248600	8732100
265	7568900	8200900	8248300	8732700
266	7568700	8200400	8249000	8732600
267	7568300	8200300	8247700	8732100
268	7568400	8200000	8248400	8732300
269	7568400	8200300	8249100	8732200
270	7568200	8200100	8249000	8732200
271	7568400	8199800	8247700	8731900
272	7568400	8199900	8248500	8732000
273	7568600	8200300	8248400	8731700
274	7568500	8200200	8249300	8732300
275	7569100	8200600	8248900	8733000
276	7568800	8200000	8247900	8732300
277	7569200	8201300	8250300	8732600
278	7569000	8199500	8249700	8732400
279	7569000	8199600	8248600	8731600
280	7568900	8200300	8248200	8732400
281	7569100	8200800	8248000	8732600
282	7569100	8200600	8249500	8732500
283	7569100	8199400	8249600	8732500
284	7568900	8199300	8248700	8732300
285	7568900	8200800	8249500	8732500
286	7569000	8199300	8249500	8732700
287	7569200	8199600	8249600	8732700
288	7568900	8199100	8248600	8732200
289	7569800	8201600	8249200	8733500
290	7569800	8201400	8250400	8733100
291	7569300	8199900	8249600	8732400
292	7568600	8198800	8248200	8732100
293	7568800	8200400	8247400	8732300
294	7568800	8200200	8247600	8732300
295	7568900	8200600	8249200	8731900
296	7569200	8200800	8249700	8732200
297	7569200	8302300	8248900	8732100
298	7568900	8302800	8248400	8732700
299	7569000	8303400	8249700	8732600
300	7568400	8301500	8248200	8731500
301	7568200	8302400	8247100	8731800
302	7568500	8302600	8249300	8732000
303	7568800	8303200	8248700	8732800
304	7568500	8303000	8249400	8732200
305	7568900	8199800	8248500	8732600
306	7568900	8200700	8249100	8732100
307	7569600	8201500	8250100	8733300
308	7569900	8200900	8249800	8733000
309	7569700	8200500	8249200	8733000
310	7569800	8201900	8250800	8733200
311	7569900	8200700	8250400	8733000
312	7569100	8199500	8249200	8732200
313	7569600	8201400	8250200	8732900
314	7569800	8200700	8249300	8733500
315	7569300	8303700	8249000	8733400
316	7569100	8201300	8248100	8732900
317	7569500	8201700	8248500	8732600
318	7569100	8201000	8248900	8732400
319	7569100	8201100	8248400	8732800
320	7568600	8200400	8249200	8732200
321	7569100	8200900	8249900	8732300
322	7568800	8199400	8249300	8732500
323	7568700	8200700	8248600	8732800
324	7568800	8200800	8248300	8732600
325	7569400	8201500	8249600	8733000
326	7568800	8199400	8248600	8732100
327	7568300	8200100	8247800	8731900
328	7569200	8200800	8248800	8732800
329	7569100	8200900	8249400	8732200
330	7568500	8199300	8248200	8732200
331	7568000	8199700	8247000	8731700
332	7568400	8199900	8247800	8732100
333	7568600	8200500	8248300	8732200
334	7568900	8200800	8249500	8732400
335	7568800	8199500	8249700	8732300
336	7567900	8198300	8247900	8730800
337	7568600	8200700	8249700	8732100
338	7568200	8198800	8248100	8731200
339	7568700	8200100	8248300	8731500
340	7568800	8200300	8249000	8732200
341	7569300	8201000	8248600	8732900
342	7569100	8200600	8248800	8732900
343	7568700	8200400	8249000	8731700
344	7569000	8200700	8248300	8732400
345	7569800	8201600	8250200	8733300
346	7569200	8200000	8248900	8732800
347	7568700	8200400	8248400	8731800
348	7568200	8200100	8249000	8731900
349	7569000	8200600	8248100	8732600
350	7568300	8302100	8247800	8731100
351	7569000	8200600	8248600	8732300
352	7568900	8200300	8248300	8732100
353	7568700	8200500	8249200	8732100
354	7568400	8199700	8249100	8731500
355	7568100	8199300	8248700	8731800
356	7568200	8199300	8249000	8731600
357	7569000	8200400	8248400	8732600
358	7568000	8199300	8248700	8732600
359	7568900	8200600	8249800	8732300
360	7568700	8198700	8248300	8732000
361	7569200	8200700	8249800	8732700
362	7568400	8198700	8247900	8731900
363	7568800	8200300	8249700	8732200
364	7568700	8199100	8248700	8731700
365	7568600	8200400	8249400	8731300
366	7569100	8199800	8248700	8732500
367	7569100	8201000	8249900	8732700
368	7568500	8198600	8253800	8731900
369	7569200	8199600	8248800	8732700
370	7568900	8200300	8249200	8731900
371	7569200	8200400	8249800	8732100
372	7569100	8199500	8248600	8732600
373	7568800	8200200	8248200	8732300
374	7569100	8200200	8248200	8732600
375	7568600	8200000	8247600	8732100
376	7568000	8199700	8248700	8731000
377	7567700	8200000	8248900	8731200
378	7567800	8199100	8247800	8731400
379	7568000	8199600	8247900	8731600
380	7568400	8199900	8249300	8731800
381	7568400	8200200	8248300	8732500
382	7568800	8200600	8249400	8732500
383	7569100	8199900	8248500	8732500
384	7569100	8200700	8249000	8732200
385	7569000	8201000	8248300	8732500
386	7569300	8201100	8249600	8732900
387	7568700	8199400	8248800	8732100
388	7568200	8200000	8248600	8731400
389	7568500	8200300	8248300	8732300
390	7568500	8200200	8249200	8732100
391	7568600	8200600	8249400	8731600
392	7568500	8198800	8247900	8731700
393	7568700	8302600	8249400	8732100
394	7568100	8300700	8247400	8731600
395	7568500	8302600	8247400	8731900
396	7568200	8199500	8247100	8731600
397	7569000	8200800	8249800	8732300
398	7568500	8198900	8247900	8731900
399	7569400	8201300	8250300	8732600
400	7568900	8199000	8249800	8732300
401	7568700	8199400	8248200	8732100
402	7568800	8199700	8247400	8732200
403	7568700	8200200	8247500	8732100
404	7568800	8200400	8249100	8732200
405	7568800	8200800	8249600	8732400
406	7568300	8198400	8248100	8731700
407	7568100	8199700	8247600	8731100
408	7568600	8200300	8249200	8731600
409	7567900	8199800	8248900	8731000
410	7568100	8199500	8247800	8731700
411	7568300	8199900	8247900	8731600
412	7568200	8199900	8249200	8731600
413	7568200	8200100	8249100	8731200
414	7567900	8199400	8248600	8731500
415	7567900	8199400	8247700	8731300
416	7567900	8199400	8248400	8731300
417	7567900	8199900	8248800	8731600
418	7567800	8199400	8248400	8731000
419	7567900	8199700	8248800	8732100
420	7568000	8199700	8248700	8730900
421	7568300	8200100	8249100	8731600
422	7568400	8200300	8249300	8732000
423	7568400	8200400	8248800	8732400
424	7568300	8200000	8248700	8731400
425	7568700	8200700	8249400	8732100
426	7568900	8199600	8248500	8732300
427	7568300	8200200	8248700	8731400
428	7568600	8200400	8249400	8732100
429	7568800	8199900	8248600	8732100
430	7568900	8302800	8248400	8732300
431	7568400	8302800	8249200	8731800
432	7568800	8303300	8249900	8731900
433	7568500	8301500	8249000	8731900
434	7568100	8302200	8247500	8731700
435	7568500	8302900	8249200	8732000
436	7568100	8302200	8249100	8731200
437	7567900	8302600	8249100	8731500
438	7568400	8303000	8249400	8731800
439	7568700	8302200	8248600	8731800
440	7568200	8199900	8247700	8731500
441	7568800	8200600	8249200	8731400
442	7568500	8200400	8249600	8731800
443	7568300	8198700	8248500	8731700
444	7568200	8200000	8248800	8731400
445	7568900	8200900	8249500	8732100
446	7569000	8199500	8249800	8732500
447	7568400	8199700	8248200	8732300
448	7568700	8200500	8247700	8732300
449	7568500	8200400	8248700	8732400
450	7568300	8200500	8249300	8732000
451	7569000	8201000	8249000	8732900
452	7568300	8200300	8247800	8732000
453	7568600	8201100	8248400	8732000
454	7568000	8200100	8249000	8731600
455	7568000	8200200	8247700	8731500
456	7568300	8200300	8248700	8732100
457	7567900	8199900	8248700	8731200
458	7568400	8200100	8248900	8731500
459	7568400	8200300	8247900	8731800
460	7568700	8200800	8249800	8732100
461	7568200	8199200	8247800	8731600
462	7568800	8200500	8248500	8732200
463	7568600	8200900	8248600	8731700
464	7568400	8200200	8248000	8732000
465	7568900	8200800	8249600	8732600
466	7568200	8198800	8248400	8731500
467	7569000	8201100	8249800	8732500
468	7567800	8198500	8247600	8731400
469	7568100	8200100	8249000	8730300
470	7568000	8199500	8247300	8731500
471	7567500	8199500	8247700	8731600
472	7568700	8200600	8249100	8732600
473	7568600	8200700	8249600	8732300
474	7568000	8198300	8248000	8731300
475	7568400	8200400	8249100	8732100
476	7568800	8200900	8249700	8732600
477	7568500	8199600	8248600	8731500
478	7568600	8200200	8248200	8732000
479	7569200	8201000	8248400	8732500
480	7568700	8200900	8249600	8732300
481	7568400	8199600	8248600	8731800
482	7568700	8200400	8248100	8732200
483	7569200	8201500	8248600	8732000
484	7568300	8200500	8247600	8731700
485	7568600	8200700	8249100	8731400
486	7568700	8200800	8249500	8732500
487	7569500	8200500	8250000	8732700
488	7569300	8200300	8254200	8732700
489	7569100	8200500	8249200	8732400
490	7569100	8201200	8249900	8732300
491	7568800	8200200	8249400	8732100
492	7568800	8199700	8248300	8732200
493	7568900	8200700	8249200	8732300
494	7569000	8201100	8249900	8732000
495	7568900	8199800	8249400	8732300
496	7568800	8199800	8248500	8732300
497	7568500	8200700	8248700	8732300
498	7568500	8200600	8249200	8732100
499	7568500	8200700	8249400	8732100

============================================================
# BITSTREAM: 1ms_3etapas.bit
# VENTANA: 1ms
# ETAPAS_PRINCIPAL: 3
# NUM_MUESTRAS: 500
# FORMATO: idx	freq1_hz	freq2_hz	freq3_hz	freq4_hz
============================================================
idx	freq1_hz	freq2_hz	freq3_hz	freq4_hz
0	36340000	36340000	36340000	36339000
1	36338000	36338000	36338000	36338000
2	36345000	36345000	36345000	36345000
3	36344000	36344000	36344000	36343000
4	36343000	36343000	36343000	36342000
5	36342000	36343000	36343000	36343000
6	36337000	36337000	36337000	36345000
7	36340000	36340000	36340000	36340000
8	36338000	36337000	36337000	36338000
9	36340000	36340000	36340000	36340000
10	36336000	36335000	36335000	36335000
11	36337000	36336000	36336000	36337000
12	36339000	36339000	36339000	36339000
13	36344000	36344000	36344000	36344000
14	36339000	36339000	36339000	36339000
15	36342000	36343000	36343000	36343000
16	36338000	36338000	36338000	36338000
17	36342000	36342000	36342000	36342000
18	36341000	36342000	36342000	36342000
19	36338000	36337000	36337000	36337000
20	36343000	36343000	36343000	36343000
21	36341000	36341000	36341000	36341000
22	36337000	36338000	36338000	36338000
23	36344000	36343000	36343000	36343000
24	36341000	36341000	36341000	36341000
25	36338000	36338000	36338000	36338000
26	36339000	36339000	36339000	36339000
27	36342000	36342000	36343000	36343000
28	36338000	36338000	36338000	36338000
29	36339000	36339000	36339000	36340000
30	36337000	36337000	36337000	36338000
31	36334000	36334000	36335000	36335000
32	36340000	36340000	36340000	36341000
33	36343000	36343000	36343000	36343000
34	36337000	36337000	36337000	36337000
35	36343000	36343000	36343000	36343000
36	36338000	36338000	36336000	36338000
37	36340000	36339000	36339000	36339000
38	36340000	36340000	36340000	36340000
39	36336000	36337000	36336000	36336000
40	36339000	36339000	36339000	36339000
41	36343000	36343000	36343000	36343000
42	36340000	36340000	36340000	36340000
43	36343000	36343000	36343000	36343000
44	36337000	36337000	36337000	36337000
45	36340000	36340000	36340000	36340000
46	36343000	36343000	36343000	36343000
47	36343000	36343000	36343000	36343000
48	36339000	36339000	36339000	36339000
49	36335000	36335000	36335000	36335000
50	36337000	36337000	36337000	36337000
51	36336000	36335000	36351000	36335000
52	36337000	36337000	36337000	36337000
53	36336000	36336000	36336000	36336000
54	36336000	36337000	36337000	36337000
55	36336000	36337000	36337000	36337000
56	36338000	36338000	36338000	36338000
57	36337000	36337000	36337000	36337000
58	36335000	36335000	36335000	36335000
59	36344000	36344000	36344000	36344000
60	36339000	36338000	36338000	36338000
61	36343000	36343000	36343000	36343000
62	36337000	36338000	36338000	36338000
63	36341000	36341000	36341000	36341000
64	36341000	36340000	36340000	36340000
65	36340000	36339000	36339000	36340000
66	36340000	36340000	36340000	36341000
67	36344000	36344000	36344000	36344000
68	36340000	36340000	36340000	36340000
69	36346000	36346000	36346000	36346000
70	36344000	36344000	36344000	36345000
71	36344000	36345000	36345000	36345000
72	36338000	36338000	36338000	36338000
73	36336000	36336000	36336000	36336000
74	36342000	36341000	36341000	36349000
75	36343000	36342000	36342000	36343000
76	36344000	36344000	36344000	36344000
77	36350000	36349000	36349000	36350000
78	36343000	36343000	36343000	36343000
79	36345000	36344000	36344000	36344000
80	36351000	36350000	36350000	36351000
81	36348000	36348000	36348000	36348000
82	36347000	36347000	36347000	36347000
83	36346000	36346000	36346000	36346000
84	36342000	36343000	36343000	36343000
85	36341000	36341000	36341000	36341000
86	36343000	36342000	36342000	36342000
87	36346000	36345000	36345000	36345000
88	36345000	36345000	36345000	36345000
89	36341000	36342000	36342000	36342000
90	36345000	36345000	36345000	36345000
91	36346000	36346000	36347000	36347000
92	36345000	36345000	36345000	36345000
93	36348000	36348000	36348000	36348000
94	36349000	36349000	36349000	36349000
95	36347000	36347000	36347000	36347000
96	36347000	36347000	36347000	36347000
97	36349000	36349000	36349000	36348000
98	36350000	36351000	36351000	36351000
99	36350000	36350000	36350000	36350000
100	36344000	36345000	36345000	36345000
101	36343000	36344000	36344000	36344000
102	36346000	36345000	36345000	36345000
103	36344000	36343000	36343000	36344000
104	36345000	36345000	36345000	36345000
105	36341000	36340000	36340000	36340000
106	36346000	36346000	36346000	36346000
107	36346000	36346000	36346000	36346000
108	36342000	36342000	36342000	36342000
109	36349000	36349000	36349000	36349000
110	36346000	36346000	36346000	36346000
111	36344000	36344000	36344000	36344000
112	36343000	36343000	36343000	36343000
113	36342000	36342000	36342000	36342000
114	36342000	36341000	36341000	36341000
115	36344000	36344000	36344000	36344000
116	36341000	36341000	36341000	36341000
117	36342000	36343000	36343000	36342000
118	36348000	36349000	36349000	36349000
119	36351000	36351000	36351000	36351000
120	36345000	36345000	36345000	36345000
121	36346000	36346000	36346000	36346000
122	36346000	36346000	36346000	36346000
123	36341000	36341000	36341000	36341000
124	36340000	36339000	36339000	36339000
125	36345000	36345000	36345000	36345000
126	36344000	36343000	36343000	36343000
127	36344000	36344000	36344000	36344000
128	36343000	36343000	36343000	36343000
129	36343000	36343000	36343000	36342000
130	36340000	36340000	36339000	36339000
131	36345000	36345000	36345000	36345000
132	36343000	36343000	36343000	36342000
133	36346000	36346000	36346000	36346000
134	36341000	36341000	36341000	36341000
135	36344000	36344000	36344000	36344000
136	36344000	36344000	36344000	36344000
137	36341000	36341000	36341000	36341000
138	36342000	36343000	36343000	36343000
139	36342000	36342000	36342000	36342000
140	36344000	36344000	36344000	36344000
141	36342000	36342000	36342000	36342000
142	36347000	36347000	36347000	36347000
143	36344000	36344000	36344000	36344000
144	36352000	36351000	36351000	36351000
145	36344000	36344000	36344000	36344000
146	36350000	36350000	36350000	36350000
147	36344000	36345000	36345000	36345000
148	36345000	36345000	36345000	36345000
149	36343000	36343000	36343000	36343000
150	36337000	36337000	36337000	36337000
151	36346000	36346000	36346000	36346000
152	36345000	36344000	36344000	36344000
153	36342000	36342000	36342000	36343000
154	36338000	36338000	36338000	36338000
155	36340000	36340000	36340000	36340000
156	36342000	36342000	36342000	36343000
157	36348000	36348000	36348000	36348000
158	36349000	36349000	36349000	36348000
159	36350000	36350000	36350000	36350000
160	36349000	36348000	36348000	36348000
161	36346000	36346000	36346000	36346000
162	36341000	36340000	36340000	36340000
163	36342000	36341000	36341000	36341000
164	36342000	36343000	36343000	36343000
165	36348000	36348000	36348000	36348000
166	36346000	36346000	36346000	36346000
167	36345000	36346000	36346000	36346000
168	36346000	36346000	36346000	36346000
169	36341000	36341000	36341000	36342000
170	36341000	36341000	36341000	36341000
171	36341000	36341000	36341000	36341000
172	36341000	36341000	36341000	36341000
173	36344000	36344000	36344000	36343000
174	36345000	36345000	36345000	36345000
175	36342000	36342000	36342000	36342000
176	36346000	36345000	36345000	36346000
177	36348000	36348000	36348000	36347000
178	36344000	36344000	36344000	36344000
179	36342000	36342000	36342000	36341000
180	36346000	36346000	36346000	36346000
181	36342000	36342000	36342000	36342000
182	36349000	36349000	36349000	36350000
183	36344000	36344000	36344000	36344000
184	36347000	36346000	36346000	36346000
185	36349000	36349000	36349000	36349000
186	36348000	36347000	36347000	36347000
187	36348000	36347000	36347000	36347000
188	36345000	36345000	36345000	36345000
189	36346000	36346000	36346000	36345000
190	36339000	36339000	36338000	36338000
191	36345000	36345000	36345000	36345000
192	36347000	36347000	36347000	36347000
193	36344000	36343000	36343000	36344000
194	36345000	36345000	36345000	36345000
195	36348000	36348000	36348000	36348000
196	36345000	36345000	36345000	36345000
197	36346000	36347000	36347000	36347000
198	36340000	36340000	36340000	36340000
199	36348000	36348000	36348000	36348000
200	36352000	36352000	36352000	36352000
201	36352000	36353000	36353000	36353000
202	36347000	36347000	36347000	36347000
203	36346000	36346000	36346000	36346000
204	36351000	36351000	36351000	36352000
205	36347000	36347000	36347000	36347000
206	36349000	36349000	36349000	36349000
207	36342000	36342000	36342000	36341000
208	36344000	36344000	36344000	36344000
209	36344000	36344000	36344000	36344000
210	36343000	36343000	36343000	36343000
211	36342000	36342000	36342000	36343000
212	36346000	36346000	36346000	36346000
213	36348000	36348000	36348000	36348000
214	36347000	36347000	36347000	36347000
215	36345000	36345000	36345000	36345000
216	36342000	36342000	36342000	36342000
217	36348000	36348000	36348000	36348000
218	36340000	36341000	36341000	36341000
219	36345000	36345000	36345000	36345000
220	36342000	36342000	36342000	36342000
221	36346000	36346000	36346000	36346000
222	36343000	36343000	36343000	36343000
223	36345000	36345000	36345000	36345000
224	36348000	36347000	36347000	36347000
225	36346000	36346000	36346000	36346000
226	36346000	36346000	36346000	36346000
227	36340000	36340000	36340000	36340000
228	36339000	36338000	36338000	36338000
229	36340000	36340000	36340000	36340000
230	36345000	36346000	36346000	36346000
231	36346000	36346000	36346000	36345000
232	36346000	36346000	36346000	36346000
233	36344000	36344000	36344000	36344000
234	36345000	36345000	36345000	36345000
235	36345000	36345000	36345000	36345000
236	36343000	36343000	36343000	36342000
237	36339000	36339000	36339000	36339000
238	36343000	36343000	36343000	36343000
239	36343000	36343000	36343000	36343000
240	36346000	36346000	36346000	36346000
241	36350000	36350000	36350000	36350000
242	36345000	36345000	36345000	36345000
243	36347000	36347000	36347000	36345000
244	36347000	36347000	36347000	36347000
245	36348000	36348000	36348000	36348000
246	36348000	36347000	36347000	36348000
247	36350000	36350000	36350000	36351000
248	36349000	36349000	36349000	36349000
249	36344000	36344000	36344000	36344000
250	36347000	36347000	36347000	36347000
251	36347000	36348000	36348000	36350000
252	36348000	36348000	36348000	36348000
253	36350000	36350000	36350000	36350000
254	36348000	36349000	36349000	36349000
255	36345000	36345000	36345000	36345000
256	36349000	36349000	36349000	36349000
257	36341000	36341000	36341000	36341000
258	36344000	36344000	36344000	36344000
259	36350000	36349000	36349000	36349000
260	36351000	36351000	36351000	36352000
261	36346000	36346000	36346000	36346000
262	36343000	36343000	36343000	36343000
263	36342000	36343000	36343000	36342000
264	36344000	36344000	36344000	36344000
265	36345000	36345000	36345000	36345000
266	36348000	36348000	36348000	36348000
267	36345000	36345000	36345000	36345000
268	36345000	36345000	36345000	36344000
269	36346000	36347000	36347000	36347000
270	36345000	36346000	36346000	36346000
271	36348000	36348000	36348000	36348000
272	36341000	36341000	36341000	36342000
273	36346000	36346000	36346000	36345000
274	36352000	36352000	36352000	36351000
275	36351000	36351000	36351000	36351000
276	36345000	36344000	36344000	36344000
277	36349000	36348000	36348000	36348000
278	36346000	36346000	36346000	36346000
279	36346000	36346000	36346000	36346000
280	36339000	36339000	36339000	36339000
281	36341000	36341000	36341000	36341000
282	36345000	36345000	36345000	36345000
283	36350000	36350000	36350000	36350000
284	36353000	36354000	36354000	36354000
285	36345000	36344000	36343000	36344000
286	36345000	36345000	36345000	36345000
287	36347000	36347000	36347000	36347000
288	36342000	36342000	36342000	36342000
289	36345000	36345000	36345000	36346000
290	36347000	36347000	36347000	36347000
291	36343000	36343000	36343000	36343000
292	36346000	36346000	36346000	36345000
293	36343000	36343000	36343000	36343000
294	36346000	36346000	36346000	36346000
295	36346000	36346000	36346000	36346000
296	36341000	36341000	36341000	36341000
297	36344000	36344000	36344000	36344000
298	36341000	36342000	36342000	36342000
299	36339000	36338000	36338000	36338000
300	36338000	36338000	36338000	36339000
301	36344000	36344000	36344000	36346000
302	36346000	36346000	36346000	36347000
303	36350000	36350000	36350000	36350000
304	36349000	36348000	36348000	36348000
305	36341000	36341000	36341000	36342000
306	36336000	36336000	36336000	36336000
307	36339000	36339000	36339000	36340000
308	36341000	36341000	36341000	36341000
309	36341000	36341000	36341000	36341000
310	36343000	36343000	36343000	36343000
311	36343000	36342000	36342000	36342000
312	36351000	36351000	36351000	36350000
313	36352000	36352000	36352000	36352000
314	36345000	36345000	36345000	36344000
315	36351000	36351000	36351000	36351000
316	36348000	36348000	36348000	36348000
317	36346000	36346000	36346000	36346000
318	36348000	36348000	36348000	36348000
319	36345000	36345000	36345000	36344000
320	36342000	36342000	36342000	36342000
321	36343000	36343000	36343000	36343000
322	36350000	36350000	36350000	36349000
323	36350000	36350000	36350000	36349000
324	36344000	36344000	36344000	36344000
325	36341000	36341000	36341000	36341000
326	36342000	36342000	36342000	36343000
327	36344000	36344000	36344000	36343000
328	36343000	36343000	36343000	36343000
329	36345000	36345000	36345000	36344000
330	36347000	36348000	36348000	36348000
331	36344000	36345000	36345000	36344000
332	36347000	36347000	36347000	36347000
333	36350000	36350000	36350000	36350000
334	36343000	36343000	36343000	36343000
335	36346000	36346000	36346000	36347000
336	36339000	36339000	36339000	36339000
337	36339000	36339000	36339000	36339000
338	36343000	36344000	36344000	36344000
339	36339000	36339000	36339000	36339000
340	36337000	36337000	36337000	36337000
341	36339000	36340000	36340000	36340000
342	36339000	36339000	36339000	36339000
343	36344000	36344000	36344000	36343000
344	36345000	36345000	36345000	36345000
345	36349000	36349000	36349000	36350000
346	36348000	36348000	36348000	36348000
347	36342000	36341000	36341000	36341000
348	36350000	36349000	36349000	36349000
349	36350000	36350000	36350000	36350000
350	36352000	36352000	36352000	36352000
351	36347000	36348000	36348000	36348000
352	36347000	36347000	36347000	36346000
353	36347000	36347000	36346000	36346000
354	36340000	36340000	36340000	36340000
355	36346000	36346000	36346000	36345000
356	36343000	36343000	36343000	36343000
357	36345000	36345000	36345000	36345000
358	36344000	36344000	36344000	36344000
359	36338000	36338000	36338000	36338000
360	36341000	36341000	36341000	36341000
361	36346000	36346000	36346000	36346000
362	36345000	36346000	36345000	36345000
363	36344000	36344000	36344000	36344000
364	36341000	36341000	36341000	36342000
365	36346000	36346000	36346000	36346000
366	36342000	36343000	36343000	36343000
367	36339000	36338000	36338000	36338000
368	36339000	36339000	36339000	36339000
369	36344000	36344000	36344000	36345000
370	36343000	36343000	36343000	36343000
371	36339000	36339000	36339000	36339000
372	36343000	36343000	36343000	36343000
373	36346000	36346000	36346000	36346000
374	36343000	36343000	36343000	36343000
375	36340000	36340000	36340000	36340000
376	36343000	36343000	36343000	36343000
377	36341000	36341000	36341000	36341000
378	36344000	36344000	36344000	36344000
379	36344000	36344000	36344000	36344000
380	36343000	36343000	36343000	36343000
381	36350000	36349000	36350000	36349000
382	36345000	36345000	36345000	36346000
383	36350000	36349000	36349000	36349000
384	36343000	36344000	36344000	36344000
385	36346000	36345000	36345000	36345000
386	36348000	36348000	36348000	36348000
387	36351000	36351000	36351000	36351000
388	36347000	36347000	36347000	36347000
389	36351000	36351000	36351000	36351000
390	36350000	36350000	36350000	36350000
391	36350000	36350000	36350000	36350000
392	36343000	36343000	36343000	36343000
393	36343000	36343000	36343000	36343000
394	36350000	36350000	36350000	36349000
395	36342000	36342000	36342000	36342000
396	36349000	36349000	36349000	36349000
397	36346000	36345000	36345000	36345000
398	36346000	36346000	36347000	36346000
399	36348000	36348000	36348000	36349000
400	36348000	36349000	36349000	36349000
401	36355000	36355000	36355000	36355000
402	36352000	36352000	36352000	36353000
403	36356000	36356000	36356000	36356000
404	36350000	36350000	36350000	36351000
405	36347000	36346000	36346000	36346000
406	36345000	36345000	36345000	36345000
407	36347000	36347000	36347000	36347000
408	36345000	36344000	36344000	36344000
409	36348000	36348000	36348000	36348000
410	36349000	36349000	36349000	36349000
411	36347000	36348000	36348000	36348000
412	36344000	36344000	36344000	36345000
413	36341000	36341000	36341000	36341000
414	36346000	36347000	36347000	36347000
415	36345000	36345000	36345000	36345000
416	36345000	36345000	36345000	36345000
417	36343000	36343000	36343000	36343000
418	36345000	36345000	36345000	36344000
419	36345000	36345000	36345000	36345000
420	36342000	36343000	36343000	36343000
421	36346000	36346000	36346000	36347000
422	36346000	36346000	36346000	36346000
423	36348000	36348000	36348000	36349000
424	36346000	36346000	36346000	36346000
425	36346000	36346000	36346000	36346000
426	36339000	36339000	36339000	36339000
427	36349000	36349000	36349000	36349000
428	36350000	36350000	36350000	36350000
429	36350000	36349000	36349000	36349000
430	36343000	36343000	36343000	36342000
431	36343000	36344000	36344000	36344000
432	36346000	36347000	36347000	36347000
433	36347000	36347000	36347000	36347000
434	36349000	36349000	36349000	36349000
435	36348000	36349000	36349000	36349000
436	36346000	36346000	36346000	36346000
437	36344000	36344000	36344000	36344000
438	36342000	36342000	36342000	36341000
439	36346000	36346000	36346000	36345000
440	36342000	36342000	36342000	36343000
441	36345000	36345000	36345000	36346000
442	36339000	36339000	36339000	36339000
443	36346000	36346000	36346000	36346000
444	36343000	36343000	36343000	36343000
445	36344000	36344000	36344000	36345000
446	36344000	36344000	36344000	36344000
447	36348000	36348000	36348000	36348000
448	36349000	36349000	36349000	36349000
449	36348000	36348000	36348000	36348000
450	36348000	36349000	36349000	36348000
451	36347000	36347000	36348000	36347000
452	36348000	36348000	36348000	36348000
453	36346000	36346000	36346000	36346000
454	36352000	36353000	36353000	36353000
455	36351000	36351000	36351000	36351000
456	36345000	36345000	36345000	36345000
457	36344000	36344000	36344000	36344000
458	36351000	36351000	36351000	36351000
459	36344000	36344000	36344000	36343000
460	36344000	36345000	36345000	36345000
461	36346000	36346000	36346000	36346000
462	36348000	36348000	36349000	36349000
463	36345000	36345000	36345000	36345000
464	36344000	36344000	36344000	36344000
465	36340000	36340000	36340000	36340000
466	36344000	36345000	36345000	36345000
467	36341000	36340000	36340000	36340000
468	36346000	36346000	36346000	36346000
469	36347000	36347000	36347000	36347000
470	36342000	36342000	36342000	36342000
471	36345000	36345000	36345000	36345000
472	36343000	36343000	36343000	36343000
473	36340000	36340000	36340000	36340000
474	36342000	36341000	36341000	36341000
475	36341000	36341000	36341000	36341000
476	36342000	36342000	36342000	36348000
477	36344000	36343000	36343000	36344000
478	36343000	36344000	36344000	36343000
479	36337000	36337000	36337000	36337000
480	36345000	36345000	36345000	36345000
481	36342000	36342000	36342000	36342000
482	36340000	36340000	36340000	36340000
483	36343000	36344000	36344000	36343000
484	36340000	36339000	36339000	36340000
485	36341000	36341000	36341000	36341000
486	36342000	36342000	36342000	36342000
487	36342000	36342000	36342000	36342000
488	36342000	36342000	36342000	36342000
489	36340000	36341000	36341000	36341000
490	36343000	36343000	36343000	36343000
491	36346000	36346000	36346000	36346000
492	36345000	36345000	36345000	36345000
493	36340000	36340000	36340000	36340000
494	36342000	36343000	36343000	36343000
495	36343000	36343000	36343000	36343000
496	36346000	36345000	36345000	36345000
497	36342000	36343000	36343000	36343000
498	36340000	36340000	36340000	36340000
499	36337000	36337000	36337000	36337000

============================================================
# BITSTREAM: 1ms_5etapas.bit
# VENTANA: 1ms
# ETAPAS_PRINCIPAL: 5
# NUM_MUESTRAS: 500
# FORMATO: idx	freq1_hz	freq2_hz	freq3_hz	freq4_hz
============================================================
idx	freq1_hz	freq2_hz	freq3_hz	freq4_hz
0	34819000	34819000	34819000	34820000
1	34817000	34817000	34817000	34817000
2	34812000	34812000	34812000	34812000
3	34818000	34818000	34818000	34818000
4	34821000	34821000	34821000	34821000
5	34821000	34821000	34821000	34821000
6	34820000	34820000	34820000	34820000
7	34817000	34817000	34817000	34817000
8	34824000	34824000	34825000	34825000
9	34822000	34822000	34822000	34822000
10	34825000	34825000	34825000	34825000
11	34822000	34823000	34822000	34822000
12	34823000	34823000	34823000	34823000
13	34819000	34819000	34819000	34819000
14	34816000	34816000	34816000	34816000
15	34818000	34818000	34818000	34818000
16	34818000	34818000	34818000	34818000
17	34820000	34820000	34820000	34820000
18	34819000	34819000	34819000	34819000
19	34818000	34818000	34818000	34817000
20	34824000	34824000	34824000	34824000
21	34823000	34823000	34823000	34823000
22	34820000	34820000	34820000	34820000
23	34816000	34816000	34816000	34816000
24	34820000	34820000	34820000	34820000
25	34820000	34820000	34820000	34820000
26	34823000	34823000	34823000	34823000
27	34821000	34821000	34821000	34821000
28	34822000	34822000	34822000	34822000
29	34825000	34825000	34825000	34825000
30	34824000	34824000	34824000	34824000
31	34818000	34818000	34818000	34818000
32	34817000	34817000	34817000	34817000
33	34821000	34821000	34821000	34820000
34	34817000	34817000	34817000	34817000
35	34813000	34813000	34813000	34813000
36	34817000	34817000	34817000	34817000
37	34819000	34819000	34819000	34819000
38	34813000	34813000	34813000	34813000
39	34810000	34810000	34810000	34810000
40	34820000	34820000	34820000	34820000
41	34815000	34815000	34815000	34814000
42	34817000	34817000	34818000	34818000
43	34815000	34815000	34815000	34815000
44	34819000	34819000	34819000	34819000
45	34819000	34819000	34819000	34819000
46	34818000	34818000	34818000	34818000
47	34818000	34818000	34818000	34818000
48	34820000	34820000	34820000	34820000
49	34818000	34819000	34818000	34818000
50	34818000	34818000	34818000	34818000
51	34816000	34816000	34816000	34816000
52	34815000	34815000	34815000	34815000
53	34148000	34812000	34812000	34812000
54	34815000	34815000	34815000	34815000
55	34824000	34824000	34824000	34824000
56	34822000	34822000	34822000	34822000
57	34821000	34821000	34821000	34821000
58	34817000	34817000	34817000	34816000
59	34821000	34821000	34821000	34821000
60	34826000	34826000	34826000	34826000
61	34821000	34821000	34821000	34821000
62	34823000	34824000	34823000	34823000
63	34821000	34821000	34821000	34821000
64	34821000	34821000	34821000	34821000
65	34821000	34821000	34821000	34821000
66	34819000	34819000	34819000	34819000
67	34822000	34822000	34822000	34822000
68	34822000	34822000	34822000	34822000
69	34823000	34822000	34823000	34823000
70	34821000	34822000	34821000	34821000
71	34823000	34823000	34823000	34823000
72	34819000	34819000	34819000	34818000
73	34818000	34818000	34818000	34818000
74	34822000	34822000	34822000	34822000
75	34822000	34822000	34822000	34822000
76	34820000	34820000	34820000	34820000
77	34819000	34819000	34819000	34819000
78	34824000	34824000	34824000	34824000
79	34822000	34822000	34822000	34822000
80	34822000	34822000	34822000	34822000
81	34819000	34819000	34819000	34819000
82	34824000	34824000	34824000	34824000
83	34821000	34821000	34821000	34821000
84	34819000	34819000	34819000	34819000
85	34821000	34821000	34821000	34821000
86	34819000	34819000	34819000	34819000
87	34814000	34814000	34814000	34814000
88	34816000	34816000	34816000	34816000
89	34818000	34817000	34818000	34818000
90	34815000	34815000	34815000	34815000
91	34816000	34817000	34816000	34816000
92	34818000	34818000	34818000	34818000
93	34823000	34823000	34823000	34823000
94	34823000	34823000	34823000	34823000
95	34821000	34821000	34821000	34821000
96	34820000	34820000	34820000	34820000
97	34825000	34824000	34825000	34825000
98	34829000	34829000	34829000	34829000
99	34830000	34830000	34830000	34831000
100	34824000	34824000	34824000	34824000
101	34825000	34825000	34825000	34825000
102	34821000	34821000	34821000	34821000
103	34820000	34820000	34820000	34820000
104	34819000	34819000	34819000	34819000
105	34823000	34822000	34823000	34823000
106	34826000	34827000	34826000	34826000
107	34825000	34825000	34825000	34825000
108	34825000	34825000	34825000	34825000
109	34819000	34819000	34819000	34819000
110	34822000	34822000	34822000	34822000
111	34817000	34817000	34817000	34818000
112	34818000	34818000	34818000	34818000
113	34822000	34822000	34822000	34822000
114	34822000	34822000	34822000	34822000
115	34824000	34824000	34824000	34824000
116	34824000	34824000	34824000	34824000
117	34822000	34822000	34822000	34822000
118	34817000	34817000	34817000	34817000
119	34818000	34818000	34818000	34818000
120	34817000	34817000	34817000	34817000
121	34822000	34822000	34822000	34822000
122	34817000	34816000	34817000	34817000
123	34814000	34814000	34814000	34814000
124	34816000	34816000	34816000	34816000
125	34818000	34818000	34818000	34817000
126	34814000	34814000	34814000	34815000
127	34816000	34816000	34816000	34816000
128	34816000	34816000	34816000	34816000
129	34817000	34817000	34817000	34817000
130	34819000	34820000	34819000	34819000
131	34822000	34822000	34822000	34822000
132	34817000	34817000	34817000	34817000
133	34815000	34815000	34815000	34815000
134	34815000	34815000	34815000	34816000
135	34814000	34814000	34814000	34813000
136	34809000	34810000	34809000	34809000
137	34812000	34812000	34813000	34813000
138	34814000	34814000	34814000	34814000
139	34814000	34814000	34814000	34814000
140	34818000	34818000	34818000	34819000
141	34814000	34814000	34814000	34814000
142	34813000	34813000	34813000	34813000
143	34819000	34819000	34819000	34819000
144	34817000	34817000	34817000	34817000
145	34815000	34815000	34815000	34816000
146	34816000	34816000	34816000	34816000
147	34817000	34817000	34817000	34817000
148	34817000	34817000	34817000	34817000
149	34817000	34818000	34817000	34817000
150	34816000	34816000	34816000	34816000
151	34813000	34813000	34813000	34813000
152	34819000	34819000	34819000	34819000
153	34819000	34819000	34819000	34819000
154	34821000	34821000	34821000	34821000
155	34817000	34817000	34817000	34817000
156	34824000	34824000	34824000	34824000
157	34823000	34823000	34823000	34823000
158	34822000	34823000	34822000	34822000
159	34824000	34824000	34824000	34824000
160	34822000	34822000	34822000	34822000
161	34820000	34820000	34820000	34820000
162	34821000	34821000	34821000	34821000
163	34818000	34818000	34818000	34819000
164	34822000	34822000	34822000	34822000
165	34817000	34817000	34817000	34817000
166	34814000	34814000	34814000	34814000
167	34812000	34812000	34811000	34811000
168	34815000	34815000	34815000	34815000
169	34814000	34814000	34814000	34814000
170	34815000	34815000	34751000	34815000
171	34816000	34816000	34816000	34816000
172	34814000	34813000	34814000	34814000
173	34817000	34817000	34817000	34817000
174	34816000	34816000	34816000	34815000
175	35739000	34819000	34819000	34819000
176	34815000	34815000	34751000	34816000
177	34816000	34816000	34816000	34816000
178	34814000	34814000	34814000	34814000
179	34814000	34814000	34814000	34814000
180	34815000	34814000	34815000	34815000
181	34671000	34815000	34815000	34816000
182	34815000	34815000	34815000	34815000
183	34813000	34813000	34813000	34813000
184	34813000	34813000	34813000	34812000
185	34818000	34818000	34818000	34818000
186	34815000	34815000	34815000	34815000
187	34812000	34812000	34812000	34812000
188	34814000	34814000	34814000	34814000
189	34818000	34817000	34818000	34818000
190	34816000	34817000	34816000	34816000
191	34817000	34818000	34817000	34817000
192	34820000	34819000	34820000	34820000
193	34817000	34817000	34818000	34818000
194	34822000	34822000	34822000	34822000
195	34814000	34814000	34814000	34814000
196	34816000	34817000	34816000	34816000
197	34818000	34818000	34817000	34817000
198	34816000	34816000	34816000	34816000
199	34816000	34816000	34816000	34816000
200	34819000	34820000	34819000	34819000
201	34814000	34815000	34814000	34814000
202	34820000	34821000	34820000	34820000
203	34820000	34820000	34820000	34820000
204	34821000	34821000	34821000	34821000
205	34823000	34824000	34823000	34823000
206	34823000	34823000	34823000	34823000
207	34821000	34821000	34821000	34822000
208	34819000	34819000	34819000	34819000
209	34820000	34820000	34820000	34821000
210	34822000	34822000	34822000	34822000
211	34819000	34819000	34819000	34819000
212	34820000	34820000	34820000	34820000
213	34815000	34815000	34815000	34815000
214	34822000	34822000	34822000	34822000
215	34820000	34820000	34820000	34820000
216	34816000	34816000	34816000	34816000
217	34814000	34814000	34814000	34814000
218	34816000	34816000	34816000	34817000
219	34815000	34815000	34815000	34815000
220	34819000	34819000	34819000	34819000
221	34817000	34817000	34817000	34817000
222	34817000	34817000	34817000	34817000
223	34822000	34822000	34822000	34823000
224	34817000	34817000	34817000	34817000
225	34819000	34819000	34819000	34819000
226	34818000	34818000	34818000	34818000
227	34817000	34818000	34817000	34817000
228	34819000	34819000	34819000	34819000
229	34819000	34819000	34819000	34818000
230	34822000	34822000	34822000	34822000
231	34817000	34818000	34817000	34817000
232	34821000	34822000	34821000	34821000
233	34812000	34813000	34812000	34812000
234	34818000	34818000	34818000	34818000
235	34813000	34813000	34813000	34813000
236	34819000	34819000	34819000	34819000
237	34821000	34821000	34821000	34821000
238	34817000	34817000	34817000	34817000
239	34822000	34823000	34822000	34822000
240	34815000	34815000	34815000	34815000
241	34816000	34816000	34816000	34816000
242	34820000	34820000	34820000	34820000
243	34816000	34816000	34816000	34817000
244	34816000	34816000	34816000	34816000
245	34812000	34811000	34812000	34812000
246	34815000	34815000	34815000	34815000
247	34816000	34816000	34816000	34816000
248	34820000	34820000	34820000	34820000
249	34820000	34820000	34820000	34820000
250	34819000	34819000	34818000	34818000
251	34822000	34822000	34822000	34822000
252	34822000	34822000	34822000	34822000
253	34818000	34818000	34818000	34818000
254	34811000	34811000	34811000	34811000
255	34815000	34815000	34815000	34816000
256	34821000	34821000	34821000	34821000
257	34818000	34818000	34818000	34818000
258	34818000	34818000	34818000	34818000
259	34815000	34814000	34815000	34815000
260	34815000	34815000	34815000	34815000
261	34661000	34813000	34813000	34813000
262	34814000	34814000	34814000	34814000
263	34813000	34813000	34813000	34813000
264	34818000	34817000	34818000	34818000
265	34819000	34819000	34819000	34819000
266	34816000	34816000	34816000	34816000
267	34818000	34818000	34818000	34818000
268	34821000	34821000	34821000	34821000
269	34816000	34816000	34816000	34816000
270	34814000	34814000	34814000	34814000
271	34819000	34819000	34819000	34819000
272	34815000	34815000	34815000	34815000
273	34816000	34816000	34816000	34816000
274	34816000	34816000	34815000	34815000
275	34812000	34812000	34812000	34812000
276	34811000	34811000	34811000	34811000
277	34817000	34817000	34817000	34817000
278	34820000	34820000	34820000	34820000
279	34816000	34816000	34816000	34816000
280	34816000	34816000	34816000	34817000
281	34814000	34814000	34814000	34814000
282	34816000	34816000	34816000	34816000
283	34817000	34817000	34817000	34817000
284	34818000	34818000	34818000	34818000
285	34819000	34819000	34819000	34819000
286	34824000	34824000	34824000	34824000
287	34824000	34824000	34824000	34824000
288	34825000	34825000	34825000	34825000
289	34825000	34825000	34825000	34825000
290	34826000	34826000	34826000	34826000
291	34819000	34819000	34819000	34819000
292	34818000	34818000	34818000	34818000
293	34819000	34819000	34819000	34819000
294	34821000	34821000	34821000	34821000
295	34819000	34819000	34819000	34819000
296	34821000	34821000	34821000	34821000
297	34826000	34826000	34826000	34826000
298	34820000	34820000	34820000	34820000
299	34815000	34815000	34815000	34815000
300	34818000	34818000	34818000	34818000
301	34822000	34822000	34822000	34822000
302	34815000	34815000	34815000	34815000
303	34816000	34816000	34816000	34816000
304	34819000	34819000	34819000	34818000
305	34818000	34818000	34818000	34818000
306	34817000	34817000	34817000	34817000
307	34819000	34820000	34819000	34819000
308	34826000	34827000	34826000	34826000
309	34827000	34827000	34827000	34827000
310	34819000	34819000	34819000	34818000
311	34820000	34820000	34820000	34820000
312	34827000	34827000	34827000	34827000
313	34828000	34827000	34828000	34827000
314	34822000	34822000	34822000	34822000
315	34814000	34814000	34814000	34815000
316	34820000	34820000	34820000	34820000
317	34821000	34821000	34821000	34822000
318	34820000	34820000	34820000	34820000
319	34820000	34820000	34820000	34820000
320	34817000	34817000	34817000	34818000
321	34819000	34819000	34819000	34819000
322	34818000	34818000	34818000	34818000
323	34816000	34816000	34816000	34816000
324	34821000	34821000	34821000	34821000
325	34820000	34820000	34820000	34821000
326	34819000	34819000	34819000	34820000
327	34816000	34815000	34816000	34816000
328	34818000	34818000	34818000	34817000
329	34817000	34817000	34817000	34818000
330	34814000	34813000	34814000	34814000
331	34820000	34820000	34820000	34820000
332	34816000	34816000	34816000	34816000
333	34817000	34817000	34817000	34817000
334	34818000	34819000	34818000	34818000
335	34818000	34818000	34818000	34818000
336	34820000	34820000	34820000	34820000
337	34825000	34825000	34825000	34824000
338	34819000	34819000	34819000	34818000
339	34820000	34820000	34820000	34820000
340	34826000	34826000	34826000	34826000
341	34819000	34819000	34819000	34818000
342	34818000	34818000	34818000	34818000
343	34818000	34818000	34818000	34818000
344	34821000	34821000	34821000	34821000
345	34822000	34822000	34822000	34822000
346	34825000	34825000	34825000	34825000
347	34824000	34825000	34824000	34824000
348	34825000	34825000	34825000	34824000
349	34818000	34818000	34818000	34818000
350	34817000	34817000	34817000	34817000
351	34815000	34815000	34815000	34815000
352	34819000	34819000	34819000	34819000
353	34815000	34815000	34815000	34815000
354	34815000	34815000	34815000	34815000
355	34818000	34818000	34818000	34818000
356	34812000	34812000	34812000	34812000
357	34818000	34819000	34818000	34818000
358	34814000	34814000	34814000	34815000
359	34815000	34815000	34815000	34815000
360	34817000	34817000	34817000	34817000
361	34815000	34815000	34815000	34815000
362	34818000	34818000	34818000	34818000
363	34816000	34817000	34816000	34816000
364	34815000	34815000	34815000	34815000
365	34816000	34816000	34816000	34816000
366	34815000	34814000	34815000	34815000
367	34814000	34814000	34814000	34814000
368	34813000	34813000	34813000	34812000
369	34816000	34816000	34816000	34816000
370	34808000	34808000	34808000	34808000
371	34813000	34813000	34813000	34813000
372	34812000	34812000	34812000	34812000
373	34813000	34813000	34813000	34813000
374	34818000	34818000	34818000	34818000
375	34818000	34818000	34819000	34819000
376	34819000	34819000	34819000	34819000
377	34813000	34813000	34813000	34813000
378	34813000	34812000	34813000	34813000
379	34814000	34815000	34814000	34814000
380	34813000	34813000	34813000	34813000
381	34815000	34816000	34815000	34815000
382	34814000	34814000	34814000	34814000
383	34813000	34813000	34813000	34813000
384	34820000	34820000	34820000	34820000
385	34815000	34815000	34815000	34815000
386	34813000	34813000	34813000	34813000
387	34812000	34812000	34812000	34812000
388	34815000	34815000	34815000	34815000
389	34811000	34811000	34811000	34811000
390	34809000	34808000	34809000	34809000
391	34811000	34811000	34811000	34811000
392	34816000	34816000	34815000	34815000
393	34814000	34814000	34814000	34814000
394	34817000	34817000	34881000	34817000
395	34816000	34816000	34816000	34816000
396	34819000	34819000	34819000	34819000
397	34820000	34820000	34820000	34820000
398	34823000	34823000	34823000	34822000
399	34814000	34814000	34814000	34814000
400	34815000	34815000	34815000	34814000
401	34814000	34814000	34814000	34814000
402	34823000	34823000	34822000	34822000
403	34819000	34819000	34819000	34818000
404	34816000	34816000	34880000	34816000
405	34818000	34818000	34818000	34819000
406	34820000	34820000	34820000	34820000
407	34820000	34820000	34820000	34820000
408	34821000	34821000	34821000	34821000
409	34821000	34821000	34820000	34820000
410	34821000	34821000	34821000	34822000
411	34814000	34815000	34814000	34814000
412	34820000	34821000	34820000	34820000
413	34818000	34818000	34818000	34818000
414	34811000	34811000	34811000	34811000
415	34810000	34810000	34810000	34810000
416	34816000	34816000	34816000	34816000
417	34814000	34814000	34814000	34815000
418	34821000	34821000	34821000	34821000
419	34818000	34818000	34818000	34818000
420	34819000	34820000	34819000	34819000
421	34817000	34817000	34817000	34817000
422	34814000	34814000	34814000	34814000
423	34810000	34810000	34810000	34811000
424	34814000	34814000	34750000	34814000
425	34814000	34814000	34814000	34814000
426	34811000	34811000	34811000	34810000
427	34812000	34812000	34812000	34813000
428	34814000	34814000	34814000	34815000
429	34816000	34816000	34816000	34816000
430	34820000	34820000	34820000	34820000
431	34818000	34818000	34818000	34818000
432	34816000	34816000	34816000	34816000
433	34819000	34819000	34819000	34819000
434	34821000	34821000	34821000	34821000
435	34817000	34817000	34817000	34817000
436	34815000	34815000	34815000	34815000
437	34811000	34811000	34811000	34811000
438	34814000	34814000	34814000	34814000
439	34813000	34813000	34813000	34813000
440	34812000	34812000	34812000	34812000
441	34814000	34814000	34814000	34814000
442	34814000	34814000	34814000	34814000
443	34814000	34814000	34814000	34814000
444	34811000	34811000	34811000	34811000
445	34816000	34816000	34816000	34816000
446	34813000	34812000	34813000	34813000
447	34810000	34810000	34810000	34810000
448	34817000	34817000	34817000	34817000
449	34817000	34816000	34817000	34817000
450	34809000	34809000	34809000	34810000
451	34814000	34814000	34814000	34814000
452	34808000	34808000	34808000	34809000
453	34811000	34811000	34811000	34811000
454	34816000	34816000	34815000	34815000
455	34814000	34814000	34814000	34814000
456	34814000	34814000	34814000	34814000
457	34813000	34814000	34813000	34813000
458	34814000	34814000	34814000	34813000
459	34811000	34810000	34811000	34811000
460	34814000	34813000	34813000	34813000
461	34814000	34814000	34814000	34814000
462	34813000	34814000	34813000	34813000
463	34815000	34815000	34815000	34815000
464	34818000	34818000	34818000	34818000
465	34820000	34820000	34820000	34819000
466	34815000	34815000	34815000	34815000
467	34816000	34816000	34816000	34817000
468	34818000	34817000	34818000	34818000
469	34817000	34817000	34817000	34817000
470	34815000	34815000	34815000	34815000
471	34813000	34813000	34813000	34813000
472	34817000	34817000	34817000	34818000
473	34821000	34821000	34821000	34821000
474	34816000	34816000	34816000	34816000
475	34815000	34815000	34815000	34815000
476	34817000	34817000	34817000	34817000
477	34817000	34817000	34817000	34817000
478	34816000	34816000	34816000	34816000
479	34822000	34822000	34822000	34822000
480	34820000	34820000	34820000	34820000
481	34824000	34824000	34824000	34824000
482	34819000	34819000	34819000	34819000
483	34828000	34828000	34828000	34827000
484	34818000	34818000	34818000	34818000
485	34819000	34819000	34819000	34819000
486	34819000	34819000	34819000	34819000
487	34818000	34818000	34818000	34818000
488	34821000	34821000	34821000	34821000
489	34814000	34814000	34814000	34814000
490	34816000	34816000	34816000	34817000
491	34818000	34818000	34818000	34818000
492	34815000	34815000	34815000	34815000
493	34814000	34814000	34814000	34814000
494	34816000	34816000	34816000	34816000
495	34815000	34815000	34815000	34815000
496	34814000	34814000	34814000	34814000
497	34814000	34814000	34814000	34813000
498	34814000	34814000	34814000	34814000
499	34812000	34812000	34812000	34812000

============================================================
# BITSTREAM: 1ms_51etapas.bit
# VENTANA: 1ms
# ETAPAS_PRINCIPAL: 51
# NUM_MUESTRAS: 500
# FORMATO: idx	freq1_hz	freq2_hz	freq3_hz	freq4_hz
============================================================
idx	freq1_hz	freq2_hz	freq3_hz	freq4_hz
0	0	12938000	13123000	13399000
1	12577000	12941000	13124000	13397000
2	12576000	12941000	13123000	13398000
3	12575000	12940000	13123000	13396000
4	12575000	12939000	13122000	13397000
5	12576000	12940000	13123000	13397000
6	12576000	12940000	13123000	13398000
7	12575000	12941000	13123000	13397000
8	12576000	12942000	13124000	13399000
9	12576000	12941000	13124000	13397000
10	12576000	12936000	13124000	13400000
11	12575000	12939000	13123000	13399000
12	12576000	12943000	13125000	13399000
13	12577000	12937000	13123000	13399000
14	12577000	12938000	13125000	13401000
15	12575000	12941000	13122000	13397000
16	12575000	12935000	13123000	13401000
17	12576000	12939000	13122000	13397000
18	12576000	12933000	13122000	13403000
19	12576000	12939000	13122000	13397000
20	12578000	12942000	13124000	13397000
21	12576000	12938000	13122000	13396000
22	12575000	12941000	13123000	13397000
23	12576000	12938000	13123000	13400000
24	12577000	12940000	13123000	13398000
25	12576000	12940000	13122000	13395000
26	12575000	12940000	13123000	13397000
27	12576000	12937000	13122000	13397000
28	12576000	12939000	13123000	13399000
29	12577000	12942000	13124000	13397000
30	12577000	12941000	13123000	13397000
31	12576000	12939000	13123000	13399000
32	12575000	12940000	13123000	13397000
33	12574000	12939000	13121000	13395000
34	12575000	12940000	13122000	13396000
35	12577000	12938000	13122000	13400000
36	12577000	12939000	13124000	13399000
37	12578000	12942000	13124000	13399000
38	12578000	12942000	13123000	13397000
39	12577000	12942000	13124000	13398000
40	12576000	12938000	13123000	13397000
41	12576000	12939000	13124000	13398000
42	12576000	12938000	13124000	13398000
43	12577000	12940000	13122000	13396000
44	12576000	12939000	13123000	13398000
45	12576000	12940000	13124000	13399000
46	12575000	12939000	13121000	13395000
47	12577000	12937000	13123000	13400000
48	12577000	12941000	13123000	13396000
49	12576000	12941000	13123000	13397000
50	12575000	12937000	13122000	13398000
51	12576000	12941000	13124000	13397000
52	12576000	12941000	13123000	13397000
53	12576000	12941000	13123000	13396000
54	12577000	12941000	13122000	13396000
55	12576000	12940000	13121000	13393000
56	12577000	12940000	13123000	13395000
57	12576000	12939000	13123000	13399000
58	12576000	12940000	13124000	13398000
59	12576000	12940000	13122000	13396000
60	12575000	12939000	13122000	13396000
61	12576000	12940000	13123000	13396000
62	12577000	12940000	13123000	13395000
63	12576000	12941000	13123000	13397000
64	12576000	12941000	13123000	13397000
65	12575000	12940000	13122000	13396000
66	12576000	12940000	13123000	13396000
67	12575000	12932000	13122000	13402000
68	12575000	12938000	13121000	13395000
69	12575000	12939000	13123000	13399000
70	12576000	12934000	13124000	13403000
71	12576000	12939000	13123000	13398000
72	12576000	12936000	13122000	13401000
73	12576000	12940000	13123000	13396000
74	12577000	12941000	13124000	13404000
75	12576000	12940000	13124000	13399000
76	12575000	12939000	13123000	13397000
77	12575000	12941000	13123000	13397000
78	12577000	12938000	13124000	13400000
79	12576000	12938000	13123000	13398000
80	12575000	12939000	13121000	13395000
81	12575000	12939000	13122000	13395000
82	12577000	12941000	13123000	13397000
83	12575000	12934000	13123000	13400000
84	12576000	12940000	13123000	13396000
85	12576000	12941000	13124000	13397000
86	12576000	12941000	13123000	13396000
87	12577000	12938000	13123000	13397000
88	12576000	12940000	13123000	13397000
89	12576000	12939000	13122000	13396000
90	12576000	12940000	13123000	13397000
91	12575000	12940000	13123000	13398000
92	12576000	12938000	13122000	13398000
93	12576000	12941000	13124000	13397000
94	12576000	12942000	13124000	13397000
95	12575000	12938000	13122000	13397000
96	12575000	12940000	13123000	13399000
97	12575000	12938000	13123000	13399000
98	12575000	12939000	13122000	13396000
99	12575000	12939000	13121000	13398000
100	12575000	12934000	13122000	13400000
101	12575000	12938000	13122000	13397000
102	12575000	12939000	13124000	13398000
103	12575000	12940000	13123000	13397000
104	12575000	12938000	13123000	13399000
105	12576000	12939000	13122000	13395000
106	12576000	12940000	13123000	13395000
107	12575000	12937000	13123000	13398000
108	12575000	12940000	13123000	13397000
109	12575000	12941000	13123000	13398000
110	12576000	12941000	13123000	13396000
111	12576000	12941000	13123000	13397000
112	12576000	12941000	13123000	13398000
113	12576000	12938000	13123000	13398000
114	12576000	12941000	13124000	13398000
115	12577000	12937000	13123000	13402000
116	12577000	12940000	13125000	13398000
117	12575000	12939000	13122000	13396000
118	12576000	12935000	13124000	13403000
119	12576000	12940000	13121000	13395000
120	12576000	12940000	13124000	13399000
121	12576000	12939000	13122000	13397000
122	12575000	12937000	13123000	13400000
123	12576000	12941000	13123000	13397000
124	12575000	12928000	13119000	13400000
125	12575000	12938000	13122000	13397000
126	12574000	12937000	13120000	13395000
127	12573000	12938000	13121000	13395000
128	12574000	12938000	13122000	13395000
129	12575000	12940000	13123000	13398000
130	12575000	12938000	13121000	13397000
131	12576000	12939000	13122000	13397000
132	12576000	12939000	13122000	13398000
133	12575000	12941000	13123000	13398000
134	12576000	12939000	13122000	13395000
135	12575000	12940000	13122000	13396000
136	12575000	12938000	13124000	13399000
137	12575000	12941000	13123000	13396000
138	12574000	12938000	13123000	13397000
139	12575000	12938000	13122000	13395000
140	12574000	12938000	13123000	13397000
141	12576000	12939000	13121000	13396000
142	12575000	12940000	13123000	13397000
143	12575000	12940000	13123000	13396000
144	12575000	12936000	13121000	13399000
145	12575000	12940000	13122000	13397000
146	12576000	12937000	13123000	13400000
147	12576000	12939000	13122000	13396000
148	12576000	12940000	13124000	13398000
149	12574000	12938000	13122000	13395000
150	12576000	12939000	13123000	13399000
151	12576000	12941000	13124000	13397000
152	12576000	12942000	13125000	13399000
153	12575000	12939000	13123000	13397000
154	12575000	12940000	13122000	13397000
155	12575000	12933000	13122000	13402000
156	12575000	12938000	13122000	13398000
157	12576000	12941000	13123000	13398000
158	12576000	12941000	13124000	13398000
159	12575000	12939000	13123000	13400000
160	12576000	12936000	13123000	13401000
161	12576000	12940000	13123000	13397000
162	12576000	12942000	13124000	13398000
163	12574000	12939000	13120000	13394000
164	12575000	12940000	13123000	13396000
165	12575000	12940000	13123000	13398000
166	12576000	12939000	13122000	13397000
167	12574000	12934000	13121000	13400000
168	12574000	12937000	13121000	13396000
169	12573000	12932000	13121000	13398000
170	12575000	12939000	13121000	13395000
171	12574000	12936000	13123000	13399000
172	12575000	12938000	13123000	13396000
173	12574000	12939000	13122000	13398000
174	12574000	12938000	13121000	13395000
175	12575000	12940000	13123000	13396000
176	12574000	12940000	13122000	13395000
177	12574000	12938000	13122000	13395000
178	12574000	12937000	13121000	13396000
179	12574000	12938000	13121000	13395000
180	12574000	12938000	13122000	13397000
181	12575000	12938000	13122000	13397000
182	12575000	12940000	13122000	13397000
183	12574000	12940000	13123000	13396000
184	12575000	12940000	13122000	13395000
185	12576000	12940000	13123000	13398000
186	12576000	12942000	13124000	13398000
187	12575000	12937000	13121000	13398000
188	12574000	12937000	13120000	13396000
189	12575000	12939000	13123000	13397000
190	12574000	12938000	13122000	13397000
191	12575000	12939000	13123000	13399000
192	12574000	12940000	13122000	13396000
193	12574000	12939000	13121000	13398000
194	12574000	12938000	13123000	13399000
195	12573000	12935000	13122000	13397000
196	12574000	12939000	13122000	13396000
197	12574000	12937000	13121000	13397000
198	12574000	12940000	13123000	13397000
199	12575000	12938000	13122000	13397000
200	12575000	12939000	13124000	13399000
201	12576000	12940000	13123000	13397000
202	12576000	12939000	13123000	13399000
203	12574000	12938000	13122000	13397000
204	12575000	12937000	13122000	13399000
205	12575000	12941000	13123000	13396000
206	12576000	12940000	13122000	13396000
207	12576000	12940000	13122000	13397000
208	12575000	12942000	13123000	13398000
209	12576000	12942000	13124000	13396000
210	12576000	12938000	13123000	13399000
211	12574000	12939000	13121000	13395000
212	12575000	12938000	13123000	13399000
213	12575000	12941000	13123000	13396000
214	12575000	12934000	13122000	13401000
215	12575000	12939000	13122000	13398000
216	12573000	12937000	13120000	13394000
217	12575000	12940000	13123000	13397000
218	12576000	12938000	13123000	13400000
219	12574000	12939000	13121000	13395000
220	12575000	12940000	13125000	13399000
221	12574000	12938000	13122000	13396000
222	12575000	12938000	13122000	13400000
223	12576000	12937000	13123000	13399000
224	12576000	12941000	13124000	13397000
225	12576000	12940000	13122000	13395000
226	12574000	12936000	13123000	13399000
227	12575000	12940000	13122000	13396000
228	12575000	12939000	13121000	13395000
229	12574000	12938000	13120000	13394000
230	12573000	12939000	13121000	13395000
231	12574000	12937000	13122000	13398000
232	12573000	12936000	13119000	13392000
233	12575000	12939000	13122000	13397000
234	12576000	12937000	13124000	13399000
235	12573000	12939000	13120000	13395000
236	12575000	12940000	13122000	13396000
237	12573000	12928000	13123000	13403000
238	12575000	12940000	13121000	13395000
239	12573000	12933000	13119000	13398000
240	12575000	12931000	13124000	13404000
241	12575000	12939000	13121000	13394000
242	12573000	12938000	13120000	13393000
243	12574000	12935000	13122000	13399000
244	12573000	12937000	13121000	13395000
245	12574000	12931000	13121000	13402000
246	12573000	12937000	13118000	13392000
247	12574000	12938000	13119000	13392000
248	12573000	12938000	13121000	13396000
249	12574000	12928000	13120000	13401000
250	12572000	12937000	13121000	13397000
251	12574000	12933000	13120000	13396000
252	12573000	12936000	13120000	13395000
253	12574000	12932000	13118000	13398000
254	12576000	12939000	13122000	13397000
255	12575000	12932000	13124000	13402000
256	12574000	12938000	13121000	13395000
257	12575000	12936000	13122000	13398000
258	12573000	12933000	13120000	13397000
259	12574000	12937000	13122000	13395000
260	12575000	12938000	13122000	13398000
261	12574000	12938000	13121000	13394000
262	12576000	12940000	13122000	13396000
263	12573000	12934000	13121000	13396000
264	12575000	12939000	13122000	13396000
265	12573000	12937000	13121000	13395000
266	12574000	12938000	13123000	13398000
267	12573000	12936000	13119000	13394000
268	12573000	12936000	13119000	13395000
269	12574000	12939000	13122000	13396000
270	12574000	12937000	13120000	13393000
271	12572000	12936000	13118000	13391000
272	12571000	12924000	13120000	13404000
273	12572000	12936000	13119000	13393000
274	12574000	12937000	13120000	13393000
275	12573000	12937000	13121000	13395000
276	12573000	12932000	13121000	13397000
277	12575000	12939000	13121000	13395000
278	12573000	12935000	13119000	13393000
279	12574000	12935000	13122000	13398000
280	12576000	12938000	13122000	13397000
281	12574000	12934000	13120000	13397000
282	12574000	12939000	13122000	13397000
283	12574000	12938000	13121000	13394000
284	12573000	12938000	13121000	13396000
285	12574000	12939000	13121000	13395000
286	12574000	12934000	13122000	13399000
287	12572000	12936000	13120000	13394000
288	12574000	12936000	13121000	13399000
289	12574000	12937000	13121000	13395000
290	12573000	12938000	13119000	13393000
291	12574000	12937000	13119000	13393000
292	12573000	12938000	13122000	13396000
293	12574000	12937000	13123000	13396000
294	12574000	12936000	13121000	13397000
295	12574000	12933000	13121000	13402000
296	12574000	12937000	13121000	13396000
297	12574000	12937000	13120000	13394000
298	12575000	12934000	13119000	13397000
299	12574000	12937000	13122000	13397000
300	12574000	12934000	13120000	13395000
301	12575000	12939000	13122000	13398000
302	12576000	12940000	13123000	13398000
303	12574000	12939000	13122000	13396000
304	12575000	12940000	13124000	13397000
305	12575000	12938000	13122000	13398000
306	12577000	12940000	13124000	13398000
307	12573000	12934000	13121000	13398000
308	12575000	12938000	13121000	13395000
309	12574000	12942000	13122000	13398000
310	12575000	12938000	13121000	13396000
311	12574000	12933000	13122000	13399000
312	12576000	12939000	13123000	13398000
313	12575000	12933000	13124000	13400000
314	12577000	12941000	13124000	13398000
315	12574000	12940000	13123000	13397000
316	12574000	12937000	13120000	13395000
317	12575000	12939000	13120000	13394000
318	12574000	12936000	13122000	13397000
319	12574000	12939000	13121000	13395000
320	12575000	12938000	13122000	13397000
321	12574000	12931000	13123000	13400000
322	12574000	12938000	13122000	13398000
323	12575000	12938000	13123000	13397000
324	12573000	12936000	13120000	13396000
325	12574000	12938000	13120000	13392000
326	12576000	12937000	13122000	13397000
327	12575000	12937000	13121000	13397000
328	12575000	12935000	13123000	13397000
329	12575000	12938000	13121000	13395000
330	12573000	12935000	13121000	13397000
331	12573000	12931000	13120000	13398000
332	12573000	12929000	13120000	13398000
333	12575000	12939000	13122000	13394000
334	12576000	12939000	13121000	13394000
335	12575000	12939000	13122000	13396000
336	12575000	12940000	13123000	13397000
337	12575000	12938000	13121000	13395000
338	12576000	12940000	13123000	13396000
339	12575000	12940000	13122000	13395000
340	12575000	12938000	13122000	13397000
341	12574000	12940000	13122000	13395000
342	12574000	12935000	13120000	13395000
343	12575000	12939000	13122000	13396000
344	12574000	12936000	13121000	13397000
345	12576000	12938000	13122000	13396000
346	12575000	12939000	13122000	13396000
347	12575000	12937000	13123000	13397000
348	12576000	12937000	13123000	13400000
349	12575000	12937000	13122000	13398000
350	12576000	12937000	13121000	13397000
351	12575000	12940000	13123000	13396000
352	12576000	12941000	13122000	13397000
353	12577000	12939000	13124000	13397000
354	12575000	12941000	13123000	13399000
355	12576000	12937000	13122000	13399000
356	12576000	12940000	13123000	13397000
357	12576000	12939000	13124000	13399000
358	12576000	12941000	13123000	13397000
359	12576000	12939000	13121000	13395000
360	12575000	12939000	13123000	13397000
361	12575000	12936000	13124000	13401000
362	12574000	12931000	13125000	13403000
363	12575000	12940000	13124000	13399000
364	12576000	12940000	13124000	13398000
365	12576000	12940000	13123000	13397000
366	12575000	12939000	13123000	13396000
367	12575000	12939000	13121000	13395000
368	12576000	12938000	13122000	13398000
369	12576000	12941000	13123000	13396000
370	12576000	12940000	13123000	13398000
371	12576000	12940000	13125000	13399000
372	12575000	12937000	13121000	13397000
373	12575000	12940000	13122000	13395000
374	12575000	12939000	13122000	13396000
375	12575000	12939000	13122000	13395000
376	12574000	12937000	13121000	13396000
377	12574000	12939000	13121000	13395000
378	12576000	12938000	13123000	13398000
379	12574000	12934000	13122000	13397000
380	12575000	12939000	13122000	13396000
381	12574000	12931000	13121000	13400000
382	12575000	12939000	13121000	13394000
383	12574000	12940000	13121000	13394000
384	12575000	12940000	13123000	13395000
385	12576000	12941000	13123000	13398000
386	12574000	12939000	13122000	13396000
387	12574000	12939000	13121000	13395000
388	12573000	12934000	13121000	13397000
389	12575000	12938000	13122000	13396000
390	12575000	12937000	13123000	13399000
391	12574000	12938000	13121000	13400000
392	12573000	12935000	13121000	13400000
393	12575000	12940000	13121000	13395000
394	12575000	12938000	13122000	13399000
395	12575000	12939000	13122000	13394000
396	12575000	12939000	13122000	13397000
397	12574000	12934000	13123000	13401000
398	12574000	12936000	13121000	13399000
399	12575000	12940000	13122000	13396000
400	12574000	12936000	13120000	13396000
401	12574000	12940000	13123000	13396000
402	12575000	12940000	13123000	13397000
403	12575000	12935000	13121000	13398000
404	12574000	12936000	13121000	13397000
405	12574000	12938000	13120000	13395000
406	12575000	12931000	13121000	13401000
407	12575000	12937000	13121000	13396000
408	12575000	12936000	13122000	13399000
409	12576000	12941000	13123000	13396000
410	12576000	12940000	13122000	13395000
411	12575000	12941000	13123000	13397000
412	12574000	12940000	13122000	13396000
413	12576000	12941000	13123000	13397000
414	12575000	12940000	13122000	13396000
415	12574000	12938000	13122000	13395000
416	12576000	12940000	13123000	13395000
417	12575000	12940000	13122000	13395000
418	12576000	12938000	13123000	13398000
419	12575000	12940000	13123000	13398000
420	12575000	12939000	13122000	13395000
421	12574000	12939000	13121000	13394000
422	12575000	12937000	13122000	13398000
423	12574000	12938000	13120000	13394000
424	12574000	12937000	13120000	13394000
425	12575000	12939000	13122000	13396000
426	12575000	12939000	13123000	13398000
427	12574000	12939000	13122000	13395000
428	12574000	12939000	13121000	13394000
429	12576000	12940000	13123000	13396000
430	12575000	12940000	13123000	13398000
431	12574000	12938000	13122000	13398000
432	12575000	12939000	13121000	13396000
433	12576000	12940000	13122000	13395000
434	12576000	12936000	13123000	13399000
435	12575000	12939000	13122000	13395000
436	12574000	12938000	13120000	13393000
437	12574000	12938000	13122000	13398000
438	12575000	12935000	13121000	13399000
439	12575000	12940000	13123000	13396000
440	12574000	12932000	13122000	13400000
441	12575000	12936000	13123000	13400000
442	12576000	12940000	13123000	13396000
443	12575000	12941000	13123000	13398000
444	12576000	12940000	13123000	13397000
445	12576000	12941000	13123000	13396000
446	12576000	12940000	13122000	13395000
447	12576000	12941000	13123000	13395000
448	12576000	12938000	13123000	13399000
449	12575000	12939000	13123000	13396000
450	12575000	12939000	13122000	13396000
451	12575000	12941000	13123000	13397000
452	12576000	12940000	13123000	13397000
453	12576000	12941000	13123000	13395000
454	12576000	12940000	13123000	13397000
455	12575000	12937000	13122000	13400000
456	12576000	12937000	13123000	13399000
457	12577000	12941000	13124000	13397000
458	12575000	12938000	13123000	13398000
459	12577000	12941000	13124000	13398000
460	12577000	12941000	13124000	13398000
461	12577000	12942000	13124000	13398000
462	12577000	12941000	13124000	13398000
463	12576000	12941000	13124000	13397000
464	12576000	12939000	13123000	13399000
465	12576000	12937000	13123000	13398000
466	12576000	12941000	13124000	13398000
467	12575000	12940000	13123000	13399000
468	12575000	12933000	13123000	13402000
469	12574000	12940000	13122000	13396000
470	12576000	12938000	13122000	13399000
471	12577000	12942000	13125000	13399000
472	12576000	12940000	13123000	13399000
473	12577000	12938000	13123000	13398000
474	12576000	12940000	13122000	13397000
475	12575000	12940000	13123000	13399000
476	12576000	12940000	13122000	13397000
477	12575000	12940000	13123000	13397000
478	12575000	12941000	13124000	13398000
479	12576000	12942000	13124000	13398000
480	12576000	12940000	13122000	13397000
481	12575000	12940000	13123000	13397000
482	12575000	12940000	13122000	13395000
483	12574000	12940000	13123000	13397000
484	12575000	12940000	13123000	13399000
485	12575000	12939000	13123000	13397000
486	12576000	12939000	13123000	13399000
487	12575000	12941000	13123000	13398000
488	12576000	12940000	13124000	13399000
489	12576000	12941000	13123000	13396000
490	12577000	12942000	13125000	13400000
491	12577000	12942000	13125000	13399000
492	12576000	12941000	13124000	13400000
493	12577000	12943000	13126000	13400000
494	12577000	12941000	13124000	13398000
495	12577000	12942000	13124000	13398000
496	12577000	12942000	13124000	13398000
497	12577000	12941000	13125000	13399000
498	12575000	12940000	13123000	13398000
499	12576000	12941000	13125000	13400000

============================================================
# BITSTREAM: 1ms_101etapas.bit
# VENTANA: 1ms
# ETAPAS_PRINCIPAL: 101
# NUM_MUESTRAS: 500
# FORMATO: idx	freq1_hz	freq2_hz	freq3_hz	freq4_hz
============================================================
idx	freq1_hz	freq2_hz	freq3_hz	freq4_hz
0	8508000	8988000	8245000	9652000
1	8506000	8988000	8245000	9653000
2	8507000	8988000	8245000	9653000
3	8506000	8986000	8247000	9653000
4	8506000	8986000	8246000	9652000
5	8504000	8986000	8247000	9652000
6	8504000	8986000	8246000	9652000
7	8506000	8986000	8247000	9652000
8	8506000	8986000	8247000	9652000
9	8506000	8988000	8247000	9652000
10	8507000	8986000	8243000	9653000
11	8507000	8986000	8245000	9653000
12	8507000	8986000	8243000	9653000
13	8506000	8988000	8248000	9653000
14	8505000	8986000	8246000	9652000
15	8506000	8986000	8247000	9653000
16	8506000	8988000	8247000	9653000
17	8506000	8988000	8246000	9652000
18	8507000	8988000	8245000	9653000
19	8506000	8986000	8247000	9652000
20	8505000	8986000	8245000	9652000
21	8506000	8986000	8247000	9652000
22	8505000	8986000	8246000	9653000
23	8505000	8988000	8245000	9652000
24	8504000	8986000	8244000	9652000
25	8505000	8986000	8247000	9652000
26	8504000	8986000	8245000	9652000
27	8507000	8988000	8247000	9653000
28	8505000	8986000	8245000	9652000
29	8505000	8986000	8247000	9653000
30	8506000	8986000	8245000	9652000
31	8507000	8986000	8247000	9652000
32	8506000	8986000	8246000	9652000
33	8506000	8986000	8247000	9653000
34	8506000	8988000	8247000	9653000
35	8506000	8986000	8247000	9653000
36	8506000	8986000	8246000	9652000
37	8506000	8986000	8248000	9652000
38	8507000	8986000	8246000	9652000
39	8506000	8986000	8245000	9653000
40	8506000	8986000	8247000	9653000
41	8506000	8988000	8246000	9653000
42	8506000	8986000	8246000	9652000
43	8504000	8986000	8247000	9652000
44	8505000	8986000	8245000	9652000
45	8506000	8986000	8246000	9653000
46	8507000	8988000	8246000	9653000
47	8504000	8986000	8245000	9652000
48	8505000	8986000	8246000	9652000
49	8504000	8984000	8245000	9652000
50	8505000	8986000	8245000	9652000
51	8504000	8986000	8246000	9652000
52	8506000	8986000	8245000	9652000
53	8507000	8986000	8247000	9652000
54	8506000	8986000	8246000	9653000
55	8506000	8986000	8247000	9652000
56	8504000	8986000	8245000	9652000
57	8504000	8986000	8245000	9649000
58	8505000	8986000	8246000	9652000
59	8504000	8986000	8246000	9652000
60	8504000	8986000	8245000	9652000
61	8504000	8986000	8246000	9652000
62	8506000	8986000	8245000	9652000
63	8505000	8986000	8247000	9653000
64	8504000	8986000	8245000	9652000
65	8506000	8986000	8246000	9652000
66	8506000	8986000	8246000	9649000
67	8504000	8986000	8244000	9649000
68	8504000	8984000	8244000	9649000
69	8505000	8986000	8247000	9652000
70	8506000	8986000	8246000	9652000
71	8505000	8986000	8246000	9652000
72	8507000	8986000	8245000	9653000
73	8506000	8986000	8246000	9652000
74	8506000	8986000	8246000	9653000
75	8504000	8986000	8245000	9653000
76	8505000	8986000	8244000	9652000
77	8506000	8986000	8247000	9652000
78	8505000	8986000	8245000	9652000
79	8506000	8986000	8246000	9652000
80	8506000	8986000	8245000	9652000
81	8506000	8986000	8246000	9652000
82	8506000	8986000	8246000	9652000
83	8506000	8988000	8245000	9653000
84	8506000	8988000	8246000	9653000
85	8506000	8988000	8245000	9653000
86	8506000	8986000	8244000	9653000
87	8506000	8986000	8245000	9652000
88	8506000	8986000	8244000	9653000
89	8505000	8988000	8245000	9653000
90	8505000	8988000	8246000	9653000
91	8505000	8986000	8246000	9652000
92	8504000	8986000	8245000	9652000
93	8506000	8986000	8246000	9652000
94	8505000	8986000	8245000	9652000
95	8506000	8986000	8247000	9652000
96	8504000	8984000	8246000	9649000
97	8504000	8986000	8246000	9649000
98	8504000	8986000	8245000	9652000
99	8505000	8986000	8246000	9653000
100	8506000	8984000	8245000	9649000
101	8505000	8986000	8246000	9652000
102	8504000	8986000	8246000	9652000
103	8505000	8986000	8246000	9652000
104	8504000	8986000	8246000	9652000
105	8504000	8986000	8244000	9652000
106	8506000	8986000	8246000	9652000
107	8506000	8986000	8247000	9652000
108	8506000	8986000	8246000	9652000
109	8504000	8986000	8246000	9649000
110	8504000	8986000	8243000	9649000
111	8504000	8986000	8245000	9652000
112	8505000	8986000	8243000	9649000
113	8504000	8984000	8244000	9652000
114	8505000	8986000	8245000	9652000
115	8504000	8986000	8247000	9652000
116	8505000	8986000	8245000	9652000
117	8506000	8986000	8247000	9652000
118	8506000	8986000	8245000	9653000
119	8506000	8986000	8246000	9652000
120	8505000	8986000	8245000	9649000
121	8505000	8986000	8246000	9652000
122	8504000	8986000	8245000	9652000
123	8506000	8986000	8246000	9649000
124	8505000	8984000	8244000	9649000
125	8505000	8984000	8246000	9649000
126	8504000	8984000	8245000	9649000
127	8504000	8984000	8244000	9649000
128	8503000	8984000	8243000	9648000
129	8503000	8984000	8243000	9649000
130	8511000	8984000	8243000	9649000
131	8504000	8986000	8245000	9649000
132	8504000	8984000	8242000	9648000
133	8503000	8984000	8243000	9649000
134	8503000	8986000	8243000	9649000
135	8505000	8986000	8246000	9652000
136	8511000	8986000	8243000	9649000
137	8504000	8984000	8244000	9649000
138	8511000	8986000	8245000	9652000
139	8504000	8986000	8247000	9652000
140	8504000	8986000	8243000	9653000
141	8503000	8984000	8246000	9649000
142	8505000	8986000	8245000	9649000
143	8504000	8984000	8246000	9649000
144	8504000	8984000	8243000	9652000
145	8503000	8984000	8244000	9649000
146	8504000	8986000	8244000	9652000
147	8505000	8984000	8246000	9649000
148	8504000	8984000	8242000	9649000
149	8505000	8984000	8243000	9649000
150	8506000	8984000	8245000	9652000
151	8505000	8986000	8244000	9649000
152	8504000	8984000	8243000	9649000
153	8504000	8984000	8246000	9649000
154	8504000	8986000	8243000	9652000
155	8503000	8984000	8243000	9649000
156	8504000	8984000	8243000	9649000
157	8503000	8986000	8244000	9649000
158	8502000	8984000	8242000	9648000
159	8503000	8984000	8245000	9649000
160	8504000	8984000	8244000	9649000
161	8505000	8986000	8244000	9652000
162	8506000	8986000	8246000	9652000
163	8504000	8984000	8243000	9649000
164	8503000	8984000	8245000	9649000
165	8504000	8984000	8243000	9648000
166	8503000	8984000	8242000	9649000
167	8504000	8986000	8245000	9649000
168	8504000	8984000	8245000	9649000
169	8504000	8986000	8245000	9652000
170	8504000	8984000	8242000	9649000
171	8504000	8986000	8243000	9652000
172	8505000	8986000	8243000	9652000
173	8506000	8986000	8246000	9652000
174	8503000	8984000	8243000	9649000
175	8505000	8986000	8246000	9653000
176	8504000	8986000	8245000	9652000
177	8503000	8984000	8245000	9649000
178	8504000	8984000	8244000	9649000
179	8505000	8986000	8246000	9649000
180	8504000	8986000	8246000	9652000
181	8503000	8986000	8246000	9652000
182	8504000	8986000	8245000	9652000
183	8505000	8986000	8246000	9652000
184	8505000	8986000	8246000	9652000
185	8503000	8986000	8243000	9649000
186	8505000	8986000	8245000	9649000
187	8503000	8984000	8244000	9648000
188	8504000	8986000	8245000	9652000
189	8503000	8986000	8244000	9652000
190	8506000	8986000	8245000	9652000
191	8503000	8986000	8244000	9652000
192	8504000	8984000	8242000	9649000
193	8505000	8984000	8246000	9649000
194	8505000	8984000	8243000	9649000
195	8503000	8986000	8246000	9652000
196	8505000	8984000	8245000	9652000
197	8504000	8986000	8244000	9649000
198	8504000	8984000	8245000	9649000
199	8504000	8984000	8246000	9649000
200	8504000	8984000	8245000	9648000
201	8503000	8984000	8244000	9649000
202	8503000	8984000	8245000	9652000
203	8503000	8986000	8245000	9652000
204	8505000	8986000	8243000	9652000
205	8504000	8986000	8247000	9652000
206	8505000	8986000	8245000	9652000
207	8504000	8986000	8246000	9652000
208	8505000	8986000	8245000	9653000
209	8505000	8986000	8245000	9649000
210	8506000	8986000	8245000	9652000
211	8505000	8986000	8245000	9652000
212	8504000	8986000	8245000	9652000
213	8505000	8986000	8247000	9653000
214	8505000	8986000	8245000	9652000
215	8505000	8986000	8247000	9649000
216	8507000	8988000	8246000	9653000
217	8506000	8986000	8246000	9653000
218	8503000	8984000	8245000	9652000
219	8505000	8986000	8246000	9652000
220	8504000	8986000	8242000	9649000
221	8504000	8984000	8243000	9649000
222	8505000	8986000	8243000	9652000
223	8504000	8986000	8247000	9652000
224	8504000	8986000	8243000	9652000
225	8504000	8986000	8246000	9652000
226	8505000	8986000	8245000	9652000
227	8505000	8984000	8246000	9649000
228	8505000	8986000	8245000	9652000
229	8505000	8986000	8246000	9649000
230	8504000	8984000	8243000	9649000
231	8504000	8984000	8244000	9649000
232	8504000	8984000	8244000	9649000
233	8505000	8986000	8244000	9652000
234	8504000	8984000	8243000	9648000
235	8503000	8984000	8246000	9649000
236	8504000	8986000	8243000	9652000
237	8504000	8986000	8244000	9652000
238	8504000	8986000	8245000	9652000
239	8506000	8986000	8247000	9652000
240	8506000	8986000	8246000	9653000
241	8504000	8986000	8246000	9652000
242	8505000	8986000	8245000	9649000
243	8505000	8986000	8246000	9649000
244	8504000	8986000	8244000	9652000
245	8505000	8986000	8244000	9649000
246	8505000	8984000	8244000	9649000
247	8506000	8986000	8246000	9652000
248	8503000	8986000	8244000	9652000
249	8505000	8986000	8246000	9652000
250	8504000	8986000	8245000	9652000
251	8505000	8986000	8245000	9652000
252	8503000	8984000	8245000	9649000
253	8504000	8986000	8246000	9652000
254	8504000	8986000	8245000	9652000
255	8505000	8986000	8246000	9649000
256	8505000	8986000	8245000	9652000
257	8497000	8984000	8244000	9652000
258	8504000	8986000	8246000	9653000
259	8506000	8986000	8246000	9652000
260	8505000	8984000	8245000	9652000
261	8505000	8986000	8247000	9653000
262	8505000	8986000	8246000	9652000
263	8503000	8986000	8245000	9652000
264	8504000	8984000	8243000	9652000
265	8504000	8986000	8246000	9649000
266	8505000	8984000	8245000	9649000
267	8504000	8986000	8244000	9652000
268	8505000	8984000	8245000	9649000
269	8504000	8986000	8245000	9652000
270	8503000	8984000	8243000	9649000
271	8505000	8986000	8244000	9652000
272	8504000	8984000	8245000	9649000
273	8505000	8984000	8244000	9649000
274	8504000	8984000	8245000	9652000
275	8503000	8986000	8245000	9652000
276	8504000	8984000	8243000	9649000
277	8504000	8986000	8244000	9652000
278	8505000	8986000	8243000	9649000
279	8505000	8986000	8246000	9652000
280	8504000	8986000	8245000	9652000
281	8504000	8986000	8246000	9652000
282	8503000	8986000	8244000	9652000
283	8504000	8986000	8245000	9649000
284	8503000	8986000	8245000	9649000
285	8501000	8986000	8243000	9649000
286	8504000	8984000	8243000	9652000
287	8504000	8986000	8244000	9649000
288	8503000	8984000	8242000	9648000
289	8503000	8984000	8245000	9649000
290	8504000	8986000	8243000	9649000
291	8504000	8986000	8244000	9652000
292	8504000	8984000	8243000	9649000
293	8503000	8984000	8244000	9648000
294	8503000	8984000	8243000	9648000
295	8504000	8984000	8243000	9648000
296	8503000	8984000	8243000	9648000
297	8503000	8984000	8243000	9648000
298	8504000	8984000	8243000	9648000
299	8503000	8984000	8243000	9649000
300	8504000	8984000	8243000	9652000
301	8503000	8984000	8243000	9649000
302	8505000	8984000	8243000	9652000
303	8503000	8984000	8244000	9649000
304	8504000	8984000	8243000	9649000
305	8503000	8984000	8242000	9648000
306	8503000	8984000	8242000	9648000
307	8504000	8984000	8244000	9649000
308	8503000	8984000	8241000	9648000
309	8504000	8984000	8243000	9649000
310	8504000	8984000	8243000	9648000
311	8503000	8984000	8244000	9648000
312	8503000	8984000	8242000	9649000
313	8503000	8984000	8244000	9649000
314	8502000	8984000	8242000	9648000
315	8503000	8984000	8243000	9648000
316	8504000	8984000	8242000	9649000
317	8504000	8984000	8245000	9649000
318	8505000	8986000	8243000	9652000
319	8504000	8984000	8243000	9648000
320	8504000	8984000	8243000	9652000
321	8503000	8984000	8244000	9649000
322	8505000	8984000	8245000	9652000
323	8504000	8984000	8244000	9652000
324	8504000	8986000	8246000	9652000
325	8504000	8984000	8243000	9649000
326	8504000	8986000	8246000	9649000
327	8504000	8984000	8244000	9649000
328	8504000	8984000	8245000	9649000
329	8504000	8986000	8245000	9648000
330	8505000	8984000	8243000	9649000
331	8503000	8984000	8243000	9649000
332	8505000	8986000	8245000	9652000
333	8504000	8986000	8246000	9652000
334	8504000	8986000	8245000	9649000
335	8504000	8984000	8244000	9652000
336	8503000	8986000	8244000	9652000
337	8505000	8986000	8244000	9652000
338	8504000	8984000	8245000	9652000
339	8511000	8986000	8245000	9649000
340	8505000	8986000	8245000	9652000
341	8505000	8986000	8247000	9652000
342	8505000	8986000	8244000	9652000
343	8503000	8986000	8246000	9652000
344	8506000	8986000	8245000	9653000
345	8505000	8986000	8244000	9649000
346	8506000	8988000	8246000	9653000
347	8506000	8986000	8247000	9653000
348	8505000	8986000	8245000	9653000
349	8506000	8986000	8247000	9652000
350	8504000	8986000	8245000	9652000
351	8506000	8986000	8245000	9653000
352	8504000	8986000	8245000	9652000
353	8506000	8986000	8247000	9652000
354	8505000	8986000	8245000	9649000
355	8505000	8986000	8246000	9649000
356	8505000	8986000	8245000	9649000
357	8503000	8984000	8245000	9648000
358	8505000	8984000	8245000	9649000
359	8505000	8984000	8245000	9648000
360	8505000	8986000	8243000	9652000
361	8506000	8986000	8247000	9652000
362	8505000	8986000	8245000	9652000
363	8504000	8986000	8246000	9649000
364	8505000	8986000	8245000	9649000
365	8503000	8984000	8245000	9649000
366	8504000	8986000	8245000	9653000
367	8505000	8986000	8246000	9652000
368	8505000	8986000	8246000	9652000
369	8505000	8986000	8246000	9649000
370	8504000	8986000	8245000	9649000
371	8505000	8986000	8246000	9652000
372	8505000	8986000	8246000	9652000
373	8505000	8986000	8245000	9652000
374	8505000	8986000	8245000	9652000
375	8506000	8986000	8247000	9652000
376	8505000	8986000	8246000	9652000
377	8503000	8986000	8246000	9652000
378	8504000	8986000	8245000	9652000
379	8504000	8986000	8247000	9652000
380	8504000	8984000	8245000	9649000
381	8505000	8986000	8245000	9649000
382	8505000	8986000	8245000	9649000
383	8503000	8986000	8246000	9652000
384	8505000	8986000	8245000	9649000
385	8505000	8986000	8246000	9649000
386	8505000	8986000	8246000	9652000
387	8506000	8986000	8246000	9652000
388	8504000	8986000	8245000	9652000
389	8504000	8986000	8247000	9652000
390	8504000	8986000	8245000	9649000
391	8504000	8986000	8246000	9652000
392	8504000	8986000	8245000	9652000
393	8504000	8988000	8246000	9653000
394	8505000	8986000	8245000	9653000
395	8504000	8986000	8245000	9649000
396	8504000	8986000	8246000	9652000
397	8505000	8986000	8246000	9652000
398	8505000	8986000	8245000	9652000
399	8504000	8986000	8246000	9649000
400	8504000	8984000	8243000	9652000
401	8505000	8988000	8247000	9653000
402	8504000	8986000	8245000	9652000
403	8504000	8986000	8246000	9652000
404	8503000	8984000	8243000	9649000
405	8504000	8986000	8246000	9649000
406	8504000	8986000	8245000	9652000
407	8506000	8986000	8246000	9653000
408	8504000	8984000	8245000	9652000
409	8504000	8984000	8246000	9652000
410	8504000	8986000	8243000	9652000
411	8505000	8986000	8244000	9649000
412	8505000	8986000	8245000	9649000
413	8505000	8986000	8244000	9652000
414	8503000	8986000	8243000	9649000
415	8504000	8984000	8246000	9652000
416	8505000	8986000	8246000	9652000
417	8503000	8984000	8245000	9648000
418	8504000	8986000	8245000	9652000
419	8503000	8986000	8246000	9649000
420	8504000	8986000	8244000	9652000
421	8504000	8986000	8246000	9649000
422	8505000	8986000	8246000	9652000
423	8504000	8986000	8246000	9652000
424	8504000	8986000	8245000	9652000
425	8506000	8986000	8246000	9652000
426	8504000	8986000	8246000	9652000
427	8505000	8986000	8246000	9652000
428	8504000	8984000	8245000	9649000
429	8505000	8986000	8246000	9652000
430	8503000	8986000	8245000	9652000
431	8505000	8986000	8244000	9652000
432	8505000	8984000	8244000	9652000
433	8502000	8984000	8245000	9648000
434	8505000	8984000	8244000	9649000
435	8503000	8984000	8244000	9649000
436	8504000	8984000	8242000	9648000
437	8503000	8984000	8243000	9649000
438	8505000	8984000	8244000	9649000
439	8503000	8986000	8245000	9652000
440	8506000	8986000	8245000	9653000
441	8504000	8984000	8244000	9649000
442	8504000	8986000	8245000	9649000
443	8503000	8986000	8244000	9649000
444	8504000	8986000	8245000	9649000
445	8504000	8986000	8243000	9649000
446	8503000	8984000	8244000	9648000
447	8504000	8984000	8244000	9649000
448	8504000	8984000	8243000	9648000
449	8503000	8986000	8245000	9652000
450	8505000	8986000	8246000	9653000
451	8504000	8986000	8244000	9649000
452	8504000	8986000	8242000	9649000
453	8504000	8984000	8243000	9649000
454	8504000	8984000	8243000	9652000
455	8502000	8984000	8242000	9648000
456	8504000	8984000	8243000	9648000
457	8504000	8984000	8244000	9652000
458	8504000	8984000	8242000	9648000
459	8503000	8984000	8243000	9648000
460	8504000	8984000	8243000	9649000
461	8503000	8984000	8244000	9652000
462	8504000	8986000	8243000	9649000
463	8503000	8984000	8243000	9649000
464	8504000	8984000	8243000	9652000
465	8503000	8984000	8244000	9649000
466	8504000	8984000	8243000	9649000
467	8504000	8984000	8243000	9648000
468	8504000	8984000	8243000	9649000
469	8504000	8984000	8243000	9649000
470	8504000	8986000	8245000	9649000
471	8503000	8984000	8243000	9649000
472	8504000	8986000	8245000	9649000
473	8504000	8984000	8245000	9648000
474	8504000	8984000	8244000	9649000
475	8504000	8984000	8243000	9649000
476	8504000	8984000	8243000	9649000
477	8503000	8984000	8243000	9649000
478	8504000	8986000	8243000	9652000
479	8504000	8984000	8246000	9649000
480	8505000	8986000	8245000	9652000
481	8504000	8984000	8246000	9649000
482	8503000	8984000	8244000	9649000
483	8503000	8986000	8244000	9649000
484	8504000	8986000	8245000	9652000
485	8503000	8986000	8246000	9652000
486	8504000	8984000	8243000	9649000
487	8504000	8984000	8243000	9648000
488	8501000	8982000	8242000	9649000
489	8502000	8984000	8244000	9649000
490	8504000	8986000	8244000	9649000
491	8503000	8984000	8244000	9652000
492	8504000	8986000	8243000	9652000
493	8504000	8984000	8243000	9649000
494	8502000	8984000	8242000	9648000
495	8503000	8984000	8243000	9649000
496	8503000	8984000	8242000	9649000
497	8504000	8986000	8244000	9649000
498	8504000	8984000	8244000	9649000
499	8501000	8984000	8242000	9649000

============================================================
# BITSTREAM: 100us_3etapas.bit
# VENTANA: 100us
# ETAPAS_PRINCIPAL: 3
# NUM_MUESTRAS: 500
# FORMATO: idx	freq1_hz	freq2_hz	freq3_hz	freq4_hz
============================================================
idx	freq1_hz	freq2_hz	freq3_hz	freq4_hz
0	35560000	35560000	35560000	35560000
1	35560000	35560000	35560000	35560000
2	35560000	35560000	35560000	35560000
3	35560000	35560000	35560000	35560000
4	35560000	35560000	35560000	35560000
5	35550000	35560000	35560000	35550000
6	35560000	35560000	35560000	35560000
7	35550000	35560000	35550000	35550000
8	35560000	35560000	35560000	35560000
9	35550000	35550000	35550000	35550000
10	35550000	35550000	35550000	35550000
11	35560000	35560000	35560000	35560000
12	35560000	35560000	35560000	35560000
13	35560000	35560000	35560000	35560000
14	35560000	35560000	35560000	35560000
15	35570000	35560000	35560000	35560000
16	35560000	35560000	35560000	35560000
17	35560000	35560000	35560000	35560000
18	35560000	35560000	35560000	35560000
19	35560000	35560000	35560000	35560000
20	35570000	35570000	35570000	35570000
21	35560000	35560000	35560000	35560000
22	35560000	35560000	35560000	35560000
23	35560000	35560000	35560000	35560000
24	35550000	35550000	35550000	35550000
25	35560000	35560000	35560000	35560000
26	35560000	35560000	35560000	35560000
27	35550000	35550000	35550000	35550000
28	35560000	35560000	35560000	35560000
29	35560000	35560000	35560000	35560000
30	35560000	35560000	35560000	35560000
31	35560000	35560000	35560000	35560000
32	35560000	35560000	35560000	35560000
33	35550000	35550000	35550000	35550000
34	35560000	35560000	35560000	35560000
35	35560000	35550000	35560000	35560000
36	35550000	35550000	35550000	35550000
37	35550000	35550000	35550000	35550000
38	35560000	35560000	35560000	35560000
39	35550000	35550000	35550000	35550000
40	35550000	35550000	35550000	35550000
41	35550000	35550000	35550000	35550000
42	35560000	35560000	35560000	35560000
43	35550000	35560000	35550000	35550000
44	35550000	35550000	35550000	35550000
45	35550000	35550000	35550000	35550000
46	35560000	35560000	35560000	35560000
47	35560000	35560000	35560000	35560000
48	35560000	35560000	35560000	35560000
49	35550000	35560000	35560000	35550000
50	35560000	35560000	35560000	35560000
51	35560000	35560000	35560000	35560000
52	35550000	35550000	35550000	35550000
53	35560000	35560000	35560000	35560000
54	35560000	35560000	35560000	35560000
55	35560000	35560000	35560000	35560000
56	35560000	35560000	35560000	35560000
57	35560000	35570000	35560000	35560000
58	35560000	35560000	35560000	35560000
59	35560000	35560000	35560000	35560000
60	35560000	35570000	35570000	35560000
61	35560000	35560000	35560000	35560000
62	35570000	35560000	35560000	35560000
63	35560000	35550000	35560000	35560000
64	35550000	35550000	35550000	35550000
65	35560000	35560000	35560000	35560000
66	35560000	35560000	35570000	35560000
67	35560000	35570000	35560000	35560000
68	35570000	35560000	35570000	35570000
69	35560000	35560000	35560000	35560000
70	35560000	35570000	35570000	35560000
71	35550000	35550000	35550000	35550000
72	35560000	35560000	35560000	35560000
73	35550000	35550000	35550000	35550000
74	35550000	35550000	35550000	35550000
75	35560000	35560000	35560000	35560000
76	35550000	35550000	35550000	35550000
77	35560000	35560000	35560000	35560000
78	35550000	35560000	35560000	35550000
79	35570000	35570000	35570000	35570000
80	35560000	35560000	35560000	35560000
81	35560000	35560000	35560000	35560000
82	35550000	35550000	35550000	35550000
83	35550000	35550000	35550000	35550000
84	35570000	35560000	35560000	35570000
85	35560000	35560000	35560000	35560000
86	35560000	35560000	35560000	35560000
87	35550000	35550000	35550000	35550000
88	35550000	35550000	35550000	35550000
89	35570000	35570000	35570000	35570000
90	35560000	35560000	35560000	35560000
91	35550000	35550000	35550000	35550000
92	35560000	35570000	35570000	35560000
93	35550000	35550000	35550000	35550000
94	35560000	35560000	35560000	35560000
95	35550000	35550000	35550000	35550000
96	35560000	35550000	35550000	35560000
97	35560000	35560000	35560000	35560000
98	35560000	35560000	35560000	35550000
99	35560000	35560000	35560000	35560000
100	35560000	35560000	35560000	35560000
101	35560000	35560000	35560000	35560000
102	35560000	35560000	35560000	35560000
103	35560000	35560000	35560000	35560000
104	35560000	35560000	35560000	35560000
105	35560000	35560000	35560000	35560000
106	35560000	35560000	35560000	35560000
107	35560000	35560000	35560000	35560000
108	35560000	35560000	35560000	35560000
109	35560000	35560000	35560000	35560000
110	35560000	35560000	35560000	35560000
111	35560000	35560000	35560000	35560000
112	35550000	35550000	35550000	35550000
113	35560000	35560000	35560000	35560000
114	35550000	35550000	35550000	35550000
115	35560000	35560000	35560000	35560000
116	35560000	35560000	35560000	35560000
117	35560000	35560000	35560000	35560000
118	35560000	35560000	35560000	35560000
119	35560000	35560000	35560000	35560000
120	35560000	35560000	35560000	35560000
121	35550000	35550000	35550000	35550000
122	35550000	35550000	35550000	35550000
123	35560000	35560000	35560000	35560000
124	35560000	35560000	35560000	35560000
125	35560000	35560000	35560000	35560000
126	35560000	35560000	35560000	35560000
127	35560000	35560000	35560000	35560000
128	35560000	35560000	35560000	35560000
129	35550000	35560000	35560000	35550000
130	35560000	35560000	35560000	35560000
131	35560000	35560000	35560000	35560000
132	35550000	35540000	35540000	35550000
133	35560000	35560000	35560000	35560000
134	35540000	35550000	35540000	35540000
135	35560000	35560000	35560000	35560000
136	35550000	35550000	35550000	35550000
137	35550000	35550000	35550000	35550000
138	35560000	35560000	35560000	35560000
139	35560000	35560000	35560000	35560000
140	35550000	35550000	35550000	35550000
141	35560000	35560000	35560000	35560000
142	35550000	35550000	35550000	35550000
143	35550000	35560000	35550000	35550000
144	35550000	35550000	35550000	35550000
145	35550000	35540000	35540000	35540000
146	35550000	35550000	35550000	35550000
147	35560000	35560000	35560000	35560000
148	35560000	35560000	35560000	35560000
149	35550000	35550000	35550000	35550000
150	35550000	35550000	35550000	35550000
151	35550000	35550000	35550000	35550000
152	35560000	35560000	35560000	35560000
153	35550000	35550000	35550000	35550000
154	35550000	35550000	35550000	35550000
155	35560000	35550000	35550000	35560000
156	35560000	35560000	35560000	35560000
157	35560000	35550000	35550000	35560000
158	35550000	35560000	35550000	35550000
159	35550000	35550000	35550000	35550000
160	35560000	35560000	35560000	35560000
161	35560000	35560000	35560000	35560000
162	35550000	35550000	35550000	35550000
163	35560000	35560000	35560000	35560000
164	35560000	35560000	35560000	35560000
165	35560000	35560000	35560000	35560000
166	35560000	35560000	35560000	35560000
167	35560000	35560000	35560000	35560000
168	35560000	35550000	35560000	35560000
169	35560000	35560000	35560000	35560000
170	35550000	35560000	35560000	35550000
171	35560000	35560000	35560000	35560000
172	35560000	35560000	35560000	35560000
173	35560000	35560000	35560000	35560000
174	35560000	35550000	35560000	35560000
175	35560000	35550000	35550000	35560000
176	35550000	35550000	35550000	35550000
177	35560000	35560000	35560000	35560000
178	35550000	35550000	35550000	35550000
179	35550000	35550000	35550000	35550000
180	35550000	35550000	35550000	35550000
181	35560000	35560000	35560000	35560000
182	35550000	35550000	35550000	35550000
183	35550000	35550000	35550000	35550000
184	35550000	35550000	35550000	35550000
185	35550000	35550000	35550000	35550000
186	35560000	35560000	35560000	35560000
187	35560000	35560000	35560000	35560000
188	35550000	35550000	35550000	35550000
189	35560000	35560000	35560000	35560000
190	35550000	35560000	35560000	35550000
191	35550000	35550000	35550000	35550000
192	35540000	35550000	35550000	35540000
193	35550000	35550000	35550000	35550000
194	35550000	35550000	35550000	35550000
195	35550000	35550000	35550000	35550000
196	35560000	35560000	35560000	35560000
197	35560000	35560000	35560000	35560000
198	35560000	35560000	35560000	35560000
199	35550000	35550000	35550000	35550000
200	35560000	35560000	35560000	35560000
201	35560000	35560000	35560000	35560000
202	35560000	35560000	35560000	35560000
203	35560000	35560000	35560000	35560000
204	35550000	35560000	35550000	35550000
205	35560000	35560000	35560000	35560000
206	35550000	35550000	35550000	35550000
207	35560000	35560000	35560000	35560000
208	35550000	35560000	35560000	35550000
209	35550000	35550000	35550000	35550000
210	35550000	35560000	35550000	35550000
211	35560000	35550000	35560000	35560000
212	35560000	35560000	35560000	35560000
213	35560000	35560000	35560000	35560000
214	35550000	35560000	35560000	35550000
215	35550000	35550000	35550000	35550000
216	35560000	35560000	35560000	35560000
217	35550000	35550000	35550000	35550000
218	35550000	35540000	35550000	35550000
219	35560000	35560000	35560000	35560000
220	35550000	35560000	35560000	35550000
221	35550000	35550000	35550000	35550000
222	35560000	35560000	35560000	35560000
223	35570000	35570000	35570000	35570000
224	35560000	35560000	35560000	35560000
225	35560000	35560000	35560000	35560000
226	35570000	35570000	35570000	35570000
227	35550000	35550000	35550000	35550000
228	35560000	35550000	35550000	35560000
229	35560000	35550000	35560000	35560000
230	35550000	35550000	35550000	35550000
231	35560000	35550000	35550000	35560000
232	35550000	35550000	35550000	35550000
233	35570000	35570000	35570000	35570000
234	35550000	35550000	35550000	35550000
235	35560000	35560000	35560000	35560000
236	35560000	35560000	35560000	35560000
237	35560000	35560000	35560000	35560000
238	35550000	35550000	35550000	35550000
239	35560000	35570000	35560000	35560000
240	35550000	35550000	35550000	35550000
241	35560000	35560000	35560000	35560000
242	35560000	35560000	35560000	35560000
243	35550000	35550000	35550000	35550000
244	35560000	35560000	35560000	35560000
245	35550000	35550000	35550000	35550000
246	35550000	35550000	35550000	35550000
247	35560000	35560000	35560000	35560000
248	35560000	35560000	35560000	35560000
249	35560000	35550000	35550000	35560000
250	35560000	35560000	35560000	35560000
251	35550000	35550000	35550000	35550000
252	35560000	35560000	35560000	35560000
253	35560000	35560000	35560000	35560000
254	35560000	35550000	35560000	35560000
255	35560000	35560000	35560000	35560000
256	35560000	35560000	35560000	35560000
257	35560000	35560000	35560000	35560000
258	35550000	35550000	35550000	35550000
259	35550000	35550000	35550000	35550000
260	35560000	35560000	35560000	35560000
261	35560000	35560000	35560000	35560000
262	35560000	35560000	35560000	35560000
263	35560000	35570000	35560000	35560000
264	35570000	35560000	35560000	35570000
265	35560000	35560000	35560000	35560000
266	35560000	35560000	35560000	35560000
267	35570000	35570000	35570000	35570000
268	35560000	35560000	35560000	35560000
269	35560000	35560000	35560000	35560000
270	35570000	35570000	35570000	35570000
271	35560000	35560000	35560000	35560000
272	35560000	35560000	35560000	35560000
273	35560000	35560000	35560000	35560000
274	35560000	35560000	35560000	35560000
275	35560000	35560000	35560000	35560000
276	35560000	35560000	35560000	35560000
277	35550000	35550000	35550000	35550000
278	35560000	35560000	35560000	35560000
279	35550000	35550000	35550000	35550000
280	35560000	35550000	35560000	35560000
281	35560000	35560000	35560000	35560000
282	35550000	35560000	35560000	35560000
283	35560000	35560000	35560000	35560000
284	35560000	35560000	35560000	35560000
285	35550000	35550000	35550000	35550000
286	35550000	35550000	35550000	35550000
287	35550000	35550000	35550000	35550000
288	35560000	35560000	35560000	35560000
289	35560000	35560000	35560000	35560000
290	35570000	35560000	35560000	35570000
291	35560000	35560000	35560000	35560000
292	35560000	35560000	35560000	35560000
293	35550000	35550000	35550000	35550000
294	35560000	35560000	35560000	35560000
295	35560000	35560000	35560000	35560000
296	35560000	35550000	35550000	35550000
297	35550000	35550000	35550000	35550000
298	35560000	35560000	35560000	35560000
299	35560000	35560000	35560000	35560000
300	35550000	35560000	35560000	35560000
301	35570000	35570000	35570000	35570000
302	35570000	35560000	35560000	35570000
303	35560000	35570000	35570000	35560000
304	35560000	35560000	35560000	35560000
305	35560000	35560000	35560000	35560000
306	35570000	35580000	35570000	35570000
307	35570000	35560000	35560000	35570000
308	35560000	35560000	35560000	35560000
309	35560000	35560000	35560000	35560000
310	35560000	35550000	35560000	35560000
311	35560000	35560000	35560000	35560000
312	35550000	35550000	35550000	35550000
313	35560000	35560000	35560000	35560000
314	35550000	35560000	35560000	35560000
315	35550000	35560000	35560000	35550000
316	35560000	35560000	35560000	35560000
317	35560000	35560000	35560000	35560000
318	35560000	35560000	35560000	35560000
319	35550000	35560000	35560000	35550000
320	35560000	35560000	35560000	35560000
321	35550000	35550000	35550000	35550000
322	35560000	35560000	35560000	35560000
323	35560000	35560000	35560000	35560000
324	35550000	35560000	35560000	35550000
325	35560000	35560000	35560000	35560000
326	35560000	35560000	35560000	35560000
327	35560000	35560000	35560000	35560000
328	35550000	35550000	35550000	35550000
329	35560000	35560000	35560000	35560000
330	35560000	35560000	35560000	35560000
331	35560000	35560000	35560000	35560000
332	35560000	35560000	35560000	35560000
333	35560000	35560000	35560000	35560000
334	35550000	35550000	35550000	35550000
335	35550000	35550000	35550000	35550000
336	35560000	35560000	35560000	35560000
337	35550000	35550000	35550000	35550000
338	35560000	35570000	35560000	35560000
339	35550000	35560000	35550000	35550000
340	35550000	35550000	35550000	35550000
341	35560000	35560000	35560000	35560000
342	35550000	35560000	35550000	35550000
343	35560000	35560000	35560000	35560000
344	35560000	35560000	35560000	35560000
345	35560000	35560000	35560000	35560000
346	35560000	35560000	35560000	35560000
347	35560000	35560000	35560000	35560000
348	35560000	35560000	35560000	35560000
349	35550000	35550000	35550000	35550000
350	35550000	35550000	35550000	35550000
351	35550000	35550000	35550000	35550000
352	35550000	35550000	35550000	35550000
353	35560000	35560000	35560000	35560000
354	35550000	35550000	35550000	35550000
355	35550000	35550000	35550000	35550000
356	35560000	35560000	35560000	35560000
357	35550000	35560000	35550000	35550000
358	35570000	35570000	35570000	35570000
359	35550000	35560000	35560000	35550000
360	35550000	35550000	35550000	35550000
361	35550000	35550000	35550000	35550000
362	35560000	35560000	35560000	35560000
363	35560000	35560000	35560000	35560000
364	35550000	35550000	35550000	35550000
365	35550000	35550000	35550000	35550000
366	35560000	35560000	35560000	35560000
367	35550000	35550000	35550000	35550000
368	35550000	35550000	35550000	35550000
369	35550000	35550000	35550000	35550000
370	35550000	35550000	35550000	35550000
371	35550000	35550000	35550000	35550000
372	35560000	35560000	35560000	35560000
373	35570000	35570000	35570000	35570000
374	35560000	35560000	35560000	35560000
375	35560000	35560000	35560000	35560000
376	35550000	35550000	35550000	35550000
377	35560000	35560000	35560000	35560000
378	35560000	35550000	35550000	35560000
379	35560000	35560000	35560000	35560000
380	35560000	35560000	35560000	35560000
381	35560000	35560000	35560000	35560000
382	35570000	35570000	35570000	35570000
383	35560000	35550000	35550000	35560000
384	35550000	35550000	35550000	35550000
385	35560000	35570000	35570000	35560000
386	35550000	35550000	35550000	35550000
387	35550000	35550000	35550000	35550000
388	35560000	35560000	35560000	35560000
389	35560000	35560000	35560000	35560000
390	35560000	35560000	35560000	35560000
391	35560000	35560000	35560000	35560000
392	35560000	35560000	35560000	35560000
393	35560000	35560000	35560000	35560000
394	35560000	35550000	35550000	35560000
395	35560000	35550000	35550000	35560000
396	35560000	35560000	35560000	35560000
397	35560000	35560000	35560000	35560000
398	35560000	35560000	35560000	35560000
399	35560000	35560000	35560000	35560000
400	35560000	35560000	35560000	35560000
401	35550000	35560000	35560000	35550000
402	35560000	35550000	35550000	35560000
403	35560000	35560000	35560000	35560000
404	35560000	35560000	35560000	35560000
405	35560000	35560000	35560000	35560000
406	35560000	35560000	35560000	35560000
407	35550000	35550000	35550000	35550000
408	35560000	35550000	35550000	35560000
409	35570000	35560000	35570000	35570000
410	35560000	35560000	35560000	35560000
411	35560000	35560000	35560000	35560000
412	35570000	35560000	35570000	35570000
413	35570000	35560000	35560000	35570000
414	35560000	35560000	35560000	35560000
415	35550000	35560000	35560000	35550000
416	35560000	35560000	35560000	35560000
417	35560000	35560000	35560000	35560000
418	35560000	35560000	35560000	35560000
419	35560000	35570000	35570000	35560000
420	35560000	35560000	35560000	35560000
421	35560000	35560000	35560000	35560000
422	35560000	35560000	35560000	35560000
423	35560000	35560000	35560000	35560000
424	35560000	35560000	35560000	35560000
425	35560000	35560000	35560000	35560000
426	35550000	35550000	35550000	35550000
427	35560000	35550000	35560000	35560000
428	35550000	35560000	35560000	35550000
429	35560000	35560000	35560000	35560000
430	35570000	35560000	35570000	35570000
431	35570000	35560000	35560000	35570000
432	35560000	35550000	35550000	35550000
433	35550000	35550000	35550000	35550000
434	35560000	35560000	35560000	35560000
435	35550000	35560000	35560000	35550000
436	35570000	35570000	35570000	35570000
437	35560000	35560000	35560000	35560000
438	35560000	35560000	35560000	35560000
439	35560000	35560000	35560000	35560000
440	35560000	35560000	35560000	35560000
441	35550000	35560000	35550000	35550000
442	35560000	35560000	35560000	35560000
443	35560000	35550000	35550000	35560000
444	35560000	35560000	35560000	35560000
445	35550000	35550000	35550000	35550000
446	35560000	35560000	35560000	35560000
447	35560000	35560000	35560000	35560000
448	35550000	35550000	35550000	35550000
449	35560000	35560000	35560000	35560000
450	35560000	35560000	35560000	35560000
451	35560000	35560000	35560000	35560000
452	35570000	35570000	35570000	35570000
453	35560000	35560000	35560000	35560000
454	35570000	35560000	35560000	35570000
455	35560000	35560000	35560000	35560000
456	35560000	35570000	35560000	35560000
457	35560000	35560000	35560000	35560000
458	35560000	35560000	35560000	35560000
459	35570000	35560000	35570000	35570000
460	35560000	35560000	35560000	35560000
461	35560000	35560000	35560000	35560000
462	35560000	35560000	35560000	35560000
463	35570000	35570000	35570000	35570000
464	35560000	35560000	35560000	35560000
465	35550000	35550000	35550000	35550000
466	35550000	35560000	35560000	35550000
467	35560000	35560000	35560000	35560000
468	35560000	35560000	35560000	35560000
469	35560000	35560000	35560000	35560000
470	35560000	35560000	35560000	35560000
471	35550000	35560000	35560000	35550000
472	35550000	35550000	35550000	35550000
473	35560000	35560000	35560000	35560000
474	35550000	35550000	35550000	35550000
475	35540000	35550000	35550000	35540000
476	35550000	35550000	35550000	35550000
477	35550000	35550000	35550000	35550000
478	35560000	35560000	35560000	35560000
479	35560000	35560000	35560000	35560000
480	35550000	35550000	35550000	35550000
481	35550000	35550000	35550000	35550000
482	35550000	35550000	35550000	35550000
483	35550000	35550000	35550000	35550000
484	35550000	35550000	35550000	35550000
485	35560000	35560000	35560000	35560000
486	35550000	35550000	35550000	35550000
487	35560000	35560000	35560000	35560000
488	35550000	35550000	35550000	35550000
489	35560000	35560000	35550000	35580000
490	35560000	35560000	35560000	35560000
491	35560000	35560000	35560000	35560000
492	35560000	35560000	35560000	35560000
493	35560000	35560000	35560000	35560000
494	35560000	35560000	35560000	35560000
495	35550000	35550000	35550000	35550000
496	35560000	35560000	35560000	35560000
497	35550000	35560000	35560000	35550000
498	35560000	35570000	35560000	35560000
499	35550000	35550000	35550000	35550000

============================================================
# BITSTREAM: 100us_5etapas.bit
# VENTANA: 100us
# ETAPAS_PRINCIPAL: 5
# NUM_MUESTRAS: 500
# FORMATO: idx	freq1_hz	freq2_hz	freq3_hz	freq4_hz
============================================================
idx	freq1_hz	freq2_hz	freq3_hz	freq4_hz
0	33490000	33490000	33490000	33490000
1	33490000	33490000	33490000	33490000
2	33500000	33490000	33490000	33490000
3	33490000	33490000	33500000	33500000
4	33500000	33510000	33500000	33500000
5	33480000	33490000	33490000	33490000
6	33490000	33490000	33490000	33490000
7	33490000	33490000	33500000	33490000
8	33490000	33490000	33490000	33490000
9	33490000	33490000	33500000	33490000
10	33490000	33490000	33490000	33490000
11	33490000	33490000	33490000	33490000
12	33490000	33490000	33490000	33500000
13	33490000	33490000	33490000	33490000
14	33480000	33480000	33490000	33480000
15	33470000	33480000	33480000	33480000
16	33490000	33490000	33480000	33480000
17	33490000	33490000	33500000	33500000
18	33490000	33490000	33490000	33490000
19	33480000	33490000	33490000	33490000
20	33490000	33490000	33490000	33490000
21	33480000	33480000	33480000	33480000
22	33480000	33490000	33480000	33490000
23	33480000	33480000	33480000	33480000
24	33480000	33480000	33490000	33490000
25	33480000	33480000	33480000	33480000
26	33490000	33490000	33480000	33490000
27	33490000	33480000	33480000	33480000
28	33480000	33480000	33490000	33480000
29	33480000	33490000	33490000	33490000
30	33480000	33490000	33490000	33490000
31	33490000	33490000	33480000	33480000
32	33480000	33490000	33490000	33490000
33	33480000	33480000	33480000	33480000
34	33480000	33480000	33480000	33480000
35	33480000	33480000	33490000	33480000
36	33480000	33480000	33480000	33480000
37	33490000	33490000	33480000	33490000
38	33490000	33490000	33490000	33490000
39	33490000	33480000	33490000	33480000
40	33480000	33480000	33490000	33480000
41	33490000	33490000	33480000	33490000
42	33490000	33490000	33490000	33490000
43	33490000	33490000	33500000	33490000
44	33480000	33480000	33480000	33490000
45	33490000	33480000	33490000	33490000
46	33490000	33490000	33500000	33490000
47	33490000	33480000	33480000	33480000
48	33490000	33480000	33490000	33480000
49	33480000	33480000	33490000	33480000
50	33480000	33490000	33490000	33490000
51	33490000	33480000	33490000	33490000
52	33500000	33490000	33490000	33490000
53	33480000	33480000	33480000	33480000
54	33480000	33490000	33480000	33490000
55	33490000	33480000	33480000	33480000
56	33490000	33490000	33480000	33490000
57	33490000	33490000	33490000	33490000
58	33490000	33490000	33490000	33490000
59	33500000	33490000	33490000	33490000
60	33490000	33500000	33500000	33500000
61	33490000	33490000	33490000	33490000
62	33480000	33490000	33490000	33490000
63	33490000	33490000	33480000	33490000
64	33490000	33490000	33500000	33490000
65	33490000	33490000	33490000	33490000
66	33480000	33490000	33490000	33490000
67	33490000	33490000	33490000	33490000
68	33500000	33500000	33490000	33490000
69	33480000	33490000	33490000	33490000
70	33490000	33490000	33500000	33500000
71	33490000	33480000	33490000	33490000
72	33490000	33490000	33490000	33490000
73	33490000	33490000	33490000	33490000
74	33480000	33480000	33490000	33490000
75	33490000	33490000	33490000	33500000
76	33490000	33490000	33490000	33490000
77	33490000	33490000	33490000	33500000
78	33490000	33490000	33490000	33490000
79	33490000	33490000	33490000	33490000
80	33490000	33480000	33480000	33480000
81	33480000	33490000	33490000	33490000
82	33490000	33490000	33490000	33490000
83	33480000	33480000	33490000	33480000
84	33490000	33490000	33490000	33490000
85	33490000	33480000	33480000	33480000
86	33490000	33490000	33490000	33490000
87	33490000	33490000	33490000	33480000
88	33490000	33490000	33490000	33490000
89	33480000	33480000	33490000	33490000
90	33500000	33490000	33490000	33490000
91	33480000	33490000	33490000	33490000
92	33480000	33490000	33490000	33490000
93	33490000	33490000	33480000	33480000
94	33490000	33490000	33480000	33480000
95	33490000	33490000	33490000	33490000
96	33480000	33490000	33490000	33490000
97	33490000	33490000	33490000	33490000
98	33490000	33490000	33490000	33490000
99	33480000	33480000	33490000	33490000
100	33490000	33500000	33490000	33490000
101	33490000	33490000	33490000	33490000
102	33490000	33490000	33490000	33490000
103	33480000	33480000	33480000	33480000
104	33490000	33500000	33490000	33490000
105	33500000	33500000	33490000	33490000
106	33480000	33480000	33480000	33480000
107	33490000	33490000	33490000	33480000
108	33480000	33490000	33480000	33490000
109	33490000	33480000	33480000	33480000
110	33490000	33480000	33480000	33480000
111	33490000	33490000	33490000	33490000
112	33490000	33490000	33490000	33490000
113	33490000	33480000	33490000	33490000
114	33490000	33490000	33490000	33490000
115	33490000	33490000	33480000	33490000
116	33490000	33490000	33490000	33490000
117	33490000	33490000	33490000	33490000
118	33500000	33500000	33490000	33490000
119	33490000	33490000	33490000	33490000
120	33480000	33490000	33490000	33490000
121	33500000	33490000	33490000	33490000
122	33500000	33500000	33500000	33500000
123	33490000	33500000	33500000	33500000
124	33500000	33490000	33490000	33490000
125	33490000	33490000	33500000	33490000
126	33490000	33490000	33490000	33490000
127	33490000	33490000	33500000	33490000
128	33490000	33490000	33500000	33490000
129	33500000	33500000	33500000	33500000
130	33490000	33490000	33490000	33490000
131	33490000	33490000	33500000	33490000
132	33480000	33490000	33490000	33490000
133	33490000	33490000	33490000	33490000
134	33500000	33500000	33490000	33500000
135	33490000	33490000	33490000	33490000
136	33500000	33490000	33490000	33490000
137	33500000	33500000	33510000	33500000
138	33490000	33490000	33490000	33490000
139	33510000	33510000	33510000	33510000
140	33500000	33500000	33500000	33500000
141	33510000	33510000	33500000	33500000
142	33490000	33490000	33490000	33490000
143	33490000	33500000	33500000	33500000
144	33500000	33500000	33500000	33500000
145	33490000	33500000	33500000	33500000
146	33500000	33500000	33490000	33500000
147	33500000	33500000	33500000	33500000
148	33500000	33500000	33510000	33500000
149	33490000	33490000	33500000	33500000
150	33490000	33500000	33500000	33500000
151	33500000	33500000	33500000	33500000
152	33490000	33500000	33490000	33500000
153	33490000	33490000	33490000	33480000
154	33500000	33490000	33490000	33490000
155	33490000	33490000	33490000	33490000
156	33490000	33490000	33490000	33490000
157	33490000	33490000	33490000	33490000
158	33490000	33480000	33490000	33490000
159	33500000	33500000	33490000	33490000
160	33500000	33500000	33490000	33490000
161	33490000	33490000	33500000	33490000
162	33490000	33490000	33490000	33480000
163	33500000	33490000	33490000	33490000
164	33490000	33490000	33490000	33490000
165	33490000	33490000	33490000	33490000
166	33490000	33490000	33490000	33490000
167	33490000	33490000	33490000	33490000
168	33500000	33490000	33490000	33490000
169	33490000	33490000	33490000	33490000
170	33500000	33500000	33490000	33490000
171	33500000	33500000	33500000	33500000
172	33490000	33480000	33490000	33490000
173	33490000	33490000	33490000	33490000
174	33480000	33480000	33490000	33480000
175	33500000	33500000	33490000	33490000
176	33490000	33500000	33500000	33500000
177	33490000	33490000	33490000	33490000
178	33500000	33500000	33490000	33490000
179	33490000	33490000	33490000	33490000
180	33490000	33490000	33490000	33490000
181	33490000	33490000	33490000	33490000
182	33500000	33500000	33490000	33500000
183	33490000	33490000	33490000	33490000
184	33480000	33490000	33490000	33490000
185	33490000	33490000	33480000	33490000
186	33490000	33490000	33490000	33490000
187	33500000	33500000	33490000	33490000
188	33490000	33490000	33480000	33490000
189	33480000	33490000	33490000	33490000
190	33490000	33480000	33490000	33480000
191	33490000	33490000	33490000	33490000
192	33480000	33490000	33490000	33490000
193	33480000	33490000	33490000	33490000
194	33490000	33490000	33490000	33490000
195	33490000	33490000	33490000	33490000
196	33490000	33490000	33480000	33490000
197	33490000	33490000	33490000	33500000
198	33490000	33490000	33490000	33490000
199	33490000	33490000	33480000	33480000
200	33500000	33500000	33500000	33500000
201	33480000	33490000	33490000	33490000
202	33490000	33490000	33500000	33490000
203	33500000	33500000	33490000	33500000
204	33490000	33500000	33500000	33500000
205	33500000	33490000	33490000	33490000
206	33490000	33490000	33490000	33490000
207	33490000	33490000	33490000	33490000
208	33480000	33480000	33490000	33490000
209	33490000	33490000	33490000	33490000
210	33490000	33490000	33490000	33490000
211	33490000	33500000	33500000	33500000
212	33490000	33490000	33480000	33490000
213	33490000	33490000	33500000	33500000
214	33490000	33490000	33490000	33490000
215	33490000	33490000	33490000	33490000
216	33500000	33490000	33490000	33490000
217	33490000	33490000	33500000	33490000
218	33490000	33490000	33480000	33490000
219	33490000	33490000	33500000	33490000
220	33490000	33490000	33490000	33490000
221	33490000	33490000	33500000	33490000
222	33490000	33500000	33490000	33500000
223	33500000	33500000	33500000	33500000
224	33500000	33500000	33500000	33500000
225	33500000	33500000	33500000	33500000
226	33490000	33490000	33490000	33490000
227	33500000	33490000	33490000	33490000
228	33490000	33490000	33480000	33490000
229	33490000	33490000	33490000	33490000
230	33480000	33490000	33490000	33490000
231	33500000	33490000	33490000	33490000
232	33490000	33490000	33490000	33490000
233	33490000	33490000	33490000	33490000
234	33500000	33490000	33490000	33490000
235	33490000	33490000	33500000	33490000
236	33500000	33490000	33490000	33490000
237	33490000	33490000	33490000	33490000
238	33500000	33500000	33490000	33500000
239	33490000	33490000	33490000	33490000
240	33480000	33480000	33490000	33480000
241	33500000	33490000	33490000	33490000
242	33490000	33490000	33490000	33490000
243	33500000	33500000	33490000	33500000
244	33500000	33490000	33490000	33490000
245	33490000	33490000	33490000	33490000
246	33490000	33490000	33500000	33500000
247	33480000	33480000	33490000	33480000
248	33490000	33490000	33500000	33500000
249	33500000	33490000	33490000	33490000
250	33490000	33490000	33490000	33500000
251	33500000	33500000	33490000	33490000
252	33490000	33490000	33500000	33500000
253	33490000	33490000	33490000	33480000
254	33490000	33490000	33480000	33490000
255	33500000	33490000	33490000	33490000
256	33490000	33500000	33500000	33500000
257	33490000	33490000	33490000	33490000
258	33490000	33480000	33480000	33480000
259	33490000	33490000	33490000	33490000
260	33490000	33500000	33500000	33500000
261	33490000	33480000	33480000	33480000
262	33480000	33480000	33480000	33480000
263	33500000	33490000	33490000	33490000
264	33490000	33490000	33490000	33490000
265	33500000	33490000	33490000	33490000
266	33490000	33490000	33480000	33490000
267	33490000	33490000	33490000	33490000
268	33500000	33490000	33490000	33490000
269	33500000	33500000	33490000	33500000
270	33500000	33500000	33500000	33500000
271	33490000	33500000	33500000	33500000
272	33490000	33490000	33500000	33490000
273	33490000	33490000	33490000	33490000
274	33490000	33490000	33490000	33490000
275	33500000	33500000	33500000	33500000
276	33490000	33490000	33490000	33490000
277	33490000	33490000	33490000	33490000
278	33490000	33490000	33490000	33490000
279	33490000	33490000	33490000	33490000
280	33500000	33490000	33500000	33490000
281	33490000	33490000	33490000	33490000
282	33490000	33490000	33490000	33490000
283	33490000	33490000	33490000	33490000
284	33490000	33490000	33490000	33490000
285	33500000	33500000	33510000	33510000
286	33490000	33490000	33490000	33490000
287	33490000	33480000	33490000	33490000
288	33480000	33490000	33490000	33490000
289	33480000	33480000	33490000	33490000
290	33490000	33490000	33500000	33490000
291	33490000	33500000	33500000	33500000
292	33490000	33480000	33490000	33490000
293	33490000	33490000	33480000	33490000
294	33490000	33490000	33490000	33490000
295	33480000	33490000	33490000	33490000
296	33490000	33490000	33500000	33490000
297	33490000	33490000	33500000	33500000
298	33490000	33490000	33490000	33490000
299	33500000	33500000	33490000	33500000
300	33480000	33480000	33490000	33490000
301	33490000	33490000	33490000	33490000
302	33490000	33490000	33490000	33490000
303	33490000	33490000	33490000	33490000
304	33500000	33500000	33490000	33490000
305	33490000	33490000	33490000	33490000
306	33490000	33490000	33480000	33490000
307	33490000	33490000	33500000	33500000
308	33500000	33490000	33490000	33490000
309	33490000	33480000	33490000	33490000
310	33490000	33490000	33490000	33480000
311	33500000	33490000	33490000	33490000
312	33490000	33480000	33480000	33480000
313	33490000	33490000	33500000	33490000
314	33490000	33490000	33490000	33490000
315	33490000	33490000	33490000	33490000
316	33480000	33490000	33490000	33490000
317	33490000	33490000	33490000	33490000
318	33500000	33490000	33500000	33490000
319	33490000	33490000	33500000	33490000
320	33500000	33490000	33490000	33490000
321	33490000	33490000	33490000	33490000
322	33500000	33500000	33490000	33490000
323	33480000	33480000	33480000	33480000
324	33480000	33490000	33490000	33490000
325	33480000	33490000	33490000	33490000
326	33490000	33490000	33490000	33490000
327	33480000	33490000	33490000	33490000
328	33480000	33490000	33490000	33490000
329	33490000	33490000	33490000	33490000
330	33480000	33480000	33480000	33480000
331	33490000	33490000	33490000	33490000
332	33490000	33500000	33490000	33490000
333	33510000	33510000	33500000	33500000
334	33490000	33500000	33500000	33500000
335	33500000	33490000	33490000	33490000
336	33490000	33500000	33490000	33500000
337	33480000	33480000	33490000	33480000
338	33490000	33490000	33490000	33490000
339	33480000	33480000	33480000	33480000
340	33480000	33480000	33480000	33480000
341	33490000	33490000	33490000	33490000
342	33490000	33490000	33490000	33490000
343	33490000	33490000	33490000	33490000
344	33490000	33490000	33490000	33490000
345	33480000	33480000	33490000	33490000
346	33500000	33490000	33490000	33490000
347	33500000	33490000	33490000	33490000
348	33490000	33490000	33490000	33490000
349	33490000	33500000	33500000	33500000
350	33490000	33480000	33490000	33480000
351	33490000	33490000	33490000	33500000
352	33490000	33490000	33480000	33490000
353	33490000	33490000	33490000	33490000
354	33500000	33500000	33500000	33500000
355	33490000	33500000	33500000	33500000
356	33500000	33490000	33490000	33490000
357	33490000	33490000	33480000	33490000
358	33490000	33500000	33490000	33500000
359	33500000	33500000	33490000	33490000
360	33490000	33500000	33500000	33500000
361	33490000	33490000	33490000	33490000
362	33490000	33490000	33490000	33490000
363	33490000	33490000	33490000	33490000
364	33500000	33500000	33490000	33490000
365	33490000	33490000	33490000	33490000
366	33500000	33490000	33490000	33490000
367	33490000	33480000	33490000	33490000
368	33490000	33500000	33500000	33500000
369	33490000	33500000	33490000	33500000
370	33500000	33490000	33490000	33490000
371	33490000	33500000	33490000	33500000
372	33490000	33500000	33500000	33500000
373	33490000	33490000	33490000	33490000
374	33480000	33490000	33490000	33490000
375	33480000	33490000	33490000	33490000
376	33500000	33490000	33490000	33490000
377	33490000	33490000	33490000	33490000
378	33500000	33500000	33490000	33500000
379	33500000	33500000	33500000	33500000
380	33500000	33500000	33500000	33500000
381	33510000	33500000	33500000	33500000
382	33490000	33490000	33490000	33490000
383	33490000	33490000	33490000	33490000
384	33490000	33490000	33500000	33500000
385	33490000	33480000	33490000	33480000
386	33500000	33500000	33500000	33500000
387	33500000	33500000	33500000	33500000
388	33500000	33490000	33500000	33490000
389	33490000	33490000	33480000	33490000
390	33500000	33490000	33490000	33490000
391	33490000	33490000	33490000	33490000
392	33490000	33480000	33480000	33480000
393	33500000	33500000	33500000	33500000
394	33500000	33500000	33500000	33500000
395	33500000	33500000	33500000	33500000
396	33490000	33490000	33500000	33500000
397	33490000	33500000	33500000	33500000
398	33500000	33500000	33500000	33500000
399	33500000	33500000	33500000	33500000
400	33490000	33490000	33500000	33490000
401	33500000	33500000	33490000	33500000
402	33510000	33510000	33500000	33510000
403	33490000	33490000	33490000	33490000
404	33500000	33500000	33500000	33500000
405	33490000	33490000	33490000	33490000
406	33490000	33490000	33490000	33490000
407	33490000	33490000	33490000	33490000
408	33500000	33500000	33500000	33500000
409	33500000	33490000	33490000	33490000
410	33500000	33500000	33500000	33500000
411	33490000	33480000	33490000	33490000
412	33490000	33490000	33490000	33490000
413	33490000	33490000	33500000	33500000
414	33480000	33480000	33490000	33480000
415	33490000	33490000	33480000	33490000
416	33480000	33480000	33480000	33480000
417	33490000	33490000	33490000	33490000
418	33500000	33500000	33490000	33500000
419	33480000	33490000	33490000	33490000
420	33490000	33490000	33500000	33500000
421	33490000	33490000	33480000	33480000
422	33490000	33490000	33480000	33490000
423	33490000	33480000	33480000	33480000
424	33490000	33490000	33480000	33480000
425	33480000	33480000	33480000	33490000
426	33490000	33500000	33490000	33500000
427	33490000	33490000	33490000	33490000
428	33490000	33490000	33490000	33500000
429	33490000	33490000	33480000	33490000
430	33500000	33490000	33490000	33490000
431	33500000	33500000	33490000	33490000
432	33490000	33500000	33490000	33500000
433	33500000	33490000	33490000	33490000
434	33500000	33500000	33490000	33500000
435	33490000	33490000	33490000	33490000
436	33490000	33490000	33490000	33490000
437	33500000	33490000	33490000	33490000
438	33490000	33490000	33490000	33490000
439	33490000	33490000	33490000	33490000
440	33500000	33500000	33490000	33490000
441	33490000	33490000	33490000	33490000
442	33490000	33490000	33490000	33490000
443	33490000	33490000	33500000	33500000
444	33490000	33490000	33490000	33480000
445	33490000	33490000	33490000	33490000
446	33490000	33490000	33490000	33490000
447	33490000	33490000	33490000	33490000
448	33480000	33490000	33490000	33490000
449	33490000	33490000	33480000	33490000
450	33480000	33480000	33480000	33480000
451	33480000	33490000	33490000	33490000
452	33490000	33480000	33490000	33490000
453	33490000	33490000	33480000	33490000
454	33500000	33490000	33490000	33490000
455	33500000	33500000	33490000	33490000
456	33490000	33490000	33500000	33490000
457	33500000	33510000	33500000	33510000
458	33490000	33490000	33490000	33490000
459	33490000	33490000	33490000	33490000
460	33490000	33500000	33500000	33500000
461	33480000	33480000	33490000	33490000
462	33500000	33490000	33490000	33490000
463	33480000	33480000	33490000	33480000
464	33500000	33490000	33490000	33490000
465	33490000	33490000	33490000	33490000
466	33490000	33490000	33480000	33480000
467	33480000	33480000	33480000	33480000
468	33490000	33490000	33490000	33490000
469	33490000	33490000	33490000	33490000
470	33490000	33490000	33490000	33490000
471	33490000	33480000	33480000	33480000
472	33490000	33490000	33490000	33490000
473	33490000	33480000	33490000	33490000
474	33490000	33490000	33500000	33490000
475	33500000	33500000	33490000	33490000
476	33500000	33500000	33500000	33500000
477	33480000	33490000	33490000	33490000
478	33490000	33490000	33490000	33490000
479	33490000	33490000	33490000	33490000
480	33490000	33480000	33480000	33480000
481	33490000	33480000	33490000	33480000
482	33490000	33490000	33490000	33490000
483	33490000	33490000	33490000	33490000
484	33480000	33480000	33490000	33490000
485	33500000	33490000	33490000	33490000
486	33480000	33480000	33480000	33480000
487	33490000	33490000	33490000	33490000
488	33500000	33500000	33500000	33500000
489	33480000	33480000	33480000	33480000
490	33500000	33500000	33490000	33500000
491	33490000	33490000	33490000	33490000
492	33490000	33490000	33480000	33490000
493	33500000	33500000	33490000	33490000
494	33490000	33490000	33490000	33490000
495	33490000	33490000	33490000	33490000
496	33500000	33500000	33490000	33500000
497	33490000	33490000	33500000	33490000
498	33490000	33490000	33490000	33490000
499	33490000	33490000	33490000	33490000

============================================================
# BITSTREAM: 100us_51etapas.bit
# VENTANA: 100us
# ETAPAS_PRINCIPAL: 51
# NUM_MUESTRAS: 500
# FORMATO: idx	freq1_hz	freq2_hz	freq3_hz	freq4_hz
============================================================
idx	freq1_hz	freq2_hz	freq3_hz	freq4_hz
0	7950000	31380000	31540000	28710000
1	27950000	31390000	31540000	28710000
2	27950000	31380000	31540000	28710000
3	27960000	31380000	31550000	28710000
4	27960000	31390000	31550000	28710000
5	27960000	31390000	31540000	28710000
6	27960000	31380000	31540000	28710000
7	27950000	31390000	31550000	28710000
8	27960000	31390000	31550000	28710000
9	27950000	31390000	31550000	28710000
10	27950000	31380000	31540000	28700000
11	27950000	31380000	31550000	28710000
12	27960000	31390000	31550000	28710000
13	27960000	31380000	31550000	28700000
14	27960000	31390000	31540000	28710000
15	27950000	31390000	31550000	28710000
16	27950000	31380000	31540000	28710000
17	27950000	31390000	31550000	28720000
18	27950000	31380000	31540000	28700000
19	27950000	31380000	31540000	28710000
20	27960000	31390000	31550000	28710000
21	27950000	31390000	31550000	28710000
22	27960000	31380000	31550000	28710000
23	27970000	31390000	31560000	28720000
24	27950000	31380000	31540000	28710000
25	27950000	31380000	31540000	28700000
26	27950000	31380000	31540000	28700000
27	27950000	31380000	31540000	28700000
28	27960000	31390000	31550000	28710000
29	27960000	31390000	31540000	28710000
30	27950000	31380000	31540000	28700000
31	27950000	31380000	31540000	28700000
32	27950000	31370000	31540000	28700000
33	27950000	31370000	31530000	28700000
34	27950000	31380000	31540000	28700000
35	27950000	31370000	31540000	28700000
36	27940000	31370000	31530000	28700000
37	27950000	31380000	31540000	28710000
38	27950000	31370000	31540000	28700000
39	27950000	31380000	31540000	28700000
40	27950000	31380000	31540000	28700000
41	27950000	31370000	31540000	28700000
42	27960000	31380000	31550000	28710000
43	27950000	31390000	31550000	28710000
44	27950000	31380000	31540000	28700000
45	27950000	31380000	31540000	28710000
46	27950000	31390000	31550000	28710000
47	27950000	31380000	31540000	28700000
48	27950000	31380000	31540000	28710000
49	27950000	31380000	31540000	28700000
50	27950000	31380000	31540000	28700000
51	27950000	31380000	31540000	28700000
52	27950000	31380000	31540000	28710000
53	27960000	31380000	31540000	28700000
54	27960000	31380000	31540000	28710000
55	27960000	31380000	31550000	28710000
56	27950000	31380000	31540000	28700000
57	27950000	31380000	31540000	28710000
58	27940000	31380000	31540000	28700000
59	27960000	31390000	31540000	28710000
60	27950000	31390000	31540000	28710000
61	27960000	31380000	31550000	28710000
62	27960000	31390000	31550000	28710000
63	27950000	31380000	31540000	28700000
64	27960000	31390000	31540000	28710000
65	27950000	31390000	31540000	28710000
66	27960000	31390000	31550000	28700000
67	27950000	31380000	31540000	28700000
68	27990000	31380000	31540000	28710000
69	27960000	31390000	31550000	28710000
70	27960000	31390000	31550000	28710000
71	27960000	31390000	31540000	28710000
72	27960000	31380000	31540000	28710000
73	27950000	31380000	31540000	28710000
74	27960000	31390000	31550000	28720000
75	27960000	31390000	31550000	28710000
76	27950000	31380000	31540000	28710000
77	27950000	31380000	31540000	28700000
78	27950000	31380000	31540000	28700000
79	27960000	31380000	31540000	28710000
80	27960000	31390000	31550000	28700000
81	27950000	31380000	31540000	28710000
82	27950000	31380000	31540000	28710000
83	27950000	31380000	31540000	28700000
84	27940000	31380000	31540000	28700000
85	27960000	31380000	31540000	28700000
86	27960000	31390000	31550000	28710000
87	27950000	31380000	31540000	28700000
88	27950000	31380000	31540000	28710000
89	27950000	31380000	31540000	28700000
90	27950000	31380000	31540000	28710000
91	27960000	31390000	31550000	28710000
92	27950000	31380000	31550000	28700000
93	27950000	31390000	31550000	28710000
94	27960000	31380000	31540000	28710000
95	27950000	31380000	31540000	28700000
96	27960000	31380000	31540000	28710000
97	27950000	31380000	31540000	28700000
98	27940000	31380000	31540000	28700000
99	27940000	31370000	31540000	28710000
100	27950000	31380000	31540000	28710000
101	27950000	31380000	31540000	28700000
102	27950000	31380000	31540000	28700000
103	27950000	31380000	31540000	28700000
104	27950000	31380000	31540000	28710000
105	27960000	31380000	31550000	28710000
106	27950000	31390000	31540000	28710000
107	27950000	31380000	31550000	28710000
108	27950000	31380000	31540000	28710000
109	27950000	31390000	31550000	28710000
110	27940000	31370000	31530000	28700000
111	27950000	31380000	31540000	28710000
112	27960000	31380000	31550000	28710000
113	27950000	31380000	31540000	28700000
114	27950000	31390000	31540000	28710000
115	27960000	31400000	31560000	28720000
116	27960000	31380000	31540000	28710000
117	27960000	31380000	31550000	28710000
118	27960000	31390000	31550000	28710000
119	27960000	31390000	31540000	28710000
120	27960000	31390000	31550000	28710000
121	27960000	31390000	31550000	28720000
122	27960000	31390000	31550000	28710000
123	27960000	31390000	31550000	28710000
124	27950000	31390000	31550000	28710000
125	27950000	31380000	31550000	28710000
126	27950000	31380000	31540000	28700000
127	27950000	31380000	31540000	28710000
128	27950000	31380000	31540000	28710000
129	27960000	31390000	31550000	28710000
130	27960000	31380000	31550000	28710000
131	27960000	31380000	31550000	28710000
132	27960000	31380000	31550000	28710000
133	27960000	31400000	31560000	28710000
134	27950000	31390000	31550000	28710000
135	27980000	31380000	31540000	28700000
136	27950000	31380000	31540000	28710000
137	27950000	31390000	31550000	28710000
138	27960000	31390000	31550000	28710000
139	27960000	31390000	31550000	28710000
140	27950000	31380000	31540000	28700000
141	27960000	31380000	31550000	28710000
142	27960000	31390000	31550000	28700000
143	27960000	31400000	31550000	28710000
144	27960000	31380000	31540000	28700000
145	27960000	31380000	31550000	28700000
146	27950000	31380000	31540000	28700000
147	27950000	31390000	31550000	28710000
148	27950000	31380000	31540000	28710000
149	27960000	31390000	31550000	28720000
150	27960000	31390000	31550000	28720000
151	27950000	31380000	31550000	28710000
152	27960000	31390000	31550000	28710000
153	27960000	31380000	31540000	28710000
154	27950000	31380000	31540000	28710000
155	27960000	31390000	31550000	28720000
156	27950000	31380000	31540000	28710000
157	27960000	31390000	31540000	28710000
158	27960000	31390000	31550000	28710000
159	27960000	31390000	31540000	28710000
160	27950000	31380000	31540000	28700000
161	27960000	31390000	31550000	28710000
162	27960000	31390000	31550000	28710000
163	27950000	31380000	31540000	28710000
164	27950000	31380000	31540000	28710000
165	27960000	31390000	31550000	28710000
166	27950000	31390000	31550000	28710000
167	27960000	31380000	31550000	28710000
168	27960000	31390000	31550000	28720000
169	27970000	31390000	31550000	28710000
170	27970000	31400000	31560000	28720000
171	27960000	31390000	31560000	28720000
172	27960000	31390000	31550000	28710000
173	27960000	31390000	31550000	28710000
174	27960000	31390000	31550000	28710000
175	27950000	31370000	31530000	28700000
176	27920000	31380000	31550000	28710000
177	27950000	31380000	31540000	28710000
178	27960000	31390000	31550000	28720000
179	27960000	31390000	31550000	28720000
180	27960000	31380000	31540000	28700000
181	27960000	31380000	31550000	28700000
182	27950000	31380000	31540000	28710000
183	27960000	31390000	31550000	28710000
184	27960000	31390000	31550000	28720000
185	27970000	31400000	31560000	28720000
186	27960000	31390000	31550000	28710000
187	27950000	31390000	31550000	28700000
188	27960000	31390000	31550000	28710000
189	27960000	31390000	31550000	28710000
190	27960000	31380000	31540000	28710000
191	27960000	31390000	31550000	28720000
192	27960000	31390000	31550000	28720000
193	27960000	31380000	31540000	28700000
194	27960000	31390000	31550000	28710000
195	27950000	31390000	31550000	28700000
196	27960000	31400000	31550000	28710000
197	27960000	31390000	31550000	28720000
198	27950000	31380000	31540000	28710000
199	27960000	31390000	31560000	28710000
200	27960000	31390000	31540000	28710000
201	27960000	31390000	31550000	28710000
202	27960000	31390000	31550000	28710000
203	27960000	31390000	31550000	28710000
204	27960000	31400000	31550000	28710000
205	27960000	31400000	31540000	28720000
206	27960000	31390000	31550000	28710000
207	27960000	31390000	31550000	28710000
208	27960000	31390000	31550000	28720000
209	27950000	31380000	31540000	28710000
210	27950000	31380000	31540000	28710000
211	27960000	31390000	31550000	28710000
212	27960000	31380000	31540000	28710000
213	27950000	31380000	31540000	28710000
214	27950000	31380000	31540000	28710000
215	27960000	31390000	31550000	28710000
216	27960000	31380000	31540000	28710000
217	27960000	31390000	31550000	28720000
218	27960000	31380000	31540000	28700000
219	27950000	31390000	31540000	28710000
220	27950000	31380000	31540000	28700000
221	27950000	31380000	31540000	28690000
222	27950000	31380000	31550000	28700000
223	27950000	31380000	31540000	28700000
224	27950000	31380000	31540000	28700000
225	27950000	31390000	31540000	28710000
226	27950000	31380000	31540000	28710000
227	27960000	31390000	31550000	28710000
228	27960000	31390000	31550000	28710000
229	27950000	31390000	31550000	28700000
230	27950000	31380000	31540000	28710000
231	27950000	31390000	31550000	28700000
232	27960000	31390000	31540000	28710000
233	27960000	31380000	31540000	28710000
234	27960000	31380000	31550000	28700000
235	27950000	31380000	31540000	28710000
236	27960000	31380000	31540000	28710000
237	27950000	31390000	31540000	28710000
238	27960000	31390000	31540000	28710000
239	27990000	31380000	31540000	28710000
240	27960000	31390000	31550000	28720000
241	27960000	31390000	31550000	28710000
242	27990000	31390000	31550000	28710000
243	27950000	31380000	31540000	28700000
244	27950000	31390000	31550000	28720000
245	27950000	31380000	31540000	28710000
246	27960000	31380000	31550000	28710000
247	27960000	31380000	31550000	28710000
248	27950000	31380000	31540000	28700000
249	27950000	31380000	31540000	28710000
250	27950000	31390000	31550000	28710000
251	27950000	31380000	31540000	28700000
252	27950000	31380000	31540000	28700000
253	27950000	31390000	31550000	28710000
254	27950000	31390000	31540000	28700000
255	27950000	31390000	31540000	28710000
256	27950000	31390000	31540000	28710000
257	27950000	31380000	31540000	28700000
258	27950000	31380000	31540000	28710000
259	27950000	31380000	31540000	28700000
260	27950000	31380000	31540000	28700000
261	27950000	31380000	31540000	28700000
262	27950000	31390000	31540000	28700000
263	27950000	31380000	31540000	28700000
264	27950000	31380000	31540000	28700000
265	27950000	31380000	31540000	28710000
266	27950000	31380000	31540000	28710000
267	27950000	31380000	31540000	28700000
268	27960000	31380000	31540000	28710000
269	27950000	31380000	31530000	28710000
270	27950000	31380000	31550000	28710000
271	27950000	31380000	31540000	28700000
272	27950000	31380000	31540000	28710000
273	27950000	31380000	31540000	28700000
274	27950000	31380000	31540000	28710000
275	27950000	31390000	31550000	28710000
276	27950000	31390000	31550000	28710000
277	27960000	31380000	31550000	28710000
278	27950000	31380000	31540000	28710000
279	27950000	31380000	31540000	28710000
280	27960000	31390000	31540000	28710000
281	27950000	31380000	31550000	28700000
282	27950000	31380000	31540000	28710000
283	27950000	31390000	31550000	28710000
284	27960000	31390000	31550000	28710000
285	27960000	31380000	31550000	28710000
286	27940000	31380000	31530000	28700000
287	27950000	31380000	31540000	28700000
288	27960000	31380000	31540000	28700000
289	27960000	31390000	31550000	28710000
290	27960000	31380000	31550000	28710000
291	27950000	31380000	31540000	28700000
292	27950000	31380000	31540000	28700000
293	27960000	31380000	31540000	28710000
294	27950000	31390000	31540000	28710000
295	27950000	31370000	31530000	28710000
296	27950000	31380000	31540000	28700000
297	27960000	31390000	31550000	28710000
298	27950000	31380000	31550000	28710000
299	27950000	31380000	31540000	28710000
300	27950000	31380000	31540000	28700000
301	27950000	31380000	31540000	28710000
302	27950000	31380000	31540000	28710000
303	27940000	31380000	31540000	28700000
304	27950000	31390000	31540000	28700000
305	27950000	31380000	31540000	28710000
306	27950000	31380000	31540000	28710000
307	27950000	31380000	31540000	28700000
308	27960000	31390000	31550000	28710000
309	27950000	31380000	31540000	28710000
310	27960000	31380000	31550000	28710000
311	27950000	31380000	31540000	28710000
312	27950000	31380000	31540000	28710000
313	27950000	31380000	31540000	28700000
314	27950000	31380000	31540000	28700000
315	27960000	31380000	31540000	28710000
316	27960000	31380000	31540000	28700000
317	27950000	31380000	31540000	28700000
318	27950000	31390000	31540000	28700000
319	27950000	31390000	31550000	28710000
320	27960000	31380000	31550000	28710000
321	27960000	31390000	31540000	28700000
322	27950000	31390000	31550000	28700000
323	27960000	31380000	31540000	28700000
324	27950000	31390000	31550000	28710000
325	27950000	31380000	31550000	28700000
326	27950000	31390000	31550000	28700000
327	27960000	31380000	31540000	28710000
328	27950000	31390000	31540000	28710000
329	27960000	31390000	31550000	28700000
330	27950000	31380000	31540000	28700000
331	27950000	31380000	31530000	28700000
332	27950000	31380000	31540000	28700000
333	27960000	31380000	31540000	28710000
334	27950000	31380000	31540000	28710000
335	27950000	31380000	31540000	28710000
336	27950000	31380000	31540000	28700000
337	27950000	31380000	31540000	28710000
338	27960000	31390000	31550000	28710000
339	27950000	31390000	31540000	28710000
340	27960000	31380000	31540000	28710000
341	27960000	31390000	31550000	28710000
342	27950000	31380000	31540000	28700000
343	27950000	31390000	31550000	28710000
344	27950000	31370000	31530000	28700000
345	27950000	31370000	31540000	28700000
346	27960000	31390000	31550000	28720000
347	27950000	31380000	31540000	28710000
348	27950000	31390000	31550000	28710000
349	27950000	31390000	31550000	28710000
350	27950000	31380000	31540000	28710000
351	27960000	31390000	31550000	28710000
352	27950000	31390000	31550000	28710000
353	27950000	31390000	31540000	28710000
354	27960000	31380000	31540000	28710000
355	27950000	31380000	31540000	28700000
356	27960000	31380000	31540000	28710000
357	27960000	31390000	31550000	28710000
358	27960000	31380000	31540000	28710000
359	27950000	31390000	31550000	28710000
360	27950000	31380000	31540000	28710000
361	27950000	31380000	31530000	28700000
362	27950000	31390000	31550000	28700000
363	27950000	31390000	31540000	28710000
364	27970000	31400000	31560000	28700000
365	27960000	31390000	31550000	28720000
366	27960000	31390000	31550000	28710000
367	27950000	31390000	31550000	28710000
368	27960000	31390000	31550000	28710000
369	27960000	31380000	31550000	28710000
370	27950000	31380000	31540000	28700000
371	27960000	31390000	31550000	28710000
372	27950000	31390000	31550000	28710000
373	27960000	31380000	31550000	28710000
374	27960000	31390000	31550000	28710000
375	27950000	31390000	31540000	28710000
376	27950000	31390000	31550000	28710000
377	27960000	31380000	31540000	28710000
378	27960000	31380000	31540000	28710000
379	27960000	31380000	31550000	28710000
380	27950000	31380000	31540000	28710000
381	27950000	31390000	31550000	28720000
382	27950000	31380000	31540000	28700000
383	27960000	31390000	31550000	28700000
384	27960000	31390000	31540000	28710000
385	27950000	31390000	31550000	28710000
386	27960000	31390000	31540000	28710000
387	27960000	31390000	31550000	28710000
388	27950000	31390000	31550000	28710000
389	27950000	31380000	31540000	28710000
390	27950000	31380000	31540000	28700000
391	27960000	31380000	31540000	28700000
392	27960000	31380000	31540000	28710000
393	27960000	31390000	31550000	28710000
394	27960000	31390000	31550000	28720000
395	27960000	31390000	31550000	28710000
396	27950000	31380000	31540000	28710000
397	27950000	31380000	31530000	28700000
398	27950000	31380000	31540000	28700000
399	27950000	31380000	31540000	28710000
400	27950000	31380000	31540000	28700000
401	27960000	31390000	31550000	28720000
402	27960000	31390000	31550000	28710000
403	27950000	31380000	31540000	28710000
404	27940000	31380000	31530000	28700000
405	27960000	31380000	31540000	28710000
406	27960000	31390000	31550000	28710000
407	27950000	31380000	31540000	28710000
408	27950000	31380000	31540000	28710000
409	27950000	31380000	31540000	28710000
410	27950000	31380000	31540000	28710000
411	27960000	31390000	31540000	28710000
412	27950000	31390000	31550000	28710000
413	27960000	31390000	31550000	28720000
414	27950000	31380000	31540000	28710000
415	27950000	31380000	31550000	28710000
416	27940000	31380000	31530000	28700000
417	27950000	31380000	31540000	28710000
418	27950000	31380000	31540000	28700000
419	27950000	31380000	31550000	28700000
420	27960000	31380000	31540000	28700000
421	27950000	31380000	31540000	28710000
422	27950000	31380000	31540000	28710000
423	27950000	31380000	31540000	28710000
424	27950000	31380000	31540000	28700000
425	27960000	31380000	31550000	28710000
426	27950000	31380000	31540000	28710000
427	27950000	31380000	31540000	28710000
428	27950000	31380000	31550000	28700000
429	27950000	31370000	31530000	28700000
430	27950000	31370000	31540000	28700000
431	27950000	31380000	31540000	28710000
432	27950000	31380000	31540000	28710000
433	27960000	31380000	31540000	28700000
434	27960000	31380000	31540000	28700000
435	27950000	31370000	31540000	28710000
436	27950000	31380000	31540000	28700000
437	27950000	31380000	31540000	28710000
438	27950000	31380000	31540000	28710000
439	27960000	31380000	31540000	28700000
440	27950000	31380000	31540000	28700000
441	27950000	31380000	31540000	28700000
442	27950000	31380000	31540000	28700000
443	27950000	31380000	31530000	28700000
444	27950000	31380000	31540000	28700000
445	27950000	31370000	31530000	28700000
446	27950000	31380000	31540000	28710000
447	27950000	31380000	31540000	28700000
448	27960000	31380000	31540000	28710000
449	27960000	31380000	31540000	28700000
450	27950000	31380000	31530000	28700000
451	27950000	31380000	31540000	28700000
452	27950000	31380000	31540000	28700000
453	27960000	31380000	31550000	28710000
454	27950000	31380000	31530000	28700000
455	27940000	31390000	31530000	28700000
456	27950000	31380000	31540000	28710000
457	27950000	31380000	31540000	28710000
458	27950000	31380000	31540000	28700000
459	27950000	31380000	31540000	28710000
460	27950000	31380000	31540000	28710000
461	27960000	31390000	31550000	28710000
462	27950000	31380000	31540000	28700000
463	27950000	31370000	31540000	28700000
464	27960000	31390000	31540000	28710000
465	27950000	31390000	31540000	28700000
466	27950000	31370000	31540000	28700000
467	27940000	31380000	31540000	28700000
468	27940000	31380000	31540000	28700000
469	27950000	31380000	31540000	28700000
470	27950000	31380000	31540000	28700000
471	27950000	31380000	31540000	28700000
472	27960000	31380000	31540000	28700000
473	27950000	31380000	31540000	28700000
474	27950000	31380000	31540000	28710000
475	27950000	31370000	31530000	28700000
476	27950000	31390000	31550000	28700000
477	27940000	31380000	31540000	28700000
478	27940000	31370000	31530000	28700000
479	27950000	31380000	31540000	28710000
480	27950000	31380000	31540000	28700000
481	27960000	31380000	31540000	28700000
482	27950000	31380000	31540000	28700000
483	27970000	31390000	31550000	28710000
484	27960000	31390000	31550000	28710000
485	27960000	31390000	31550000	28710000
486	27950000	31380000	31540000	28700000
487	27960000	31390000	31540000	28700000
488	27940000	31380000	31540000	28700000
489	27930000	31380000	31540000	28700000
490	27950000	31380000	31540000	28700000
491	27950000	31380000	31540000	28700000
492	27960000	31380000	31540000	28700000
493	27960000	31380000	31550000	28710000
494	27960000	31380000	31540000	28700000
495	27960000	31380000	31540000	28710000
496	27960000	31390000	31550000	28710000
497	27960000	31380000	31540000	28700000
498	27950000	31380000	31540000	28700000
499	27950000	31380000	31540000	28710000

============================================================
# BITSTREAM: 100us_101etapas.bit
# VENTANA: 100us
# ETAPAS_PRINCIPAL: 101
# NUM_MUESTRAS: 500
# FORMATO: idx	freq1_hz	freq2_hz	freq3_hz	freq4_hz
============================================================
idx	freq1_hz	freq2_hz	freq3_hz	freq4_hz
0	8230000	9770000	8850000	8900000
1	8220000	9770000	8840000	8890000
2	8220000	9770000	8850000	8890000
3	8220000	9770000	8840000	8890000
4	8220000	9770000	8850000	8890000
5	8220000	9760000	8850000	8880000
6	8230000	9770000	8840000	8880000
7	8230000	9770000	8850000	8890000
8	8230000	9760000	8840000	8890000
9	8220000	9770000	8850000	8890000
10	8220000	9770000	8840000	8880000
11	8220000	9770000	8850000	8880000
12	8220000	9770000	8840000	8890000
13	8230000	9770000	8850000	8890000
14	8230000	9770000	8840000	8890000
15	8220000	9770000	8850000	8890000
16	8220000	9770000	8840000	8880000
17	8230000	9770000	8840000	8890000
18	8220000	9770000	8840000	8890000
19	8230000	9770000	8840000	8890000
20	8220000	9770000	8850000	8890000
21	8220000	9770000	8840000	8880000
22	8220000	9760000	8850000	8890000
23	8230000	9770000	8840000	8890000
24	8220000	9760000	8850000	8880000
25	8230000	9770000	8840000	8890000
26	8230000	9770000	8840000	8890000
27	8220000	9770000	8840000	8890000
28	8220000	9760000	8850000	8890000
29	8220000	9770000	8840000	8890000
30	8220000	9770000	8850000	8880000
31	8220000	9770000	8840000	8890000
32	8220000	9770000	8850000	8880000
33	8220000	9770000	8840000	8890000
34	8230000	9770000	8850000	8890000
35	8230000	9770000	8840000	8900000
36	8220000	9760000	8840000	8890000
37	8230000	9770000	8840000	8890000
38	8220000	9770000	8840000	8890000
39	8230000	9770000	8850000	8880000
40	8220000	9760000	8840000	8880000
41	8230000	9770000	8850000	8890000
42	8220000	9770000	8840000	8880000
43	8220000	9770000	8850000	8880000
44	8220000	9770000	8840000	8890000
45	8230000	9770000	8840000	8890000
46	8230000	9770000	8840000	8890000
47	8230000	9770000	8850000	8880000
48	8230000	9770000	8850000	8880000
49	8220000	9770000	8840000	8880000
50	8220000	9770000	8850000	8900000
51	8220000	9770000	8840000	8890000
52	8230000	9770000	8850000	8890000
53	8220000	9770000	8850000	8890000
54	8230000	9760000	8850000	8880000
55	8220000	9770000	8850000	8880000
56	8220000	9770000	8840000	8890000
57	8230000	9770000	8850000	8890000
58	8230000	9770000	8850000	8890000
59	8220000	9770000	8850000	8890000
60	8230000	9770000	8840000	8880000
61	8230000	9770000	8850000	8890000
62	8220000	9770000	8840000	8890000
63	8230000	9770000	8840000	8890000
64	8220000	9770000	8850000	8890000
65	8230000	9770000	8850000	8880000
66	8220000	9770000	8850000	8890000
67	8220000	9770000	8850000	8880000
68	8220000	9770000	8840000	8890000
69	8230000	9770000	8840000	8900000
70	8220000	9770000	8840000	8890000
71	8220000	9770000	8850000	8890000
72	8220000	9770000	8840000	8880000
73	8220000	9770000	8850000	8890000
74	8220000	9760000	8850000	8880000
75	8230000	9770000	8840000	8890000
76	8230000	9770000	8850000	8880000
77	8220000	9760000	8850000	8890000
78	8220000	9770000	8850000	8890000
79	8220000	9770000	8850000	8890000
80	8230000	9770000	8840000	8890000
81	8220000	9770000	8840000	8880000
82	8220000	9770000	8840000	8890000
83	8230000	9760000	8850000	8890000
84	8230000	9770000	8850000	8890000
85	8230000	9770000	8850000	8890000
86	8220000	9770000	8850000	8890000
87	8230000	9770000	8840000	8890000
88	8220000	9770000	8850000	8890000
89	8220000	9770000	8840000	8880000
90	8230000	9770000	8840000	8890000
91	8220000	9770000	8840000	8890000
92	8220000	9770000	8840000	8880000
93	8230000	9770000	8840000	8890000
94	8230000	9770000	8850000	8890000
95	8220000	9770000	8850000	8890000
96	8230000	9770000	8840000	8890000
97	8220000	9770000	8850000	8890000
98	8220000	9770000	8840000	8890000
99	8230000	9770000	8840000	8890000
100	8220000	9770000	8850000	8890000
101	8220000	9770000	8850000	8890000
102	8230000	9770000	8850000	8890000
103	8230000	9770000	8850000	8890000
104	8220000	9770000	8840000	8880000
105	8220000	9770000	8840000	8880000
106	8220000	9770000	8850000	8880000
107	8230000	9770000	8840000	8880000
108	8220000	9770000	8840000	8890000
109	8230000	9760000	8840000	8890000
110	8230000	9760000	8840000	8890000
111	8220000	9770000	8840000	8890000
112	8230000	9770000	8850000	8890000
113	8220000	9770000	8850000	8880000
114	8220000	9770000	8840000	8890000
115	8220000	9770000	8850000	8890000
116	8220000	9770000	8840000	8880000
117	8230000	9770000	8850000	8890000
118	8230000	9770000	8840000	8890000
119	8220000	9770000	8850000	8880000
120	8230000	9770000	8840000	8890000
121	8230000	9770000	8840000	8890000
122	8220000	9780000	8840000	8900000
123	8220000	9770000	8850000	8890000
124	8220000	9760000	8840000	8890000
125	8230000	9770000	8840000	8890000
126	8220000	9760000	8850000	8880000
127	8230000	9770000	8850000	8880000
128	8230000	9760000	8840000	8890000
129	8230000	9770000	8840000	8890000
130	8230000	9770000	8840000	8890000
131	8220000	9770000	8840000	8900000
132	8230000	9770000	8840000	8880000
133	8230000	9770000	8840000	8890000
134	8220000	9770000	8840000	8890000
135	8220000	9760000	8840000	8890000
136	8230000	9770000	8850000	8890000
137	8220000	9770000	8840000	8890000
138	8220000	9770000	8840000	8880000
139	8220000	9770000	8840000	8880000
140	8220000	9770000	8840000	8890000
141	8220000	9760000	8840000	8890000
142	8220000	9770000	8840000	8890000
143	8220000	9770000	8850000	8890000
144	8220000	9770000	8850000	8890000
145	8230000	9760000	8850000	8890000
146	8220000	9770000	8840000	8880000
147	8230000	9760000	8840000	8890000
148	8230000	9770000	8850000	8880000
149	8220000	9770000	8850000	8890000
150	8230000	9770000	8850000	8880000
151	8220000	9770000	8840000	8880000
152	8220000	9760000	8840000	8900000
153	8230000	9760000	8840000	8890000
154	8230000	9770000	8840000	8880000
155	8220000	9760000	8840000	8880000
156	8230000	9770000	8840000	8890000
157	8220000	9770000	8840000	8890000
158	8220000	9770000	8840000	8880000
159	8220000	9760000	8850000	8890000
160	8220000	9770000	8840000	8880000
161	8220000	9770000	8840000	8900000
162	8230000	9770000	8840000	8890000
163	8230000	9770000	8850000	8890000
164	8220000	9770000	8840000	8890000
165	8230000	9770000	8840000	8890000
166	8220000	9770000	8840000	8890000
167	8220000	9760000	8850000	8880000
168	8220000	9770000	8840000	8900000
169	8230000	9770000	8840000	8890000
170	8230000	9770000	8840000	8900000
171	8230000	9770000	8850000	8890000
172	8230000	9760000	8840000	8890000
173	8220000	9770000	8840000	8890000
174	8230000	9760000	8840000	8880000
175	8230000	9770000	8850000	8890000
176	8230000	9770000	8850000	8880000
177	8230000	9770000	8850000	8890000
178	8230000	9760000	8840000	8890000
179	8220000	9770000	8840000	8890000
180	8220000	9770000	8840000	8900000
181	8230000	9770000	8840000	8880000
182	8220000	9770000	8850000	8890000
183	8220000	9770000	8850000	8880000
184	8220000	9770000	8840000	8890000
185	8220000	9760000	8850000	8890000
186	8220000	9760000	8840000	8890000
187	8230000	9770000	8840000	8890000
188	8230000	9770000	8840000	8890000
189	8220000	9770000	8840000	8890000
190	8220000	9770000	8840000	8880000
191	8230000	9770000	8850000	8890000
192	8230000	9770000	8840000	8890000
193	8230000	9770000	8850000	8880000
194	8220000	9770000	8840000	8890000
195	8220000	9770000	8850000	8890000
196	8230000	9770000	8840000	8890000
197	8230000	9770000	8840000	8890000
198	8230000	9770000	8840000	8890000
199	8220000	9770000	8850000	8880000
200	8220000	9770000	8840000	8880000
201	8230000	9770000	8840000	8890000
202	8220000	9770000	8850000	8890000
203	8220000	9770000	8840000	8890000
204	8230000	9760000	8850000	8880000
205	8230000	9770000	8840000	8890000
206	8220000	9770000	8840000	8880000
207	8220000	9770000	8840000	8890000
208	8220000	9770000	8840000	8890000
209	8220000	9770000	8840000	8880000
210	8230000	9770000	8850000	8890000
211	8220000	9760000	8840000	8880000
212	8220000	9770000	8850000	8890000
213	8230000	9770000	8840000	8890000
214	8220000	9770000	8850000	8890000
215	8220000	9770000	8840000	8890000
216	8230000	9760000	8850000	8890000
217	8220000	9770000	8850000	8890000
218	8220000	9770000	8840000	8880000
219	8230000	9770000	8840000	8890000
220	8220000	9770000	8850000	8900000
221	8220000	9770000	8840000	8890000
222	8220000	9760000	8840000	8890000
223	8220000	9770000	8840000	8890000
224	8220000	9770000	8840000	8890000
225	8220000	9770000	8840000	8890000
226	8230000	9770000	8840000	8880000
227	8230000	9770000	8840000	8890000
228	8230000	9770000	8840000	8880000
229	8230000	9770000	8840000	8890000
230	8220000	9770000	8840000	8880000
231	8220000	9770000	8840000	8880000
232	8220000	9770000	8840000	8900000
233	8220000	9760000	8840000	8890000
234	8220000	9760000	8850000	8890000
235	8230000	9770000	8840000	8880000
236	8220000	9770000	8840000	8890000
237	8220000	9760000	8850000	8890000
238	8230000	9770000	8840000	8890000
239	8220000	9770000	8840000	8890000
240	8230000	9770000	8840000	8880000
241	8220000	9770000	8840000	8880000
242	8220000	9770000	8850000	8880000
243	8230000	9770000	8850000	8890000
244	8220000	9770000	8840000	8890000
245	8220000	9770000	8840000	8890000
246	8230000	9770000	8840000	8890000
247	8220000	9770000	8840000	8890000
248	8220000	9770000	8840000	8880000
249	8220000	9770000	8840000	8880000
250	8230000	9770000	8850000	8880000
251	8220000	9770000	8840000	8890000
252	8220000	9760000	8850000	8890000
253	8220000	9770000	8840000	8880000
254	8220000	9770000	8840000	8890000
255	8220000	9760000	8840000	8890000
256	8220000	9770000	8840000	8890000
257	8220000	9770000	8840000	8880000
258	8220000	9760000	8850000	8880000
259	8220000	9770000	8840000	8880000
260	8220000	9770000	8840000	8890000
261	8220000	9760000	8840000	8880000
262	8220000	9770000	8840000	8890000
263	8230000	9770000	8850000	8880000
264	8220000	9770000	8840000	8890000
265	8230000	9760000	8840000	8880000
266	8230000	9770000	8840000	8890000
267	8230000	9770000	8850000	8890000
268	8220000	9770000	8840000	8890000
269	8230000	9770000	8840000	8890000
270	8230000	9770000	8850000	8890000
271	8220000	9760000	8840000	8880000
272	8230000	9770000	8850000	8880000
273	8230000	9760000	8840000	8890000
274	8220000	9770000	8850000	8890000
275	8230000	9770000	8850000	8890000
276	8220000	9770000	8850000	8890000
277	8220000	9770000	8840000	8890000
278	8220000	9770000	8840000	8880000
279	8220000	9770000	8840000	8890000
280	8220000	9770000	8850000	8890000
281	8220000	9770000	8850000	8880000
282	8220000	9770000	8840000	8890000
283	8230000	9770000	8850000	8880000
284	8220000	9770000	8840000	8890000
285	8220000	9770000	8850000	8890000
286	8220000	9770000	8850000	8890000
287	8220000	9760000	8840000	8880000
288	8220000	9770000	8840000	8880000
289	8230000	9770000	8850000	8890000
290	8220000	9760000	8840000	8880000
291	8220000	9760000	8850000	8890000
292	8220000	9760000	8840000	8880000
293	8230000	9770000	8840000	8880000
294	8230000	9770000	8850000	8890000
295	8220000	9770000	8850000	8890000
296	8220000	9760000	8850000	8890000
297	8220000	9770000	8840000	8890000
298	8220000	9770000	8840000	8880000
299	8220000	9760000	8840000	8890000
300	8220000	9770000	8840000	8880000
301	8230000	9770000	8850000	8880000
302	8220000	9770000	8850000	8890000
303	8220000	9770000	8840000	8880000
304	8230000	9760000	8840000	8890000
305	8220000	9770000	8840000	8880000
306	8230000	9770000	8840000	8880000
307	8230000	9770000	8840000	8890000
308	8230000	9770000	8840000	8880000
309	8230000	9770000	8840000	8890000
310	8220000	9770000	8840000	8890000
311	8220000	9770000	8850000	8890000
312	8220000	9760000	8850000	8890000
313	8230000	9770000	8850000	8890000
314	8230000	9770000	8850000	8890000
315	8220000	9770000	8840000	8890000
316	8230000	9770000	8840000	8890000
317	8220000	9770000	8840000	8890000
318	8230000	9770000	8850000	8880000
319	8230000	9770000	8840000	8890000
320	8230000	9770000	8850000	8890000
321	8220000	9760000	8840000	8880000
322	8220000	9770000	8840000	8890000
323	8220000	9770000	8850000	8880000
324	8230000	9770000	8840000	8890000
325	8230000	9760000	8840000	8890000
326	8220000	9770000	8850000	8890000
327	8230000	9770000	8840000	8880000
328	8220000	9770000	8840000	8890000
329	8230000	9770000	8850000	8890000
330	8220000	9770000	8850000	8890000
331	8220000	9770000	8840000	8890000
332	8220000	9760000	8840000	8890000
333	8230000	9770000	8840000	8890000
334	8230000	9770000	8840000	8890000
335	8230000	9770000	8840000	8890000
336	8230000	9770000	8840000	8890000
337	8220000	9770000	8850000	8890000
338	8220000	9770000	8850000	8880000
339	8230000	9770000	8850000	8890000
340	8220000	9770000	8840000	8880000
341	8230000	9770000	8840000	8900000
342	8220000	9770000	8850000	8890000
343	8230000	9770000	8850000	8890000
344	8220000	9770000	8850000	8890000
345	8230000	9770000	8850000	8890000
346	8220000	9770000	8850000	8890000
347	8220000	9770000	8840000	8890000
348	8220000	9770000	8850000	8890000
349	8220000	9770000	8850000	8880000
350	8220000	9770000	8840000	8890000
351	8220000	9770000	8850000	8890000
352	8220000	9770000	8850000	8890000
353	8230000	9770000	8850000	8880000
354	8230000	9770000	8840000	8880000
355	8230000	9770000	8850000	8890000
356	8230000	9770000	8840000	8890000
357	8220000	9770000	8850000	8890000
358	8230000	9770000	8840000	8890000
359	8220000	9770000	8840000	8890000
360	8220000	9770000	8850000	8880000
361	8220000	9770000	8850000	8890000
362	8230000	9760000	8840000	8890000
363	8220000	9770000	8840000	8890000
364	8230000	9770000	8840000	8880000
365	8230000	9770000	8840000	8890000
366	8220000	9770000	8840000	8880000
367	8220000	9780000	8850000	8880000
368	8220000	9760000	8840000	8890000
369	8230000	9770000	8850000	8880000
370	8230000	9770000	8840000	8890000
371	8230000	9770000	8840000	8890000
372	8220000	9760000	8850000	8890000
373	8220000	9770000	8840000	8890000
374	8220000	9760000	8840000	8890000
375	8230000	9770000	8840000	8890000
376	8230000	9770000	8840000	8890000
377	8220000	9770000	8850000	8890000
378	8220000	9760000	8840000	8880000
379	8230000	9770000	8840000	8890000
380	8230000	9760000	8850000	8890000
381	8220000	9770000	8840000	8880000
382	8220000	9770000	8840000	8890000
383	8230000	9780000	8850000	8890000
384	8220000	9770000	8840000	8880000
385	8220000	9770000	8840000	8890000
386	8220000	9770000	8840000	8890000
387	8220000	9770000	8840000	8890000
388	8220000	9770000	8850000	8890000
389	8220000	9770000	8840000	8890000
390	8230000	9770000	8840000	8880000
391	8230000	9770000	8840000	8890000
392	8220000	9770000	8840000	8880000
393	8220000	9770000	8840000	8880000
394	8230000	9770000	8840000	8890000
395	8220000	9770000	8840000	8880000
396	8220000	9770000	8840000	8890000
397	8230000	9770000	8840000	8890000
398	8230000	9770000	8840000	8880000
399	8220000	9760000	8840000	8880000
400	8230000	9770000	8850000	8890000
401	8230000	9770000	8840000	8890000
402	8220000	9770000	8840000	8880000
403	8230000	9770000	8840000	8880000
404	8220000	9770000	8850000	8890000
405	8220000	9760000	8850000	8890000
406	8220000	9770000	8840000	8880000
407	8220000	9770000	8840000	8890000
408	8220000	9760000	8840000	8880000
409	8230000	9760000	8840000	8880000
410	8220000	9770000	8850000	8890000
411	8220000	9770000	8850000	8880000
412	8220000	9770000	8850000	8890000
413	8230000	9770000	8850000	8890000
414	8230000	9770000	8850000	8890000
415	8220000	9770000	8840000	8890000
416	8220000	9770000	8840000	8890000
417	8220000	9770000	8850000	8890000
418	8220000	9770000	8850000	8890000
419	8230000	9760000	8840000	8880000
420	8220000	9760000	8840000	8880000
421	8220000	9770000	8850000	8890000
422	8220000	9770000	8840000	8890000
423	8230000	9770000	8840000	8890000
424	8230000	9770000	8840000	8880000
425	8220000	9770000	8840000	8890000
426	8220000	9760000	8840000	8880000
427	8220000	9770000	8840000	8880000
428	8220000	9760000	8830000	8880000
429	8220000	9760000	8840000	8890000
430	8220000	9770000	8840000	8880000
431	8220000	9760000	8850000	8880000
432	8230000	9770000	8850000	8880000
433	8230000	9770000	8840000	8890000
434	8230000	9770000	8840000	8890000
435	8230000	9760000	8840000	8880000
436	8220000	9770000	8850000	8890000
437	8220000	9770000	8850000	8890000
438	8230000	9770000	8840000	8890000
439	8220000	9770000	8850000	8890000
440	8230000	9770000	8840000	8890000
441	8220000	9770000	8840000	8880000
442	8230000	9760000	8840000	8880000
443	8220000	9770000	8840000	8880000
444	8230000	9770000	8840000	8890000
445	8220000	9770000	8850000	8890000
446	8220000	9760000	8840000	8880000
447	8230000	9760000	8840000	8890000
448	8220000	9770000	8840000	8890000
449	8220000	9770000	8840000	8890000
450	8220000	9770000	8850000	8880000
451	8220000	9770000	8840000	8890000
452	8230000	9770000	8840000	8890000
453	8230000	9770000	8850000	8880000
454	8220000	9770000	8840000	8890000
455	8230000	9770000	8840000	8890000
456	8220000	9770000	8840000	8890000
457	8230000	9760000	8840000	8890000
458	8220000	9770000	8850000	8890000
459	8220000	9770000	8840000	8890000
460	8230000	9760000	8840000	8890000
461	8220000	9770000	8840000	8880000
462	8220000	9760000	8840000	8890000
463	8230000	9770000	8840000	8890000
464	8220000	9770000	8840000	8880000
465	8230000	9770000	8840000	8890000
466	8230000	9770000	8840000	8890000
467	8220000	9770000	8850000	8890000
468	8230000	9770000	8840000	8890000
469	8220000	9760000	8840000	8890000
470	8230000	9760000	8840000	8890000
471	8220000	9770000	8850000	8880000
472	8220000	9770000	8840000	8880000
473	8220000	9770000	8850000	8890000
474	8220000	9760000	8840000	8890000
475	8230000	9770000	8840000	8890000
476	8220000	9770000	8840000	8890000
477	8220000	9770000	8840000	8890000
478	8220000	9770000	8850000	8890000
479	8230000	9770000	8850000	8890000
480	8220000	9770000	8850000	8890000
481	8230000	9770000	8850000	8890000
482	8220000	9770000	8840000	8890000
483	8220000	9770000	8840000	8890000
484	8220000	9770000	8850000	8890000
485	8230000	9760000	8840000	8890000
486	8230000	9770000	8840000	8890000
487	8230000	9770000	8850000	8890000
488	8220000	9770000	8850000	8890000
489	8230000	9770000	8850000	8890000
490	8230000	9770000	8840000	8890000
491	8220000	9760000	8840000	8880000
492	8220000	9770000	8850000	8890000
493	8230000	9770000	8840000	8890000
494	8220000	9770000	8840000	8890000
495	8230000	9770000	8850000	8890000
496	8230000	9770000	8850000	8890000
497	8220000	9770000	8850000	8890000
498	8230000	9760000	8840000	8880000
499	8220000	9770000	8840000	8890000
