# CAPTURA AUTOMATICA MULTIBITSTREAM
# Puerto serie: COM3
# Baudrate: 115200
# Muestras por bitstream: 500
# Orden: 100ms -> 10ms -> 1ms -> 100us ; etapas 3, 5, 51, 101

============================================================
# BITSTREAM: 100ms_3etapas.bit
# VENTANA: 100ms
# ETAPAS_PRINCIPAL: 3
# NUM_MUESTRAS: 500
# FORMATO: idx	freq1_hz	freq2_hz	freq3_hz	freq4_hz
============================================================
idx	freq1_hz	freq2_hz	freq3_hz	freq4_hz
0	33930570	54902080	33930570	33930570
1	33931620	54903140	33931610	33931620
2	33928980	33928980	33928980	33928970
3	33929230	65386510	33929230	33929230
4	33933040	54904560	33933040	33933050
5	33932200	44417970	33932210	33932200
6	33929970	33929970	33929970	33929970
7	33935810	65393080	33935810	33935810
8	33934490	54906010	33934480	33934490
9	33931300	44417060	33931310	33931300
10	33934860	33934860	33935130	33934850
11	33933120	65390400	33933130	33933130
12	33929890	65387170	33929880	33929890
13	33923480	44409240	33923480	33923470
14	33921170	33921170	33921170	33921180
15	33924950	65382230	33924960	33924950
16	33920990	54892510	33920980	33920980
17	33922830	44408590	33922840	33922840
18	33924070	33924070	33924060	33924070
19	33925270	65382560	33925280	33925270
20	33924940	54896450	33924930	33924940
21	33921130	54892660	33921140	33921130
22	33918570	33918560	33918560	33918570
23	33919940	65377220	33919940	33919930
24	33926840	54898360	33926840	33926840
25	33920800	44406560	33920800	33920800
26	33923260	33923260	33923270	33923270
27	33922040	65379330	33922040	33922040
28	33922220	54893740	33922220	33922220
29	33923740	44409490	33923730	33923730
30	33922240	33922240	33922240	33922240
31	33929750	65387030	33929760	33929760
32	33933120	54904650	33933120	33933120
33	33932750	44418500	33932740	33932750
34	33933190	33933190	33933200	33933190
35	33933580	65390870	33933580	33933580
36	33933060	54904570	33933050	33933060
37	33930710	54902230	33930710	33930700
38	33931480	33931480	33931480	33931480
39	33930560	65387840	33930560	33930560
40	33929230	54900750	33929230	33929240
41	33931420	44417190	33931390	33931420
42	33931430	33931420	33931430	33931430
43	33929060	65386340	33929050	33929050
44	33926760	54898280	33926770	33926770
45	33933580	44419340	33933570	33933580
46	33928220	33928220	33928220	33928210
47	33928510	65385790	33928510	33928510
48	33928880	54900400	33928890	33928890
49	33929980	44415740	33929970	33929970
50	33928370	33928370	33928380	33928380
51	33927390	65384670	33927380	33927390
52	33929510	54901040	33929520	33929510
53	33931480	44417230	33931470	33931480
54	33927280	33927280	33927280	33927280
55	33926930	65384220	33926940	33926930
56	33930250	54901760	33930240	33930250
57	33927930	44413690	33927930	33927920
58	33927500	33927500	33927500	33927510
59	33932840	65390120	33932840	33932840
60	33929060	54900580	33929060	33929060
61	33928800	44414560	33928800	33928790
62	33929330	33929340	33929340	33929340
63	33931480	65388750	33931470	33931480
64	33928300	54899820	33928300	33928290
65	33925770	44411530	33925770	33925780
66	33924530	33924530	33924530	33924530
67	33924770	65382060	33924780	33924770
68	33927590	54899100	33927580	33927580
69	33924250	44410020	33924260	33924260
70	33919070	33919070	33919070	33919070
71	33920420	65377700	33920420	33920420
72	33919620	65376900	33919620	33919620
73	33919720	44405480	33919720	33919720
74	33919830	44405480	33919820	33919820
75	33919890	65377170	33919900	33919900
76	33920740	54892270	33920740	33920740
77	33924610	44410360	33924610	33924610
78	33922360	33922370	33922360	33922360
79	33920280	65377550	33920270	33920280
80	33922160	54893680	33922170	33922160
81	33922640	44408400	33922630	33922630
82	33923370	33923370	33923380	33923380
83	33921960	65379240	33921960	33921960
84	33920570	54892090	33920570	33920570
85	33924170	44409930	33924160	33924170
86	33930120	33930130	33930130	33930120
87	33925950	65383220	33925950	33925950
88	33923690	54895220	33923690	33923690
89	33926190	44411940	33926190	33926190
90	33925180	33925180	33925180	33925180
91	33927970	65385250	33927960	33927970
92	33923330	54894850	33923330	33923330
93	33926680	44412440	33926680	33926670
94	33932140	33932140	33932140	33932150
95	33934640	65391920	33934640	33934630
96	33937700	54909220	33937710	33937710
97	33934160	44419920	33934160	33934160
98	33934920	33934920	33934910	33934910
99	33932330	65389620	33932340	33932340
100	33930410	54901930	33930410	33930410
101	33930770	44411400	33925650	33925650
102	33925700	33925700	33925690	33925700
103	33935750	65393030	33935760	33935750
104	33934410	54905940	33934410	33934410
105	33934410	44420170	33934410	33934410
106	33934620	33934610	33934610	33934620
107	33931550	65388830	33931550	33931550
108	33931600	54903130	33931610	33931600
109	33931990	44417740	33931990	33931990
110	33927980	33927980	33927970	33927980
111	33926470	65383760	33926480	33926470
112	33926060	44411810	33926050	33926060
113	33924430	44410190	33924430	33924430
114	33923930	33923930	33923930	33923930
115	33926920	65384200	33926930	33926920
116	33928530	54900050	33928520	33928530
117	33934320	44420080	33934320	33934310
118	33931090	33931100	33931100	33931100
119	33931710	65388980	33931700	33931710
120	33932810	54904340	33932820	33932810
121	33930080	44415830	33930070	33930080
122	33929330	33929330	33929330	33929330
123	33931030	65388320	33931040	33931030
124	33928410	54899930	33928410	33928410
125	33928030	54899930	33928020	33928030
126	33930870	33930880	33930880	33930870
127	33931130	65388410	33931130	33931130
128	33932860	54904380	33932860	33932860
129	33925310	44411060	33925310	33925310
130	33927780	33927790	33927780	33927780
131	33931240	75874280	33931240	33931240
132	33930380	54901900	33930380	33930380
133	33930590	44416340	33930590	33930590
134	33929770	2472490	33929760	33929760
135	33929790	65387080	33929760	33929800
136	33932520	54904030	33932510	33932520
137	33928820	44414580	33928820	33928810
138	33926430	33926430	33926430	33926430
139	33927470	65384750	33927470	33927480
140	33927760	65384420	33927760	33927760
141	33932600	54904130	33932610	33932600
142	33936440	33936430	33936430	33936430
143	33928870	65386150	33928870	33928870
144	33931810	54903290	33931780	33931780
145	33932120	54903640	33932110	33932110
146	33934020	33934020	33934020	33934020
147	33931670	65388950	33931670	33931680
148	33929950	54901470	33929950	33929950
149	33933410	44419180	33933420	33933410
150	33933160	2475870	33933150	33933150
151	33932800	75875840	33932800	33932800
152	33929670	54901190	33929670	33929680
153	33929220	44414980	33929220	33929220
154	33927980	33927980	33927980	33927980
155	33929730	65387010	33929730	33929730
156	33930080	54901600	33930080	33930080
157	33924200	44409960	33924200	33924200
158	33929420	33929420	33929420	33929420
159	33930630	65387910	33930630	33930620
160	33922620	54894150	33922630	33922630
161	33924240	54895750	33924230	33924240
162	33922620	33922630	33922630	33922620
163	33922640	65379910	33922630	33922630
164	33923350	54894870	33923350	33923350
165	33929110	44414880	33929120	33929120
166	33934210	2477090	33934210	33934210
167	33934900	65392180	33934900	33934900
168	33937940	54909460	33937940	33937940
169	33937840	44423590	33937830	33937830
170	33932710	33932710	33932710	33932720
171	33935900	65393190	33935910	33935900
172	33941530	54913040	33941520	33941520
173	33944300	44430070	33944310	33944310
174	33941640	33941640	33941640	33941640
175	33940850	65398120	33940850	33940850
176	33939220	54910740	33939210	33939210
177	33937860	44423620	33937860	33937870
178	33938160	33938170	33938170	33938160
179	33936950	65394220	33936940	33936950
180	33936370	54907890	33937510	33936360
181	33931260	44417020	33931260	33931270
182	33935070	33935070	33935070	33935070
183	33934740	65392020	33934740	33934730
184	33934420	54905950	33934430	33934430
185	33934400	44420160	33934400	33934400
186	33934550	33934540	33934550	33934550
187	33946650	65393690	33936410	33936410
188	33931870	54903390	33931870	33931870
189	33932670	44412110	33926340	33926350
190	33928750	33928750	33928750	33928750
191	33926410	65383690	33926410	33926400
192	33927420	54898940	33927420	33927430
193	33930160	44415920	33930160	33930160
194	33924700	33924710	33924710	33924700
195	33924380	65381650	33924370	33924380
196	33927060	54898590	33927070	33927060
197	33926510	44412260	33926500	33926510
198	33927600	33927600	33927600	33927600
199	33924930	65382210	33924940	33924930
200	33923450	54894970	33923440	33923450
201	33923250	44409020	33923260	33923250
202	33918360	33918350	33918350	33918360
203	33918320	65375610	33918330	33918320
204	33922690	54894200	33922690	33922690
205	33927610	44413370	33927600	33927610
206	33925860	33925860	33925860	33925860
207	33926220	75869270	33926230	33926220
208	33928940	54900450	33928930	33928940
209	33927360	44413130	33927370	33927360
210	33926790	33926780	33926780	33926790
211	33927540	65384820	33927540	33927540
212	33930570	54902090	33930580	33930570
213	33931270	44417040	33931270	33931270
214	33926080	2468800	33926080	33926080
215	33927800	65385070	33927790	33927790
216	33924940	54896460	33924940	33924950
217	33928220	44413990	33928230	33928220
218	33927740	33927730	33927730	33927730
219	33924410	65381700	33924420	33924420
220	33925410	54896920	33925400	33925410
221	33920800	44406560	33920800	33920800
222	33921760	33921760	33921760	33921750
223	33924640	65381920	33924640	33924640
224	33922330	54893860	33922340	33922340
225	33922390	44408150	33922390	33922390
226	33924500	33924490	33924500	33924500
227	33925740	65383020	33925730	33925730
228	33927840	54899360	33927840	33927840
229	33929380	44415140	33929390	33929390
230	33927100	33927100	33927090	33927090
231	33925310	65382590	33925310	33925320
232	33925550	54897080	33925560	33925550
233	33928380	54899890	33928370	33928370
234	33929880	33929880	33929880	33929890
235	33928940	75871980	33928940	33928940
236	33928620	65385910	33928630	33928620
237	33928820	44414570	33928810	33928810
238	33927910	33927920	33927920	33927920
239	33926480	65383760	33926480	33926480
240	33926170	54897690	33926170	33926170
241	33925330	54897680	33925320	33925320
242	33927060	33927070	33927070	33927070
243	33927980	65385250	33927980	33927980
244	33926880	54898400	33926870	33926880
245	33929760	44415520	33929760	33929750
246	33929030	33929030	33929040	33929040
247	33925030	65382310	33925020	33925030
248	33924460	54895980	33924470	33924460
249	33925140	44410900	33925130	33925140
250	33931330	2474060	33931340	33931330
251	33927480	65384750	33927480	33927480
252	33927580	54899110	33927580	33927580
253	33931510	44417270	33931510	33931510
254	33928070	33928060	33928070	33928070
255	33931490	65388770	33931480	33931480
256	33934500	54906020	33934510	33934510
257	33936630	44422390	33936620	33936630
258	33932020	33932030	33932030	33932020
259	33929600	65386880	33929600	33929600
260	33933080	54904590	33933080	33933080
261	33934020	54905540	33934010	33934020
262	33931360	33931360	33931360	33931360
263	33934950	65392230	33934950	33934950
264	33930230	54901750	33930230	33930230
265	33935970	44421730	33935970	33935970
266	33929580	33929580	33929580	33929580
267	33932200	65389480	33932200	33932200
268	33937360	54908880	33937360	33937360
269	33938630	44424400	33938640	33938630
270	33939120	33939110	33939120	33939120
271	33933290	65390570	33933290	33933290
272	33931460	54902980	33931450	33931450
273	33929530	44415290	33929540	33929540
274	33929720	33929720	33929720	33929720
275	33930650	65387940	33930650	33930650
276	33928900	54900410	33928890	33928900
277	33933430	44419190	33933430	33933420
278	33929440	33929440	33929450	33929450
279	33932730	65390010	33932720	33932720
280	33934300	65391580	33934300	33934310
281	33927550	44413320	33927560	33927550
282	33929480	33929480	33929480	33929480
283	33931530	65388800	33931520	33931530
284	33932520	54904050	33932530	33932520
285	33928920	44414680	33928920	33928920
286	33930670	33930670	33930670	33930670
287	33932920	65390190	33932920	33932920
288	33927990	54899510	33927980	33927980
289	33927450	44413220	33927460	33927460
290	33927440	44413220	33927430	33927440
291	33923580	65380860	33923580	33923570
292	33927390	54898910	33927390	33927400
293	33919550	44405310	33919560	33919550
294	33924130	33924140	33924130	33924130
295	33927800	65385070	33927800	33927800
296	33921760	54893290	33921760	33921760
297	33914830	44400580	33914820	33914820
298	33914440	33914440	33914450	33914450
299	33913250	65370530	33913240	33913250
300	33910000	54881530	33910010	33910000
301	33915920	44401680	33915920	33915920
302	33918300	33918290	33918300	33918300
303	33917050	65374330	33917050	33917050
304	33916580	54888110	33916580	33916580
305	33921880	44407630	33921870	33921870
306	33921120	2463840	33921120	33921130
307	33920780	65378070	33920790	33920780
308	33920960	54892470	33920950	33920950
309	33919110	44404880	33919120	33919120
310	33918820	33918820	33918820	33918820
311	33921700	65378980	33921700	33921700
312	33921220	54892730	33921210	33921220
313	33917400	54888920	33917400	33917390
314	33920960	33920960	33920960	33920960
315	33921180	65378470	33921190	33921190
316	33920600	54892120	33920600	33920600
317	33922570	44408320	33922560	33922570
318	33920840	33920840	33920840	33920840
319	33921880	65379160	33921880	33921870
320	33924550	54896080	33924560	33924560
321	33918340	44404090	33918330	33918330
322	33918140	33918140	33918140	33918150
323	33921140	65378420	33921140	33921140
324	33916990	54888510	33916990	33916990
325	33919480	44405240	33919480	33919470
326	33925180	33925180	33925180	33925180
327	33923590	65380870	33923590	33923590
328	33926260	54897780	33926260	33926260
329	33920650	44406410	33920650	33920650
330	33925220	33925220	33925220	33925230
331	33918190	65375470	33918190	33918190
332	33921460	54892980	33921460	33921460
333	33917730	44403490	33917730	33917730
334	33915040	33915040	33915040	33915030
335	33918910	65376200	33918920	33918920
336	33922270	54893780	33922260	33922270
337	33923680	44409440	33923690	33923680
338	33920770	33920780	33920770	33920770
339	33917110	65374380	33917100	33917100
340	33919570	54891090	33919580	33919580
341	33917460	44403230	33917460	33917460
342	33919490	33919490	33919490	33919490
343	33923050	65380320	33923040	33923050
344	33924130	54895660	33924140	33924130
345	33925510	44411270	33925510	33925510
346	33926110	33926100	33926100	33926110
347	33928340	65385630	33928350	33928340
348	33924260	54895770	33924250	33924250
349	33925590	44411350	33925590	33925600
350	33923850	33923850	33923860	33923850
351	33922570	33922580	33922570	33922570
352	33923210	54894720	33923210	33923210
353	33922130	44407890	33922120	33922130
354	33926110	33926120	33926120	33926110
355	33924690	65381960	33924690	33924690
356	33922380	54893900	33922370	33922370
357	33923680	44409440	33923680	33923690
358	33923350	33923360	33923360	33923350
359	33919810	65377080	33919800	33919810
360	33916100	54887620	33916100	33916100
361	33915490	44401250	33915490	33915480
362	33916570	33916570	33916570	33916580
363	33916960	65374240	33916960	33916950
364	33923840	44409610	33923850	33923850
365	33921820	54895690	33921810	33921820
366	33924060	33924070	33924070	33924060
367	33924240	65381520	33924240	33924240
368	33925100	54896620	33925100	33925100
369	33924110	44409860	33924100	33924100
370	33919280	33919290	33919290	33919290
371	33917790	65375060	33917780	33917780
372	33920180	54891710	33920190	33920190
373	33920130	44405880	33920120	33920130
374	33923620	33923620	33923620	33923620
375	33918590	65375870	33918590	33918580
376	33915430	54886960	33915440	33915440
377	33916960	44402710	33916950	33916960
378	33914860	33914860	33914860	33914860
379	33920490	65377780	34005020	33920490
380	33919120	54890640	33919120	33919120
381	33918390	44404140	33918380	33918390
382	33921520	33921520	33921530	33921520
383	33922860	65380140	33922850	33922850
384	33926530	54898050	33926540	33926540
385	33926210	44411970	33926200	33926210
386	33919410	33919410	33919410	33919400
387	33916730	65374010	33916730	33916740
388	33910810	54882330	33910810	33910810
389	33917370	44403140	33917380	33917370
390	33916460	33916460	33916460	33916460
391	33915040	65372310	33915030	33915040
392	33915060	54886580	33915060	33915050
393	33915440	44401210	33915450	33915450
394	33916800	33916790	33916790	33916790
395	33919030	75862070	33919030	33919030
396	33921860	54893380	33921860	33921860
397	33919970	44405740	33919980	33919980
398	33923030	33923030	33923030	33923030
399	33923510	75866540	33923500	33923500
400	33922730	54894260	33922740	33922740
401	33925290	54899380	33925280	33925280
402	33925580	33925590	33925590	33925590
403	33927010	65384290	33927010	33927010
404	33926570	54898080	33926560	33926570
405	33923510	44409270	33923520	33923510
406	33921520	33921520	33921510	33921510
407	33920430	65377720	33920440	33920440
408	33924550	54896060	33924540	33924550
409	33922270	54893790	33922270	33922270
410	33921050	33921050	33921050	33921040
411	33920150	65377440	33920160	33920160
412	33920430	54891940	33920420	33920430
413	33922910	44408670	33922910	33922910
414	33921200	33921200	33921210	33921200
415	33924240	65381520	33924230	33924240
416	33929020	54900540	33929020	33929020
417	33929010	44414770	33929010	33929010
418	33930710	33930710	33930720	33930710
419	33931870	65389150	33931870	33931870
420	33931530	54903060	33931530	33931530
421	33929100	44414860	33929100	33929100
422	33924060	33924060	33924060	33924060
423	33922320	65379590	33922320	33922320
424	33919960	54891490	33919960	33919960
425	33925260	44411020	33925260	33925260
426	33927460	33927460	33927180	33927460
427	33925110	65382380	33925100	33925100
428	33926690	54898210	33926690	33926700
429	33928940	44414700	33928940	33928930
430	33929710	33929710	33929720	33929720
431	33928120	65385400	33928120	33928120
432	33929500	54901020	33929490	33929500
433	33930020	44415780	33930030	33930020
434	33930320	33930320	33930310	33930320
435	33929700	65386980	33929700	33929700
436	33932770	54904290	33932780	33932770
437	33930810	44416570	33930810	33930810
438	33930470	33930470	33930470	33930470
439	33937410	65394700	33937410	33937410
440	33935840	54907350	33935830	33935830
441	33934960	44420720	33934970	33934970
442	33937850	33937850	33937850	33937850
443	33936140	65393420	33936130	33936140
444	33936320	54907840	33936320	33936320
445	33930900	44416670	33930910	33930900
446	33932850	33932840	33932850	33932850
447	33932240	65389530	33932240	33932240
448	33934570	54906080	33934570	33934570
449	33937560	44423320	33940430	33937560
450	33941370	33941370	33941380	33941370
451	33943390	65400670	33943380	33943390
452	33938400	54909920	33938400	33938400
453	33936420	44422180	33936430	33936420
454	33930300	33930300	33930290	33930300
455	33933910	65391190	33933910	33933910
456	33933960	54905490	33933970	33933960
457	33936680	44422430	33936680	33936680
458	33934400	33934410	33931560	33934400
459	33931920	75874950	33931910	33931920
460	33934530	54906060	33934540	33934530
461	33938990	44424750	33938990	33938990
462	33939840	33939830	33939830	33939840
463	33941050	65398340	33941060	33941050
464	33935540	54907060	33935540	33935540
465	33936240	44422000	33936240	33936240
466	33930400	33930400	33930400	33930400
467	33927270	65384540	33927260	33927270
468	33930960	54902490	33930970	33931000
469	33932450	44418200	33932440	33932440
470	33933190	33933190	33933190	33933190
471	33930870	65388150	33930870	33930870
472	33934340	54905870	33934350	33934350
473	33932850	44418610	33932850	33932850
474	33930080	33930080	33930080	33930080
475	33931920	65389190	33931910	33931920
476	33931180	54902700	33931190	33931180
477	33929310	44415080	33929310	33929310
478	33924960	33924960	33924960	33924960
479	33929690	33929760	33929680	33929680
480	33934450	54905970	33934460	33934460
481	33935290	54905970	33935280	33935280
482	33935280	33935280	33935280	33935280
483	33933510	65390790	33933510	33933520
484	33935740	54907270	33935750	33935740
485	33933530	44419290	33933530	33933530
486	33936010	33936000	33936000	33936010
487	33935770	65393050	33935770	33935770
488	33933510	54905030	33933520	33933510
489	33932020	54903540	33932010	33932010
490	33933500	33933500	33933500	33933510
491	33932210	65389500	33932220	33932210
492	33929320	54900830	33929320	33929320
493	33931000	44416760	33930990	33931000
494	33932740	2475460	33932740	33932730
495	33933580	65390860	33933590	33933590
496	33933020	54904540	33933010	33933020
497	33934920	44420680	33934930	33934920
498	33927310	33927310	33927300	33927310
499	33924240	65381520	33924240	33924230

============================================================
# BITSTREAM: 100ms_5etapas.bit
# VENTANA: 100ms
# ETAPAS_PRINCIPAL: 5
# NUM_MUESTRAS: 500
# FORMATO: idx	freq1_hz	freq2_hz	freq3_hz	freq4_hz
============================================================
idx	freq1_hz	freq2_hz	freq3_hz	freq4_hz
0	33396140	33396140	33396130	33396140
1	33397530	33397530	33397530	33397210
2	33396140	33396140	33396150	33396140
3	33398440	33393320	33398440	33398440
4	33398650	33393530	33398650	33398650
5	33395750	33395760	33395750	33395750
6	33394110	33394100	33394100	33394100
7	33394450	33394450	33394460	33394460
8	33394450	33394460	33394450	33394450
9	33393550	33393540	33393550	33393550
10	33392180	33387060	33392180	33392180
11	33394920	33394920	33394920	33394920
12	33397500	33397500	33397490	33397490
13	33399940	33394820	33399940	33399940
14	33395390	33395390	33395390	33395390
15	33390570	33385460	33390580	33390580
16	33395010	33395010	33395010	33395010
17	33394280	33394270	33394280	33394280
18	33393920	33393930	33393920	33393920
19	33393720	33393710	33393710	33393710
20	33392340	33387220	33392340	33392340
21	33395890	33395890	33395890	33395890
22	33393680	33393680	33393680	33393680
23	33394360	33394360	33394360	33394370
24	33396530	33396530	33396530	33396520
25	33392400	33387280	33392410	33392410
26	33392980	33392990	33392980	33392980
27	33395340	33395330	33395340	33395340
28	33393660	33393660	33393660	33393660
29	33391800	33386690	33391800	33391800
30	33391160	33386040	33391160	33391160
31	33395150	33395150	33395150	33395150
32	33395460	33395460	33395460	33395460
33	33391960	33386830	33391950	33391950
34	33394350	33394360	33394360	33394360
35	33393150	33393140	33393140	33393140
36	33391320	33386200	33391320	33391330
37	33390590	33385470	33390600	33390590
38	33389150	33384030	33389140	33389140
39	33389170	33384050	33389170	33389170
40	33390690	33385570	33390700	33390700
41	33390020	33384910	33390020	33390020
42	33391310	33386190	33391310	33391310
43	33389970	33384850	33389970	33389970
44	33388320	33383190	33388310	33388310
45	33388040	33382920	33388040	33388040
46	33387510	33387510	33387510	33387520
47	33388660	33383540	33388660	33388660
48	33392720	33392720	33392720	33392720
49	33392440	33387320	33392450	33392440
50	33390110	33385000	33390110	33390110
51	33392020	33386900	33392020	33392020
52	33391240	33386120	33391240	33391240
53	33391210	33386080	33391200	33391200
54	33392600	33387480	33392600	33392610
55	33392300	33387180	33392300	33392300
56	33389100	33383980	33389100	33389100
57	33391760	33386650	33391770	33391760
58	33390470	33385340	33390460	33390470
59	33386590	33386590	33386600	33386590
60	33390580	33385460	33390580	33390580
61	33393910	33393920	33393910	33393910
62	33392620	33387490	33392610	33392610
63	33393460	33393470	33393470	33393470
64	33396760	33396750	33396750	33396750
65	33391530	33386410	33391540	33391540
66	33395570	33395570	33395560	33395570
67	33389920	33384800	33389920	33389910
68	33389870	33384750	33389870	33389870
69	33393650	33393650	33393650	33393650
70	33396530	33396540	33396540	33396540
71	33396020	33396010	33396010	33396010
72	33391970	33386860	33391980	33391980
73	33396070	33396060	33396060	33396070
74	33391380	33386260	33391390	33391380
75	33393240	33393240	33393230	33393240
76	33392500	33387380	33392510	33392500
77	33395620	33395620	33395620	33395620
78	33393320	33393320	33393310	33393640
79	33391970	33386850	33391980	33391970
80	33393580	33393580	33393570	33393580
81	33392630	33392640	33392640	33392630
82	33395140	33395140	33395140	33395140
83	33387630	33382510	33387630	33387630
84	33386960	33386950	33386950	33386950
85	33386580	33386590	33386590	33386590
86	33387520	33382400	33387520	33387520
87	33389100	33383980	33389100	33389100
88	33388150	33383020	33388140	33388140
89	33391240	33386120	33391240	33391240
90	33389590	33384480	33389600	33389600
91	33386350	33386340	33386340	33386350
92	33386660	33386660	33386660	33386650
93	33386120	33386120	33386120	33386120
94	33386100	33386100	33386100	33386100
95	33386760	33386770	33386770	33386770
96	33385670	33385660	33385670	33385670
97	33386880	33386880	33386880	33386880
98	33384820	33384830	33384820	33387060
99	33384100	33384090	33384090	33384090
100	33388000	33382880	33388000	33388000
101	33387540	33382420	33387540	33387550
102	33390510	33385390	33390510	33390510
103	33392560	33387450	33392570	33392560
104	33390620	33385490	33390620	33390620
105	33390600	33385480	33390590	33390600
106	33388280	33383160	33388280	33388280
107	33385240	33385250	33385250	33385240
108	33384880	33384870	33384870	33384870
109	33382370	33377250	33382380	33382380
110	33387210	33387220	33387210	33387210
111	33391520	33386400	33391520	33391520
112	33392580	33387450	33392570	33392570
113	33392850	33392850	33392860	33392860
114	33392590	33387480	33392590	33392590
115	33389300	33384180	33389300	33389300
116	33388510	33383380	33388500	33388500
117	33391700	33386580	33391710	33391710
118	33390720	33385610	33390720	33390720
119	33388940	33383810	33388940	33388940
120	33385580	33385580	33385570	33385570
121	33386170	33386180	33386180	33386180
122	33385400	33385390	33385390	33385390
123	33388280	33383170	33388290	33388290
124	33388180	33383050	33388170	33388170
125	33389430	33384310	33389430	33389430
126	33392340	33387230	33392350	33392350
127	33392210	33387080	33392200	33392200
128	33398320	33393200	33398320	33398320
129	33397540	33397540	33397550	33397550
130	33398030	33392910	33398020	33398020
131	33397950	33392830	33397960	33397960
132	33397670	33397670	33397660	33397660
133	33400500	33395380	33400500	33400500
134	33401020	33395900	33401020	33401030
135	33397590	33397590	33397600	33397590
136	33394530	33394530	33394520	33394530
137	33391450	33386340	33391460	33391450
138	33391150	33386030	33391150	33391150
139	33392460	33387330	33392450	33392450
140	33394090	33394090	33394100	33394100
141	33398450	33393330	33398440	33398440
142	33396170	33396170	33396180	33396180
143	33394880	33394880	33394870	33396390
144	33386740	33386750	33386750	33386750
145	33389970	33384850	33389970	33389970
146	33389710	33384590	33389710	33389710
147	33392550	33387430	33392550	33392550
148	33394890	33394880	33394880	33394890
149	33396510	33396510	33396520	33396510
150	33396340	33396340	33396340	33396340
151	33394490	33394490	33394480	33394480
152	33395230	33395230	33395230	33395240
153	33393870	33393870	33393870	33396020
154	33392990	33392990	33392990	33393000
155	33392310	33387200	33392320	33392310
156	33394200	33394190	33394190	33394200
157	33396670	33396670	33396670	33396670
158	33396130	33396130	33396130	33396120
159	33392640	33392640	33392640	33392640
160	33394560	33394570	33394570	33394570
161	33395910	33395900	33395900	33393340
162	33397190	33397190	33397190	33397200
163	33402810	33397690	33402820	33402810
164	33399010	33393890	33399010	33399010
165	33396690	33396690	33396680	33396680
166	33394790	33394790	33394790	33397350
167	33396920	33396920	33396920	33396930
168	33395200	33395210	33395210	33395200
169	33393130	33393120	33393130	33393130
170	33396040	33396050	33396040	33396040
171	33395710	33395710	33395710	33395710
172	33394950	33394950	33394950	33394950
173	33396550	33396540	33396540	33396540
174	33397130	33397130	33397130	33397130
175	33399730	33394620	33399740	33399740
176	33397820	33392690	33397820	33397820
177	33397720	33397720	33397710	33397710
178	33396440	33396440	33396440	33396440
179	33396640	33396640	33396640	33396640
180	33394500	33394510	33394510	33394510
181	33396430	33396420	33396420	33396430
182	33396930	33396940	33396940	33396930
183	33400300	33395180	33400300	33400300
184	33402290	33397170	33402290	33402290
185	33404850	33404840	33404840	33404850
186	33404890	33404890	33404900	33404890
187	33405600	33405600	33405590	33405600
188	33403730	33403730	33403730	33403730
189	33405030	33405040	33405040	33405030
190	33402550	33397430	33402550	33402550
191	33401440	33396310	33401430	33401440
192	33402300	33397180	33402300	33402290
193	33403190	33403200	33403200	33403200
194	33403380	33403370	33403370	33403380
195	33404780	33404780	33404790	33404780
196	33404220	33404220	33404220	33404220
197	33401430	33396310	33401420	33401420
198	33401040	33395920	33401040	33401040
199	33401890	33396770	33401890	33401890
200	33396470	33396470	33396480	33396480
201	33398500	33393390	33398500	33398500
202	33401140	33396010	33401140	33401140
203	33398490	33393370	33398480	33398480
204	33402520	33397400	33402520	33402520
205	33399460	33394350	33399470	33399470
206	33397840	33392710	33397830	33397830
207	33395260	33395270	33395270	33395270
208	33393780	33393770	33393770	33393770
209	33393050	33393050	33393060	33393060
210	33395230	33395240	33395230	33395230
211	33397960	33392840	33397960	33397960
212	33395520	33395510	33395510	33395510
213	33397680	33397690	33397690	33397690
214	33397830	33392700	33397830	33397830
215	33394180	33394180	33394170	33394170
216	33394160	33394160	33394170	33394170
217	33395890	33395890	33395880	33395880
218	33393700	33393700	33393700	33393700
219	33394840	33394840	33394840	33394850
220	33392100	33386980	33392110	33392100
221	33389450	33384330	33389440	33389450
222	33394390	33394400	33394400	33394390
223	33396630	33396620	33396630	33396630
224	33393280	33393290	33393280	33393280
225	33393240	33393240	33393240	33393240
226	33393270	33393260	33393260	33393270
227	33394060	33394060	33394070	33394060
228	33392970	33392970	33392960	33392960
229	33394080	33394090	33394090	33394090
230	33396610	33396600	33396610	33396610
231	33392370	33387250	33392370	33392370
232	33394070	33394070	33394070	33394070
233	33393150	33393150	33393140	33393150
234	33392720	33392730	33392730	33392720
235	33393970	33393970	33393970	33393970
236	33395580	33395570	33395580	33395580
237	33394350	33394350	33394340	33394350
238	33394150	33394150	33394150	33394140
239	33393330	33393330	33393340	33393340
240	33392880	33392880	33392870	33392870
241	33393490	33393490	33393490	33393490
242	33387950	33382830	33387960	33387960
243	33392160	33387050	33392160	33392160
244	33392350	33387220	33392350	33392350
245	33394830	33394830	33394820	33394820
246	33393310	33393320	33393320	33393320
247	33395360	33395350	33395350	33395360
248	33394640	33394640	33394640	33394630
249	33392940	33392940	33392940	33392940
250	33390000	33384890	33390010	33390010
251	33390870	33385750	33390870	33390870
252	33388050	33382930	33388050	33388050
253	33386640	33386630	33386640	33386640
254	33384860	33384860	33384850	33384860
255	33386960	33386970	33386970	33386960
256	33389460	33384340	33389460	33389460
257	33391570	33386440	33391560	33391560
258	33388870	33383750	33388870	33388870
259	33388580	33383460	33388580	33388580
260	33385860	33385860	33385870	33385870
261	33386430	33386430	33386420	33386430
262	33386720	33386720	33386720	33386710
263	33386480	33386480	33386480	33386480
264	33387530	33382410	33387530	33387530
265	33395190	33395200	33395200	33395200
266	33387890	33382760	33387880	33387880
267	33387480	33387490	33387490	33387490
268	33384660	33384650	33384650	33384650
269	33382120	33377000	33382120	33382120
270	33381300	33376180	33381300	33381300
271	33383340	33383350	33383350	33383350
272	33383100	33383090	33383090	33383100
273	33385070	33385070	33385070	33385060
274	33382550	33382550	33382550	33382560
275	33381060	33375940	33381070	33381060
276	33385960	33385970	33385960	33385960
277	33383930	33383920	33383920	33383920
278	33384250	33384260	33384260	33384260
279	33383000	33382990	33382990	33382990
280	33385850	33385850	33385850	33385850
281	33388980	33383860	33388980	33388980
282	33388240	33383120	33388240	33388250
283	33390170	33385050	33390170	33390170
284	33388440	33383320	33388440	33388430
285	33381800	33376680	33381800	33381800
286	33390530	33385410	33390530	33390540
287	33390270	33385150	33390280	33390270
288	33387850	33382730	33387850	33387850
289	33388280	33383160	33388270	33388270
290	33385330	33385340	33385340	33385340
291	33387700	33382570	33387690	33387690
292	33387740	33382620	33387740	33387750
293	33390830	33385720	33390840	33390830
294	33391350	33386220	33391340	33391340
295	33385170	33385170	33385170	33385170
296	33386530	33386530	33386530	33386540
297	33388750	33383630	33388750	33388740
298	33389150	33384030	33389160	33389160
299	33389670	33384560	33389670	33389670
300	33392880	33392870	33392870	33392880
301	33390670	33385560	33390680	33390670
302	33391200	33386070	33391190	33391190
303	33391020	33385910	33391030	33391030
304	33391260	33386140	33391260	33391260
305	33388180	33383050	33388170	33388170
306	33386590	33386590	33386600	33386600
307	33385770	33385770	33385760	33385760
308	33389980	33384860	33389990	33389990
309	33388480	33383370	33388480	33388480
310	33385660	33385650	33385650	33385650
311	33389440	33384320	33389440	33389440
312	33391330	33386220	33391340	33391340
313	33391960	33386830	33391950	33391950
314	33396050	33396050	33396050	33396050
315	33393090	33393090	33393090	33393090
316	33392230	33387110	33392230	33392230
317	33389480	33384360	33389490	33389490
318	33392660	33392660	33392660	33392660
319	33392630	33392640	33392630	33392630
320	33391780	33386650	33391780	33391780
321	33392160	33387050	33392160	33392160
322	33393270	33393260	33393260	33393260
323	33394230	33394230	33394230	33394240
324	33391130	33386020	33391140	33391130
325	33393910	33393900	33393900	33393900
326	33391120	33386010	33391130	33391130
327	33390840	33385720	33390840	33390840
328	33386230	33386220	33386220	33386220
329	33387150	33387150	33387160	33387160
330	33389390	33384270	33389380	33389390
331	33386560	33386570	33386570	33386560
332	33389290	33384160	33389280	33389280
333	33384100	33384100	33384110	33384110
334	33383030	33383040	33383030	33383030
335	33383210	33383200	33383200	33383210
336	33384180	33384180	33384180	33384170
337	33386240	33386240	33386240	33386560
338	33385920	33385930	33385930	33385930
339	33386370	33386370	33386370	33386370
340	33390120	33384990	33390110	33390120
341	33388620	33383510	33388630	33388620
342	33388710	33383580	33388700	33388710
343	33391650	33386540	33391660	33391650
344	33394300	33394290	33394290	33394290
345	33391800	33386680	33391800	33391800
346	33393650	33393650	33393650	33393650
347	33387000	33387000	33387000	33387010
348	33388730	33383610	33388730	33388720
349	33388700	33383590	33388710	33388710
350	33387500	33387500	33387500	33387500
351	33388400	33383270	33388390	33388390
352	33389110	33383990	33389110	33389110
353	33389330	33384210	33389330	33389010
354	33387210	33387220	33387220	33387220
355	33385510	33385500	33385500	33385500
356	33384720	33384720	33384720	33384730
357	33387240	33387240	33387240	33387230
358	33384630	33384630	33384630	33384640
359	33388560	33383450	33388570	33388560
360	33387400	33387400	33387400	33387400
361	33387650	33382520	33387640	33387640
362	33386150	33386160	33386160	33386160
363	33383040	33383040	33383040	33383040
364	33386730	33386720	33386720	33386720
365	33386100	33386100	33386100	33386100
366	33386370	33386370	33386370	33386370
367	33383860	33383860	33383860	33383860
368	33385360	33385370	33385370	33385370
369	33388340	33383210	33388340	33388340
370	33388710	33383600	33388710	33388710
371	33388060	33382940	33388060	33388060
372	33387300	33387290	33387300	33387300
373	33387610	33382490	33387600	33387600
374	33387600	33382490	33387610	33387610
375	33385060	33385060	33385060	33385060
376	33384490	33384490	33384490	33384490
377	33387450	33387440	33387450	33387450
378	33387660	33382540	33387650	33387660
379	33387300	33387300	33387300	33387290
380	33387320	33387330	33387330	33387330
381	33385760	33385760	33385760	33385760
382	33387680	33382550	33387670	33387670
383	33388150	33383030	33388150	33388150
384	33384600	33384600	33384600	33384600
385	33384370	33384370	33384370	33384380
386	33385250	33385250	33385250	33385240
387	33386570	33386580	33386580	33386580
388	33389100	33383970	33389090	33389090
389	33393520	33393520	33393520	33393520
390	33394490	33394490	33394490	33394490
391	33395450	33395450	33395450	33395460
392	33395180	33395180	33395180	33395170
393	33392200	33387080	33392200	33392200
394	33394740	33394740	33394740	33394740
395	33394620	33394630	33394630	33394630
396	33397260	33397250	33397250	33397260
397	33395420	33395420	33395430	33395420
398	33395500	33395500	33395500	33395500
399	33395510	33395520	33395510	33395510
400	33394070	33394070	33394070	33394070
401	33393610	33393610	33393610	33393610
402	33391120	33385990	33391120	33391120
403	33393110	33393120	33393110	33393110
404	33394210	33394200	33394200	33394200
405	33393010	33393010	33393010	33393010
406	33389810	33384690	33389810	33389810
407	33389030	33383910	33389030	33389030
408	33384280	33384280	33384290	33384290
409	33387030	33387040	33387030	33387030
410	33382840	33382840	33382840	33382840
411	33383980	33383980	33383980	33384300
412	33382750	33382750	33382750	33382750
413	33388780	33383650	33388770	33388770
414	33390530	33385410	33390540	33390540
415	33392690	33392700	33392690	33392690
416	33394200	33394190	33394190	33394190
417	33391880	33386760	33391880	33391890
418	33391430	33386310	33391430	33391430
419	33391740	33386620	33391740	33391730
420	33384450	33384460	33384460	33384460
421	33383360	33383350	33383360	33383360
422	33386920	33386920	33386910	33386910
423	33386450	33386460	33386460	33386460
424	33385450	33385450	33385450	33385450
425	33387920	33382790	33387910	33387910
426	33389450	33384340	33389460	33389460
427	33388380	33383260	33388380	33388380
428	33388600	33383470	33388590	33388600
429	33383750	33383750	33383750	33383740
430	33383810	33383810	33383820	33383820
431	33384600	33384600	33384590	33384590
432	33383950	33383950	33383950	33383950
433	33385760	33385760	33385760	33385770
434	33387650	33382530	33387650	33387640
435	33386790	33386790	33386790	33386800
436	33385760	33385760	33385770	33385760
437	33385910	33385910	33385900	33385910
438	33383770	33383770	33383770	33383770
439	33385570	33385570	33385570	33385570
440	33386340	33386350	33386350	33386340
441	33384210	33384200	33384200	33384200
442	33383980	33383990	33383990	33383990
443	33383410	33383400	33383400	33383400
444	33381970	33376850	33381970	33381970
445	33381280	33376170	33381290	33381290
446	33382160	33377040	33382160	33382160
447	33378140	33373010	33378130	33378140
448	33381890	33376770	33381900	33381890
449	33383240	33383250	33383240	33383240
450	33381850	33376720	33381850	33381850
451	33378410	33373290	33378400	33378400
452	33376720	33376720	33376720	33376720
453	33376590	33376590	33376590	33376590
454	33378730	33373610	33378740	33378740
455	33380020	33374900	33380020	33380020
456	33381670	33376550	33381670	33381670
457	33380560	33375450	33380560	33380560
458	33383470	33383460	33383470	33383470
459	33382140	33377020	33382130	33382140
460	33382030	33376910	33382030	33382030
461	33381970	33376850	33381980	33381970
462	33381780	33376670	33381780	33381780
463	33380460	33375330	33380450	33380460
464	33378460	33373340	33378460	33378450
465	33378140	33373020	33378140	33378140
466	33380000	33374890	33380010	33380010
467	33376770	33376760	33376760	33376770
468	33380960	33375850	33380970	33380960
469	33381170	33376040	33381160	33381160
470	33377450	33372340	33377460	33377460
471	33376370	33376360	33376370	33376370
472	33372110	33366990	33372100	33372100
473	33373560	33373560	33373560	33373560
474	33377790	33372670	33377790	33377800
475	33381100	33375980	33381100	33381100
476	33375800	33375800	33375800	33375800
477	33380920	33375810	33380930	33380920
478	33380530	33375400	33380520	33380520
479	33376510	33376510	33376510	33376520
480	33374320	33374320	33374320	33374320
481	33380790	33375670	33380790	33380780
482	33381260	33376140	33381270	33381270
483	33384330	33384330	33384320	33384320
484	33385990	33386000	33386000	33386000
485	33387940	33382820	33387940	33387940
486	33385230	33385220	33385230	33385230
487	33386980	33386980	33386980	33386980
488	33385520	33385520	33385510	33385520
489	33385400	33385400	33385400	33385400
490	33383780	33383790	33383790	33383780
491	33382780	33382770	33382780	33382780
492	33384620	33384620	33384610	33384610
493	33384320	33384330	33384330	33384330
494	33385010	33385000	33385000	33385000
495	33383650	33383650	33383660	33383660
496	33385560	33385560	33385560	33385560
497	33384810	33384810	33384800	33384810
498	33389920	33384810	33389930	33389920
499	33389110	33383980	33389110	33389110

============================================================
# BITSTREAM: 100ms_51etapas.bit
# VENTANA: 100ms
# ETAPAS_PRINCIPAL: 51
# NUM_MUESTRAS: 500
# FORMATO: idx	freq1_hz	freq2_hz	freq3_hz	freq4_hz
============================================================
idx	freq1_hz	freq2_hz	freq3_hz	freq4_hz
0	14249860	13062300	13620770	11927900
1	14249390	13061420	13620320	11928570
2	14249030	13060220	13620350	11925370
3	14249320	13060560	13620550	11928400
4	14248610	13060840	13619520	11927090
5	14246730	13058900	13618010	11924960
6	14247120	13059120	13618320	11926620
7	14246760	13058920	13618320	11925260
8	14247510	13059510	13618730	11924890
9	14246880	13058520	13618070	11926410
10	14247370	13059620	13618510	11925960
11	14248240	13060320	13619350	11927440
12	14247180	13059950	13618310	11925490
13	14246020	13057800	13617580	11925940
14	14246730	13057910	13618060	11923820
15	14247380	13058870	13618760	11924740
16	14247080	13058950	13618380	11923720
17	14247780	13059470	13619160	11925040
18	14248080	13059660	13619570	11924600
19	14246810	13058390	13618290	11926010
20	14247340	13059170	13618730	11925930
21	14246910	13058290	13618460	11926340
22	14247890	13059610	13619400	11924430
23	14247620	13059220	13619150	11925140
24	14248480	13060580	13620070	11926820
25	14247930	13059800	13619200	11927210
26	14246380	13059040	13617940	11922980
27	14247990	13058720	13619030	11925180
28	14248320	13059120	13619450	11926850
29	14248070	13059000	13619070	11927500
30	14248560	13059790	13619400	11926770
31	14248170	13059530	13619170	11925840
32	14248130	13060100	13619500	11927380
33	14246870	13058550	13618020	11924670
34	14247160	13059260	13618220	11923980
35	14247780	13059550	13619350	11925160
36	14247200	13059010	13618800	11925830
37	14248490	13059590	13620000	11925920
38	14246830	13058990	13618740	11923790
39	14247480	13059000	13619220	11925490
40	14247530	13059820	13618630	11924280
41	14248870	13060360	13620110	11928330
42	14247210	13059200	13618290	11926460
43	14247590	13058670	13618960	11926900
44	14246510	13058190	13618060	11923420
45	14246190	13057530	13617770	11924000
46	14245710	13056930	13617730	11925510
47	14246620	13057960	13618590	11926760
48	14246170	13058190	13618030	11925510
49	14246470	13057950	13618410	11926000
50	14246180	13058160	13617880	11924920
51	14245210	13057200	13617460	11923060
52	14245770	13058230	13617630	11922690
53	14245990	13057800	13618300	11925470
54	14245150	13057490	13617430	11922520
55	14245540	13057550	13617880	11926030
56	14244960	13057590	13617700	11922990
57	14245390	13057650	13618050	11924210
58	14245260	13057180	13617720	11925340
59	14244030	13056470	13616920	11922990
60	14244060	13056180	13616080	11922040
61	14243690	13055920	13616300	11922600
62	14244840	13056940	13617240	11922870
63	14244530	13056240	13617250	11923520
64	14244730	13056940	13617390	11924160
65	14245560	13057740	13618070	11925980
66	14245420	13058390	13618110	11925240
67	14245090	13057730	13617840	11925490
68	14244170	13057130	13617070	11922290
69	14244350	13057280	13616940	11925610
70	14244470	13057480	13616940	11922370
71	14244890	13057750	13617130	11923650
72	14244090	13056540	13616870	11924140
73	14243640	13055760	13616590	11924860
74	14243990	13057080	13617020	11924340
75	14243930	13057280	13617110	11923450
76	14244400	13057300	13616500	11924590
77	14244370	13056550	13616740	11923660
78	14245320	13058290	13617590	11923210
79	14245310	13057820	13617820	11926100
80	14245020	13058070	13617590	11923220
81	14246660	13058760	13618200	11926730
82	14246440	13058690	13617720	11924480
83	14246310	13057910	13617900	11924450
84	14245670	13057940	13617730	11923770
85	14246250	13058060	13618210	11927000
86	14245280	13057370	13617390	11925420
87	14244800	13057400	13617680	11925940
88	14245020	13058510	13617760	11923180
89	14246080	13058570	13618220	11924580
90	14247060	13059560	13618810	11924130
91	14248470	13060730	13619460	11927680
92	14247050	13060610	13618310	11924060
93	14246760	13059120	13618720	11927190
94	14246380	13058780	13617900	11923540
95	14246960	13059950	13618750	11925530
96	14245550	13058540	13617460	11925190
97	14246700	13059700	13618460	11924650
98	14246130	13059210	13618170	11923050
99	14247190	13059540	13618490	11927270
100	14246720	13059550	13618070	11925750
101	14246820	13059350	13618110	11926770
102	14246990	13059570	13618290	11926170
103	14246700	13059610	13618160	11926680
104	14245940	13059160	13617580	11924310
105	14246680	13059580	13618150	11925210
106	14247370	13059790	13618590	11926410
107	14247490	13059590	13618650	11927600
108	14246490	13058490	13617670	11925850
109	14247240	13058930	13618630	11927200
110	14246490	13058800	13617800	11926110
111	14246140	13058160	13617670	11924230
112	14246980	13059320	13618440	11926050
113	14246420	13058710	13617970	11925000
114	14246760	13058850	13618000	11926080
115	14246140	13058290	13617630	11924720
116	14245630	13058520	13617480	11925210
117	14246950	13059610	13618310	11924410
118	14247550	13059670	13618850	11926460
119	14247520	13058890	13618980	11926910
120	14247110	13058700	13618420	11924430
121	14247310	13058720	13618580	11925220
122	14247460	13059470	13618700	11924910
123	14245790	13057770	13617460	11924280
124	14246170	13057940	13617750	11923940
125	14245990	13057550	13617660	11925990
126	14246150	13058540	13617650	11923700
127	14246040	13057880	13617620	11926650
128	14244420	13057610	13616210	11923020
129	14245370	13057370	13616840	11925710
130	14245710	13058020	13617490	11923720
131	14246110	13058120	13617710	11925850
132	14246870	13059110	13618680	11925890
133	14247020	13058490	13618060	11924490
134	14245730	13057990	13617470	11923230
135	14246680	13057960	13618350	11926710
136	14248110	13057640	13617490	11925260
137	14245800	13057460	13617650	11925580
138	14246100	13057740	13617670	11925320
139	14246640	13057960	13618380	11925800
140	14246780	13059000	13618670	11923410
141	14245770	13057500	13617730	11926120
142	14245220	13057130	13617030	11924950
143	14245160	13057160	13617060	11926080
144	14245210	13057820	13617340	11923050
145	14244580	13056530	13616750	11923590
146	14244970	13057360	13617100	11924480
147	14246020	13058270	13617700	11924300
148	14245860	13059390	13617970	11923950
149	14246710	13059210	13618410	11927200
150	14246970	13059230	13619000	11926060
151	14247050	13059220	13619000	11925330
152	14246380	13058910	13618700	11924340
153	14247080	13059040	13619260	11925910
154	14247190	13059750	13618980	11924390
155	14247470	13059890	13619380	11925760
156	14247310	13059860	13619000	11924100
157	14246940	13059230	13619120	11925130
158	14245530	13058700	13618050	11923420
159	14246290	13058460	13618860	11927250
160	14247300	13059790	13619250	11924510
161	14246840	13059120	13618720	11927010
162	14246660	13059670	13618250	11923760
163	14246650	13059200	13618310	11926500
164	14246410	13058850	13618040	11926100
165	14246720	13059070	13618270	11925490
166	14245520	13058540	13617300	11925790
167	14245110	13058600	13617350	11924320
168	14245090	13059360	13617930	11925960
169	14246060	13058260	13618010	11926810
170	14245350	13058140	13617650	11925730
171	14246360	13058960	13618190	11926890
172	14246540	13059410	13617990	11925670
173	14246600	13059450	13618090	11926700
174	14246720	13059770	13618320	11926350
175	14247120	13060180	13618580	11925490
176	14247110	13060660	13618530	11924560
177	14246470	13059360	13617680	11926190
178	14245770	13058980	13617500	11923030
179	14246450	13059750	13618200	11925130
180	14245970	13059070	13617570	11923780
181	14245960	13059110	13618220	11926540
182	14245910	13059520	13617380	11923900
183	14247130	13060590	13618620	11926020
184	14247640	13060750	13618820	11925410
185	14247940	13061400	13619450	11926500
186	14247260	13060410	13618820	11926940
187	14246550	13060050	13618130	11925400
188	14246620	13060080	13618190	11926640
189	14247590	13060440	13618630	11927330
190	14247220	13059970	13618350	11926840
191	14248090	13060470	13619320	11928370
192	14247630	13060960	13618770	11925450
193	14247610	13060730	13618980	11927490
194	14246560	13060100	13618240	11924990
195	14246730	13059530	13618060	11925880
196	14245270	13058500	13617230	11923900
197	14246030	13058810	13617740	11927040
198	14246090	13059700	13617910	11924510
199	14246860	13059920	13618780	11927410
200	14245990	13059760	13617980	11924310
201	14247430	13060870	13619140	11925830
202	14247120	13060450	13618820	11925040
203	14246850	13060110	13618770	11925850
204	14247000	13060420	13618730	11926430
205	14246660	13059410	13618280	11927140
206	14245980	13058970	13617760	11924870
207	14246700	13059470	13618420	11925340
208	14246400	13060060	13618070	11924360
209	14246940	13060090	13618670	11927200
210	14246670	13059380	13617960	11926250
211	14248130	13060650	13618790	11925920
212	14247150	13059710	13618310	11926280
213	14246500	13058700	13617720	11926740
214	14245390	13058260	13616930	11923170
215	14245890	13058280	13617380	11926600
216	14245970	13058650	13617380	11924120
217	14246170	13059200	13618010	11925090
218	14244380	13057000	13616570	11925240
219	14244800	13056350	13616950	11926130
220	14244660	13057600	13616680	11924940
221	14244810	13057580	13616420	11924450
222	14244700	13057670	13616380	11923470
223	14244370	13056350	13616570	11924050
224	14245110	13057160	13616830	11925700
225	14245220	13057230	13617230	11925990
226	14244460	13057030	13616280	11924900
227	14245380	13058020	13617030	11923840
228	14245830	13058120	13617540	11925460
229	14245540	13058050	13617090	11924500
230	14245850	13057930	13617440	11925390
231	14244290	13056250	13616130	11923000
232	14244420	13056900	13616310	11924000
233	14244880	13057220	13616900	11925640
234	14244750	13057880	13616450	11922570
235	14245140	13057180	13616900	11926120
236	14244330	13057040	13616010	11922240
237	14245280	13057880	13616830	11925600
238	14245090	13057580	13616630	11924750
239	14245310	13057090	13617050	11925790
240	14245150	13056680	13616690	11925190
241	14245380	13056880	13617130	11926610
242	14245650	13057580	13617070	11925370
243	14246000	13058410	13617580	11927030
244	14245300	13058420	13616900	11924000
245	14245850	13058360	13617240	11924500
246	14244640	13057140	13616310	11923570
247	14245910	13057400	13617420	11926700
248	14246370	13058640	13617790	11924310
249	14245460	13057800	13616770	11925800
250	14245500	13057520	13616790	11925570
251	14246510	13058410	13618060	11926600
252	14246380	13058470	13617560	11923530
253	14247180	13059110	13618430	11925170
254	14245870	13058470	13617100	11925720
255	14245910	13057580	13616340	11924050
256	14245150	13058560	13616610	11923960
257	14246190	13058320	13617210	11926960
258	14245240	13056920	13616230	11924750
259	14246230	13058290	13617070	11926980
260	14246470	13058620	13617260	11926180
261	14247600	13059520	13618710	11925510
262	14248820	13061380	13619430	11928150
263	14248160	13060510	13618810	11927940
264	14248210	13060630	13618880	11927220
265	14247280	13059280	13618210	11925340
266	14247300	13059700	13618270	11927130
267	14247510	13059770	13618520	11928130
268	14246880	13059050	13618040	11925430
269	14246800	13058870	13617830	11926040
270	14246180	13059030	13617650	11926430
271	14246750	13059330	13617870	11927390
272	14246930	13060150	13618040	11926450
273	14246820	13059900	13617970	11925820
274	14245210	13058460	13616990	11925450
275	14246420	13059700	13617950	11927210
276	14246670	13060250	13617960	11926340
277	14247130	13060720	13618570	11926130
278	14246840	13060670	13618430	11926520
279	14246960	13060100	13618370	11927700
280	14247200	13060820	13618630	11926600
281	14247500	13060720	13619290	11928340
282	14245820	13059700	13617570	11926540
283	14246890	13059890	13618790	11927720
284	14245050	13058530	13617350	11926020
285	14243680	13056990	13615900	11925490
286	14243300	13056760	13615470	11922130
287	14244580	13057620	13616600	11925460
288	14244870	13058150	13616550	11922970
289	14245490	13058400	13617310	11926160
290	14245650	13058920	13617710	11925830
291	14245260	13058630	13617580	11926280
292	14245210	13058820	13617230	11923920
293	14245110	13058250	13617150	11926180
294	14243870	13056800	13616020	11924730
295	14244500	13057460	13616800	11923980
296	14245130	13057980	13617000	11923910
297	14244860	13057230	13616610	11924330
298	14244930	13057740	13616890	11925380
299	14245370	13057630	13617420	11926860
300	14244930	13058280	13616850	11923820
301	14246250	13058830	13617840	11927420
302	14246760	13059400	13618700	11924770
303	14247250	13059810	13618920	11926260
304	14246840	13060120	13618590	11924530
305	14247490	13060130	13618720	11928210
306	14245180	13058280	13616520	11923490
307	14245540	13058050	13617310	11924230
308	14246070	13058830	13618190	11926200
309	14245930	13058110	13617770	11926600
310	14246710	13059230	13618730	11926980
311	14246590	13059200	13618540	11927190
312	14246360	13059740	13618290	11924550
313	14246700	13059390	13618620	11926920
314	14246390	13059670	13618220	11924770
315	14246160	13059270	13617890	11924810
316	14247000	13059250	13618550	11926720
317	14247310	13060160	13619140	11927770
318	14246410	13059990	13618440	11924670
319	14247580	13060320	13619280	11926280
320	14247410	13060870	13618810	11925270
321	14249080	13061760	13623230	11928680
322	14248360	13061800	13620180	11927590
323	14248410	13061640	13620060	11927200
324	14247700	13060940	13619100	11925990
325	14248080	13060200	13619480	11926990
326	14247570	13060310	13618660	11925630
327	14247880	13061220	13619230	11926720
328	14246850	13059630	13617870	11926060
329	14248260	13060780	13619450	11927960
330	14247240	13059920	13618400	11927250
331	14247540	13060090	13618960	11926680
332	14247250	13059600	13618400	11924340
333	14247110	13059770	13618730	11925970
334	14246550	13058810	13618180	11926010
335	14246010	13058470	13617900	11924600
336	14247810	13060600	13619400	11925360
337	14247780	13060510	13618930	11926240
338	14247850	13060920	13619390	11927610
339	14249120	13062030	13619980	11928410
340	14249690	13062830	13620470	11926710
341	14249970	13063010	13620870	11929050
342	14249840	13062950	13620380	11928420
343	14249300	13061710	13620160	11926980
344	14248450	13061430	13619340	11925640
345	14248690	13061650	13619700	11926760
346	14247760	13060880	13618980	11925400
347	14247970	13060540	13619280	11926600
348	14246370	13060110	13617710	11924960
349	14247240	13059610	13618580	11927500
350	14247380	13059420	13618210	11925020
351	14247770	13059720	13618830	11928120
352	14248600	13060770	13619470	11927870
353	14247770	13059930	13618690	11927570
354	14245800	13058820	13617350	11925680
355	14247470	13060210	13619240	11928160
356	14246530	13059680	13618160	11925020
357	14247930	13060570	13619480	11926830
358	14245570	13059180	13617340	11924330
359	14247120	13060080	13618810	11926080
360	14247020	13059980	13618930	11926710
361	14246590	13059580	13618830	11927990
362	14246650	13059860	13618790	11927310
363	14246030	13059180	13618830	11927840
364	14245910	13060040	13618880	11927180
365	14245810	13059200	13618770	11925470
366	14245750	13059260	13618570	11926390
367	14245450	13058740	13618320	11926970
368	14245660	13058870	13618270	11925030
369	14245870	13058850	13618510	11927480
370	14244880	13058380	13617500	11925940
371	14244760	13057780	13617430	11924700
372	14244430	13057650	13617300	11925790
373	14244120	13057310	13616880	11924530
374	14244190	13057880	13616410	11923610
375	14244980	13058110	13617320	11926840
376	14243950	13057700	13616510	11923140
377	14245780	13058570	13617980	11926830
378	14245400	13058720	13617420	11924300
379	14245970	13059230	13617950	11925650
380	14246660	13059840	13618050	11926770
381	14245970	13059090	13617790	11927710
382	14246330	13059630	13618470	11926500
383	14246490	13059320	13618590	11927930
384	14247020	13058390	13618260	11927040
385	14246600	13059030	13618730	11925780
386	14246500	13058570	13618810	11926580
387	14246490	13058380	13619180	11927440
388	14247010	13059900	13619490	11925690
389	14246390	13058960	13618760	11927710
390	14246250	13059460	13619090	11924690
391	14247000	13059020	13619560	11928220
392	14246690	13059530	13618940	11925020
393	14247250	13059140	13619740	11926530
394	14247190	13059920	13619170	11925140
395	14247500	13059470	13619610	11928520
396	14246570	13059480	13618200	11926160
397	14247580	13059630	13619200	11926620
398	14245890	13058820	13617830	11923940
399	14247570	13059120	13619870	11928340
400	14245700	13058140	13617850	11926390
401	14246320	13058280	13619080	11927800
402	14246180	13058840	13618820	11924700
403	14245650	13058320	13618330	11925450
404	14246270	13059130	13618670	11926440
405	14246160	13058450	13618320	11927410
406	14246500	13058880	13618860	11925030
407	14247310	13059490	13619320	11926120
408	14246780	13059230	13618600	11924910
409	14246770	13058610	13618830	11925340
410	14246500	13058650	13618640	11926920
411	14246450	13058220	13618670	11925160
412	14246530	13058740	13618950	11926800
413	14246210	13058730	13619040	11927330
414	14245230	13058040	13617910	11923960
415	14246140	13059090	13618730	11927170
416	14246740	13059650	13618640	11926410
417	14247020	13059250	13618810	11925680
418	14246610	13058830	13618710	11926700
419	14246910	13059120	13618850	11927960
420	14246150	13059090	13618600	11926460
421	14246240	13058740	13618250	11925230
422	14247190	13059630	13618930	11926700
423	14246580	13058970	13618900	11927570
424	14246030	13059450	13618730	11924690
425	14245970	13059320	13618220	11926790
426	14246110	13059510	13618200	11924310
427	14246210	13059050	13618450	11925500
428	14245360	13058320	13618280	11925420
429	14245820	13058550	13618320	11925140
430	14245640	13059150	13617920	11924310
431	14246190	13059680	13618300	11924990
432	14246670	13060390	13619360	11924400
433	14246550	13059920	13618750	11925320
434	14245940	13059550	13618880	11926290
435	14246610	13060340	13618870	11925260
436	14246610	13060260	13619200	11927040
437	14245240	13058730	13617310	11923850
438	14244610	13058200	13617600	11925570
439	14245230	13058930	13617700	11924700
440	14245730	13058880	13618070	11924600
441	14246300	13059310	13618590	11926930
442	14246140	13059840	13618250	11926130
443	14246360	13059790	13618190	11927020
444	14245760	13059530	13617510	11925510
445	14246550	13060000	13618650	11927320
446	14245990	13059220	13617730	11925420
447	14247260	13060280	13619150	11927660
448	14247250	13060690	13619310	11926590
449	14246880	13059780	13618660	11926760
450	14247990	13061350	13619750	11925700
451	14247470	13060400	13618950	11927370
452	14246040	13059220	13618360	11925410
453	14246890	13059590	13619000	11925830
454	14247160	13060450	13618910	11924410
455	14247210	13060570	13619610	11927740
456	14247440	13060540	13619440	11926850
457	14247150	13059860	13619120	11926180
458	14247530	13060910	13619540	11925220
459	14247080	13060520	13619110	11925510
460	14247640	13060950	13620190	11927410
461	14246520	13059750	13619120	11927380
462	14245630	13059430	13618810	11924140
463	14246210	13059780	13618950	11926930
464	14245720	13059660	13618950	11926170
465	14246210	13059810	13619330	11927130
466	14245750	13059960	13617930	11926350
467	14245960	13059700	13618290	11927270
468	14245470	13059310	13617960	11925570
469	14245910	13059680	13617850	11925300
470	14246640	13060500	13618750	11927000
471	14246530	13059930	13618460	11927350
472	14246290	13060230	13618500	11924160
473	14245890	13059500	13618070	11924580
474	14245250	13058860	13617720	11925550
475	14245100	13058040	13616990	11924260
476	14244610	13057100	13616910	11925240
477	14244570	13057050	13616800	11925490
478	14245160	13058570	13617400	11924030
479	14246370	13059230	13618490	11925410
480	14245330	13058460	13617690	11925680
481	14245240	13058020	13617600	11927110
482	14245540	13058470	13617050	11923630
483	14245640	13058580	13617690	11926400
484	14246090	13059190	13618300	11926690
485	14245810	13058640	13617750	11924690
486	14245700	13059390	13618170	11925670
487	14246890	13059910	13618900	11927810
488	14246540	13060120	13618940	11924900
489	14246480	13059610	13618890	11925300
490	14246110	13059450	13618270	11926340
491	14245810	13058750	13618250	11926640
492	14244480	13057860	13616960	11924760
493	14244260	13057740	13617110	11924280
494	14244410	13058440	13617570	11925540
495	14244510	13058060	13617100	11925620
496	14246190	13060190	13618420	11923770
497	14246150	13059650	13618030	11924450
498	14246690	13060240	13618360	11926400
499	14247050	13060070	13618840	11925820

============================================================
# BITSTREAM: 100ms_101etapas.bit
# VENTANA: 100ms
# ETAPAS_PRINCIPAL: 101
# NUM_MUESTRAS: 500
# FORMATO: idx	freq1_hz	freq2_hz	freq3_hz	freq4_hz
============================================================
idx	freq1_hz	freq2_hz	freq3_hz	freq4_hz
0	10145730	9358420	9843700	9843700
1	10145350	9357750	9843500	9843500
2	10145210	9357660	9843330	9843330
3	10145610	9357800	9843390	9843390
4	10145340	9357610	9843200	9843200
5	10144880	9357200	9842960	9842960
6	10145050	9357180	9842860	9842860
7	10145370	9357440	9843370	9843370
8	10145000	9357310	9843190	9843190
9	10145320	9357620	9843530	9843520
10	10144460	9357000	9843140	9843150
11	10144550	9356760	9843070	9843070
12	10144790	9357050	9843200	9843200
13	10144390	9357070	9843320	9843320
14	10144510	9357240	9842820	9843130
15	10144130	9356690	9842450	9842460
16	10144410	9356930	9842520	9842520
17	10144160	9356810	9842590	9842590
18	10144470	9357110	9842270	9842270
19	10143840	9356480	9842180	9842180
20	10144020	9356560	9842520	9842520
21	10144560	9356970	9842930	9842930
22	10145190	9357530	9842910	9842910
23	10144470	9356700	9842360	9842360
24	10144640	9356770	9841950	9841950
25	10144810	9357130	9842530	9842530
26	10144760	9356880	9842410	9842410
27	10144840	9357130	9842280	9841960
28	10144880	9357290	9842880	9842880
29	10144190	9356380	9842140	9842140
30	10144340	9356800	9841620	9841620
31	10144770	9357030	9842090	9842090
32	10144730	9357050	9841720	9841720
33	10144440	9356740	9842300	9842300
34	10144130	9356540	9842470	9842150
35	10144170	9356610	9842300	9842300
36	10144730	9357080	9842260	9842260
37	10143840	9356190	9841790	9841780
38	10144510	9356880	9842080	9842090
39	10144040	9356250	9841360	9841360
40	10143530	9355880	9841200	9841200
41	10143950	9356360	9842140	9842140
42	10143380	9356200	9841030	9841030
43	10143770	9356150	9841110	9841110
44	10143520	9356070	9841240	9841240
45	10143320	9355680	9841640	9841640
46	10143370	9355990	9841170	9841170
47	10143830	9356200	9841800	9841800
48	10143740	9356230	9841350	9841350
49	10143340	9355810	9840910	9841230
50	10143330	9355960	9841530	9841530
51	10143170	9355500	9841250	9841240
52	10143880	9356190	9841940	9841950
53	10143520	9355500	9841640	9841640
54	10144050	9356400	9841210	9841210
55	10143280	9355460	9841280	9841280
56	10143250	9355730	9840960	9840960
57	10142980	9355380	9841320	9841320
58	10143070	9355490	9840720	9840710
59	10143900	9356410	9841930	9841940
60	10143880	9356180	9841610	9841610
61	10144520	9356750	9841910	9841910
62	10144330	9356790	9841740	9841740
63	10144160	9356850	9842130	9842130
64	10144360	9356890	9841580	9841580
65	10143890	9356290	9841130	9841130
66	10142660	9355260	9840070	9840070
67	10142920	9355570	9840240	9840240
68	10143790	9356490	9841640	9831360
69	10143400	9355980	9841640	9841230
70	10143410	9356080	9841180	9841230
71	10143260	9356080	9841720	9841730
72	10143070	9355950	9841100	9841090
73	10144000	9356710	9841650	9841650
74	10144350	9356870	9841710	9841720
75	10144900	9357320	9842610	9842610
76	10144110	9356600	9841370	9841370
77	10143290	9355920	9841370	9840780
78	10143630	9356370	9841130	9841150
79	10143130	9355690	9840670	9840670
80	10142780	9355290	9840420	9840420
81	10143350	9355710	9841260	9841260
82	10142420	9355040	9840350	9840350
83	10142400	9354600	9839720	9839720
84	10142640	9354830	9840470	9840470
85	10143300	9355180	9840890	9840890
86	10142500	9354940	9839970	9839970
87	10141750	9354280	9839590	9839590
88	10141950	9354480	9839370	9839360
89	10141870	9354550	9839680	9839690
90	10142080	9354410	9839720	9839720
91	10142900	9355370	9841030	9841030
92	10143210	9355750	9840680	9840680
93	10143090	9355710	9841000	9841000
94	10141990	9354510	9840040	9840040
95	10142160	9354770	9839890	9839890
96	10142250	9354920	9840340	9840340
97	10142300	9354840	9840210	9840210
98	10142810	9355060	9841020	9841020
99	10143330	9355680	9841590	9841580
100	10143390	9355960	9841060	9841060
101	10142490	9355030	9840290	9840290
102	10142450	9355040	9840290	9840290
103	10141800	9354560	9839760	9839760
104	10141130	9354010	9838900	9838900
105	10140590	9353430	9839020	9839020
106	10140920	9353870	9838950	9838950
107	10141080	9353920	9839390	9839390
108	10141590	9354370	9839870	9839870
109	10141440	9354290	9839560	9839550
110	10141530	9354310	9839520	9839530
111	10140960	9354110	9839020	9839020
112	10140610	9353580	9838430	9838430
113	10140910	9353830	9839610	9839610
114	10141660	9354440	9839600	9839600
115	10141510	9354350	9839450	9839450
116	10141160	9354010	9839570	9839570
117	10140980	9354040	9839330	9839330
118	10140930	9354000	9838930	9838930
119	10141650	9354310	9839750	9839750
120	10141770	9354850	9839670	9839670
121	10142030	9355160	9840590	9840630
122	10141210	9354440	9839590	9839590
123	10141510	9354740	9840280	9840280
124	10141230	9354510	9839910	9839910
125	10141350	9354330	9840560	9840550
126	10140390	9353450	9839310	9839320
127	10141490	9354290	9840200	9840200
128	10141750	9354580	9840720	9840720
129	10141560	9354520	9840310	9840310
130	10142400	9355310	9840370	9840370
131	10142300	9355180	9840790	9840790
132	10141440	9354410	9839890	9839890
133	10141940	9354980	9840760	9840760
134	10141620	9354900	9840380	9850620
135	10141780	9354420	9840080	9840080
136	10141980	9354920	9840110	9840110
137	10141370	9354520	9839640	9839640
138	10141750	9354800	9840540	9840540
139	10142020	9354980	9840560	9840560
140	10141870	9354590	9840330	9840330
141	10141950	9354500	9840180	9840180
142	10141400	9353980	9839850	9839850
143	10141330	9354020	9839580	9839580
144	10141720	9354500	9839730	9839720
145	10141820	9354400	9840440	9840450
146	10142070	9354560	9840540	9840540
147	10142650	9355000	9840550	9840550
148	10142220	9354540	9839820	9839820
149	10142230	9354600	9839920	9839920
150	10141870	9354570	9840100	9840100
151	10142690	9355300	9840680	9840680
152	10142360	9355260	9840810	9840810
153	10141410	9353950	9839490	9839490
154	10142340	9355020	9840440	9840440
155	10142100	9354890	9841010	9841010
156	10141800	9354820	9840710	9840710
157	10142470	9355320	9841410	9841410
158	10142160	9354970	9840770	9840690
159	10142010	9354740	9840310	9840310
160	10142830	9355150	9840810	9840800
161	10141840	9354370	9839870	9839880
162	10143260	9355540	9840680	9840680
163	10142390	9354910	9841260	9841260
164	10142060	9354840	9840970	9840970
165	10141570	9354210	9840280	9840280
166	10142180	9354820	9840290	9840530
167	10142250	9354750	9840630	9840630
168	10143050	9355760	9841020	9830780
169	10142860	9355550	9841570	9841570
170	10142810	9355700	9840720	9840720
171	10142150	9354720	9840580	9840580
172	10142320	9355110	9840520	9840520
173	10142820	9355230	9840780	9830520
174	10142180	9354840	9840190	9840190
175	10142330	9354580	9840430	9840430
176	10142150	9354700	9840260	9840260
177	10142220	9355050	9840250	9840250
178	10141520	9354190	9839900	9839900
179	10141890	9354520	9840550	9840550
180	10142550	9355070	9840500	9840490
181	10142160	9354710	9840660	9840670
182	10141990	9354460	9840280	9840280
183	10142730	9355000	9840640	9840640
184	10142530	9355200	9840740	9840740
185	10142600	9355070	9840970	9840970
186	10142560	9354790	9840730	9840730
187	10143540	9355390	9841460	9841460
188	10143570	9355680	9841680	9841670
189	10143330	9355810	9841540	9841550
190	10143740	9356350	9841300	9841300
191	10142700	9355480	9840560	9840550
192	10142870	9355600	9840540	9840550
193	10144140	9356500	9841810	9841800
194	10143420	9355820	9840810	9840820
195	10143330	9355680	9840550	9840550
196	10144050	9356320	9841100	9841100
197	10144040	9356200	9841170	9841170
198	10143780	9355900	9841650	9841640
199	10143710	9356110	9841350	9841360
200	10143430	9356020	9841050	9841050
201	10143200	9355590	9840580	9840580
202	10143820	9356310	9841320	9841320
203	10143740	9356160	9841680	9841680
204	10144060	9356800	9842280	9842270
205	10144200	9356560	9842330	9842340
206	10143720	9356390	9841700	9841700
207	10143420	9355820	9841760	9841760
208	10143780	9356480	9841890	9841890
209	10143860	9356490	9841350	9841350
210	10143600	9356290	9841130	9841130
211	10143750	9356470	9841270	9841270
212	10143390	9356090	9841020	9841020
213	10143710	9356100	9841590	9841590
214	10143660	9356310	9841110	9841110
215	10143900	9356300	9841330	9841320
216	10144100	9356580	9841510	9841520
217	10144240	9356840	9842060	9842060
218	10144120	9356810	9841330	9841330
219	10144070	9356840	9841330	9841320
220	10144000	9356750	9841350	9841360
221	10144410	9357080	9841780	9841780
222	10144280	9357040	9841960	9841960
223	10144030	9356760	9841860	9841860
224	10144450	9357250	9841640	9841640
225	10144040	9356730	9841210	9841210
226	10143650	9356270	9841680	9841680
227	10143930	9356410	9841700	9841700
228	10143000	9355620	9840920	9840910
229	10143670	9356210	9841860	9841870
230	10143500	9356050	9840840	9840840
231	10144500	9357050	9841940	9841940
232	10144070	9356780	9842080	9842080
233	10143660	9356330	9841220	9841220
234	10142640	9355300	9840920	9840900
235	10143570	9356150	9841820	9841810
236	10143530	9356190	9840930	9840940
237	10143860	9355990	9841530	9841520
238	10144210	9356530	9842100	9842110
239	10143750	9356060	9841200	9841200
240	10143980	9356220	9841690	9841690
241	10143980	9356390	9841680	9841680
242	10144020	9356320	9841780	9841780
243	10144860	9356860	9842650	9842650
244	10143700	9356120	9840840	9840840
245	10143360	9355860	9840680	9840680
246	10143960	9356470	9841710	9841710
247	10144990	9357050	9842170	9842170
248	10144240	9356800	9841420	9841420
249	10144090	9356410	9841970	9841970
250	10144170	9356590	9841710	9841710
251	10143590	9355930	9841550	9841550
252	10143870	9355940	9840920	9840920
253	10143560	9355730	9841610	9841610
254	10144270	9356520	9841820	9841820
255	10144170	9356430	9841850	9841840
256	10144280	9356700	9841810	9841820
257	10144030	9356340	9841480	9841480
258	10143970	9356100	9842130	9842130
259	10143720	9355830	9842130	9841510
260	10143460	9355520	9841260	9841260
261	10144210	9356390	9841100	9842700
262	10143940	9356370	9841680	9841670
263	10143830	9356260	9841930	9841940
264	10143750	9355990	9841640	9841640
265	10143770	9356050	9841850	9841850
266	10144610	9356950	9842600	9842600
267	10144300	9356910	9842690	9842690
268	10143730	9356390	9842410	9842410
269	10143990	9356420	9842220	9842220
270	10144030	9356340	9842500	9842500
271	10144000	9356060	9842670	9842670
272	10143990	9356420	9841760	9841760
273	10144230	9356720	9842880	9842640
274	10144020	9356710	9842620	9842620
275	10144470	9356960	9842500	9842500
276	10144300	9356980	9842680	9842680
277	10144550	9357060	9842450	9842450
278	10144350	9356910	9842270	9842270
279	10144840	9357050	9842640	9842640
280	10144650	9356920	9842440	9842440
281	10144560	9356820	9843110	9843110
282	10144860	9356830	9843120	9843120
283	10145380	9357400	9843520	9843510
284	10144750	9357080	9842910	9842920
285	10144610	9356760	9842730	9842730
286	10143990	9356150	9842260	9842260
287	10144480	9356650	9842480	9842480
288	10143330	9355690	9841670	9841660
289	10143020	9355200	9841550	9841560
290	10143610	9356040	9841540	9841540
291	10143780	9356070	9841720	9841720
292	10143260	9355820	9841450	9841450
293	10143250	9355500	9841820	9841820
294	10143480	9355980	9841630	9841630
295	10142770	9355360	9840610	9840610
296	10142990	9355390	9840720	9840720
297	10142720	9354900	9840740	9840740
298	10142590	9354610	9840750	9840750
299	10141870	9353720	9839910	9839910
300	10141480	9354020	9839760	9839760
301	10141550	9354140	9839650	9839650
302	10141110	9353730	9839780	9839780
303	10140860	9353380	9839370	9839370
304	10141720	9354220	9840280	9840280
305	10141770	9354080	9839670	9839670
306	10141630	9353860	9840380	9840380
307	10141270	9353820	9840020	9840010
308	10141660	9354120	9840090	9840100
309	10142790	9355200	9841190	9841190
310	10143120	9355490	9842000	9842000
311	10142650	9354870	9841730	9841730
312	10142960	9355060	9841320	9841320
313	10142610	9354640	9840730	9840720
314	10142250	9354470	9841090	9841100
315	10142320	9354290	9840540	9840540
316	10142620	9354540	9840800	9840800
317	10142460	9354570	9840610	9840610
318	10143030	9355230	9841050	9841050
319	10142850	9355130	9840840	9840840
320	10142650	9355010	9840680	9840680
321	10142240	9354480	9840870	9840870
322	10142470	9354970	9840830	9840830
323	10142450	9355260	9840620	9840620
324	10142930	9355460	9840640	9840640
325	10142660	9355180	9841280	9841280
326	10141980	9354520	9840220	9840220
327	10143060	9355180	9841550	9841550
328	10142720	9355010	9840500	9840500
329	10143180	9355300	9841650	9841650
330	10143140	9355460	9841080	9841080
331	10143890	9356220	9841650	9841650
332	10142800	9355350	9840720	9840720
333	10142750	9354850	9841120	9841200
334	10142590	9354930	9840590	9840590
335	10143720	9355660	9841380	9841380
336	10142830	9355010	9840760	9840760
337	10143130	9355470	9841690	9841690
338	10143480	9355590	9841440	9841440
339	10143330	9355600	9841400	9841400
340	10143230	9355420	9841000	9841000
341	10142490	9354540	9840690	9840680
342	10142540	9354870	9840520	9840520
343	10142340	9354750	9839960	9839960
344	10142260	9354690	9840490	9840490
345	10142740	9355080	9841130	9841130
346	10142490	9354990	9840450	9840450
347	10142090	9354620	9841140	9841140
348	10141930	9354600	9840260	9840260
349	10142000	9354610	9840070	9840070
350	10142750	9355130	9840800	9840800
351	10142210	9354640	9840450	9840450
352	10142660	9355190	9841210	9841210
353	10142640	9354990	9840990	9840990
354	10142900	9355130	9840770	9840770
355	10141710	9354330	9839740	9839730
356	10142450	9354820	9840480	9840490
357	10141880	9354080	9839680	9839800
358	10142660	9354840	9840170	9840160
359	10143640	9355710	9841450	9841460
360	10143830	9356100	9841660	9841660
361	10143320	9355620	9841000	9841000
362	10143370	9355780	9841410	9841410
363	10143420	9355780	9841810	9841810
364	10142880	9355420	9840750	9840740
365	10142800	9355370	9841520	9841540
366	10142480	9355350	9841300	9841300
367	10142020	9354810	9840270	9840270
368	10141940	9354610	9839560	9839560
369	10139830	9352690	9837960	9837960
370	10140280	9352970	9838440	9838460
371	10140290	9352800	9838840	9838840
372	10139950	9352570	9837940	9837940
373	10140190	9352860	9838970	9838970
374	10140180	9352950	9838910	9838910
375	10140950	9353740	9839800	9839800
376	10140840	9353780	9839080	9839080
377	10140620	9353580	9838830	9838830
378	10141000	9353810	9838720	9838720
379	10140790	9353810	9838890	9838890
380	10140440	9353350	9838750	9838750
381	10140920	9353880	9839200	9839200
382	10140190	9353060	9838630	9838630
383	10140760	9353270	9839160	9839160
384	10140780	9353570	9839340	9839340
385	10141350	9354140	9839530	9839530
386	10140610	9353270	9839020	9839020
387	10140970	9353180	9839090	9839090
388	10140980	9353600	9839160	9839160
389	10141570	9354180	9840290	9840290
390	10141420	9354140	9839260	9839260
391	10142590	9355240	9840550	9840550
392	10142770	9355380	9840520	9840520
393	10143610	9356180	9841660	9841660
394	10142380	9355010	9840520	9840520
395	10142670	9355100	9840510	9840510
396	10143000	9355380	9841030	9841030
397	10142540	9354970	9840470	9840470
398	10142600	9354970	9840840	9840840
399	10142740	9355050	9840280	9840280
400	10142900	9355450	9840520	9840520
401	10142730	9355360	9840300	9840300
402	10142760	9355330	9840470	9840470
403	10142970	9355240	9841250	9841250
404	10141830	9354260	9840620	9840620
405	10142530	9355010	9840870	9840870
406	10142090	9354820	9840200	9840200
407	10142820	9355190	9841130	9841130
408	10142450	9355000	9840180	9840180
409	10142970	9355270	9840900	9840900
410	10142170	9354690	9840390	9840390
411	10142200	9354580	9840280	9840280
412	10142470	9354870	9840030	9840030
413	10141950	9354410	9839540	9839540
414	10141930	9354630	9839630	9839630
415	10142570	9355090	9840550	9840550
416	10142810	9355260	9840490	9840490
417	10141610	9354270	9839920	9839920
418	10142150	9354910	9840110	9840110
419	10142360	9354810	9840040	9840040
420	10141940	9354490	9839700	9839700
421	10140980	9353470	9839650	9839540
422	10141500	9354000	9839900	9839900
423	10142040	9354450	9840500	9840540
424	10141800	9354450	9839910	9839910
425	10142000	9354620	9840180	9840180
426	10141360	9354040	9839580	9839570
427	10142260	9354780	9839700	9839710
428	10141850	9354540	9839670	9839670
429	10142490	9354710	9840190	9840190
430	10142290	9354700	9839930	9839930
431	10142560	9354610	9840390	9840390
432	10142250	9354430	9840040	9840040
433	10141210	9353570	9840050	9838810
434	10141260	9353860	9838790	9838790
435	10140840	9353360	9838740	9838740
436	10141390	9353910	9838910	9838900
437	10141760	9354060	9839820	9839830
438	10141040	9353620	9838840	9838840
439	10140890	9353660	9838950	9838950
440	10141210	9354020	9839900	9839900
441	10140930	9353610	9839530	9839520
442	10141650	9354130	9839190	9839200
443	10143190	9355280	9840850	9840850
444	10142190	9354560	9839600	9839600
445	10142270	9354340	9839460	9839460
446	10142470	9354680	9840430	9840430
447	10143330	9355340	9841300	9841300
448	10142630	9354860	9839980	9839980
449	10142400	9354400	9840030	9840030
450	10142690	9355050	9839750	9839750
451	10142680	9354780	9839400	9839400
452	10142860	9354960	9840440	9840440
453	10143300	9355210	9840940	9840940
454	10142560	9354890	9840300	9840300
455	10142510	9354790	9840000	9840000
456	10142360	9354930	9839720	9839720
457	10142840	9355150	9840670	9840670
458	10142020	9354710	9840320	9840320
459	10142020	9354440	9839850	9839850
460	10143170	9355150	9840830	9840830
461	10142460	9354530	9840250	9840250
462	10142790	9354600	9841000	9841000
463	10142800	9354890	9841050	9841050
464	10142480	9354740	9840080	9840080
465	10142230	9354380	9839710	9839710
466	10141970	9354060	9839740	9839740
467	10142220	9354170	9840250	9840250
468	10141490	9353760	9839540	9839540
469	10141590	9354100	9839240	9839240
470	10141670	9354080	9838950	9838950
471	10141760	9354050	9839790	9839790
472	10142240	9354790	9839890	9839890
473	10142240	9354550	9840370	9840020
474	10142720	9355170	9840150	9840150
475	10143070	9355150	9841060	9830830
476	10142430	9354430	9839930	9839940
477	10143330	9355540	9841150	9841150
478	10143410	9356040	9840750	9840750
479	10142980	9355510	9841000	9841000
480	10143270	9355910	9840950	9840940
481	10142930	9355130	9840500	9840510
482	10143130	9355660	9846220	9841100
483	10143110	9355470	9841180	9841180
484	10143190	9355730	9840770	9840770
485	10143020	9355430	9840430	9840430
486	10143510	9355870	9841440	9841440
487	10143100	9355570	9841230	9841230
488	10143310	9355740	9841220	9841220
489	10142830	9355530	9841220	9840860
490	10142700	9355290	9840600	9840600
491	10142680	9355340	9840270	9840270
492	10142820	9355500	9840230	9840220
493	10142770	9355530	9840810	9840820
494	10142480	9355280	9840030	9840020
495	10143180	9355720	9840860	9840870
496	10142300	9355090	9840000	9840000
497	10142500	9355230	9840180	9840180
498	10143410	9355800	9841590	9841590
499	10143700	9356010	9841140	9841140

============================================================
# BITSTREAM: 10ms_3etapas.bit
# VENTANA: 10ms
# ETAPAS_PRINCIPAL: 3
# NUM_MUESTRAS: 500
# FORMATO: idx	freq1_hz	freq2_hz	freq3_hz	freq4_hz
============================================================
idx	freq1_hz	freq2_hz	freq3_hz	freq4_hz
0	500	34697500	35341600	35341600
1	34699300	34699300	35348500	35348500
2	34700100	34700200	35345900	35345900
3	34699300	34699200	35337000	35337000
4	34696500	34696500	35343400	35343400
5	34699200	34699200	35340900	35340900
6	34698600	34698500	35342600	35342600
7	34699100	34699200	35338000	35338000
8	34697000	34697000	35341500	35341500
9	34695200	34695200	35346800	35346800
10	34697700	34697700	35343800	35343700
11	34697000	34697000	35341600	35341600
12	34697900	34697900	35337500	35337600
13	34694600	34694600	35343100	35339300
14	34696400	34696400	35343300	35343300
15	34696400	34696400	35346400	35346400
16	34699800	34699800	35346900	35346900
17	34699200	34699200	35346100	35346100
18	34699500	34699500	35348100	35348100
19	34701900	34701900	35343300	35343300
20	34702100	34702200	35345400	35345400
21	34699800	34699700	35343900	35343900
22	34701100	34701100	35337600	35337600
23	34700400	34700400	35334900	35334900
24	34698800	34698800	35335500	35335400
25	34698200	34698300	35338500	35338600
26	34698000	34698000	35340800	35340800
27	34697700	34697700	35335800	35335800
28	34700800	34700800	35341700	35341700
29	34700400	34700300	35342800	35342800
30	34697700	34697700	35346000	35346000
31	34696400	34696500	35346800	35346800
32	34699100	34699000	35344000	35344000
33	34703100	34703100	35348900	35348900
34	34704700	34704700	35344700	35344700
35	34700200	34700200	35347700	35347700
36	34700000	34700000	35347500	35347500
37	34697000	34696900	35348900	35348900
38	34696400	34696500	35346400	35346400
39	34696300	34696300	35341100	35341100
40	34697400	34697400	35337400	35337400
41	34695800	34695800	35345300	35345300
42	34699300	34699300	35345900	35345900
43	34695500	34695500	35341300	35341300
44	34693900	34693900	35346300	35346300
45	34694500	34694500	35346500	35346500
46	34694100	34694100	35345300	35345300
47	34696400	34696400	35337800	35337800
48	34698800	34698800	35341400	35341400
49	34694800	34694800	35342600	35342600
50	34692400	34692400	35340000	35340000
51	34692400	34692400	35334000	35334000
52	34692300	34692300	35336600	35336600
53	34690700	34690700	35339200	35339200
54	34691600	34691600	35342600	35342600
55	34692100	34692100	35344000	35344100
56	34691300	34691300	35337800	35337700
57	34693000	34693000	35341400	35341400
58	34690800	34690800	35347800	35347800
59	34691100	34691200	35345000	35345000
60	34695700	34695700	35347900	35347900
61	34695600	34695500	35345100	35345100
62	34694500	34694600	35342700	35342700
63	34697800	34697700	35343100	35343100
64	34696700	34696700	35347400	35347400
65	34694700	34694700	35341300	35341300
66	34695100	34695100	35336600	35336600
67	34694600	34694600	35340700	35340700
68	34691300	34691300	35344200	35344200
69	34693300	34693300	35340800	35340800
70	34693600	34693600	35340000	35340000
71	34689500	34689600	35338900	35338900
72	34690100	34690000	35342000	35342000
73	34691300	34691300	35340700	35340700
74	34687400	34687500	35343000	35343000
75	34692500	34692500	35341100	35341100
76	34697100	34697100	35344600	35344600
77	34696000	34695900	35345500	35345500
78	34694900	34694900	35345500	35345500
79	34696100	34696100	35346600	35346600
80	34694700	34694700	35341100	35341100
81	34691300	34691300	35339300	35339400
82	34691400	34691400	35337600	35340300
83	34692700	34692700	35339600	35339600
84	34694600	34694600	35343400	35343400
85	34694700	34694700	35346300	35346300
86	34694700	34694700	35345000	35345000
87	34690800	34690800	35342200	35342200
88	34692800	34692800	35343900	35343900
89	34693600	34693700	35342700	35342700
90	34694100	34694000	35348900	35348900
91	34694000	34694000	35347100	35347100
92	34698400	34698400	35344500	35344500
93	34696700	34696700	35343000	35343000
94	34695200	34695300	35344400	35344400
95	34695300	34695200	35341200	35341200
96	34692000	34692100	35339100	35339100
97	34693500	34693400	35338600	35338600
98	34694100	34694200	35339000	35339000
99	34691400	34691300	35336000	35336000
100	34693600	34693600	35340400	35340400
101	34692400	34692400	35342100	35342100
102	34695000	34695000	35344400	35344400
103	34699400	34699400	35342700	35342700
104	34698600	34698600	35337500	35337500
105	34698700	34698700	35335500	35335500
106	34696400	34696400	35337300	35337300
107	34696100	34696100	35344200	35344200
108	34695200	34695200	35346100	35346100
109	34696700	34696700	35349800	35349800
110	34697700	34697700	35347700	35347700
111	34695600	34695600	35348700	35348700
112	34694700	34694700	35347200	35347200
113	34688900	34688900	35350000	35350000
114	34691900	34691900	35347000	35347000
115	34691100	34691100	35336900	35336900
116	34686100	34686100	35339300	35339300
117	34685600	34685600	35345000	35345000
118	34690600	34690600	35348700	35348800
119	34690800	34690800	35347200	35347100
120	34690600	34690600	35347100	35347100
121	34690900	34690900	35347800	35347800
122	34694000	34694000	35347200	35347200
123	34697100	34697100	35343900	35343900
124	34697000	34697000	35344600	35344600
125	34695800	34695800	35341400	35341400
126	34697700	34697700	35346700	35346700
127	34696100	34696100	35348000	35348000
128	34693300	34693300	35345800	35345800
129	34691800	34691900	35353400	35353400
130	34691400	34691300	35345500	35345500
131	34690000	34690000	35345500	35345500
132	34692700	34692700	35341500	35341500
133	34685900	34685900	35347700	35347700
134	34689700	34689700	35349500	35349500
135	34685700	34685700	35348500	35348500
136	34689300	34689300	35353600	35353700
137	34687800	34687800	35352700	35352600
138	34692600	34692600	35351200	35351200
139	34688400	34688400	35349100	35349100
140	34689600	34689600	35346300	35346300
141	34691000	34691000	35347800	35347700
142	34690900	34690900	35350400	35350500
143	34694300	34694300	35346900	35346900
144	34691300	34691300	35345100	35345100
145	34690900	34691000	35342600	35342600
146	34690900	34690900	35349200	35349100
147	34691900	34691800	35346000	35346100
148	34692500	34692500	35348200	35346900
149	34692200	34692200	35333700	35333700
150	34695700	34695700	35337200	35333600
151	34693000	34693000	35341700	35341700
152	34696500	34696500	35346400	35346400
153	34692900	34692900	35335800	35344800
154	34695300	34695300	35334100	35334100
155	34693400	34693400	35332600	35332600
156	34695400	34695400	35338100	35338100
157	34694500	34694500	35337100	35337100
158	34697000	34697100	35340700	35340700
159	34691500	34691400	35340500	35340500
160	34688400	34688400	35336700	35336700
161	34691100	34691100	35341500	35341500
162	34691900	34691900	35342400	35342400
163	34692400	34692400	35340300	35340300
164	34690800	34690900	35342800	35342800
165	34690600	34690500	35341900	35341800
166	34687500	34713100	35346900	35347100
167	34689500	34689600	35343800	35343700
168	34691500	34691400	35335100	35335200
169	34694000	34694000	35344200	35344200
170	34690500	34690500	35344900	35344800
171	34689900	34689900	35345500	35345500
172	34696300	34696300	35342300	35342300
173	34687700	34687700	35346200	35346200
174	34688800	34688800	35345900	35345900
175	34689700	34689700	35346200	35346200
176	34689900	34689900	35344600	35344600
177	34691000	34691000	35344800	35344900
178	34692800	34692900	35349000	35348900
179	34692900	34692800	35347100	35347100
180	34692500	34692500	35346500	35346500
181	34693200	34693200	35348100	35348100
182	34691900	34691900	35348000	35348000
183	34690000	34690000	35343900	35349700
184	34691700	34691700	35345900	35345900
185	34691000	34691000	35343700	35343700
186	34692300	34692300	35347600	35347600
187	34690900	34690900	35352400	35352400
188	34691900	34692000	35353700	35353700
189	34693400	34693300	35351600	35351600
190	34690100	34690100	35346200	35346200
191	34692100	34692100	35347600	35347600
192	34695800	34695900	35345900	35345900
193	34695800	34695700	35348800	35348800
194	34693800	34693800	35349400	35349400
195	34695800	34695800	35352800	35352800
196	34694800	34694800	35354600	35354600
197	34692500	34692600	35355500	35355500
198	34693600	34693500	35357100	35357100
199	34693400	34693400	35352700	35352700
200	34693400	34693400	35355500	35355600
201	34693700	34693700	35350400	35350300
202	34688200	34688200	35352000	35352000
203	34689600	34689600	35353800	35353800
204	34687900	34687900	35350300	35350400
205	34688600	34688700	35348500	35348400
206	34693600	34693500	35345500	35345600
207	34689600	34689600	35351600	35351500
208	34691400	34691400	35353300	35353300
209	34690500	34690600	35352400	35352400
210	34687100	34687000	35355400	35355300
211	34688500	34688600	35354400	35354500
212	34689500	34689400	35358200	35358200
213	34686400	34686500	35352400	35352400
214	34684700	34684600	35355000	35355000
215	34687100	34687100	35353000	35353000
216	34688300	34688300	35353200	35353200
217	34687500	34687500	35349700	35349700
218	34688800	34688800	35349700	35349700
219	34690800	34690800	35355900	35355900
220	34692800	34692800	35356700	35356700
221	34693500	34693500	35351400	35351400
222	34693000	34693000	35351400	35351400
223	34688900	34688900	35352600	35352600
224	34694000	34694000	35356300	35356300
225	34694600	34694600	35345400	35345400
226	34692000	34692000	35344700	35344700
227	34692100	34692200	35352400	35352400
228	34691700	34691600	35351600	35351600
229	34692400	34692400	35351600	35351600
230	34690500	34690500	35355200	35355200
231	34690200	34690200	35357200	35355200
232	34687700	34687700	35356800	35356800
233	34682100	34682100	35353900	35353900
234	34684800	34684800	35353400	35353400
235	34687400	34687400	35355000	35355000
236	34687000	34687000	35353700	35353800
237	34690700	34690700	35354500	35354400
238	34690000	34690000	35355500	35355500
239	34692600	34692600	35357800	35357800
240	34692800	34692900	35354200	35354200
241	34690300	34690200	35347700	35347700
242	34691200	34691200	35349100	35349100
243	34689600	34689600	35352900	35352900
244	34687500	34687600	35349400	35349400
245	34692300	34692200	35349800	35349800
246	34691700	34691700	35347500	35347500
247	34692100	34692100	35350600	35350600
248	34691000	34691000	35350200	35350200
249	34691000	34691100	35342200	35342100
250	34687600	34687500	35344300	35344400
251	34688500	34688500	35347100	35347100
252	34693200	34693200	35345200	35345200
253	34689000	34689000	35349100	35349100
254	34691800	34691800	35349500	35349500
255	34692100	34692100	35347300	35347300
256	34691100	34691100	35350700	35350700
257	34687700	34687800	35346200	35346100
258	34687300	34687200	35348900	35349000
259	34691500	34691600	35346700	35346700
260	34693800	34693700	35352700	35352700
261	34691100	34691100	35351200	35351200
262	34688900	34688900	35346500	35346500
263	34687600	34713200	35350500	35350500
264	34689400	34689500	35347500	35347500
265	34689000	34688900	35348000	35348000
266	34690300	34690400	35345700	35345600
267	34688500	34688400	35339900	35340000
268	34688900	34688900	35345200	35345200
269	34692700	34692700	35346800	35346800
270	34687900	34687900	35351100	35351100
271	34688200	34688200	35346900	35347000
272	34689100	34689100	35342300	35342200
273	34694700	34694700	35341200	35341200
274	34691400	34691400	35343300	35343300
275	34689100	34689100	35338900	35338900
276	34691100	34691200	35343300	35343300
277	34684800	34684700	35343400	35343400
278	34681800	34681900	35345100	35345100
279	34684000	34683900	35352100	35352100
280	34683600	34683700	35351300	35351300
281	34685900	34685800	35344100	35344200
282	34687100	34687100	35340700	35340600
283	34683800	34683800	35343000	35343100
284	34687000	34687000	35343800	35343700
285	34691800	34691800	35340500	35340500
286	34692000	34692000	35337000	35337000
287	34690500	34690500	35336000	35336000
288	34692900	34692900	35337200	35337200
289	34689300	34689300	35339100	35339000
290	34691100	34691100	35332700	35332800
291	34691300	34691300	35339400	35339400
292	34687400	34687400	35345200	35345200
293	34690100	34690200	35343400	35343400
294	34686800	34686700	35349400	35349400
295	34687000	34687000	35341700	35341800
296	34687700	34687700	35347100	35347000
297	34691100	34691100	35343600	35343600
298	34685600	34685700	35341300	35341300
299	34681200	34681100	35337100	35337100
300	34681100	34681100	35343100	35343100
301	34682200	34682200	35341700	35341700
302	34682100	34682100	35341000	35341000
303	34682000	34682000	35345500	35345600
304	34683500	34683500	35347900	35347800
305	34684300	34684300	35346400	35346400
306	34683500	34683500	35345900	35345900
307	34683500	34683500	35352600	35352600
308	34685900	34685900	35350100	35350100
309	34686200	34686200	35345600	35345600
310	34686200	34686200	35340200	35340200
311	34688600	34688700	35341900	35341900
312	34683100	34683000	35348300	35348300
313	34683100	34683100	35346100	35346100
314	34683300	34683400	35344100	35344100
315	34682600	34682600	35351400	35351400
316	34680600	34680500	35347700	35347700
317	34683600	34683700	35348400	35348400
318	34683400	34683300	35342200	35342200
319	34683500	34683500	35348300	35348300
320	34682400	34682400	35347800	35347800
321	34685400	34685500	35343000	35343000
322	34685600	34685500	35345400	35345400
323	34685200	34685200	35345900	35345900
324	34685500	34685500	35344200	35344200
325	34681400	34681400	35344200	35344200
326	34684000	34684000	35340000	35340000
327	34684600	34684600	35347600	35347600
328	34684400	34684500	35346200	35346200
329	34687600	34687500	35339000	35339000
330	34691400	34691400	35341100	35341100
331	34688800	34688800	35346000	35346000
332	34687800	34687800	35348200	35348200
333	34686100	34686100	35345700	35345700
334	34684600	34684600	35339800	35339800
335	34688400	34688400	35342400	35342400
336	34687700	34687700	35345200	35345200
337	34687400	34687400	35341000	35341000
338	34687600	34687700	35348400	35348400
339	34687500	34687400	35344100	35344100
340	34689400	34689400	35340200	35340300
341	34685000	34685000	35350800	35350700
342	34685300	34685300	35347700	35347700
343	34686000	34686000	35346900	35347000
344	34683800	34683900	35346100	35346000
345	34685600	34685500	35347900	35347900
346	34685700	34685700	35350200	35350200
347	34681800	34681800	35350600	35350600
348	34682600	34682600	35347000	35347000
349	34681700	34681700	35347100	35347100
350	34679200	34679200	35351400	35351400
351	34681300	34681300	35349200	35349200
352	34683800	34683900	35349800	35349800
353	34682000	34681900	35348100	35348100
354	34681300	34681300	35349300	35349300
355	34682600	34682600	35354500	35354500
356	34682400	34682400	35350400	35350400
357	34683700	34683700	35343100	35343100
358	34685300	34685300	35340700	35337500
359	34684400	34684400	35343300	35343300
360	34685400	34685400	35343100	35342500
361	34682000	34682000	35345100	35345100
362	34685600	34685600	35338700	35338700
363	34682700	34682700	35338500	35338500
364	34682700	34682700	35341300	35341300
365	34685300	34685300	35346800	35346800
366	34684600	34684600	35347900	35347900
367	34680200	34680200	35345400	35345400
368	34679600	34679600	35347900	35347900
369	34679700	34679700	35343400	35343400
370	34681200	34681200	35347900	35347900
371	34682100	34682100	35346300	35346300
372	34680800	34680900	35344800	35344800
373	34684800	34684600	35340400	35340400
374	34683400	34683500	35350700	35350700
375	34682600	34682600	35350800	35350800
376	34685000	34685100	35347000	35347000
377	34683000	34682900	35343100	35343100
378	34681700	34681700	35342800	35342800
379	34682200	34682200	35347400	35347400
380	34685000	34685100	35346000	35346000
381	34685800	34685700	35343400	35343400
382	34683400	34683400	35343000	35343000
383	34685700	34685700	35349400	35349400
384	34682500	34682500	35352900	35352900
385	34683200	34683200	35350500	35350500
386	34685800	34685800	35350000	35350000
387	34683200	34683200	35345700	35345700
388	34678600	34678600	35345700	35345700
389	34684900	34684900	35354300	35354300
390	34684300	34684300	35346500	35346500
391	34682700	34682700	35350100	35350100
392	34682500	34682500	35348700	35348700
393	34684300	34684300	35351300	35351300
394	34685200	34685200	35350900	35350900
395	34682300	34682400	35348400	35348400
396	34680300	34680200	35347300	35347300
397	34681100	34681200	35347000	35347000
398	34683800	34683700	35341200	35341200
399	34685400	34685400	35348300	35348300
400	34683500	34683500	35346300	35346300
401	34683300	34683400	35350700	35350700
402	34679300	34679200	35347800	35351000
403	34679600	34679600	35345900	35345900
404	34678400	34678400	35350100	35350100
405	34678500	34678500	35345800	35345800
406	34680000	34680000	35348400	35348400
407	34676100	34676100	35348900	35348900
408	34675700	34675700	35345400	35345400
409	34676900	34676900	35348200	35348200
410	34676800	34676800	35350000	35350000
411	34677300	34677300	35344500	35344500
412	34678400	34678400	35352000	35352000
413	34676200	34676200	35355900	35355900
414	34676000	34676000	35348500	35348500
415	34678400	34678400	35343100	35347700
416	34678000	34678100	35348400	35348400
417	34675300	34675200	35347600	35347600
418	34679100	34679100	35350400	35350400
419	34678600	34678600	35350900	35350900
420	34678300	34678300	35356100	35356100
421	34679100	34679100	35351500	35351500
422	34679500	34679500	35349400	35349400
423	34679600	34679600	35349800	35349900
424	34679100	34679100	35348700	35348700
425	34678100	34678100	35348600	35348500
426	34678300	34678300	35345400	35345400
427	34681700	34681700	35346900	35347100
428	34682000	34682000	35347400	35347500
429	34680100	34680100	35350300	35350200
430	34680700	34680700	35353700	35353700
431	34683100	34683100	35348100	35348100
432	34681300	34681300	35349400	35349400
433	34684200	34684200	35348100	35348100
434	34684700	34684800	35349200	35349200
435	34684700	34684600	35345000	35345000
436	34682000	34682000	35346800	35346800
437	34684300	34684300	35342100	35342100
438	34685500	34685500	35338800	35338800
439	34684200	34684200	35343800	35343800
440	34684300	34684300	35343200	35343200
441	34684500	34684500	35346600	35346600
442	34684900	34684900	35346900	35347000
443	34687500	34687500	35345100	35345000
444	34685200	34685200	35345100	35345100
445	34686600	34686600	35344700	35344700
446	34687500	34687500	35344200	35344200
447	34684000	34684000	35349400	35349400
448	34684400	34684400	35352500	35352500
449	34683800	34683800	35347300	35347300
450	34680700	34680700	35342200	35342200
451	34678800	34678800	35341300	35341300
452	34681300	34681400	35342900	35342900
453	34682700	34682600	35344800	35344800
454	34682300	34682300	35343600	35343600
455	34684800	34684800	35339400	35339400
456	34682100	34682100	35334900	35334900
457	34686300	34686300	35336900	35337000
458	34686500	34686500	35344800	35344700
459	34690400	34690400	35341700	35341700
460	34688900	34688900	35337200	35337200
461	34686800	34686800	35340300	35340300
462	34683400	34683400	35340700	35340800
463	34683800	34683800	35338900	35338800
464	34684900	34684900	35333400	35333400
465	34686900	34687000	35335000	35338200
466	34685700	34685600	35339300	35339300
467	34684700	34684800	35341500	35341500
468	34687200	34687200	35338000	35338000
469	34680700	34680600	35337300	35337300
470	34682800	34682800	35342100	35342100
471	34684300	34684300	35345700	35345700
472	34683200	34683200	35344700	35344700
473	34683100	34683100	35343500	35343500
474	34684800	34684900	35347300	35347300
475	34687600	34687500	35342400	35342400
476	34690300	34690300	35344900	35344900
477	34685000	34685000	35342500	35342500
478	34691300	34691400	35343500	35343500
479	34690400	34690300	35348500	35348500
480	34689400	34689400	35351000	35351100
481	34689800	34689800	35347200	35347100
482	34686100	34686100	35346800	35346800
483	34688100	34688100	35345100	35345100
484	34689300	34689300	35336800	35336800
485	34686900	34686900	35340500	35340500
486	34689000	34689000	35341300	35341300
487	34689500	34689500	35337400	35337500
488	34686600	34686700	35347700	35347600
489	34687300	34687200	35349900	35349900
490	34682500	34682500	35342600	35342600
491	34686000	34686000	35344000	35344000
492	34685700	34685700	35344900	35344900
493	34689500	34689500	35343700	35343700
494	34690500	34690600	35338500	35338500
495	34686400	34686300	35335300	35335400
496	34686900	34686900	35340300	35340200
497	34689400	34689400	35340900	35340900
498	34686000	34686000	35339400	35339400
499	34684800	34684800	35337800	35337800

============================================================
# BITSTREAM: 10ms_5etapas.bit
# VENTANA: 10ms
# ETAPAS_PRINCIPAL: 5
# NUM_MUESTRAS: 500
# FORMATO: idx	freq1_hz	freq2_hz	freq3_hz	freq4_hz
============================================================
idx	freq1_hz	freq2_hz	freq3_hz	freq4_hz
0	33397900	33397900	33397800	33397900
1	33409900	33409900	33423400	33409900
2	33402600	33402600	33402600	33402700
3	33404300	33404300	33404300	33404300
4	33421700	33421700	33421600	33421600
5	33420500	33420500	33420600	33420600
6	33417900	33417800	33417800	33417800
7	33420400	33420500	33420400	33420400
8	33419700	33419700	33419700	33419700
9	33414800	33414700	33414800	33414800
10	33406600	33406700	33406700	33406700
11	33397900	33397900	33397900	33397800
12	33409900	33409900	33409900	33410000
13	33427900	33427900	33427900	33427900
14	33416800	33416800	33416700	33416700
15	33397800	33397800	33397800	33397800
16	33389200	33389200	33389300	33389300
17	33387800	33387800	33387800	33387800
18	33410000	33410000	33409900	33409900
19	33400600	33400600	33400700	33400600
20	33386900	33386900	33386900	33387000
21	33395200	33395100	33395100	33395100
22	33392800	33392900	33392900	33392900
23	33415700	33415700	33415700	33415600
24	33396900	33396900	33396800	33396900
25	33381100	33381100	33381100	33381100
26	33385700	33385700	33385800	33385800
27	33376400	33376400	33376300	33376300
28	33400400	33400400	33400500	33400500
29	33391600	33391600	33391500	33391500
30	33384100	33384100	33384200	33384200
31	33373400	33373400	33373400	33373400
32	33371800	33371800	33371700	33371700
33	33392900	33392900	33393000	33393000
34	33386900	33386900	33386900	33386900
35	33372100	33372100	33463700	33372000
36	33375600	33375600	33372400	33375600
37	33374900	33374900	33374900	33375000
38	33388500	33388500	33388500	33388500
39	33379000	33379000	33378900	33378900
40	33382400	33382400	33382400	33382400
41	33388700	33388700	33388800	33388800
42	33380600	33380600	33380600	33380600
43	33389100	33389100	33389100	33389100
44	33390100	33390100	33390100	33390100
45	33387400	33387400	33387400	33387300
46	33380700	33380700	33380600	33380700
47	33393100	33393100	33393200	33393200
48	33381600	33381600	33381600	33381600
49	33383700	33393200	33383600	33383600
50	33382800	33382800	33382900	33382900
51	33377900	33377900	33377900	33377900
52	33410900	33410900	33410800	33410800
53	33401600	33401600	33401600	33401600
54	33404700	33404600	33404700	33404700
55	33397800	33410700	33410600	33410600
56	33394800	33394800	33394900	33394900
57	33389800	33389800	33389700	33389700
58	33397200	33397200	33397200	33397200
59	33390200	33390200	33390200	33390200
60	33400400	33400400	33400400	33400400
61	33391300	33391300	33391400	33391300
62	33393400	33393400	33393400	33393500
63	33409300	33409200	33409200	33409200
64	33400700	33400800	33400800	33400800
65	33406200	33406200	33406200	33406200
66	33398300	33398300	33398300	33398300
67	33413500	33413500	33413500	33413500
68	33386300	33386300	33386300	33386300
69	33377100	33377100	33377100	33377100
70	33392300	33392300	33392300	33392300
71	33398700	33398700	33398700	33398700
72	33387400	33387400	33387400	33387400
73	33399100	33399000	33399000	33399000
74	33392800	33392900	33392900	33392800
75	33388800	33388800	33388700	33388800
76	33411400	33411400	33411500	33411500
77	33403300	33403300	33403300	33403300
78	33415900	33415900	33415900	33415900
79	33419800	33419800	33419800	33419800
80	33395800	33395800	33395800	33395800
81	33402300	33402300	33402200	33402200
82	33414200	33414200	33414200	33414200
83	33401700	33401700	33401800	33401800
84	33400200	33400100	33401900	33400100
85	33404800	33392100	33392100	33392100
86	33386000	33386000	33386000	33386000
87	33391200	33391200	33391200	33391200
88	33385000	33385000	33385000	33385000
89	33388600	33388600	33388500	33388500
90	33398500	33398500	33388400	33398500
91	33411300	33411300	33411200	33411300
92	33393100	33393100	33393200	33393200
93	33387300	33387300	33387200	33387200
94	33398900	33398900	33399000	33398900
95	33400300	33393800	33393800	33393900
96	33390200	33390300	33390300	33390300
97	33399000	33405500	33399000	33398900
98	33403500	33403500	33403500	33403600
99	33396700	33396600	33396600	33396600
100	33393400	33393500	33393500	33393500
101	33403500	33403500	33403400	33403400
102	33395200	33395200	33395200	33395200
103	33375900	33375800	33375900	33375900
104	33391500	33391600	33391600	33391600
105	33392600	33392600	33392500	33392500
106	33392300	33392300	33392400	33392400
107	33404700	33404700	33404700	33404700
108	33414600	33414600	33414600	33414600
109	33422100	33422100	33422100	33422100
110	33411600	33411600	33411500	33411500
111	33408100	33408100	33408100	33408100
112	33435000	33435000	33435100	33435100
113	33423500	33423500	33423500	33423500
114	33403800	33403800	33403800	33403800
115	33392200	33392100	33392100	33392100
116	33386100	33386200	33386200	33386200
117	33386400	33386300	33386300	33386300
118	33377700	33377800	33377700	33377700
119	33378900	33378900	33379000	33378900
120	33376700	33376700	33376700	33376800
121	33392200	33392200	33392100	33392100
122	33393600	33393600	33393700	33393600
123	33408000	33408000	33408000	33408100
124	33421100	33421100	33421100	33421100
125	33394400	33394300	33394300	33394300
126	33388200	33388200	33388200	33388200
127	33389000	33389100	33389100	33389100
128	33399000	33399000	33399000	33399000
129	33399800	33399800	33399800	33399800
130	33388800	33388800	33388800	33388800
131	33387400	33387400	33387400	33387300
132	33378000	33378000	33378000	33378000
133	33392100	33392100	33392100	33392200
134	33393000	33393000	33393000	33392900
135	33381800	33381800	33381800	33381800
136	33416200	33416200	33416200	33416300
137	33416900	33416900	33416900	33416800
138	33415200	33415200	33415100	33415200
139	33415600	33415600	33415700	33415700
140	33404300	33404300	33404300	33404300
141	33422600	33422600	33422600	33422600
142	33425600	33425600	33425600	33425500
143	33431600	33405900	33405900	33406000
144	33415400	33415500	33415400	33415400
145	33408700	33408600	33408700	33408700
146	33396000	33396100	33396100	33396100
147	33408800	33408800	33408800	33408700
148	33404100	33404100	33404000	33404100
149	33393200	33393200	33393300	33393300
150	33396800	33396800	33396800	33396800
151	33396000	33396000	33395900	33395900
152	33390200	33390200	33390300	33390300
153	33403400	33403400	33403400	33403400
154	33415100	33415000	33415100	33415100
155	33397400	33397400	33397400	33397400
156	33396800	33387200	33387200	33387200
157	33408300	33408300	33408300	33408300
158	33407200	33407100	33382700	33407100
159	33406300	33406400	33406400	33406300
160	33420600	33420600	33420600	33420700
161	33397800	33397800	33397800	33397800
162	33397200	33397200	33397200	33397200
163	33409100	33409100	33409100	33409000
164	33398200	33398100	33398100	33398200
165	33393400	33383700	33393400	33393400
166	33416800	33416800	33416900	33416900
167	33408300	33408300	33408300	33408300
168	33392200	33392200	33392200	33392200
169	33394400	33394300	33392700	33394300
170	33400300	33400400	33400400	33400400
171	33400400	33400400	33400300	33400300
172	33396500	33396500	33396600	33396500
173	33403300	33403300	33403300	33403400
174	33421700	33421600	33421600	33421600
175	33425900	33426000	33426000	33426000
176	33429700	33429700	33429700	33429600
177	33422100	33422100	33429700	33422100
178	33399900	33399900	33399900	33400000
179	33412900	33412900	33412900	33412900
180	33399200	33399200	33399100	33399100
181	33391900	33391900	33392000	33392000
182	33415700	33415700	33415600	33415600
183	33419700	33419700	33419800	33419700
184	33421700	33421700	33421700	33421800
185	33430800	33430800	33430800	33430800
186	33428800	33428800	33428800	33428800
187	33426500	33426500	33426500	33426500
188	33434400	33434400	33434300	33434300
189	33472300	33421100	33421200	33421200
190	33419800	33419800	33419800	33419700
191	33425800	33425800	33425800	33425900
192	33417400	33417400	33417400	33417400
193	33424700	33424600	33424600	33424600
194	33426000	33426100	33426100	33426100
195	33427400	33414500	33414500	33414500
196	33422500	33422600	33422600	33422600
197	33408100	33408100	33408100	33408100
198	33421600	33421600	33421600	33421500
199	33406100	33406100	33406100	33406200
200	33403300	33403200	33403200	33403200
201	33413700	33413700	33413700	33413700
202	33420600	33420700	33420700	33420700
203	33429900	33429800	33429800	33429800
204	33421000	33421100	33421100	33421100
205	33426700	33426700	33426600	33426600
206	33431700	33431700	33431700	33431700
207	33433900	33433900	33434000	33434000
208	33427600	33427600	33427500	33427500
209	33423100	33423100	33423200	33423200
210	33421800	33421800	33421800	33421800
211	33427700	33427700	33427700	33427700
212	33426200	33426200	33427600	33426100
213	33407200	33407200	33407200	33407300
214	33409100	33409100	33409100	33409100
215	33405700	33405600	33405600	33405600
216	33396400	33396500	33396400	33396400
217	33425400	33425400	33425500	33425400
218	33420200	33420200	33420200	33420300
219	33401100	33401100	33401100	33401000
220	33415200	33412300	33415200	33415200
221	33412600	33412600	33412600	33412700
222	33428200	33428200	33428200	33428200
223	33415200	33415200	33415200	33415100
224	33429700	33429700	33429700	33429700
225	33431600	33431600	33431600	33431700
226	33424000	33424000	33424000	33424000
227	33430900	33430900	33430900	33430900
228	33427600	33427600	33427500	33427500
229	33408300	33408300	33408300	33408300
230	33399600	33399500	33399600	33399600
231	33410100	33410200	33410200	33410200
232	33400100	33400100	33400000	33400000
233	33398400	33398400	33398400	33398400
234	33411000	33411000	33411100	33411100
235	33398100	33398100	33398100	33398100
236	33406200	33406100	33399700	33406100
237	33382900	33383000	33383000	33383000
238	33378200	33378200	33378100	33378100
239	33397200	33397200	33397200	33397200
240	33398200	33398100	33398200	33398200
241	33382000	33382100	33382100	33382000
242	33397300	33397300	33397300	33397400
243	33398400	33398400	33398400	33398400
244	33395500	33395500	33395500	33395500
245	33387100	33387100	33387100	33387100
246	33399900	33399900	33399900	33399900
247	33391400	33391400	33391400	33391300
248	33392100	33392100	33392100	33392100
249	33387300	33400100	33400100	33400200
250	33406500	33406500	33406500	33406500
251	33388700	33388700	33388700	33388700
252	33402100	33402100	33402100	33402100
253	33410800	33410800	33410700	33410700
254	33424400	33424300	33424400	33424400
255	33415300	33415400	33415400	33415400
256	33410600	33410500	33410500	33410500
257	33431400	33431500	33431500	33431400
258	33436100	33436100	33436100	33436200
259	33430600	33430500	33430500	33430500
260	33411600	33411600	33430400	33411600
261	33415100	33415200	33415200	33415200
262	33415800	33415800	33415800	33415800
263	33427000	33427000	33427000	33427000
264	33422200	33422200	33422100	33422100
265	33406200	33406200	33406300	33406300
266	33395100	33395100	33395100	33395000
267	33390700	33390700	33390600	33390700
268	33403300	33403300	33403300	33403300
269	33394700	33394700	33394800	33394700
270	33403800	33403800	33403800	33403900
271	33397000	33397000	33397000	33397000
272	33412100	33409000	33412000	33412000
273	33410400	33410400	33410400	33410400
274	33417600	33417600	33417600	33417600
275	33421300	33421300	33421400	33421400
276	33410600	33410600	33410600	33410600
277	33424300	33424300	33424200	33424200
278	33432000	33432000	33432000	33432000
279	33427000	33427000	33427000	33427000
280	33416900	33416900	33417000	33417000
281	33422300	33422300	33422200	33422200
282	33431300	33431300	33431300	33431300
283	33415700	33415700	33415800	33415700
284	33412800	33412800	33412800	33412900
285	33411500	33411500	33411500	33411500
286	33407300	33407300	33407300	33407300
287	33433200	33433300	33433200	33433200
288	33428800	33428800	33428800	33428800
289	33428100	33428100	33428100	33428100
290	33422800	33422800	33422800	33422800
291	33430100	33430100	33430100	33430100
292	33420900	33420900	33420900	33420900
293	33425600	33425600	33425500	33425500
294	33391000	33391000	33391100	33391100
295	33404800	33404800	33404800	33404800
296	33424500	33424500	33424500	33424500
297	33430600	33430600	33430600	33430500
298	33414600	33414600	33414500	33414600
299	33429000	33429000	33429100	33429100
300	33422200	33422200	33422200	33422200
301	33398200	33398200	33398200	33398100
302	33402900	33402900	33402900	33403000
303	33404300	33404200	33404200	33404200
304	33408200	33408300	33408300	33408300
305	33418600	33418600	33418600	33418600
306	33400000	33400000	33400000	33400000
307	33415200	33415200	33415200	33415100
308	33426100	33426100	33426100	33426200
309	33419400	33419300	33419300	33419300
310	33419300	33419400	33419400	33419400
311	33432200	33432200	33419400	33432100
312	33427400	33427400	33427400	33427500
313	33412100	33412100	33412000	33412000
314	33411900	33411900	33411900	33411900
315	33395900	33395900	33396000	33396000
316	33404700	33404700	33404700	33404600
317	33409800	33409800	33409700	33409800
318	33415200	33415200	33415300	33415300
319	33422800	33422700	33415300	33422700
320	33413200	33413300	33413300	33413300
321	33405600	33405600	33405600	33405500
322	33402900	33402900	33402800	33402900
323	33393400	33393300	33402800	33393400
324	33402100	33402100	33402100	33402100
325	33386400	33386500	33386500	33386500
326	33380600	33380600	33380500	33380500
327	33379800	33379800	33379800	33379800
328	33396300	33396300	33406000	33396400
329	33402000	33402000	33401900	33401900
330	33388600	33388600	33388700	33388700
331	33397300	33397300	33397300	33397300
332	33413600	33413600	33413600	33413600
333	33423000	33423000	33423000	33423000
334	33416600	33416600	33416500	33416500
335	33404000	33404000	33404000	33404000
336	33408200	33408200	33408300	33408300
337	33408500	33408500	33408500	33408500
338	33414200	33414200	33414100	33414100
339	33411400	33411400	33411400	33411400
340	33412000	33411900	33412000	33412000
341	33418900	33419000	33419000	33419000
342	33419300	33419300	33419300	33419300
343	33420100	33420100	33420100	33420100
344	33426900	33426900	33426900	33426900
345	33417500	33417500	33417500	33417500
346	33416200	33416200	33416200	33416200
347	33432000	33432000	33431900	33431900
348	33412400	33412400	33412500	33412500
349	33407900	33407900	33407900	33407900
350	33391900	33391900	33391900	33391900
351	33425100	33425100	33425100	33425100
352	33417700	33417700	33417700	33417700
353	33431300	33431300	33431300	33431200
354	33425500	33425500	33425500	33425600
355	33424100	33424100	33424100	33424100
356	33422800	33422800	33422800	33422800
357	33417300	33417300	33417200	33417200
358	33419100	33419100	33419200	33419200
359	33423500	33423500	33423500	33423400
360	33431000	33431000	33423500	33431000
361	33405200	33405200	33405100	33405200
362	33406200	33406100	33406200	33406200
363	33420100	33420200	33420200	33420200
364	33424400	33424400	33424400	33424400
365	33427400	33427400	33427300	33427300
366	33411300	33411300	33411400	33411400
367	33405200	33405200	33405100	33405100
368	33399900	33399900	33399900	33399900
369	33413200	33413200	33413300	33413300
370	33415100	33415100	33415100	33415000
371	33422500	33422500	33422400	33422500
372	33400500	33400500	33400600	33400600
373	33424400	33424400	33424400	33424300
374	33418900	33418800	33418900	33419000
375	33409400	33409400	33409300	33409300
376	33418500	33418500	33418500	33418500
377	33410600	33410600	33410700	33410600
378	33408400	33408400	33408400	33408500
379	33418500	33418500	33418500	33418500
380	33424300	33424300	33424300	33424200
381	33409100	33409100	33409100	33409100
382	33417000	33417000	33417000	33417100
383	33428800	33428800	33428800	33428800
384	33430700	33430600	33430600	33430600
385	33440700	33440800	33440800	33440800
386	33436400	33436400	33436300	33436300
387	33427000	33427000	33427100	33427100
388	33435300	33435200	33452600	33435200
389	33427900	33428000	33428000	33428000
390	33420500	33420500	33420500	33420500
391	33416400	33416400	33416400	33416400
392	33413700	33416800	33413600	33413600
393	33408700	33408700	33408700	33408700
394	33400100	33400000	33400100	33400100
395	33417000	33417100	33417100	33417100
396	33409900	33409900	33409900	33409800
397	33414300	33414200	33414200	33414300
398	33418100	33418200	33418200	33418200
399	33413600	33413500	33413500	33413500
400	33395900	33396000	33396000	33396000
401	33405100	33405100	33405100	33405100
402	33402200	33402100	33402100	33402100
403	33405800	33393000	33393000	33393000
404	33396400	33396500	33396400	33396400
405	33413800	33413800	33413900	33413900
406	33404000	33404000	33403900	33403900
407	33388500	33388500	33403800	33388500
408	33373000	33373000	33373000	33373100
409	33374500	33374500	33374500	33374400
410	33383400	33383400	33383400	33383500
411	33410700	33410700	33410700	33410700
412	33415200	33415200	33415200	33415200
413	33426600	33426600	33426500	33426500
414	33425000	33425000	33425000	33425000
415	33400200	33400200	33400200	33400200
416	33397000	33397000	33397100	33397100
417	33407600	33407600	33407600	33407600
418	33406300	33406300	33406200	33406200
419	33394700	33394700	33394800	33394800
420	33401700	33401700	33401700	33401600
421	33411000	33411000	33411000	33411000
422	33403900	33403900	33403900	33403900
423	33389000	33389100	33388900	33389000
424	33401400	33401400	33401500	33401400
425	33406200	33406200	33406200	33406300
426	33390800	33390700	33390700	33390700
427	33395500	33395600	33395600	33395500
428	33414400	33414400	33414300	33414400
429	33402900	33402900	33403000	33402900
430	33410700	33410700	33410700	33410800
431	33426900	33401300	33401300	33401200
432	33430100	33430100	33430000	33430100
433	33423100	33413500	33413600	33413600
434	33398100	33398000	33398000	33398000
435	33394900	33395000	33395000	33395000
436	33424500	33424500	33424500	33424500
437	33426500	33426500	33426400	33426400
438	33426100	33426100	33426200	33426200
439	33400500	33400500	33400500	33400500
440	33411700	33411700	33411700	33411700
441	33384600	33384600	33384500	33384500
442	33379600	33379600	33379700	33379600
443	33377200	33377200	33377100	33377200
444	33378600	33378600	33378700	33378700
445	33396500	33396500	33396500	33396500
446	33406900	33406900	33406800	33406800
447	33412800	33412800	33412900	33412900
448	33420500	33420500	33420500	33420400
449	33429400	33429400	33429400	33429500
450	33427100	33427100	33427000	33427000
451	33420900	33420900	33420900	33420900
452	33409800	33409800	33409900	33409900
453	33424600	33424600	33424600	33424600
454	33431200	33431200	33431200	33431200
455	33423300	33423300	33423300	33423300
456	33421000	33424100	33424100	33424100
457	33431500	33431600	33431600	33431500
458	33440900	33440900	33440900	33441000
459	33436900	33436900	33436800	33436800
460	33437100	33437100	33437200	33437200
461	33431600	33431500	33431500	33431500
462	33431600	33431900	33431600	33431600
463	33426600	33426500	33426600	33426600
464	33430900	33431000	33431000	33430900
465	33439700	33439700	33439600	33439700
466	33440200	33440200	33440200	33440200
467	33433900	33433900	33440400	33434000
468	33434000	33434000	33434000	33434000
469	33424100	33424100	33424100	33424000
470	33413700	33413700	33413700	33413800
471	33425000	33424900	33424900	33424900
472	33433700	33433800	33433800	33433800
473	33436500	33436500	33436500	33436500
474	33426300	33426300	33426300	33426300
475	33428000	33427900	33427900	33427900
476	33434900	33435000	33435000	33435000
477	33440800	33440800	33440800	33440700
478	33421600	33421600	33421600	33421700
479	33430300	33430300	33430300	33430300
480	33430200	33430200	33430100	33430100
481	33431100	33431100	33431200	33431200
482	33421600	33421600	33421500	33421500
483	33434500	33434500	33434600	33434500
484	33436300	33436300	33436300	33436400
485	33420400	33420400	33420400	33420300
486	33419200	33419200	33419200	33419200
487	33429000	33429000	33428900	33429000
488	33427100	33427100	33427200	33427200
489	33418200	33418200	33418200	33418200
490	33420400	33420400	33420400	33420300
491	33421200	33421100	33421100	33421200
492	33426000	33426100	33426100	33426100
493	33427600	33427600	33427600	33427600
494	33431800	33431800	33431800	33431700
495	33425300	33425200	33425200	33425300
496	33404900	33404900	33404900	33404900
497	33422300	33422400	33430400	33422300
498	33436500	33436500	33436400	33436500
499	33415600	33415600	33415700	33415600

============================================================
# BITSTREAM: 10ms_51etapas.bit
# VENTANA: 10ms
# ETAPAS_PRINCIPAL: 51
# NUM_MUESTRAS: 500
# FORMATO: idx	freq1_hz	freq2_hz	freq3_hz	freq4_hz
============================================================
idx	freq1_hz	freq2_hz	freq3_hz	freq4_hz
0	13678300	13997200	12666900	11819000
1	13678300	13995000	12667400	11819700
2	13679100	13996400	12667300	11819900
3	13679000	13996700	12667300	11815700
4	13679100	13998700	12667700	11819100
5	13678700	13996000	12668200	11814900
6	13679800	14000100	12668000	11819300
7	13679800	13995900	12667800	11819200
8	13679800	13994600	12668100	11817900
9	13679200	13996800	12667300	11816900
10	13678300	13997600	12667200	11815800
11	13677800	13997300	12667000	11815300
12	13677900	13995400	12667700	11818900
13	13678900	13996900	12666700	11816400
14	13678100	13995000	12667300	11815500
15	13678000	13995400	12666800	11818700
16	13677800	13995400	12665800	11816000
17	13677800	13995800	12666000	11815800
18	13676900	13992600	12665800	11815200
19	13677600	13994400	12667500	11816700
20	13678500	13995500	12666200	11818200
21	13677600	13994300	12666100	11817500
22	13677800	13994900	12666200	11814800
23	13677300	13995700	12665500	11816700
24	13677800	13994400	12666000	11817200
25	13677300	13994000	12668400	11817800
26	13677100	13993400	12664800	11815600
27	13677700	13995800	12666500	11816700
28	13677100	13992000	12665100	11815000
29	13677000	13993500	12665900	11813400
30	13677700	13993900	12667100	11815700
31	13678100	13996500	12666800	11818600
32	13677600	13997700	12666300	11819200
33	13678700	13996800	12667400	11816000
34	13678500	13997900	12667200	11815600
35	13678400	13995200	12667500	11815500
36	13677900	13996500	12665800	11818100
37	13677700	13997200	12666200	11819200
38	13678600	13994700	12667600	11819000
39	13678100	13996200	12666200	11817300
40	13677600	13994100	12665800	11816800
41	13677300	13996400	12665300	11815700
42	13677900	13994700	12665600	11814200
43	13677300	13995700	12665600	11816900
44	13677600	13994600	12665700	11816900
45	13677100	13994200	12665400	11815500
46	13677400	13992800	12665600	11816700
47	13677400	13996000	12666600	11813200
48	13677600	13997200	12666000	11817100
49	13677300	13993300	12666700	11818200
50	13677600	13995300	12667300	11816000
51	13678000	13995800	12666200	11815000
52	13678300	13993000	12666300	11815800
53	13677300	13995300	12666400	11813800
54	13677900	13995300	12665900	11814700
55	13676900	13994300	12665600	11814200
56	13677700	13994700	12666200	11814900
57	13677200	13996100	12666300	11817400
58	13677000	13994600	12665800	11814300
59	13677200	13994500	12666300	11815500
60	13677400	13994900	12666000	11815500
61	13678000	13997600	12667000	11817400
62	13679000	13998400	12668400	11815900
63	13678700	13994200	12667700	11814500
64	13678900	13994800	12667300	11817800
65	13679300	13997300	12667700	11817100
66	13680200	13997800	12666700	11820500
67	13679100	13997500	12668900	11819300
68	13678800	13994100	12668600	11817700
69	13678000	13997500	12666700	11816600
70	13678300	13993400	12667900	11817200
71	13678100	13998400	12667700	11817300
72	13678700	13994800	12667600	11814900
73	13678200	13996300	12666200	11816100
74	13678000	13996200	12666100	11815000
75	13677400	13993200	12665500	11815900
76	13678600	13997600	12667700	11816600
77	13678500	13996900	12667200	11815200
78	13678700	13994400	12667300	11815300
79	13678700	13994800	12665900	11817600
80	13679300	13996500	12666600	11816600
81	13679300	13998400	12666700	11819600
82	13679200	13994500	12667100	11814600
83	13678900	13995300	12665900	11816300
84	13678000	13995000	12665600	11814000
85	13679300	13995400	12667000	11819000
86	13678700	13996200	12666500	11815500
87	13678900	13994500	12666900	11816700
88	13678400	13995700	12666200	11815900
89	13678000	13995200	12666300	11816500
90	13678500	13997200	12666300	11817700
91	13678400	13994000	12667000	11818500
92	13678000	13994300	12665500	11815500
93	13677700	13993900	12665900	11814000
94	13678700	13996900	12666900	11818200
95	13679300	13995500	12667800	11815900
96	13678600	13994900	12666800	11817600
97	13678600	13997500	12666700	11817400
98	13678100	13992100	12667700	11816600
99	13677300	13992900	12666600	11815100
100	13677900	13996500	12667200	11816000
101	13677800	13997300	12666300	11818600
102	13678300	13994800	12667500	11818600
103	13678100	13996100	12666300	11816000
104	13677700	13994600	12665700	11814000
105	13677400	13993800	12665500	11815100
106	13677000	13994700	12665200	11812900
107	13678300	13996400	12666600	11816900
108	13677400	13994400	12665900	11813600
109	13677200	13994300	12665400	11817100
110	13678300	13994700	12667000	11814500
111	13677200	13995800	12666200	11817000
112	13677900	13993700	12666800	11815600
113	13677700	13994700	12666700	11817800
114	13677700	13996400	12666900	11817200
115	13677700	13995500	12666800	11814600
116	13677100	13994300	12666200	11817200
117	13677600	13994500	12666100	11814700
118	13678500	13996200	12666500	11816700
119	13677900	13994200	12666000	11816700
120	13676900	13992800	12665300	11816300
121	13676200	13995400	12665500	11812200
122	13677100	13995100	12665100	11815100
123	13676500	13993900	12665500	11813900
124	13677000	13995500	12665500	11817400
125	13677200	13993600	12665700	11816800
126	13676300	13995000	12664400	11813000
127	13676500	13992700	12665200	11816800
128	13676800	13992800	12666700	11816100
129	13676000	13994000	12665600	11812000
130	13676900	13992600	12664800	11814500
131	13676800	13993000	12666600	11816000
132	13676400	13994200	12666100	11812800
133	13677000	13992800	12665900	11816100
134	13676700	13995500	12666500	11812200
135	13678000	13994200	12666900	11816700
136	13678000	13993500	12666300	11816600
137	13677400	13993900	12666700	11815300
138	13676700	13994900	12665800	11817100
139	13676100	13994800	12665200	11815900
140	13676800	13995600	12665500	11815400
141	13676600	13994400	12665500	11813600
142	13676000	13993500	12665000	11816500
143	13676100	13992600	12666300	11814700
144	13676800	13993400	12666600	11815700
145	13677100	13996100	12666900	11816200
146	13678400	13995600	12666200	11814500
147	13677800	13994400	12665700	11814200
148	13677400	13994500	12665200	11817100
149	13676700	13993600	12664400	11814900
150	13676400	13995000	12664500	11813000
151	13678200	13995000	12666800	11818400
152	13678000	13994300	12666200	11817900
153	13677400	13993800	12665300	11813800
154	13677100	13994500	12664500	11813300
155	13677800	13994300	12665100	11815500
156	13678000	13994000	12665900	11814100
157	13678000	13994000	12665600	11815600
158	13677700	13993700	12665700	11815700
159	13677800	13994100	12666100	11818000
160	13678100	13997400	12666400	11816100
161	13678100	13994400	12667300	11814700
162	13677500	13994000	12665600	11817800
163	13677500	13994300	12665300	11816000
164	13678400	13994600	12666300	11815000
165	13678500	13994700	12666200	11816300
166	13678000	13996100	12666200	11817300
167	13677400	13995000	12665300	11813900
168	13677800	13995100	12666400	11818200
169	13677800	13995000	12666000	11814700
170	13677400	13994500	12665500	11818200
171	13676600	13993700	12664800	11815600
172	13676900	13993200	12665500	11817100
173	13677200	13996100	12666700	11816300
174	13676600	13993400	12664900	11819900
175	13676500	13994700	12666200	11815900
176	13677000	13994900	12665200	11816700
177	13676000	13994900	12664500	11815800
178	13676600	13995200	12665000	11816100
179	13676500	13994600	12664900	11817000
180	13677200	13994200	12665500	11815200
181	13676800	13992300	12665000	11816100
182	13677600	13994900	12666600	11812800
183	13677400	13996000	12665300	11816300
184	13677500	13996800	12665900	11816300
185	13677200	13995500	12666100	11814300
186	13678300	13994200	12666400	11816900
187	13678100	13993600	12665600	11816900
188	13677500	13996400	12668200	11813500
189	13677300	13994600	12665200	11813500
190	13677700	13994900	12665400	11815100
191	13677900	13997200	12666100	11816900
192	13677900	13993900	12666600	11817900
193	13678200	13996100	12665900	11817500
194	13677900	13995200	12665400	11814000
195	13678000	13996500	12665400	11817900
196	13677200	13996500	12665300	11818500
197	13677500	13996900	12666000	11818800
198	13678000	13997800	12667000	11815000
199	13677600	13996200	12666000	11818900
200	13677100	13993000	12668300	11816000
201	13676800	13995000	12666100	11812900
202	13677500	13994100	12666100	11818000
203	13675800	13995100	12664500	11814400
204	13676700	13993700	12665300	11813300
205	13676500	13993400	12664900	11816700
206	13677300	13996400	12666900	11816300
207	13678000	13994800	12666500	11814200
208	13677200	13995900	12666000	11815300
209	13677600	13992500	12666400	11816000
210	13676900	13996300	12666700	11813200
211	13676800	13995400	12665500	11814400
212	13677300	13995000	12665600	11815300
213	13677900	13995200	12666500	11818300
214	13678300	13997000	12666100	11817700
215	13677300	13994200	12666700	11816100
216	13677000	13993000	12665400	11816100
217	13675300	13993600	12665000	11811900
218	13676100	13995200	12663900	11812600
219	13676100	13994600	12664200	11816400
220	13676700	13993600	12665100	11814600
221	13676400	13995300	12664200	11812900
222	13677200	13995300	12665400	11814000
223	13676100	13993900	12664500	11813200
224	13676300	13994700	12665000	11817100
225	13676600	13995100	12664900	11816600
226	13677700	13994900	12665400	11814200
227	13677000	13995500	12664900	11816600
228	13677400	13994200	12665800	11817100
229	13677600	13992800	12665300	11816700
230	13677200	13995600	12666100	11812500
231	13677100	13993800	12665000	11813500
232	13677200	13995100	12664900	11813400
233	13678100	13995200	12666100	11814500
234	13677800	13997300	12665700	11817900
235	13678100	13996000	12667100	11818800
236	13679300	13999500	12666900	11817700
237	13679300	13995500	12667500	11817300
238	13679300	13995800	12666900	11817700
239	13679800	13994800	12666700	11816100
240	13680100	13998200	12667100	11816900
241	13679500	13996300	12668200	11815100
242	13679600	13998000	12667100	11815800
243	13679400	13996800	12667700	11818800
244	13678600	13997100	12666400	11814900
245	13679100	13992500	12667100	11814900
246	13678500	13996700	12666800	11812700
247	13678400	13996100	12666000	11818400
248	13677800	13994800	12665500	11813500
249	13677500	13995500	12665100	11815100
250	13677400	13994400	12665700	11816300
251	13676600	13993800	12664400	11816000
252	13676500	13994500	12664200	11812700
253	13676500	13993800	12664400	11814800
254	13676700	13994400	12664300	11812900
255	13677300	13994200	12664900	11816800
256	13677000	13992900	12665400	11816000
257	13677000	13995400	12666400	11816300
258	13676300	13994200	12664800	11814300
259	13676800	13992300	12665000	11816000
260	13677500	13995700	12667200	11813200
261	13677200	13994000	12665800	11816200
262	13677400	13993700	12665200	11814700
263	13677600	13993700	12665800	11817000
264	13677200	13993400	12665700	11817000
265	13677100	13995700	12666800	11816200
266	13677400	13994600	12665800	11816600
267	13678300	13995000	12665800	11815300
268	13677600	13994400	12665900	11817600
269	13677800	13995600	12665600	11817600
270	13677800	13995500	12666100	11814400
271	13677600	13994400	12666000	11817300
272	13677000	13994100	12664600	11816800
273	13678300	13997500	12665600	11816400
274	13679100	13994500	12667800	11817600
275	13678200	13995500	12665400	11816000
276	13678500	13995600	12666400	11817000
277	13678400	13995800	12665900	11814600
278	13677700	13993600	12665700	11815000
279	13676800	13996200	12664500	11813400
280	13677500	13994100	12665500	11816800
281	13678000	13997400	12665700	11815800
282	13678100	13994700	12667000	11815000
283	13678200	13997200	12666300	11817600
284	13677800	13994200	12666800	11818400
285	13677700	13994000	12665900	11817100
286	13678400	13995600	12666300	11815700
287	13678600	13996300	12666800	11814700
288	13678100	13997400	12666300	11814900
289	13677800	13994500	12666600	11814300
290	13677600	13995000	12665100	11815300
291	13677000	13994700	12665900	11817700
292	13677400	13996800	12666100	11817200
293	13676700	13997000	12666100	11814200
294	13678400	13996100	12667600	11816500
295	13677000	13995800	12666000	11813700
296	13677700	13993900	12666100	11815100
297	13678700	13997000	12666700	11818100
298	13677100	13994600	12666500	11816100
299	13677100	13994600	12665300	11815200
300	13677900	13995300	12665600	11816000
301	13678000	13995700	12665700	11814600
302	13677800	13995100	12665900	11817300
303	13678300	13996000	12666100	11814900
304	13677300	13997600	12665400	11816900
305	13677200	13997100	12666200	11814600
306	13676700	13991900	12666300	11814400
307	13677000	13996000	12666700	11815500
308	13676800	13997100	12665800	11816200
309	13677100	13991600	12666700	11815000
310	13676900	13994600	12666400	11817100
311	13677100	13994700	12668500	11815600
312	13676300	13995600	12665100	11816500
313	13677300	13994800	12664800	11813900
314	13677200	13996200	12665400	11816000
315	13676400	13993900	12664800	11815500
316	13677000	13996400	12665400	11817300
317	13677400	13995300	12665600	11813900
318	13677500	13995700	12665200	11814200
319	13677000	13994200	12665000	11816300
320	13676600	13992200	12664400	11815800
321	13677000	13993400	12665500	11814500
322	13676500	13995600	12665900	11816000
323	13676900	13993900	12664500	11813500
324	13676500	13995200	12664600	11817200
325	13675800	13994700	12663700	11816800
326	13676700	13995500	12664900	11816700
327	13677200	13994200	12665200	11817100
328	13676600	13992800	12664600	11816600
329	13676700	13996200	12665800	11812400
330	13677300	13993800	12665200	11816000
331	13678000	13996400	12665200	11814300
332	13677600	13995100	12665500	11814200
333	13676600	13993500	12665000	11814000
334	13677300	13993900	12666300	11815600
335	13676800	13995700	12665200	11817500
336	13676500	13993900	12665200	11816700
337	13676600	13994600	12664800	11817200
338	13676500	13992600	12664300	11814900
339	13675800	13992100	12665400	11815600
340	13675700	13991800	12665300	11814300
341	13675500	13992100	12665700	11813400
342	13675700	13992400	12665200	11814300
343	13676500	13994400	12665800	11815100
344	13677700	13995100	12665400	11817900
345	13677400	13994900	12665700	11814600
346	13678300	13997700	12666200	11817500
347	13677100	13995700	12666200	11814700
348	13676900	13994700	12665500	11816600
349	13676200	13994800	12664600	11816100
350	13676400	13995000	12664600	11815100
351	13677200	13994400	12665200	11817600
352	13676600	13994000	12664300	11816800
353	13676600	13993600	12664600	11814800
354	13676600	13996100	12664500	11813300
355	13677000	13994600	12665000	11813600
356	13676900	13994900	12665400	11815500
357	13676900	13996400	12665300	11816500
358	13677300	13994900	12665600	11814200
359	13676400	13996100	12665400	11816400
360	13676900	13995400	12665700	11814100
361	13677200	13996200	12665600	11815700
362	13676800	13994400	12665200	11815800
363	13677000	13994400	12665100	11817100
364	13676400	13993900	12665000	11817000
365	13676400	13995500	12665900	11817500
366	13675800	13993000	12665700	11816400
367	13675500	13994000	12665600	11806400
368	13675900	13992800	12664500	11814600
369	13676200	13995000	12665800	11812300
370	13677100	13993700	12665700	11817800
371	13676300	13993300	12665000	11817100
372	13675700	13993500	12665800	11814700
373	13675700	13993100	12665800	11814900
374	13675100	13993500	12665500	11816300
375	13675700	13993000	12665300	11814500
376	13675600	13994700	12665300	11813000
377	13676000	13995600	12665200	11809600
378	13674400	13992600	12663700	11812400
379	13675000	13992300	12665400	11815000
380	13674000	13992600	12664600	11811100
381	13674100	13991300	12664700	11814600
382	13674600	13992000	12664700	11819000
383	13674300	13991400	12663600	11811800
384	13674800	13994200	12664800	11816600
385	13676000	13992800	12664200	11816200
386	13675600	13996000	12665200	11812600
387	13676700	13997100	12665400	11817000
388	13676000	13991300	12665600	11807800
389	13675500	13993500	12665000	11813000
390	13675800	13992800	12665300	11814400
391	13675200	13994300	12664800	11811700
392	13675100	13992400	12663900	11812700
393	13675400	13992900	12664800	11813900
394	13675100	13993800	12665100	11814300
395	13675300	13993200	12663100	11812300
396	13675200	13994700	12665100	11814800
397	13675200	13993900	12664200	11815800
398	13675100	13993900	12664500	11816800
399	13675400	13994400	12664600	11816900
400	13676000	13994100	12664700	11816800
401	13676700	13996800	12665300	11815700
402	13676700	13997000	12665800	11814900
403	13677600	13994500	12666300	11816900
404	13674600	13992900	12663300	11814200
405	13674800	13994600	12665300	11814900
406	13675500	13993900	12664000	11814700
407	13677300	13996400	12665600	11817700
408	13677100	13995000	12665400	11814300
409	13676800	13994600	12665600	11813300
410	13676200	13994300	12665300	11815700
411	13676800	13994400	12665200	11814100
412	13676400	13994200	12664700	11816900
413	13676100	13992300	12664600	11815700
414	13675500	13993200	12665600	11811800
415	13675800	13994600	12665700	11815300
416	13675600	13992900	12664000	11814400
417	13676800	13995300	12666400	11815300
418	13676600	13994800	12665300	11813800
419	13677300	13996200	12666300	11816000
420	13677500	13994100	12666100	11816600
421	13677000	13996700	12665200	11815600
422	13677300	13996600	12666000	11818700
423	13676200	13992900	12664900	11814000
424	13676600	13995600	12666600	11815700
425	13677200	13994600	12665500	11814300
426	13676900	13994500	12665500	11815400
427	13676900	13994800	12665200	11815800
428	13676600	13995300	12665200	11815300
429	13675700	13993500	12664100	11813200
430	13675400	13991900	12665400	11814500
431	13675700	13995200	12666100	11815500
432	13675100	13994200	12663800	11816700
433	13675600	13991800	12664000	11815700
434	13675300	13992100	12665400	11813500
435	13675300	13991200	12664800	11814200
436	13674600	13994500	12664400	11812400
437	13675200	13993000	12663600	11814600
438	13676000	13994800	12665500	11812800
439	13676100	13995000	12664800	11815000
440	13676200	13993800	12665000	11817400
441	13675800	13994600	12664600	11813300
442	13676000	13993100	12664500	11814700
443	13676400	13993800	12666000	11816600
444	13676600	13994800	12664600	11813200
445	13675500	13994100	12664200	11814400
446	13675800	13995800	12664900	11814500
447	13676100	13991400	12664800	11814200
448	13676000	13995200	12666200	11816300
449	13676600	13995300	12664800	11817000
450	13676800	13995600	12665300	11820600
451	13675800	13993800	12664800	11813600
452	13676900	13996100	12665300	11813800
453	13677500	13995900	12666400	11814600
454	13677000	13991900	12666400	11815900
455	13677100	13995700	12667200	11816000
456	13677000	13994200	12666200	11816400
457	13677600	13993100	12666000	11816300
458	13677800	13995100	12667000	11816800
459	13677900	13995200	12666300	11814200
460	13676600	13995600	12664600	11816800
461	13676700	13995300	12665000	11813300
462	13677500	13995800	12665700	11814100
463	13678100	13993100	12666100	11815000
464	13678000	13994800	12667500	11817300
465	13677200	13995400	12665600	11815200
466	13677800	13995900	12665900	11815500
467	13678500	13992600	12666600	11816500
468	13678000	13994400	12666900	11816800
469	13677700	13994800	12665500	11817400
470	13677500	13995500	12665400	11815500
471	13677500	13994200	12665900	11816700
472	13677700	13993200	12665700	11816500
473	13675600	13995400	12666300	11815600
474	13676900	13995100	12665700	11815300
475	13677200	13994400	12666200	11814400
476	13675600	13993200	12664500	11816400
477	13675300	13995000	12665800	11815300
478	13676400	13993300	12665300	11817200
479	13676800	13994700	12666700	11815500
480	13678000	13997100	12666700	11817700
481	13678700	13993500	12667700	11815800
482	13678400	13995400	12667500	11816100
483	13678600	13996900	12666200	11816400
484	13678100	13994900	12666600	11815100
485	13677700	13996300	12666000	11817000
486	13677400	13996400	12666300	11815100
487	13677600	13994900	12666000	11814400
488	13677900	13997300	12666100	11817700
489	13678800	13995700	12667700	11819100
490	13679100	13996600	12667600	11818100
491	13678200	13994300	12666600	11814500
492	13677400	13993500	12665400	11813700
493	13677000	13993400	12666300	11815100
494	13677200	13996300	12666700	11816200
495	13677700	13996800	12666100	11815300
496	13677600	13997100	12666700	11815000
497	13677600	13992200	12666900	11814900
498	13676300	13993000	12665900	11815000
499	13675900	13994500	12665800	11812800

============================================================
# BITSTREAM: 10ms_101etapas.bit
# VENTANA: 10ms
# ETAPAS_PRINCIPAL: 101
# NUM_MUESTRAS: 500
# FORMATO: idx	freq1_hz	freq2_hz	freq3_hz	freq4_hz
============================================================
idx	freq1_hz	freq2_hz	freq3_hz	freq4_hz
0	7569300	8199900	8248200	8731400
1	7569500	8200200	8247000	8731400
2	7569700	8200200	8247700	8731800
3	7569600	8200400	8248400	8732000
4	7568900	8199600	8248300	8731200
5	7569800	8200700	8249000	8732100
6	7569000	8199800	8247200	8731400
7	7568900	8200000	8248300	8730800
8	7568900	8199700	8248100	8731000
9	7568400	8199100	8246800	8730200
10	7568300	8199000	8247600	8730700
11	7569100	8200000	8248400	8730800
12	7568500	8199300	8248100	8730800
13	7569200	8200100	8247200	8730700
14	7568400	8199000	8247700	8730200
15	7569000	8199700	8247700	8731200
16	7569800	8200400	8248500	8732200
17	7569200	8200200	8247800	8731200
18	7569600	8200400	8248000	8732000
19	7569600	8200200	8248600	8731900
20	7568700	8199200	8247000	8731000
21	7569200	8200100	8247300	8731700
22	7568800	8199700	8247700	8731700
23	7569400	8200500	8248700	8732100
24	7569200	8200100	8248900	8731400
25	7569500	8200200	8247900	8731700
26	7569400	8200200	8249300	8731700
27	7569600	8200500	8248300	8732100
28	7569800	8200300	8248800	8731900
29	7569500	8200000	8248300	8731300
30	7569900	8200400	8249200	8732100
31	7569400	8200400	8249200	8731400
32	7569500	8200400	8249400	8731500
33	7569100	8198800	8247600	8731300
34	7568700	8199400	8248200	8730600
35	7568900	8199400	8246800	8731200
36	7568400	8199300	8248000	8731000
37	7568700	8199600	8248200	8731100
38	7568700	8199500	8246700	8731100
39	7568700	8199700	8248300	8731200
40	7568500	8199200	8247800	8731000
41	7569200	8200200	8247700	8731700
42	7568500	8199400	8247400	8731000
43	7568000	8199000	8245900	8730600
44	7568400	8199200	8248100	8730600
45	7568600	8199400	8246900	8730200
46	7568200	8198700	8246700	8729900
47	7568400	8199400	8248300	8730800
48	7568700	8199400	8248300	8730900
49	7568800	8199600	8248200	8732100
50	7568600	8199000	8246400	8731300
51	7568200	8199000	8247400	8730500
52	7568300	8198900	8246300	8730700
53	7567900	8198900	8247500	8729900
54	7568300	8199100	8247700	8730600
55	7568000	8198800	8247300	8730500
56	7567900	8301200	8246700	8730700
57	7568600	8301800	8248000	8731100
58	7568300	8199000	8247200	8730600
59	7567900	8198800	8247400	8729900
60	7568300	8198800	8244500	8730500
61	7567600	8198400	8246600	8730200
62	7567900	8198300	8246000	8730400
63	7568100	8198900	8247600	8730600
64	7568100	8198800	8247300	8730000
65	7567300	8198100	8246200	8729900
66	7568200	8198800	8246000	8730200
67	7568300	8198900	8247500	8729600
68	7568700	8199000	8247500	8730700
69	7568400	8199100	8247400	8730400
70	7568200	8198600	8245700	8730300
71	7568400	8199100	8246500	8730600
72	7567800	8198100	8246200	8729500
73	7568400	8199200	8246100	8730100
74	7568100	8198300	8246300	8729900
75	7568700	8199400	8247700	8730600
76	7568700	8199200	8247600	8730900
77	7568200	8198800	8247700	8729600
78	7568400	8198900	8247600	8730500
79	7568100	8198800	8247200	8729300
80	7568000	8198800	8247500	8729600
81	7568500	8199100	8247500	8730400
82	7568300	8198800	8247400	8730300
83	7568800	8199600	8246500	8730700
84	7568200	8198700	8246600	8729800
85	7568400	8199000	8246400	8730700
86	7568500	8199100	8247200	8730700
87	7568300	8199000	8247500	8729800
88	7568500	8199100	8247900	8730600
89	7569100	8200000	8248800	8731000
90	7568600	8199200	8247500	8730400
91	7568900	8199800	8247900	8731200
92	7569000	8199700	8248800	8730900
93	7568700	8199400	8247500	8730200
94	7569000	8199600	8248100	8730900
95	7569000	8199900	8247100	8730600
96	7568200	8199200	8248100	8730300
97	7568600	8199300	8246600	8730000
98	7568300	8199000	8246600	8730800
99	7568500	8199600	8246800	8730700
100	7568500	8199200	8247800	8730700
101	7568500	8199200	8247200	8730700
102	7568700	8199500	8248300	8730400
103	7569000	8199900	8248300	8731100
104	7569400	8200000	8248600	8732200
105	7568900	8199800	8247000	8730900
106	7568400	8199100	8246500	8730600
107	7568700	8199900	8247300	8730600
108	7567700	8198400	8246700	8730500
109	7568600	8199600	8248400	8732000
110	7568100	8198900	8247600	8730500
111	7568500	8199300	8247600	8730200
112	7568500	8199100	8247500	8730200
113	7568800	8199700	8248000	8731200
114	7568500	8199300	8247900	8730900
115	7568800	8199900	8248700	8731300
116	7568900	8199900	8248400	8731400
117	7567900	8198900	8247500	8730500
118	7568500	8199200	8247700	8730700
119	7568600	8199300	8247600	8730900
120	7568700	8199500	8248300	8730500
121	7569200	8200100	8248500	8731400
122	7568600	8199300	8247700	8730500
123	7568600	8199500	8247600	8731100
124	7568600	8199200	8247800	8730300
125	7568500	8199300	8247100	8730800
126	7568100	8199200	8248200	8730400
127	7568500	8199500	8246600	8730900
128	7568000	8198500	8246300	8730300
129	7568200	8199200	8248100	8730500
130	7567700	8198400	8246500	8730400
131	7568300	8199100	8247400	8730400
132	7568400	8199500	8246300	8730800
133	7568200	8199300	8247900	8730400
134	7568700	8199600	8248800	8731100
135	7568200	8198900	8247600	8730900
136	7568100	8198900	8247800	8730000
137	7568100	8199300	8246800	8730800
138	7568400	8199300	8247800	8730800
139	7569200	8199900	8247800	8731600
140	7568600	8199300	8247300	8731100
141	7568300	8199300	8247400	8731100
142	7568100	8198900	8246200	8730500
143	7568600	8199400	8246800	8730700
144	7568000	8198800	8247700	8730300
145	7568300	8199200	8247900	8730900
146	7568000	8198400	8247800	8730200
147	7568500	8199100	8247300	8730900
148	7567700	8198300	8246900	8730400
149	7568300	8198800	8246800	8730100
150	7567800	8198400	8247100	8730200
151	7568500	8199300	8248300	8730700
152	7568800	8199100	8248200	8730900
153	7568900	8199500	8246900	8731200
154	7568700	8199100	8247500	8730600
155	7568800	8199500	8248100	8731000
156	7568500	8198900	8247000	8730400
157	7568700	8199300	8247100	8731200
158	7568800	8199600	8248600	8731200
159	7568200	8199100	8246700	8730700
160	7567900	8199000	8247800	8730400
161	7568200	8199200	8247300	8730800
162	7567500	8198300	8246800	8730500
163	7567500	8198500	8246900	8730200
164	7568400	8199000	8247000	8730400
165	7568500	8199400	8247200	8730900
166	7568600	8199600	8246900	8730600
167	7569500	8200400	8248400	8731600
168	7569300	8200400	8249200	8732000
169	7569700	8200800	8249600	8731700
170	7569000	8198400	8248100	8731400
171	7569500	8200200	8247800	8731400
172	7569700	8200300	8248300	8731900
173	7569900	8200700	8249300	8732200
174	7569500	8200200	8248400	8732300
175	7569400	8200400	8249100	8732000
176	7569000	8199900	8248600	8731500
177	7569300	8199900	8249400	8731700
178	7568800	8198400	8247100	8730900
179	7569200	8200300	8249100	8731400
180	7568600	8199200	8248300	8730700
181	7568900	8199600	8248700	8730900
182	7568700	8199700	8248600	8731100
183	7568800	8199800	8247200	8731300
184	7568400	8199100	8248000	8729900
185	7568700	8199800	8248200	8731100
186	7569000	8199800	8247100	8731400
187	7569300	8200600	8249400	8731800
188	7568400	8195000	8247100	8730800
189	7568900	8200200	8249000	8731200
190	7568600	8199400	8247200	8731000
191	7569100	8200000	8248900	8730800
192	7569100	8199700	8247800	8731500
193	7569400	8302400	8248100	8731500
194	7569200	8199500	8247700	8730700
195	7569100	8199700	8248200	8731200
196	7568900	8199400	8247100	8731100
197	7568800	8199900	8248900	8731000
198	7568600	8199200	8247600	8731200
199	7568700	8199600	8248500	8730500
200	7568200	8198800	8247300	8730700
201	7568400	8199400	8247500	8731100
202	7568900	8199700	8248700	8731100
203	7568900	8200100	8248800	8731200
204	7569100	8199900	8248400	8730900
205	7568200	8199200	8248100	8730500
206	7568300	8198600	8246700	8729900
207	7568300	8199200	8248000	8730400
208	7568200	8199100	8247800	8730700
209	7568100	8198700	8246500	8730300
210	7567700	8198200	8246700	8729600
211	7568300	8199500	8248100	8730600
212	7568000	8198400	8246400	8729700
213	7568100	8199100	8247900	8730900
214	7568700	8199500	8248800	8731100
215	7568400	8199100	8247800	8730200
216	7568500	8199400	8247300	8731100
217	7567800	8198800	8247100	8730600
218	7568200	8198900	8248000	8730500
219	7568100	8198800	8247900	8730400
220	7568200	8198700	8248100	8730600
221	7568100	8198500	8246400	8729900
222	7567900	8198300	8247100	8730100
223	7568800	8200000	8248900	8731100
224	7568500	8199000	8247100	8731000
225	7568400	8199200	8248300	8730500
226	7568900	8199500	8248500	8731000
227	7568000	8198900	8247500	8729900
228	7569200	8199700	8248600	8731200
229	7569000	8199300	8247600	8731100
230	7568700	8199300	8248400	8730500
231	7568200	8199100	8248000	8730600
232	7567700	8198400	8247300	8729900
233	7567800	8198500	8246900	8730200
234	7568400	8198600	8246900	8730100
235	7568400	8199000	8247300	8730100
236	7567800	8198600	8247100	8730500
237	7567800	8198500	8247800	8730100
238	7568400	8198800	8247600	8730600
239	7568600	8199300	8248200	8730400
240	7568500	8198800	8246500	8730800
241	7568600	8199200	8247800	8730500
242	7568600	8199100	8247600	8731000
243	7568700	8199700	8248600	8730800
244	7569000	8199300	8247600	8731500
245	7569100	8199900	8248700	8731100
246	7568600	8199400	8248400	8731000
247	7568500	8199100	8248100	8730800
248	7568800	8199100	8247300	8730700
249	7568200	8199100	8247300	8731100
250	7568100	8198700	8247100	8730900
251	7569000	8200000	8248900	8731200
252	7568800	8199200	8247800	8731500
253	7569100	8199700	8248100	8731400
254	7568700	8198900	8247500	8730400
255	7569000	8199900	8247200	8731300
256	7568300	8198800	8248000	8730200
257	7568200	8198600	8247700	8730400
258	7568500	8199300	8248200	8731100
259	7568300	8198900	8246200	8730500
260	7567900	8195000	8246300	8730500
261	7567800	8198600	8247600	8729800
262	7568600	8199200	8248100	8730500
263	7568900	8199500	8247500	8730700
264	7568900	8199700	8248600	8731100
265	7568100	8198900	8247100	8730400
266	7568700	8301600	8248500	8730900
267	7568500	8301500	8247800	8731100
268	7568900	8301600	8247600	8731200
269	7569100	8199600	8248600	8730500
270	7568900	8199100	8247400	8730900
271	7568800	8199500	8246700	8731000
272	7569100	8199200	8248500	8731300
273	7569000	8199700	8248400	8730800
274	7568600	8199000	8248200	8730800
275	7568900	8199600	8246800	8730900
276	7568800	8199400	8248000	8731100
277	7569000	8199800	8248700	8731100
278	7569200	8200000	8248900	8731300
279	7569000	8199400	8247600	8731300
280	7569100	8302300	8248800	8730800
281	7569000	8302100	8248200	8730700
282	7569400	8302300	8247400	8731600
283	7568600	8301700	8246600	8730900
284	7568800	8301700	8247600	8731200
285	7569300	8302500	8248900	8730900
286	7568800	8199300	8247400	8731100
287	7568600	8199500	8246700	8730800
288	7569100	8199700	8248800	8731200
289	7568700	8199500	8248100	8730500
290	7568700	8199100	8247300	8730400
291	7568700	8199500	8247800	8731200
292	7569400	8199700	8248200	8731500
293	7569000	8199600	8247100	8731000
294	7569000	8199800	8248900	8731000
295	7569000	8199600	8247500	8731300
296	7569100	8200000	8248900	8731300
297	7569300	8199700	8248100	8731700
298	7569300	8199800	8248000	8731100
299	7569400	8200300	8249000	8731500
300	7568700	8199200	8247300	8730900
301	7568700	8199500	8247900	8731100
302	7568900	8199500	8249000	8730800
303	7568700	8199400	8247200	8730900
304	7568900	8199700	8248800	8730700
305	7569500	8200200	8248800	8731200
306	7569400	8200200	8249200	8731200
307	7569400	8200200	8249500	8731200
308	7569000	8198200	8248800	8731000
309	7568700	8199500	8248200	8730300
310	7568500	8198600	8246700	8730200
311	7568600	8199300	8248200	8730600
312	7568300	8198600	8246400	8730400
313	7568900	8199700	8248300	8731100
314	7569600	8200200	8249300	8731800
315	7569400	8200200	8248600	8731900
316	7568700	8199300	8247600	8731200
317	7568800	8199700	8248500	8730500
318	7568800	8199500	8248100	8730700
319	7569500	8200200	8248000	8731200
320	7569900	8200600	8249200	8732300
321	7569000	8302400	8249000	8730900
322	7568700	8301300	8247100	8730900
323	7568600	8301800	8248400	8730600
324	7568700	8301700	8248400	8731000
325	7569000	8199600	8248500	8731300
326	7568400	8199100	8247900	8730500
327	7569000	8199600	8248800	8731300
328	7568200	8198400	8247400	8729900
329	7568700	8199000	8246900	8731100
330	7568500	8198900	8247600	8730200
331	7568900	8199500	8248600	8730500
332	7568700	8199100	8247400	8730800
333	7568700	8199300	8246900	8730700
334	7569000	8199300	8248000	8730500
335	7569000	8199700	8248700	8731200
336	7568800	8199400	8248500	8731100
337	7568800	8199500	8248400	8730500
338	7568200	8198300	8248100	8730500
339	7568200	8198500	8246700	8729900
340	7568300	8198700	8247900	8730400
341	7567900	8198600	8247900	8730200
342	7568100	8198300	8248100	8730200
343	7568900	8199400	8247200	8730400
344	7569200	8199600	8248600	8730800
345	7569100	8199600	8247600	8731200
346	7569000	8199400	8248100	8730500
347	7568400	8198800	8246900	8730100
348	7568300	8198600	8247200	8730000
349	7568000	8198600	8247700	8729600
350	7568600	8199000	8248000	8730900
351	7568400	8199000	8248000	8730800
352	7568200	8198500	8247800	8730500
353	7569000	8302100	8248200	8731400
354	7569100	8301300	8247100	8731100
355	7568600	8301900	8248800	8730800
356	7568800	8301900	8248400	8730600
357	7568800	8302100	8248600	8731100
358	7568500	8301100	8247100	8730600
359	7568500	8301600	8248400	8730600
360	7568600	8301400	8248300	8730500
361	7569400	8302600	8249100	8731500
362	7568700	8301600	8248500	8730900
363	7569000	8199800	8248700	8730700
364	7569200	8200200	8249000	8731300
365	7568700	8199300	8247300	8730900
366	7568300	8198900	8247600	8730700
367	7568500	8199100	8248200	8730000
368	7568900	8199100	8246700	8730800
369	7569000	8199800	8248700	8731100
370	7569200	8200000	8248900	8731300
371	7569300	8199400	8247700	8731300
372	7568900	8199400	8248100	8731000
373	7569300	8199400	8247600	8730700
374	7569100	8199400	8248400	8730600
375	7569200	8199800	8248800	8731000
376	7569000	8199400	8248100	8730500
377	7569300	8199500	8247700	8730900
378	7569000	8199500	8248200	8731000
379	7568900	8199300	8246700	8730600
380	7568900	8199200	8248300	8730700
381	7568900	8199500	8248200	8730800
382	7568800	8198900	8246500	8730800
383	7569100	8199500	8247700	8730700
384	7569000	8199300	8248100	8730900
385	7569100	8199300	8247200	8730200
386	7568800	8199500	8248400	8730300
387	7569100	8200000	8248800	8731000
388	7569200	8199800	8248500	8730900
389	7568900	8199600	8248200	8730400
390	7569100	8199300	8246900	8731000
391	7569700	8199900	8248300	8731100
392	7570000	8200400	8249200	8731800
393	7569800	8200500	8249500	8731300
394	7569700	8198400	8248900	8731600
395	7569600	8199800	8247900	8731700
396	7570000	8200500	8249900	8732100
397	7569900	8199100	8249000	8731800
398	7569300	8199600	8247200	8731300
399	7569300	8200000	8248600	8730900
400	7569300	8199700	8247700	8731600
401	7569400	8200100	8248500	8731800
402	7569000	8199500	8248100	8730500
403	7569200	8199300	8247500	8730900
404	7569500	8199700	8248700	8731500
405	7568900	8199800	8248800	8731200
406	7569200	8199700	8248400	8731000
407	7568900	8199800	8248600	8731500
408	7569100	8302000	8247700	8731500
409	7568400	8301600	8247900	8730800
410	7568300	8301200	8248200	8730600
411	7568300	8198600	8246200	8730500
412	7568100	8198300	8246500	8730200
413	7568200	8198700	8247200	8730100
414	7568100	8198500	8247700	8730000
415	7568300	8198900	8247500	8730700
416	7568400	8198700	8247800	8730400
417	7568100	8198500	8246900	8730300
418	7568500	8199100	8247700	8730600
419	7568800	8199700	8248200	8731500
420	7568600	8198800	8246600	8731000
421	7568300	8199000	8246900	8730700
422	7568600	8199200	8247500	8730700
423	7568300	8199200	8248000	8730900
424	7568100	8198900	8247900	8730700
425	7568700	8199700	8248700	8731000
426	7568200	8199100	8248000	8730500
427	7568500	8199400	8248000	8730900
428	7568100	8198800	8247900	8730400
429	7569000	8199900	8248900	8731200
430	7568800	8199400	8247200	8731200
431	7568800	8199700	8248500	8730600
432	7568500	8301800	8248000	8730600
433	7568900	8302000	8248400	8732000
434	7568100	8301400	8247800	8729700
435	7568500	8301600	8247300	8730800
436	7568000	8301200	8247300	8730600
437	7568300	8301300	8247400	8731000
438	7568500	8301500	8246600	8730900
439	7568500	8301500	8246900	8730800
440	7568700	8199100	8247300	8730400
441	7568500	8199200	8247400	8731100
442	7568500	8198900	8246500	8730900
443	7568400	8198800	8247000	8730300
444	7568700	8199000	8246700	8731000
445	7569100	8199900	8248900	8731400
446	7568900	8199400	8247400	8731400
447	7568900	8199400	8246900	8731000
448	7568600	8198900	8247300	8730500
449	7568400	8199000	8246900	8730800
450	7568400	8198800	8246700	8730400
451	7568800	8199700	8248300	8731400
452	7568500	8199300	8247900	8730800
453	7568500	8199600	8248500	8730800
454	7568100	8198900	8247100	8730000
455	7568200	8301700	8248000	8730400
456	7568500	8301500	8247800	8730900
457	7568600	8301900	8247200	8730900
458	7568000	8198800	8247600	8729700
459	7568900	8199700	8248500	8730700
460	7568900	8199700	8247900	8730800
461	7569400	8200400	8249400	8731700
462	7568400	8198000	8246900	8730600
463	7568500	8199100	8247100	8730300
464	7568400	8199400	8248400	8730700
465	7568700	8199800	8248600	8731400
466	7568700	8199200	8247200	8731100
467	7568400	8199400	8248200	8730400
468	7568400	8198800	8246200	8730600
469	7568800	8199400	8247000	8731000
470	7568800	8199100	8247100	8731300
471	7568900	8199900	8249000	8731200
472	7568800	8199100	8247100	8730900
473	7569200	8200100	8249000	8731400
474	7568700	8198900	8247000	8730900
475	7568400	8199000	8246900	8730700
476	7568800	8199100	8247500	8730600
477	7568800	8199600	8248400	8730900
478	7568500	8199200	8248200	8730800
479	7568800	8199200	8246800	8731100
480	7568600	8199400	8248200	8731100
481	7568700	8199200	8246900	8730900
482	7569000	8199300	8247800	8730800
483	7569100	8199800	8247900	8730800
484	7568500	8199100	8248600	8730800
485	7568600	8199400	8247500	8730900
486	7568700	8199400	8248400	8730800
487	7568700	8199800	8248500	8731100
488	7568600	8199200	8247900	8730400
489	7569300	8200500	8249500	8731700
490	7568800	8198000	8248400	8731200
491	7568800	8199600	8248600	8731400
492	7569000	8199700	8247900	8731500
493	7568700	8199500	8248700	8731000
494	7569000	8199900	8248800	8731300
495	7569000	8199800	8248300	8731200
496	7569500	8200600	8249300	8732000
497	7569100	8200100	8248100	8731900
498	7569200	8200000	8247600	8731900
499	7569000	8200000	8248200	8730900

============================================================
# BITSTREAM: 1ms_3etapas.bit
# VENTANA: 1ms
# ETAPAS_PRINCIPAL: 3
# NUM_MUESTRAS: 500
# FORMATO: idx	freq1_hz	freq2_hz	freq3_hz	freq4_hz
============================================================
idx	freq1_hz	freq2_hz	freq3_hz	freq4_hz
0	0	36336000	36336000	36336000
1	36335000	36335000	36335000	36335000
2	36338000	36337000	36337000	36337000
3	36340000	36340000	36340000	36340000
4	36342000	36342000	36342000	36342000
5	36342000	36343000	36343000	36343000
6	36343000	36342000	36342000	36342000
7	36339000	36339000	36339000	36339000
8	36341000	36342000	36342000	36342000
9	36344000	36344000	36344000	36343000
10	36339000	36339000	36339000	36339000
11	36336000	36335000	36335000	36335000
12	36341000	36341000	36341000	36340000
13	36345000	36345000	36345000	36344000
14	36341000	36341000	36341000	36341000
15	36341000	36341000	36341000	36341000
16	36342000	36342000	36342000	36342000
17	36342000	36342000	36342000	36342000
18	36343000	36343000	36343000	36342000
19	36340000	36340000	36340000	36341000
20	36338000	36338000	36338000	36338000
21	36343000	36342000	36342000	36343000
22	36341000	36341000	36341000	36340000
23	36340000	36340000	36340000	36340000
24	36340000	36340000	36340000	36340000
25	36341000	36341000	36341000	36341000
26	36340000	36340000	36340000	36340000
27	36339000	36339000	36339000	36340000
28	36342000	36342000	36342000	36342000
29	36341000	36341000	36341000	36341000
30	36338000	36338000	36338000	36338000
31	36342000	36342000	36342000	36342000
32	36340000	36340000	36340000	36340000
33	36338000	36337000	36337000	36337000
34	36336000	36336000	36336000	36336000
35	36339000	36339000	36339000	36340000
36	36340000	36340000	36340000	36340000
37	36342000	36342000	36342000	36342000
38	36339000	36339000	36339000	36339000
39	36336000	36337000	36337000	36337000
40	36336000	36336000	36336000	36336000
41	36340000	36340000	36340000	36340000
42	36342000	36342000	36342000	36342000
43	36341000	36341000	36341000	36341000
44	36341000	36341000	36341000	36340000
45	36342000	36342000	36342000	36343000
46	36342000	36342000	36341000	36341000
47	36336000	36336000	36336000	36336000
48	36335000	36334000	36334000	36334000
49	36335000	36335000	36335000	36335000
50	36334000	36335000	36335000	36335000
51	36336000	36336000	36336000	36336000
52	36338000	36339000	36339000	36339000
53	36340000	36340000	36340000	36340000
54	36342000	36342000	36342000	36342000
55	36340000	36340000	36340000	36340000
56	36340000	36340000	36340000	36340000
57	36338000	36338000	36338000	36338000
58	36338000	36338000	36338000	36336000
59	36338000	36338000	36338000	36338000
60	36341000	36341000	36341000	36340000
61	36345000	36344000	36344000	36344000
62	36338000	36339000	36339000	36339000
63	36339000	36338000	36338000	36338000
64	36342000	36342000	36342000	36341000
65	36343000	36343000	36343000	36343000
66	36336000	36336000	36335000	36335000
67	36334000	36334000	36334000	36334000
68	36334000	36334000	36334000	36334000
69	36338000	36337000	36337000	36337000
70	36335000	36335000	36335000	36335000
71	36338000	36338000	36338000	36338000
72	36336000	36336000	36336000	36336000
73	36335000	36335000	36335000	36335000
74	36339000	36339000	36339000	36338000
75	36343000	36343000	36343000	36343000
76	36340000	36340000	36341000	36339000
77	36340000	36340000	36340000	36340000
78	36340000	36340000	36340000	36340000
79	36343000	36343000	36343000	36343000
80	36345000	36346000	36346000	36346000
81	36340000	36341000	36341000	36341000
82	36333000	36333000	36333000	36333000
83	36341000	36342000	36342000	36342000
84	36338000	36338000	36338000	36338000
85	36345000	36346000	36346000	36346000
86	36338000	36339000	36339000	36339000
87	36337000	36337000	36337000	36338000
88	36338000	36338000	36338000	36338000
89	36337000	36337000	36337000	36337000
90	36338000	36338000	36338000	36338000
91	36344000	36344000	36344000	36344000
92	36340000	36340000	36340000	36341000
93	36339000	36339000	36339000	36338000
94	36337000	36337000	36337000	36337000
95	36338000	36339000	36339000	36339000
96	36342000	36343000	36343000	36343000
97	36341000	36342000	36342000	36341000
98	36341000	36341000	36341000	36343000
99	36342000	36342000	36342000	36342000
100	36339000	36338000	36338000	36338000
101	36341000	36341000	36341000	36341000
102	36337000	36336000	36336000	36336000
103	36343000	36343000	36343000	36343000
104	36346000	36346000	36346000	36346000
105	36343000	36344000	36344000	36344000
106	36338000	36338000	36338000	36338000
107	36338000	36337000	36337000	36337000
108	36341000	36341000	36341000	36341000
109	36347000	36348000	36348000	36348000
110	36338000	36338000	36338000	36338000
111	36339000	36339000	36339000	36339000
112	36339000	36339000	36339000	36339000
113	36342000	36342000	36342000	36340000
114	36340000	36340000	36340000	36340000
115	36344000	36344000	36344000	36344000
116	36342000	36342000	36342000	36343000
117	36340000	36340000	36340000	36340000
118	36342000	36342000	36342000	36342000
119	36343000	36342000	36342000	36342000
120	36340000	36340000	36340000	36340000
121	36342000	36342000	36342000	36342000
122	36343000	36343000	36343000	36343000
123	36345000	36344000	36344000	36345000
124	36344000	36344000	36344000	36344000
125	36348000	36348000	36348000	36348000
126	36342000	36341000	36341000	36341000
127	36344000	36345000	36345000	36345000
128	36339000	36339000	36339000	36338000
129	36338000	36338000	36338000	36338000
130	36342000	36341000	36341000	36341000
131	36343000	36344000	36344000	36344000
132	36339000	36340000	36340000	36340000
133	36339000	36340000	36340000	36340000
134	36343000	36343000	36343000	36343000
135	36340000	36340000	36340000	36340000
136	36343000	36343000	36343000	36343000
137	36344000	36344000	36344000	36345000
138	36347000	36347000	36347000	36347000
139	36346000	36346000	36346000	36346000
140	36344000	36345000	36345000	36345000
141	36345000	36345000	36345000	36345000
142	36348000	36348000	36348000	36348000
143	36345000	36344000	36344000	36344000
144	36339000	36339000	36339000	36338000
145	36335000	36335000	36335000	36335000
146	36340000	36340000	36340000	36340000
147	36336000	36336000	36336000	36336000
148	36341000	36341000	36341000	36340000
149	36340000	36340000	36340000	36340000
150	36345000	36345000	36345000	36345000
151	36349000	36348000	36348000	36348000
152	36348000	36348000	36348000	36348000
153	36344000	36343000	36343000	36344000
154	36346000	36345000	36345000	36345000
155	36343000	36343000	36343000	36343000
156	36342000	36343000	36343000	36343000
157	36342000	36342000	36342000	36342000
158	36339000	36339000	36339000	36339000
159	36341000	36341000	36341000	36341000
160	36336000	36337000	36337000	36337000
161	36336000	36336000	36336000	36336000
162	36337000	36338000	36338000	36338000
163	36338000	36339000	36339000	36339000
164	36338000	36337000	36337000	36337000
165	36334000	36334000	36334000	36335000
166	36335000	36335000	36335000	36335000
167	36341000	36341000	36341000	36341000
168	36335000	36335000	36335000	36335000
169	36339000	36339000	36339000	36339000
170	36336000	36336000	36336000	36337000
171	36335000	36335000	36335000	36336000
172	36339000	36339000	36339000	36339000
173	36333000	36333000	36333000	36333000
174	36336000	36336000	36336000	36336000
175	36339000	36338000	36338000	36338000
176	36335000	36335000	36335000	36335000
177	36333000	36333000	36333000	36333000
178	36331000	36331000	36331000	36331000
179	36335000	36335000	36335000	36335000
180	36332000	36332000	36332000	36332000
181	36333000	36333000	36333000	36333000
182	36333000	36333000	36333000	36333000
183	36334000	36334000	36334000	36334000
184	36336000	36336000	36336000	36336000
185	36338000	36338000	36338000	36338000
186	36341000	36341000	36341000	36342000
187	36335000	36335000	36335000	36335000
188	36338000	36338000	36338000	36338000
189	36338000	36337000	36337000	36337000
190	36335000	36335000	36335000	36334000
191	36334000	36334000	36334000	36335000
192	36338000	36338000	36338000	36338000
193	36335000	36335000	36335000	36334000
194	36337000	36337000	36337000	36337000
195	36338000	36337000	36337000	36337000
196	36337000	36337000	36337000	36337000
197	36334000	36334000	36334000	36334000
198	36338000	36338000	36338000	36338000
199	36336000	36336000	36336000	36336000
200	36338000	36338000	36338000	36338000
201	36338000	36338000	36338000	36338000
202	36334000	36334000	36334000	36334000
203	36341000	36340000	36340000	36340000
204	36338000	36338000	36338000	36338000
205	36336000	36335000	36335000	36335000
206	36338000	36338000	36338000	36338000
207	36340000	36340000	36340000	36339000
208	36336000	36336000	36336000	36336000
209	36335000	36335000	36335000	36335000
210	36340000	36340000	36340000	36340000
211	36341000	36341000	36341000	36341000
212	36337000	36338000	36338000	36338000
213	36343000	36343000	36342000	36342000
214	36339000	36338000	36338000	36338000
215	36334000	36334000	36334000	36333000
216	36340000	36340000	36340000	36340000
217	36336000	36337000	36337000	36337000
218	36337000	36337000	36337000	36337000
219	36336000	36337000	36337000	36337000
220	36329000	36329000	36329000	36330000
221	36333000	36333000	36334000	36334000
222	36335000	36335000	36335000	36335000
223	36337000	36337000	36337000	36337000
224	36337000	36337000	36337000	36336000
225	36333000	36333000	36333000	36334000
226	36337000	36337000	36337000	36337000
227	36333000	36334000	36334000	36334000
228	36335000	36335000	36335000	36335000
229	36338000	36338000	36338000	36338000
230	36338000	36338000	36338000	36338000
231	36336000	36335000	36335000	36335000
232	36336000	36336000	36336000	36336000
233	36335000	36335000	36335000	36335000
234	36336000	36336000	36336000	36337000
235	36337000	36337000	36337000	36337000
236	36337000	36337000	36337000	36337000
237	36336000	36336000	36336000	36336000
238	36336000	36336000	36336000	36335000
239	36336000	36336000	36336000	36336000
240	36343000	36342000	36342000	36342000
241	36340000	36340000	36340000	36340000
242	36343000	36343000	36343000	36343000
243	36340000	36340000	36340000	36340000
244	36341000	36341000	36341000	36340000
245	36338000	36338000	36338000	36338000
246	36338000	36338000	36338000	36339000
247	36346000	36346000	36346000	36346000
248	36346000	36346000	36346000	36346000
249	36341000	36341000	36341000	36341000
250	36340000	36340000	36340000	36340000
251	36346000	36346000	36346000	36345000
252	36342000	36342000	36342000	36342000
253	36345000	36345000	36345000	36345000
254	36344000	36343000	36343000	36343000
255	36341000	36340000	36340000	36340000
256	36338000	36338000	36338000	36338000
257	36338000	36338000	36338000	36338000
258	36341000	36341000	36341000	36341000
259	36345000	36345000	36345000	36344000
260	36341000	36341000	36341000	36341000
261	36342000	36342000	36342000	36343000
262	36341000	36342000	36342000	36342000
263	36342000	36342000	36342000	36342000
264	36344000	36344000	36344000	36343000
265	36345000	36344000	36344000	36344000
266	36341000	36342000	36342000	36342000
267	36341000	36341000	36341000	36341000
268	36337000	36338000	36338000	36338000
269	36342000	36342000	36341000	36341000
270	36340000	36340000	36340000	36340000
271	36340000	36340000	36340000	36340000
272	36335000	36335000	36335000	36336000
273	36345000	36345000	36345000	36345000
274	36340000	36340000	36340000	36339000
275	36338000	36338000	36338000	36338000
276	36349000	36349000	36349000	36349000
277	36349000	36348000	36348000	36348000
278	36347000	36347000	36347000	36347000
279	36339000	36339000	36340000	36340000
280	36342000	36342000	36342000	36342000
281	36337000	36337000	36337000	36337000
282	36345000	36344000	36344000	36344000
283	36339000	36339000	36339000	36339000
284	36341000	36340000	36340000	36341000
285	36343000	36342000	36342000	36342000
286	36340000	36340000	36340000	36340000
287	36344000	36343000	36343000	36344000
288	36340000	36340000	36340000	36340000
289	36342000	36342000	36342000	36342000
290	36341000	36341000	36341000	36341000
291	36342000	36341000	36341000	36341000
292	36339000	36339000	36339000	36340000
293	36342000	36342000	36342000	36342000
294	36339000	36340000	36340000	36340000
295	36339000	36339000	36339000	36339000
296	36340000	36340000	36340000	36340000
297	36339000	36339000	36339000	36339000
298	36338000	36338000	36338000	36338000
299	36336000	36336000	36336000	36336000
300	36337000	36337000	36337000	36337000
301	36331000	36331000	36331000	36331000
302	36332000	36332000	36332000	36332000
303	36333000	36333000	36333000	36333000
304	36336000	36336000	36338000	36336000
305	36339000	36339000	36339000	36340000
306	36343000	36343000	36343000	36343000
307	36341000	36340000	36340000	36340000
308	36338000	36338000	36338000	36338000
309	36337000	36337000	36337000	36337000
310	36341000	36341000	36341000	36341000
311	36336000	36336000	36336000	36336000
312	36345000	36345000	36345000	36344000
313	36342000	36342000	36343000	36343000
314	36337000	36337000	36337000	36337000
315	36340000	36340000	36340000	36340000
316	36339000	36339000	36339000	36339000
317	36342000	36342000	36342000	36342000
318	36335000	36335000	36335000	36335000
319	36341000	36341000	36341000	36341000
320	36346000	36347000	36346000	36346000
321	36337000	36337000	36337000	36337000
322	36344000	36344000	36344000	36344000
323	36343000	36343000	36343000	36343000
324	36342000	36342000	36342000	36342000
325	36337000	36338000	36338000	36338000
326	36345000	36344000	36344000	36344000
327	36342000	36342000	36342000	36342000
328	36340000	36340000	36340000	36340000
329	36342000	36342000	36342000	36342000
330	36342000	36342000	36342000	36342000
331	36343000	36343000	36343000	36342000
332	36341000	36342000	36342000	36342000
333	36343000	36343000	36343000	36343000
334	36339000	36339000	36339000	36339000
335	36334000	36334000	36334000	36335000
336	36337000	36336000	36336000	36336000
337	36344000	36344000	36344000	36344000
338	36344000	36343000	36343000	36343000
339	36339000	36339000	36339000	36339000
340	36343000	36343000	36343000	36343000
341	36346000	36346000	36346000	36346000
342	36338000	36338000	36338000	36338000
343	36344000	36344000	36344000	36344000
344	36343000	36343000	36343000	36340000
345	36344000	36343000	36344000	36344000
346	36344000	36344000	36344000	36344000
347	36341000	36341000	36341000	36341000
348	36334000	36334000	36334000	36334000
349	36336000	36336000	36336000	36337000
350	36343000	36343000	36343000	36343000
351	36339000	36339000	36339000	36339000
352	36347000	36347000	36347000	36347000
353	36345000	36344000	36344000	36344000
354	36341000	36342000	36342000	36342000
355	36342000	36343000	36343000	36343000
356	36342000	36342000	36342000	36341000
357	36340000	36341000	36341000	36340000
358	36339000	36338000	36338000	36339000
359	36343000	36343000	36343000	36343000
360	36341000	36341000	36341000	36341000
361	36338000	36338000	36338000	36338000
362	36338000	36339000	36339000	36339000
363	36340000	36340000	36340000	36340000
364	36336000	36336000	36336000	36336000
365	36337000	36337000	36337000	36337000
366	36337000	36337000	36337000	36337000
367	36334000	36334000	36334000	36334000
368	36334000	36334000	36334000	36335000
369	36333000	36333000	36334000	36334000
370	36335000	36335000	36335000	36335000
371	36335000	36334000	36334000	36335000
372	36336000	36336000	36336000	36336000
373	36340000	36340000	36340000	36340000
374	36335000	36335000	36335000	36334000
375	36339000	36339000	36339000	36340000
376	36342000	36342000	36342000	36342000
377	36340000	36340000	36340000	36340000
378	36340000	36340000	36340000	36340000
379	36338000	36337000	36337000	36337000
380	36344000	36343000	36343000	36343000
381	36338000	36338000	36338000	36339000
382	36336000	36336000	36336000	36336000
383	36334000	36334000	36333000	36333000
384	36337000	36337000	36337000	36337000
385	36335000	36335000	36335000	36335000
386	36333000	36334000	36334000	36334000
387	36334000	36333000	36333000	36333000
388	36337000	36337000	36337000	36337000
389	36338000	36338000	36338000	36338000
390	36333000	36333000	36333000	36333000
391	36335000	36335000	36335000	36335000
392	36336000	36336000	36336000	36336000
393	36336000	36336000	36336000	36336000
394	36337000	36337000	36337000	36336000
395	36334000	36334000	36334000	36335000
396	36336000	36335000	36335000	36336000
397	36337000	36337000	36337000	36336000
398	36336000	36336000	36336000	36335000
399	36339000	36338000	36338000	36339000
400	36336000	36336000	36336000	36335000
401	36336000	36336000	36336000	36336000
402	36337000	36337000	36337000	36337000
403	36338000	36338000	36338000	36338000
404	36341000	36342000	36342000	36342000
405	36338000	36338000	36338000	36338000
406	36336000	36336000	36336000	36336000
407	36343000	36344000	36344000	36344000
408	36340000	36340000	36340000	36339000
409	36336000	36337000	36337000	36337000
410	36343000	36343000	36343000	36343000
411	36341000	36341000	36341000	36341000
412	36344000	36344000	36344000	36344000
413	36346000	36346000	36346000	36345000
414	36343000	36343000	36343000	36343000
415	36340000	36340000	36340000	36340000
416	36345000	36344000	36344000	36344000
417	36343000	36343000	36343000	36342000
418	36340000	36340000	36340000	36341000
419	36335000	36335000	36335000	36335000
420	36341000	36341000	36341000	36341000
421	36338000	36338000	36338000	36338000
422	36335000	36335000	36335000	36335000
423	36341000	36342000	36342000	36342000
424	36336000	36337000	36337000	36337000
425	36338000	36338000	36338000	36337000
426	36335000	36335000	36335000	36335000
427	36337000	36337000	36337000	36337000
428	36335000	36335000	36335000	36335000
429	36338000	36338000	36338000	36338000
430	36333000	36333000	36333000	36333000
431	36337000	36337000	36337000	36337000
432	36338000	36338000	36338000	36338000
433	36340000	36340000	36340000	36340000
434	36346000	36345000	36345000	36345000
435	36346000	36346000	36346000	36346000
436	36342000	36341000	36341000	36341000
437	36344000	36343000	36343000	36343000
438	36340000	36340000	36340000	36340000
439	36340000	36340000	36340000	36340000
440	36335000	36335000	36335000	36334000
441	36340000	36340000	36340000	36340000
442	36337000	36338000	36338000	36338000
443	36340000	36340000	36340000	36339000
444	36339000	36339000	36339000	36339000
445	36342000	36343000	36343000	36342000
446	36339000	36339000	36339000	36339000
447	36339000	36339000	36339000	36339000
448	36338000	36338000	36338000	36338000
449	36340000	36340000	36340000	36340000
450	36338000	36338000	36338000	36338000
451	36340000	36340000	36340000	36340000
452	36341000	36341000	36341000	36341000
453	36341000	36340000	36340000	36341000
454	36340000	36341000	36341000	36341000
455	36343000	36343000	36343000	36343000
456	36346000	36345000	36345000	36345000
457	36349000	36349000	36349000	36349000
458	36344000	36344000	36344000	36344000
459	36346000	36346000	36346000	36345000
460	36343000	36343000	36343000	36343000
461	36344000	36345000	36345000	36347000
462	36345000	36345000	36345000	36346000
463	36343000	36343000	36343000	36344000
464	36342000	36342000	36342000	36342000
465	36343000	36343000	36343000	36343000
466	36343000	36343000	36343000	36343000
467	36343000	36343000	36343000	36343000
468	36344000	36344000	36344000	36345000
469	36341000	36341000	36341000	36341000
470	36343000	36343000	36343000	36343000
471	36339000	36339000	36339000	36338000
472	36343000	36343000	36343000	36343000
473	36338000	36338000	36338000	36338000
474	36335000	36336000	36336000	36336000
475	36333000	36334000	36334000	36334000
476	36341000	36341000	36341000	36341000
477	36337000	36337000	36337000	36337000
478	36339000	36339000	36339000	36339000
479	36339000	36340000	36340000	36340000
480	36341000	36341000	36341000	36341000
481	36342000	36342000	36342000	36341000
482	36343000	36343000	36343000	36343000
483	36344000	36343000	36343000	36343000
484	36344000	36345000	36345000	36345000
485	36344000	36345000	36345000	36345000
486	36343000	36343000	36343000	36343000
487	36343000	36343000	36343000	36343000
488	36341000	36341000	36341000	36341000
489	36339000	36339000	36339000	36339000
490	36338000	36337000	36337000	36337000
491	36341000	36342000	36342000	36342000
492	36339000	36339000	36339000	36339000
493	36337000	36338000	36338000	36338000
494	36339000	36339000	36339000	36339000
495	36337000	36338000	36338000	36338000
496	36337000	36337000	36337000	36338000
497	36341000	36341000	36341000	36341000
498	36338000	36338000	36338000	36338000
499	36339000	36339000	36339000	36339000

============================================================
# BITSTREAM: 1ms_5etapas.bit
# VENTANA: 1ms
# ETAPAS_PRINCIPAL: 5
# NUM_MUESTRAS: 500
# FORMATO: idx	freq1_hz	freq2_hz	freq3_hz	freq4_hz
============================================================
idx	freq1_hz	freq2_hz	freq3_hz	freq4_hz
0	34807000	34808000	34807000	34807000
1	34809000	34809000	34809000	34809000
2	34811000	34811000	34811000	34812000
3	34807000	34807000	34807000	34807000
4	34810000	34810000	34810000	34810000
5	34814000	34814000	34814000	34814000
6	34809000	34809000	34809000	34809000
7	34815000	34815000	34815000	34815000
8	34805000	34805000	34805000	34805000
9	34811000	34810000	34811000	34811000
10	34809000	34809000	34809000	34809000
11	34813000	34813000	34813000	34813000
12	34807000	34807000	34807000	34807000
13	34808000	34808000	34808000	34808000
14	34813000	34813000	34813000	34813000
15	34805000	34805000	34805000	34805000
16	34808000	34808000	34808000	34808000
17	34809000	34809000	34809000	34809000
18	34808000	34807000	34808000	34808000
19	34806000	34806000	34806000	34806000
20	34811000	34811000	34811000	34811000
21	34806000	34806000	34806000	34806000
22	34807000	34807000	34807000	34806000
23	34807000	34807000	34807000	34807000
24	34805000	34806000	34805000	34806000
25	34806000	34806000	34806000	34806000
26	34807000	34807000	34807000	34807000
27	34810000	34810000	34810000	34809000
28	34812000	34812000	34812000	34812000
29	34810000	34810000	34810000	34811000
30	34814000	34814000	34814000	34814000
31	34814000	34814000	34814000	34814000
32	34807000	34807000	34807000	34807000
33	34808000	34808000	34808000	34808000
34	34808000	34808000	34808000	34809000
35	34802000	34802000	34802000	34802000
36	34803000	34803000	34803000	34803000
37	34804000	34804000	34804000	34804000
38	34804000	34804000	34804000	34804000
39	34810000	34810000	34810000	34810000
40	34808000	34808000	34808000	34808000
41	34807000	34807000	34807000	34808000
42	34807000	34808000	34807000	34807000
43	34808000	34808000	34808000	34808000
44	34808000	34808000	34808000	34808000
45	34808000	34808000	34808000	34808000
46	34808000	34808000	34808000	34808000
47	34804000	34804000	34804000	34804000
48	34798000	34798000	34798000	34798000
49	34804000	34805000	34804000	34805000
50	34805000	34805000	34805000	34805000
51	34809000	34810000	34809000	34809000
52	34811000	34811000	34811000	34811000
53	34805000	34805000	34805000	34804000
54	34807000	34807000	34807000	34807000
55	34803000	34803000	34803000	34803000
56	34801000	34801000	34801000	34801000
57	34806000	34806000	34806000	34806000
58	34809000	34809000	34809000	34809000
59	34809000	34809000	34809000	34809000
60	34805000	34805000	34805000	34805000
61	34807000	34807000	34807000	34806000
62	34799000	34799000	34799000	34800000
63	34802000	34802000	34802000	34802000
64	34803000	34803000	34803000	34803000
65	34803000	34803000	34803000	34802000
66	34804000	34805000	34804000	34804000
67	34808000	34808000	34808000	34808000
68	34808000	34808000	34809000	34809000
69	34808000	34807000	34808000	34808000
70	34804000	34804000	34804000	34803000
71	34811000	34811000	34811000	34811000
72	34806000	34806000	34806000	34806000
73	34804000	34804000	34804000	34804000
74	34804000	34804000	34804000	34804000
75	34806000	34806000	34806000	34806000
76	34810000	34810000	34810000	34810000
77	34812000	34812000	34812000	34812000
78	34808000	34808000	34808000	34808000
79	34809000	34809000	34809000	34809000
80	34810000	34810000	34810000	34810000
81	34809000	34809000	34809000	34809000
82	34812000	34812000	34812000	34812000
83	34811000	34811000	34811000	34810000
84	34812000	34812000	34812000	34812000
85	34809000	34808000	34809000	34808000
86	34803000	34803000	34803000	34804000
87	34806000	34806000	34806000	34806000
88	34808000	34808000	34808000	34808000
89	34810000	34810000	34810000	34810000
90	34814000	34814000	34814000	34814000
91	34811000	34811000	34811000	34811000
92	34812000	34812000	34812000	34812000
93	34815000	34815000	34815000	34814000
94	34811000	34811000	34811000	34811000
95	34814000	34814000	34814000	34814000
96	34812000	34812000	34812000	34812000
97	34809000	34809000	34809000	34809000
98	34810000	34810000	34809000	34809000
99	34807000	34807000	34807000	34807000
100	34808000	34807000	34808000	34808000
101	34806000	34806000	34806000	34806000
102	34807000	34807000	34807000	34806000
103	34809000	34809000	34809000	34809000
104	34806000	34806000	34806000	34806000
105	34811000	34811000	34811000	34811000
106	34808000	34808000	34807000	34807000
107	34808000	34808000	34808000	34808000
108	34808000	34808000	34808000	34808000
109	34804000	34804000	34804000	34804000
110	34808000	34808000	34808000	34808000
111	34815000	34815000	34815000	34815000
112	34813000	34813000	34813000	34813000
113	34810000	34810000	34810000	34810000
114	34811000	34811000	34811000	34811000
115	34809000	34809000	34809000	34809000
116	34806000	34806000	34806000	34806000
117	34809000	34809000	34809000	34809000
118	34808000	34808000	34808000	34808000
119	34809000	34809000	34809000	34809000
120	34808000	34808000	34808000	34808000
121	34804000	34805000	34804000	34804000
122	34805000	34806000	34805000	34805000
123	34805000	34805000	34805000	34804000
124	34811000	34811000	34811000	34811000
125	34807000	34807000	34807000	34807000
126	34807000	34807000	34807000	34807000
127	34801000	34802000	34801000	34801000
128	34802000	34802000	34802000	34802000
129	34802000	34802000	34802000	34802000
130	34807000	34807000	34807000	34807000
131	34805000	34805000	34805000	34805000
132	34808000	34808000	34808000	34808000
133	34808000	34808000	34808000	34808000
134	34809000	34809000	34809000	34809000
135	34810000	34811000	34810000	34810000
136	34811000	34811000	34811000	34811000
137	34809000	34808000	34809000	34809000
138	34808000	34809000	34808000	34808000
139	34808000	34808000	34808000	34808000
140	34809000	34809000	34809000	34809000
141	34806000	34806000	34806000	34806000
142	34805000	34805000	34805000	34805000
143	34808000	34808000	34808000	34808000
144	34808000	34808000	34808000	34808000
145	34813000	34813000	34813000	34813000
146	34811000	34811000	34811000	34811000
147	34813000	34813000	34813000	34813000
148	34806000	34806000	34806000	34806000
149	34804000	34804000	34804000	34804000
150	34806000	34806000	34806000	34806000
151	34809000	34809000	34809000	34810000
152	34802000	34802000	34802000	34802000
153	34806000	34806000	34806000	34806000
154	34808000	34808000	34808000	34808000
155	34805000	34805000	34804000	34804000
156	34807000	34807000	34807000	34807000
157	34807000	34807000	34807000	34807000
158	34807000	34807000	34807000	34806000
159	34801000	34801000	34801000	34801000
160	34806000	34806000	34806000	34806000
161	34805000	34805000	34805000	34805000
162	34809000	34809000	34809000	34809000
163	34802000	34802000	34802000	34802000
164	34809000	34809000	34809000	34809000
165	34809000	34809000	34809000	34809000
166	34805000	34806000	34805000	34805000
167	34809000	34809000	34809000	34809000
168	34807000	34807000	34807000	34807000
169	34806000	34806000	34806000	34806000
170	34809000	34809000	34809000	34809000
171	34810000	34811000	34810000	34810000
172	34806000	34806000	34806000	34806000
173	34803000	34803000	34803000	34803000
174	34805000	34805000	34805000	34805000
175	34808000	34807000	34808000	34808000
176	34804000	34804000	34804000	34804000
177	34807000	34807000	34807000	34807000
178	34802000	34802000	34802000	34802000
179	34803000	34803000	34803000	34803000
180	34800000	34800000	34800000	34800000
181	34803000	34803000	34803000	34803000
182	34807000	34807000	34807000	34807000
183	34804000	34804000	34804000	34804000
184	34805000	34805000	34805000	34805000
185	34809000	34809000	34809000	34809000
186	34812000	34812000	34812000	34812000
187	34813000	34812000	34813000	34813000
188	34808000	34808000	34807000	34808000
189	34810000	34810000	34810000	34810000
190	34808000	34808000	34808000	34808000
191	34812000	34812000	34812000	34812000
192	34809000	34809000	34808000	34808000
193	34806000	34805000	34806000	34806000
194	34807000	34807000	34807000	34806000
195	34809000	34809000	34809000	34809000
196	34805000	34806000	34805000	34805000
197	34800000	34800000	34800000	34800000
198	34802000	34802000	34802000	34802000
199	34802000	34802000	34802000	34802000
200	34802000	34801000	34802000	34802000
201	34803000	34803000	34803000	34803000
202	34796000	34796000	34796000	34796000
203	34803000	34803000	34803000	34803000
204	34803000	34803000	34803000	34803000
205	34801000	34801000	34802000	34802000
206	34806000	34806000	34806000	34805000
207	34806000	34806000	34806000	34806000
208	34804000	34804000	34804000	34804000
209	34798000	34798000	34798000	34798000
210	34810000	34810000	34810000	34810000
211	34804000	34804000	34804000	34804000
212	34798000	34798000	34798000	34798000
213	34800000	34800000	34800000	34800000
214	34800000	34800000	34800000	34800000
215	34800000	34801000	34800000	34800000
216	34801000	34801000	34801000	34801000
217	34802000	34802000	34802000	34801000
218	34805000	34806000	34805000	34805000
219	34805000	34805000	34805000	34805000
220	34805000	34805000	34805000	34805000
221	34800000	34800000	34800000	34800000
222	34804000	34804000	34804000	34804000
223	34803000	34803000	34802000	34802000
224	34804000	34804000	34804000	34804000
225	34804000	34804000	34804000	34804000
226	34806000	34806000	34806000	34806000
227	34808000	34808000	34808000	34808000
228	34808000	34808000	34808000	34807000
229	34803000	34803000	34803000	34803000
230	34809000	34809000	34809000	34809000
231	34807000	34807000	34807000	34807000
232	34805000	34805000	34805000	34805000
233	34805000	34805000	34805000	34805000
234	34812000	34812000	34812000	34812000
235	34803000	34803000	34803000	34803000
236	34807000	34807000	34807000	34807000
237	34806000	34806000	34806000	34806000
238	34805000	34805000	34805000	34805000
239	34804000	34803000	34804000	34804000
240	34806000	34806000	34806000	34806000
241	34806000	34805000	34806000	34806000
242	34805000	34805000	34805000	34805000
243	34805000	34805000	34805000	34806000
244	34802000	34802000	34802000	34802000
245	34808000	34808000	34808000	34807000
246	34804000	34804000	34804000	34804000
247	34810000	34811000	34810000	34810000
248	34811000	34811000	34811000	34811000
249	34806000	34806000	34806000	34806000
250	34806000	34806000	34806000	34806000
251	34808000	34808000	34808000	34808000
252	34807000	34807000	34807000	34808000
253	34811000	34811000	34811000	34811000
254	34809000	34809000	34809000	34809000
255	34808000	34808000	34808000	34808000
256	34804000	34804000	34804000	34804000
257	34804000	34804000	34804000	34804000
258	34809000	34809000	34809000	34809000
259	34807000	34807000	34807000	34807000
260	34806000	34806000	34806000	34806000
261	34810000	34810000	34810000	34810000
262	34807000	34807000	34807000	34806000
263	34805000	34805000	34805000	34805000
264	34803000	34803000	34803000	34804000
265	34803000	34803000	34804000	34804000
266	34808000	34808000	34808000	34807000
267	34810000	34810000	34810000	34810000
268	34806000	34806000	34806000	34806000
269	34810000	34810000	34810000	34811000
270	34804000	34804000	34804000	34803000
271	34805000	34805000	34806000	34806000
272	34808000	34808000	34808000	34808000
273	34803000	34803000	34803000	34803000
274	34800000	34800000	34800000	34800000
275	34807000	34806000	34807000	34807000
276	34804000	34804000	34804000	34804000
277	34800000	34799000	34800000	34800000
278	34810000	34810000	34810000	34810000
279	34807000	34807000	34807000	34807000
280	34807000	34807000	34807000	34807000
281	34806000	34806000	34806000	34806000
282	34814000	34806000	34807000	34807000
283	34806000	34806000	34806000	34806000
284	34803000	34803000	34803000	34803000
285	34807000	34807000	34807000	34807000
286	34805000	34806000	34805000	34805000
287	34802000	34802000	34802000	34802000
288	34805000	34805000	34805000	34805000
289	34807000	34807000	34807000	34807000
290	34808000	34808000	34808000	34808000
291	34809000	34808000	34809000	34809000
292	34812000	34812000	34812000	34812000
293	34811000	34811000	34811000	34811000
294	34809000	34809000	34809000	34809000
295	34806000	34807000	34806000	34806000
296	34810000	34810000	34810000	34810000
297	34813000	34813000	34813000	34813000
298	34813000	34813000	34813000	34813000
299	34810000	34811000	34810000	34810000
300	34813000	34813000	34813000	34813000
301	34807000	34807000	34807000	34807000
302	34808000	34808000	34808000	34807000
303	34815000	34815000	34815000	34815000
304	34809000	34809000	34809000	34809000
305	34804000	34805000	34804000	34805000
306	34806000	34806000	34806000	34805000
307	34812000	34811000	34812000	34812000
308	34809000	34809000	34809000	34809000
309	34810000	34810000	34810000	34810000
310	34806000	34806000	34806000	34806000
311	34805000	34805000	34804000	34804000
312	34812000	34812000	34811000	34811000
313	34813000	34813000	34813000	34812000
314	34810000	34810000	34810000	34810000
315	34811000	34811000	34811000	34811000
316	34815000	34815000	34815000	34815000
317	34809000	34809000	34809000	34809000
318	34813000	34813000	34813000	34813000
319	34807000	34806000	34807000	34807000
320	34806000	34807000	34806000	34806000
321	34804000	34804000	34804000	34804000
322	34803000	34803000	34803000	34803000
323	34805000	34806000	34805000	34805000
324	34807000	34808000	34807000	34807000
325	34807000	34807000	34807000	34807000
326	34808000	34809000	34808000	34808000
327	34808000	34808000	34808000	34809000
328	34808000	34808000	34808000	34808000
329	34804000	34803000	34804000	34804000
330	34805000	34804000	34805000	34805000
331	34809000	34809000	34809000	34809000
332	34807000	34807000	34807000	34806000
333	34810000	34810000	34810000	34810000
334	34808000	34808000	34808000	34808000
335	34813000	34813000	34813000	34814000
336	34813000	34813000	34813000	34813000
337	34813000	34813000	34813000	34813000
338	34816000	34816000	34816000	34816000
339	34809000	34810000	34809000	34809000
340	34816000	34816000	34816000	34816000
341	34814000	34814000	34814000	34814000
342	34816000	34816000	34816000	34816000
343	34814000	34814000	34814000	34814000
344	34812000	34812000	34812000	34812000
345	34808000	34808000	34808000	34808000
346	34816000	34816000	34816000	34816000
347	34811000	34811000	34811000	34811000
348	34807000	34807000	34807000	34807000
349	34812000	34812000	34811000	34811000
350	34812000	34812000	34812000	34812000
351	34811000	34811000	34811000	34811000
352	34809000	34809000	34809000	34809000
353	34806000	34806000	34806000	34806000
354	34812000	34812000	34812000	34812000
355	34816000	34816000	34815000	34815000
356	34813000	34813000	34813000	34813000
357	34811000	34811000	34811000	34811000
358	34811000	34811000	34811000	34811000
359	34809000	34809000	34809000	34809000
360	34811000	34811000	34811000	34811000
361	34809000	34809000	34809000	34809000
362	34808000	34808000	34809000	34809000
363	34803000	34803000	34803000	34803000
364	34805000	34805000	34805000	34805000
365	34807000	34807000	34807000	34806000
366	34809000	34809000	34809000	34809000
367	34805000	34805000	34805000	34805000
368	34806000	34806000	34806000	34806000
369	34808000	34809000	34809000	34809000
370	34810000	34810000	34810000	34809000
371	34813000	34813000	34813000	34813000
372	34808000	34808000	34807000	34807000
373	34808000	34808000	34808000	34808000
374	34805000	34805000	34805000	34805000
375	34804000	34804000	34804000	34804000
376	34808000	34808000	34808000	34808000
377	34809000	34809000	34809000	34809000
378	34808000	34808000	34808000	34808000
379	34811000	34811000	34811000	34811000
380	34809000	34809000	34809000	34809000
381	34811000	34811000	34811000	34811000
382	34811000	34812000	34811000	34811000
383	34811000	34811000	34811000	34812000
384	34805000	34805000	34805000	34805000
385	34809000	34809000	34809000	34808000
386	34811000	34812000	34811000	34811000
387	34811000	34811000	34811000	34811000
388	34807000	34807000	34807000	34807000
389	34812000	34812000	34812000	34812000
390	34813000	34813000	34813000	34813000
391	34809000	34809000	34809000	34809000
392	34811000	34811000	34811000	34811000
393	34807000	34807000	34807000	34807000
394	34808000	34808000	34808000	34808000
395	34815000	34816000	34815000	34815000
396	34814000	34813000	34814000	34814000
397	34808000	34808000	34808000	34808000
398	34810000	34810000	34810000	34810000
399	34817000	34817000	34817000	34816000
400	34809000	34809000	34809000	34809000
401	34809000	34809000	34809000	34809000
402	34814000	34815000	34814000	34814000
403	34813000	34813000	34813000	34813000
404	34810000	34810000	34810000	34810000
405	34815000	34815000	34815000	34815000
406	34809000	34809000	34809000	34809000
407	34811000	34811000	34811000	34811000
408	34809000	34809000	34809000	34809000
409	34803000	34803000	34803000	34803000
410	34803000	34803000	34803000	34803000
411	34809000	34809000	34809000	34809000
412	34812000	34813000	34812000	34812000
413	34808000	34808000	34808000	34808000
414	34810000	34810000	34810000	34810000
415	34808000	34808000	34808000	34807000
416	34810000	34810000	34810000	34810000
417	34807000	34807000	34807000	34807000
418	34809000	34809000	34809000	34809000
419	34809000	34810000	34809000	34809000
420	34811000	34811000	34811000	34812000
421	34811000	34812000	34811000	34812000
422	34809000	34809000	34809000	34809000
423	34814000	34814000	34814000	34813000
424	34812000	34812000	34812000	34811000
425	34807000	34808000	34807000	34807000
426	34814000	34814000	34814000	34814000
427	34811000	34811000	34811000	34811000
428	34811000	34811000	34811000	34811000
429	34810000	34810000	34810000	34810000
430	34813000	34813000	34813000	34813000
431	34816000	34816000	34816000	34816000
432	34819000	34818000	34819000	34819000
433	34815000	34815000	34815000	34815000
434	34807000	34807000	34808000	34808000
435	34815000	34815000	34815000	34815000
436	34818000	34818000	34818000	34818000
437	34819000	34819000	34820000	34820000
438	34821000	34821000	34821000	34821000
439	34813000	34812000	34813000	34813000
440	34816000	34816000	34816000	34815000
441	34817000	34817000	34817000	34817000
442	34813000	34813000	34813000	34813000
443	34812000	34812000	34812000	34812000
444	34811000	34811000	34810000	34810000
445	34815000	34815000	34815000	34815000
446	34815000	34815000	34815000	34814000
447	34808000	34808000	34808000	34808000
448	34808000	34808000	34808000	34808000
449	34812000	34812000	34812000	34812000
450	34805000	34805000	34805000	34805000
451	34805000	34804000	34805000	34805000
452	34806000	34806000	34806000	34806000
453	34807000	34807000	34807000	34807000
454	34802000	34802000	34802000	34802000
455	34802000	34801000	34802000	34802000
456	34802000	34802000	34802000	34802000
457	34815000	34815000	34815000	34815000
458	34807000	34806000	34807000	34807000
459	34807000	34807000	34807000	34807000
460	34806000	34806000	34805000	34805000
461	34808000	34808000	34807000	34807000
462	34803000	34802000	34803000	34803000
463	34804000	34803000	34804000	34804000
464	34807000	34807000	34807000	34807000
465	34807000	34807000	34807000	34806000
466	34806000	34806000	34806000	34806000
467	34811000	34811000	34811000	34811000
468	34811000	34811000	34811000	34811000
469	34814000	34814000	34815000	34814000
470	34809000	34809000	34809000	34809000
471	34808000	34808000	34808000	34808000
472	34808000	34808000	34808000	34808000
473	34811000	34811000	34811000	34811000
474	34813000	34813000	34813000	34813000
475	34816000	34816000	34816000	34816000
476	34811000	34811000	34811000	34811000
477	34806000	34806000	34806000	34806000
478	34811000	34811000	34811000	34811000
479	34814000	34814000	34814000	34814000
480	34807000	34807000	34807000	34807000
481	34811000	34811000	34811000	34811000
482	34807000	34808000	34807000	34807000
483	34810000	34810000	34810000	34810000
484	34809000	34810000	34809000	34809000
485	34812000	34811000	34812000	34811000
486	34813000	34813000	34813000	34813000
487	34812000	34812000	34812000	34812000
488	34812000	34812000	34812000	34812000
489	34813000	34813000	34813000	34812000
490	34811000	34811000	34811000	34811000
491	34814000	34814000	34814000	34814000
492	34810000	34810000	34810000	34810000
493	34808000	34808000	34808000	34808000
494	34814000	34814000	34814000	34814000
495	34811000	34811000	34811000	34811000
496	34814000	34814000	34814000	34814000
497	34810000	34810000	34810000	34810000
498	34811000	34811000	34811000	34811000
499	34812000	34812000	34812000	34812000

============================================================
# BITSTREAM: 1ms_51etapas.bit
# VENTANA: 1ms
# ETAPAS_PRINCIPAL: 51
# NUM_MUESTRAS: 500
# FORMATO: idx	freq1_hz	freq2_hz	freq3_hz	freq4_hz
============================================================
idx	freq1_hz	freq2_hz	freq3_hz	freq4_hz
0	12579000	12941000	13122000	13394000
1	12579000	12942000	13124000	13396000
2	12579000	12939000	13124000	13398000
3	12579000	12941000	13124000	13398000
4	12580000	12940000	13122000	13397000
5	12581000	12942000	13124000	13396000
6	12581000	12944000	13125000	13396000
7	12579000	12942000	13124000	13397000
8	12580000	12942000	13124000	13397000
9	12578000	12938000	13122000	13396000
10	12579000	12939000	13124000	13397000
11	12579000	12939000	13123000	13396000
12	12580000	12942000	13123000	13396000
13	12578000	12941000	13122000	13394000
14	12579000	12942000	13122000	13395000
15	12579000	12941000	13124000	13397000
16	12581000	12944000	13124000	13396000
17	12579000	12939000	13124000	13400000
18	12580000	12942000	13124000	13396000
19	12578000	12940000	13123000	13397000
20	12580000	12939000	13124000	13403000
21	12580000	12941000	13124000	13398000
22	12579000	12942000	13123000	13395000
23	12579000	12942000	13123000	13395000
24	12578000	12942000	13123000	13396000
25	12580000	12943000	13125000	13397000
26	12578000	12941000	13122000	13395000
27	12577000	12932000	13127000	13403000
28	12579000	12940000	13123000	13396000
29	12579000	12938000	13122000	13399000
30	12577000	12940000	13123000	13396000
31	12578000	12940000	13123000	13397000
32	12578000	12939000	13123000	13399000
33	12579000	12941000	13123000	13397000
34	12579000	12941000	13123000	13396000
35	12579000	12942000	13124000	13397000
36	12579000	12941000	13124000	13397000
37	12578000	12940000	13124000	13397000
38	12578000	12943000	13124000	13397000
39	12580000	12942000	13124000	13395000
40	12579000	12943000	13124000	13397000
41	12579000	12935000	13124000	13403000
42	12578000	12938000	13123000	13400000
43	12578000	12942000	13123000	13398000
44	12579000	12941000	13123000	13395000
45	12578000	12934000	13124000	13404000
46	12579000	12939000	13125000	13401000
47	12578000	12941000	13122000	13394000
48	12577000	12934000	13122000	13401000
49	12578000	12940000	13122000	13394000
50	12579000	12940000	13122000	13394000
51	12579000	12941000	13124000	13396000
52	12578000	12940000	13122000	13395000
53	12578000	12942000	13124000	13397000
54	12578000	12940000	13122000	13395000
55	12580000	12940000	13124000	13399000
56	12578000	12941000	13122000	13395000
57	12578000	12938000	13122000	13395000
58	12577000	12938000	13122000	13397000
59	12577000	12940000	13122000	13395000
60	12579000	12939000	13122000	13395000
61	12578000	12941000	13121000	13394000
62	12578000	12940000	13121000	13393000
63	12579000	12941000	13123000	13396000
64	12577000	12939000	13121000	13396000
65	12577000	12936000	13124000	13399000
66	12577000	12939000	13121000	13395000
67	12579000	12941000	13122000	13395000
68	12578000	12941000	13124000	13396000
69	12578000	12940000	13123000	13396000
70	12578000	12941000	13122000	13395000
71	12577000	12937000	13123000	13397000
72	12577000	12940000	13121000	13393000
73	12578000	12940000	13121000	13393000
74	12577000	12936000	13121000	13396000
75	12578000	12936000	13121000	13395000
76	12577000	12939000	13123000	13396000
77	12576000	12932000	13118000	13396000
78	12578000	12940000	13122000	13394000
79	12577000	12940000	13122000	13394000
80	12577000	12940000	13122000	13395000
81	12577000	12935000	13123000	13399000
82	12578000	12940000	13122000	13394000
83	12578000	12941000	13123000	13395000
84	12578000	12941000	13123000	13394000
85	12578000	12938000	13123000	13398000
86	12577000	12939000	13122000	13393000
87	12578000	12941000	13123000	13396000
88	12576000	12939000	13120000	13392000
89	12577000	12939000	13121000	13393000
90	12579000	12941000	13123000	13395000
91	12578000	12940000	13123000	13395000
92	12577000	12933000	13121000	13398000
93	12579000	12940000	13124000	13399000
94	12579000	12937000	13123000	13398000
95	12578000	12938000	13123000	13396000
96	12577000	12938000	13123000	13397000
97	12578000	12941000	13122000	13395000
98	12577000	12938000	13121000	13395000
99	12578000	12938000	13122000	13392000
100	12577000	12937000	13123000	13398000
101	12577000	12935000	13124000	13399000
102	12576000	12933000	13124000	13399000
103	12578000	12927000	13121000	13402000
104	12578000	12940000	13123000	13396000
105	12576000	12925000	13119000	13402000
106	12577000	12939000	13121000	13394000
107	12577000	12938000	13121000	13396000
108	12577000	12938000	13122000	13394000
109	12577000	12939000	13119000	13393000
110	12577000	12938000	13121000	13397000
111	12579000	12923000	13121000	13407000
112	12578000	12938000	13122000	13396000
113	12578000	12940000	13121000	13393000
114	12578000	12940000	13121000	13393000
115	12576000	12933000	13123000	13398000
116	12577000	12936000	13125000	13399000
117	12577000	12935000	13122000	13399000
118	12577000	12940000	13121000	13393000
119	12578000	12937000	13121000	13396000
120	12578000	12939000	13122000	13394000
121	12577000	12935000	13123000	13399000
122	12579000	12941000	13124000	13397000
123	12577000	12928000	13121000	13402000
124	12578000	12939000	13121000	13393000
125	12579000	12940000	13124000	13397000
126	12578000	12939000	13122000	13396000
127	12577000	12940000	13121000	13398000
128	12577000	12941000	13123000	13395000
129	12576000	12938000	13120000	13393000
130	12577000	12938000	13122000	13396000
131	12577000	12939000	13122000	13394000
132	12576000	12935000	13121000	13396000
133	12576000	12938000	13120000	13392000
134	12576000	12927000	13124000	13405000
135	12577000	12938000	13122000	13397000
136	12577000	12938000	13123000	13397000
137	12578000	12935000	13122000	13397000
138	12578000	12941000	13124000	13395000
139	12578000	12939000	13123000	13397000
140	12578000	12939000	13121000	13396000
141	12578000	12940000	13122000	13394000
142	12577000	12940000	13121000	13394000
143	12576000	12937000	13121000	13395000
144	12578000	12940000	13122000	13394000
145	12577000	12935000	13123000	13398000
146	12576000	12938000	13121000	13394000
147	12576000	12931000	13121000	13399000
148	12577000	12934000	13121000	13398000
149	12577000	12932000	13120000	13399000
150	12576000	12939000	13120000	13392000
151	12576000	12934000	13120000	13396000
152	12578000	12939000	13123000	13395000
153	12575000	12938000	13119000	13391000
154	12576000	12938000	13119000	13392000
155	12576000	12935000	13123000	13396000
156	12576000	12928000	13124000	13406000
157	12578000	12937000	13122000	13397000
158	12577000	12937000	13123000	13397000
159	12576000	12936000	13120000	13394000
160	12577000	12939000	13121000	13392000
161	12577000	12933000	13123000	13400000
162	12576000	12930000	13120000	13399000
163	12576000	12939000	13121000	13394000
164	12578000	12941000	13122000	13395000
165	12576000	12933000	13122000	13398000
166	12578000	12941000	13121000	13394000
167	12578000	12938000	13123000	13397000
168	12576000	12940000	13121000	13393000
169	12577000	12940000	13122000	13393000
170	12577000	12937000	13123000	13397000
171	12577000	12937000	13121000	13395000
172	12577000	12939000	13121000	13393000
173	12577000	12936000	13121000	13398000
174	12577000	12938000	13120000	13393000
175	12576000	12933000	13122000	13400000
176	12577000	12940000	13122000	13394000
177	12577000	12937000	13122000	13397000
178	12576000	12937000	13119000	13394000
179	12576000	12939000	13120000	13392000
180	12577000	12923000	13121000	13406000
181	12577000	12939000	13122000	13396000
182	12577000	12940000	13122000	13407000
183	12576000	12940000	13120000	13394000
184	12576000	12939000	13121000	13394000
185	12576000	12935000	13123000	13398000
186	12578000	12940000	13122000	13393000
187	12576000	12926000	13123000	13404000
188	12578000	12940000	13121000	13393000
189	12576000	12935000	13121000	13398000
190	12578000	12941000	13122000	13393000
191	12576000	12938000	13121000	13394000
192	12577000	12939000	13121000	13395000
193	12577000	12940000	13121000	13392000
194	12576000	12923000	13121000	13407000
195	12577000	12938000	13121000	13395000
196	12577000	12939000	13123000	13396000
197	12577000	12940000	13122000	13393000
198	12577000	12938000	13121000	13394000
199	12578000	12940000	13122000	13395000
200	12577000	12936000	13122000	13396000
201	12578000	12940000	13122000	13395000
202	12576000	12930000	13119000	13396000
203	12577000	12939000	13121000	13395000
204	12578000	12939000	13122000	13394000
205	12575000	12933000	13121000	13397000
206	12576000	12940000	13121000	13394000
207	12577000	12936000	13122000	13398000
208	12576000	12936000	13121000	13396000
209	12577000	12939000	13122000	13394000
210	12578000	12922000	13118000	13409000
211	12576000	12930000	13124000	13402000
212	12577000	12921000	13118000	13410000
213	12576000	12937000	13120000	13395000
214	12575000	12925000	13121000	13403000
215	12576000	12938000	13120000	13392000
216	12576000	12936000	13120000	13394000
217	12574000	12927000	13120000	13400000
218	12577000	12938000	13121000	13395000
219	12579000	12923000	13122000	13411000
220	12576000	12934000	13121000	13396000
221	12575000	12929000	13119000	13397000
222	12576000	12932000	13122000	13399000
223	12577000	12939000	13121000	13394000
224	12578000	12922000	13120000	13404000
225	12576000	12932000	13125000	13401000
226	12577000	12939000	13120000	13393000
227	12577000	12938000	13122000	13394000
228	12577000	12934000	13126000	13400000
229	12576000	12935000	13121000	13397000
230	12578000	12939000	13121000	13393000
231	12576000	12939000	13121000	13394000
232	12578000	12933000	13120000	13399000
233	12577000	12938000	13120000	13396000
234	12576000	12938000	13120000	13391000
235	12578000	12940000	13122000	13394000
236	12578000	12940000	13122000	13393000
237	12576000	12927000	13121000	13402000
238	12577000	12936000	13121000	13396000
239	12576000	12925000	13123000	13404000
240	12577000	12940000	13122000	13396000
241	12579000	12940000	13123000	13396000
242	12578000	12937000	13122000	13397000
243	12577000	12939000	13121000	13395000
244	12576000	12938000	13121000	13393000
245	12578000	12941000	13122000	13394000
246	12579000	12939000	13123000	13397000
247	12578000	12939000	13121000	13396000
248	12579000	12941000	13123000	13395000
249	12578000	12941000	13121000	13394000
250	12577000	12937000	13119000	13392000
251	12576000	12939000	13122000	13394000
252	12577000	12939000	13121000	13395000
253	12576000	12934000	13123000	13398000
254	12575000	12930000	13122000	13401000
255	12577000	12941000	13121000	13394000
256	12576000	12936000	13122000	13395000
257	12578000	12932000	13121000	13400000
258	12577000	12934000	13120000	13396000
259	12577000	12931000	13124000	13403000
260	12578000	12939000	13122000	13396000
261	12578000	12938000	13121000	13396000
262	12576000	12939000	13120000	13392000
263	12577000	12936000	13123000	13396000
264	12577000	12935000	13121000	13398000
265	12579000	12937000	13123000	13399000
266	12579000	12940000	13122000	13396000
267	12578000	12936000	13125000	13400000
268	12577000	12938000	13122000	13394000
269	12577000	12934000	13121000	13398000
270	12578000	12935000	13122000	13401000
271	12577000	12936000	13121000	13398000
272	12576000	12939000	13121000	13393000
273	12576000	12937000	13121000	13396000
274	12577000	12940000	13122000	13395000
275	12577000	12939000	13122000	13393000
276	12576000	12936000	13122000	13396000
277	12578000	12938000	13123000	13397000
278	12577000	12940000	13121000	13392000
279	12576000	12940000	13122000	13394000
280	12576000	12939000	13121000	13393000
281	12577000	12938000	13123000	13397000
282	12578000	12936000	13125000	13401000
283	12578000	12938000	13124000	13399000
284	12578000	12936000	13123000	13401000
285	12579000	12939000	13124000	13400000
286	12577000	12940000	13123000	13395000
287	12577000	12939000	13122000	13396000
288	12580000	12941000	13124000	13398000
289	12580000	12941000	13124000	13397000
290	12579000	12941000	13123000	13394000
291	12579000	12939000	13122000	13397000
292	12578000	12938000	13125000	13399000
293	12578000	12936000	13123000	13399000
294	12579000	12937000	13122000	13400000
295	12579000	12939000	13122000	13397000
296	12578000	12939000	13122000	13395000
297	12578000	12939000	13121000	13395000
298	12575000	12937000	13120000	13393000
299	12576000	12940000	13122000	13394000
300	12576000	12939000	13120000	13392000
301	12577000	12934000	13122000	13399000
302	12577000	12934000	13123000	13398000
303	12577000	12939000	13123000	13396000
304	12577000	12939000	13121000	13393000
305	12578000	12940000	13121000	13393000
306	12577000	12937000	13120000	13392000
307	12576000	12932000	13123000	13401000
308	12578000	12941000	13122000	13394000
309	12578000	12941000	13122000	13395000
310	12577000	12937000	13124000	13399000
311	12579000	12941000	13123000	13398000
312	12578000	12942000	13124000	13398000
313	12577000	12937000	13123000	13399000
314	12578000	12939000	13122000	13397000
315	12579000	12940000	13122000	13396000
316	12577000	12938000	13122000	13394000
317	12578000	12940000	13122000	13395000
318	12578000	12940000	13121000	13393000
319	12580000	12942000	13123000	13395000
320	12579000	12939000	13122000	13396000
321	12579000	12941000	13123000	13396000
322	12578000	12939000	13123000	13396000
323	12578000	12940000	13123000	13397000
324	12578000	12933000	13124000	13402000
325	12577000	12939000	13122000	13396000
326	12579000	12940000	13122000	13394000
327	12578000	12939000	13121000	13397000
328	12578000	12937000	13123000	13397000
329	12579000	12940000	13122000	13395000
330	12578000	12934000	13123000	13400000
331	12578000	12941000	13122000	13394000
332	12577000	12941000	13122000	13396000
333	12577000	12927000	13122000	13404000
334	12576000	12929000	13122000	13400000
335	12578000	12940000	13122000	13396000
336	12578000	12940000	13122000	13395000
337	12575000	12934000	13121000	13398000
338	12578000	12940000	13123000	13395000
339	12577000	12936000	13122000	13397000
340	12576000	12938000	13121000	13394000
341	12578000	12935000	13123000	13400000
342	12576000	12935000	13122000	13398000
343	12576000	12939000	13122000	13396000
344	12578000	12940000	13122000	13393000
345	12576000	12933000	13121000	13396000
346	12577000	12939000	13121000	13394000
347	12577000	12940000	13121000	13394000
348	12575000	12935000	13122000	13397000
349	12576000	12928000	13121000	13402000
350	12576000	12939000	13119000	13392000
351	12578000	12940000	13122000	13394000
352	12576000	12926000	13121000	13402000
353	12578000	12939000	13123000	13396000
354	12577000	12939000	13120000	13392000
355	12577000	12940000	13123000	13396000
356	12577000	12940000	13121000	13393000
357	12578000	12940000	13122000	13396000
358	12577000	12935000	13121000	13397000
359	12577000	12939000	13121000	13395000
360	12577000	12939000	13121000	13395000
361	12577000	12939000	13120000	13393000
362	12574000	12924000	13126000	13408000
363	12577000	12936000	13119000	13394000
364	12577000	12937000	13121000	13393000
365	12576000	12939000	13120000	13393000
366	12577000	12941000	13122000	13395000
367	12577000	12940000	13122000	13394000
368	12577000	12932000	13123000	13402000
369	12576000	12935000	13123000	13397000
370	12577000	12935000	13123000	13398000
371	12576000	12938000	13120000	13392000
372	12576000	12936000	13119000	13395000
373	12576000	12937000	13121000	13396000
374	12577000	12939000	13120000	13393000
375	12575000	12935000	13120000	13396000
376	12577000	12939000	13121000	13393000
377	12577000	12941000	13122000	13395000
378	12578000	12938000	13123000	13397000
379	12578000	12940000	13121000	13393000
380	12578000	12941000	13122000	13393000
381	12578000	12940000	13122000	13393000
382	12578000	12941000	13122000	13395000
383	12578000	12931000	13122000	13401000
384	12576000	12938000	13121000	13394000
385	12577000	12937000	13120000	13394000
386	12576000	12939000	13120000	13392000
387	12576000	12923000	13119000	13404000
388	12577000	12940000	13121000	13394000
389	12577000	12939000	13121000	13392000
390	12577000	12937000	13122000	13396000
391	12577000	12922000	13120000	13408000
392	12576000	12925000	13122000	13404000
393	12577000	12939000	13120000	13392000
394	12577000	12934000	13121000	13398000
395	12578000	12939000	13120000	13392000
396	12576000	12927000	13122000	13401000
397	12578000	12941000	13123000	13395000
398	12578000	12936000	13121000	13396000
399	12576000	12936000	13121000	13396000
400	12577000	12934000	13122000	13398000
401	12577000	12933000	13123000	13401000
402	12576000	12940000	13121000	13393000
403	12577000	12937000	13120000	13394000
404	12576000	12926000	13121000	13403000
405	12576000	12931000	13120000	13398000
406	12576000	12935000	13122000	13397000
407	12576000	12939000	13120000	13392000
408	12576000	12938000	13121000	13396000
409	12575000	12929000	13118000	13398000
410	12576000	12928000	13118000	13399000
411	12576000	12929000	13122000	13400000
412	12576000	12935000	13120000	13394000
413	12576000	12937000	13121000	13395000
414	12577000	12937000	13122000	13395000
415	12576000	12937000	13122000	13396000
416	12575000	12927000	13123000	13403000
417	12575000	12934000	13120000	13395000
418	12576000	12933000	13123000	13398000
419	12577000	12927000	13122000	13401000
420	12576000	12933000	13122000	13398000
421	12576000	12932000	13120000	13397000
422	12575000	12934000	13122000	13399000
423	12575000	12939000	13121000	13394000
424	12576000	12929000	13122000	13402000
425	12576000	12924000	13122000	13405000
426	12576000	12923000	13121000	13405000
427	12577000	12939000	13120000	13393000
428	12576000	12940000	13121000	13393000
429	12577000	12938000	13120000	13396000
430	12576000	12936000	13122000	13397000
431	12577000	12938000	13122000	13395000
432	12576000	12932000	13122000	13398000
433	12575000	12939000	13121000	13395000
434	12577000	12938000	13120000	13395000
435	12575000	12938000	13120000	13393000
436	12576000	12923000	13121000	13406000
437	12575000	12937000	13121000	13392000
438	12575000	12932000	13120000	13396000
439	12574000	12926000	13124000	13405000
440	12576000	12928000	13121000	13401000
441	12575000	12922000	13122000	13408000
442	12576000	12936000	13121000	13394000
443	12576000	12938000	13121000	13395000
444	12578000	12940000	13124000	13396000
445	12577000	12941000	13122000	13396000
446	12578000	12940000	13122000	13395000
447	12576000	12938000	13119000	13393000
448	12577000	12932000	13120000	13399000
449	12577000	12939000	13122000	13395000
450	12576000	12931000	13125000	13402000
451	12577000	12939000	13122000	13395000
452	12578000	12940000	13120000	13392000
453	12577000	12937000	13123000	13396000
454	12577000	12940000	13121000	13394000
455	12577000	12940000	13122000	13394000
456	12575000	12930000	13122000	13401000
457	12576000	12940000	13121000	13394000
458	12575000	12929000	13124000	13403000
459	12575000	12938000	13119000	13392000
460	12576000	12926000	13120000	13403000
461	12574000	12931000	13121000	13397000
462	12576000	12937000	13121000	13396000
463	12576000	12927000	13121000	13403000
464	12577000	12940000	13122000	13393000
465	12576000	12937000	13121000	13396000
466	12577000	12937000	13121000	13396000
467	12577000	12939000	13121000	13394000
468	12576000	12939000	13120000	13392000
469	12577000	12937000	13122000	13398000
470	12577000	12926000	13120000	13404000
471	12576000	12921000	13120000	13408000
472	12577000	12940000	13122000	13396000
473	12577000	12940000	13122000	13395000
474	12576000	12935000	13123000	13399000
475	12577000	12940000	13120000	13393000
476	12577000	12932000	13120000	13398000
477	12578000	12937000	13121000	13395000
478	12576000	12936000	13119000	13393000
479	12577000	12939000	13123000	13397000
480	12576000	12937000	13121000	13393000
481	12577000	12940000	13122000	13394000
482	12576000	12936000	13123000	13397000
483	12576000	12929000	13119000	13399000
484	12576000	12938000	13121000	13394000
485	12575000	12934000	13120000	13395000
486	12575000	12929000	13122000	13401000
487	12576000	12940000	13121000	13394000
488	12576000	12936000	13121000	13397000
489	12576000	12936000	13122000	13395000
490	12577000	12940000	13122000	13395000
491	12576000	12938000	13119000	13391000
492	12576000	12931000	13121000	13401000
493	12577000	12936000	13123000	13398000
494	12576000	12934000	13122000	13400000
495	12576000	12937000	13118000	13392000
496	12576000	12935000	13121000	13397000
497	12576000	12929000	13122000	13400000
498	12576000	12938000	13120000	13393000
499	12577000	12939000	13120000	13393000

============================================================
# BITSTREAM: 1ms_101etapas.bit
# VENTANA: 1ms
# ETAPAS_PRINCIPAL: 101
# NUM_MUESTRAS: 500
# FORMATO: idx	freq1_hz	freq2_hz	freq3_hz	freq4_hz
============================================================
idx	freq1_hz	freq2_hz	freq3_hz	freq4_hz
0	8506000	8986000	8244000	9652000
1	8507000	8986000	8247000	9652000
2	8507000	8986000	8246000	9652000
3	8506000	8986000	8246000	9649000
4	8508000	8986000	8246000	9653000
5	8507000	8986000	8247000	9652000
6	8507000	8986000	8245000	9652000
7	8508000	8988000	8247000	9652000
8	8507000	8986000	8245000	9652000
9	8505000	8986000	8246000	9649000
10	8505000	8984000	8243000	9648000
11	8506000	8986000	8246000	9649000
12	8505000	8986000	8244000	9648000
13	8505000	8986000	8246000	9648000
14	8507000	8986000	8246000	9649000
15	8506000	8986000	8246000	9649000
16	8506000	8986000	8243000	9648000
17	8506000	8986000	8244000	9648000
18	8507000	8986000	8245000	9652000
19	8506000	8986000	8244000	9649000
20	8506000	8984000	8244000	9648000
21	8506000	8986000	8245000	9648000
22	8504000	8984000	8243000	9649000
23	8506000	8986000	8245000	9649000
24	8505000	8986000	8245000	9649000
25	8505000	8986000	8244000	9649000
26	8504000	8984000	8243000	9649000
27	8504000	8984000	8243000	9649000
28	8506000	8984000	8244000	9649000
29	8507000	8986000	8246000	9649000
30	8506000	8986000	8245000	9652000
31	8506000	8984000	8245000	9649000
32	8505000	8984000	8245000	9648000
33	8506000	8986000	8244000	9649000
34	8506000	8986000	8245000	9652000
35	8507000	8986000	8246000	9649000
36	8506000	8986000	8242000	9649000
37	8506000	8986000	8244000	9649000
38	8505000	8984000	8243000	9649000
39	8507000	8986000	8246000	9649000
40	8506000	8986000	8242000	9649000
41	8507000	8986000	8246000	9649000
42	8506000	8986000	8245000	9649000
43	8504000	8986000	8245000	9649000
44	8505000	8984000	8244000	9648000
45	8503000	8984000	8243000	9649000
46	8504000	8984000	8243000	9649000
47	8505000	8984000	8244000	9649000
48	8506000	8986000	8245000	9652000
49	8506000	8986000	8245000	9649000
50	8505000	8986000	8245000	9652000
51	8504000	8986000	8245000	9649000
52	8506000	8986000	8244000	9652000
53	8505000	8986000	8246000	9649000
54	8506000	8984000	8245000	9648000
55	8506000	8986000	8243000	9649000
56	8506000	8986000	8245000	9649000
57	8505000	8986000	8244000	9649000
58	8507000	8986000	8245000	9652000
59	8506000	8986000	8246000	9649000
60	8506000	8986000	8245000	9652000
61	8507000	8986000	8246000	9649000
62	8507000	8986000	8243000	9652000
63	8506000	8986000	8246000	9649000
64	8506000	8986000	8245000	9652000
65	8507000	8986000	8246000	9652000
66	8506000	8986000	8245000	9652000
67	8507000	8986000	8247000	9652000
68	8506000	8986000	8245000	9649000
69	8506000	8986000	8246000	9649000
70	8507000	8986000	8245000	9652000
71	8507000	8986000	8247000	9653000
72	8506000	8986000	8246000	9652000
73	8506000	8988000	8247000	9653000
74	8505000	8986000	8246000	9652000
75	8507000	8988000	8245000	9653000
76	8508000	8988000	8243000	9653000
77	8507000	8986000	8246000	9652000
78	8506000	8986000	8245000	9649000
79	8507000	8986000	8246000	9649000
80	8506000	8986000	8245000	9649000
81	8507000	8986000	8247000	9652000
82	8505000	8984000	8244000	9649000
83	8508000	8988000	8245000	9653000
84	8506000	8986000	8244000	9652000
85	8506000	8986000	8246000	9649000
86	8508000	8986000	8246000	9652000
87	8507000	8986000	8245000	9652000
88	8508000	8988000	8246000	9653000
89	8506000	8986000	8245000	9652000
90	8507000	8986000	8246000	9652000
91	8508000	8986000	8246000	9652000
92	8508000	8986000	8246000	9653000
93	8507000	8986000	8246000	9652000
94	8507000	8986000	8245000	9649000
95	8506000	8986000	8247000	9653000
96	8507000	8986000	8245000	9652000
97	8507000	8986000	8247000	9652000
98	8507000	8988000	8247000	9652000
99	8507000	8986000	8247000	9652000
100	8507000	8986000	8246000	9652000
101	8507000	8986000	8246000	9652000
102	8507000	8986000	8246000	9652000
103	8508000	8986000	8244000	9653000
104	8507000	8988000	8244000	9653000
105	8507000	8988000	8247000	9652000
106	8506000	8988000	8246000	9652000
107	8506000	8986000	8244000	9652000
108	8506000	8988000	8246000	9652000
109	8507000	8986000	8247000	9652000
110	8506000	8986000	8245000	9652000
111	8508000	8988000	8247000	9653000
112	8507000	8986000	8244000	9653000
113	8507000	8986000	8246000	9649000
114	8506000	8986000	8243000	9649000
115	8506000	8988000	8246000	9652000
116	8506000	8986000	8243000	9652000
117	8507000	8986000	8247000	9652000
118	8506000	8986000	8242000	9649000
119	8506000	8986000	8246000	9652000
120	8506000	8986000	8245000	9652000
121	8506000	8986000	8244000	9652000
122	8506000	8986000	8246000	9652000
123	8507000	8986000	8246000	9649000
124	8507000	8986000	8245000	9652000
125	8506000	8986000	8246000	9649000
126	8506000	8986000	8245000	9652000
127	8505000	8986000	8246000	9649000
128	8506000	8986000	8245000	9652000
129	8506000	8986000	8246000	9652000
130	8506000	8986000	8245000	9649000
131	8507000	8986000	8247000	9652000
132	8507000	8986000	8246000	9649000
133	8507000	8988000	8247000	9652000
134	8507000	8986000	8245000	9649000
135	8506000	8986000	8247000	9652000
136	8506000	8986000	8246000	9649000
137	8504000	8984000	8244000	9649000
138	8506000	8986000	8245000	9652000
139	8504000	8986000	8246000	9649000
140	8507000	8986000	8244000	9652000
141	8506000	8986000	8246000	9649000
142	8506000	8986000	8246000	9649000
143	8506000	8986000	8246000	9652000
144	8506000	8986000	8245000	9652000
145	8506000	8986000	8246000	9652000
146	8507000	8986000	8246000	9652000
147	8506000	8986000	8247000	9652000
148	8506000	8986000	8245000	9652000
149	8506000	8986000	8246000	9653000
150	8506000	8986000	8244000	9649000
151	8507000	8986000	8246000	9652000
152	8504000	8984000	8247000	9649000
153	8505000	8986000	8245000	9649000
154	8506000	8986000	8245000	9649000
155	8507000	8986000	8247000	9652000
156	8506000	8986000	8245000	9649000
157	8506000	8984000	8246000	9649000
158	8506000	8986000	8245000	9649000
159	8506000	8986000	8246000	9652000
160	8506000	8986000	8245000	9648000
161	8506000	8986000	8243000	9649000
162	8505000	8986000	8244000	9649000
163	8507000	8986000	8246000	9649000
164	8505000	8984000	8244000	9649000
165	8506000	8984000	8243000	9649000
166	8506000	8986000	8245000	9649000
167	8507000	8986000	8246000	9652000
168	8506000	8986000	8245000	9649000
169	8506000	8986000	8247000	9649000
170	8507000	8986000	8246000	9652000
171	8507000	8986000	8246000	9652000
172	8506000	8986000	8245000	9649000
173	8507000	8988000	8247000	9652000
174	8505000	8986000	8245000	9652000
175	8506000	8986000	8245000	9649000
176	8507000	8986000	8246000	9652000
177	8506000	8986000	8246000	9652000
178	8507000	8986000	8245000	9649000
179	8507000	8988000	8247000	9652000
180	8507000	8986000	8246000	9652000
181	8506000	8986000	8247000	9652000
182	8507000	8986000	8245000	9649000
183	8505000	8986000	8245000	9649000
184	8506000	8986000	8245000	9649000
185	8505000	8986000	8247000	9652000
186	8506000	8986000	8244000	9652000
187	8505000	8986000	8246000	9649000
188	8507000	8986000	8245000	9652000
189	8505000	8984000	8245000	9648000
190	8506000	8986000	8245000	9649000
191	8507000	8986000	8246000	9649000
192	8506000	8986000	8245000	9652000
193	8506000	8986000	8246000	9652000
194	8505000	8986000	8245000	9649000
195	8507000	8986000	8247000	9652000
196	8507000	8986000	8245000	9649000
197	8506000	8986000	8246000	9652000
198	8507000	8986000	8245000	9652000
199	8506000	8986000	8246000	9652000
200	8506000	8986000	8244000	9649000
201	8506000	8986000	8245000	9649000
202	8506000	8986000	8244000	9652000
203	8504000	8986000	8245000	9649000
204	8506000	8986000	8245000	9649000
205	8505000	8986000	8246000	9652000
206	8506000	8986000	8245000	9649000
207	8507000	8986000	8246000	9652000
208	8504000	8986000	8245000	9649000
209	8507000	8986000	8247000	9653000
210	8507000	8988000	8244000	9653000
211	8507000	8986000	8245000	9653000
212	8506000	8986000	8244000	9649000
213	8506000	8986000	8246000	9652000
214	8506000	8986000	8245000	9652000
215	8506000	8986000	8246000	9652000
216	8507000	8986000	8246000	9653000
217	8506000	8986000	8246000	9652000
218	8506000	8986000	8245000	9652000
219	8505000	8986000	8246000	9652000
220	8505000	8984000	8244000	9649000
221	8506000	8986000	8246000	9652000
222	8507000	8988000	8247000	9653000
223	8506000	8986000	8246000	9649000
224	8507000	8986000	8246000	9652000
225	8507000	8988000	8247000	9653000
226	8507000	8988000	8247000	9653000
227	8505000	8986000	8246000	9652000
228	8506000	8986000	8246000	9652000
229	8508000	8988000	8247000	9653000
230	8507000	8988000	8246000	9653000
231	8506000	8988000	8245000	9653000
232	8507000	8986000	8244000	9652000
233	8508000	8988000	8245000	9653000
234	8507000	8988000	8246000	9652000
235	8507000	8986000	8247000	9652000
236	8506000	8986000	8246000	9652000
237	8507000	8988000	8247000	9653000
238	8507000	8986000	8244000	9653000
239	8507000	8988000	8247000	9653000
240	8506000	8986000	8246000	9652000
241	8508000	8986000	8246000	9653000
242	8507000	8986000	8246000	9652000
243	8507000	8986000	8246000	9652000
244	8506000	8986000	8245000	9652000
245	8506000	8986000	8244000	9652000
246	8508000	8986000	8243000	9652000
247	8507000	8986000	8246000	9652000
248	8506000	8986000	8246000	9652000
249	8506000	8986000	8246000	9653000
250	8507000	8986000	8246000	9652000
251	8506000	8986000	8247000	9652000
252	8506000	8986000	8246000	9652000
253	8507000	8986000	8246000	9652000
254	8507000	8986000	8246000	9649000
255	8506000	8986000	8247000	9652000
256	8504000	8986000	8244000	9652000
257	8506000	8986000	8246000	9649000
258	8506000	8986000	8245000	9649000
259	8506000	8986000	8246000	9652000
260	8506000	8986000	8245000	9649000
261	8505000	8984000	8246000	9648000
262	8506000	8986000	8245000	9649000
263	8505000	8984000	8244000	9649000
264	8506000	8986000	8246000	9652000
265	8506000	8986000	8246000	9652000
266	8507000	8986000	8245000	9652000
267	8506000	8986000	8245000	9649000
268	8506000	8986000	8246000	9649000
269	8506000	8986000	8245000	9649000
270	8507000	8988000	8246000	9653000
271	8507000	8988000	8245000	9653000
272	8506000	8986000	8246000	9652000
273	8507000	8986000	8246000	9652000
274	8507000	8986000	8246000	9653000
275	8507000	8986000	8247000	9653000
276	8506000	8986000	8246000	9649000
277	8507000	8986000	8246000	9652000
278	8506000	8986000	8245000	9652000
279	8506000	8986000	8244000	9653000
280	8507000	8986000	8245000	9652000
281	8506000	8986000	8246000	9649000
282	8506000	8986000	8245000	9652000
283	8507000	8986000	8246000	9652000
284	8506000	8986000	8246000	9652000
285	8506000	8986000	8246000	9649000
286	8506000	8986000	8245000	9649000
287	8506000	8986000	8244000	9652000
288	8506000	8986000	8246000	9649000
289	8505000	8986000	8246000	9652000
290	8506000	8986000	8246000	9653000
291	8506000	8984000	8246000	9649000
292	8506000	8986000	8245000	9649000
293	8507000	8986000	8246000	9652000
294	8507000	8986000	8246000	9652000
295	8506000	8986000	8246000	9652000
296	8507000	8986000	8246000	9652000
297	8507000	8986000	8246000	9652000
298	8506000	8986000	8246000	9652000
299	8507000	8986000	8246000	9649000
300	8507000	8986000	8243000	9653000
301	8507000	8986000	8247000	9652000
302	8507000	8988000	8244000	9653000
303	8506000	8986000	8247000	9652000
304	8506000	8988000	8243000	9652000
305	8506000	8986000	8246000	9649000
306	8507000	8986000	8244000	9653000
307	8506000	8986000	8244000	9652000
308	8507000	8986000	8246000	9652000
309	8507000	8986000	8247000	9652000
310	8507000	8988000	8247000	9653000
311	8507000	8988000	8247000	9652000
312	8507000	8986000	8244000	9652000
313	8507000	8986000	8247000	9652000
314	8507000	8988000	8246000	9653000
315	8507000	8988000	8246000	9653000
316	8507000	8986000	8245000	9652000
317	8506000	8986000	8246000	9649000
318	8505000	8986000	8245000	9652000
319	8505000	8986000	8246000	9649000
320	8507000	8986000	8245000	9652000
321	8505000	8986000	8246000	9649000
322	8506000	8986000	8245000	9649000
323	8505000	8986000	8245000	9649000
324	8506000	8986000	8245000	9649000
325	8505000	8986000	8246000	9649000
326	8507000	8986000	8246000	9649000
327	8507000	8986000	8246000	9652000
328	8506000	8986000	8245000	9652000
329	8507000	8988000	8247000	9652000
330	8507000	8986000	8245000	9652000
331	8506000	8986000	8245000	9649000
332	8506000	8986000	8246000	9652000
333	8505000	8986000	8245000	9649000
334	8505000	8986000	8245000	9649000
335	8504000	8986000	8246000	9652000
336	8506000	8986000	8246000	9649000
337	8505000	8986000	8246000	9648000
338	8506000	8986000	8243000	9649000
339	8507000	8986000	8247000	9652000
340	8505000	8986000	8244000	9649000
341	8506000	8986000	8247000	9652000
342	8507000	8986000	8245000	9652000
343	8506000	8986000	8246000	9649000
344	8505000	8984000	8245000	9649000
345	8505000	8986000	8246000	9652000
346	8506000	8984000	8245000	9649000
347	8505000	8984000	8244000	9649000
348	8506000	8984000	8245000	9648000
349	8506000	8986000	8246000	9649000
350	8506000	8986000	8246000	9652000
351	8506000	8986000	8246000	9649000
352	8505000	8986000	8246000	9649000
353	8505000	8986000	8246000	9649000
354	8507000	8986000	8247000	9649000
355	8507000	8986000	8247000	9653000
356	8507000	8986000	8245000	9649000
357	8506000	8986000	8245000	9649000
358	8506000	8984000	8245000	9649000
359	8508000	8986000	8246000	9652000
360	8507000	8986000	8245000	9649000
361	8507000	8986000	8246000	9652000
362	8506000	8986000	8243000	9652000
363	8505000	8984000	8245000	9649000
364	8506000	8986000	8246000	9649000
365	8507000	8986000	8246000	9652000
366	8506000	8986000	8245000	9652000
367	8507000	8986000	8247000	9652000
368	8506000	8986000	8244000	9649000
369	8506000	8986000	8246000	9649000
370	8505000	8984000	8245000	9649000
371	8504000	8984000	8244000	9648000
372	8506000	8986000	8244000	9649000
373	8505000	8986000	8245000	9649000
374	8506000	8986000	8245000	9649000
375	8506000	8986000	8246000	9652000
376	8506000	8986000	8245000	9652000
377	8506000	8986000	8245000	9649000
378	8505000	8984000	8245000	9649000
379	8506000	8986000	8247000	9652000
380	8506000	8986000	8246000	9652000
381	8505000	8986000	8247000	9652000
382	8507000	8986000	8245000	9652000
383	8507000	8986000	8246000	9652000
384	8506000	8986000	8245000	9652000
385	8507000	8986000	8246000	9649000
386	8506000	8986000	8244000	9652000
387	8507000	8986000	8247000	9653000
388	8508000	8986000	8246000	9653000
389	8505000	8986000	8245000	9652000
390	8504000	8984000	8244000	9652000
391	8505000	8984000	8244000	9652000
392	8506000	8984000	8245000	9649000
393	8504000	8984000	8244000	9649000
394	8504000	8986000	8245000	9652000
395	8507000	8986000	8244000	9652000
396	8506000	8986000	8245000	9652000
397	8506000	8984000	8245000	9649000
398	8506000	8986000	8247000	9652000
399	8506000	8986000	8245000	9652000
400	8506000	8986000	8246000	9652000
401	8507000	8986000	8247000	9653000
402	8506000	8986000	8245000	9652000
403	8507000	8986000	8247000	9652000
404	8507000	8986000	8244000	9653000
405	8506000	8986000	8246000	9652000
406	8506000	8990000	8246000	9653000
407	8507000	8986000	8247000	9653000
408	8507000	8988000	8247000	9653000
409	8507000	8986000	8247000	9652000
410	8506000	8986000	8246000	9652000
411	8506000	8986000	8246000	9652000
412	8506000	8986000	8245000	9653000
413	8506000	8986000	8247000	9652000
414	8506000	8986000	8244000	9653000
415	8507000	8988000	8247000	9653000
416	8507000	8986000	8243000	9652000
417	8505000	8986000	8246000	9652000
418	8507000	8986000	8246000	9649000
419	8506000	8986000	8246000	9649000
420	8506000	8986000	8245000	9649000
421	8507000	8986000	8247000	9653000
422	8506000	8984000	8245000	9649000
423	8506000	8986000	8246000	9652000
424	8506000	8986000	8246000	9652000
425	8507000	8986000	8247000	9652000
426	8506000	8986000	8245000	9652000
427	8506000	8986000	8245000	9649000
428	8504000	8986000	8243000	9649000
429	8506000	8986000	8244000	9652000
430	8506000	8986000	8243000	9649000
431	8506000	8986000	8246000	9649000
432	8506000	8986000	8246000	9652000
433	8506000	8986000	8246000	9652000
434	8506000	8986000	8246000	9652000
435	8505000	8986000	8246000	9652000
436	8506000	8986000	8246000	9652000
437	8506000	8986000	8246000	9652000
438	8507000	8986000	8246000	9652000
439	8507000	8986000	8246000	9652000
440	8506000	8986000	8245000	9652000
441	8506000	8986000	8247000	9652000
442	8506000	8986000	8245000	9649000
443	8506000	8986000	8247000	9652000
444	8507000	8986000	8244000	9653000
445	8506000	8986000	8247000	9652000
446	8506000	8986000	8245000	9652000
447	8506000	8986000	8246000	9652000
448	8506000	8986000	8245000	9649000
449	8507000	8986000	8246000	9652000
450	8508000	8988000	8247000	9653000
451	8507000	8986000	8246000	9652000
452	8506000	8984000	8244000	9649000
453	8506000	8984000	8246000	9649000
454	8507000	8986000	8245000	9652000
455	8507000	8986000	8247000	9652000
456	8506000	8986000	8245000	9652000
457	8504000	8986000	8246000	9649000
458	8506000	8986000	8245000	9652000
459	8507000	8986000	8246000	9652000
460	8507000	8986000	8245000	9653000
461	8506000	8986000	8244000	9652000
462	8507000	8986000	8245000	9652000
463	8507000	8986000	8246000	9652000
464	8505000	8986000	8246000	9652000
465	8506000	8986000	8246000	9649000
466	8506000	8986000	8245000	9652000
467	8504000	8986000	8245000	9652000
468	8507000	8986000	8246000	9653000
469	8505000	8986000	8246000	9652000
470	8507000	8986000	8245000	9652000
471	8506000	8986000	8246000	9653000
472	8506000	8986000	8245000	9652000
473	8506000	8986000	8245000	9653000
474	8507000	8986000	8244000	9653000
475	8506000	8986000	8245000	9652000
476	8505000	8986000	8244000	9648000
477	8507000	8988000	8247000	9653000
478	8505000	8986000	8245000	9652000
479	8506000	8986000	8246000	9652000
480	8506000	8986000	8246000	9653000
481	8506000	8986000	8246000	9652000
482	8506000	8984000	8244000	9649000
483	8507000	8986000	8246000	9652000
484	8506000	8988000	8246000	9653000
485	8506000	8986000	8246000	9652000
486	8507000	8986000	8245000	9653000
487	8506000	8986000	8245000	9649000
488	8506000	8986000	8246000	9652000
489	8506000	8986000	8246000	9652000
490	8507000	8986000	8245000	9652000
491	8506000	8986000	8247000	9652000
492	8506000	8986000	8245000	9652000
493	8506000	8986000	8246000	9652000
494	8507000	8986000	8245000	9652000
495	8506000	8986000	8246000	9649000
496	8506000	8986000	8245000	9652000
497	8507000	8986000	8247000	9652000
498	8507000	8986000	8245000	9652000
499	8506000	8986000	8247000	9653000

============================================================
# BITSTREAM: 100us_3etapas.bit
# VENTANA: 100us
# ETAPAS_PRINCIPAL: 3
# NUM_MUESTRAS: 500
# FORMATO: idx	freq1_hz	freq2_hz	freq3_hz	freq4_hz
============================================================
idx	freq1_hz	freq2_hz	freq3_hz	freq4_hz
0	35560000	35560000	35560000	35560000
1	35560000	35560000	35560000	35560000
2	35560000	35560000	35560000	35560000
3	35560000	35560000	35560000	35560000
4	35560000	35550000	35550000	35560000
5	35550000	35550000	35550000	35550000
6	35550000	35550000	35550000	35550000
7	35550000	35560000	35560000	35550000
8	35550000	35550000	35550000	35550000
9	35540000	35550000	35540000	35540000
10	35550000	35550000	35550000	35550000
11	35550000	35550000	35550000	35550000
12	35560000	35560000	35560000	35560000
13	35560000	35550000	35560000	35560000
14	35550000	35550000	35550000	35550000
15	35550000	35560000	35560000	35550000
16	35560000	35560000	35560000	35560000
17	35560000	35550000	35560000	35560000
18	35550000	35550000	35550000	35550000
19	35560000	35550000	35550000	35560000
20	35550000	35550000	35550000	35550000
21	35550000	35550000	35550000	35550000
22	35550000	35550000	35550000	35550000
23	35550000	35560000	35560000	35550000
24	35550000	35540000	35550000	35550000
25	35560000	35560000	35560000	35560000
26	35560000	35560000	35560000	35560000
27	35560000	35550000	35560000	35560000
28	35560000	35560000	35560000	35560000
29	35560000	35560000	35560000	35560000
30	35560000	35560000	35560000	35560000
31	35550000	35550000	35560000	35550000
32	35560000	35550000	35560000	35560000
33	35550000	35550000	35550000	35550000
34	35550000	35550000	35550000	35550000
35	35550000	35550000	35550000	35550000
36	35550000	35550000	35550000	35550000
37	35560000	35560000	35560000	35560000
38	35560000	35560000	35560000	35560000
39	35560000	35560000	35560000	35560000
40	35560000	35560000	35560000	35560000
41	35550000	35550000	35550000	35550000
42	35540000	35550000	35550000	35540000
43	35560000	35550000	35550000	35560000
44	35550000	35550000	35550000	35550000
45	35550000	35550000	35550000	35550000
46	35560000	35560000	35560000	35560000
47	35560000	35560000	35560000	35560000
48	35560000	35560000	35560000	35560000
49	35560000	35560000	35560000	35560000
50	35550000	35550000	35550000	35550000
51	35560000	35560000	35560000	35560000
52	35560000	35560000	35560000	35560000
53	35550000	35550000	35550000	35550000
54	35560000	35560000	35560000	35560000
55	35550000	35560000	35550000	35550000
56	35550000	35560000	35550000	35550000
57	35560000	35560000	35560000	35560000
58	35550000	35550000	35550000	35550000
59	35550000	35550000	35550000	35550000
60	35560000	35550000	35560000	35560000
61	35560000	35550000	35550000	35560000
62	35550000	35550000	35550000	35550000
63	35560000	35560000	35560000	35560000
64	35550000	35550000	35550000	35550000
65	35560000	35560000	35560000	35560000
66	35560000	35560000	35560000	35560000
67	35550000	35550000	35550000	35550000
68	35560000	35560000	35560000	35560000
69	35560000	35560000	35560000	35560000
70	35550000	35560000	35550000	35550000
71	35550000	35550000	35550000	35550000
72	35570000	35570000	35570000	35570000
73	35560000	35570000	35560000	35560000
74	35550000	35550000	35550000	35550000
75	35550000	35550000	35550000	35550000
76	35550000	35550000	35550000	35550000
77	35550000	35550000	35550000	35550000
78	35550000	35550000	35550000	35550000
79	35550000	35550000	35550000	35550000
80	35560000	35560000	35560000	35560000
81	35540000	35550000	35550000	35540000
82	35550000	35540000	35550000	35550000
83	35560000	35560000	35560000	35560000
84	35550000	35550000	35550000	35550000
85	35560000	35560000	35560000	35560000
86	35550000	35560000	35550000	35550000
87	35560000	35560000	35560000	35560000
88	35550000	35550000	35550000	35550000
89	35550000	35560000	35560000	35550000
90	35550000	35550000	35550000	35550000
91	35550000	35550000	35550000	35550000
92	35550000	35560000	35560000	35550000
93	35550000	35550000	35550000	35550000
94	35550000	35550000	35550000	35550000
95	35560000	35560000	35560000	35560000
96	35560000	35560000	35560000	35560000
97	35560000	35560000	35560000	35560000
98	35560000	35560000	35560000	35560000
99	35550000	35550000	35550000	35550000
100	35550000	35550000	35550000	35550000
101	35560000	35560000	35560000	35560000
102	35550000	35550000	35550000	35550000
103	35560000	35550000	35560000	35560000
104	35550000	35550000	35550000	35550000
105	35550000	35550000	35550000	35550000
106	35560000	35560000	35560000	35560000
107	35560000	35550000	35550000	35560000
108	35550000	35550000	35550000	35550000
109	35560000	35560000	35560000	35560000
110	35550000	35550000	35550000	35550000
111	35550000	35550000	35550000	35550000
112	35550000	35550000	35550000	35550000
113	35560000	35560000	35560000	35560000
114	35550000	35560000	35560000	35550000
115	35550000	35550000	35550000	35550000
116	35560000	35550000	35560000	35560000
117	35560000	35560000	35560000	35560000
118	35550000	35550000	35550000	35550000
119	35560000	35560000	35560000	35560000
120	35560000	35560000	35560000	35560000
121	35560000	35560000	35560000	35560000
122	35560000	35560000	35560000	35560000
123	35550000	35550000	35550000	35550000
124	35550000	35560000	35560000	35550000
125	35560000	35560000	35560000	35560000
126	35550000	35550000	35550000	35550000
127	35560000	35560000	35560000	35560000
128	35560000	35560000	35560000	35560000
129	35560000	35560000	35560000	35560000
130	35550000	35550000	35550000	35550000
131	35570000	35560000	35560000	35570000
132	35550000	35560000	35550000	35550000
133	35560000	35560000	35560000	35560000
134	35550000	35550000	35550000	35550000
135	35550000	35550000	35550000	35550000
136	35550000	35550000	35550000	35550000
137	35550000	35550000	35550000	35550000
138	35560000	35560000	35560000	35560000
139	35560000	35560000	35560000	35560000
140	35550000	35550000	35550000	35550000
141	35550000	35550000	35550000	35550000
142	35560000	35560000	35560000	35560000
143	35560000	35550000	35550000	35560000
144	35550000	35550000	35550000	35550000
145	35550000	35550000	35550000	35550000
146	35550000	35550000	35550000	35550000
147	35550000	35550000	35550000	35550000
148	35560000	35560000	35560000	35560000
149	35550000	35550000	35550000	35550000
150	35550000	35550000	35550000	35550000
151	35550000	35550000	35550000	35550000
152	35550000	35550000	35550000	35550000
153	35550000	35550000	35550000	35550000
154	35550000	35550000	35550000	35550000
155	35550000	35550000	35550000	35550000
156	35560000	35560000	35560000	35560000
157	35550000	35550000	35550000	35550000
158	35560000	35560000	35560000	35560000
159	35560000	35560000	35560000	35560000
160	35550000	35560000	35560000	35560000
161	35560000	35560000	35560000	35560000
162	35550000	35550000	35550000	35550000
163	35550000	35550000	35550000	35550000
164	35560000	35560000	35560000	35560000
165	35550000	35550000	35550000	35550000
166	35550000	35560000	35550000	35550000
167	35560000	35560000	35560000	35560000
168	35550000	35550000	35550000	35550000
169	35560000	35560000	35560000	35560000
170	35560000	35550000	35560000	35560000
171	35560000	35560000	35560000	35560000
172	35560000	35560000	35560000	35560000
173	35560000	35550000	35550000	35560000
174	35550000	35550000	35550000	35550000
175	35560000	35560000	35560000	35560000
176	35550000	35550000	35550000	35550000
177	35560000	35560000	35560000	35560000
178	35550000	35550000	35550000	35550000
179	35560000	35550000	35560000	35560000
180	35550000	35550000	35550000	35550000
181	35560000	35560000	35560000	35560000
182	35550000	35550000	35550000	35550000
183	35560000	35560000	35560000	35560000
184	35560000	35560000	35560000	35560000
185	35560000	35560000	35560000	35560000
186	35550000	35550000	35550000	35550000
187	35560000	35560000	35560000	35560000
188	35550000	35550000	35550000	35550000
189	35560000	35550000	35560000	35560000
190	35550000	35550000	35550000	35550000
191	35550000	35550000	35550000	35550000
192	35560000	35560000	35560000	35560000
193	35550000	35550000	35550000	35550000
194	35550000	35560000	35560000	35560000
195	35560000	35560000	35560000	35560000
196	35560000	35560000	35560000	35560000
197	35560000	35560000	35560000	35560000
198	35550000	35560000	35560000	35550000
199	35550000	35550000	35550000	35550000
200	35550000	35560000	35560000	35550000
201	35560000	35560000	35560000	35560000
202	35560000	35560000	35560000	35560000
203	35560000	35560000	35560000	35560000
204	35550000	35550000	35550000	35550000
205	35550000	35550000	35550000	35550000
206	35550000	35550000	35550000	35550000
207	35560000	35550000	35550000	35560000
208	35550000	35550000	35550000	35550000
209	35550000	35550000	35550000	35550000
210	35550000	35550000	35550000	35550000
211	35550000	35550000	35550000	35550000
212	35550000	35550000	35550000	35550000
213	35550000	35550000	35550000	35550000
214	35550000	35550000	35550000	35550000
215	35550000	35550000	35550000	35550000
216	35550000	35550000	35550000	35550000
217	35560000	35560000	35560000	35560000
218	35550000	35550000	35550000	35550000
219	35560000	35560000	35560000	35560000
220	35550000	35550000	35550000	35550000
221	35550000	35550000	35550000	35550000
222	35550000	35550000	35550000	35550000
223	35550000	35550000	35550000	35550000
224	35560000	35560000	35560000	35560000
225	35550000	35550000	35550000	35550000
226	35550000	35550000	35550000	35550000
227	35560000	35560000	35560000	35560000
228	35560000	35560000	35560000	35560000
229	35550000	35550000	35550000	35550000
230	35560000	35560000	35560000	35560000
231	35560000	35560000	35560000	35560000
232	35550000	35550000	35550000	35550000
233	35550000	35550000	35550000	35550000
234	35550000	35560000	35560000	35550000
235	35550000	35550000	35550000	35550000
236	35550000	35540000	35550000	35550000
237	35540000	35550000	35550000	35540000
238	35560000	35560000	35560000	35560000
239	35560000	35550000	35550000	35560000
240	35560000	35560000	35560000	35560000
241	35550000	35550000	35550000	35550000
242	35560000	35560000	35560000	35560000
243	35550000	35560000	35560000	35550000
244	35560000	35560000	35560000	35560000
245	35560000	35560000	35560000	35560000
246	35560000	35560000	35560000	35560000
247	35550000	35550000	35550000	35550000
248	35550000	35550000	35550000	35550000
249	35560000	35560000	35560000	35560000
250	35550000	35550000	35550000	35550000
251	35560000	35560000	35560000	35560000
252	35560000	35550000	35560000	35560000
253	35550000	35560000	35560000	35550000
254	35550000	35550000	35550000	35550000
255	35550000	35550000	35550000	35550000
256	35550000	35550000	35550000	35550000
257	35560000	35560000	35560000	35560000
258	35550000	35550000	35550000	35550000
259	35560000	35560000	35560000	35560000
260	35550000	35550000	35550000	35550000
261	35560000	35560000	35560000	35560000
262	35550000	35550000	35550000	35550000
263	35550000	35550000	35550000	35550000
264	35550000	35550000	35550000	35550000
265	35540000	35550000	35550000	35540000
266	35550000	35550000	35550000	35550000
267	35550000	35550000	35550000	35550000
268	35550000	35550000	35550000	35550000
269	35560000	35560000	35560000	35560000
270	35550000	35550000	35550000	35550000
271	35560000	35560000	35560000	35560000
272	35560000	35560000	35560000	35560000
273	35550000	35550000	35550000	35550000
274	35560000	35560000	35560000	35560000
275	35550000	35560000	35550000	35550000
276	35550000	35550000	35550000	35550000
277	35560000	35550000	35550000	35560000
278	35560000	35550000	35550000	35560000
279	35560000	35560000	35560000	35560000
280	35560000	35560000	35560000	35560000
281	35560000	35560000	35560000	35560000
282	35550000	35560000	35550000	35550000
283	35550000	35560000	35550000	35550000
284	35560000	35550000	35560000	35560000
285	35560000	35560000	35560000	35560000
286	35560000	35550000	35550000	35560000
287	35560000	35560000	35560000	35560000
288	35560000	35550000	35550000	35560000
289	35560000	35560000	35560000	35560000
290	35560000	35560000	35560000	35560000
291	35550000	35560000	35560000	35560000
292	35560000	35550000	35560000	35560000
293	35550000	35560000	35550000	35550000
294	35560000	35560000	35560000	35560000
295	35550000	35550000	35550000	35550000
296	35560000	35560000	35560000	35560000
297	35560000	35560000	35560000	35560000
298	35550000	35550000	35550000	35550000
299	35560000	35550000	35560000	35560000
300	35550000	35550000	35550000	35550000
301	35560000	35560000	35560000	35560000
302	35550000	35550000	35550000	35550000
303	35560000	35560000	35560000	35560000
304	35550000	35550000	35550000	35550000
305	35550000	35550000	35550000	35550000
306	35550000	35560000	35560000	35560000
307	35550000	35550000	35550000	35550000
308	35550000	35560000	35560000	35550000
309	35550000	35550000	35550000	35550000
310	35560000	35560000	35560000	35560000
311	35540000	35550000	35550000	35540000
312	35540000	35540000	35540000	35540000
313	35550000	35550000	35550000	35550000
314	35560000	35550000	35560000	35560000
315	35560000	35560000	35560000	35560000
316	35560000	35560000	35560000	35560000
317	35560000	35550000	35550000	35560000
318	35550000	35550000	35550000	35550000
319	35560000	35560000	35560000	35560000
320	35560000	35560000	35560000	35560000
321	35550000	35550000	35550000	35550000
322	35550000	35560000	35560000	35550000
323	35560000	35560000	35560000	35560000
324	35560000	35560000	35560000	35560000
325	35550000	35550000	35550000	35550000
326	35550000	35550000	35550000	35550000
327	35560000	35560000	35560000	35560000
328	35560000	35560000	35560000	35560000
329	35560000	35570000	35570000	35560000
330	35560000	35560000	35560000	35560000
331	35560000	35560000	35560000	35560000
332	35560000	35560000	35560000	35560000
333	35560000	35560000	35560000	35560000
334	35560000	35570000	35560000	35560000
335	35560000	35560000	35560000	35560000
336	35560000	35560000	35560000	35560000
337	35560000	35550000	35550000	35560000
338	35560000	35560000	35560000	35560000
339	35560000	35560000	35560000	35560000
340	35560000	35560000	35560000	35560000
341	35560000	35560000	35560000	35560000
342	35550000	35550000	35550000	35550000
343	35560000	35560000	35560000	35560000
344	35550000	35560000	35550000	35550000
345	35550000	35560000	35560000	35550000
346	35560000	35560000	35560000	35560000
347	35560000	35560000	35560000	35560000
348	35560000	35560000	35560000	35560000
349	35570000	35560000	35560000	35570000
350	35550000	35550000	35550000	35550000
351	35550000	35550000	35550000	35550000
352	35560000	35550000	35550000	35560000
353	35560000	35560000	35560000	35560000
354	35560000	35560000	35560000	35560000
355	35560000	35560000	35560000	35560000
356	35560000	35560000	35560000	35560000
357	35560000	35560000	35560000	35560000
358	35560000	35560000	35560000	35560000
359	35560000	35560000	35560000	35560000
360	35560000	35560000	35560000	35560000
361	35560000	35560000	35560000	35560000
362	35550000	35560000	35560000	35550000
363	35560000	35560000	35560000	35560000
364	35570000	35570000	35570000	35570000
365	35570000	35570000	35570000	35570000
366	35570000	35570000	35570000	35570000
367	35570000	35560000	35560000	35570000
368	35560000	35560000	35560000	35560000
369	35570000	35570000	35570000	35570000
370	35570000	35570000	35570000	35570000
371	35560000	35560000	35560000	35560000
372	35560000	35560000	35560000	35560000
373	35560000	35560000	35560000	35560000
374	35570000	35570000	35570000	35570000
375	35560000	35570000	35570000	35560000
376	35560000	35570000	35570000	35560000
377	35560000	35560000	35560000	35560000
378	35560000	35560000	35560000	35560000
379	35570000	35560000	35560000	35570000
380	35550000	35550000	35550000	35550000
381	35560000	35560000	35560000	35560000
382	35560000	35560000	35560000	35560000
383	35550000	35550000	35550000	35550000
384	35570000	35570000	35570000	35570000
385	35560000	35560000	35560000	35560000
386	35560000	35560000	35560000	35560000
387	35560000	35570000	35570000	35560000
388	35570000	35560000	35560000	35570000
389	35560000	35560000	35560000	35560000
390	35560000	35560000	35560000	35560000
391	35550000	35560000	35550000	35550000
392	35570000	35570000	35570000	35570000
393	35560000	35560000	35560000	35560000
394	35570000	35560000	35570000	35570000
395	35560000	35560000	35560000	35560000
396	35560000	35560000	35560000	35560000
397	35560000	35560000	35560000	35560000
398	35560000	35560000	35560000	35560000
399	35560000	35560000	35560000	35560000
400	35560000	35560000	35560000	35560000
401	35560000	35560000	35560000	35560000
402	35560000	35560000	35560000	35560000
403	35560000	35560000	35560000	35560000
404	35560000	35560000	35560000	35560000
405	35560000	35560000	35570000	35560000
406	35560000	35570000	35570000	35560000
407	35570000	35570000	35570000	35570000
408	35560000	35560000	35560000	35560000
409	35560000	35560000	35560000	35560000
410	35550000	35560000	35550000	35550000
411	35550000	35550000	35550000	35550000
412	35550000	35560000	35560000	35550000
413	35560000	35560000	35560000	35560000
414	35560000	35560000	35560000	35560000
415	35550000	35550000	35550000	35550000
416	35560000	35560000	35560000	35560000
417	35570000	35570000	35570000	35570000
418	35560000	35560000	35560000	35560000
419	35560000	35560000	35560000	35560000
420	35570000	35560000	35560000	35560000
421	35550000	35550000	35550000	35550000
422	35570000	35570000	35570000	35570000
423	35570000	35560000	35570000	35570000
424	35560000	35560000	35560000	35560000
425	35560000	35560000	35560000	35560000
426	35560000	35560000	35560000	35560000
427	35570000	35560000	35570000	35570000
428	35560000	35560000	35560000	35560000
429	35560000	35560000	35560000	35560000
430	35560000	35550000	35550000	35560000
431	35560000	35560000	35560000	35560000
432	35560000	35560000	35560000	35560000
433	35560000	35560000	35560000	35560000
434	35570000	35570000	35570000	35570000
435	35570000	35570000	35570000	35570000
436	35560000	35560000	35560000	35560000
437	35560000	35560000	35560000	35560000
438	35560000	35560000	35560000	35560000
439	35560000	35550000	35550000	35560000
440	35550000	35560000	35560000	35550000
441	35550000	35550000	35550000	35550000
442	35560000	35560000	35560000	35560000
443	35560000	35560000	35560000	35560000
444	35560000	35560000	35560000	35560000
445	35560000	35560000	35560000	35560000
446	35560000	35560000	35560000	35560000
447	35550000	35560000	35560000	35550000
448	35560000	35560000	35560000	35560000
449	35560000	35560000	35560000	35560000
450	35560000	35550000	35560000	35560000
451	35560000	35560000	35560000	35560000
452	35560000	35560000	35560000	35560000
453	35560000	35560000	35560000	35560000
454	35560000	35560000	35560000	35560000
455	35550000	35550000	35550000	35550000
456	35560000	35560000	35560000	35560000
457	35560000	35550000	35560000	35560000
458	35560000	35560000	35560000	35560000
459	35560000	35560000	35560000	35560000
460	35560000	35560000	35560000	35560000
461	35560000	35560000	35560000	35560000
462	35560000	35560000	35560000	35560000
463	35560000	35560000	35560000	35560000
464	35550000	35550000	35550000	35550000
465	35550000	35550000	35550000	35550000
466	35560000	35560000	35560000	35560000
467	35550000	35560000	35550000	35550000
468	35560000	35560000	35560000	35560000
469	35560000	35570000	35570000	35570000
470	35570000	35570000	35570000	35570000
471	35560000	35560000	35560000	35560000
472	35560000	35560000	35560000	35560000
473	35560000	35570000	35570000	35570000
474	35560000	35560000	35560000	35560000
475	35560000	35560000	35560000	35560000
476	35560000	35560000	35560000	35560000
477	35550000	35550000	35550000	35550000
478	35560000	35560000	35560000	35560000
479	35560000	35550000	35560000	35560000
480	35560000	35550000	35560000	35560000
481	35560000	35560000	35560000	35560000
482	35550000	35560000	35560000	35550000
483	35540000	35540000	35540000	35540000
484	35550000	35550000	35550000	35550000
485	35560000	35560000	35560000	35560000
486	35550000	35550000	35550000	35550000
487	35550000	35550000	35550000	35550000
488	35560000	35560000	35560000	35560000
489	35560000	35560000	35560000	35560000
490	35550000	35550000	35550000	35550000
491	35550000	35550000	35550000	35550000
492	35550000	35550000	35550000	35550000
493	35550000	35550000	35550000	35550000
494	35550000	35540000	35550000	35550000
495	35550000	35550000	35550000	35550000
496	35560000	35560000	35560000	35560000
497	35560000	35560000	35560000	35560000
498	35560000	35550000	35560000	35560000
499	35560000	35550000	35560000	35560000

============================================================
# BITSTREAM: 100us_5etapas.bit
# VENTANA: 100us
# ETAPAS_PRINCIPAL: 5
# NUM_MUESTRAS: 500
# FORMATO: idx	freq1_hz	freq2_hz	freq3_hz	freq4_hz
============================================================
idx	freq1_hz	freq2_hz	freq3_hz	freq4_hz
0	33480000	33480000	33490000	33490000
1	33480000	33480000	33490000	33480000
2	33490000	33480000	33480000	33480000
3	33480000	33480000	33480000	33480000
4	33480000	33470000	33480000	33470000
5	33480000	33480000	33480000	33480000
6	33480000	33480000	33490000	33480000
7	33480000	33480000	33470000	33470000
8	33480000	33480000	33470000	33480000
9	33480000	33480000	33480000	33480000
10	33480000	33480000	33480000	33480000
11	33470000	33470000	33480000	33480000
12	33480000	33480000	33480000	33480000
13	33480000	33480000	33480000	33480000
14	33480000	33470000	33470000	33470000
15	33480000	33480000	33480000	33480000
16	33480000	33480000	33480000	33480000
17	33490000	33480000	33480000	33480000
18	33480000	33480000	33480000	33470000
19	33470000	33480000	33480000	33480000
20	33480000	33480000	33490000	33480000
21	33470000	33470000	33480000	33470000
22	33480000	33480000	33480000	33480000
23	33470000	33470000	33480000	33480000
24	33480000	33480000	33480000	33480000
25	33480000	33490000	33480000	33490000
26	33470000	33470000	33470000	33470000
27	33480000	33470000	33480000	33480000
28	33470000	33480000	33480000	33480000
29	33480000	33490000	33490000	33490000
30	33480000	33490000	33480000	33490000
31	33480000	33480000	33480000	33480000
32	33490000	33490000	33490000	33490000
33	33480000	33490000	33490000	33490000
34	33490000	33490000	33480000	33490000
35	33480000	33480000	33480000	33480000
36	33480000	33490000	33490000	33490000
37	33480000	33470000	33480000	33480000
38	33480000	33480000	33480000	33480000
39	33480000	33480000	33480000	33480000
40	33480000	33480000	33470000	33480000
41	33480000	33480000	33480000	33480000
42	33480000	33480000	33480000	33480000
43	33470000	33480000	33480000	33480000
44	33470000	33460000	33470000	33460000
45	33480000	33480000	33480000	33480000
46	33480000	33470000	33480000	33470000
47	33480000	33480000	33490000	33490000
48	33480000	33480000	33480000	33480000
49	33480000	33480000	33480000	33480000
50	33490000	33490000	33490000	33490000
51	33480000	33480000	33480000	33480000
52	33490000	33480000	33480000	33480000
53	33490000	33480000	33490000	33480000
54	33470000	33480000	33480000	33480000
55	33480000	33480000	33480000	33480000
56	33480000	33480000	33480000	33480000
57	33490000	33480000	33490000	33490000
58	33480000	33480000	33480000	33480000
59	33480000	33480000	33480000	33480000
60	33490000	33480000	33480000	33480000
61	33480000	33480000	33480000	33480000
62	33480000	33480000	33490000	33490000
63	33480000	33480000	33480000	33480000
64	33480000	33480000	33480000	33480000
65	33480000	33470000	33480000	33470000
66	33480000	33480000	33480000	33480000
67	33480000	33480000	33490000	33480000
68	33480000	33480000	33480000	33480000
69	33480000	33490000	33480000	33480000
70	33480000	33480000	33480000	33480000
71	33470000	33480000	33480000	33480000
72	33480000	33490000	33480000	33490000
73	33470000	33480000	33480000	33480000
74	33480000	33480000	33480000	33490000
75	33480000	33490000	33490000	33490000
76	33480000	33480000	33480000	33480000
77	33480000	33480000	33480000	33480000
78	33480000	33480000	33480000	33480000
79	33480000	33470000	33480000	33480000
80	33490000	33480000	33480000	33480000
81	33490000	33490000	33490000	33490000
82	33490000	33480000	33490000	33480000
83	33490000	33490000	33480000	33480000
84	33480000	33480000	33490000	33480000
85	33490000	33490000	33490000	33490000
86	33480000	33480000	33490000	33490000
87	33480000	33480000	33490000	33480000
88	33490000	33490000	33480000	33480000
89	33480000	33480000	33480000	33480000
90	33500000	33490000	33490000	33490000
91	33480000	33480000	33480000	33480000
92	33490000	33490000	33490000	33490000
93	33480000	33490000	33480000	33490000
94	33490000	33480000	33490000	33490000
95	33480000	33480000	33480000	33480000
96	33490000	33490000	33490000	33490000
97	33480000	33480000	33480000	33490000
98	33480000	33480000	33480000	33480000
99	33490000	33480000	33480000	33480000
100	33470000	33470000	33480000	33470000
101	33480000	33480000	33480000	33480000
102	33480000	33490000	33490000	33490000
103	33480000	33480000	33490000	33480000
104	33480000	33470000	33470000	33470000
105	33480000	33480000	33480000	33480000
106	33480000	33480000	33480000	33480000
107	33480000	33480000	33480000	33480000
108	33490000	33480000	33480000	33480000
109	33470000	33480000	33470000	33470000
110	33470000	33470000	33480000	33480000
111	33480000	33480000	33470000	33480000
112	33480000	33470000	33480000	33470000
113	33490000	33480000	33480000	33480000
114	33480000	33480000	33480000	33480000
115	33480000	33480000	33480000	33490000
116	33470000	33480000	33480000	33480000
117	33470000	33470000	33480000	33480000
118	33480000	33480000	33470000	33470000
119	33480000	33480000	33480000	33480000
120	33480000	33480000	33480000	33480000
121	33480000	33470000	33480000	33470000
122	33470000	33480000	33480000	33480000
123	33470000	33480000	33480000	33480000
124	33480000	33480000	33480000	33480000
125	33490000	33490000	33480000	33480000
126	33480000	33480000	33480000	33480000
127	33480000	33470000	33470000	33470000
128	33480000	33480000	33470000	33480000
129	33480000	33480000	33490000	33480000
130	33480000	33480000	33480000	33480000
131	33480000	33470000	33470000	33470000
132	33470000	33470000	33470000	33480000
133	33470000	33470000	33480000	33480000
134	33480000	33470000	33480000	33470000
135	33480000	33480000	33480000	33480000
136	33480000	33470000	33480000	33470000
137	33470000	33470000	33470000	33470000
138	33470000	33480000	33480000	33480000
139	33480000	33480000	33480000	33480000
140	33480000	33480000	33490000	33490000
141	33470000	33470000	33480000	33480000
142	33480000	33480000	33480000	33480000
143	33470000	33470000	33480000	33480000
144	33480000	33480000	33480000	33480000
145	33480000	33470000	33470000	33470000
146	33480000	33480000	33470000	33480000
147	33480000	33480000	33480000	33480000
148	33480000	33480000	33470000	33480000
149	33470000	33480000	33480000	33480000
150	33480000	33470000	33470000	33470000
151	33480000	33480000	33470000	33480000
152	33480000	33470000	33470000	33470000
153	33480000	33480000	33480000	33480000
154	33480000	33480000	33480000	33480000
155	33480000	33480000	33490000	33480000
156	33480000	33480000	33480000	33480000
157	33480000	33480000	33480000	33480000
158	33470000	33470000	33480000	33480000
159	33480000	33470000	33480000	33470000
160	33480000	33480000	33480000	33480000
161	33470000	33470000	33480000	33480000
162	33470000	33480000	33480000	33480000
163	33480000	33480000	33470000	33480000
164	33470000	33470000	33480000	33480000
165	33480000	33480000	33470000	33470000
166	33490000	33480000	33480000	33480000
167	33480000	33480000	33480000	33480000
168	33490000	33490000	33480000	33490000
169	33480000	33480000	33480000	33480000
170	33480000	33480000	33480000	33490000
171	33480000	33470000	33470000	33470000
172	33470000	33480000	33480000	33480000
173	33480000	33480000	33490000	33480000
174	33480000	33480000	33480000	33480000
175	33480000	33480000	33470000	33470000
176	33480000	33480000	33480000	33480000
177	33470000	33480000	33470000	33470000
178	33490000	33480000	33480000	33480000
179	33480000	33480000	33480000	33480000
180	33480000	33470000	33470000	33470000
181	33480000	33480000	33490000	33480000
182	33470000	33470000	33480000	33480000
183	33480000	33480000	33480000	33480000
184	33480000	33480000	33480000	33480000
185	33480000	33490000	33480000	33490000
186	33480000	33470000	33470000	33470000
187	33480000	33470000	33480000	33470000
188	33480000	33480000	33480000	33470000
189	33480000	33490000	33480000	33490000
190	33480000	33480000	33470000	33470000
191	33470000	33470000	33480000	33470000
192	33480000	33480000	33480000	33480000
193	33470000	33480000	33470000	33480000
194	33470000	33470000	33480000	33470000
195	33470000	33470000	33480000	33480000
196	33470000	33470000	33480000	33470000
197	33470000	33470000	33480000	33480000
198	33470000	33470000	33470000	33470000
199	33470000	33470000	33480000	33470000
200	33470000	33470000	33470000	33470000
201	33480000	33480000	33480000	33480000
202	33470000	33470000	33480000	33480000
203	33480000	33480000	33480000	33480000
204	33470000	33470000	33480000	33470000
205	33470000	33470000	33470000	33470000
206	33480000	33480000	33480000	33480000
207	33480000	33480000	33480000	33480000
208	33480000	33480000	33480000	33480000
209	33470000	33470000	33470000	33470000
210	33470000	33470000	33480000	33470000
211	33480000	33470000	33480000	33470000
212	33480000	33470000	33470000	33470000
213	33470000	33480000	33480000	33480000
214	33480000	33470000	33470000	33470000
215	33480000	33470000	33480000	33480000
216	33470000	33470000	33470000	33470000
217	33470000	33460000	33470000	33470000
218	33470000	33470000	33460000	33460000
219	33480000	33480000	33470000	33480000
220	33480000	33480000	33480000	33480000
221	33470000	33480000	33480000	33480000
222	33480000	33480000	33480000	33480000
223	33480000	33480000	33480000	33480000
224	33470000	33480000	33480000	33480000
225	33480000	33470000	33480000	33470000
226	33480000	33470000	33480000	33480000
227	33470000	33470000	33470000	33470000
228	33470000	33470000	33470000	33470000
229	33470000	33470000	33480000	33470000
230	33480000	33480000	33480000	33480000
231	33480000	33470000	33470000	33470000
232	33470000	33470000	33470000	33470000
233	33480000	33480000	33480000	33480000
234	33470000	33480000	33480000	33480000
235	33480000	33480000	33490000	33480000
236	33480000	33480000	33480000	33480000
237	33480000	33490000	33490000	33490000
238	33480000	33480000	33480000	33480000
239	33480000	33490000	33480000	33480000
240	33480000	33480000	33490000	33490000
241	33480000	33480000	33480000	33480000
242	33480000	33480000	33480000	33480000
243	33480000	33480000	33480000	33480000
244	33480000	33490000	33480000	33480000
245	33480000	33480000	33480000	33480000
246	33480000	33480000	33490000	33490000
247	33470000	33470000	33480000	33470000
248	33480000	33470000	33470000	33470000
249	33480000	33480000	33490000	33480000
250	33480000	33470000	33480000	33480000
251	33480000	33480000	33480000	33480000
252	33480000	33470000	33480000	33470000
253	33480000	33470000	33480000	33470000
254	33480000	33480000	33470000	33480000
255	33490000	33480000	33480000	33480000
256	33480000	33470000	33470000	33470000
257	33490000	33480000	33480000	33480000
258	33480000	33480000	33480000	33480000
259	33480000	33480000	33480000	33480000
260	33480000	33480000	33480000	33480000
261	33480000	33480000	33480000	33480000
262	33480000	33480000	33490000	33480000
263	33480000	33480000	33480000	33480000
264	33480000	33480000	33480000	33480000
265	33480000	33480000	33480000	33480000
266	33480000	33480000	33490000	33480000
267	33480000	33490000	33490000	33490000
268	33480000	33480000	33480000	33480000
269	33480000	33490000	33480000	33480000
270	33480000	33480000	33480000	33480000
271	33480000	33470000	33470000	33470000
272	33470000	33470000	33470000	33470000
273	33480000	33480000	33480000	33480000
274	33480000	33480000	33480000	33480000
275	33470000	33470000	33470000	33470000
276	33470000	33470000	33480000	33470000
277	33470000	33470000	33470000	33480000
278	33480000	33480000	33480000	33480000
279	33480000	33480000	33470000	33480000
280	33480000	33480000	33480000	33480000
281	33470000	33470000	33480000	33470000
282	33480000	33480000	33480000	33480000
283	33480000	33480000	33480000	33480000
284	33470000	33480000	33480000	33480000
285	33480000	33470000	33480000	33470000
286	33480000	33480000	33470000	33470000
287	33480000	33480000	33480000	33480000
288	33480000	33480000	33480000	33480000
289	33480000	33480000	33480000	33480000
290	33470000	33480000	33480000	33480000
291	33470000	33470000	33470000	33470000
292	33480000	33480000	33470000	33480000
293	33470000	33470000	33480000	33470000
294	33480000	33480000	33480000	33480000
295	33480000	33480000	33480000	33480000
296	33480000	33480000	33470000	33470000
297	33470000	33480000	33480000	33480000
298	33470000	33480000	33480000	33480000
299	33480000	33480000	33480000	33480000
300	33480000	33480000	33470000	33470000
301	33470000	33470000	33470000	33470000
302	33470000	33470000	33470000	33470000
303	33470000	33470000	33480000	33470000
304	33470000	33470000	33470000	33470000
305	33470000	33470000	33480000	33470000
306	33480000	33470000	33480000	33480000
307	33470000	33470000	33480000	33470000
308	33480000	33470000	33480000	33480000
309	33480000	33480000	33480000	33480000
310	33470000	33470000	33480000	33470000
311	33470000	33470000	33480000	33470000
312	33470000	33470000	33480000	33480000
313	33470000	33470000	33480000	33470000
314	33480000	33480000	33470000	33480000
315	33470000	33470000	33480000	33470000
316	33480000	33480000	33480000	33480000
317	33480000	33480000	33470000	33480000
318	33480000	33480000	33470000	33470000
319	33470000	33470000	33470000	33470000
320	33470000	33470000	33470000	33470000
321	33480000	33470000	33480000	33470000
322	33480000	33480000	33470000	33480000
323	33480000	33480000	33480000	33480000
324	33480000	33480000	33470000	33480000
325	33470000	33470000	33470000	33470000
326	33480000	33480000	33470000	33470000
327	33470000	33480000	33480000	33480000
328	33470000	33470000	33480000	33470000
329	33480000	33470000	33470000	33470000
330	33480000	33480000	33480000	33480000
331	33470000	33480000	33470000	33480000
332	33480000	33480000	33480000	33480000
333	33480000	33470000	33480000	33470000
334	33480000	33480000	33480000	33480000
335	33480000	33470000	33470000	33470000
336	33480000	33480000	33470000	33480000
337	33470000	33470000	33470000	33470000
338	33480000	33480000	33480000	33480000
339	33480000	33480000	33480000	33480000
340	33480000	33480000	33480000	33480000
341	33480000	33480000	33480000	33480000
342	33480000	33480000	33480000	33480000
343	33470000	33470000	33470000	33470000
344	33470000	33470000	33480000	33470000
345	33480000	33480000	33480000	33470000
346	33480000	33480000	33480000	33480000
347	33480000	33470000	33470000	33470000
348	33480000	33470000	33470000	33470000
349	33480000	33470000	33440000	33470000
350	33470000	33470000	33480000	33480000
351	33470000	33480000	33480000	33480000
352	33470000	33470000	33470000	33470000
353	33470000	33470000	33470000	33470000
354	33480000	33480000	33470000	33470000
355	33470000	33470000	33470000	33470000
356	33480000	33480000	33480000	33470000
357	33470000	33480000	33480000	33480000
358	33480000	33480000	33470000	33470000
359	33480000	33480000	33480000	33480000
360	33480000	33480000	33480000	33480000
361	33470000	33470000	33470000	33470000
362	33480000	33470000	33480000	33480000
363	33470000	33470000	33470000	33470000
364	33480000	33480000	33490000	33480000
365	33480000	33480000	33480000	33490000
366	33490000	33490000	33480000	33490000
367	33490000	33480000	33490000	33480000
368	33480000	33480000	33480000	33480000
369	33480000	33480000	33470000	33480000
370	33480000	33480000	33490000	33480000
371	33480000	33480000	33480000	33480000
372	33470000	33470000	33480000	33470000
373	33480000	33470000	33480000	33480000
374	33470000	33470000	33470000	33470000
375	33480000	33480000	33480000	33480000
376	33480000	33480000	33480000	33480000
377	33490000	33480000	33480000	33480000
378	33480000	33480000	33470000	33480000
379	33480000	33480000	33480000	33480000
380	33470000	33480000	33480000	33480000
381	33480000	33480000	33470000	33480000
382	33470000	33470000	33480000	33470000
383	33480000	33480000	33470000	33480000
384	33480000	33490000	33490000	33490000
385	33480000	33480000	33470000	33480000
386	33480000	33480000	33480000	33480000
387	33480000	33490000	33480000	33490000
388	33480000	33480000	33480000	33480000
389	33480000	33480000	33480000	33480000
390	33480000	33480000	33480000	33480000
391	33480000	33480000	33480000	33480000
392	33480000	33490000	33490000	33490000
393	33480000	33480000	33490000	33480000
394	33480000	33470000	33470000	33470000
395	33480000	33480000	33470000	33470000
396	33480000	33480000	33480000	33480000
397	33470000	33480000	33470000	33480000
398	33480000	33480000	33480000	33480000
399	33470000	33470000	33480000	33480000
400	33490000	33480000	33480000	33480000
401	33480000	33480000	33470000	33470000
402	33470000	33470000	33480000	33480000
403	33470000	33470000	33470000	33470000
404	33480000	33470000	33470000	33470000
405	33480000	33470000	33470000	33470000
406	33470000	33470000	33470000	33470000
407	33480000	33480000	33480000	33470000
408	33480000	33490000	33480000	33490000
409	33490000	33480000	33480000	33480000
410	33480000	33480000	33480000	33480000
411	33480000	33480000	33480000	33480000
412	33470000	33470000	33470000	33470000
413	33480000	33480000	33470000	33470000
414	33480000	33490000	33490000	33490000
415	33480000	33480000	33480000	33480000
416	33480000	33480000	33480000	33480000
417	33480000	33480000	33480000	33480000
418	33480000	33470000	33480000	33470000
419	33480000	33480000	33490000	33490000
420	33490000	33490000	33480000	33490000
421	33480000	33480000	33470000	33480000
422	33480000	33470000	33470000	33470000
423	33470000	33470000	33480000	33480000
424	33460000	33470000	33470000	33470000
425	33470000	33470000	33470000	33470000
426	33480000	33480000	33470000	33470000
427	33480000	33470000	33470000	33470000
428	33480000	33480000	33480000	33480000
429	33470000	33480000	33480000	33480000
430	33480000	33480000	33470000	33480000
431	33480000	33480000	33480000	33480000
432	33480000	33480000	33480000	33480000
433	33480000	33480000	33490000	33480000
434	33480000	33480000	33470000	33480000
435	33470000	33470000	33480000	33480000
436	33480000	33480000	33480000	33480000
437	33480000	33480000	33470000	33470000
438	33480000	33480000	33480000	33480000
439	33480000	33470000	33480000	33470000
440	33480000	33480000	33480000	33480000
441	33480000	33480000	33480000	33480000
442	33480000	33480000	33480000	33480000
443	33480000	33480000	33480000	33480000
444	33480000	33480000	33470000	33480000
445	33490000	33480000	33480000	33480000
446	33480000	33480000	33480000	33480000
447	33480000	33480000	33470000	33470000
448	33490000	33480000	33480000	33480000
449	33480000	33480000	33480000	33480000
450	33470000	33470000	33480000	33470000
451	33480000	33480000	33480000	33480000
452	33480000	33480000	33470000	33480000
453	33480000	33480000	33480000	33480000
454	33490000	33480000	33480000	33480000
455	33490000	33480000	33480000	33480000
456	33480000	33470000	33480000	33480000
457	33480000	33480000	33480000	33480000
458	33480000	33480000	33490000	33480000
459	33480000	33480000	33480000	33480000
460	33480000	33480000	33480000	33480000
461	33490000	33480000	33480000	33480000
462	33470000	33470000	33480000	33470000
463	33480000	33480000	33480000	33480000
464	33480000	33480000	33480000	33480000
465	33480000	33470000	33480000	33470000
466	33480000	33480000	33490000	33490000
467	33490000	33480000	33480000	33480000
468	33480000	33480000	33490000	33490000
469	33470000	33480000	33480000	33480000
470	33480000	33480000	33470000	33480000
471	33490000	33480000	33480000	33480000
472	33470000	33480000	33470000	33480000
473	33480000	33480000	33500000	33480000
474	33480000	33470000	33470000	33470000
475	33480000	33480000	33480000	33480000
476	33480000	33480000	33470000	33470000
477	33480000	33470000	33480000	33470000
478	33490000	33490000	33490000	33490000
479	33470000	33480000	33480000	33480000
480	33480000	33480000	33480000	33480000
481	33470000	33480000	33480000	33480000
482	33490000	33490000	33480000	33490000
483	33480000	33480000	33480000	33480000
484	33480000	33470000	33470000	33470000
485	33490000	33490000	33490000	33490000
486	33480000	33480000	33480000	33480000
487	33470000	33470000	33470000	33470000
488	33480000	33480000	33480000	33480000
489	33480000	33470000	33470000	33470000
490	33480000	33470000	33480000	33480000
491	33480000	33480000	33490000	33480000
492	33470000	33470000	33470000	33470000
493	33480000	33480000	33480000	33480000
494	33480000	33480000	33490000	33480000
495	33490000	33490000	33490000	33490000
496	33480000	33480000	33480000	33480000
497	33470000	33480000	33480000	33480000
498	33480000	33480000	33490000	33480000
499	33470000	33470000	33470000	33470000

============================================================
# BITSTREAM: 100us_51etapas.bit
# VENTANA: 100us
# ETAPAS_PRINCIPAL: 51
# NUM_MUESTRAS: 500
# FORMATO: idx	freq1_hz	freq2_hz	freq3_hz	freq4_hz
============================================================
idx	freq1_hz	freq2_hz	freq3_hz	freq4_hz
0	27970000	31390000	31550000	28710000
1	27960000	31380000	31550000	28700000
2	27950000	31390000	31550000	28710000
3	27960000	31390000	31550000	28710000
4	27950000	31380000	31540000	28700000
5	27950000	31380000	31540000	28700000
6	27950000	31380000	31550000	28710000
7	27950000	31380000	31540000	28700000
8	27950000	31380000	31540000	28700000
9	27960000	31390000	31550000	28710000
10	27960000	31390000	31540000	28710000
11	27960000	31380000	31540000	28700000
12	27960000	31390000	31550000	28710000
13	27960000	31380000	31550000	28710000
14	27950000	31390000	31550000	28710000
15	27960000	31390000	31550000	28710000
16	27960000	31380000	31550000	28700000
17	27960000	31390000	31550000	28710000
18	27950000	31380000	31540000	28700000
19	27960000	31390000	31550000	28710000
20	27960000	31380000	31550000	28710000
21	27960000	31390000	31560000	28710000
22	27950000	31390000	31550000	28710000
23	27960000	31390000	31540000	28710000
24	27950000	31380000	31540000	28700000
25	27960000	31390000	31550000	28700000
26	27960000	31380000	31550000	28700000
27	27950000	31380000	31540000	28700000
28	27950000	31390000	31540000	28700000
29	27960000	31380000	31540000	28710000
30	27960000	31390000	31540000	28710000
31	27960000	31390000	31540000	28700000
32	27960000	31380000	31540000	28700000
33	27960000	31390000	31540000	28710000
34	27960000	31390000	31550000	28700000
35	27960000	31380000	31540000	28710000
36	27950000	31390000	31550000	28700000
37	27960000	31390000	31540000	28710000
38	27960000	31380000	31540000	28710000
39	27960000	31380000	31540000	28710000
40	27960000	31380000	31540000	28710000
41	27960000	31390000	31550000	28710000
42	27960000	31380000	31540000	28700000
43	27960000	31380000	31550000	28710000
44	27960000	31380000	31540000	28700000
45	27950000	31390000	31550000	28710000
46	27950000	31380000	31540000	28700000
47	27950000	31390000	31550000	28710000
48	27950000	31390000	31540000	28710000
49	27960000	31380000	31540000	28710000
50	27960000	31380000	31540000	28700000
51	27950000	31390000	31540000	28700000
52	27950000	31380000	31540000	28700000
53	27960000	31380000	31540000	28700000
54	27960000	31390000	31550000	28700000
55	27960000	31380000	31550000	28710000
56	27960000	31390000	31540000	28720000
57	27950000	31390000	31550000	28700000
58	27950000	31380000	31540000	28700000
59	27950000	31380000	31550000	28700000
60	27950000	31390000	31550000	28710000
61	27960000	31390000	31550000	28720000
62	27950000	31380000	31540000	28700000
63	27950000	31380000	31540000	28700000
64	27960000	31380000	31550000	28710000
65	27940000	31370000	31530000	28700000
66	27960000	31390000	31550000	28710000
67	27960000	31380000	31540000	28700000
68	27950000	31390000	31540000	28700000
69	27950000	31390000	31550000	28710000
70	27960000	31380000	31540000	28710000
71	27960000	31390000	31540000	28700000
72	27950000	31380000	31550000	28720000
73	27960000	31390000	31540000	28710000
74	27960000	31390000	31550000	28710000
75	27960000	31380000	31540000	28700000
76	27960000	31390000	31550000	28700000
77	27960000	31390000	31540000	28710000
78	27960000	31380000	31540000	28700000
79	27950000	31390000	31550000	28700000
80	27960000	31390000	31550000	28720000
81	27960000	31390000	31550000	28720000
82	27960000	31390000	31550000	28700000
83	27960000	31390000	31550000	28710000
84	27960000	31380000	31550000	28700000
85	27960000	31390000	31550000	28710000
86	27950000	31380000	31540000	28710000
87	27960000	31390000	31550000	28720000
88	27960000	31390000	31540000	28700000
89	27960000	31380000	31540000	28700000
90	27950000	31380000	31550000	28700000
91	27960000	31380000	31540000	28710000
92	27960000	31380000	31540000	28710000
93	27960000	31380000	31540000	28710000
94	27950000	31370000	31540000	28700000
95	27960000	31380000	31540000	28700000
96	27960000	31380000	31540000	28700000
97	27960000	31390000	31550000	28700000
98	27960000	31390000	31550000	28700000
99	27960000	31380000	31540000	28710000
100	27950000	31380000	31540000	28710000
101	27960000	31380000	31540000	28710000
102	27950000	31370000	31540000	28700000
103	27960000	31380000	31540000	28700000
104	27960000	31390000	31540000	28710000
105	27960000	31390000	31550000	28700000
106	27960000	31390000	31550000	28710000
107	27950000	31380000	31540000	28700000
108	27950000	31390000	31550000	28710000
109	27960000	31380000	31540000	28710000
110	27960000	31390000	31550000	28710000
111	27950000	31390000	31550000	28710000
112	27960000	31390000	31550000	28700000
113	27960000	31390000	31540000	28710000
114	27960000	31380000	31550000	28710000
115	27950000	31380000	31540000	28700000
116	27960000	31380000	31550000	28710000
117	27960000	31380000	31540000	28700000
118	27960000	31390000	31550000	28710000
119	27960000	31390000	31550000	28710000
120	27960000	31380000	31540000	28710000
121	27950000	31380000	31540000	28700000
122	27960000	31390000	31540000	28710000
123	27950000	31380000	31540000	28700000
124	27950000	31380000	31540000	28700000
125	27960000	31380000	31540000	28700000
126	27960000	31380000	31540000	28710000
127	27970000	31380000	31540000	28710000
128	27960000	31390000	31550000	28710000
129	27960000	31380000	31540000	28700000
130	27970000	31390000	31550000	28710000
131	27960000	31380000	31540000	28700000
132	27960000	31390000	31550000	28710000
133	27960000	31390000	31550000	28710000
134	27960000	31390000	31540000	28710000
135	27960000	31380000	31550000	28710000
136	27950000	31380000	31540000	28700000
137	27980000	31380000	31540000	28700000
138	27950000	31380000	31550000	28700000
139	27950000	31390000	31550000	28710000
140	27960000	31390000	31550000	28700000
141	27960000	31390000	31540000	28700000
142	27950000	31380000	31540000	28700000
143	27950000	31370000	31530000	28700000
144	27950000	31380000	31540000	28690000
145	27950000	31380000	31540000	28700000
146	27950000	31370000	31540000	28700000
147	27950000	31380000	31540000	28700000
148	27950000	31380000	31540000	28700000
149	27950000	31370000	31530000	28700000
150	27960000	31380000	31540000	28710000
151	27950000	31390000	31550000	28710000
152	27950000	31390000	31550000	28710000
153	27950000	31390000	31550000	28700000
154	27950000	31390000	31550000	28710000
155	27950000	31380000	31540000	28710000
156	27950000	31380000	31540000	28700000
157	27960000	31390000	31550000	28710000
158	27950000	31380000	31540000	28700000
159	27960000	31380000	31550000	28720000
160	27960000	31390000	31550000	28710000
161	27960000	31390000	31550000	28710000
162	27940000	31380000	31540000	28700000
163	27950000	31380000	31540000	28700000
164	27950000	31390000	31550000	28700000
165	27950000	31390000	31540000	28700000
166	27950000	31380000	31550000	28710000
167	27960000	31380000	31550000	28700000
168	27950000	31380000	31550000	28710000
169	27960000	31390000	31550000	28710000
170	27950000	31380000	31540000	28710000
171	27960000	31390000	31550000	28700000
172	27960000	31390000	31550000	28710000
173	27950000	31390000	31550000	28710000
174	27950000	31380000	31540000	28700000
175	27960000	31390000	31550000	28710000
176	27960000	31390000	31550000	28710000
177	27960000	31390000	31550000	28710000
178	27950000	31390000	31550000	28720000
179	27950000	31380000	31540000	28710000
180	27950000	31390000	31540000	28710000
181	27960000	31390000	31550000	28700000
182	27950000	31380000	31540000	28710000
183	27950000	31380000	31540000	28700000
184	27960000	31380000	31550000	28710000
185	27960000	31390000	31550000	28710000
186	27950000	31380000	31540000	28700000
187	27960000	31380000	31540000	28710000
188	27970000	31390000	31550000	28710000
189	27950000	31380000	31540000	28700000
190	27950000	31380000	31540000	28710000
191	27950000	31380000	31540000	28710000
192	27960000	31380000	31540000	28700000
193	27960000	31380000	31530000	28710000
194	27960000	31380000	31550000	28710000
195	27950000	31380000	31540000	28700000
196	27950000	31380000	31540000	28700000
197	27940000	31380000	31540000	28700000
198	27960000	31390000	31550000	28710000
199	27960000	31390000	31550000	28710000
200	27960000	31380000	31540000	28710000
201	27960000	31380000	31550000	28700000
202	27950000	31380000	31540000	28700000
203	27960000	31380000	31540000	28710000
204	27960000	31380000	31540000	28710000
205	27960000	31380000	31540000	28700000
206	27960000	31380000	31540000	28700000
207	27970000	31380000	31540000	28710000
208	27970000	31390000	31540000	28710000
209	27960000	31380000	31540000	28710000
210	27950000	31380000	31540000	28700000
211	27950000	31380000	31540000	28700000
212	27950000	31380000	31540000	28700000
213	27960000	31380000	31540000	28700000
214	27950000	31380000	31540000	28700000
215	27950000	31380000	31550000	28700000
216	27960000	31380000	31540000	28700000
217	27960000	31380000	31540000	28700000
218	27950000	31380000	31540000	28700000
219	27960000	31380000	31550000	28700000
220	27950000	31380000	31540000	28710000
221	27960000	31390000	31540000	28710000
222	27960000	31380000	31540000	28710000
223	27960000	31380000	31550000	28710000
224	27960000	31380000	31540000	28710000
225	27950000	31380000	31550000	28710000
226	27950000	31390000	31540000	28710000
227	27950000	31370000	31540000	28700000
228	27960000	31390000	31550000	28700000
229	27950000	31380000	31540000	28710000
230	27960000	31390000	31540000	28710000
231	27950000	31380000	31540000	28710000
232	27960000	31390000	31550000	28710000
233	27950000	31380000	31540000	28710000
234	27950000	31380000	31540000	28710000
235	27960000	31390000	31550000	28710000
236	27950000	31380000	31540000	28700000
237	27960000	31380000	31550000	28710000
238	27950000	31380000	31540000	28700000
239	27960000	31390000	31550000	28710000
240	27970000	31400000	31560000	28710000
241	27960000	31380000	31540000	28710000
242	27960000	31390000	31550000	28700000
243	27960000	31390000	31550000	28700000
244	27970000	31390000	31550000	28710000
245	27950000	31390000	31550000	28700000
246	27950000	31380000	31540000	28710000
247	27960000	31380000	31540000	28710000
248	27970000	31380000	31540000	28710000
249	27950000	31380000	31540000	28700000
250	27960000	31380000	31540000	28700000
251	27950000	31380000	31540000	28700000
252	27960000	31380000	31540000	28700000
253	27950000	31390000	31550000	28710000
254	27950000	31380000	31530000	28710000
255	27960000	31390000	31550000	28710000
256	27950000	31380000	31540000	28700000
257	27960000	31390000	31550000	28710000
258	27950000	31380000	31540000	28700000
259	27950000	31370000	31540000	28700000
260	27960000	31380000	31540000	28700000
261	27950000	31380000	31540000	28690000
262	27950000	31390000	31550000	28710000
263	27960000	31370000	31530000	28700000
264	27960000	31380000	31540000	28710000
265	27950000	31380000	31550000	28700000
266	27950000	31380000	31540000	28700000
267	27960000	31390000	31550000	28710000
268	27960000	31380000	31540000	28710000
269	27950000	31390000	31540000	28710000
270	27950000	31390000	31550000	28700000
271	27960000	31390000	31550000	28710000
272	27950000	31380000	31540000	28700000
273	27960000	31380000	31540000	28700000
274	27950000	31380000	31540000	28710000
275	27960000	31380000	31540000	28700000
276	27950000	31380000	31530000	28700000
277	27960000	31380000	31540000	28700000
278	27950000	31380000	31540000	28710000
279	27960000	31380000	31540000	28710000
280	27960000	31390000	31540000	28710000
281	27960000	31390000	31550000	28700000
282	27950000	31380000	31540000	28700000
283	27960000	31380000	31550000	28700000
284	27930000	31380000	31550000	28700000
285	27950000	31380000	31540000	28710000
286	27950000	31380000	31540000	28700000
287	27960000	31390000	31540000	28720000
288	27960000	31390000	31540000	28710000
289	27950000	31390000	31550000	28700000
290	27960000	31380000	31540000	28700000
291	27960000	31380000	31550000	28710000
292	27950000	31390000	31550000	28710000
293	27960000	31390000	31540000	28700000
294	27950000	31380000	31540000	28700000
295	27960000	31390000	31550000	28710000
296	27950000	31390000	31550000	28710000
297	27950000	31380000	31540000	28700000
298	27960000	31390000	31540000	28710000
299	27950000	31380000	31540000	28700000
300	27960000	31380000	31540000	28700000
301	27960000	31380000	31540000	28710000
302	27960000	31390000	31550000	28710000
303	27970000	31380000	31540000	28710000
304	27960000	31390000	31550000	28710000
305	27950000	31390000	31550000	28710000
306	27950000	31380000	31540000	28700000
307	27960000	31380000	31540000	28710000
308	27960000	31380000	31540000	28710000
309	27950000	31380000	31540000	28710000
310	27950000	31390000	31550000	28710000
311	27950000	31380000	31540000	28700000
312	27960000	31390000	31540000	28700000
313	27960000	31390000	31540000	28710000
314	27960000	31390000	31550000	28710000
315	27960000	31390000	31550000	28710000
316	27960000	31380000	31540000	28710000
317	27960000	31390000	31550000	28710000
318	27950000	31380000	31540000	28710000
319	27960000	31380000	31540000	28710000
320	27950000	31380000	31540000	28710000
321	27950000	31390000	31550000	28710000
322	27960000	31390000	31550000	28710000
323	27960000	31380000	31540000	28710000
324	27960000	31390000	31540000	28710000
325	27960000	31390000	31550000	28710000
326	27960000	31390000	31550000	28720000
327	27950000	31390000	31540000	28710000
328	27950000	31380000	31540000	28700000
329	27960000	31390000	31550000	28710000
330	27950000	31380000	31540000	28700000
331	27960000	31390000	31550000	28710000
332	27960000	31380000	31540000	28710000
333	27960000	31380000	31540000	28710000
334	27960000	31390000	31550000	28700000
335	27950000	31380000	31540000	28710000
336	27960000	31390000	31540000	28710000
337	27960000	31390000	31550000	28710000
338	27950000	31390000	31550000	28700000
339	27960000	31390000	31550000	28710000
340	27960000	31380000	31540000	28710000
341	27960000	31380000	31540000	28710000
342	27960000	31390000	31550000	28710000
343	27960000	31390000	31550000	28710000
344	27950000	31390000	31540000	28700000
345	27950000	31380000	31540000	28710000
346	27960000	31390000	31550000	28710000
347	27960000	31380000	31540000	28700000
348	27950000	31380000	31540000	28710000
349	27960000	31390000	31550000	28720000
350	27950000	31380000	31550000	28710000
351	27960000	31380000	31550000	28710000
352	27960000	31380000	31540000	28710000
353	27960000	31390000	31550000	28710000
354	27960000	31390000	31550000	28710000
355	27960000	31390000	31550000	28710000
356	27960000	31380000	31550000	28710000
357	27970000	31390000	31550000	28710000
358	27970000	31380000	31550000	28710000
359	27960000	31390000	31550000	28710000
360	27950000	31380000	31540000	28700000
361	27950000	31380000	31540000	28710000
362	27960000	31390000	31550000	28720000
363	27960000	31390000	31550000	28720000
364	27950000	31390000	31550000	28700000
365	27950000	31380000	31540000	28710000
366	27950000	31380000	31540000	28700000
367	27960000	31380000	31540000	28710000
368	27960000	31390000	31550000	28710000
369	27950000	31390000	31550000	28710000
370	27960000	31380000	31540000	28710000
371	27970000	31390000	31550000	28720000
372	27950000	31390000	31550000	28710000
373	27950000	31380000	31540000	28700000
374	27950000	31380000	31540000	28710000
375	27950000	31380000	31540000	28700000
376	27950000	31390000	31550000	28700000
377	27950000	31390000	31550000	28710000
378	27950000	31380000	31540000	28700000
379	27950000	31380000	31540000	28700000
380	27960000	31380000	31540000	28710000
381	27960000	31380000	31540000	28700000
382	27950000	31380000	31540000	28710000
383	27950000	31380000	31540000	28700000
384	27960000	31380000	31540000	28710000
385	27950000	31380000	31540000	28710000
386	27960000	31380000	31550000	28710000
387	27950000	31390000	31540000	28710000
388	27970000	31390000	31550000	28710000
389	27950000	31380000	31540000	28700000
390	27950000	31390000	31540000	28700000
391	27960000	31390000	31550000	28700000
392	27960000	31390000	31550000	28710000
393	27950000	31390000	31550000	28710000
394	27960000	31390000	31550000	28710000
395	27960000	31390000	31550000	28710000
396	27960000	31390000	31550000	28710000
397	27960000	31380000	31540000	28710000
398	27950000	31390000	31550000	28710000
399	27960000	31390000	31540000	28710000
400	27960000	31390000	31550000	28710000
401	27950000	31380000	31540000	28710000
402	27950000	31380000	31540000	28700000
403	27960000	31390000	31540000	28700000
404	27950000	31380000	31540000	28700000
405	27970000	31390000	31550000	28700000
406	27950000	31390000	31540000	28710000
407	27950000	31380000	31550000	28710000
408	27960000	31390000	31550000	28710000
409	27960000	31380000	31540000	28710000
410	27960000	31390000	31550000	28710000
411	27960000	31380000	31540000	28710000
412	27960000	31390000	31550000	28710000
413	27950000	31390000	31550000	28710000
414	27960000	31390000	31550000	28710000
415	27950000	31380000	31540000	28710000
416	27960000	31390000	31540000	28710000
417	27960000	31380000	31540000	28700000
418	27960000	31380000	31540000	28700000
419	27960000	31380000	31540000	28710000
420	27950000	31380000	31540000	28710000
421	27960000	31380000	31540000	28700000
422	27960000	31380000	31540000	28700000
423	27970000	31380000	31540000	28700000
424	27950000	31380000	31540000	28700000
425	27950000	31390000	31540000	28700000
426	27950000	31380000	31540000	28700000
427	27960000	31390000	31550000	28710000
428	27950000	31380000	31550000	28700000
429	27970000	31390000	31550000	28710000
430	27960000	31380000	31540000	28710000
431	27950000	31390000	31550000	28700000
432	27960000	31390000	31550000	28700000
433	27950000	31390000	31550000	28700000
434	27960000	31390000	31540000	28710000
435	27950000	31380000	31540000	28700000
436	27960000	31390000	31550000	28710000
437	27960000	31380000	31540000	28710000
438	27950000	31380000	31540000	28700000
439	27960000	31390000	31540000	28710000
440	27970000	31390000	31550000	28710000
441	27960000	31390000	31550000	28710000
442	27960000	31380000	31540000	28700000
443	27960000	31390000	31550000	28700000
444	27960000	31390000	31550000	28710000
445	27960000	31390000	31550000	28710000
446	27960000	31390000	31540000	28710000
447	27970000	31380000	31540000	28710000
448	27960000	31390000	31550000	28700000
449	27950000	31380000	31540000	28700000
450	27960000	31380000	31540000	28700000
451	27970000	31380000	31540000	28710000
452	27960000	31390000	31550000	28710000
453	27950000	31390000	31540000	28710000
454	27960000	31380000	31540000	28700000
455	27960000	31390000	31550000	28700000
456	27950000	31390000	31550000	28700000
457	27950000	31380000	31540000	28710000
458	27950000	31380000	31540000	28700000
459	27950000	31380000	31540000	28710000
460	27970000	31390000	31550000	28710000
461	27960000	31380000	31540000	28700000
462	27960000	31380000	31550000	28710000
463	27970000	31390000	31550000	28710000
464	27950000	31390000	31550000	28700000
465	27950000	31380000	31540000	28700000
466	27950000	31380000	31540000	28700000
467	27950000	31380000	31540000	28700000
468	27950000	31380000	31540000	28700000
469	27960000	31380000	31540000	28710000
470	27950000	31390000	31550000	28700000
471	27960000	31390000	31550000	28710000
472	27950000	31380000	31540000	28700000
473	27950000	31380000	31540000	28700000
474	27960000	31380000	31540000	28700000
475	27960000	31380000	31540000	28700000
476	27960000	31380000	31550000	28710000
477	27960000	31380000	31550000	28710000
478	27960000	31380000	31540000	28710000
479	27960000	31380000	31520000	28700000
480	27950000	31390000	31550000	28710000
481	27960000	31390000	31540000	28710000
482	27960000	31380000	31540000	28710000
483	27960000	31380000	31540000	28700000
484	27960000	31390000	31540000	28710000
485	27960000	31380000	31540000	28700000
486	27950000	31370000	31540000	28700000
487	27960000	31390000	31550000	28700000
488	27950000	31390000	31550000	28710000
489	27960000	31380000	31550000	28710000
490	27950000	31380000	31540000	28700000
491	27960000	31380000	31550000	28710000
492	27950000	31380000	31550000	28700000
493	27950000	31380000	31540000	28710000
494	27960000	31390000	31550000	28710000
495	27950000	31380000	31540000	28710000
496	27960000	31380000	31540000	28700000
497	27950000	31390000	31550000	28710000
498	27960000	31380000	31540000	28700000
499	27950000	31390000	31540000	28700000

============================================================
# BITSTREAM: 100us_101etapas.bit
# VENTANA: 100us
# ETAPAS_PRINCIPAL: 101
# NUM_MUESTRAS: 500
# FORMATO: idx	freq1_hz	freq2_hz	freq3_hz	freq4_hz
============================================================
idx	freq1_hz	freq2_hz	freq3_hz	freq4_hz
0	8230000	9770000	8850000	8890000
1	8230000	9760000	8840000	8890000
2	8220000	9770000	8840000	8880000
3	8230000	9760000	8840000	8880000
4	8230000	9760000	8840000	8880000
5	8230000	9770000	8850000	8890000
6	8220000	9770000	8840000	8890000
7	8230000	9770000	8840000	8900000
8	8230000	9770000	8850000	8890000
9	8220000	9770000	8850000	8890000
10	8220000	9770000	8850000	8890000
11	8220000	9770000	8850000	8890000
12	8230000	9770000	8840000	8890000
13	8220000	9770000	8840000	8880000
14	8220000	9770000	8840000	8890000
15	8220000	9770000	8840000	8890000
16	8220000	9770000	8840000	8890000
17	8220000	9770000	8840000	8890000
18	8220000	9770000	8840000	8880000
19	8220000	9770000	8840000	8890000
20	8220000	9770000	8840000	8890000
21	8230000	9770000	8850000	8890000
22	8220000	9770000	8850000	8880000
23	8230000	9770000	8850000	8890000
24	8230000	9770000	8840000	8890000
25	8220000	9770000	8850000	8890000
26	8220000	9770000	8840000	8890000
27	8220000	9770000	8840000	8890000
28	8220000	9770000	8840000	8890000
29	8220000	9760000	8840000	8880000
30	8230000	9770000	8850000	8890000
31	8230000	9760000	8850000	8890000
32	8230000	9770000	8840000	8890000
33	8230000	9770000	8850000	8890000
34	8230000	9770000	8840000	8900000
35	8220000	9760000	8840000	8880000
36	8220000	9770000	8850000	8880000
37	8220000	9770000	8840000	8880000
38	8230000	9770000	8850000	8890000
39	8220000	9770000	8840000	8880000
40	8220000	9770000	8850000	8900000
41	8220000	9770000	8840000	8880000
42	8220000	9770000	8840000	8890000
43	8220000	9760000	8850000	8890000
44	8220000	9770000	8850000	8890000
45	8220000	9770000	8840000	8890000
46	8230000	9770000	8840000	8880000
47	8220000	9770000	8850000	8890000
48	8220000	9770000	8840000	8890000
49	8230000	9770000	8850000	8890000
50	8220000	9770000	8850000	8890000
51	8220000	9770000	8840000	8890000
52	8230000	9770000	8840000	8890000
53	8230000	9770000	8850000	8890000
54	8230000	9770000	8840000	8890000
55	8220000	9770000	8840000	8880000
56	8220000	9770000	8850000	8890000
57	8230000	9770000	8840000	8890000
58	8220000	9760000	8840000	8890000
59	8220000	9770000	8840000	8890000
60	8220000	9770000	8840000	8890000
61	8230000	9770000	8850000	8890000
62	8220000	9770000	8840000	8890000
63	8230000	9770000	8850000	8880000
64	8220000	9770000	8840000	8890000
65	8220000	9760000	8840000	8890000
66	8230000	9770000	8840000	8890000
67	8230000	9770000	8850000	8890000
68	8220000	9770000	8840000	8890000
69	8220000	9760000	8840000	8880000
70	8230000	9770000	8840000	8890000
71	8220000	9760000	8840000	8890000
72	8220000	9760000	8840000	8890000
73	8220000	9770000	8840000	8890000
74	8220000	9770000	8840000	8880000
75	8220000	9770000	8840000	8890000
76	8220000	9770000	8850000	8880000
77	8230000	9760000	8840000	8880000
78	8220000	9770000	8850000	8890000
79	8220000	9770000	8850000	8890000
80	8230000	9760000	8850000	8880000
81	8220000	9770000	8840000	8890000
82	8220000	9770000	8850000	8890000
83	8220000	9770000	8850000	8880000
84	8220000	9760000	8840000	8890000
85	8230000	9770000	8850000	8880000
86	8230000	9770000	8850000	8890000
87	8220000	9770000	8850000	8890000
88	8220000	9770000	8840000	8880000
89	8220000	9770000	8840000	8890000
90	8230000	9770000	8840000	8890000
91	8230000	9770000	8840000	8890000
92	8230000	9760000	8840000	8880000
93	8220000	9770000	8850000	8890000
94	8220000	9760000	8840000	8880000
95	8220000	9760000	8850000	8890000
96	8220000	9770000	8840000	8890000
97	8220000	9760000	8850000	8890000
98	8220000	9760000	8840000	8880000
99	8220000	9770000	8850000	8890000
100	8220000	9770000	8850000	8880000
101	8220000	9770000	8840000	8890000
102	8220000	9770000	8840000	8890000
103	8230000	9770000	8840000	8880000
104	8220000	9770000	8840000	8880000
105	8220000	9760000	8840000	8880000
106	8230000	9770000	8840000	8880000
107	8220000	9770000	8840000	8890000
108	8220000	9770000	8840000	8890000
109	8220000	9770000	8840000	8890000
110	8230000	9760000	8840000	8890000
111	8220000	9760000	8840000	8890000
112	8220000	9760000	8850000	8880000
113	8230000	9760000	8840000	8880000
114	8220000	9770000	8840000	8880000
115	8230000	9760000	8840000	8890000
116	8220000	9770000	8850000	8880000
117	8230000	9770000	8840000	8890000
118	8220000	9770000	8840000	8890000
119	8220000	9760000	8850000	8890000
120	8230000	9770000	8840000	8880000
121	8230000	9770000	8850000	8880000
122	8220000	9770000	8850000	8890000
123	8230000	9770000	8850000	8890000
124	8220000	9770000	8840000	8890000
125	8220000	9770000	8850000	8890000
126	8220000	9770000	8840000	8880000
127	8230000	9770000	8840000	8890000
128	8220000	9770000	8840000	8890000
129	8230000	9770000	8840000	8880000
130	8220000	9770000	8840000	8890000
131	8230000	9770000	8850000	8890000
132	8220000	9760000	8840000	8890000
133	8220000	9770000	8840000	8890000
134	8220000	9770000	8850000	8890000
135	8220000	9770000	8850000	8880000
136	8230000	9770000	8840000	8890000
137	8230000	9770000	8850000	8890000
138	8230000	9770000	8840000	8880000
139	8230000	9770000	8840000	8880000
140	8220000	9770000	8840000	8890000
141	8220000	9760000	8840000	8880000
142	8230000	9770000	8850000	8890000
143	8230000	9760000	8850000	8890000
144	8230000	9770000	8840000	8890000
145	8220000	9770000	8850000	8890000
146	8220000	9770000	8840000	8880000
147	8220000	9770000	8850000	8890000
148	8220000	9770000	8840000	8890000
149	8230000	9760000	8840000	8880000
150	8230000	9770000	8840000	8890000
151	8230000	9770000	8850000	8890000
152	8220000	9770000	8840000	8890000
153	8220000	9770000	8840000	8890000
154	8230000	9770000	8840000	8890000
155	8230000	9770000	8840000	8890000
156	8220000	9760000	8840000	8880000
157	8220000	9770000	8840000	8880000
158	8220000	9770000	8840000	8890000
159	8220000	9760000	8850000	8880000
160	8220000	9760000	8850000	8890000
161	8220000	9770000	8840000	8890000
162	8230000	9770000	8840000	8880000
163	8220000	9770000	8840000	8890000
164	8220000	9760000	8840000	8890000
165	8230000	9770000	8850000	8890000
166	8230000	9760000	8850000	8890000
167	8230000	9770000	8850000	8890000
168	8220000	9760000	8840000	8890000
169	8230000	9760000	8840000	8890000
170	8220000	9770000	8850000	8880000
171	8230000	9770000	8840000	8890000
172	8220000	9770000	8840000	8880000
173	8220000	9770000	8840000	8880000
174	8230000	9770000	8840000	8880000
175	8220000	9770000	8840000	8880000
176	8230000	9770000	8850000	8890000
177	8220000	9770000	8840000	8890000
178	8230000	9770000	8840000	8880000
179	8220000	9760000	8840000	8880000
180	8220000	9770000	8840000	8890000
181	8220000	9770000	8850000	8880000
182	8220000	9770000	8840000	8880000
183	8230000	9770000	8840000	8890000
184	8230000	9760000	8840000	8880000
185	8220000	9770000	8840000	8890000
186	8230000	9760000	8840000	8880000
187	8220000	9770000	8840000	8880000
188	8230000	9770000	8840000	8890000
189	8230000	9770000	8840000	8890000
190	8220000	9770000	8840000	8880000
191	8220000	9760000	8840000	8890000
192	8220000	9770000	8840000	8890000
193	8220000	9770000	8850000	8890000
194	8230000	9760000	8850000	8890000
195	8220000	9770000	8840000	8880000
196	8220000	9770000	8840000	8880000
197	8230000	9770000	8850000	8890000
198	8220000	9770000	8840000	8880000
199	8220000	9770000	8840000	8880000
200	8220000	9770000	8850000	8890000
201	8220000	9770000	8850000	8890000
202	8220000	9770000	8840000	8880000
203	8220000	9760000	8840000	8890000
204	8220000	9770000	8840000	8890000
205	8220000	9770000	8840000	8890000
206	8220000	9770000	8840000	8880000
207	8220000	9770000	8840000	8880000
208	8220000	9760000	8840000	8880000
209	8230000	9770000	8850000	8890000
210	8220000	9770000	8840000	8890000
211	8220000	9770000	8840000	8890000
212	8220000	9770000	8840000	8890000
213	8220000	9770000	8840000	8890000
214	8230000	9760000	8840000	8880000
215	8230000	9760000	8840000	8880000
216	8220000	9770000	8840000	8890000
217	8230000	9770000	8850000	8890000
218	8220000	9770000	8840000	8880000
219	8220000	9770000	8850000	8890000
220	8220000	9770000	8840000	8890000
221	8220000	9770000	8850000	8890000
222	8230000	9760000	8840000	8890000
223	8220000	9770000	8840000	8890000
224	8230000	9770000	8850000	8890000
225	8220000	9770000	8840000	8880000
226	8220000	9770000	8840000	8890000
227	8220000	9770000	8840000	8890000
228	8220000	9770000	8840000	8890000
229	8220000	9770000	8840000	8890000
230	8220000	9770000	8850000	8890000
231	8220000	9770000	8840000	8890000
232	8220000	9770000	8840000	8890000
233	8220000	9770000	8840000	8890000
234	8220000	9770000	8840000	8890000
235	8220000	9770000	8840000	8890000
236	8220000	9770000	8840000	8880000
237	8230000	9770000	8840000	8890000
238	8230000	9770000	8840000	8890000
239	8230000	9770000	8840000	8880000
240	8220000	9760000	8840000	8890000
241	8220000	9760000	8840000	8880000
242	8220000	9770000	8840000	8890000
243	8230000	9770000	8840000	8890000
244	8220000	9770000	8840000	8890000
245	8220000	9770000	8850000	8880000
246	8220000	9770000	8850000	8890000
247	8230000	9760000	8840000	8880000
248	8220000	9770000	8840000	8880000
249	8220000	9760000	8840000	8890000
250	8220000	9770000	8850000	8890000
251	8220000	9770000	8840000	8880000
252	8220000	9770000	8840000	8890000
253	8230000	9770000	8840000	8890000
254	8220000	9770000	8850000	8890000
255	8230000	9770000	8840000	8890000
256	8230000	9770000	8850000	8880000
257	8220000	9770000	8840000	8890000
258	8220000	9770000	8840000	8890000
259	8220000	9770000	8840000	8890000
260	8220000	9770000	8840000	8890000
261	8230000	9770000	8850000	8890000
262	8230000	9770000	8840000	8880000
263	8230000	9760000	8840000	8890000
264	8230000	9770000	8840000	8880000
265	8220000	9770000	8840000	8880000
266	8230000	9770000	8840000	8890000
267	8230000	9770000	8840000	8880000
268	8220000	9770000	8850000	8880000
269	8230000	9770000	8850000	8890000
270	8220000	9770000	8840000	8880000
271	8220000	9770000	8840000	8880000
272	8230000	9770000	8850000	8890000
273	8230000	9770000	8840000	8890000
274	8230000	9770000	8840000	8890000
275	8220000	9770000	8850000	8890000
276	8230000	9770000	8840000	8890000
277	8220000	9760000	8840000	8880000
278	8230000	9770000	8840000	8890000
279	8230000	9770000	8840000	8880000
280	8230000	9770000	8850000	8890000
281	8230000	9770000	8840000	8880000
282	8220000	9770000	8840000	8890000
283	8220000	9770000	8850000	8890000
284	8230000	9760000	8850000	8890000
285	8220000	9770000	8840000	8890000
286	8220000	9770000	8840000	8880000
287	8230000	9770000	8850000	8890000
288	8220000	9760000	8840000	8890000
289	8220000	9770000	8840000	8890000
290	8220000	9770000	8850000	8890000
291	8230000	9760000	8850000	8890000
292	8220000	9770000	8840000	8890000
293	8220000	9770000	8840000	8890000
294	8220000	9770000	8850000	8880000
295	8220000	9770000	8850000	8890000
296	8230000	9770000	8840000	8880000
297	8220000	9770000	8840000	8890000
298	8220000	9770000	8850000	8890000
299	8230000	9770000	8840000	8890000
300	8230000	9770000	8840000	8890000
301	8220000	9770000	8840000	8890000
302	8220000	9770000	8850000	8880000
303	8230000	9770000	8850000	8890000
304	8220000	9770000	8840000	8880000
305	8220000	9770000	8840000	8880000
306	8230000	9770000	8840000	8890000
307	8220000	9770000	8840000	8890000
308	8220000	9770000	8840000	8890000
309	8220000	9760000	8840000	8890000
310	8220000	9760000	8840000	8890000
311	8230000	9770000	8840000	8880000
312	8220000	9770000	8840000	8880000
313	8230000	9770000	8840000	8890000
314	8220000	9760000	8840000	8880000
315	8220000	9770000	8830000	8880000
316	8230000	9770000	8850000	8890000
317	8230000	9770000	8850000	8890000
318	8220000	9770000	8840000	8890000
319	8220000	9770000	8840000	8890000
320	8220000	9760000	8850000	8890000
321	8230000	9770000	8840000	8890000
322	8230000	9770000	8850000	8890000
323	8220000	9770000	8840000	8890000
324	8220000	9770000	8840000	8890000
325	8220000	9770000	8850000	8890000
326	8220000	9770000	8840000	8880000
327	8230000	9770000	8840000	8890000
328	8230000	9770000	8840000	8880000
329	8230000	9770000	8840000	8880000
330	8230000	9760000	8840000	8890000
331	8220000	9760000	8840000	8890000
332	8230000	9770000	8840000	8890000
333	8220000	9770000	8850000	8890000
334	8230000	9770000	8840000	8890000
335	8230000	9770000	8850000	8890000
336	8220000	9760000	8850000	8880000
337	8220000	9770000	8850000	8890000
338	8230000	9770000	8840000	8890000
339	8220000	9770000	8850000	8890000
340	8220000	9770000	8840000	8890000
341	8220000	9760000	8840000	8890000
342	8230000	9770000	8840000	8890000
343	8220000	9770000	8840000	8890000
344	8230000	9770000	8840000	8880000
345	8220000	9760000	8850000	8890000
346	8230000	9770000	8840000	8890000
347	8220000	9760000	8840000	8880000
348	8220000	9770000	8850000	8890000
349	8230000	9770000	8850000	8890000
350	8220000	9770000	8850000	8880000
351	8220000	9770000	8850000	8890000
352	8220000	9770000	8840000	8890000
353	8220000	9770000	8840000	8880000
354	8230000	9770000	8850000	8880000
355	8220000	9770000	8840000	8890000
356	8230000	9770000	8840000	8890000
357	8220000	9770000	8840000	8880000
358	8220000	9770000	8840000	8890000
359	8230000	9770000	8840000	8890000
360	8220000	9760000	8840000	8890000
361	8220000	9760000	8840000	8880000
362	8230000	9770000	8840000	8890000
363	8220000	9770000	8850000	8890000
364	8220000	9770000	8840000	8890000
365	8230000	9770000	8840000	8890000
366	8220000	9760000	8840000	8880000
367	8220000	9770000	8840000	8880000
368	8230000	9770000	8840000	8880000
369	8230000	9770000	8840000	8880000
370	8230000	9770000	8840000	8890000
371	8220000	9770000	8840000	8890000
372	8230000	9770000	8840000	8890000
373	8220000	9770000	8840000	8890000
374	8220000	9770000	8840000	8890000
375	8230000	9770000	8840000	8890000
376	8220000	9770000	8840000	8890000
377	8230000	9770000	8840000	8890000
378	8220000	9760000	8840000	8880000
379	8220000	9770000	8850000	8890000
380	8220000	9770000	8840000	8880000
381	8220000	9770000	8840000	8890000
382	8230000	9770000	8840000	8880000
383	8220000	9770000	8840000	8880000
384	8220000	9770000	8840000	8890000
385	8220000	9770000	8840000	8890000
386	8220000	9770000	8840000	8890000
387	8220000	9770000	8840000	8890000
388	8220000	9760000	8850000	8880000
389	8230000	9760000	8840000	8890000
390	8230000	9770000	8850000	8880000
391	8220000	9770000	8840000	8880000
392	8220000	9760000	8840000	8890000
393	8220000	9770000	8840000	8890000
394	8220000	9760000	8840000	8890000
395	8230000	9760000	8840000	8890000
396	8220000	9770000	8840000	8890000
397	8220000	9770000	8850000	8890000
398	8220000	9770000	8850000	8880000
399	8220000	9770000	8850000	8880000
400	8230000	9770000	8840000	8890000
401	8220000	9770000	8840000	8890000
402	8230000	9770000	8840000	8890000
403	8220000	9770000	8850000	8890000
404	8230000	9760000	8840000	8890000
405	8220000	9770000	8840000	8890000
406	8230000	9760000	8840000	8890000
407	8220000	9770000	8840000	8880000
408	8230000	9770000	8840000	8890000
409	8220000	9770000	8850000	8880000
410	8230000	9760000	8840000	8890000
411	8220000	9770000	8840000	8880000
412	8230000	9770000	8850000	8880000
413	8220000	9770000	8850000	8890000
414	8220000	9770000	8840000	8880000
415	8220000	9760000	8850000	8880000
416	8220000	9770000	8850000	8890000
417	8220000	9770000	8840000	8880000
418	8220000	9770000	8840000	8890000
419	8220000	9770000	8850000	8880000
420	8220000	9770000	8840000	8890000
421	8230000	9770000	8840000	8880000
422	8230000	9770000	8850000	8890000
423	8230000	9760000	8850000	8890000
424	8220000	9770000	8850000	8890000
425	8230000	9770000	8840000	8890000
426	8220000	9770000	8840000	8890000
427	8220000	9770000	8850000	8890000
428	8230000	9770000	8840000	8890000
429	8230000	9770000	8850000	8880000
430	8230000	9770000	8840000	8890000
431	8220000	9760000	8840000	8890000
432	8220000	9770000	8840000	8890000
433	8230000	9760000	8840000	8890000
434	8220000	9770000	8840000	8890000
435	8220000	9770000	8840000	8890000
436	8220000	9770000	8840000	8900000
437	8220000	9770000	8840000	8890000
438	8230000	9770000	8840000	8890000
439	8220000	9770000	8850000	8880000
440	8220000	9770000	8840000	8880000
441	8230000	9770000	8850000	8890000
442	8230000	9770000	8840000	8890000
443	8230000	9770000	8840000	8890000
444	8230000	9770000	8840000	8890000
445	8220000	9770000	8840000	8880000
446	8220000	9770000	8840000	8890000
447	8230000	9770000	8840000	8890000
448	8230000	9770000	8840000	8880000
449	8230000	9770000	8840000	8890000
450	8230000	9770000	8840000	8880000
451	8230000	9770000	8840000	8880000
452	8220000	9770000	8840000	8890000
453	8220000	9770000	8840000	8880000
454	8230000	9770000	8850000	8890000
455	8220000	9760000	8850000	8890000
456	8220000	9770000	8840000	8890000
457	8220000	9770000	8840000	8880000
458	8230000	9770000	8850000	8890000
459	8230000	9770000	8850000	8890000
460	8220000	9770000	8850000	8890000
461	8220000	9770000	8850000	8890000
462	8220000	9770000	8850000	8880000
463	8220000	9770000	8850000	8890000
464	8220000	9770000	8840000	8890000
465	8230000	9770000	8850000	8890000
466	8220000	9760000	8840000	8890000
467	8230000	9770000	8840000	8890000
468	8220000	9760000	8840000	8900000
469	8220000	9770000	8850000	8880000
470	8230000	9770000	8840000	8890000
471	8230000	9770000	8850000	8890000
472	8230000	9770000	8850000	8890000
473	8220000	9770000	8850000	8890000
474	8230000	9770000	8840000	8890000
475	8220000	9770000	8840000	8880000
476	8220000	9760000	8840000	8880000
477	8230000	9770000	8840000	8880000
478	8230000	9770000	8850000	8890000
479	8220000	9770000	8850000	8890000
480	8220000	9770000	8840000	8890000
481	8230000	9770000	8840000	8890000
482	8220000	9770000	8850000	8890000
483	8230000	9770000	8850000	8890000
484	8230000	9770000	8850000	8900000
485	8230000	9770000	8840000	8890000
486	8230000	9770000	8840000	8890000
487	8230000	9770000	8850000	8890000
488	8230000	9770000	8850000	8890000
489	8230000	9780000	8840000	8890000
490	8220000	9770000	8840000	8880000
491	8230000	9770000	8850000	8890000
492	8220000	9770000	8840000	8890000
493	8230000	9770000	8850000	8890000
494	8230000	9770000	8840000	8890000
495	8220000	9770000	8850000	8900000
496	8220000	9780000	8840000	8890000
497	8230000	9770000	8840000	8880000
498	8230000	9760000	8850000	8890000
499	8220000	9770000	8850000	8890000
