# CAPTURA AUTOMATICA MULTIBITSTREAM
# Puerto serie: COM7
# Baudrate: 115200
# Muestras por bitstream: 500
# Orden: 100ms -> 10ms -> 1ms -> 100us ; etapas 3, 5, 51, 101

============================================================
# BITSTREAM: 100ms_3etapas.bit
# VENTANA: 100ms
# ETAPAS_PRINCIPAL: 3
# NUM_MUESTRAS: 500
# FORMATO: idx	freq1_hz	freq2_hz	freq3_hz	freq4_hz
============================================================
idx	freq1_hz	freq2_hz	freq3_hz	freq4_hz
0	32777210	54263690	34622400	34622400
1	32776770	43773050	34621670	34621670
2	32774490	33282460	34618570	34618570
3	32779660	64772460	34621760	34621760
4	32776180	54254920	34619140	34619140
5	32781120	43798120	34622900	34622900
6	32775380	33297060	34618260	34618260
7	32771080	64748650	34614900	34614900
8	32769600	54271150	34613720	34613720
9	32775140	43803560	34617110	34617110
10	32766890	43762610	34613420	34613430
11	32764530	64740410	34611930	34611920
12	32766170	54260970	34613350	34613350
13	32767680	43788930	34614610	34614620
14	32766420	33302260	34614060	34614050
15	32769430	64765620	34616490	34616490
16	32773670	54289590	34617620	34617620
17	32772770	43794730	34617870	34617880
18	32774000	33308790	34619050	34619040
19	32773860	64774440	34617050	34617050
20	32775180	54302900	34618890	34618890
21	32769790	43803150	34614950	34614950
22	32767560	33315360	34613600	34613600
23	32769130	64755650	34615850	34615850
24	32763430	54259780	34611530	34611530
25	32762180	43762570	34612980	34612980
26	32763770	33284170	34612220	34612220
27	32765530	64737180	34612940	34612940
28	32768070	54257540	34614280	34614280
29	32769410	43774920	34615130	34615130
30	32760680	33260660	34611000	34611000
31	32760720	64733360	34611450	34611450
32	32763290	54272540	34612940	34612940
33	32765590	43787150	34613320	34613320
34	32765230	33297330	34612980	34612980
35	32758410	64726820	34609950	34609960
36	32760700	54248460	34611430	34611430
37	32760830	43773640	34609750	34609740
38	32758690	33292400	34606760	34606760
39	32756420	64745990	34606490	34606490
40	32756210	54255370	34607820	34607820
41	32760960	43783750	34611160	34611160
42	32757310	33289800	34608350	34608350
43	32760580	64757960	34608440	34608450
44	32766460	54293270	34613780	34613770
45	32762930	43791600	34611980	34611980
46	32759260	33300780	34607500	34607500
47	32757700	64754490	34608280	34608290
48	32759230	54272910	34609440	34609430
49	32763840	43800340	34611750	34611750
50	32766010	33324320	34612970	34612970
51	32765310	64769410	34611370	34611370
52	32761120	54257180	34609720	34609720
53	32759610	43782360	34608590	34608590
54	32755120	33280480	34605500	34605500
55	32755870	64741940	34605850	34605850
56	32760240	54266160	34608950	34608960
57	32762790	43781600	34610440	34610430
58	32766550	33314960	34612340	34612340
59	32761360	64748180	34609460	34609470
60	32757780	54247360	34608100	34608090
61	32755420	43752330	34606250	34606250
62	32755950	33266450	34607590	34607590
63	32760250	64745000	34610470	34610470
64	32760340	54262990	34611180	34611180
65	32758260	43768870	34609190	34609190
66	32752460	33258170	34603530	34603530
67	32752100	64706960	34605280	34605280
68	32750680	54216380	34604560	34604560
69	32751360	43734650	34605200	34605200
70	32750820	33247140	34604440	34604440
71	32755260	64724770	34607010	34607010
72	32754320	54244540	34605130	34605130
73	32757230	43744300	34608170	34608180
74	32758530	33275780	34610530	34610520
75	32761400	64744760	34611390	34611390
76	32755410	54247850	34606990	34607340
77	32762490	43787740	34609750	34609740
78	32771810	33335440	34618200	34618210
79	32769950	64780290	34615530	34615520
80	32768100	54282790	34613770	34613770
81	32763860	43773400	34612420	34612420
82	32757140	33259810	34609390	34609390
83	32765310	64759280	34613280	34613280
84	32767830	54290790	34614430	34614440
85	32759290	43780840	34609950	34609940
86	32759720	33295320	34611140	34611140
87	32768270	64801150	34619090	34619090
88	32769760	54299510	34618380	34618390
89	32762710	54278940	34611160	34611150
90	32765710	33309500	34613330	34613330
91	32769860	64785510	34616760	34616760
92	32773400	54305520	34618530	34618540
93	32767260	43798220	34613820	34613810
94	32765250	33300150	34614040	34614040
95	32769750	64783180	34616450	34616460
96	32774470	54315540	34620550	34620540
97	32772010	43834220	34619120	34619120
98	32776550	33361260	34625830	34625830
99	32771770	64806630	34620010	34620010
100	32770300	54316570	34617580	34617590
101	32768640	43835000	34619400	34619030
102	32764700	33337450	34614560	34614560
103	32758550	64769270	34609110	34609120
104	32762330	54283590	34610510	34610500
105	32765580	43819650	34613800	34613810
106	32765200	33331280	34613510	34613500
107	32762610	64782800	34610370	34610370
108	32764750	54297560	34613620	34613620
109	32759460	43796270	34609430	34609430
110	32765370	33329800	34613520	34613520
111	32762270	64777730	34608970	34608970
112	32767370	54307660	34614070	34614070
113	32764930	43822420	34612380	34612380
114	32766370	33345870	34614920	34614920
115	32762480	64779060	34609340	34609340
116	32759220	54274050	34607670	34607670
117	32762430	43808330	34610540	34610540
118	32758000	33302670	34607780	34607780
119	32761620	64787480	34611070	34611070
120	32762980	54319040	34614910	34614920
121	32759540	43804850	34606550	34606550
122	32757590	33305010	34606940	34606930
123	32762560	64790380	34612250	34612250
124	32766490	54323820	34617030	34617030
125	32767910	43844040	34619870	34619870
126	32763620	33347940	34615210	34615210
127	32762350	33327780	34610400	34610400
128	32765650	64800990	34614460	34614460
129	32763270	43810950	34612740	34612740
130	32767240	33349380	34617820	34617820
131	32765660	64801380	34617320	34617320
132	32768710	54338660	34626790	34626790
133	32770170	43852890	34627380	34627390
134	32769280	33350850	34618730	34618720
135	32769100	64803610	34617680	34617680
136	32770900	54315060	34619280	34619280
137	32765330	43829180	34614010	34614010
138	32759980	33316440	34609840	34609850
139	32766360	64791340	34613470	34613460
140	32767120	54299170	34614620	34614620
141	32764370	43803640	34613560	34613570
142	32765240	33311980	34612190	34612180
143	32767540	64784720	34614320	34614320
144	32769700	54315100	34617770	34617770
145	32768910	43831300	34619130	34619130
146	32767920	33343750	34616710	34616720
147	32769950	64795420	34617520	34617510
148	32769500	54292590	34616310	34616310
149	32767360	43804020	34614700	34614710
150	32766970	33316280	34612720	34612710
151	32761640	64763540	34609790	34609800
152	32765990	54287140	34613820	34613810
153	32767080	54302190	34614360	34614360
154	32759020	33310410	34608720	34608720
155	32765580	64778400	34613000	34613010
156	32765220	54298310	34611980	34611970
157	32773700	43829690	34618480	34618480
158	32769860	33337300	34614890	34614890
159	32770300	64797470	34616900	34616900
160	32774520	54321950	34622930	34622930
161	32775570	43841590	34624780	34624780
162	32779710	33361560	34627380	34627380
163	32776170	64808560	34621340	34621340
164	32774210	54317370	34619900	34619900
165	32770710	43819230	34616970	34616980
166	32774670	33337410	34621040	34621030
167	32777130	64805580	34623210	34623210
168	32776490	54328560	34625350	34625350
169	32776320	43836800	34624280	34624280
170	32776400	33356880	34626450	34626450
171	32775000	64808030	34624540	34624540
172	32773900	54318610	34622370	34622370
173	32775840	43839980	34625250	34625250
174	32776650	33353390	34625020	34625020
175	32768320	64791480	34618740	34618740
176	32771100	54309070	34621230	34621230
177	32771410	43818970	34620510	34620510
178	32771840	33335700	34617900	34617900
179	32770220	64799870	34618530	34618530
180	32772890	54326390	34622520	34622520
181	32770120	43817460	34616980	34616980
182	32768790	1873150	34616720	34616720
183	32767900	64810900	34619200	34619210
184	32766650	54310610	34616040	34616030
185	32766200	43819260	34615340	34615340
186	32768120	33348730	34618160	34618160
187	32770920	64818930	34624630	34624630
188	32771370	64823720	34627300	34627300
189	32771610	43842460	34622770	34622770
190	32770120	1882840	34616520	34616520
191	32771100	64796520	34617950	34617950
192	32766920	54286890	34614020	34614020
193	32766760	43791300	34614480	34614490
194	32766800	33314220	34613750	34613740
195	32769480	64795740	34616620	34616620
196	32773180	54328010	34623720	34623720
197	32765290	43811140	34614610	34614610
198	32768320	33333940	34617260	34617260
199	32765090	64791650	34615000	34615000
200	32769030	54316630	34621330	34621330
201	32774190	43849920	34626240	34626240
202	32771770	1886650	34620480	34620480
203	32772630	64815580	34623510	34623520
204	32767800	54314780	34617890	34617880
205	32765530	43822100	34613670	34613670
206	32767430	33332900	34615960	34615960
207	32772070	64810230	34622050	34622050
208	32776710	54341360	34628310	34628310
209	32779080	43853960	34630890	34630900
210	32767220	33331570	34614960	34614950
211	32774260	64812440	34622130	34622130
212	32770100	54311960	34618470	34618470
213	32769170	54316790	34618830	34618830
214	32769540	33350280	34620980	34620980
215	32767570	64799600	34620370	34620370
216	32768380	54319270	34618620	34618620
217	32762490	43802610	34613370	34613370
218	32762670	33320520	34612740	34612750
219	32764080	64794410	34615100	34615090
220	32763250	54305690	34613330	34613330
221	32762190	43807040	34611720	34611720
222	32763930	33331680	34613820	34613830
223	32764020	64786570	34614540	34614530
224	32765000	54311590	34615070	34615070
225	32761660	43819750	34613550	34613550
226	32763130	33337450	34613900	34613900
227	32761860	64782700	34610520	34610520
228	32762600	54292350	34611950	34611950
229	32763670	43804790	34613680	34613680
230	32766510	33328510	34616710	34616710
231	32768630	64794640	34617740	34617740
232	32765520	54314880	34618300	34618300
233	32769060	43838320	34619330	34619340
234	32763700	43819130	34611450	34611440
235	32764610	75281530	34614910	34614910
236	32764470	54299030	34614120	34614130
237	32760640	43796530	34611020	34611010
238	32763460	33313310	34611860	34611860
239	32760970	64767320	34610910	34610910
240	32759930	54276550	34608530	34608530
241	32759400	43781460	34608730	34608730
242	32761630	1847210	34610760	34610760
243	32762570	64780860	34613040	34613040
244	32760680	54288170	34611860	34611860
245	32757190	43804790	34608140	34608140
246	32757880	33314730	34608290	34608290
247	32767200	64797800	34616370	34616370
248	32772230	54324400	34622140	34622150
249	32765370	43816950	34615490	34615480
250	32758700	33307850	34611780	34611780
251	32763750	64795090	34615130	34615140
252	32761670	43810350	34611450	34611440
253	32758050	43799600	34608960	34608960
254	32755210	1850500	34606920	34606920
255	32760100	75259780	34610030	34610030
256	32757610	64764650	34608160	34608160
257	32761290	43797100	34611890	34611890
258	32761460	33315360	34611700	34611700
259	32760610	64783890	34611880	34611880
260	32762700	54299490	34611950	34611950
261	32761860	43796330	34611760	34611770
262	32763840	33319920	34613230	34613230
263	32766390	64797880	34618120	34618110
264	32768030	54314480	34619120	34619130
265	32774190	43849550	34627420	34627410
266	32767370	33347300	34619570	34619570
267	32770730	64805870	34621430	34621430
268	32773240	54320040	34622480	34622480
269	32770800	43832220	34621930	34621930
270	32761100	33313100	34611010	34611010
271	32762000	64749780	34614030	34614030
272	32758500	64739540	34611270	34611270
273	32763010	43798180	34612220	34612220
274	32767320	33316320	34616290	34616250
275	32771380	64789370	34619440	34619440
276	32765280	54287130	34614560	34614560
277	32769060	43819260	34618270	34618270
278	32769560	33341440	34618830	34618830
279	32764780	75258200	34614980	34614980
280	32763650	54274170	34614800	34614800
281	32771130	54289850	34619820	34619820
282	32770370	33322300	34619510	34619510
283	32772690	64794070	34620970	34620970
284	32768410	54289000	34616340	34616340
285	32766620	43802840	34616230	34616230
286	32768410	33328630	34617390	34617400
287	32770910	64792530	34618530	34618520
288	32771070	54300050	34618050	34618050
289	32771910	43813250	34618300	34618300
290	32768810	33309850	34617350	34617350
291	32773100	64793240	34621130	34621130
292	32770950	54303500	34619730	34619730
293	32771230	43821590	34620360	34620360
294	32774030	33348020	34622370	34622370
295	32779920	64826840	34632620	34632620
296	32778370	54330910	34627490	34627490
297	32771690	43819090	34620030	34620030
298	32773860	33348140	34621890	34621890
299	32770150	64788890	34617590	34617590
300	32777030	54322900	34623800	34623800
301	32781480	43858220	34631820	34631820
302	32772960	33352400	34621570	34621570
303	32771250	64809830	34620870	34620870
304	32769670	54305610	34617740	34617740
305	32762590	43780840	34614140	34614140
306	32761030	33289170	34613320	34613330
307	32765020	64767650	34613550	34613540
308	32773300	54322650	34622600	34622600
309	32774440	43816990	34619690	34619690
310	32772560	33332350	34617550	34617550
311	32773500	75279310	34618220	34618220
312	32776450	64824110	34622680	34622680
313	32773870	43817850	34619790	34619790
314	32772000	33321100	34618930	34618930
315	32771060	64768250	34617950	34617950
316	32767140	54274830	34615990	34616000
317	32766780	43790080	34615940	34615930
318	32772180	33320170	34620110	34620120
319	32768440	64771010	34617090	34617080
320	32763900	54260330	34615840	34615840
321	32763550	43770480	34614520	34614520
322	32760310	33267720	34614050	34614050
323	32762550	64743230	34612850	34612850
324	32766090	54283520	34614470	34614470
325	32761370	43772380	34613560	34613560
326	32761400	33287290	34612990	34612990
327	32770480	64789040	34617460	34617470
328	32769070	54288570	34617140	34617130
329	32768170	43782800	34617630	34617630
330	32773240	33329470	34620080	34620080
331	32769710	64796030	34619010	34619010
332	32768160	64785790	34618930	34616680
333	32774310	43838210	34622340	34622330
334	32769340	1865990	34616110	34616110
335	32772050	64801240	34620560	34620560
336	32770750	54300160	34617070	34617080
337	32770790	54307950	34618020	34618010
338	32775750	33352360	34621760	34621770
339	32775610	64806220	34624520	34624510
340	32775620	54318060	34620960	34620960
341	32779420	43857090	34629170	34629170
342	32772690	33343600	34619110	34619110
343	32771080	64794630	34619780	34619790
344	32767400	54296140	34617210	34617200
345	32775730	43841740	34623640	34623640
346	32779220	33360960	34626030	34626030
347	32772670	64801830	34620350	34620350
348	32770290	54313830	34618340	34618340
349	32772120	43828660	34618270	34618280
350	32767520	33330510	34613720	34613710
351	32767800	64762090	34615790	34615790
352	32772210	54301910	34618620	34618620
353	32772740	43820010	34619380	34619380
354	32769250	33323690	34617010	34617010
355	32778570	64809700	34625190	34625190
356	32772230	54299550	34619120	34619120
357	32768140	43794050	34616230	34616230
358	32775130	33324430	34621310	34621310
359	32774260	64783940	34620980	34620980
360	32774990	54291230	34621600	34621600
361	32771220	43801240	34618440	34618440
362	32773920	33318950	34620250	34620260
363	32777760	64806140	34622970	34622960
364	32771870	43820550	34619760	34619770
365	32776440	43827650	34622630	34622620
366	32771460	33333760	34618170	34618170
367	32768020	64776490	34615610	34615450
368	32772260	54308880	34620710	34620710
369	32771670	43819000	34620140	34620140
370	32775420	33360040	34623620	34623620
371	32770930	64807860	34621710	34621710
372	32772290	54320600	34620510	34620510
373	32775490	43846040	34625100	34625110
374	32772340	33332430	34618510	34618500
375	32777210	64810840	34622680	34622680
376	32778100	54323360	34622980	34622980
377	32779110	43850600	34628130	34628130
378	32780760	33369230	34632450	34632450
379	32780310	64815530	34626290	34626290
380	32782400	54336190	34628490	34628490
381	32784280	43864670	34634600	34634600
382	32785870	33378480	34635160	34635160
383	32784450	75311000	34630300	34630300
384	32777620	54318050	34623170	34623170
385	32785610	43855050	34634010	34634010
386	32784090	33352790	34629090	34629090
387	32785530	64840590	34640330	34640330
388	32781350	54338850	34630420	34630420
389	32781180	43835380	34623900	34623910
390	32779880	33351500	34624630	34624630
391	32777330	64800330	34622230	34622220
392	32777150	54318870	34623080	34623080
393	32774320	43827580	34621590	34621590
394	32776410	33333100	34620920	34620930
395	32771910	64785760	34617850	34617840
396	32772130	54309120	34619490	34619490
397	32768500	43815210	34617210	34617210
398	32776460	33365020	34628160	34628160
399	32774840	64804140	34622120	34622120
400	32770190	54303060	34617910	34617910
401	32771500	43818910	34617110	34617110
402	32781790	33367900	34630090	34630100
403	32783920	64830130	34632670	34632660
404	32778220	54328080	34626620	34626620
405	32780310	43856700	34631240	34631250
406	32783940	1925680	34638300	34638290
407	32783870	64838000	34635950	34635950
408	32778250	54327520	34625710	34625710
409	32777160	43829760	34622720	34622720
410	32773460	33339530	34620390	34620400
411	32774570	64808970	34621700	34621700
412	32769020	54299240	34614890	34614880
413	32767090	43808780	34613080	34613080
414	32769810	33333780	34615420	34615420
415	32769300	64796740	34617670	34617670
416	32767720	54312510	34614440	34614450
417	32768430	54312510	34615250	34615240
418	32771600	1893610	34621090	34618650
419	32776220	64817900	34625050	34625050
420	32770570	54310970	34618240	34618240
421	32774380	43844050	34623110	34623120
422	32777230	33367430	34627870	34627860
423	32776280	64817270	34624440	34624440
424	32775500	54330570	34623330	34623330
425	32774960	43836560	34620570	34620570
426	32768090	33322340	34614350	34614350
427	32772310	64804810	34620370	34620370
428	32774850	54328500	34622350	34622360
429	32772200	43842890	34622400	34622390
430	32763850	1876770	34612890	34612890
431	32766700	64788440	34613560	34613560
432	32770770	54315640	34617620	34617620
433	32771440	43831470	34618670	34618670
434	32777030	33368500	34629110	34629110
435	32768620	64791310	34614960	34614960
436	32768470	54310530	34615380	34615380
437	32767450	43824270	34614510	34614510
438	32772470	33355930	34622810	34622810
439	32776230	64829000	34630480	34630490
440	32773490	54336910	34626640	34626630
441	32769140	43831470	34617210	34617210
442	32768910	33360820	34622410	34622410
443	32771470	64811010	34620840	34620840
444	32771050	54323570	34619230	34619230
445	32766790	43819440	34615620	34615620
446	32772580	33361830	34625900	34625900
447	32769460	64814210	34621590	34621590
448	32768880	54328430	34619410	34619420
449	32775400	43864400	34636140	34633090
450	32775410	33378070	34634330	34634330
451	32772630	64823950	34626110	34626110
452	32767060	54303790	34614250	34614260
453	32770700	43828430	34617130	34617130
454	32766870	33324870	34615200	34615200
455	32770170	64801480	34619340	34619330
456	32770710	54306890	34618020	34618020
457	32766220	43816050	34614390	34614390
458	32764400	43816050	34612580	34612580
459	32769100	64809080	34617950	34617960
460	32770930	54322920	34620470	34620460
461	32773620	43852800	34625760	34625760
462	32770660	33362420	34624350	34624350
463	32766300	64792710	34615200	34615210
464	32767880	54313590	34617450	34617440
465	32770400	43831690	34618380	34618390
466	32765660	33333970	34613940	34613930
467	32762510	75260710	34612180	34612190
468	32767420	54315210	34616430	34616420
469	32769580	43837390	34618740	34618740
470	32770390	33350660	34618440	34618440
471	32774180	64823440	34627060	34627060
472	32776880	54337620	34627170	34627170
473	32768180	54312780	34614820	34614820
474	32771180	1889830	34619260	34619260
475	32772060	64802140	34619160	34619160
476	32771630	54309790	34619050	34619050
477	32773120	43850850	34626950	34626950
478	32767640	33338110	34614860	34614510
479	32780120	64833730	34633120	34633110
480	32777720	54348210	34630260	34630260
481	32773880	43849110	34624820	34624820
482	32777550	22876240	34624640	34624650
483	32775060	64820010	34626880	34626870
484	32770530	54306610	34617090	34617090
485	32767280	54299580	34615370	34615370
486	32760670	33303100	34609160	34609160
487	32763650	64772160	34610920	34610920
488	32764930	43800880	34614490	34614490
489	32759390	43790180	34609340	34609350
490	32766220	33322680	34612610	34612600
491	32765060	64775180	34613450	34613450
492	32770180	54303610	34617380	34617380
493	32777660	43852700	34627640	34627640
494	32770990	33332050	34616970	34616970
495	32763710	64759670	34612220	34612220
496	32765040	54286330	34612380	34612390
497	32765120	43798880	34613070	34613060
498	32766970	33325080	34613880	34613880
499	32766500	64776900	34612760	34612760

============================================================
# BITSTREAM: 100ms_5etapas.bit
# VENTANA: 100ms
# ETAPAS_PRINCIPAL: 5
# NUM_MUESTRAS: 500
# FORMATO: idx	freq1_hz	freq2_hz	freq3_hz	freq4_hz
============================================================
idx	freq1_hz	freq2_hz	freq3_hz	freq4_hz
0	32268370	32268370	32268370	32268370
1	32267050	32267050	32267050	32267050
2	32266920	32266920	32266930	32266920
3	32266690	32266690	32266680	32266690
4	32263890	32258780	32263900	32263890
5	32268250	32268250	32268250	32268250
6	32271420	32266300	32271420	32271420
7	32270380	32270370	32270370	32270370
8	32265740	32260620	32265740	32265750
9	32265000	32259880	32265000	32265000
10	32263220	32258100	32263220	32263210
11	32267660	32267660	32267660	32267670
12	32270260	32270260	32270260	32270260
13	32267440	32267450	32267450	32267440
14	32266780	32266770	32266770	32266770
15	32268390	32268390	32268400	32268400
16	32269010	32269020	32269010	32269010
17	32270700	32270690	32270690	32270690
18	32265910	32260790	32265910	32265920
19	32266720	32266730	32266730	32266720
20	32267380	32267380	32267380	32267380
21	32265700	32260580	32265700	32265700
22	32269150	32269140	32269140	32269150
23	32267530	32267530	32267540	32267530
24	32269660	32269660	32269650	32269660
25	32267770	32267780	32267780	32267770
26	32264630	32259510	32264630	32264630
27	32264580	32259460	32264580	32264580
28	32262100	32256970	32262100	32262100
29	32260970	32260980	32260970	32260970
30	32263170	32258040	32263160	32263170
31	32266330	32266330	32266330	32266330
32	32266120	32261000	32266120	32266110
33	32264720	32259600	32264720	32264720
34	32265090	32259970	32265090	32265100
35	32266810	32266810	32266820	32266810
36	32265410	32260290	32265400	32262850
37	32264490	32259380	32264500	32264490
38	32263670	32258550	32263670	32263670
39	32265640	32260510	32265630	32263400
40	32266760	32266760	32266760	32266760
41	32264730	32259610	32264730	32264720
42	32264940	32259820	32264950	32264950
43	32266560	32266560	32266560	32266560
44	32266410	32266410	32266400	32266410
45	32267310	32267310	32267320	32267310
46	32267110	32267110	32267100	32267110
47	32266090	32260970	32266100	32266090
48	32266030	32260910	32266030	32266030
49	32267000	32267000	32266990	32267000
50	32270120	32270130	32270130	32270120
51	32269390	32269390	32269390	32269390
52	32267220	32267220	32267220	32267220
53	32267810	32267800	32267800	32267810
54	32266170	32261050	32266170	32266160
55	32266480	32266480	32266490	32266490
56	32266720	32266730	32266720	32266720
57	32265180	32260050	32265170	32265170
58	32266060	32260940	32266060	32266060
59	32266130	32261010	32266130	32266140
60	32268510	32268510	32268510	32268510
61	32268900	32268910	32268910	32268900
62	32267540	32267540	32267540	32267540
63	32264390	32259270	32264390	32264390
64	32266150	32261020	32266140	32266150
65	32267960	32267960	32267960	32267950
66	32269940	32269940	32269940	32269950
67	32267630	32267630	32267630	32267630
68	32268080	32268080	32268080	32268080
69	32266250	32266250	32266260	32266570
70	32268240	32268240	32268230	32268230
71	32268160	32268170	32268170	32268170
72	32266440	32266430	32266440	32266440
73	32268450	32268450	32268440	32268450
74	32266760	32266770	32266770	32266760
75	32267810	32267800	32267800	32267800
76	32267980	32267980	32267980	32267980
77	32270040	32270040	32270040	32270040
78	32269580	32269580	32269590	32269590
79	32267940	32267950	32267940	32267940
80	32266850	32266850	32266850	32266850
81	32265460	32260340	32265460	32265460
82	32265590	32260460	32265580	32265580
83	32264060	32258950	32264070	32264070
84	32266580	32266580	32266580	32266580
85	32267370	32267360	32267360	32267370
86	32271300	32271310	32271310	32271300
87	32273690	32268570	32273690	32273690
88	32270620	32270610	32270610	32270620
89	32270500	32270500	32270500	32270490
90	32266780	32266780	32266780	32266790
91	32266890	32266890	32266890	32266890
92	32265670	32260560	32265680	32265670
93	32267520	32267510	32267510	32267520
94	32270850	32270850	32270850	32270850
95	32267110	32267120	32267120	32267110
96	32267670	32267660	32267660	32267670
97	32266850	32266850	32266850	32266840
98	32271410	32266300	32271420	32271420
99	32269260	32269250	32269250	32268940
100	32271280	32271280	32271280	32271280
101	32267860	32267860	32267860	32267860
102	32267850	32267860	32267860	32267850
103	32267170	32267160	32267170	32267170
104	32268180	32268190	32268180	32268180
105	32268150	32268140	32268140	32268150
106	32269130	32269140	32269140	32269130
107	32266000	32260880	32266000	32266000
108	32269840	32269830	32269840	32269840
109	32266510	32266510	32266500	32266510
110	32266780	32266790	32266790	32266460
111	32265490	32260370	32265490	32265490
112	32263150	32258020	32263150	32263150
113	32264710	32259590	32264700	32264710
114	32264000	32258880	32264010	32264000
115	32266300	32266300	32266300	32266300
116	32265230	32260110	32265230	32265230
117	32264960	32259840	32264950	32264960
118	32265580	32260460	32265580	32265580
119	32264200	32259090	32264210	32264200
120	32263560	32258440	32263560	32263560
121	32265320	32260190	32265320	32265320
122	32262180	32257060	32262170	32262180
123	32262770	32257650	32262770	32262760
124	32263750	32258640	32263760	32263760
125	32263560	32258440	32263560	32263560
126	32265300	32260170	32265290	32265300
127	32263740	32258620	32263740	32263740
128	32262500	32257380	32262510	32262500
129	32264490	32259380	32264490	32264490
130	32265080	32259950	32265070	32265080
131	32260070	32260080	32260080	32260070
132	32262420	32257290	32262420	32262420
133	32263940	32258830	32263940	32263940
134	32262870	32257750	32262870	32262870
135	32262170	32257040	32262170	32262170
136	32259220	32259220	32259220	32259220
137	32262900	32257780	32262890	32262900
138	32264210	32259090	32264210	32264210
139	32261860	32256740	32261860	32261860
140	32264330	32259210	32264330	32264320
141	32262710	32257590	32262710	32262720
142	32262100	32256980	32262110	32262100
143	32264440	32259320	32264430	32264430
144	32266870	32266880	32266880	32266880
145	32263730	32258600	32263720	32263720
146	32262360	32257240	32262370	32262370
147	32261680	32256560	32261670	32261670
148	32261900	32256780	32261900	32261910
149	32263470	32258350	32263470	32263470
150	32265380	32260270	32265390	32265380
151	32263900	32258780	32263900	32263900
152	32268360	32268350	32268350	32268360
153	32271030	32271040	32271040	32271030
154	32271630	32266510	32271630	32271630
155	32268550	32268540	32268540	32268540
156	32269710	32269710	32269720	32269720
157	32270530	32270540	32270530	32270530
158	32267390	32267380	32267380	32267380
159	32266830	32266840	32266840	32266840
160	32268310	32268300	32268300	32268310
161	32269390	32269390	32269390	32269390
162	32269110	32269120	32269120	32269110
163	32266520	32266520	32266520	32266520
164	32265230	32260100	32265220	32265220
165	32267230	32267230	32267240	32267240
166	32268930	32268930	32268930	32268930
167	32265350	32260230	32265340	32265340
168	32267310	32267320	32267320	32267320
169	32269030	32269030	32269030	32269030
170	32263600	32258470	32263590	32263600
171	32265170	32260050	32265170	32265170
172	32265490	32260370	32265490	32265490
173	32265890	32260770	32265890	32265890
174	32265580	32260460	32265580	32265570
175	32265020	32259900	32265020	32265030
176	32263850	32258740	32263860	32263850
177	32263370	32258250	32263370	32263370
178	32265410	32260280	32265400	32262850
179	32262840	32257730	32262850	32262840
180	32261200	32256070	32261190	32261190
181	32260740	32260750	32260750	32260750
182	32262650	32257530	32262650	32262650
183	32263190	32258060	32263190	32263190
184	32262440	32257320	32262440	32262440
185	32263640	32258520	32263630	32263640
186	32260340	32260350	32260350	32260340
187	32260190	32260180	32260190	32260190
188	32262140	32257030	32262140	32262140
189	32261250	32256130	32261250	32261250
190	32259710	32259710	32259710	32259710
191	32261610	32256490	32261610	32261610
192	32261390	32256260	32261390	32261390
193	32260760	32260770	32260760	32260760
194	32262220	32257090	32262210	32262220
195	32264010	32258900	32264020	32264010
196	32261660	32256530	32261650	32261660
197	32264450	32259330	32264460	32264450
198	32264980	32259870	32264980	32264980
199	32261790	32256660	32261780	32261790
200	32260830	32260830	32260830	32260830
201	32261020	32261030	32261030	32261020
202	32262510	32257380	32262510	32262510
203	32261710	32256590	32261710	32261710
204	32265210	32260090	32265210	32265210
205	32266090	32260970	32266080	32266080
206	32266900	32266900	32266910	32266910
207	32263540	32258420	32263540	32263540
208	32260970	32260970	32260960	32260970
209	32260980	32260980	32260980	32260980
210	32261750	32256630	32261750	32261740
211	32259680	32259680	32259680	32259690
212	32265280	32260170	32265290	32265280
213	32264550	32259420	32264540	32264550
214	32264850	32259730	32264850	32264850
215	32265170	32260050	32265170	32265160
216	32264520	32259400	32264520	32264530
217	32266300	32266310	32266310	32266300
218	32262960	32257830	32262960	32262960
219	32265460	32260340	32265450	32265460
220	32263840	32258720	32263840	32263830
221	32266390	32266390	32266400	32266400
222	32266940	32266940	32266940	32266940
223	32265080	32259970	32265080	32265080
224	32267870	32267860	32267860	32267870
225	32265860	32260740	32265870	32265860
226	32266630	32266640	32266630	32266630
227	32268360	32268350	32268350	32268360
228	32266440	32266450	32266450	32266440
229	32269420	32269410	32269410	32269410
230	32268500	32268500	32268500	32268510
231	32271080	32271090	32271090	32271080
232	32269360	32269350	32269350	32269350
233	32271280	32271290	32271290	32271290
234	32271290	32271280	32271280	32271280
235	32269680	32269680	32269690	32269690
236	32272050	32266930	32272040	32272050
237	32272120	32267000	32272130	32272120
238	32268610	32268610	32268600	32268600
239	32269880	32269880	32269880	32269890
240	32269130	32269140	32269140	32269130
241	32266750	32266740	32266740	32266750
242	32267520	32267520	32267530	32267520
243	32266740	32266740	32266730	32266740
244	32266670	32266680	32266680	32266670
245	32265530	32260400	32265520	32265530
246	32264990	32259870	32264990	32264980
247	32262270	32257150	32262270	32262280
248	32258640	32258640	32258640	32258630
249	32257750	32257760	32257760	32257760
250	32261840	32256720	32261840	32261840
251	32263900	32258770	32263900	32263900
252	32264080	32258960	32264070	32263700
253	32263660	32258540	32263670	32263660
254	32263040	32257930	32263040	32263040
255	32264200	32259070	32264190	32264200
256	32266940	32266950	32266950	32266940
257	32267330	32267320	32267320	32267320
258	32264030	32258910	32264030	32264040
259	32262250	32257140	32262260	32262250
260	32260970	32260960	32260970	32260970
261	32264810	32259690	32264810	32264810
262	32263660	32258540	32263660	32263660
263	32261490	32256370	32261480	32261480
264	32259230	32259230	32259230	32259240
265	32258140	32258150	32258150	32258140
266	32260210	32260200	32260210	32260210
267	32259090	32259090	32259090	32259090
268	32260390	32260400	32260390	32260390
269	32262680	32257550	32262670	32262670
270	32264710	32259590	32264720	32263120
271	32264540	32259420	32264530	32264860
272	32263240	32258120	32263240	32263240
273	32266610	32266610	32266620	32266610
274	32267890	32267890	32267880	32267880
275	32261390	32256270	32261390	32261400
276	32261050	32261060	32261060	32261050
277	32261090	32261080	32261080	32261090
278	32261410	32256290	32261420	32261410
279	32258510	32258510	32258500	32258510
280	32260120	32260120	32260120	32260110
281	32262980	32257860	32262980	32262980
282	32262210	32257100	32262220	32262220
283	32261870	32256740	32261860	32261870
284	32259550	32259560	32259560	32259550
285	32261430	32256300	32261420	32261430
286	32263010	32257890	32263010	32263010
287	32265810	32260690	32265810	32265810
288	32261400	32256280	32261410	32261400
289	32260650	32260660	32260650	32260650
290	32263240	32258120	32263240	32263240
291	32263410	32258290	32263410	32263090
292	32262300	32257170	32262290	32262290
293	32262150	32257030	32262150	32262160
294	32264900	32259790	32264910	32264900
295	32264260	32259140	32264260	32264260
296	32265200	32260070	32265190	32265190
297	32266950	32266950	32266950	32266960
298	32268720	32268720	32268730	32268400
299	32267410	32267410	32267400	32267410
300	32264930	32259820	32264940	32264930
301	32266310	32266300	32266310	32266310
302	32267320	32267320	32267310	32267000
303	32267050	32267050	32267050	32267040
304	32270370	32270370	32270380	32270380
305	32270690	32270690	32270690	32270690
306	32266770	32266770	32266760	32266770
307	32266950	32266960	32266960	32266950
308	32268060	32268050	32268050	32268050
309	32269830	32269840	32269840	32269840
310	32271050	32271050	32271050	32271050
311	32267270	32267260	32267270	32267270
312	32265580	32260470	32265580	32265580
313	32263630	32258500	32263630	32263630
314	32265350	32260230	32265340	32265340
315	32263870	32258750	32263880	32263880
316	32264650	32259540	32264650	32264650
317	32263860	32258740	32263860	32263860
318	32265970	32260840	32265960	32265960
319	32267190	32267190	32267190	32267190
320	32265680	32260560	32265680	32265690
321	32266270	32266270	32266280	32266270
322	32265770	32260660	32265770	32265770
323	32267850	32267850	32267850	32267850
324	32267110	32267110	32267110	32267110
325	32265350	32260230	32265350	32265350
326	32264780	32259660	32264780	32264780
327	32263350	32258220	32263350	32263350
328	32264080	32258970	32264080	32264080
329	32262590	32257470	32262590	32262590
330	32266140	32261010	32266140	32266140
331	32267430	32267440	32267430	32267430
332	32265750	32260620	32265740	32265740
333	32266200	32261080	32266200	32266210
334	32266630	32266630	32266640	32266630
335	32266700	32266700	32266690	32266690
336	32263940	32258830	32263950	32263950
337	32266650	32266640	32266640	32266650
338	32264550	32259430	32264550	32264550
339	32263790	32258670	32263790	32263790
340	32261440	32256330	32261450	32261440
341	32262160	32257040	32262160	32262160
342	32265040	32259910	32265030	32265040
343	32265470	32260350	32265470	32265460
344	32266000	32260880	32266000	32266010
345	32267330	32267330	32267330	32267330
346	32264260	32259140	32264260	32264250
347	32264210	32259090	32264210	32264220
348	32264220	32259100	32264220	32264220
349	32264570	32259450	32264570	32264890
350	32265430	32260310	32265430	32265420
351	32266110	32260990	32266110	32266110
352	32267130	32267140	32267140	32267460
353	32269440	32269430	32269430	32269440
354	32266160	32261040	32266160	32266160
355	32268330	32268340	32268340	32268330
356	32267050	32267040	32267050	32267050
357	32266220	32261110	32266220	32266220
358	32265900	32260780	32265900	32265900
359	32268130	32268120	32268130	32268130
360	32268960	32268970	32268960	32268960
361	32267060	32267050	32267050	32267060
362	32266030	32260910	32266040	32266030
363	32265990	32260870	32265980	32265990
364	32267920	32267920	32267930	32267920
365	32267400	32267410	32267400	32267400
366	32267550	32267540	32267540	32267540
367	32264810	32259700	32264820	32264820
368	32268300	32268300	32268300	32268300
369	32268080	32268070	32268070	32268080
370	32268870	32268880	32268880	32268870
371	32268040	32268040	32268040	32268040
372	32267900	32267890	32267890	32267900
373	32267150	32267150	32267150	32267150
374	32268220	32268230	32268230	32268220
375	32269180	32269170	32269170	32269180
376	32269220	32269220	32269220	32269210
377	32268720	32268720	32268720	32268720
378	32269360	32269370	32269370	32269370
379	32266820	32266820	32266820	32266820
380	32265550	32260420	32265550	32265550
381	32267610	32267610	32267610	32267610
382	32264690	32259570	32264680	32264690
383	32268050	32268060	32268060	32268050
384	32265660	32260540	32265660	32258280
385	32265710	32260590	32265710	32265710
386	32266900	32266890	32266890	32266900
387	32267600	32267610	32267610	32267600
388	32267730	32267720	32267720	32267730
389	32266800	32266810	32266810	32266800
390	32264420	32259290	32264410	32264420
391	32263390	32258270	32263400	32263390
392	32261940	32256820	32261930	32261940
393	32264500	32259380	32264500	32264490
394	32263540	32258420	32263540	32263550
395	32264340	32259220	32264340	32264340
396	32267160	32267160	32267160	32267160
397	32265480	32260360	32265480	32265480
398	32268260	32268260	32268270	32268260
399	32265060	32259950	32265060	32265060
400	32267050	32267040	32267040	32267050
401	32264890	32259770	32264890	32264890
402	32266300	32266300	32266300	32266290
403	32263900	32258790	32263910	32263910
404	32263090	32257960	32263090	32263090
405	32261470	32256350	32261460	32261470
406	32259450	32259450	32259450	32259440
407	32263490	32258370	32263500	32263500
408	32262070	32256950	32262060	32262070
409	32263630	32258520	32263640	32263630
410	32265590	32260460	32265590	32265590
411	32268210	32268220	32268210	32268210
412	32270750	32270750	32270750	32270750
413	32269530	32269520	32269520	32269520
414	32267370	32267370	32267370	32267370
415	32269730	32269740	32269740	32269740
416	32268530	32268520	32268520	32268530
417	32267770	32267770	32267780	32267770
418	32267260	32267260	32267250	32267260
419	32268930	32268940	32268940	32268930
420	32269570	32269560	32269560	32269570
421	32269640	32269640	32269640	32269640
422	32269870	32269880	32269880	32269870
423	32267350	32267340	32267340	32267340
424	32268880	32268880	32268880	32268880
425	32268880	32268880	32268880	32268890
426	32270450	32270460	32270460	32270450
427	32268920	32268920	32268920	32268920
428	32268420	32268410	32268410	32268410
429	32269080	32269080	32269080	32269080
430	32268340	32268340	32268350	32268350
431	32268510	32268510	32268500	32268500
432	32271320	32271320	32271320	32271320
433	32271030	32271040	32271040	32271040
434	32273440	32268310	32273430	32273440
435	32269260	32269260	32269260	32269260
436	32273520	32268400	32273520	32273510
437	32273350	32268240	32273360	32273360
438	32273720	32268590	32273710	32273720
439	32271940	32266820	32271950	32271940
440	32269720	32269720	32269710	32269710
441	32270480	32270490	32270490	32270490
442	32270270	32270270	32270270	32270270
443	32271650	32266520	32271650	32271650
444	32269990	32269990	32269990	32269990
445	32273260	32268140	32273260	32273260
446	32274300	32269180	32274290	32274290
447	32272190	32267070	32272190	32272200
448	32273450	32268330	32273460	32273450
449	32271220	32271220	32271210	32271210
450	32272100	32266990	32272110	32272110
451	32273930	32268800	32273920	32273920
452	32269580	32269580	32269580	32269580
453	32272140	32267030	32272150	32272150
454	32270600	32270590	32270590	32270600
455	32270580	32270580	32270590	32270580
456	32271340	32271340	32271330	32271340
457	32273090	32267980	32273100	32273090
458	32272120	32267000	32272120	32272120
459	32269100	32269090	32269100	32269100
460	32266850	32266860	32266850	32266850
461	32270560	32270550	32270550	32270560
462	32271320	32271320	32271330	32271320
463	32270140	32270140	32270140	32270140
464	32271770	32266650	32271770	32270170
465	32268400	32268400	32268390	32268390
466	32269270	32269270	32269270	32269280
467	32269840	32269840	32269840	32269840
468	32271800	32266680	32271800	32271800
469	32268850	32268850	32268850	32268840
470	32268410	32268410	32268410	32270980
471	32265940	32260830	32265950	32265940
472	32270190	32270190	32270190	32270190
473	32271080	32271070	32271070	32271070
474	32271310	32271310	32271310	32271320
475	32269490	32269490	32269490	32269490
476	32266250	32266250	32266250	32266250
477	32268160	32268170	32268170	32268160
478	32266570	32266560	32266570	32266570
479	32265750	32260630	32265740	32265740
480	32269230	32269240	32269240	32269240
481	32270050	32270050	32270050	32270050
482	32269510	32269500	32269500	32269500
483	32271310	32271320	32271320	32271320
484	32269260	32269260	32269260	32269260
485	32267400	32267390	32267390	32267390
486	32264570	32259460	32264580	32264580
487	32263550	32258420	32263540	32263550
488	32261870	32256760	32261880	32261870
489	32263800	32258670	32263800	32263800
490	32266150	32261030	32266150	32266150
491	32267810	32267820	32267810	32267810
492	32268160	32268150	32268160	32268160
493	32269150	32269160	32269150	32269150
494	32270010	32270000	32270010	32270010
495	32267130	32267130	32267130	32267130
496	32267630	32267630	32267630	32267630
497	32268110	32268110	32268100	32268110
498	32267770	32267770	32267770	32267770
499	32268270	32268280	32268280	32268270

============================================================
# BITSTREAM: 100ms_51etapas.bit
# VENTANA: 100ms
# ETAPAS_PRINCIPAL: 51
# NUM_MUESTRAS: 500
# FORMATO: idx	freq1_hz	freq2_hz	freq3_hz	freq4_hz
============================================================
idx	freq1_hz	freq2_hz	freq3_hz	freq4_hz
0	14069080	12953310	13539410	11861890
1	14068600	12952180	13538150	11860860
2	14068570	12953120	13538670	11861630
3	14068120	12952270	13538030	11862350
4	14067280	12952400	13537970	11861240
5	14067600	12952190	13537960	11861420
6	14067360	12952280	13537620	11858580
7	14067580	12952420	13537930	11860470
8	14067220	12952440	13537420	11860380
9	14068060	12952790	13538270	11860380
10	14068410	12953230	13538080	11861490
11	14068650	12953250	13538550	11859740
12	14067250	12952410	13537820	11861000
13	14066880	12951560	13537310	11859670
14	14066930	12951790	13537060	11860450
15	14066560	12952520	13538300	11860550
16	14068020	12952620	13538070	11859570
17	14068030	12952590	13538290	11862540
18	14068160	12951820	13537370	11861930
19	14066830	12951490	13536840	11862100
20	14065930	12951180	13536740	11857460
21	14066970	12951980	13537200	11859560
22	14066390	12951150	13536740	11857690
23	14066950	12951630	13537230	11859470
24	14067020	12952180	13537640	11861180
25	14067160	12952000	13537330	11860320
26	14067020	12951970	13536820	11860790
27	14068120	12952550	13538250	11860140
28	14068470	12951610	13536540	11860950
29	14066290	12951240	13536800	11859010
30	14066610	12951930	13536980	11857820
31	14067030	12951730	13537250	11859590
32	14067260	12951880	13537310	11861550
33	14068220	12951810	13536800	11861250
34	14066910	12951840	13537370	11858370
35	14068070	12952790	13538360	11862970
36	14066310	12952070	13536880	11858040
37	14067460	12952820	13538390	11859620
38	14066360	12951450	13537000	11860660
39	14066220	12950970	13536990	11858390
40	14067200	12952010	13537760	11860740
41	14067420	12951670	13537360	11860210
42	14066230	12951010	13536400	11858510
43	14066330	12951070	13536940	11859570
44	14067650	12952390	13537940	11859020
45	14066940	12951640	13537040	11859200
46	14067480	12952020	13537980	11858360
47	14067220	12951780	13537730	11859470
48	14066810	12951570	13537430	11860110
49	14067340	12952230	13538310	11861710
50	14065780	12951200	13537210	11860260
51	14065280	12950440	13536920	11861150
52	14065290	12950370	13536510	11856930
53	14065430	12950270	13536220	11860340
54	14063160	12948590	13534460	11856750
55	14061940	12947440	13533860	11856360
56	14061670	12947470	13533720	11855810
57	14062150	12947050	13534240	11857150
58	14061650	12946880	13533820	11854710
59	14063370	12948460	13535250	11857630
60	14062720	12948450	13534810	11857670
61	14063300	12948720	13534830	11860250
62	14062810	12948240	13534510	11858430
63	14062840	12947980	13535010	11859470
64	14062480	12947880	13534400	11858920
65	14062560	12948010	13534780	11856600
66	14062600	12948340	13534750	11856850
67	14062420	12948080	13534810	11859590
68	14063740	12948710	13535160	11860160
69	14063700	12948440	13535250	11858680
70	14062650	12947820	13534520	11857490
71	14062730	12948040	13534750	11856600
72	14062160	12948050	13534720	11858430
73	14062220	12948500	13534890	11856640
74	14062830	12948610	13535080	11859490
75	14063740	12949260	13535070	11858920
76	14063160	12949170	13535260	11858990
77	14063470	12948570	13535340	11857910
78	14063360	12948760	13534900	11857150
79	14063400	12948690	13535410	11857980
80	14063720	12949010	13536030	11858590
81	14063720	12949720	13536160	11860260
82	14062190	12947940	13534850	11857280
83	14062480	12948510	13535410	11859970
84	14062120	12953350	13534730	11857690
85	14062660	12948250	13534760	11859780
86	14063950	12949330	13535790	11857850
87	14063420	12948780	13535380	11859460
88	14063220	12948750	13534920	11856780
89	14063990	12949450	13535190	11858990
90	14065010	12950190	13536080	11859690
91	14063860	12948740	13535440	11858750
92	14062960	12948470	13534900	11855690
93	14063490	12948620	13535010	11857790
94	14063830	12948910	13535070	11859540
95	14062370	12947790	13534670	11858660
96	14062440	12947590	13534530	11858120
97	14062630	12947900	13534880	11859730
98	14062670	12947900	13534340	11856930
99	14063300	12948410	13535300	11857570
100	14063690	12949070	13535390	11857250
101	14064200	12949290	13536060	11860320
102	14064680	12950160	13536110	11857860
103	14064720	12950020	13536440	11860470
104	14064070	12949360	13535550	11858400
105	14064210	12949730	13535860	11860330
106	14064200	12949540	13535600	11857590
107	14063820	12949120	13535460	11857330
108	14064410	12950120	13536300	11857980
109	14064610	12950410	13536680	11859120
110	14062390	12947930	13534650	11855880
111	14062420	12948130	13534990	11859920
112	14062270	12948020	13534570	11858290
113	14063490	12948880	13535630	11860560
114	14063280	12948440	13535240	11858700
115	14064210	12949030	13535570	11858900
116	14064430	12949890	13536070	11858980
117	14064610	12949600	13535670	11860370
118	14063060	12949020	13535190	11858800
119	14064010	12949630	13535930	11860210
120	14064250	12949620	13535990	11860020
121	14064090	12949300	13535920	11859810
122	14062800	12948270	13534890	11855800
123	14063220	12948500	13535260	11860000
124	14062980	12948630	13535190	11856690
125	14063290	12948930	13535900	11859910
126	14062930	12948760	13535690	11856930
127	14064100	12949930	13536080	11860910
128	14063160	12949340	13535190	11857670
129	14064260	12950160	13536020	11859940
130	14064470	12950110	13535360	11857670
131	14063770	12949330	13534940	11858520
132	14064460	12950270	13535710	11857900
133	14064800	12950220	13536480	11860980
134	14065980	12951390	13536950	11859350
135	14066880	12952190	13538080	11862040
136	14065440	12950620	13536440	11857300
137	14065610	12950830	13536890	11860070
138	14064970	12950510	13536250	11858820
139	14065900	12951210	13537180	11861810
140	14064840	12950060	13536420	11857720
141	14064680	12949790	13536420	11858330
142	14064120	12949150	13535320	11857050
143	14064760	12949720	13536370	11859240
144	14065890	12950420	13536960	11859150
145	14065170	12949890	13536660	11858030
146	14066160	12950940	13536930	11858190
147	14066360	12950760	13537320	11860320
148	14065000	12950050	13535960	11858340
149	14065400	12950470	13536840	11858230
150	14064990	12950520	13536660	11857250
151	14064570	12949750	13536290	11858300
152	14064480	12949340	13535740	11859890
153	14065080	12949970	13536890	11858640
154	14064840	12949630	13536490	11859020
155	14064800	12949390	13536680	11859760
156	14065470	12949990	13536480	11857090
157	14064110	12948750	13535330	11858530
158	14064300	12949030	13535530	11858420
159	14063740	12948580	13535520	11858750
160	14064310	12949210	13536020	11856360
161	14064900	12949720	13536430	11858550
162	14065400	12950430	13537320	11859980
163	14064860	12949740	13536180	11859090
164	14065410	12950610	13537040	11858240
165	14065550	12950930	13537330	11858380
166	14063950	12949650	13536010	11859610
167	14064960	12950210	13536900	11861320
168	14065290	12950420	13536940	11857920
169	14066290	12951130	13537820	11859230
170	14064920	12949730	13536360	11857680
171	14065850	12950600	13537410	11859940
172	14064180	12949650	13535960	11859630
173	14065130	12950360	13536840	11858040
174	14065340	12950880	13537230	11857560
175	14066250	12950970	13538030	11861380
176	14064990	12950110	13536740	11859680
177	14066560	12952070	13538330	11860100
178	14066460	12951920	13537990	11861780
179	14065790	12951170	13537170	11861250
180	14065990	12951080	13537660	11861180
181	14066400	12951380	13537170	11859650
182	14066270	12951080	13537620	11861390
183	14065480	12950590	13536580	11859270
184	14065010	12950630	13536250	11858130
185	14064950	12950200	13536560	11861280
186	14064600	12950060	13536120	11858010
187	14065570	12950870	13536930	11859860
188	14064600	12950380	13536360	11858960
189	14065540	12950930	13537450	11860210
190	14064770	12950220	13535840	11860330
191	14064740	12949470	13535970	11857300
192	14063900	12949010	13535490	11859640
193	14063900	12949170	13535470	11858700
194	14063990	12949140	13535740	11858930
195	14064980	12950190	13536550	11858530
196	14064010	12949430	13535540	11858740
197	14064250	12949220	13535500	11857700
198	14063960	12949040	13535290	11856790
199	14064730	12949790	13536150	11859320
200	14065320	12951000	13536450	11860000
201	14064870	12949840	13536560	11859720
202	14063870	12949020	13535500	11857620
203	14063750	12949020	13535820	11858000
204	14063990	12949590	13536470	11857940
205	14063370	12948770	13535800	11859900
206	14063310	12948670	13535690	11856280
207	14063730	12948960	13535520	11860470
208	14062790	12948160	13534950	11855800
209	14064740	12950100	13536750	11860580
210	14065420	12950450	13537400	11860190
211	14064000	12949580	13536260	11858970
212	14063880	12949580	13536030	11857510
213	14064310	12949580	13536460	11860310
214	14064900	12950110	13536860	11858280
215	14066260	12951380	13537700	11859420
216	14065270	12950910	13536620	11857940
217	14066790	12951620	13538220	11859910
218	14065590	12950880	13536980	11858130
219	14065370	12950810	13537860	11858960
220	14066010	12951340	13537270	11858510
221	14067230	12952320	13538700	11862150
222	14066550	12952160	13537780	11858540
223	14067690	12952470	13538500	11860100
224	14066440	12951630	13537760	11858540
225	14066240	12951080	13537350	11860190
226	14065850	12951080	13537280	11860220
227	14065770	12950750	13536850	11858030
228	14066210	12951150	13538090	11859810
229	14068070	12952680	13539290	11861550
230	14070150	12954840	13540600	11862040
231	14068930	12954320	13539930	11860550
232	14068220	12953340	13541330	11862230
233	14067770	12952940	13538720	11862850
234	14067230	12953220	13538000	11860020
235	14068420	12953510	13539180	11859880
236	14067890	12953570	13538740	11860000
237	14068180	12958820	13538820	11860930
238	14067620	12952930	13538390	11859630
239	14067670	12953160	13539000	11862340
240	14066790	12952040	13538170	11859880
241	14067180	12952220	13538200	11861260
242	14066880	12951960	13537970	11858680
243	14066580	12951690	13537980	11860940
244	14066910	12951920	13538200	11859190
245	14066210	12951200	13537520	11858440
246	14066770	12951960	13538070	11859700
247	14066790	12952220	13538490	11861750
248	14067710	12952520	13538360	11861850
249	14066700	12951350	13537740	11858830
250	14066370	12951460	13537360	11858890
251	14065860	12950640	13536910	11859580
252	14067070	12951950	13538230	11860880
253	14065910	12950930	13537640	11861200
254	14065380	12950690	13536750	11859070
255	14065560	12950370	13537290	11861120
256	14065600	12950600	13536720	11860650
257	14067250	12951850	13538330	11859190
258	14066140	12951270	13537310	11860810
259	14067020	12951680	13537880	11861400
260	14066060	12951310	13537320	11858880
261	14066650	12951710	13537440	11859800
262	14066120	12951160	13537160	11859110
263	14066590	12951280	13537910	11859330
264	14066440	12953000	13538890	11861600
265	14067650	12952590	13538550	11861150
266	14067510	12952970	13538470	11861320
267	14067190	12952390	13538490	11861950
268	14066030	12951050	13537450	11860860
269	14067150	12952140	13538740	11862460
270	14067880	12953210	13538910	11859850
271	14067980	12953420	13539450	11862190
272	14067710	12953460	13539050	11860860
273	14067280	12952490	13539030	11861440
274	14067310	12952760	13538990	11861390
275	14067520	12953070	13539330	11862370
276	14066630	12952670	13538330	11860700
277	14067590	12952910	13539170	11863000
278	14067240	12952710	13539130	11860860
279	14067340	12952450	13539260	11861690
280	14067010	12952720	13538850	11859520
281	14068360	12953810	13539850	11863420
282	14066890	12952490	13541120	11861680
283	14066980	12952360	13538660	11859300
284	14067270	12953200	13539180	11859780
285	14068320	12953720	13539940	11861080
286	14067780	12953070	13539020	11859970
287	14068800	12954210	13540300	11861780
288	14068130	12953900	13540000	11860600
289	14066970	12952540	13538690	11860900
290	14067320	12952800	13539060	11862010
291	14067830	12953020	13539320	11860940
292	14067150	12952500	13538550	11859160
293	14066550	12952100	13538500	11862310
294	14066170	12951950	13537920	11859240
295	14067000	12952250	13538230	11861310
296	14066800	12952950	13538550	11861790
297	14067640	12952790	13538620	11862360
298	14067470	12953450	13538490	11859990
299	14068510	12953940	13539570	11863760
300	14068160	12953940	13539320	11862880
301	14068070	12953460	13539290	11860370
302	14067680	12953290	13538700	11860900
303	14067290	12953070	13538180	11860240
304	14066520	12952200	13537550	11858530
305	14067220	12952110	13538010	11861260
306	14067180	12952690	13538270	11860280
307	14067940	12953330	13538930	11862460
308	14066830	12952410	13537890	11859490
309	14067350	12952960	13538640	11860950
310	14067090	12952240	13537690	11859640
311	14066870	12951800	13537830	11860510
312	14066170	12951580	13537440	11860100
313	14066820	12951770	13538010	11860350
314	14067380	12952610	13538650	11860490
315	14068280	12953340	13538920	11862990
316	14067780	12952860	13538210	11860280
317	14067460	12952500	13538270	11861350
318	14066600	12952180	13538000	11860890
319	14066100	12951350	13537590	11858400
320	14066920	12952210	13538040	11860610
321	14067170	12952290	13538420	11859180
322	14066750	12952250	13537670	11858620
323	14066890	12952390	13538140	11861520
324	14066730	12952430	13538180	11858840
325	14066210	12952200	13537570	11859670
326	14067190	12953000	13537970	11861540
327	14068600	12954030	13539640	11861690
328	14067650	12953120	13538830	11858760
329	14067950	12953560	13539130	11862400
330	14066420	12952990	13537840	11860180
331	14067040	12952930	13538390	11860660
332	14066390	12952800	13537710	11860700
333	14067450	12953370	13538620	11861960
334	14067520	12953820	13538510	11859540
335	14068360	12954250	13539520	11862800
336	14067700	12953980	13538750	11859010
337	14067930	12953840	13539150	11862290
338	14067250	12948060	13538880	11861120
339	14066940	12952580	13537750	11860340
340	14066910	12953690	13538430	11861010
341	14068370	12953880	13539000	11862040
342	14067780	12953120	13538700	11860290
343	14068000	12953140	13538830	11860330
344	14067550	12953100	13538510	11861100
345	14068330	12953490	13538990	11861910
346	14067200	12952950	13538370	11860790
347	14066460	12952130	13537960	11861340
348	14066350	12952060	13537470	11857410
349	14067470	12953310	13538560	11861840
350	14066850	12952900	13537930	11858050
351	14067340	12953240	13538510	11861030
352	14066670	12953110	13537930	11861150
353	14065970	12953050	13538480	11861090
354	14066710	12952690	13538190	11858200
355	14066850	12952550	13538130	11861920
356	14066110	12952710	13537640	11859460
357	14066110	12952810	13538010	11860280
358	14067850	12953560	13538430	11860570
359	14067900	12953650	13538680	11862090
360	14067140	12952710	13538060	11859710
361	14066570	12952050	13537900	11859430
362	14066740	12952550	13537840	11858860
363	14067230	12952610	13538590	11860550
364	14066820	12952350	13537690	11860690
365	14067060	12952670	13538110	11860940
366	14067490	12953110	13538450	11861160
367	14066560	12952070	13537550	11861890
368	14064860	12951060	13535930	11859420
369	14064470	12950420	13536920	11860680
370	14064100	12950820	13536970	11857120
371	14064810	12950670	13536570	11861270
372	14064270	12950370	13536450	11858450
373	14065040	12950980	13537270	11859760
374	14065820	12951660	13537840	11860590
375	14065700	12951010	13537210	11859720
376	14065580	12951360	13537260	11860990
377	14066040	12951740	13537560	11859630
378	14066050	12951720	13537470	11859530
379	14066500	12952440	13537980	11861620
380	14066320	12952160	13537580	11858950
381	14068000	12953630	13538980	11860670
382	14067520	12953390	13538410	11859800
383	14066400	12951810	13537560	11861880
384	14067100	12951450	13536530	11859050
385	14065660	12952290	13537950	11860940
386	14064830	12951120	13536580	11859660
387	14065620	12951040	13537240	11859120
388	14067000	12952290	13538550	11858470
389	14067570	12952610	13538920	11862090
390	14067090	12952080	13538150	11859700
391	14067360	12952590	13539100	11861950
392	14067170	12952840	13538680	11859460
393	14067460	12952730	13538320	11860670
394	14065640	12951200	13537240	11857480
395	14066160	12951310	13537870	11858720
396	14064570	12950540	13536570	11859620
397	14065270	12950580	13537380	11860080
398	14066220	12951640	13537320	11858640
399	14066360	12951040	13537110	11859930
400	14066710	12952350	13538350	11861070
401	14066310	12952050	13537680	11861550
402	14064970	12950940	13536420	11858490
403	14066410	12952180	13537950	11859930
404	14066110	12952020	13537700	11860620
405	14066500	12952230	13537640	11859890
406	14065970	12951710	13536990	11859180
407	14067150	12952850	13538610	11861950
408	14065300	12951400	13536930	11860440
409	14067360	12953170	13538580	11861060
410	14065940	12951910	13537130	11858330
411	14066720	12952270	13538200	11862160
412	14067320	12952640	13537790	11858630
413	14067410	12952940	13538080	11861920
414	14066670	12952150	13537460	11858340
415	14065160	12950460	13536270	11858710
416	14064660	12951360	13537200	11860010
417	14066710	12951890	13538090	11858910
418	14066140	12951430	13537750	11859190
419	14065680	12951460	13537320	11860860
420	14065210	12951000	13536600	11858690
421	14065080	12951660	13538190	11860320
422	14065810	12951790	13537670	11860100
423	14065430	12951390	13537510	11860560
424	14065170	12950700	13537110	11859660
425	14066870	12951890	13538160	11861490
426	14066910	12951940	13537930	11858040
427	14067070	12952210	13537950	11860860
428	14065920	12951650	13537190	11859960
429	14066890	12952080	13538110	11861580
430	14066270	12951530	13536670	11860180
431	14066640	12951920	13537610	11861450
432	14065610	12951090	13536820	11859160
433	14066080	12951340	13537580	11859020
434	14066550	12951650	13537310	11858540
435	14065140	12950700	13536460	11860400
436	14066770	12951990	13538290	11859190
437	14066530	12951090	13537620	11861970
438	14065720	12951210	13537230	11858260
439	14068210	12953200	13539490	11863010
440	14067570	12952760	13538490	11860750
441	14066700	12952030	13538100	11862510
442	14066400	12951920	13538030	11859050
443	14066090	12953050	13538960	11862340
444	14067310	12952800	13538650	11860250
445	14067320	12952570	13538880	11862820
446	14066630	12952530	13538030	11859740
447	14066770	12951950	13538320	11861670
448	14066710	12952160	13538350	11858360
449	14067640	12953150	13539140	11862400
450	14067770	12953300	13538670	11859590
451	14067040	12952730	13538500	11861870
452	14066500	12952210	13537970	11858830
453	14066330	12951540	13537620	11860700
454	14066180	12951600	13537090	11858030
455	14066190	12951610	13538340	11861900
456	14065630	12951450	13537520	11858100
457	14067210	12952820	13538470	11860690
458	14066690	12952550	13538560	11860680
459	14066460	12952260	13538020	11858910
460	14066360	12952370	13538350	11859100
461	14065880	12951700	13537920	11861430
462	14065100	12951270	13537170	11858720
463	14065700	12951310	13538140	11862030
464	14065860	12951690	13537920	11858730
465	14065700	12951690	13537490	11859570
466	14065860	12951730	13537440	11860690
467	14065030	12951110	13536730	11859120
468	14065950	12952380	13537950	11859160
469	14065450	12951400	13536810	11860420
470	14065440	12950950	13537180	11859170
471	14066280	12951950	13538050	11859640
472	14065900	12951820	13537470	11859590
473	14066030	12951860	13537380	11861190
474	14065130	12951680	13536590	11858180
475	14066470	12952520	13537950	11861270
476	14065700	12951970	13537520	11859840
477	14066830	12952270	13538390	11859960
478	14063320	12949460	13535730	11858100
479	14064690	12950550	13536950	11860960
480	14064590	12950500	13536880	11859580
481	14064120	12949850	13536330	11857300
482	14064220	12950500	13536260	11858540
483	14064620	12950550	13536360	11858420
484	14064160	12950190	13536420	11858000
485	14064860	12950590	13536940	11858930
486	14065480	12951060	13537360	11858050
487	14064060	12949970	13536090	11858830
488	14063770	12949660	13535880	11859840
489	14063920	12949390	13536470	11857480
490	14065100	12950660	13537190	11859820
491	14065160	12950580	13537730	11861060
492	14063340	12949000	13535870	11858320
493	14064890	12950120	13536960	11860760
494	14063900	12949640	13536180	11856850
495	14064790	12950280	13537080	11858780
496	14063960	12949780	13536610	11856880
497	14063670	12949070	13536500	11859380
498	14063540	12949180	13535850	11857190
499	14065310	12950100	13536980	11861390

============================================================
# BITSTREAM: 100ms_101etapas.bit
# VENTANA: 100ms
# ETAPAS_PRINCIPAL: 101
# NUM_MUESTRAS: 500
# FORMATO: idx	freq1_hz	freq2_hz	freq3_hz	freq4_hz
============================================================
idx	freq1_hz	freq2_hz	freq3_hz	freq4_hz
0	10037730	9290990	9781110	9781110
1	10038650	9291670	9781480	9781480
2	10038240	9291370	9780420	9780420
3	10038340	9291710	9781370	9781370
4	10038730	9291930	9781760	9781760
5	10038370	9291780	9781480	9781470
6	10038680	9291800	9780680	9780670
7	10038870	9291950	9781680	9781680
8	10038850	9291750	9780850	9780850
9	10038240	9291590	9781370	9781370
10	10037890	9291100	9780550	9780550
11	10037230	9290570	9780180	9780170
12	10037140	9290510	9780400	9780410
13	10037440	9290760	9780380	9780370
14	10037180	9290700	9780340	9780350
15	10036770	9290090	9780160	9780160
16	10037120	9290580	9780860	9780860
17	10038130	9291700	9781610	9781610
18	10037690	9291230	9780650	9780650
19	10037430	9290830	9780970	9780970
20	10036910	9290370	9780660	9780660
21	10037950	9291090	9781090	9781090
22	10038100	9291150	9781220	9781220
23	10037720	9291090	9780820	9780810
24	10037530	9290930	9780370	9780460
25	10036960	9290330	9779900	9779900
26	10037230	9290730	9780310	9780310
27	10037000	9290210	9780050	9780050
28	10036780	9290130	9779930	9779930
29	10037450	9290570	9780720	9780720
30	10037530	9290560	9780250	9780250
31	10037470	9290410	9780400	9780400
32	10037350	9290340	9780220	9780220
33	10037720	9290400	9780320	9780320
34	10037520	9290740	9780360	9780360
35	10037340	9290600	9780450	9780450
36	10037990	9291020	9781070	9781070
37	10037870	9291070	9781330	9781330
38	10037030	9290440	9780060	9780060
39	10037220	9290660	9780580	9780580
40	10037620	9290740	9780600	9780520
41	10036910	9290350	9780070	9780070
42	10037460	9290880	9780400	9780400
43	10037770	9291010	9780830	9780820
44	10038160	9291330	9781130	9781130
45	10037960	9291000	9781040	9781050
46	10037880	9291170	9780850	9780850
47	10037320	9290700	9780440	9780440
48	10037230	9290690	9780240	9780240
49	10036890	9290430	9780260	9780260
50	10036600	9290060	9779930	9779930
51	10036660	9290210	9780000	9780090
52	10037060	9290510	9780090	9780090
53	10037550	9290580	9780810	9780810
54	10037180	9290620	9780630	9780630
55	10037450	9290800	9780690	9780690
56	10037370	9290920	9780540	9780540
57	10037670	9290800	9780910	9780910
58	10037720	9290880	9781190	9781180
59	10037600	9291010	9781110	9781120
60	10037670	9290980	9780860	9780860
61	10037370	9290410	9780450	9780450
62	10037380	9290620	9780170	9780160
63	10036920	9290060	9779890	9779900
64	10036820	9290160	9780000	9780000
65	10037370	9290520	9780440	9780440
66	10037690	9290850	9780230	9780230
67	10037350	9290580	9780210	9780210
68	10038210	9291510	9780880	9780880
69	10038190	9291550	9781240	9781240
70	10038120	9291380	9780740	9780740
71	10037990	9291350	9780740	9780740
72	10037540	9290900	9780450	9780450
73	10037610	9290430	9780490	9780490
74	10037690	9290660	9780590	9780590
75	10037340	9290400	9780210	9780210
76	10036650	9289920	9779770	9779770
77	10037230	9290470	9780370	9780370
78	10036930	9290030	9779620	9779620
79	10036930	9290390	9779930	9779930
80	10036940	9290170	9780060	9780050
81	10036600	9289620	9779820	9779810
82	10036590	9289880	9779920	9779920
83	10036700	9289790	9780000	9780000
84	10035980	9289160	9778900	9778900
85	10036080	9289310	9779070	9779070
86	10036190	9289590	9779060	9779060
87	10036080	9289290	9778990	9778980
88	10036130	9289450	9778950	9778960
89	10036290	9289380	9779490	9779490
90	10035900	9289020	9779230	9779230
91	10036070	9289390	9779460	9779460
92	10035740	9289090	9778910	9778900
93	10036280	9289640	9779520	9779530
94	10035610	9289110	9778850	9778850
95	10036300	9289530	9779530	9779530
96	10036070	9289260	9779260	9779260
97	10036050	9289040	9778980	9778980
98	10036180	9289310	9779250	9779250
99	10035870	9288930	9778830	9778830
100	10036750	9289780	9779680	9779680
101	10037190	9290230	9780110	9780110
102	10037010	9289920	9779940	9779940
103	10037100	9290260	9779940	9779940
104	10036480	9289590	9779300	9779300
105	10036120	9289040	9779060	9779060
106	10036220	9289490	9784900	9779460
107	10035910	9289220	9779010	9779000
108	10036170	9289640	9779550	9779560
109	10035630	9289000	9778990	9789230
110	10035550	9288750	9778760	9778760
111	10036100	9289310	9779210	9779210
112	10036160	9289370	9778960	9778960
113	10036570	9289670	9779770	9779770
114	10036400	9289210	9779120	9779120
115	10036610	9289630	9779620	9779620
116	10036570	9289710	9779270	9779270
117	10036120	9289490	9779150	9779150
118	10036600	9289810	9779810	9779810
119	10036490	9289780	9779620	9779620
120	10035750	9289300	9779020	9779020
121	10036270	9289490	9779590	9779590
122	10036290	9289490	9779330	9779320
123	10036040	9289330	9779080	9779080
124	10036520	9289690	9779720	9779730
125	10036370	9289360	9784200	9779080
126	10036550	9289380	9778400	9778400
127	10036270	9289210	9778900	9778900
128	10036430	9289760	9779230	9779230
129	10037090	9290370	9779710	9779710
130	10036800	9289840	9779110	9779110
131	10037400	9290400	9780010	9780010
132	10037130	9289980	9779770	9779770
133	10037080	9289770	9779890	9779880
134	10036760	9289780	9779620	9779630
135	10036320	9289420	9779450	9779450
136	10036130	9289280	9779360	9779360
137	10036650	9289880	9779880	9779880
138	10036880	9290090	9780010	9780010
139	10036390	9289230	9779590	9779590
140	10036820	9289600	9779490	9779430
141	10037350	9290300	9780250	9780250
142	10036730	9290090	9779470	9779470
143	10035550	9288780	9778610	9778610
144	10035910	9289330	9779120	9779120
145	10036130	9289380	9779530	9779530
146	10035410	9288760	9778830	9778830
147	10036180	9289570	9779650	9779650
148	10035260	9288920	9779060	9779060
149	10036210	9289830	9779770	9779770
150	10035620	9289290	9778940	9778940
151	10035890	9289380	9779290	9779280
152	10036260	9289690	9779160	9779170
153	10035880	9289190	9779010	9779010
154	10035220	9288780	9778480	9778480
155	10035170	9288940	9778440	9778440
156	10034630	9288230	9777860	9777860
157	10035350	9288810	9778980	9778980
158	10034870	9288530	9778110	9778110
159	10035270	9288710	9778580	9778580
160	10035460	9289060	9778600	9778600
161	10034500	9288080	9777980	9777980
162	10034510	9288200	9777980	9777960
163	10035210	9288610	9778390	9778390
164	10035420	9288660	9778350	9778350
165	10035230	9288630	9778480	9778480
166	10036000	9289250	9779070	9779070
167	10035540	9288780	9778730	9778730
168	10034980	9288550	9778170	9778170
169	10034980	9288250	9778070	9778070
170	10035060	9288380	9778360	9778360
171	10035160	9288390	9778440	9778440
172	10034350	9287640	9777830	9777820
173	10034450	9287740	9778050	9778060
174	10035110	9288310	9778480	9778480
175	10035520	9288740	9778680	9778680
176	10035620	9288870	9778450	9778450
177	10035450	9288570	9778370	9778370
178	10034990	9288450	9777790	9777790
179	10034610	9288100	9778040	9778040
180	10034290	9288080	9777620	9777620
181	10035090	9288650	9778170	9778170
182	10035340	9288650	9778520	9778520
183	10035090	9288400	9778460	9778460
184	10035740	9288580	9778660	9778660
185	10035990	9288810	9778570	9778570
186	10035760	9288580	9778220	9778220
187	10035890	9288580	9778440	9778440
188	10035660	9288600	9778120	9778120
189	10035460	9288560	9778820	9778820
190	10034860	9288220	9778030	9778030
191	10034400	9287830	9777760	9777760
192	10034910	9288420	9778200	9778200
193	10036020	9289000	9778890	9778890
194	10036220	9289300	9779070	9779070
195	10035870	9288750	9778680	9778590
196	10035300	9288460	9778500	9778500
197	10035840	9288900	9778920	9778920
198	10036000	9289140	9779180	9779180
199	10036510	9289530	9779540	9779540
200	10035900	9289100	9779110	9779110
201	10036640	9289570	9779910	9779910
202	10036260	9289140	9779190	9779180
203	10036710	9289550	9779760	9779770
204	10036080	9289200	9779610	9779290
205	10036160	9289440	9778860	9779170
206	10036090	9289410	9779210	9779210
207	10035990	9289380	9778930	9778940
208	10036960	9290280	9780080	9780080
209	10036310	9289800	9779980	9779980
210	10035170	9288840	9778540	9778540
211	10035720	9289010	9778870	9778870
212	10036440	9289860	9779240	9779240
213	10035970	9289380	9778990	9778990
214	10036360	9289630	9779140	9779140
215	10036580	9289950	9779690	9779690
216	10035380	9288920	9778070	9778070
217	10035720	9289180	9778880	9778880
218	10035450	9289000	9778610	9778600
219	10035860	9289350	9778800	9778810
220	10036690	9290260	9779400	9769130
221	10036700	9290280	9779370	9779370
222	10036500	9290150	9779450	9779450
223	10036690	9290150	9779680	9779680
224	10035910	9289460	9778760	9778760
225	10036440	9289800	9779640	9779640
226	10036170	9289820	9779290	9779320
227	10035660	9289330	9778800	9778800
228	10035680	9289430	9778870	9778860
229	10035410	9288860	9778450	9778460
230	10035210	9288610	9778020	9778020
231	10036050	9289270	9778630	9778630
232	10036300	9289480	9778680	9778680
233	10036130	9289260	9778700	9778700
234	10036380	9289540	9779160	9779160
235	10036530	9289760	9779620	9779620
236	10036770	9289890	9779560	9779560
237	10036590	9289590	9779790	9779790
238	10035980	9288950	9779160	9779160
239	10035910	9288900	9784880	9779360
240	10036930	9290000	9779760	9779760
241	10036500	9289740	9779690	9779690
242	10036760	9290120	9779540	9779530
243	10036070	9289430	9779450	9779460
244	10035920	9289390	9779050	9779050
245	10035560	9289200	9779340	9779330
246	10034950	9288620	9778670	9778680
247	10034320	9287980	9778090	9778120
248	10035340	9288920	9778950	9778960
249	10035930	9289620	9779800	9779800
250	10035580	9289130	9779180	9779180
251	10035950	9289280	9779320	9779320
252	10035240	9288790	9778430	9778420
253	10035830	9289110	9778970	9778980
254	10035100	9288780	9778570	9778570
255	10034430	9288040	9778110	9778110
256	10034930	9288630	9778670	9778670
257	10035340	9289000	9778640	9778640
258	10036100	9289900	9779330	9779330
259	10035710	9289380	9779020	9779010
260	10036020	9289550	9779350	9779360
261	10035500	9289110	9778630	9778630
262	10035850	9289090	9778590	9778590
263	10035040	9288330	9777930	9777930
264	10035290	9288640	9777780	9777770
265	10034940	9288430	9777870	9777880
266	10034870	9288560	9777870	9777870
267	10035460	9289100	9778650	9778650
268	10035490	9289170	9778480	9778480
269	10035360	9289140	9778440	9778440
270	10035130	9288650	9778130	9778130
271	10035910	9289270	9778650	9778650
272	10035950	9289280	9778630	9778630
273	10035720	9289140	9778590	9778590
274	10034940	9288660	9777930	9777930
275	10034540	9288260	9777650	9777650
276	10035460	9289140	9778430	9778430
277	10035400	9288970	9778340	9778340
278	10035230	9289010	9777960	9777960
279	10034850	9288890	9778340	9778340
280	10034760	9288480	9777330	9777330
281	10034770	9288590	9777830	9777830
282	10035330	9289130	9778660	9778660
283	10035840	9289100	9778660	9778660
284	10035760	9289400	9778680	9778680
285	10035700	9289380	9778900	9778900
286	10035630	9289280	9778780	9778780
287	10035960	9289490	9779290	9779290
288	10035120	9288870	9778350	9778350
289	10035020	9288600	9778030	9778030
290	10035200	9288970	9778550	9778540
291	10036340	9289930	9779620	9779630
292	10035110	9288980	9778320	9778320
293	10034740	9288510	9778240	9778240
294	10035110	9288710	9778310	9778310
295	10035410	9288990	9778500	9778500
296	10035610	9289280	9778730	9778730
297	10034790	9288500	9778210	9778210
298	10035340	9289070	9778380	9778380
299	10035590	9289430	9778920	9778920
300	10035400	9289050	9779080	9778720
301	10035570	9289270	9779050	9779040
302	10035440	9289040	9778440	9778450
303	10035080	9288900	9778210	9778210
304	10033950	9287690	9777060	9777060
305	10033940	9287940	9776570	9776570
306	10034500	9288480	9777120	9777120
307	10034730	9288740	9777370	9777370
308	10035020	9288970	9778110	9778110
309	10034450	9288370	9777860	9777860
310	10034150	9288070	9777500	9777500
311	10034350	9288280	9777280	9777280
312	10034120	9288210	9777100	9777100
313	10034770	9288520	9777220	9777220
314	10034630	9288520	9777750	9777750
315	10034930	9288640	9778270	9778260
316	10035280	9289040	9778470	9778480
317	10035720	9289510	9778870	9778870
318	10035480	9289230	9778330	9778330
319	10035850	9289640	9778600	9778600
320	10035570	9289500	9778640	9778640
321	10034810	9288390	9777640	9777640
322	10034800	9288580	9777820	9777820
323	10035240	9288810	9778450	9778450
324	10035050	9288540	9778020	9778020
325	10034720	9288210	9777960	9777960
326	10034470	9288100	9777790	9777790
327	10034770	9288210	9777730	9777730
328	10034450	9288010	9777220	9777250
329	10034780	9288400	9777670	9777670
330	10034880	9288320	9777850	9777850
331	10035020	9288680	9778030	9778020
332	10034580	9288110	9777440	9777450
333	10034770	9288430	9777860	9777860
334	10034470	9288220	9777520	9777540
335	10034140	9288020	9777020	9777020
336	10034940	9288760	9777490	9777490
337	10035220	9288710	9777610	9777610
338	10035490	9289280	9777860	9777850
339	10035830	9289370	9778520	9778530
340	10035720	9289520	9778070	9778070
341	10036100	9289740	9778720	9778720
342	10035680	9289380	9778050	9778050
343	10035660	9289310	9778070	9778070
344	10035690	9289270	9778080	9778080
345	10035730	9289440	9778550	9778550
346	10035990	9289510	9778320	9778320
347	10035090	9288950	9777740	9777740
348	10034900	9288860	9777680	9777670
349	10034640	9288480	9777230	9777240
350	10034820	9288720	9777640	9777640
351	10034720	9288630	9777710	9777710
352	10033750	9287360	9776910	9776910
353	10034120	9287660	9776960	9776960
354	10033720	9287630	9776790	9776790
355	10033780	9287750	9776640	9776640
356	10033670	9288040	9776990	9776990
357	10034740	9288450	9777560	9777550
358	10033810	9287820	9776890	9776900
359	10034020	9287960	9776760	9776760
360	10033830	9287960	9776860	9776860
361	10034560	9288330	9776860	9776860
362	10034280	9288080	9776710	9776710
363	10033490	9287440	9776760	9776760
364	10033550	9287620	9776780	9776780
365	10034060	9287950	9776780	9776780
366	10034370	9288240	9777220	9777220
367	10034730	9288370	9778240	9778240
368	10034260	9287990	9777620	9777620
369	10034600	9288400	9777830	9777830
370	10035060	9288660	9778520	9778520
371	10034360	9288090	9777430	9777430
372	10033990	9287630	9777130	9777130
373	10034490	9288070	9777060	9777060
374	10033750	9287590	9776300	9776300
375	10033850	9287430	9776120	9776120
376	10033760	9287430	9776090	9776090
377	10034020	9287570	9776400	9776400
378	10034170	9287980	9777100	9777100
379	10033890	9287740	9776790	9776780
380	10033780	9287600	9776640	9776650
381	10033940	9287730	9777080	9777080
382	10033850	9287700	9776440	9776440
383	10034000	9287670	9777340	9777340
384	10034150	9287820	9777300	9777300
385	10034490	9287780	9777420	9777410
386	10034000	9287420	9776960	9776970
387	10034180	9287730	9777000	9776970
388	10034980	9288530	9777820	9777820
389	10034360	9287770	9777720	9777720
390	10034010	9287820	9777350	9777350
391	10034420	9287850	9777280	9777280
392	10034480	9288300	9777370	9777370
393	10034290	9287810	9777150	9777150
394	10035610	9288970	9777900	9777900
395	10035160	9288250	9778430	9778430
396	10035310	9288790	9778340	9778340
397	10034870	9288520	9777940	9777940
398	10034350	9287950	9777310	9777310
399	10034850	9288450	9777920	9777920
400	10034020	9287750	9777600	9777600
401	10033510	9287260	9777010	9777010
402	10034010	9287320	9776880	9776870
403	10033880	9287160	9776540	9776550
404	10034300	9287490	9776410	9776410
405	10033830	9286940	9776530	9776530
406	10034390	9287410	9776660	9776660
407	10034800	9287970	9777570	9777570
408	10035220	9288460	9777970	9777970
409	10035060	9288400	9777970	9778280
410	10035260	9288660	9778000	9778000
411	10035030	9288460	9777790	9777790
412	10034780	9288360	9777860	9777860
413	10035240	9288700	9778210	9778210
414	10035550	9289060	9778430	9778430
415	10035290	9288820	9778400	9778400
416	10035360	9288770	9778490	9778490
417	10036050	9289460	9779130	9779130
418	10036150	9289540	9779180	9779180
419	10036070	9288980	9779120	9779110
420	10035590	9288940	9778740	9778750
421	10035080	9288550	9778620	9778620
422	10034870	9288510	9777800	9777800
423	10034800	9288390	9778000	9777990
424	10034400	9287750	9777530	9777540
425	10034990	9288540	9777980	9777980
426	10034280	9288050	9777360	9777420
427	10034230	9287970	9777600	9777600
428	10034800	9288610	9778100	9778090
429	10034300	9288090	9777890	9777900
430	10034990	9288910	9778630	9778630
431	10034900	9288470	9777870	9777870
432	10035230	9288420	9778350	9778350
433	10034690	9287950	9777860	9777860
434	10033970	9287380	9777510	9777510
435	10034770	9288060	9778130	9778130
436	10034010	9287480	9777460	9777460
437	10033990	9287640	9777410	9777410
438	10033980	9287440	9777230	9777230
439	10034640	9287920	9777760	9777760
440	10034720	9288110	9777970	9777970
441	10035570	9289190	9779020	9779020
442	10035570	9288940	9778930	9778930
443	10035450	9288930	9778760	9778760
444	10035770	9289440	9778850	9778850
445	10035560	9289150	9778620	9778620
446	10035300	9288850	9778300	9778300
447	10035730	9289320	9778790	9778790
448	10036310	9289670	9778990	9778990
449	10035580	9288910	9778340	9778340
450	10035030	9288460	9777650	9777700
451	10034890	9288230	9777460	9777460
452	10035740	9289290	9778400	9778400
453	10035640	9289340	9778310	9778310
454	10035980	9289670	9778550	9778550
455	10035840	9289270	9778360	9778360
456	10035480	9289170	9778200	9778200
457	10035870	9289260	9778810	9778800
458	10036280	9289640	9779140	9779150
459	10036130	9289490	9779220	9779220
460	10035710	9289170	9778490	9778490
461	10036300	9289540	9778960	9778960
462	10035980	9289430	9778800	9778800
463	10035920	9289140	9778360	9778360
464	10036210	9289800	9778840	9778830
465	10036730	9290260	9779330	9779340
466	10035970	9289690	9778610	9778610
467	10036190	9289950	9779020	9779020
468	10036030	9289920	9778910	9778910
469	10036010	9289600	9778700	9778670
470	10035730	9289240	9778430	9778430
471	10035660	9289320	9778180	9778180
472	10035830	9289350	9778120	9778120
473	10035290	9288890	9777940	9777940
474	10035970	9289460	9778380	9778380
475	10035600	9289090	9778070	9778060
476	10036150	9289540	9778720	9778730
477	10035450	9288950	9778100	9778100
478	10035610	9289130	9778280	9778280
479	10035910	9289360	9778470	9778470
480	10035540	9289240	9777900	9777900
481	10035580	9289310	9778320	9778320
482	10035500	9289190	9777810	9777810
483	10035230	9288820	9778010	9778010
484	10035270	9288860	9778040	9778040
485	10035570	9288980	9778310	9778310
486	10035910	9288990	9778240	9778240
487	10034940	9288510	9777850	9777840
488	10034830	9288620	9777750	9777760
489	10035030	9288460	9777790	9777790
490	10035260	9288740	9777650	9777650
491	10035170	9288750	9777620	9777620
492	10034600	9288280	9777170	9777160
493	10034690	9288340	9777490	9777500
494	10035100	9288630	9777730	9777730
495	10034830	9288450	9777920	9777920
496	10034690	9288440	9778110	9778110
497	10036030	9289300	9778110	9778840
498	10036170	9289310	9778630	9778630
499	10035660	9288740	9778170	9778170

============================================================
# BITSTREAM: 10ms_3etapas.bit
# VENTANA: 10ms
# ETAPAS_PRINCIPAL: 3
# NUM_MUESTRAS: 500
# FORMATO: idx	freq1_hz	freq2_hz	freq3_hz	freq4_hz
============================================================
idx	freq1_hz	freq2_hz	freq3_hz	freq4_hz
0	33925500	33925500	35205100	35205100
1	33927500	33927500	35207000	35207000
2	33934800	33934800	35213400	35213400
3	33929000	33929000	35208600	35208600
4	33930500	33930500	35208300	35208300
5	33933300	33933300	35210800	35210900
6	33929000	33929000	35208200	35208100
7	33931300	33931300	35210700	35210700
8	33927800	33927800	35208300	35208300
9	33931800	33931900	35211100	35211100
10	33928000	33927900	35209300	35209300
11	33924600	33924600	35207900	35207900
12	33921500	33921500	35205000	35205100
13	33925600	33925600	35207900	35207800
14	33925700	33925700	35205600	35205600
15	33928500	33928600	35208400	35208400
16	33928400	33928300	35208300	35208300
17	33925600	33925600	35206400	35206400
18	33924900	33925000	35205000	35205000
19	33920500	33920400	35203300	35203300
20	33926500	33926600	35208500	35208500
21	33926000	33926000	35205800	35205800
22	33924600	33924500	35207100	35207100
23	33928800	33928900	35210800	35210800
24	33922600	33922500	35206400	35206400
25	33927100	33927200	35209100	35209100
26	33928100	33928000	35211800	35211900
27	33925900	33925900	35208800	35208700
28	33918700	33918700	35205600	35205600
29	33927300	33927400	35209000	35209000
30	33927500	33927400	35210600	35210700
31	33925500	33925600	35208900	35208800
32	33929500	33929400	35210200	35210200
33	33928700	33928700	35207600	35207600
34	33926200	33926200	35207300	35207300
35	33925700	33925700	35205600	35205600
36	33927600	33927600	35207800	35207800
37	33932700	33932700	35211800	35208600
38	33933300	33933300	35214500	35214400
39	33933900	33933900	35213600	35213700
40	33929200	33929200	35209600	35209600
41	33926700	33926700	35207900	35207900
42	33931200	33931200	35211800	35211800
43	33929100	33929100	35209700	35209700
44	33925100	33925100	35207100	35207100
45	33923400	33923400	35205900	35205900
46	33928000	33928100	35208600	35208600
47	33928900	33928900	35209500	35209500
48	33924800	33924700	35206700	35206700
49	33925500	33925500	35207000	35207000
50	33927400	33927400	35207800	35207800
51	33928600	33928600	35210000	35210000
52	33928600	33928600	35208800	35208800
53	33926100	33926100	35207800	35207800
54	33923500	33923500	35203900	35203900
55	33928000	33928000	35208600	35208600
56	33925400	33925400	35205400	35205400
57	33924400	33924500	35206200	35206200
58	33924600	33924500	35206600	35206600
59	33923800	33923900	35206300	35206300
60	33923600	33923500	35206100	35206100
61	33919600	33919600	35204100	35204100
62	33921600	33921600	35206800	35206800
63	33924000	33924000	35207600	35207600
64	33925300	33925300	35206600	35206600
65	33926800	33926800	35209800	35209800
66	33925800	33925800	35209400	35209400
67	33928100	33928200	35208500	35208500
68	33925200	33925100	35206000	35206000
69	33927000	33927000	35207200	35207200
70	33926800	33926800	35208300	35208300
71	33923800	33923900	35208500	35208500
72	33928300	33928200	35210300	35210300
73	33927400	33927400	35210000	35210000
74	33927300	33927300	35208700	35208700
75	33924700	33924700	35207800	35207800
76	33928000	33928000	35208800	35208800
77	33929000	33929000	35208100	35208100
78	33927800	33927900	35207200	35207200
79	33927400	33927300	35206100	35206100
80	33932100	33932200	35209400	35209400
81	33933700	33933600	35212700	35212700
82	33933800	33933800	35212700	35212700
83	33928800	33928900	35208900	35208900
84	33929500	33929400	35208500	35208400
85	33928800	33928800	35209200	35209300
86	33929500	33929500	35208900	35208900
87	33926100	33926100	35206600	35206600
88	33928200	33928300	35207900	35207900
89	33924900	33924900	35204900	35204900
90	33926000	33925900	35207700	35207700
91	33925200	33925200	35207000	35207000
92	33926800	33926800	35206400	35206400
93	33925100	33925100	35205100	35205100
94	33925300	33925300	35204200	35204200
95	33922500	33922500	35203100	35203100
96	33926100	33926100	35205300	35205300
97	33925400	33925400	35206900	35206900
98	33923900	33923900	35205500	35205500
99	33926300	33926400	35206500	35206500
100	33921200	33921100	35204300	35204300
101	33923400	33923400	35205800	35205800
102	33924700	33924700	35205900	35205900
103	33924900	33924900	35206300	35206300
104	33924900	33925000	35205900	35205900
105	33924800	33924800	35204800	35204800
106	33926600	33926500	35205600	35205600
107	33923900	33923900	35204800	35204800
108	33922300	33922300	35201600	35201600
109	33922500	33922500	35202500	35202500
110	33920600	33920700	35202100	35202100
111	33924400	33924300	35205000	35205000
112	33925200	33925200	35206100	35206100
113	33927000	33927000	35206200	35206200
114	33925100	33925200	35205000	35205000
115	33926300	33926200	35205200	35205200
116	33925500	33925500	35208200	35208200
117	33928400	33928400	35208200	35208200
118	33924800	33924800	35206100	35206100
119	33921300	33921300	35202800	35202800
120	33923000	33923100	35205800	35205800
121	33925500	33925500	35206800	35206800
122	33927600	33927500	35206600	35206600
123	33928800	33928800	35209500	35209500
124	33930700	33930700	35211100	35211100
125	33933300	33933300	35211500	35211500
126	33934200	33934200	35210700	35210700
127	33935700	33935700	35214200	35214200
128	33934400	33934400	35211800	35211800
129	33936400	33936400	35215200	35215200
130	33937800	33937800	35216200	35216200
131	33938700	33938700	35215000	35215000
132	33935900	33936000	35213100	35213100
133	33937700	33937700	35214700	35214700
134	33933800	33933700	35211800	35211800
135	33933400	33933500	35212200	35212200
136	33932800	33932700	35212600	35212600
137	33931500	33931500	35210700	35210700
138	33928900	33928900	35208900	35208900
139	33931300	33931300	35210300	35210300
140	33935400	33935400	35214100	35214100
141	33934900	33934900	35213100	35213100
142	33930500	33930500	35211000	35211000
143	33928400	33928500	35209900	35209900
144	33926400	33926300	35209200	35209200
145	33927900	33928000	35210800	35210800
146	33926600	33926500	35209600	35209600
147	33926100	33926100	35211300	35211300
148	33932600	33932600	35214300	35214300
149	33934500	33934500	35213700	35213700
150	33931500	33931500	35211900	35211900
151	33933200	33933200	35214500	35214500
152	33933700	33933800	35213400	35213400
153	33933200	33933100	35212800	35212800
154	33933400	33933400	35213500	35213500
155	33934500	33934500	35212700	35212700
156	33933200	33933200	35211100	35211100
157	33935800	33935800	35214100	35214100
158	33935400	33935500	35213400	35213400
159	33937300	33937300	35215000	35215000
160	33935900	33935800	35213700	35213700
161	33935600	33935600	35213500	35213500
162	33939300	33939300	35216400	35216400
163	33937600	33937600	35214600	35214600
164	33940900	33940900	35215800	35215800
165	33939900	33940000	35215900	35215900
166	33937800	33937800	35212500	35212500
167	33940900	33940800	35215000	35215000
168	33940700	33940700	35215800	35215800
169	33938900	33939000	35215600	35215600
170	33938200	33938100	35215400	35215400
171	33940900	33941000	35217800	35217800
172	33938500	33938400	35215900	35215900
173	33937900	33937900	35215500	35215500
174	33937400	33937400	35213800	35213800
175	33933700	33933800	35210400	35210400
176	33936700	33936600	35212600	35212600
177	33935000	33935000	35212500	35212500
178	33935100	33935100	35211700	35211700
179	33940200	33940300	35216000	35216000
180	33935200	33935100	35213200	35213200
181	33935600	33935600	35213300	35213300
182	33937400	33937400	35214800	35214800
183	33936800	33936800	35215300	35215300
184	33940700	33940700	35218300	35218300
185	33940200	33940200	35217800	35217800
186	33945000	33945000	35220000	35220000
187	33947300	33947300	35221000	35221000
188	33942200	33942200	35218300	35218300
189	33935600	33935600	35214800	35214800
190	33935200	33935300	35214300	35214300
191	33932800	33932700	35211100	35211100
192	33935800	33935800	35213300	35213400
193	33938000	33938000	35214000	35213900
194	33938700	33938700	35215100	35215100
195	33938300	33938300	35215900	35215900
196	33936800	33936900	35215600	35215600
197	33936100	33936000	35211900	35211900
198	33931300	33931300	35210700	35210700
199	33932300	33932300	35210600	35210600
200	33934200	33934200	35211400	35211300
201	33932900	33932900	35209800	35209900
202	33931000	33931000	35210600	35210600
203	33937400	33937400	35215000	35215000
204	33927500	33927600	35207700	35220700
205	33928900	33928800	35208500	35208500
206	33929700	33929700	35209000	35209000
207	33931600	33931700	35210300	35210300
208	33930800	33930800	35209600	35209600
209	33933100	33933000	35211600	35211600
210	33929200	33929200	35211200	35211200
211	33930600	33930600	35211700	35211700
212	33929700	33929700	35209200	35209100
213	33932500	33932500	35211600	35211700
214	33933300	33933300	35211600	35211600
215	33935000	33935000	35213200	35213200
216	33935200	33935200	35211600	35211600
217	33938000	33938000	35214000	35214000
218	33934300	33934300	35211600	35211600
219	33935500	33935500	35212800	35212700
220	33933500	33933500	35211900	35212000
221	33932900	33932900	35212600	35212600
222	33928400	33928400	35209100	35209100
223	33930400	33930400	35210200	35210200
224	33925200	33925200	35207400	35207400
225	33926200	33926300	35206700	35206700
226	33925900	33925800	35207300	35207300
227	33926900	33926900	35207500	35207500
228	33928900	33928900	35208300	35208200
229	33930300	33930300	35209300	35209400
230	33929300	33929300	35207500	35207500
231	33928900	33928900	35208400	35208400
232	33933100	33933100	35212500	35212500
233	33928500	33928500	35207800	35207800
234	33931500	33931600	35210900	35210900
235	33927700	33927600	35207400	35207400
236	33926500	33926500	35206500	35206500
237	33930800	33930800	35209300	35209300
238	33930500	33930500	35207700	35207700
239	33928900	33928900	35206900	35206900
240	33931800	33931900	35207700	35207700
241	33927900	33927800	35206400	35206400
242	33927100	33927100	35205800	35205800
243	33925500	33925500	35204300	35204300
244	33931000	33931100	35207300	35207300
245	33930600	33930500	35207100	35207100
246	33929200	33929200	35206300	35206300
247	33927400	33927500	35206100	35206100
248	33931000	33930900	35208700	35208700
249	33932100	33932100	35210200	35210200
250	33929500	33929500	35209100	35209100
251	33924500	33924500	35203100	35203100
252	33929500	33929500	35206900	35206900
253	33930000	33930000	35209100	35209100
254	33929100	33929100	35209000	35209000
255	33927900	33927900	35207500	35207500
256	33928600	33928600	35206500	35206500
257	33931100	33931200	35208300	35208100
258	33927200	33927100	35207100	35207100
259	33925100	33925100	35206400	35206400
260	33929100	33929100	35207800	35207800
261	33931500	33931500	35207800	35207800
262	33934000	33934000	35211100	35211100
263	33928200	33928300	35208800	35208800
264	33925000	33924900	35205600	35205600
265	33923500	33923500	35204200	35204200
266	33925500	33925500	35205100	35205100
267	33923300	33923400	35206100	35206100
268	33922900	33922900	35204300	35204300
269	33923300	33923200	35204900	35204900
270	33922900	33923000	35204900	35204900
271	33925000	33924900	35206800	35206700
272	33926400	33926400	35207300	35207400
273	33930700	33930700	35211000	35211000
274	33928400	33928400	35209100	35209100
275	33932000	33932000	35212000	35212000
276	33930700	33930700	35210900	35210900
277	33934600	33934700	35213300	35213300
278	33933300	33933200	35211000	35211000
279	33935700	33935800	35213300	35213300
280	33935000	33935000	35213600	35213600
281	33933700	33933700	35214700	35214700
282	33932700	33932600	35213400	35213400
283	33934400	33934400	35211700	35211700
284	33935900	33935900	35211800	35211800
285	33936800	33936800	35213000	35213000
286	33934300	33934300	35210900	35210900
287	33937400	33937500	35213100	35213100
288	33940100	33940100	35215400	35215400
289	33938400	33938300	35214300	35214300
290	33936900	33936900	35214000	35214000
291	33937600	33937600	35214800	35214800
292	33939800	33939800	35215000	35215000
293	33937300	33937300	35214800	35214800
294	33936500	33936500	35213900	35213900
295	33938900	33938900	35216400	35216400
296	33937600	33937600	35214100	35214100
297	33936800	33936800	35214600	35214600
298	33933000	33933000	35211500	35221100
299	33935200	33935300	35211800	35211800
300	33933400	33933300	35211500	35211500
301	33933700	33933700	35210700	35210700
302	33934000	33934000	35211600	35211600
303	33932400	33932400	35209200	35209200
304	33933100	33933100	35210400	35210400
305	33932600	33932600	35210900	35210900
306	33929000	33929000	35208900	35208900
307	33932100	33932100	35210400	35210400
308	33929400	33929500	35210300	35210300
309	33927500	33927400	35209700	35209700
310	33931600	33931700	35212400	35212400
311	33932700	33932700	35211000	35211000
312	33932400	33932300	35208200	35211400
313	33928400	33928400	35207100	35208200
314	33932600	33932600	35208900	35208900
315	33929700	33929800	35207300	35207300
316	33931000	33930900	35208900	35208900
317	33928300	33928300	35208000	35208000
318	33928700	33928800	35206900	35206900
319	33932700	33932600	35208000	35208000
320	33931600	33931600	35208700	35208700
321	33924700	33924800	35204200	35204200
322	33924100	33924000	35203800	35203800
323	33920600	33920600	35204000	35204000
324	33924400	33924400	35204900	35204900
325	33921900	33921900	35202800	35202800
326	33926200	33926200	35205300	35205300
327	33927500	33927600	35204600	35204600
328	33931400	33931300	35208300	35208400
329	33932400	33932400	35208700	35208600
330	33933000	33933000	35208000	35208000
331	33931300	33931300	35208700	35208700
332	33930500	33930500	35208900	35208900
333	33926500	33926500	35206700	35206700
334	33927600	33927700	35206700	35206700
335	33925300	33925200	35206200	35206200
336	33924000	33924000	35204300	35204300
337	33925200	33925200	35205900	35205900
338	33925700	33925700	35207300	35207300
339	33925800	33925800	35208600	35208600
340	33926300	33926300	35207800	35207800
341	33927400	33927500	35207600	35207600
342	33922700	33922600	35204700	35204700
343	33926600	33926600	35208600	35208600
344	33927200	33927200	35209700	35209700
345	33927500	33927600	35211000	35211000
346	33925700	33925600	35210600	35210600
347	33928800	33928800	35211400	35211400
348	33924300	33924400	35209500	35209500
349	33926600	33926600	35210700	35210700
350	33928300	33928200	35211400	35211400
351	33928000	33928100	35209500	35209500
352	33931900	33931800	35211000	35211000
353	33932100	33932100	35211500	35211500
354	33935400	33935400	35213200	35213200
355	33932600	33932700	35211300	35211300
356	33933500	33933500	35211500	35211500
357	33937400	33937300	35213800	35213800
358	33934500	33934500	35211500	35211500
359	33932300	33932300	35210100	35210100
360	33931900	33931900	35209400	35209400
361	33930900	33930900	35207900	35207900
362	33926000	33926000	35204900	35204900
363	33928200	33928200	35204900	35204900
364	33927900	33928000	35206100	35206100
365	33928700	33928600	35206200	35206200
366	33928200	33928200	35206900	35206900
367	33928500	33928600	35206900	35206900
368	33933100	33933000	35209000	35209000
369	33934500	33934600	35210600	35210600
370	33933700	33933700	35211000	35211000
371	33931400	33931300	35210800	35210800
372	33927900	33927900	35206400	35206400
373	33930400	33930400	35208600	35208600
374	33929700	33929700	35208100	35208100
375	33927200	33927300	35206600	35206600
376	33926300	33926200	35205000	35205000
377	33923400	33923500	35205000	35205000
378	33924400	33924300	35203600	35203600
379	33923300	33923300	35202900	35202900
380	33923300	33923400	35202200	35202200
381	33924000	33923900	35202700	35202700
382	33922800	33922800	35200900	35200900
383	33919700	33945300	35197900	35198000
384	33915200	33915200	35197500	35197400
385	33916500	33916500	35198300	35198300
386	33918100	33918200	35200900	35200900
387	33918600	33918600	35200700	35200700
388	33920400	33920300	35200500	35200500
389	33918100	33918200	35200800	35200800
390	33920700	33920600	35201800	35201800
391	33921800	33921900	35202400	35202400
392	33919600	33919600	35201400	35201400
393	33918700	33918700	35200700	35200700
394	33919000	33918900	35201200	35201200
395	33920200	33920200	35202300	35202300
396	33917300	33917400	35200500	35200500
397	33918600	33918600	35199800	35199800
398	33919800	33919700	35201700	35201700
399	33921300	33921300	35203500	35203500
400	33920800	33920900	35202700	35202700
401	33920300	33920200	35201200	35201200
402	33923000	33923000	35205000	35205000
403	33924200	33924200	35204700	35204800
404	33925300	33925300	35204900	35204800
405	33922000	33922000	35203700	35203700
406	33919000	33919000	35201000	35201000
407	33918100	33918100	35201900	35201900
408	33919300	33919300	35200900	35200900
409	33918800	33918800	35200500	35200500
410	33920600	33920700	35200500	35200500
411	33921800	33921800	35202300	35202300
412	33922800	33922800	35202200	35202200
413	33925900	33925900	35206300	35206300
414	33921800	33921700	35203600	35203600
415	33924800	33924900	35205300	35205300
416	33917400	33917300	35200800	35200800
417	33922000	33922000	35201700	35201700
418	33924000	33924000	35204400	35204400
419	33924400	33924400	35204200	35204200
420	33917100	33917100	35199800	35199800
421	33922000	33922100	35203400	35203400
422	33925700	33925700	35205600	35205500
423	33923300	33923200	35203900	35204000
424	33927900	33927900	35205700	35205800
425	33925500	33925500	35205400	35205300
426	33926900	33926900	35205900	35205900
427	33927500	33927500	35205100	35205100
428	33925300	33925400	35206200	35206200
429	33928000	33927900	35207300	35207300
430	33928700	33928800	35209500	35209500
431	33925100	33925000	35205500	35205500
432	33921800	33921800	35204700	35204700
433	33922700	33922700	35205200	35205200
434	33921300	33921400	35205200	35205200
435	33917000	33916900	35203500	35203500
436	33918500	33918600	35204100	35204100
437	33917200	33917100	35203500	35203500
438	33921200	33921300	35204800	35204800
439	33925900	33925800	35207200	35207200
440	33926100	33926200	35208100	35208100
441	33919800	33919700	35205900	35205900
442	33922200	33922200	35205400	35205300
443	33920700	33920800	35204100	35204200
444	33922000	33921900	35205400	35205400
445	33921500	33921500	35205500	35205500
446	33926300	33926300	35209700	35209700
447	33925200	33925200	35210200	35210200
448	33921200	33921300	35206900	35206900
449	33919300	33919200	35204200	35204200
450	33923700	33923700	35206400	35206400
451	33924600	33924600	35207600	35207200
452	33920200	33920200	35204200	35204200
453	33922500	33922500	35207300	35207300
454	33921400	33921500	35206700	35206700
455	33921500	33921400	35205600	35205600
456	33922400	33922400	35206400	35206400
457	33925000	33925000	35210400	35210400
458	33921900	33921900	35207400	35207400
459	33921100	33921100	35206100	35206100
460	33918300	33918400	35205200	35205200
461	33924600	33924600	35208300	35208300
462	33926700	33926600	35209100	35208300
463	33925400	33925400	35207900	35207900
464	33925800	33925800	35207800	35207800
465	33926800	33926800	35207900	35207900
466	33927500	33927500	35208700	35208700
467	33924300	33924300	35207400	35207400
468	33920900	33921000	35202800	35202900
469	33920000	33920000	35202800	35202700
470	33920900	33920800	35203200	35203200
471	33922400	33922400	35205100	35205100
472	33920600	33920600	35203800	35203800
473	33919900	33919900	35204700	35204700
474	33919100	33919100	35203200	35203200
475	33920900	33920900	35204400	35204500
476	33925700	33925700	35208600	35208500
477	33922200	33922200	35205500	35205500
478	33923400	33923400	35206100	35206100
479	33920600	33920600	35203400	35203400
480	33923500	33923500	35205000	35205000
481	33922200	33922200	35204200	35204200
482	33925400	33925400	35205200	35205200
483	33923500	33923500	35205100	35205000
484	33922500	33922500	35204500	35204600
485	33919900	33919900	35204000	35204000
486	33924700	33924700	35207900	35207900
487	33925100	33925100	35207300	35207300
488	33925100	33925200	35208500	35208500
489	33921900	33921800	35205400	35205400
490	33921300	33921300	35204800	35204800
491	33926600	33926600	35208200	35208200
492	33928800	33928800	35210300	35210300
493	33925400	33925400	35208100	35208200
494	33922700	33922800	35206900	35206800
495	33922500	33922500	35205400	35205400
496	33923600	33923600	35205200	35205300
497	33928100	33928000	35207800	35207700
498	33926300	33926300	35209500	35209500
499	33928800	33928800	35209800	35209800

============================================================
# BITSTREAM: 10ms_5etapas.bit
# VENTANA: 10ms
# ETAPAS_PRINCIPAL: 5
# NUM_MUESTRAS: 500
# FORMATO: idx	freq1_hz	freq2_hz	freq3_hz	freq4_hz
============================================================
idx	freq1_hz	freq2_hz	freq3_hz	freq4_hz
0	33627000	33627000	33627000	33627000
1	33627300	33627300	33627300	33627200
2	33626100	33626100	33626100	33626200
3	33626100	33626100	33626100	33626100
4	33625600	33625600	33625600	33625600
5	33626200	33626200	33626200	33626200
6	33624700	33624700	33624700	33624700
7	33624500	33624500	33624500	33624500
8	33626000	33626000	33626000	33626000
9	33626500	33626400	33626500	33626500
10	33626000	33629100	33629200	33629100
11	33627400	33627400	33627400	33627500
12	33629400	33629400	33629400	33629400
13	33627400	33627400	33630600	33627400
14	33632100	33632100	33632100	33632000
15	33631600	33631600	33631600	33631700
16	33628800	33628800	33628800	33628800
17	33630700	33630700	33630700	33630700
18	33633300	33633300	33633300	33633300
19	33634600	33634600	33634600	33634600
20	33632000	33632000	33632000	33631900
21	33625600	33628800	33628800	33628900
22	33629700	33629700	33629700	33629600
23	33632100	33632100	33632100	33632200
24	33629100	33629100	33629100	33629100
25	33632700	33632700	33632700	33632600
26	33633300	33633300	33633300	33633400
27	33633800	33633800	33633800	33633800
28	33632300	33629100	33629100	33629000
29	33625500	33625500	33625500	33625600
30	33627200	33627200	33627200	33627200
31	33629600	33629700	33629600	33629600
32	33627600	33627500	33627600	33627600
33	33631100	33631100	33631100	33631100
34	33632300	33632300	33632300	33632300
35	33629500	33629500	33629500	33629500
36	33628900	33629000	33628900	33628900
37	33629500	33629400	33629500	33629500
38	33631700	33631700	33631700	33631700
39	33632500	33632500	33632500	33632500
40	33631200	33631200	33631200	33631100
41	33630100	33630100	33630100	33630200
42	33627800	33627800	33627800	33627800
43	33628700	33628700	33628700	33628700
44	33630000	33630000	33630000	33629900
45	33631600	33631600	33631600	33631700
46	33631400	33631400	33631400	33631400
47	33628500	33628500	33628500	33628500
48	33630400	33630400	33630400	33630400
49	33629300	33629300	33629300	33629200
50	33628600	33628600	33628600	33628700
51	33627800	33627800	33627800	33627800
52	33627900	33627900	33627900	33627900
53	33625000	33625000	33615400	33625000
54	33624900	33624900	33624900	33624900
55	33628000	33628000	33628000	33627900
56	33627400	33627400	33627400	33627500
57	33627500	33627500	33627500	33627500
58	33630100	33630100	33630100	33630100
59	33627700	33627700	33627700	33627600
60	33626000	33626100	33626000	33626100
61	33629200	33629200	33629200	33629200
62	33630800	33630700	33630800	33630800
63	33630100	33630100	33630100	33630100
64	33630300	33630300	33630300	33630200
65	33629200	33629200	33629200	33629300
66	33631400	33631400	33631400	33631400
67	33631200	33631200	33631200	33631200
68	33633100	33633100	33633100	33633100
69	33633000	33633100	33633000	33633000
70	33629300	33629300	33629300	33629200
71	33630800	33630800	33630800	33630900
72	33629700	33629700	33629700	33629700
73	33629300	33629300	33629300	33629300
74	33629100	33628900	33629100	33629100
75	33631300	33631300	33631300	33631300
76	33632300	33632300	33632300	33632300
77	33630800	33630800	33630800	33630800
78	33630600	33630600	33630600	33630600
79	33634800	33634900	33634800	33634800
80	33633900	33633800	33633900	33633900
81	33632900	33633000	33632900	33632900
82	33632800	33632800	33632800	33632800
83	33633800	33633900	33633800	33633800
84	33635900	33635800	33635900	33635900
85	33634000	33634000	33634000	33634000
86	33630900	33630900	33630900	33630900
87	33628800	33628800	33628800	33628700
88	33630000	33630000	33628800	33630100
89	33628700	33628700	33628700	33628700
90	33631200	33631200	33631200	33631200
91	33631900	33631900	33631900	33631800
92	33631100	33631100	33631100	33631200
93	33630400	33630400	33630400	33630400
94	33629200	33629200	33629200	33629200
95	33629100	33629100	33629100	33629100
96	33628700	33628700	33628700	33628700
97	33631400	33631400	33631400	33631400
98	33631500	33631500	33631500	33631500
99	33630900	33630900	33630900	33630800
100	33628600	33628600	33628600	33628700
101	33626700	33626700	33626700	33626600
102	33626700	33626700	33626700	33626800
103	33626800	33626800	33626800	33626800
104	33627300	33627400	33627300	33627300
105	33627700	33627600	33627700	33627700
106	33628000	33628000	33628000	33628000
107	33629900	33629900	33629900	33629900
108	33631900	33631900	33631900	33631900
109	33631600	33631600	33631600	33631600
110	33631400	33631400	33631400	33631300
111	33631600	33631600	33631600	33631700
112	33634500	33634500	33634500	33634400
113	33630100	33630100	33630100	33630200
114	33631100	33631200	33631100	33631100
115	33630200	33630000	33630200	33630200
116	33631800	33631700	33631800	33631800
117	33629800	33629800	33629800	33629700
118	33629200	33629200	33629200	33629300
119	33628500	33628500	33628500	33628500
120	33630900	33630900	33630900	33630900
121	33629600	33629600	33629600	33629600
122	33628000	33628000	33628000	33628000
123	33629100	33629100	33627500	33629000
124	33628300	33628300	33628300	33628400
125	33627900	33627900	33627900	33627900
126	33626400	33626400	33626400	33626400
127	33630700	33630700	33630700	33630700
128	33626700	33626700	33630700	33626700
129	33624100	33624100	33624100	33624100
130	33626500	33626500	33626500	33626500
131	33630200	33630200	33630200	33630200
132	33629200	33629200	33629200	33629200
133	33630800	33630800	33630800	33630800
134	33630900	33630900	33630900	33630800
135	33630500	33630500	33630400	33630500
136	33630200	33630200	33630300	33630200
137	33631600	33631600	33631600	33631700
138	33631700	33631700	33631700	33631700
139	33630600	33630600	33630600	33630600
140	33630000	33630000	33630000	33629900
141	33627400	33627400	33627400	33627500
142	33630400	33630400	33630400	33630400
143	33628900	33628900	33628900	33628900
144	33630500	33630500	33630500	33630500
145	33630200	33630200	33630200	33630200
146	33630800	33630800	33630800	33630800
147	33633800	33633800	33633800	33633800
148	33631700	33631700	33631700	33631700
149	33632700	33632700	33632700	33632700
150	33633800	33633800	33633800	33633800
151	33634500	33634500	33634400	33634400
152	33630700	33630700	33630800	33630800
153	33629300	33629300	33629300	33629300
154	33628000	33628000	33628000	33628000
155	33625100	33625200	33625100	33625100
156	33626600	33626500	33626600	33626600
157	33626200	33626200	33626200	33626200
158	33624600	33624600	33624600	33624600
159	33626900	33626900	33626900	33626900
160	33628200	33628300	33628200	33628200
161	33628900	33628900	33628900	33628900
162	33629000	33629000	33629000	33629000
163	33629100	33629200	33629100	33629100
164	33627800	33627700	33627800	33627700
165	33630400	33630400	33630400	33630500
166	33630500	33630500	33630500	33630500
167	33629400	33629300	33629400	33629400
168	33627700	33627600	33627700	33627700
169	33625700	33625700	33627700	33625700
170	33626600	33626600	33626600	33626600
171	33625000	33625000	33625000	33625000
172	33628400	33628400	33628400	33628400
173	33625100	33625100	33625100	33625000
174	33626700	33626700	33626700	33626800
175	33625700	33625700	33625700	33625700
176	33627300	33627300	33627300	33627300
177	33628300	33628300	33628300	33628300
178	33627300	33627500	33627300	33627300
179	33623800	33623800	33623800	33623800
180	33626700	33626700	33626700	33626700
181	33628600	33628700	33628600	33628600
182	33629300	33629200	33629300	33629300
183	33629400	33629400	33629400	33629400
184	33626600	33626600	33626600	33626600
185	33627200	33627300	33627200	33627200
186	33625100	33625000	33625100	33625000
187	33626700	33626700	33626700	33626700
188	33627800	33627800	33627800	33627900
189	33629700	33629700	33629700	33629700
190	33626200	33629300	33626200	33626200
191	33629200	33629200	33629200	33629200
192	33628600	33628600	33628600	33628600
193	33628300	33628300	33628300	33628300
194	33631000	33631000	33631000	33631000
195	33628300	33628300	33628300	33628300
196	33628500	33628500	33628500	33628400
197	33625100	33625100	33625100	33625200
198	33627800	33627800	33627800	33627800
199	33629900	33629900	33628300	33629900
200	33630300	33630300	33630300	33630300
201	33630500	33630500	33630500	33630500
202	33628200	33628300	33628200	33628200
203	33626700	33626600	33626700	33626700
204	33627400	33627400	33627400	33627400
205	33627100	33627100	33627100	33627100
206	33629500	33629500	33629500	33629500
207	33628800	33628800	33628800	33628700
208	33628000	33628000	33628000	33628100
209	33630100	33630100	33630100	33630000
210	33630200	33630300	33630200	33630300
211	33628100	33628000	33628100	33628100
212	33629500	33629500	33629500	33629500
213	33629500	33629500	33629500	33629500
214	33627500	33630700	33627500	33627500
215	33625900	33625900	33625900	33625900
216	33626900	33626900	33626900	33626900
217	33628400	33628400	33628300	33628300
218	33628200	33628200	33628300	33628300
219	33628200	33628200	33628200	33628200
220	33626800	33626800	33626800	33626700
221	33631200	33631200	33631200	33631200
222	33630300	33630300	33630300	33630400
223	33630200	33630200	33630200	33630200
224	33630900	33630900	33630900	33630900
225	33629100	33629100	33629100	33629100
226	33626500	33626500	33626500	33626500
227	33628200	33628200	33628200	33628100
228	33628200	33628200	33628200	33628300
229	33625800	33625800	33625700	33625700
230	33627900	33627900	33628000	33628000
231	33626400	33626400	33626400	33626300
232	33624200	33624200	33624200	33624300
233	33626400	33626400	33637000	33626300
234	33627400	33627400	33627400	33627500
235	33628600	33628600	33628600	33628600
236	33629300	33629300	33629300	33629300
237	33627200	33627300	33627200	33627200
238	33627200	33627200	33627200	33627200
239	33628300	33628300	33628300	33628300
240	33624500	33624500	33624500	33624400
241	33626700	33626700	33638100	33626700
242	33628300	33628300	33628300	33628400
243	33626300	33626300	33626300	33626300
244	33625600	33625600	33625600	33625600
245	33624900	33624800	33624900	33624900
246	33628200	33628200	33628200	33628200
247	33626600	33626600	33626600	33626600
248	33625700	33625700	33625700	33625700
249	33627000	33627000	33627000	33627000
250	33628800	33628800	33628800	33628700
251	33630400	33630400	33630400	33630500
252	33626500	33626500	33626500	33626500
253	33628100	33628100	33628100	33628100
254	33631200	33631200	33628000	33631100
255	33627400	33627500	33627400	33627500
256	33627800	33627700	33627800	33627800
257	33625600	33625600	33625600	33625600
258	33628400	33628400	33628400	33628400
259	33629000	33629000	33628400	33629000
260	33626900	33626900	33626900	33626900
261	33627400	33627400	33627400	33627400
262	33625300	33625300	33625300	33625300
263	33626900	33626900	33626900	33626900
264	33629400	33629400	33629400	33629400
265	33626300	33626300	33626300	33626300
266	33628300	33628300	33628300	33628300
267	33625000	33625000	33625000	33624900
268	33626200	33626200	33626200	33626300
269	33627700	33627700	33627700	33627700
270	33631400	33631400	33631400	33631400
271	33629600	33629600	33629600	33629600
272	33627200	33627200	33627200	33627200
273	33628800	33628800	33628800	33628800
274	33628900	33628900	33628900	33628900
275	33630800	33630800	33630800	33630800
276	33630700	33630700	33630700	33630700
277	33631700	33631700	33631700	33631700
278	33631700	33631700	33631700	33631700
279	33630600	33630600	33630600	33630600
280	33628000	33628000	33628000	33628000
281	33628900	33628900	33628900	33628900
282	33630700	33630700	33630700	33630700
283	33628600	33628600	33628600	33628600
284	33625500	33625500	33625500	33625400
285	33629100	33629100	33629100	33629200
286	33628200	33628200	33628200	33628100
287	33630600	33630600	33630600	33630600
288	33630800	33630800	33630800	33630800
289	33632100	33632100	33632100	33632100
290	33633200	33633200	33633200	33633300
291	33632000	33632000	33632000	33632000
292	33630900	33630900	33630900	33630900
293	33632400	33632400	33632400	33632400
294	33633200	33633200	33633200	33633200
295	33634600	33634600	33634600	33634600
296	33633500	33633500	33633500	33633500
297	33632100	33632100	33632100	33632000
298	33630500	33630500	33630500	33630500
299	33628600	33628600	33628600	33628700
300	33629100	33629100	33629100	33629100
301	33628300	33628300	33628300	33628300
302	33628300	33628400	33628300	33628300
303	33631100	33631000	33631100	33631100
304	33630600	33630600	33630600	33630600
305	33634600	33634600	33634600	33634600
306	33633900	33633900	33633900	33633900
307	33633700	33633700	33633700	33633700
308	33633800	33633800	33633800	33633800
309	33633100	33633100	33633100	33633100
310	33632200	33632200	33632200	33632200
311	33633900	33633900	33633900	33633900
312	33631800	33631800	33631800	33631800
313	33631700	33631700	33631700	33631700
314	33633600	33633600	33633600	33633600
315	33632200	33632200	33632200	33632200
316	33629200	33629200	33629200	33629200
317	33630700	33630700	33630700	33630700
318	33631500	33631500	33631500	33631500
319	33630600	33630600	33630600	33630600
320	33630400	33630400	33630400	33630400
321	33631800	33631800	33631800	33631800
322	33630000	33630000	33630000	33630000
323	33628800	33628800	33628800	33628700
324	33630900	33630900	33630900	33631000
325	33629100	33629100	33629100	33629100
326	33632700	33632700	33632700	33632700
327	33627400	33627400	33627400	33627400
328	33627300	33627300	33627300	33627300
329	33627100	33627100	33627100	33627000
330	33628300	33628300	33628300	33628400
331	33629900	33629900	33629900	33629900
332	33631300	33631300	33631300	33631200
333	33630300	33630300	33630300	33630400
334	33629000	33629000	33629000	33629000
335	33626800	33626800	33626800	33626800
336	33627700	33627700	33627700	33627700
337	33629200	33629200	33629200	33629100
338	33628200	33628200	33628200	33628300
339	33624700	33624700	33624700	33624700
340	33627900	33627900	33627900	33627900
341	33626100	33626100	33626100	33626000
342	33626200	33626200	33626200	33626300
343	33625800	33625800	33625800	33625800
344	33628900	33628900	33628900	33628900
345	33628300	33628300	33628300	33628300
346	33630300	33630300	33630300	33630300
347	33630500	33630500	33630500	33630400
348	33627700	33627700	33627700	33627800
349	33631300	33631300	33631300	33631200
350	33631000	33631000	33631000	33631100
351	33630600	33630600	33630600	33630600
352	33630700	33630700	33630700	33630700
353	33631800	33631800	33631800	33631800
354	33630200	33630200	33630200	33630100
355	33631100	33631100	33631100	33631200
356	33629600	33629600	33629600	33629600
357	33629900	33629900	33629900	33629800
358	33630500	33630500	33630500	33630500
359	33631300	33631300	33631300	33631400
360	33629500	33629500	33629500	33629500
361	33629100	33629100	33629100	33629100
362	33629300	33629300	33629300	33629300
363	33630900	33630900	33630900	33630900
364	33629300	33629400	33629300	33629300
365	33627300	33627300	33627300	33627300
366	33628200	33628100	33628200	33628200
367	33627500	33627600	33627500	33627500
368	33629700	33629600	33629700	33629700
369	33627600	33627600	33627600	33627600
370	33630600	33630600	33630600	33630600
371	33630700	33630700	33630700	33630700
372	33629400	33629500	33629400	33629400
373	33631700	33631600	33631700	33631700
374	33633400	33633400	33633400	33633300
375	33631500	33631500	33631500	33631600
376	33630500	33630500	33630500	33630500
377	33632800	33632800	33632800	33632700
378	33632400	33632400	33632400	33632500
379	33632900	33633000	33632900	33632900
380	33632500	33632400	33632500	33632500
381	33632900	33632900	33632900	33632900
382	33633000	33633000	33633000	33633000
383	33634800	33634800	33634800	33634800
384	33635300	33635300	33635200	33635200
385	33632600	33632700	33632700	33632700
386	33633700	33633600	33633700	33633700
387	33636700	33636700	33636700	33636700
388	33635300	33635300	33635300	33635300
389	33633600	33633600	33633600	33633600
390	33630800	33630800	33630800	33630800
391	33632700	33632700	33632700	33632700
392	33632000	33632000	33632000	33632000
393	33631400	33631400	33631400	33631400
394	33632700	33632700	33632700	33632700
395	33630600	33630600	33630600	33630500
396	33630100	33630100	33630700	33630100
397	33631900	33631900	33631900	33632000
398	33631500	33631500	33631500	33631400
399	33628800	33628800	33628800	33628900
400	33631600	33631600	33631600	33631600
401	33629000	33629000	33629000	33629000
402	33631800	33631800	33631800	33631800
403	33631100	33631100	33631100	33631100
404	33630500	33630500	33630500	33630500
405	33632500	33632500	33632500	33632500
406	33631100	33631200	33631100	33631100
407	33629100	33629000	33629100	33629100
408	33629500	33629600	33629500	33629500
409	33626700	33626600	33626700	33626600
410	33626000	33626000	33626000	33626100
411	33628300	33628300	33628300	33628300
412	33631700	33631700	33631700	33631700
413	33631500	33631500	33631500	33631400
414	33632600	33632600	33632600	33632700
415	33628500	33628500	33628500	33628500
416	33629000	33629000	33629000	33629000
417	33628900	33628900	33628900	33628800
418	33631300	33631300	33631300	33631400
419	33634600	33634600	33634600	33634600
420	33629600	33629600	33629600	33629500
421	33630300	33630400	33630300	33630400
422	33632100	33632000	33632100	33632100
423	33631300	33631300	33631300	33631300
424	33631400	33631400	33631400	33631400
425	33632700	33632700	33632700	33632600
426	33634700	33634700	33634700	33634800
427	33631500	33631500	33631500	33631400
428	33630000	33630000	33630000	33630100
429	33629900	33629900	33629900	33629800
430	33632100	33632200	33632100	33632200
431	33630600	33630500	33630600	33630600
432	33628900	33628900	33628900	33628900
433	33627100	33627100	33627100	33627100
434	33627000	33627000	33627000	33627000
435	33629600	33629600	33629600	33629600
436	33626100	33626100	33626100	33626100
437	33625500	33625500	33625500	33625400
438	33626200	33626200	33626200	33626300
439	33626800	33626800	33626800	33626800
440	33628000	33628000	33628000	33628000
441	33624900	33624900	33624900	33624900
442	33628900	33628900	33628900	33628900
443	33627200	33627200	33627200	33627100
444	33625900	33625900	33625900	33626000
445	33625200	33625200	33625200	33625200
446	33625200	33625200	33625200	33625200
447	33624800	33624800	33624800	33624800
448	33626400	33626300	33636000	33626400
449	33625400	33625400	33625400	33625400
450	33627000	33627000	33638200	33627000
451	33629000	33629000	33629000	33629000
452	33628700	33628700	33628700	33628700
453	33628800	33628800	33628800	33628800
454	33628000	33628100	33628000	33628000
455	33628500	33628400	33628500	33628500
456	33627800	33627800	33627800	33627800
457	33626300	33626300	33626300	33626300
458	33626700	33626700	33626700	33626700
459	33627900	33627900	33627900	33627900
460	33629700	33629700	33629700	33629700
461	33628100	33628100	33628100	33628000
462	33629100	33629100	33629100	33629200
463	33630000	33630000	33630000	33630000
464	33627500	33627500	33627500	33627500
465	33629000	33629000	33629000	33629000
466	33627700	33627700	33627700	33627700
467	33628800	33628800	33628800	33628800
468	33628800	33628800	33628800	33628800
469	33629100	33629100	33629100	33629000
470	33628500	33628600	33628500	33628600
471	33629000	33628900	33629000	33628900
472	33628800	33628800	33628800	33628900
473	33628300	33628300	33628300	33628300
474	33627700	33627700	33627700	33627700
475	33627600	33627600	33627600	33627600
476	33627700	33627700	33627700	33627700
477	33628600	33628700	33628600	33628600
478	33628500	33628400	33628500	33628500
479	33628900	33628900	33628900	33628900
480	33631500	33631500	33629700	33631500
481	33629700	33629700	33629700	33629700
482	33631100	33631100	33631100	33631100
483	33633900	33633900	33631100	33633800
484	33631600	33631600	33631500	33631600
485	33629600	33629600	33629700	33629700
486	33631200	33631200	33631200	33631200
487	33631000	33631000	33631000	33631000
488	33633200	33633200	33633200	33633200
489	33629800	33629800	33629800	33629800
490	33631500	33631500	33631500	33631500
491	33633100	33633100	33633100	33633100
492	33631700	33631700	33631700	33631700
493	33631700	33631700	33631700	33631600
494	33632100	33632100	33632100	33632200
495	33633300	33633300	33633300	33633300
496	33632100	33632100	33632100	33632100
497	33630400	33630400	33630400	33630400
498	33629200	33629200	33629200	33629200
499	33630500	33630500	33630500	33630400

============================================================
# BITSTREAM: 10ms_51etapas.bit
# VENTANA: 10ms
# ETAPAS_PRINCIPAL: 51
# NUM_MUESTRAS: 500
# FORMATO: idx	freq1_hz	freq2_hz	freq3_hz	freq4_hz
============================================================
idx	freq1_hz	freq2_hz	freq3_hz	freq4_hz
0	100	13895200	12591400	11748300
1	13510800	13895000	12591200	11747600
2	13511600	13892800	12591900	11747400
3	13512300	13895800	12591300	11751600
4	13511600	13894000	12591900	11747300
5	13511400	13893600	12590400	11746700
6	13512700	13896300	12591700	11751900
7	13511900	13894200	12592000	11746600
8	13511500	13893300	12590400	11747400
9	13511800	13894900	12591400	11751200
10	13511000	13891700	12591500	11751500
11	13510800	13895100	12589900	11748900
12	13511200	13891400	12591400	11749400
13	13511800	13894800	12590300	11747500
14	13511300	13894200	12591300	11751800
15	13511800	13893000	12591000	11747100
16	13511400	13893500	12589900	11748700
17	13511500	13892900	12591100	11750200
18	13509900	13892300	12589500	11746900
19	13510700	13892300	12590000	11750600
20	13511300	13892100	12590300	11750900
21	13511500	13893400	12589700	11750000
22	13511600	13891500	12590100	11748500
23	13512100	13895100	12591000	11751600
24	13510700	13890200	12590900	11749200
25	13511000	13893000	12591600	11749600
26	13511300	13894400	12590700	11749100
27	13510200	13894300	12590200	11747300
28	13510300	13894000	12590300	11750900
29	13510000	13892100	12589700	11745700
30	13509800	13892200	12589200	11748700
31	13510200	13894100	12590200	11748400
32	13510400	13895000	12590200	11750900
33	13510900	13892200	12591100	11753300
34	13510700	13894300	12589800	11748400
35	13510800	13895000	12590600	11751200
36	13510800	13892500	12590900	11746600
37	13511400	13895700	12591200	11750600
38	13510100	13894000	12590400	11745300
39	13509700	13893600	12589500	11746100
40	13510500	13893200	12589900	11750400
41	13510500	13892500	12589900	11747300
42	13511100	13894200	12590700	11751000
43	13510800	13891200	12590200	11746400
44	13509500	13893100	12589300	11745900
45	13509400	13891200	12589800	11750300
46	13509300	13893200	12588600	11746000
47	13510300	13892600	12589900	11747000
48	13510500	13892500	12590400	11751000
49	13511200	13894500	12590800	11750800
50	13510200	13891600	12590700	11747000
51	13510800	13892400	12590100	11748800
52	13511200	13894600	12591000	11750100
53	13510800	13893000	12591200	11749400
54	13512200	13895300	12591300	11749800
55	13512600	13895500	12592400	11748200
56	13512300	13894400	12592200	11747800
57	13512000	13896000	12591600	11747800
58	13510900	13892000	12591100	11746900
59	13511500	13893800	12590700	11751300
60	13510900	13892100	12590400	11749500
61	13511800	13893900	12590500	11749800
62	13511500	13895200	12590700	11748200
63	13511700	13896200	12592100	11747800
64	13511400	13893100	12591800	11748600
65	13511300	13893700	12591300	11750900
66	13511200	13893900	12590400	11747200
67	13511700	13895900	12590900	11748600
68	13511100	13894800	12591900	11749400
69	13511800	13894500	12592000	11752400
70	13511400	13893000	12591700	11747700
71	13511200	13894100	12590900	11748600
72	13510600	13895000	12590600	11751200
73	13510800	13892800	12591600	11746700
74	13511100	13895400	12590900	11751300
75	13511400	13894800	12591600	11752200
76	13510200	13893100	12590600	11750900
77	13510600	13892300	12590500	11750200
78	13510900	13892600	12590600	11750500
79	13511400	13893200	12591100	11751700
80	13511200	13893600	12590200	11747200
81	13511900	13895800	12591400	11751300
82	13511100	13893900	12591600	11747200
83	13511300	13895700	12590500	11747600
84	13510400	13894700	12590600	11745400
85	13510800	13890800	12591100	11747100
86	13511300	13895400	12591700	11749600
87	13510900	13894300	12591700	11751400
88	13511200	13895000	12591000	11751500
89	13511400	13893000	12591600	11747300
90	13511800	13894700	12591000	11749100
91	13511700	13892100	12591600	11747600
92	13510600	13893800	12590100	11749200
93	13509800	13892600	12589500	11748800
94	13511100	13893900	12591000	11751400
95	13510200	13894600	12589600	11746900
96	13510700	13893700	12590600	11749400
97	13510000	13893200	12589400	11745900
98	13510100	13893100	12589800	11746400
99	13510700	13893600	12590800	11750800
100	13510800	13895100	12590700	11750800
101	13510400	13892000	12591300	11748900
102	13510400	13894000	12590100	11750600
103	13510000	13893300	12589900	11746100
104	13510800	13894200	12590300	11750500
105	13510600	13892900	12590000	11746400
106	13510600	13894000	12590200	11746500
107	13511300	13894400	12590600	11746700
108	13511100	13895900	12591300	11747500
109	13511400	13894800	12591600	11748600
110	13510500	13894200	12591000	11751300
111	13511800	13893900	12591000	11747100
112	13511000	13895000	12589900	11747400
113	13511600	13893800	12591500	11747000
114	13511700	13894000	12590700	11749800
115	13513000	13895900	12591400	11747500
116	13511700	13895800	12592100	11749200
117	13511400	13894300	12591900	11747500
118	13512200	13896500	12591100	11751800
119	13512200	13895300	12591800	11746200
120	13512100	13895000	12591900	11747900
121	13511300	13893300	12591600	11746900
122	13511400	13894000	12590900	11751000
123	13510900	13893600	12590300	11746600
124	13511200	13895100	12590800	11751200
125	13510200	13892100	12591200	11749400
126	13510500	13894200	12589900	11749300
127	13511400	13894000	12590500	11747100
128	13511900	13895000	12591000	11746800
129	13511000	13893400	12591500	11746600
130	13511200	13892400	12590800	11748000
131	13511700	13895800	12591600	11749500
132	13510500	13892800	12591000	11746900
133	13510900	13895000	12590700	11751200
134	13510200	13892300	12591000	11746300
135	13511800	13894900	12591700	11751700
136	13510800	13892800	12591700	11752200
137	13511500	13896500	12591100	11751500
138	13512200	13895800	12592200	11746700
139	13512400	13895300	12592400	11747800
140	13511700	13895500	12591900	11747900
141	13512300	13895600	12592200	11747900
142	13511200	13894900	12591200	11751700
143	13511000	13892300	12591700	11751700
144	13512500	13895300	12591900	11751400
145	13513100	13897100	12592400	11748400
146	13512300	13894100	12591700	11750100
147	13511200	13896500	12590700	11751300
148	13511100	13893900	12590900	11745500
149	13511800	13895700	12590700	11747700
150	13511300	13895000	12590800	11745500
151	13512300	13894100	12592200	11747400
152	13512300	13897000	12591200	11751800
153	13512200	13895900	12591400	11746000
154	13512500	13896000	12592300	11749000
155	13511700	13893400	12591200	11746500
156	13512700	13893800	12591700	11749000
157	13511100	13892800	12589800	11749400
158	13511500	13895300	12590400	11750900
159	13511000	13894400	12590800	11746900
160	13510300	13894400	12589700	11746700
161	13509900	13894700	12589800	11746700
162	13509900	13890600	12590400	11746900
163	13510800	13894500	12591000	11746300
164	13510500	13892200	12590700	11746800
165	13510200	13894500	12589700	11747900
166	13509600	13892100	12590200	11746000
167	13510400	13893500	12589700	11748800
168	13510100	13892000	12590600	11748800
169	13509800	13892800	12590000	11750500
170	13510000	13893800	12590200	11750600
171	13509700	13892200	12589700	11748800
172	13510100	13894600	12590400	11748000
173	13510200	13892400	12590800	11748900
174	13511100	13894400	12590600	11748800
175	13509900	13894600	12590100	11747000
176	13509900	13892900	12590600	11748800
177	13510400	13894100	12590000	11746700
178	13510800	13895900	12590400	11751100
179	13510900	13894600	12591100	11748200
180	13511400	13893900	12591100	11749400
181	13509600	13893600	12588800	11746100
182	13511200	13895200	12590900	11750800
183	13510500	13895300	12590600	11746800
184	13510900	13894400	12590900	11746800
185	13510600	13895200	12590400	11747100
186	13510000	13894700	12590600	11746800
187	13511600	13892300	12591900	11747700
188	13511100	13893900	12590700	11750700
189	13510800	13895200	12590000	11747600
190	13510500	13895500	12590800	11747300
191	13510900	13893800	12591000	11746600
192	13510200	13892400	12589400	11748700
193	13510400	13894400	12589800	11748200
194	13509600	13894600	12590000	11746000
195	13509700	13892400	12590000	11748100
196	13510800	13894500	12589800	11749100
197	13509700	13892000	12589600	11745800
198	13509400	13892000	12588800	11749400
199	13510100	13892500	12589100	11749800
200	13510100	13894300	12589800	11750000
201	13509200	13893500	12589500	11750200
202	13509500	13891600	12590000	11748400
203	13509100	13890600	12588800	11747300
204	13509000	13892500	12589700	11744800
205	13509400	13893900	12589700	11749300
206	13508300	13892000	12588600	11745700
207	13507700	13890500	12588900	11748300
208	13507900	13892100	12589800	11746700
209	13508400	13891700	12589000	11747900
210	13509300	13894200	12589700	11747900
211	13508800	13890800	12589500	11745400
212	13509100	13893900	12590900	11748400
213	13509100	13893100	12589400	11746100
214	13510500	13893200	12590800	11750100
215	13508700	13891700	12589100	11745400
216	13510200	13894500	12590200	11748400
217	13509700	13891500	12590600	11746200
218	13509100	13892900	12590200	11750000
219	13509200	13892300	12589500	11745900
220	13509600	13892200	12590500	11749800
221	13509900	13894800	12590100	11747900
222	13509700	13893700	12590700	11750800
223	13509400	13892700	12589000	11745200
224	13509200	13892300	12589700	11745800
225	13509900	13892500	12590000	11750300
226	13510300	13894600	12590000	11749700
227	13510800	13893200	12590900	11749200
228	13510500	13893700	12590200	11747100
229	13509900	13892700	12589500	11745600
230	13510200	13892700	12590200	11746500
231	13510500	13893300	12590500	11746800
232	13511000	13894000	12590700	11750300
233	13510600	13892800	12589800	11745900
234	13511000	13895000	12590400	11750900
235	13510700	13892300	12590900	11746800
236	13510500	13893500	12590700	11750500
237	13511000	13894100	12591200	11749300
238	13510600	13896000	12590600	11751200
239	13510400	13892500	12590600	11746000
240	13511200	13895700	12590800	11750300
241	13509400	13893800	12590100	11744800
242	13510200	13892700	12589700	11749200
243	13510000	13893000	12590100	11746800
244	13510200	13893500	12589800	11748000
245	13511100	13893900	12591100	11749300
246	13509500	13893900	12589200	11746700
247	13510500	13895100	12590200	11747200
248	13510700	13892300	12591500	11749600
249	13511400	13894500	12591100	11751200
250	13511000	13894100	12591600	11747300
251	13511300	13896600	12590700	11751300
252	13510700	13891000	12591200	11749500
253	13511300	13894500	12592500	11749900
254	13510200	13892800	12591100	11746800
255	13510900	13895000	12590700	11751100
256	13511300	13893200	12591500	11747000
257	13510700	13893200	12590200	11746500
258	13510700	13893200	12590100	11747100
259	13510700	13893600	12590200	11747100
260	13511300	13894900	12590700	11751100
261	13511300	13892300	12591600	11751800
262	13511200	13893200	12590600	11750200
263	13511500	13894300	12590900	11747200
264	13511300	13895400	12590900	11751400
265	13511500	13895000	12591500	11751900
266	13511300	13893700	12591100	11751700
267	13511500	13894800	12590100	11746600
268	13511600	13894600	12591500	11751900
269	13510800	13892600	12590900	11748700
270	13510700	13893500	12590500	11751100
271	13510500	13893300	12590200	11749000
272	13511000	13894500	12590700	11750900
273	13510800	13893300	12591000	11766100
274	13510700	13893600	12590700	11749500
275	13510400	13894100	12590400	11749900
276	13510900	13896100	12590600	11751100
277	13511900	13894800	12591800	11748900
278	13511700	13895000	12592000	11752200
279	13512900	13894800	12592900	11747700
280	13512500	13895700	12592300	11752000
281	13512200	13896500	12591700	11746100
282	13512500	13895600	12592100	11746500
283	13511500	13894600	12591600	11751800
284	13511400	13893700	12591000	11748800
285	13511800	13894200	12589800	11746400
286	13511200	13893100	12590400	11746500
287	13511500	13894000	12590900	11750600
288	13511000	13893300	12589700	11746000
289	13512100	13894600	12590600	11750800
290	13511800	13893800	12591000	11754300
291	13511500	13893400	12590300	11748900
292	13512400	13893300	12590900	11748800
293	13512400	13895300	12590900	11750900
294	13511600	13894800	12590800	11747100
295	13512200	13895400	12591300	11751600
296	13511700	13895000	12591600	11751600
297	13511800	13893600	12591700	11747300
298	13511700	13895100	12590800	11751000
299	13511100	13891400	12591500	11749500
300	13510800	13894400	12589700	11746300
301	13510300	13894700	12589700	11746700
302	13510400	13890400	12590200	11746800
303	13510800	13895300	12590700	11746300
304	13510600	13893900	12590200	11747400
305	13511300	13895700	12590100	11747700
306	13511200	13895000	12590600	11745600
307	13511400	13892900	12590900	11746900
308	13511000	13893800	12590000	11747000
309	13511300	13893400	12589900	11749100
310	13512300	13892800	12590800	11748600
311	13511500	13895300	12590300	11750900
312	13510700	13893700	12590400	11746500
313	13511200	13893800	12589700	11746500
314	13511200	13892600	12589600	11749200
315	13513700	13895500	12592400	11752700
316	13513300	13894800	12592300	11748000
317	13512400	13895200	12591700	11752000
318	13511700	13895500	12591100	11747200
319	13511200	13892900	12591100	11746400
320	13512000	13894400	12590500	11746900
321	13510900	13894500	12589900	11747000
322	13511700	13893200	12590800	11746700
323	13511400	13893900	12589900	11746800
324	13510900	13894700	12589400	11747000
325	13512200	13891400	12591200	11747300
326	13512500	13896000	12590700	11747400
327	13512500	13894100	12591700	11747100
328	13511400	13895900	12590200	11750800
329	13511700	13894500	12591300	11748700
330	13511200	13893400	12590800	11747400
331	13511400	13892000	12590300	11747900
332	13510500	13893500	12589300	11750000
333	13511300	13893400	12590500	11749900
334	13511900	13892500	12590300	11748800
335	13511000	13895100	12590100	11750500
336	13511900	13892500	12591500	11750300
337	13511200	13895200	12590400	11750600
338	13511800	13896000	12591300	11747900
339	13511500	13893100	12590800	11746700
340	13512500	13894600	12591400	11751700
341	13511200	13893900	12590900	11750000
342	13512000	13895500	12590200	11748400
343	13512700	13894900	12592000	11748600
344	13513200	13893600	12592400	11753000
345	13514200	13897700	12592400	11752600
346	13513300	13894200	12591400	11751800
347	13512300	13893400	12590800	11747700
348	13513100	13893900	12591700	11749600
349	13512700	13895900	12590500	11748500
350	13513500	13896100	12592500	11749500
351	13513400	13894900	12592100	11749800
352	13512500	13892500	12592200	11752400
353	13513200	13896800	12591700	11751800
354	13513300	13897400	12592200	11747000
355	13513400	13895100	12593100	11749700
356	13513800	13894200	12593300	11750700
357	13512700	13894300	12591300	11747300
358	13512700	13895900	12591600	11752000
359	13513000	13895900	12592900	11749700
360	13513300	13896100	12592800	11749600
361	13513400	13895500	12592700	11749900
362	13513800	13895600	12592600	11748000
363	13513900	13896200	12593000	11753100
364	13512700	13893500	12591700	11749100
365	13513500	13894600	12592600	11744100
366	13513000	13894000	12592100	11749900
367	13512800	13894200	12591000	11747400
368	13513400	13894200	12592000	11748000
369	13513800	13895000	12592500	11748200
370	13513500	13894600	12592800	11748000
371	13513600	13895100	12592800	11750500
372	13514000	13894100	12593500	11751000
373	13512600	13897300	12591400	11752000
374	13514300	13898200	12593100	11749100
375	13513500	13895000	12591400	11750900
376	13513100	13893700	12592200	11747400
377	13512300	13894700	12591100	11746900
378	13511800	13890700	12591200	11747000
379	13512100	13894200	12592200	11750500
380	13512800	13893700	12591100	11747300
381	13511900	13894200	12590100	11746400
382	13512400	13893400	12591100	11747300
383	13512200	13892500	12591100	11748400
384	13511900	13895500	12590700	11750600
385	13512000	13894300	12591600	11747200
386	13511100	13895100	12590500	11751100
387	13511100	13891900	12591600	11749600
388	13510000	13892700	12589700	11746400
389	13509700	13892600	12589500	11746300
390	13510200	13893000	12590100	11750600
391	13510200	13894000	12589900	11748100
392	13511100	13893200	12589900	11746300
393	13510700	13894000	12590700	11746600
394	13511900	13894300	12590900	11746800
395	13511000	13895200	12590900	11751500
396	13510200	13895000	12590900	11746500
397	13510400	13892100	12590500	11746000
398	13510000	13892900	12589700	11748800
399	13510500	13893500	12590100	11746700
400	13512000	13894300	12591800	11750600
401	13510400	13894300	12590700	11751200
402	13510400	13894400	12590900	11751500
403	13511000	13895300	12591000	11747200
404	13511600	13894400	12591300	11747400
405	13511700	13895700	12591100	11747600
406	13511200	13894700	12591100	11745800
407	13511600	13892100	12591800	11748100
408	13511600	13894800	12590800	11750000
409	13511000	13893700	12591300	11751400
410	13510100	13892900	12588800	11745800
411	13511400	13894500	12590700	11747600
412	13510400	13892300	12590500	11747200
413	13510000	13892500	12590200	11750000
414	13511000	13894800	12590400	11750400
415	13509700	13893100	12590600	11750900
416	13511400	13894300	12591000	11750500
417	13510400	13894400	12589800	11750400
418	13510000	13895000	12590500	11746900
419	13510500	13892500	12590700	11746300
420	13510100	13893800	12589800	11748900
421	13510300	13891600	12589900	11748300
422	13510200	13892300	12589500	11747700
423	13510800	13893000	12590600	11749900
424	13511500	13894700	12591000	11748600
425	13511100	13891200	12591300	11747500
426	13511100	13896300	12590400	11746900
427	13509400	13892400	12590800	11745200
428	13510400	13894300	12589900	11748400
429	13510900	13894700	12590500	11751200
430	13510700	13890900	12591200	11746900
431	13510300	13895100	12591100	11747700
432	13509200	13890200	12590400	11747900
433	13510000	13892100	12591100	11749100
434	13510300	13893100	12589400	11749100
435	13511400	13893500	12590700	11750800
436	13511200	13892900	12590900	11749500
437	13510800	13893900	12590100	11747000
438	13510200	13893700	12589200	11747500
439	13509000	13891100	12588600	11745100
440	13510200	13891700	12590700	11747300
441	13510300	13894700	12589800	11748100
442	13511300	13890900	12590900	11747100
443	13510300	13894500	12591000	11747700
444	13510700	13892100	12590200	11746600
445	13511200	13893300	12590000	11749000
446	13511200	13893000	12590400	11749900
447	13510000	13892800	12589800	11747600
448	13510600	13894300	12589800	11750500
449	13511100	13895000	12590400	11751000
450	13510100	13892300	12590600	11746300
451	13510900	13893200	12590500	11750400
452	13510200	13893300	12590100	11746800
453	13511600	13893800	12591100	11750100
454	13511500	13894000	12590100	11749100
455	13511600	13893600	12590100	11746500
456	13511900	13895200	12591100	11750600
457	13510900	13894800	12590800	11746300
458	13509900	13893200	12590100	11749800
459	13511600	13894600	12590900	11747000
460	13510800	13892800	12591100	11749000
461	13511500	13895700	12590900	11751100
462	13511400	13895600	12591200	11745400
463	13511500	13894900	12591500	11751400
464	13511400	13892100	12591600	11750800
465	13511900	13895100	12590700	11748600
466	13510800	13891600	12591500	11748400
467	13510000	13892200	12589500	11747100
468	13510900	13895000	12590400	11748000
469	13510400	13892000	12591000	11746000
470	13509700	13892600	12589600	11749700
471	13510400	13893200	12590800	11751000
472	13510000	13893200	12589700	11746300
473	13510200	13893000	12589600	11746000
474	13509900	13893300	12589500	11747800
475	13510800	13893500	12590400	11747700
476	13509500	13891600	12589600	11747900
477	13508600	13890900	12588400	11746400
478	13509100	13893300	12590300	11746800
479	13510200	13892800	12589800	11749000
480	13510300	13894400	12589600	11750200
481	13509700	13894000	12589400	11746100
482	13510600	13893000	12589800	11746100
483	13511300	13894300	12590200	11748700
484	13510200	13894500	12589800	11750500
485	13510800	13893100	12590800	11746700
486	13510800	13893400	12590600	11750500
487	13511100	13892200	12590600	11748300
488	13510500	13895200	12590200	11749300
489	13509700	13895000	12590300	11746700
490	13511700	13893900	12591400	11747400
491	13511700	13896600	12591100	11749000
492	13511900	13891900	12592000	11750200
493	13512200	13894900	12591700	11748100
494	13512200	13893100	12592400	11752800
495	13512100	13894400	12591900	11751500
496	13511300	13895400	12590400	11747500
497	13511800	13895100	12591800	11752300
498	13512300	13893300	12592300	11750300
499	13512700	13897400	12591600	11751100

============================================================
# BITSTREAM: 10ms_101etapas.bit
# VENTANA: 10ms
# ETAPAS_PRINCIPAL: 101
# NUM_MUESTRAS: 500
# FORMATO: idx	freq1_hz	freq2_hz	freq3_hz	freq4_hz
============================================================
idx	freq1_hz	freq2_hz	freq3_hz	freq4_hz
0	500	8200700	8206600	8689900
1	7505000	8200300	8205300	8689600
2	7505600	8201000	8206900	8689800
3	7505100	8200200	8206500	8689500
4	7505700	8201100	8206900	8689800
5	7505900	8200800	8207400	8690000
6	7506100	8201600	8206800	8690800
7	7506500	8201600	8208200	8691300
8	7506000	8201800	8206700	8690800
9	7505400	8200700	8207200	8690100
10	7505600	8201400	8207300	8690100
11	7506200	8201100	8207100	8691100
12	7505500	8200800	8207600	8690300
13	7505200	8200200	8207100	8689400
14	7505600	8200600	8207700	8690200
15	7505400	8200400	8206800	8690200
16	7505700	8200800	8207600	8690300
17	7505600	8200500	8207300	8689500
18	7505900	8200900	8207200	8690600
19	7505500	8200300	8206900	8689400
20	7505100	8200400	8206300	8688800
21	7505500	8200600	8207700	8690000
22	7505100	8200600	8206800	8690000
23	7505000	8200200	8207000	8689600
24	7505200	8200200	8206300	8689800
25	7504800	8199800	8207100	8689600
26	7505500	8200700	8207300	8690000
27	7505400	8200400	8206400	8690100
28	7505400	8200900	8207200	8690000
29	7505600	8200700	8207200	8689900
30	7505600	8200700	8207200	8689500
31	7505800	8200900	8207500	8689900
32	7506000	8201200	8207600	8690400
33	7505900	8200900	8207800	8690100
34	7506000	8201700	8207100	8690600
35	7506600	8201900	8208800	8690600
36	7505500	8200700	8207300	8689500
37	7505700	8200600	8206600	8690400
38	7506100	8201200	8206600	8690700
39	7505400	8200400	8205900	8690300
40	7505500	8200600	8207300	8690200
41	7506000	8201200	8207200	8690800
42	7505200	8200300	8207100	8689300
43	7504500	8199700	8206600	8689300
44	7504600	8200000	8205200	8689200
45	7503900	8199200	8206000	8688700
46	7504800	8200100	8207000	8688900
47	7505200	8200200	8206300	8689600
48	7505500	8201100	8207700	8690100
49	7504900	8200300	8206300	8689600
50	7505200	8200600	8207500	8689900
51	7505100	8200400	8206700	8689700
52	7505400	8200800	8207100	8690000
53	7505400	8200700	8207300	8690100
54	7505500	8200700	8206500	8690100
55	7504600	8199900	8205900	8688800
56	7505000	8200600	8207000	8689900
57	7505300	8200600	8206100	8689600
58	7505000	8200600	8206400	8689400
59	7504600	8199900	8206100	8689300
60	7504900	8200600	8206500	8689800
61	7505500	8200900	8206600	8689900
62	7505300	8200900	8205800	8690100
63	7505200	8200500	8206100	8690100
64	7505400	8200700	8206900	8690100
65	7505100	8200200	8206500	8689200
66	7505000	8200300	8206000	8688900
67	7504800	8199600	8206800	8689000
68	7505000	8200000	8206900	8689500
69	7505000	8199800	8206200	8688800
70	7505200	8200500	8206400	8689500
71	7504700	8199600	8206100	8688900
72	7505100	8200500	8206500	8689300
73	7505200	8200400	8206200	8689000
74	7505600	8201100	8206700	8689800
75	7505500	8200700	8207200	8689900
76	7505700	8200900	8207100	8689700
77	7505500	8200700	8207300	8690100
78	7505300	8200400	8206600	8690200
79	7505200	8200300	8205600	8689800
80	7504900	8200100	8206400	8689100
81	7505300	8200500	8206500	8689800
82	7505400	8200900	8206500	8689600
83	7505300	8200600	8206100	8689500
84	7505200	8200600	8204800	8689700
85	7504700	8199800	8206100	8689500
86	7504300	8199600	8205700	8688800
87	7504900	8199800	8205900	8689300
88	7505100	8200100	8206800	8689500
89	7504700	8199600	8206100	8689100
90	7504400	8199500	8205700	8688900
91	7505200	8200100	8206100	8689700
92	7505200	8200600	8206600	8689800
93	7505000	8199900	8205100	8689400
94	7504500	8199400	8206500	8689100
95	7504700	8199500	8206000	8689300
96	7505200	8200300	8207200	8689300
97	7504900	8199800	8206300	8688800
98	7505300	8200400	8207400	8689700
99	7505300	8200300	8205700	8689800
100	7505300	8200400	8206400	8689700
101	7505000	8199800	8206200	8689400
102	7504700	8200200	8205700	8689300
103	7505000	8200000	8205900	8689600
104	7505400	8200300	8206700	8689800
105	7505400	8200400	8206600	8690100
106	7505100	8200000	8205200	8689600
107	7504800	8199900	8206400	8689600
108	7504500	8199400	8205700	8688900
109	7504800	8199700	8205900	8689400
110	7504700	8199800	8206500	8689200
111	7504700	8199600	8205800	8688700
112	7504900	8200300	8205600	8689500
113	7504800	8199900	8206400	8688900
114	7504500	8199600	8206100	8689000
115	7504300	8199600	8205700	8689100
116	7504600	8199700	8205700	8689000
117	7504100	8198900	8205200	8688800
118	7504800	8199900	8206700	8689600
119	7505000	8200000	8206700	8689700
120	7504600	8199900	8206600	8689400
121	7504700	8199800	8205000	8689500
122	7504100	8199500	8204800	8689000
123	7503800	8198300	8205000	8688500
124	7503400	8199000	8204400	8688200
125	7503800	8198600	8205700	8688200
126	7504100	8199200	8205300	8688800
127	7504100	8199100	8205300	8689200
128	7504100	8198900	8205200	8688200
129	7504100	8199100	8205600	8688700
130	7504100	8199000	8205600	8688200
131	7503800	8198500	8205300	8687700
132	7504100	8199100	8205400	8687900
133	7503800	8198700	8204700	8688400
134	7504200	8199200	8206200	8688900
135	7504000	8198900	8205100	8688600
136	7504500	8199200	8206100	8688900
137	7504100	8199200	8205400	8688700
138	7504500	8199700	8205200	8689100
139	7504300	8199300	8206000	8689000
140	7504600	8199700	8206300	8688600
141	7504400	8199400	8206400	8689100
142	7504400	8199400	8207500	8688900
143	7504400	8199400	8206200	8689400
144	7504300	8199600	8205400	8688900
145	7504400	8199500	8205200	8689200
146	7504400	8199600	8206100	8689100
147	7504800	8199500	8205900	8689000
148	7505400	8200400	8207100	8690000
149	7505500	8200500	8207300	8690200
150	7505500	8200600	8206400	8690300
151	7504900	8200000	8206300	8689500
152	7505000	8199800	8206800	8689700
153	7504700	8199500	8205900	8689200
154	7504400	8199200	8205800	8688700
155	7504500	8199200	8204900	8689100
156	7504400	8199600	8205500	8688600
157	7504800	8200000	8206700	8689500
158	7505600	8200700	8207100	8690100
159	7505300	8200400	8207100	8690100
160	7505700	8201000	8207500	8690400
161	7504900	8199900	8206800	8689700
162	7504800	8200000	8206500	8689700
163	7504500	8199600	8205800	8688600
164	7504200	8199700	8205000	8688700
165	7504600	8199800	8205300	8689400
166	7505100	8200300	8206300	8689200
167	7504800	8199900	8207100	8689500
168	7505000	8200000	8206900	8689700
169	7504500	8199200	8205800	8688800
170	7504500	8199500	8205300	8689300
171	7504600	8199700	8206000	8688800
172	7504300	8199300	8206000	8688400
173	7504000	8199000	8205900	8688100
174	7504300	8199300	8206300	8688800
175	7504600	8199500	8206900	8689300
176	7504400	8199700	8206000	8688500
177	7504400	8199400	8206200	8688600
178	7504600	8199900	8205800	8689200
179	7504000	8199000	8204700	8688600
180	7504500	8199400	8206500	8689300
181	7504100	8199200	8205100	8688300
182	7504300	8199200	8206400	8689200
183	7504100	8198900	8205800	8689100
184	7504400	8199800	8205100	8689300
185	7505000	8200100	8206700	8689700
186	7504800	8200100	8206600	8689600
187	7504800	8200000	8205100	8689400
188	7505000	8200200	8206800	8689400
189	7504400	8199600	8206200	8689100
190	7505000	8200700	8206100	8689500
191	7504300	8199500	8205700	8688700
192	7504900	8200000	8206000	8689600
193	7504500	8199500	8206500	8689000
194	7504600	8199600	8205700	8688900
195	7504800	8200100	8206000	8689600
196	7504100	8199100	8206100	8688400
197	7504500	8199800	8206000	8689400
198	7504400	8199800	8206400	8688700
199	7504400	8199800	8205900	8689000
200	7505000	8200200	8206300	8689500
201	7505300	8200500	8207400	8689900
202	7504600	8200300	8204900	8689400
203	7504600	8199600	8205400	8688500
204	7504900	8200500	8205400	8689600
205	7505100	8200300	8205700	8689700
206	7504800	8200100	8205900	8689400
207	7505100	8200100	8206600	8689500
208	7504700	8200100	8204900	8689100
209	7504800	8200200	8205800	8688700
210	7504800	8200300	8205700	8689600
211	7505000	8199900	8205900	8689300
212	7505000	8200100	8206600	8689400
213	7504800	8200000	8205000	8689300
214	7504700	8200200	8205300	8689500
215	7504900	8200000	8205900	8689100
216	7505100	8200200	8206800	8689600
217	7504600	8199300	8206100	8689300
218	7504400	8199400	8205700	8689000
219	7504600	8199600	8205700	8689100
220	7504300	8199600	8205300	8688700
221	7504100	8199100	8205300	8688300
222	7504600	8199800	8205600	8688500
223	7504400	8199400	8205700	8688500
224	7505100	8200200	8206000	8689400
225	7505000	8199900	8206800	8689000
226	7504800	8199800	8206200	8689300
227	7504200	8199300	8205200	8688800
228	7503600	8198600	8205400	8688400
229	7503800	8198400	8204500	8688600
230	7504300	8199500	8205700	8689300
231	7504500	8199400	8205500	8689300
232	7504000	8199300	8206000	8688800
233	7504700	8200000	8206600	8689100
234	7505100	8200900	8205300	8690000
235	7505300	8200500	8206300	8689700
236	7505400	8201200	8207400	8690200
237	7505000	8200400	8205500	8689900
238	7505100	8200600	8207000	8690000
239	7505300	8200500	8205900	8690200
240	7505100	8200400	8206900	8690000
241	7504700	8199900	8206100	8689300
242	7505000	8200800	8206400	8690300
243	7505100	8200200	8206600	8690200
244	7505400	8200900	8205800	8690600
245	7505600	8200800	8206000	8690600
246	7506000	8201200	8207300	8690200
247	7505600	8200800	8206400	8690700
248	7504900	8200400	8206300	8689500
249	7505200	8200400	8207200	8690100
250	7506200	8201400	8207400	8690500
251	7505500	8200700	8205900	8690300
252	7505200	8200400	8206700	8689700
253	7505500	8200400	8206900	8690200
254	7505500	8201000	8206700	8689800
255	7505700	8200800	8207100	8689600
256	7506100	8201400	8207600	8690700
257	7505700	8201000	8207500	8691000
258	7505500	8201200	8207200	8690600
259	7505200	8200100	8206700	8689600
260	7505600	8201000	8207200	8690400
261	7505400	8200500	8206800	8689600
262	7505100	8200500	8206500	8689700
263	7504900	8200300	8205700	8689100
264	7505200	8200800	8206200	8690000
265	7505600	8200900	8206400	8690200
266	7505100	8200500	8206700	8690000
267	7505800	8200800	8207000	8689800
268	7505700	8201400	8206400	8690500
269	7505100	8200500	8206500	8689900
270	7505500	8201500	8206400	8689900
271	7504600	8199900	8206100	8689700
272	7505000	8200600	8206100	8689700
273	7505200	8200600	8206600	8690100
274	7505700	8201100	8206100	8690700
275	7505300	8200300	8207000	8690200
276	7505200	8200200	8206000	8689800
277	7504600	8199600	8206300	8689000
278	7504600	8199900	8207000	8689600
279	7504900	8200500	8205800	8689700
280	7505200	8201100	8205700	8690000
281	7505200	8200400	8206400	8690100
282	7505200	8200700	8206800	8689800
283	7505400	8200800	8207200	8690100
284	7504900	8200400	8206600	8689000
285	7505200	8200500	8205700	8689900
286	7504600	8199600	8205900	8689400
287	7504700	8199900	8206800	8689500
288	7504500	8199700	8206600	8689500
289	7505000	8200100	8205600	8689700
290	7504700	8199900	8206600	8689100
291	7504900	8200400	8205500	8689900
292	7505100	8200300	8207100	8689800
293	7505400	8200500	8207300	8690400
294	7506000	8200900	8207100	8690800
295	7505600	8200700	8207600	8690200
296	7505200	8200500	8207300	8689500
297	7505900	8200700	8206900	8690600
298	7505400	8200500	8206600	8689600
299	7505800	8200900	8206100	8690400
300	7505800	8201300	8207000	8690500
301	7506000	8201200	8206700	8690700
302	7506000	8201100	8207500	8690700
303	7505700	8200600	8207400	8690700
304	7505400	8201000	8205800	8690300
305	7505400	8200600	8206000	8690300
306	7505700	8200900	8207300	8689800
307	7505800	8200700	8206600	8690800
308	7505300	8200900	8205500	8690100
309	7505600	8200800	8207600	8690600
310	7505500	8201000	8207300	8690100
311	7505400	8200300	8206300	8689700
312	7505200	8200500	8207400	8690300
313	7505000	8200300	8205500	8690300
314	7505200	8200700	8207100	8690200
315	7505500	8200900	8207400	8690600
316	7505100	8200900	8205500	8690100
317	7505200	8200500	8207100	8690100
318	7506000	8201500	8207800	8691100
319	7505900	8201300	8206700	8690900
320	7505600	8200900	8207200	8690600
321	7505400	8200300	8207100	8690700
322	7506100	8201300	8207700	8691000
323	7505700	8200800	8206700	8690700
324	7505600	8200700	8207100	8690400
325	7505400	8200400	8207300	8690400
326	7505800	8200900	8206700	8690500
327	7505500	8200600	8207100	8690400
328	7505700	8201000	8207700	8690600
329	7505400	8200500	8206700	8690600
330	7505900	8201200	8207400	8690700
331	7505200	8200500	8205600	8689900
332	7505100	8200500	8206400	8689300
333	7504800	8199600	8206200	8689400
334	7504800	8200300	8206000	8689700
335	7505100	8200300	8206900	8689500
336	7505400	8200700	8206500	8689500
337	7505100	8200300	8206000	8689600
338	7505600	8200700	8207200	8689800
339	7505800	8200800	8207000	8690100
340	7506400	8201700	8207100	8691100
341	7505900	8201100	8207700	8690800
342	7505900	8201400	8207000	8690900
343	7505700	8200900	8206300	8690400
344	7505900	8200900	8208000	8690700
345	7505300	8200100	8206400	8690200
346	7505000	8199900	8206300	8689800
347	7505300	8200700	8207500	8690100
348	7505100	8200500	8206800	8690100
349	7505300	8200300	8206900	8690000
350	7505300	8200500	8206500	8689400
351	7504800	8199900	8205900	8688800
352	7504900	8200000	8206600	8689600
353	7505200	8200300	8205500	8689800
354	7505300	8200700	8207200	8690100
355	7504900	8200000	8206500	8689300
356	7505100	8200700	8206200	8689400
357	7505200	8200800	8206300	8690000
358	7505600	8200800	8207800	8690500
359	7505800	8201300	8206800	8690700
360	7505400	8200700	8207100	8690000
361	7505100	8200500	8207100	8689900
362	7504900	8200200	8206900	8689900
363	7504800	8200000	8206000	8689100
364	7504900	8200200	8207000	8689500
365	7505200	8200100	8206100	8690000
366	7505000	8200000	8206300	8689700
367	7504900	8199900	8207000	8689800
368	7505300	8200400	8206000	8689800
369	7504900	8200100	8207000	8689500
370	7505200	8200700	8206100	8689500
371	7504800	8199800	8206200	8689400
372	7505000	8200300	8206100	8689700
373	7505400	8200900	8206900	8690100
374	7505800	8201200	8207200	8690000
375	7505800	8200900	8207000	8689800
376	7506000	8201500	8206900	8690600
377	7505500	8200500	8206500	8689600
378	7505000	8200300	8206100	8689100
379	7505100	8200100	8206400	8689700
380	7504700	8199600	8206000	8689600
381	7505400	8200400	8207000	8689600
382	7505600	8200800	8206100	8690100
383	7505400	8200600	8206700	8690200
384	7505800	8201000	8207400	8689800
385	7505600	8200900	8206000	8690400
386	7505500	8200700	8207100	8689700
387	7505500	8200600	8207200	8690200
388	7505100	8200300	8206400	8689200
389	7504700	8199700	8206100	8689400
390	7504200	8199600	8205600	8688900
391	7504400	8199700	8205900	8688500
392	7504800	8199900	8206600	8689500
393	7504900	8200300	8205200	8689700
394	7504900	8200400	8206500	8689600
395	7505100	8200500	8206100	8689400
396	7504300	8200000	8205900	8689100
397	7504300	8199200	8206000	8689000
398	7504000	8199300	8206100	8688600
399	7504000	8199300	8205700	8688800
400	7504600	8200300	8206000	8689400
401	7504000	8199100	8205900	8688400
402	7504300	8199500	8206100	8689000
403	7504000	8199400	8205300	8689500
404	7504100	8199700	8205200	8688300
405	7503500	8199000	8205300	8688300
406	7504100	8199600	8205300	8688400
407	7504700	8200200	8205900	8688000
408	7504900	8200300	8206500	8689500
409	7504700	8200300	8205800	8688900
410	7504700	8200500	8205500	8689600
411	7504600	8200000	8206600	8689300
412	7504500	8199900	8204900	8689100
413	7504000	8199100	8205200	8688200
414	7504000	8199700	8205700	8688900
415	7504500	8199900	8205500	8689300
416	7503900	8199200	8205800	8688600
417	7504200	8199600	8204800	8689100
418	7504200	8199500	8205600	8688800
419	7504200	8199000	8205400	8688400
420	7504100	8199500	8204600	8688900
421	7504500	8199400	8205100	8689300
422	7504800	8199900	8206500	8689500
423	7504200	8199200	8205100	8688400
424	7504900	8200000	8206700	8689700
425	7504700	8199600	8206400	8689400
426	7504200	8199300	8205900	8689000
427	7504400	8199300	8206200	8689100
428	7504700	8200000	8205800	8689200
429	7504500	8199500	8205000	8689000
430	7504000	8199400	8204800	8688700
431	7504200	8199100	8205900	8689000
432	7504600	8199800	8206300	8689200
433	7504200	8199200	8206400	8689000
434	7504200	8199400	8206000	8688800
435	7504200	8199400	8206300	8688800
436	7505400	8200500	8207500	8690100
437	7504400	8199700	8206200	8689200
438	7504800	8200600	8205800	8689300
439	7504700	8200100	8205100	8689500
440	7504600	8200100	8206700	8689500
441	7504300	8199500	8206200	8689100
442	7504100	8199800	8205400	8689000
443	7504000	8199300	8204800	8688900
444	7503800	8198900	8205500	8689300
445	7503900	8199400	8206100	8688700
446	7503800	8199200	8205400	8688500
447	7503500	8199000	8204300	8688300
448	7503900	8199100	8205500	8688700
449	7504200	8199400	8206200	8689000
450	7504000	8199500	8205300	8688700
451	7503900	8198700	8205200	8688100
452	7503900	8199300	8205600	8688800
453	7503800	8198700	8205600	8688100
454	7504000	8199300	8205800	8688300
455	7504800	8200000	8205400	8689600
456	7504300	8199700	8205500	8689100
457	7504000	8199000	8206200	8688600
458	7504100	8199600	8205500	8688600
459	7504300	8199200	8206500	8689200
460	7504100	8199500	8205600	8688500
461	7504300	8199500	8206000	8688600
462	7504700	8200000	8206600	8688900
463	7504900	8199900	8205200	8689600
464	7504800	8199900	8206400	8689500
465	7504300	8199200	8205900	8689300
466	7504700	8199800	8206500	8689500
467	7504200	8199600	8205500	8688700
468	7504700	8200100	8206800	8689600
469	7504400	8199400	8206100	8689100
470	7504000	8199300	8205500	8688900
471	7504500	8199600	8206500	8689400
472	7504700	8200100	8205600	8688800
473	7504100	8199200	8205700	8688200
474	7503900	8199500	8205300	8688800
475	7504200	8199300	8205600	8688400
476	7503600	8198900	8205300	8687900
477	7504100	8199000	8205600	8689200
478	7503900	8199000	8205600	8688200
479	7503700	8198700	8205600	8688100
480	7504300	8199400	8205700	8688400
481	7504400	8199300	8205400	8689000
482	7504600	8199700	8205600	8689500
483	7504400	8199300	8206000	8688600
484	7504500	8199800	8206700	8688900
485	7504800	8199700	8206300	8689400
486	7504700	8199900	8206900	8689500
487	7504500	8199500	8205700	8688600
488	7504300	8199700	8205600	8689100
489	7504100	8199300	8205700	8688300
490	7504700	8200300	8205900	8689600
491	7505000	8200000	8206400	8688700
492	7505000	8200200	8206500	8689600
493	7504400	8199600	8205400	8688300
494	7504600	8200500	8205300	8689400
495	7505000	8200000	8206000	8688900
496	7504800	8200100	8206700	8689000
497	7505200	8200100	8206600	8689900
498	7504800	8200200	8205000	8689500
499	7504500	8199500	8205100	8689000

============================================================
# BITSTREAM: 1ms_3etapas.bit
# VENTANA: 1ms
# ETAPAS_PRINCIPAL: 3
# NUM_MUESTRAS: 500
# FORMATO: idx	freq1_hz	freq2_hz	freq3_hz	freq4_hz
============================================================
idx	freq1_hz	freq2_hz	freq3_hz	freq4_hz
0	35885000	35885000	35885000	35885000
1	35892000	35892000	35892000	35892000
2	35881000	35881000	35881000	35881000
3	35887000	35887000	35887000	35887000
4	35894000	35894000	35894000	35894000
5	35891000	35892000	35892000	35892000
6	35893000	35893000	35893000	35893000
7	35896000	35896000	35896000	35896000
8	35893000	35892000	35892000	35892000
9	35892000	35892000	35892000	35892000
10	35891000	35891000	35891000	35891000
11	35889000	35888000	35888000	35888000
12	35891000	35892000	35891000	35892000
13	35891000	35892000	35892000	35892000
14	35880000	35880000	35880000	35880000
15	35884000	35884000	35884000	35884000
16	35885000	35885000	35885000	35885000
17	35887000	35887000	35887000	35887000
18	35892000	35891000	35891000	35891000
19	35890000	35890000	35890000	35890000
20	35888000	35887000	35887000	35887000
21	35889000	35890000	35890000	35890000
22	35888000	35888000	35888000	35887000
23	35890000	35890000	35890000	35890000
24	35889000	35888000	35888000	35888000
25	35888000	35888000	35888000	35888000
26	35888000	35888000	35888000	35888000
27	35888000	35888000	35888000	35888000
28	35896000	35896000	35896000	35896000
29	35888000	35888000	35888000	35888000
30	35894000	35893000	35893000	35893000
31	35889000	35889000	35889000	35889000
32	35887000	35888000	35888000	35888000
33	35884000	35884000	35884000	35884000
34	35886000	35886000	35886000	35886000
35	35885000	35885000	35885000	35885000
36	35881000	35881000	35881000	35881000
37	35885000	35885000	35885000	35885000
38	35887000	35887000	35887000	35887000
39	35884000	35884000	35884000	35884000
40	35887000	35887000	35887000	35887000
41	35887000	35887000	35887000	35887000
42	35893000	35892000	35892000	35892000
43	35886000	35887000	35887000	35886000
44	35889000	35889000	35889000	35889000
45	35884000	35884000	35884000	35884000
46	35893000	35893000	35893000	35893000
47	35884000	35884000	35884000	35884000
48	35886000	35886000	35886000	35886000
49	35891000	35891000	35891000	35891000
50	35889000	35889000	35889000	35889000
51	35885000	35885000	35885000	35885000
52	35889000	35889000	35889000	35889000
53	35886000	35886000	35886000	35886000
54	35891000	35890000	35890000	35890000
55	35886000	35887000	35887000	35887000
56	35895000	35895000	35895000	35895000
57	35888000	35888000	35888000	35888000
58	35891000	35891000	35891000	35891000
59	35890000	35890000	35890000	35890000
60	35890000	35889000	35889000	35889000
61	35890000	35890000	35890000	35890000
62	35886000	35886000	35886000	35886000
63	35885000	35885000	35885000	35885000
64	35891000	35891000	35891000	35891000
65	35890000	35890000	35890000	35890000
66	35887000	35887000	35887000	35887000
67	35891000	35890000	35890000	35891000
68	35890000	35890000	35890000	35890000
69	35885000	35885000	35885000	35885000
70	35889000	35889000	35889000	35889000
71	35888000	35889000	35889000	35889000
72	35888000	35888000	35888000	35888000
73	35886000	35886000	35886000	35886000
74	35887000	35887000	35887000	35887000
75	35889000	35889000	35889000	35889000
76	35889000	35889000	35889000	35889000
77	35889000	35889000	35889000	35889000
78	35892000	35892000	35892000	35892000
79	35888000	35888000	35888000	35887000
80	35890000	35890000	35890000	35890000
81	35888000	35888000	35888000	35888000
82	35892000	35892000	35892000	35892000
83	35894000	35893000	35893000	35893000
84	35893000	35893000	35893000	35893000
85	35891000	35892000	35891000	35892000
86	35894000	35894000	35894000	35894000
87	35889000	35889000	35889000	35889000
88	35890000	35890000	35890000	35890000
89	35887000	35887000	35887000	35887000
90	35886000	35886000	35886000	35886000
91	35892000	35892000	35892000	35892000
92	35888000	35889000	35889000	35889000
93	35886000	35886000	35886000	35886000
94	35886000	35886000	35886000	35886000
95	35885000	35886000	35886000	35886000
96	35884000	35884000	35884000	35884000
97	35886000	35885000	35885000	35885000
98	35886000	35886000	35886000	35886000
99	35888000	35887000	35887000	35887000
100	35892000	35892000	35892000	35892000
101	35886000	35886000	35886000	35886000
102	35888000	35888000	35888000	35888000
103	35886000	35886000	35886000	35886000
104	35889000	35889000	35889000	35889000
105	35889000	35889000	35889000	35889000
106	35888000	35888000	35888000	35888000
107	35889000	35889000	35889000	35889000
108	35886000	35886000	35886000	35886000
109	35891000	35891000	35891000	35892000
110	35892000	35892000	35892000	35892000
111	35892000	35892000	35892000	35892000
112	35886000	35887000	35887000	35887000
113	35888000	35888000	35888000	35888000
114	35887000	35888000	35888000	35888000
115	35893000	35893000	35893000	35893000
116	35888000	35888000	35888000	35888000
117	35887000	35887000	35887000	35887000
118	35885000	35885000	35885000	35885000
119	35888000	35888000	35888000	35888000
120	35889000	35889000	35889000	35889000
121	35886000	35886000	35886000	35886000
122	35896000	35895000	35895000	35895000
123	35897000	35897000	35897000	35897000
124	35894000	35894000	35894000	35894000
125	35889000	35889000	35889000	35889000
126	35891000	35890000	35890000	35890000
127	35891000	35891000	35891000	35891000
128	35889000	35889000	35889000	35889000
129	35891000	35891000	35891000	35891000
130	35887000	35887000	35887000	35887000
131	35894000	35894000	35894000	35894000
132	35890000	35890000	35890000	35890000
133	35892000	35891000	35891000	35891000
134	35893000	35893000	35893000	35893000
135	35888000	35888000	35888000	35888000
136	35889000	35889000	35889000	35890000
137	35893000	35893000	35893000	35893000
138	35894000	35894000	35894000	35894000
139	35888000	35888000	35888000	35888000
140	35893000	35893000	35893000	35893000
141	35885000	35885000	35885000	35885000
142	35886000	35886000	35886000	35886000
143	35885000	35885000	35885000	35885000
144	35889000	35889000	35889000	35888000
145	35887000	35887000	35887000	35887000
146	35888000	35888000	35888000	35888000
147	35886000	35885000	35885000	35885000
148	35889000	35889000	35889000	35889000
149	35888000	35889000	35889000	35889000
150	35892000	35892000	35892000	35892000
151	35887000	35887000	35887000	35887000
152	35886000	35886000	35886000	35886000
153	35893000	35893000	35893000	35893000
154	35889000	35889000	35889000	35889000
155	35888000	35888000	35888000	35888000
156	35885000	35885000	35885000	35885000
157	35890000	35890000	35890000	35891000
158	35891000	35891000	35891000	35891000
159	35890000	35890000	35890000	35890000
160	35888000	35888000	35888000	35888000
161	35892000	35891000	35891000	35891000
162	35886000	35886000	35902000	35886000
163	35884000	35884000	35884000	35884000
164	35888000	35888000	35888000	35888000
165	35892000	35892000	35892000	35892000
166	35892000	35892000	35892000	35892000
167	35892000	35892000	35892000	35892000
168	35891000	35891000	35891000	35891000
169	35888000	35888000	35888000	35888000
170	35886000	35887000	35887000	35887000
171	35892000	35892000	35889000	35892000
172	35890000	35890000	35890000	35890000
173	35892000	35892000	35892000	35892000
174	35892000	35892000	35892000	35892000
175	35892000	35891000	35891000	35891000
176	35890000	35890000	35890000	35890000
177	35888000	35888000	35888000	35888000
178	35889000	35889000	35889000	35889000
179	35890000	35889000	35889000	35889000
180	35881000	35881000	35881000	35881000
181	35894000	35894000	35894000	35894000
182	35885000	35885000	35885000	35885000
183	35884000	35884000	35884000	35884000
184	35887000	35887000	35887000	35887000
185	35887000	35887000	35887000	35887000
186	35890000	35890000	35890000	35890000
187	35886000	35885000	35885000	35885000
188	35888000	35887000	35887000	35887000
189	35892000	35892000	35892000	35892000
190	35894000	35894000	35894000	35894000
191	35884000	35884000	35884000	35884000
192	35891000	35891000	35891000	35891000
193	35887000	35887000	35887000	35885000
194	35888000	35888000	35888000	35888000
195	35890000	35890000	35890000	35890000
196	35890000	35891000	35891000	35890000
197	35886000	35885000	35886000	35885000
198	35891000	35891000	35891000	35891000
199	35888000	35888000	35888000	35888000
200	35888000	35888000	35888000	35888000
201	35896000	35895000	35895000	35895000
202	35892000	35891000	35891000	35891000
203	35889000	35888000	35888000	35888000
204	35889000	35888000	35888000	35888000
205	35889000	35890000	35890000	35890000
206	35890000	35889000	35889000	35889000
207	35890000	35890000	35890000	35890000
208	35889000	35890000	35890000	35890000
209	35891000	35891000	35891000	35891000
210	35888000	35888000	35888000	35888000
211	35884000	35884000	35884000	35884000
212	35885000	35885000	35885000	35885000
213	35885000	35885000	35885000	35885000
214	35891000	35891000	35891000	35891000
215	35881000	35880000	35880000	35880000
216	35887000	35887000	35887000	35887000
217	35884000	35884000	35884000	35883000
218	35886000	35886000	35886000	35886000
219	35893000	35893000	35893000	35893000
220	35890000	35890000	35890000	35890000
221	35894000	35894000	35894000	35894000
222	35889000	35889000	35889000	35889000
223	35894000	35894000	35894000	35894000
224	35893000	35893000	35893000	35893000
225	35896000	35895000	35895000	35895000
226	35892000	35892000	35892000	35892000
227	35889000	35889000	35889000	35889000
228	35890000	35889000	35889000	35890000
229	35891000	35891000	35891000	35891000
230	35891000	35891000	35891000	35891000
231	35890000	35890000	35890000	35890000
232	35886000	35886000	35886000	35886000
233	35888000	35888000	35888000	35888000
234	35890000	35890000	35890000	35890000
235	35887000	35887000	35887000	35887000
236	35889000	35889000	35889000	35889000
237	35890000	35890000	35890000	35890000
238	35894000	35894000	35894000	35894000
239	35891000	35891000	35891000	35891000
240	35898000	35898000	35898000	35898000
241	35891000	35891000	35891000	35891000
242	35890000	35891000	35891000	35891000
243	35894000	35894000	35894000	35894000
244	35892000	35892000	35892000	35892000
245	35889000	35889000	35889000	35889000
246	35891000	35891000	35891000	35891000
247	35891000	35891000	35891000	35891000
248	35890000	35890000	35890000	35890000
249	35892000	35892000	35892000	35892000
250	35890000	35889000	35890000	35889000
251	35892000	35893000	35893000	35893000
252	35888000	35887000	35887000	35888000
253	35887000	35887000	35887000	35887000
254	35891000	35891000	35891000	35891000
255	35889000	35889000	35889000	35889000
256	35889000	35889000	35889000	35889000
257	35894000	35894000	35894000	35894000
258	35896000	35896000	35896000	35895000
259	35895000	35894000	35894000	35894000
260	35888000	35888000	35888000	35888000
261	35896000	35896000	35896000	35896000
262	35890000	35890000	35890000	35890000
263	35890000	35890000	35890000	35890000
264	35886000	35886000	35886000	35886000
265	35892000	35892000	35892000	35892000
266	35884000	35884000	35884000	35884000
267	35888000	35888000	35888000	35888000
268	35888000	35888000	35888000	35888000
269	35891000	35891000	35891000	35891000
270	35892000	35892000	35892000	35892000
271	35892000	35892000	35892000	35892000
272	35885000	35885000	35885000	35885000
273	35890000	35891000	35891000	35891000
274	35891000	35891000	35891000	35891000
275	35897000	35897000	35897000	35897000
276	35894000	35894000	35894000	35895000
277	35894000	35894000	35894000	35894000
278	35893000	35893000	35893000	35893000
279	35894000	35895000	35895000	35895000
280	35889000	35889000	35889000	35889000
281	35894000	35894000	35894000	35894000
282	35894000	35894000	35894000	35894000
283	35892000	35893000	35893000	35893000
284	35892000	35892000	35892000	35893000
285	35890000	35890000	35890000	35890000
286	35888000	35889000	35889000	35889000
287	35892000	35892000	35892000	35892000
288	35891000	35891000	35891000	35891000
289	35895000	35895000	35895000	35895000
290	35893000	35892000	35892000	35893000
291	35892000	35892000	35892000	35892000
292	35886000	35886000	35886000	35886000
293	35886000	35886000	35886000	35884000
294	35888000	35888000	35888000	35888000
295	35884000	35884000	35884000	35884000
296	35890000	35890000	35890000	35890000
297	35888000	35888000	35888000	35888000
298	35889000	35890000	35890000	35890000
299	35886000	35886000	35886000	35887000
300	35888000	35888000	35888000	35888000
301	35886000	35886000	35886000	35886000
302	35890000	35890000	35890000	35890000
303	35891000	35891000	35891000	35892000
304	35888000	35888000	35888000	35888000
305	35889000	35889000	35889000	35889000
306	35889000	35889000	35873000	35889000
307	35890000	35890000	35890000	35890000
308	35893000	35893000	35893000	35893000
309	35888000	35888000	35891000	35888000
310	35886000	35885000	35885000	35885000
311	35891000	35891000	35891000	35892000
312	35891000	35891000	35891000	35891000
313	35895000	35895000	35895000	35895000
314	35889000	35889000	35889000	35889000
315	35888000	35888000	35888000	35888000
316	35894000	35895000	35895000	35895000
317	35885000	35885000	35885000	35885000
318	35890000	35890000	35890000	35890000
319	35886000	35886000	35886000	35886000
320	35883000	35883000	35883000	35884000
321	35884000	35885000	35885000	35885000
322	35880000	35880000	35880000	35880000
323	35888000	35888000	35888000	35888000
324	35892000	35892000	35892000	35892000
325	35895000	35895000	35895000	35895000
326	35885000	35885000	35885000	35885000
327	35884000	35884000	35884000	35884000
328	35891000	35891000	35891000	35890000
329	35888000	35888000	35888000	35888000
330	35892000	35892000	35892000	35892000
331	35888000	35888000	35888000	35888000
332	35891000	35891000	35891000	35891000
333	35891000	35892000	35892000	35892000
334	35889000	35889000	35889000	35890000
335	35885000	35885000	35901000	35885000
336	35889000	35890000	35890000	35890000
337	35890000	35890000	35890000	35890000
338	35890000	35890000	35890000	35890000
339	35889000	35889000	35889000	35889000
340	35885000	35885000	35886000	35885000
341	35886000	35886000	35886000	35886000
342	35882000	35882000	35882000	35882000
343	35885000	35885000	35885000	35885000
344	35886000	35886000	35886000	35886000
345	35888000	35888000	35888000	35888000
346	35887000	35887000	35887000	35887000
347	35889000	35889000	35889000	35889000
348	35886000	35885000	35885000	35885000
349	35885000	35886000	35886000	35886000
350	35885000	35885000	35885000	35885000
351	35889000	35889000	35889000	35889000
352	35887000	35888000	35888000	35888000
353	35891000	35891000	35891000	35891000
354	35885000	35885000	35885000	35885000
355	35891000	35891000	35891000	35891000
356	35891000	35891000	35891000	35891000
357	35892000	35892000	35892000	35892000
358	35894000	35894000	35894000	35894000
359	35895000	35895000	35895000	35895000
360	35888000	35887000	35903000	35887000
361	35892000	35892000	35892000	35892000
362	35885000	35885000	35885000	35885000
363	35887000	35887000	35887000	35887000
364	35879000	35879000	35879000	35879000
365	35889000	35889000	35889000	35888000
366	35888000	35889000	35889000	35891000
367	35885000	35885000	35885000	35885000
368	35883000	35883000	35883000	35883000
369	35886000	35886000	35886000	35886000
370	35887000	35887000	35887000	35887000
371	35886000	35886000	35886000	35886000
372	35885000	35884000	35884000	35884000
373	35884000	35885000	35885000	35885000
374	35883000	35882000	35882000	35883000
375	35891000	35891000	35891000	35891000
376	35880000	35880000	35880000	35880000
377	35888000	35888000	35888000	35887000
378	35889000	35889000	35889000	35889000
379	35890000	35890000	35890000	35890000
380	35891000	35891000	35891000	35891000
381	35887000	35887000	35887000	35887000
382	35889000	35889000	35889000	35889000
383	35892000	35891000	35891000	35891000
384	35889000	35889000	35889000	35889000
385	35895000	35896000	35896000	35896000
386	35891000	35891000	35891000	35891000
387	35890000	35890000	35890000	35890000
388	35889000	35889000	35889000	35889000
389	35894000	35894000	35894000	35894000
390	35894000	35894000	35894000	35894000
391	35889000	35889000	35889000	35889000
392	35893000	35893000	35893000	35893000
393	35895000	35895000	35895000	35895000
394	35896000	35896000	35896000	35896000
395	35892000	35892000	35892000	35892000
396	35895000	35896000	35895000	35896000
397	35897000	35897000	35897000	35897000
398	35890000	35890000	35890000	35890000
399	35891000	35892000	35892000	35892000
400	35894000	35895000	35895000	35895000
401	35892000	35892000	35892000	35892000
402	35895000	35895000	35895000	35895000
403	35889000	35890000	35890000	35890000
404	35894000	35894000	35894000	35894000
405	35887000	35903000	35887000	35887000
406	35894000	35894000	35894000	35894000
407	35893000	35893000	35893000	35893000
408	35894000	35894000	35894000	35894000
409	35895000	35896000	35896000	35896000
410	35896000	35896000	35896000	35896000
411	35899000	35899000	35899000	35899000
412	35899000	35899000	35899000	35899000
413	35899000	35899000	35899000	35899000
414	35897000	35897000	35897000	35897000
415	35899000	35900000	35900000	35900000
416	35894000	35894000	35894000	35894000
417	35890000	35890000	35890000	35890000
418	35897000	35897000	35897000	35897000
419	35895000	35895000	35895000	35895000
420	35888000	35888000	35888000	35888000
421	35894000	35894000	35894000	35894000
422	35894000	35894000	35894000	35895000
423	35893000	35893000	35893000	35893000
424	35889000	35889000	35889000	35889000
425	35885000	35885000	35885000	35885000
426	35888000	35889000	35889000	35889000
427	35888000	35888000	35888000	35888000
428	35885000	35885000	35885000	35885000
429	35892000	35892000	35892000	35892000
430	35890000	35890000	35890000	35889000
431	35890000	35890000	35890000	35889000
432	35890000	35890000	35890000	35890000
433	35893000	35893000	35893000	35893000
434	35890000	35890000	35890000	35890000
435	35889000	35889000	35889000	35889000
436	35885000	35886000	35886000	35886000
437	35891000	35891000	35891000	35899000
438	35886000	35887000	35886000	35887000
439	35889000	35890000	35890000	35890000
440	35890000	35890000	35889000	35890000
441	35890000	35890000	35890000	35889000
442	35892000	35891000	35892000	35891000
443	35888000	35889000	35889000	35889000
444	35891000	35891000	35891000	35891000
445	35890000	35889000	35889000	35889000
446	35892000	35892000	35892000	35892000
447	35895000	35895000	35895000	35895000
448	35894000	35894000	35894000	35894000
449	35892000	35892000	35892000	35892000
450	35894000	35894000	35894000	35894000
451	35892000	35893000	35893000	35893000
452	35897000	35897000	35897000	35897000
453	35891000	35891000	35891000	35891000
454	35898000	35898000	35898000	35898000
455	35897000	35896000	35897000	35896000
456	35889000	35889000	35889000	35889000
457	35893000	35893000	35893000	35893000
458	35890000	35890000	35890000	35890000
459	35895000	35895000	35895000	35895000
460	35892000	35893000	35893000	35893000
461	35892000	35892000	35892000	35892000
462	35894000	35894000	35894000	35894000
463	35892000	35892000	35892000	35892000
464	35894000	35895000	35894000	35895000
465	35891000	35891000	35891000	35891000
466	35893000	35893000	35893000	35893000
467	35892000	35892000	35892000	35892000
468	35891000	35891000	35891000	35891000
469	35894000	35895000	35895000	35894000
470	35893000	35893000	35893000	35893000
471	35893000	35893000	35893000	35893000
472	35890000	35890000	35890000	35890000
473	35891000	35890000	35890000	35890000
474	35891000	35891000	35891000	35891000
475	35895000	35895000	35895000	35895000
476	35894000	35894000	35894000	35894000
477	35895000	35896000	35896000	35896000
478	35894000	35894000	35894000	35894000
479	35893000	35893000	35893000	35893000
480	35895000	35895000	35895000	35895000
481	35890000	35890000	35890000	35890000
482	35895000	35895000	35895000	35895000
483	35890000	35890000	35890000	35889000
484	35890000	35890000	35890000	35890000
485	35893000	35893000	35893000	35893000
486	35893000	35892000	35892000	35892000
487	35888000	35888000	35888000	35888000
488	35891000	35891000	35891000	35891000
489	35889000	35889000	35889000	35889000
490	35886000	35886000	35886000	35886000
491	35891000	35891000	35891000	35891000
492	35891000	35891000	35891000	35891000
493	35888000	35889000	35889000	35889000
494	35891000	35890000	35890000	35890000
495	35895000	35895000	35895000	35895000
496	35888000	35889000	35889000	35889000
497	35888000	35888000	35888000	35888000
498	35886000	35886000	35886000	35886000
499	35888000	35888000	35888000	35888000

============================================================
# BITSTREAM: 1ms_5etapas.bit
# VENTANA: 1ms
# ETAPAS_PRINCIPAL: 5
# NUM_MUESTRAS: 500
# FORMATO: idx	freq1_hz	freq2_hz	freq3_hz	freq4_hz
============================================================
idx	freq1_hz	freq2_hz	freq3_hz	freq4_hz
0	34359000	34359000	34359000	34359000
1	34363000	34363000	34363000	34363000
2	34360000	34360000	34360000	34360000
3	34359000	34359000	34359000	34359000
4	34357000	34358000	34357000	34357000
5	34356000	34356000	34356000	34356000
6	34355000	34355000	34355000	34355000
7	34358000	34358000	34358000	34358000
8	34362000	34362000	34362000	34362000
9	34360000	34360000	34360000	34360000
10	34358000	34358000	34358000	34358000
11	34358000	34358000	34358000	34357000
12	34359000	34359000	34359000	34359000
13	34360000	34360000	34360000	34360000
14	34371000	34371000	34371000	34371000
15	34366000	34366000	34366000	34366000
16	34367000	34367000	34367000	34368000
17	34369000	34369000	34369000	34369000
18	34371000	34372000	34372000	34372000
19	34377000	34377000	34377000	34377000
20	34373000	34373000	34373000	34373000
21	34374000	34374000	34374000	34374000
22	34372000	34372000	34372000	34372000
23	34368000	34368000	34368000	34368000
24	34371000	34371000	34371000	34371000
25	34373000	34373000	34373000	34373000
26	34371000	34371000	34371000	34371000
27	34364000	34363000	34364000	34364000
28	34370000	34370000	34370000	34370000
29	34367000	34367000	34367000	34367000
30	34362000	34362000	34362000	34362000
31	34366000	34366000	34365000	34365000
32	34361000	34361000	34361000	34361000
33	34367000	34367000	34367000	34367000
34	34365000	34365000	34365000	34365000
35	34368000	34367000	34367000	34367000
36	34369000	34369000	34369000	34369000
37	34363000	34363000	34363000	34363000
38	34365000	34365000	34366000	34366000
39	34362000	34362000	34362000	34362000
40	34369000	34369000	34369000	34369000
41	34365000	34365000	34365000	34365000
42	34369000	34369000	34369000	34369000
43	34368000	34368000	34368000	34369000
44	34365000	34365000	34365000	34365000
45	34366000	34366000	34366000	34366000
46	34361000	34361000	34361000	34361000
47	34368000	34368000	34368000	34368000
48	34364000	34363000	34364000	34364000
49	34365000	34366000	34365000	34365000
50	34364000	34364000	34363000	34363000
51	34359000	34359000	34359000	34359000
52	34363000	34363000	34363000	34363000
53	34363000	34363000	34363000	34363000
54	34366000	34366000	34366000	34366000
55	34363000	34363000	34363000	34363000
56	34369000	34369000	34369000	34369000
57	34366000	34366000	34366000	34366000
58	34361000	34361000	34361000	34361000
59	34361000	34361000	34361000	34361000
60	34360000	34360000	34360000	34360000
61	34362000	34362000	34362000	34362000
62	34366000	34366000	34366000	34366000
63	34356000	34356000	34356000	34356000
64	34367000	34367000	34367000	34367000
65	34358000	34358000	34358000	34359000
66	34358000	34358000	34358000	34358000
67	34358000	34358000	34358000	34358000
68	34361000	34361000	34361000	34361000
69	34356000	34356000	34356000	34356000
70	34359000	34359000	34359000	34359000
71	34355000	34355000	34356000	34356000
72	34355000	34355000	34355000	34356000
73	34363000	34363000	34363000	34363000
74	34363000	34363000	34363000	34363000
75	34361000	34362000	34361000	34361000
76	34348000	34348000	34348000	34348000
77	34360000	34360000	34360000	34359000
78	34357000	34357000	34357000	34358000
79	34353000	34353000	34353000	34352000
80	34355000	34355000	34355000	34355000
81	34359000	34359000	34359000	34360000
82	34362000	34362000	34362000	34363000
83	34358000	34358000	34358000	34357000
84	34364000	34364000	34364000	34364000
85	34357000	34357000	34357000	34357000
86	34365000	34365000	34365000	34365000
87	34362000	34362000	34362000	34362000
88	34364000	34364000	34364000	34364000
89	34354000	34354000	34354000	34353000
90	34356000	34356000	34356000	34356000
91	34360000	34360000	34360000	34360000
92	34355000	34355000	34355000	34355000
93	34351000	34351000	34352000	34352000
94	34365000	34365000	34365000	34365000
95	34358000	34358000	34358000	34358000
96	34364000	34364000	34364000	34364000
97	34354000	34354000	34354000	34355000
98	34361000	34361000	34361000	34361000
99	34351000	34351000	34351000	34351000
100	34355000	34355000	34355000	34355000
101	34358000	34358000	34358000	34358000
102	34355000	34355000	34355000	34355000
103	34353000	34353000	34353000	34353000
104	34358000	34358000	34358000	34359000
105	34361000	34362000	34361000	34361000
106	34359000	34359000	34359000	34360000
107	34349000	34349000	34349000	34349000
108	34358000	34358000	34358000	34358000
109	34356000	34356000	34356000	34356000
110	34359000	34359000	34359000	34359000
111	34359000	34359000	34359000	34359000
112	34357000	34357000	34357000	34357000
113	34360000	34360000	34360000	34360000
114	34354000	34354000	34354000	34354000
115	34353000	34353000	34353000	34353000
116	34353000	34354000	34353000	34353000
117	34355000	34355000	34355000	34355000
118	34358000	34358000	34358000	34358000
119	34351000	34350000	34351000	34351000
120	34349000	34349000	34348000	34348000
121	34359000	34359000	34359000	34359000
122	34352000	34352000	34352000	34352000
123	34356000	34356000	34356000	34355000
124	34353000	34353000	34353000	34353000
125	34355000	34355000	34355000	34355000
126	34354000	34354000	34354000	34354000
127	34359000	34359000	34359000	34359000
128	34361000	34361000	34361000	34361000
129	34349000	34349000	34349000	34349000
130	34359000	34359000	34359000	34359000
131	34356000	34356000	34356000	34357000
132	34357000	34357000	34357000	34357000
133	34357000	34358000	34357000	34358000
134	34356000	34357000	34356000	34356000
135	34355000	34356000	34355000	34355000
136	34364000	34364000	34364000	34364000
137	34367000	34367000	34367000	34367000
138	34360000	34360000	34360000	34360000
139	34362000	34362000	34362000	34362000
140	34360000	34360000	34360000	34360000
141	34357000	34357000	34357000	34357000
142	34362000	34362000	34362000	34362000
143	34352000	34352000	34352000	34352000
144	34356000	34356000	34356000	34356000
145	34357000	34357000	34357000	34357000
146	34355000	34355000	34355000	34355000
147	34354000	34354000	34354000	34355000
148	34361000	34361000	34361000	34361000
149	34354000	34354000	34354000	34354000
150	34354000	34354000	34354000	34354000
151	34345000	34345000	34345000	34345000
152	34354000	34354000	34354000	34354000
153	34352000	34352000	34352000	34352000
154	34357000	34357000	34357000	34358000
155	34354000	34354000	34354000	34353000
156	34359000	34358000	34359000	34359000
157	34351000	34351000	34351000	34352000
158	34352000	34352000	34352000	34352000
159	34359000	34359000	34359000	34359000
160	34363000	34363000	34362000	34362000
161	34359000	34360000	34359000	34359000
162	34360000	34360000	34360000	34360000
163	34365000	34365000	34365000	34365000
164	34362000	34362000	34362000	34361000
165	34359000	34359000	34359000	34360000
166	34361000	34361000	34361000	34361000
167	34366000	34366000	34366000	34366000
168	34363000	34363000	34363000	34363000
169	34367000	34367000	34367000	34367000
170	34365000	34365000	34365000	34365000
171	34362000	34362000	34362000	34362000
172	34365000	34365000	34365000	34365000
173	34362000	34361000	34362000	34362000
174	34364000	34364000	34364000	34364000
175	34362000	34362000	34362000	34362000
176	34367000	34367000	34367000	34366000
177	34359000	34359000	34358000	34358000
178	34357000	34357000	34358000	34358000
179	34358000	34357000	34358000	34358000
180	34354000	34354000	34354000	34354000
181	34365000	34365000	34365000	34365000
182	34360000	34360000	34360000	34360000
183	34359000	34359000	34360000	34360000
184	34357000	34357000	34357000	34357000
185	34362000	34362000	34362000	34362000
186	34363000	34363000	34363000	34362000
187	34355000	34355000	34355000	34355000
188	34357000	34357000	34357000	34358000
189	34358000	34358000	34358000	34358000
190	34363000	34363000	34363000	34363000
191	34364000	34364000	34364000	34364000
192	34362000	34362000	34362000	34362000
193	34370000	34369000	34370000	34370000
194	34365000	34365000	34365000	34364000
195	34360000	34360000	34359000	34359000
196	34365000	34365000	34365000	34366000
197	34361000	34361000	34361000	34361000
198	34365000	34365000	34365000	34365000
199	34364000	34364000	34364000	34364000
200	34366000	34366000	34366000	34366000
201	34356000	34356000	34356000	34357000
202	34362000	34362000	34362000	34362000
203	34364000	34363000	34364000	34364000
204	34359000	34359000	34359000	34359000
205	34363000	34363000	34363000	34363000
206	34360000	34360000	34360000	34360000
207	34363000	34363000	34363000	34363000
208	34370000	34370000	34370000	34370000
209	34367000	34367000	34367000	34367000
210	34364000	34364000	34364000	34364000
211	34366000	34366000	34366000	34366000
212	34363000	34363000	34363000	34363000
213	34364000	34364000	34364000	34364000
214	34359000	34359000	34359000	34360000
215	34362000	34362000	34362000	34362000
216	34369000	34368000	34369000	34369000
217	34367000	34367000	34367000	34367000
218	34368000	34367000	34367000	34367000
219	34360000	34360000	34360000	34361000
220	34364000	34364000	34364000	34364000
221	34358000	34358000	34358000	34358000
222	34364000	34364000	34364000	34364000
223	34363000	34364000	34364000	34364000
224	34361000	34360000	34361000	34360000
225	34361000	34361000	34361000	34361000
226	34358000	34358000	34358000	34358000
227	34360000	34360000	34360000	34360000
228	34361000	34361000	34361000	34361000
229	34358000	34358000	34358000	34358000
230	34366000	34366000	34366000	34366000
231	34356000	34356000	34356000	34356000
232	34360000	34361000	34360000	34360000
233	34358000	34358000	34358000	34358000
234	34363000	34363000	34363000	34363000
235	34362000	34362000	34362000	34361000
236	34360000	34360000	34360000	34360000
237	34364000	34364000	34364000	34363000
238	34363000	34363000	34363000	34363000
239	34369000	34369000	34369000	34368000
240	34365000	34366000	34365000	34365000
241	34353000	34353000	34353000	34353000
242	34362000	34361000	34362000	34362000
243	34360000	34360000	34360000	34360000
244	34359000	34359000	34359000	34360000
245	34366000	34367000	34366000	34366000
246	34362000	34362000	34362000	34362000
247	34365000	34365000	34365000	34365000
248	34368000	34368000	34368000	34368000
249	34362000	34362000	34362000	34362000
250	34360000	34360000	34360000	34360000
251	34359000	34359000	34359000	34359000
252	34359000	34359000	34359000	34359000
253	34361000	34361000	34361000	34361000
254	34359000	34359000	34359000	34359000
255	34354000	34354000	34354000	34354000
256	34356000	34356000	34356000	34356000
257	34368000	34368000	34368000	34368000
258	34366000	34366000	34366000	34366000
259	34367000	34367000	34367000	34367000
260	34367000	34367000	34367000	34367000
261	34364000	34364000	34364000	34364000
262	34364000	34364000	34364000	34364000
263	34361000	34361000	34361000	34361000
264	34367000	34367000	34367000	34367000
265	34363000	34363000	34363000	34363000
266	34364000	34365000	34364000	34364000
267	34370000	34370000	34370000	34370000
268	34363000	34363000	34363000	34363000
269	34368000	34367000	34368000	34368000
270	34360000	34360000	34360000	34360000
271	34363000	34363000	34363000	34363000
272	34365000	34365000	34365000	34365000
273	34367000	34367000	34367000	34367000
274	34360000	34360000	34361000	34361000
275	34368000	34367000	34368000	34368000
276	34366000	34365000	34366000	34366000
277	34362000	34362000	34362000	34362000
278	34362000	34363000	34362000	34362000
279	34362000	34362000	34362000	34362000
280	34360000	34360000	34360000	34360000
281	34358000	34358000	34358000	34358000
282	34356000	34356000	34356000	34356000
283	34357000	34357000	34357000	34357000
284	34359000	34359000	34359000	34359000
285	34361000	34361000	34361000	34361000
286	34362000	34362000	34362000	34362000
287	34361000	34361000	34361000	34362000
288	34356000	34355000	34356000	34356000
289	34352000	34352000	34352000	34352000
290	34357000	34357000	34356000	34356000
291	34355000	34355000	34354000	34354000
292	34355000	34355000	34355000	34356000
293	34353000	34353000	34353000	34353000
294	34354000	34354000	34354000	34354000
295	34355000	34355000	34355000	34355000
296	34360000	34360000	34361000	34361000
297	34355000	34355000	34355000	34355000
298	34359000	34359000	34359000	34359000
299	34363000	34363000	34363000	34363000
300	34354000	34354000	34354000	34354000
301	34354000	34354000	34354000	34354000
302	34360000	34360000	34360000	34360000
303	34356000	34357000	34356000	34356000
304	34354000	34354000	34355000	34355000
305	34352000	34352000	34352000	34351000
306	34355000	34355000	34354000	34354000
307	34357000	34357000	34357000	34357000
308	34355000	34355000	34355000	34355000
309	34353000	34352000	34353000	34353000
310	34349000	34349000	34349000	34348000
311	34347000	34347000	34347000	34347000
312	34352000	34353000	34353000	34353000
313	34350000	34350000	34350000	34350000
314	34357000	34358000	34357000	34357000
315	34354000	34354000	34354000	34354000
316	34352000	34352000	34352000	34352000
317	34356000	34356000	34356000	34356000
318	34355000	34355000	34355000	34355000
319	34355000	34355000	34355000	34355000
320	34353000	34353000	34353000	34353000
321	34353000	34353000	34353000	34353000
322	34357000	34357000	34357000	34357000
323	34359000	34359000	34359000	34359000
324	34358000	34358000	34358000	34358000
325	34353000	34353000	34353000	34353000
326	34358000	34358000	34358000	34358000
327	34361000	34361000	34361000	34361000
328	34354000	34354000	34354000	34355000
329	34355000	34355000	34355000	34355000
330	34354000	34355000	34354000	34354000
331	34348000	34348000	34348000	34349000
332	34350000	34350000	34350000	34350000
333	34358000	34357000	34358000	34358000
334	34359000	34359000	34359000	34359000
335	34357000	34357000	34357000	34357000
336	34356000	34356000	34356000	34356000
337	34362000	34362000	34362000	34361000
338	34362000	34362000	34362000	34363000
339	34352000	34352000	34352000	34352000
340	34361000	34361000	34361000	34361000
341	34357000	34357000	34356000	34356000
342	34356000	34356000	34356000	34356000
343	34356000	34356000	34356000	34356000
344	34354000	34354000	34354000	34354000
345	34360000	34360000	34360000	34360000
346	34357000	34357000	34357000	34357000
347	34363000	34363000	34363000	34363000
348	34361000	34361000	34361000	34361000
349	34361000	34361000	34361000	34361000
350	34358000	34358000	34358000	34358000
351	34363000	34363000	34363000	34363000
352	34351000	34351000	34351000	34351000
353	34358000	34359000	34358000	34358000
354	34350000	34349000	34350000	34350000
355	34356000	34356000	34356000	34356000
356	34358000	34358000	34358000	34358000
357	34360000	34360000	34360000	34360000
358	34360000	34360000	34360000	34360000
359	34355000	34355000	34355000	34355000
360	34346000	34346000	34346000	34346000
361	34350000	34350000	34350000	34350000
362	34353000	34353000	34353000	34353000
363	34354000	34354000	34354000	34354000
364	34349000	34350000	34349000	34349000
365	34354000	34354000	34354000	34354000
366	34356000	34356000	34356000	34356000
367	34354000	34354000	34354000	34354000
368	34351000	34351000	34351000	34351000
369	34355000	34355000	34355000	34354000
370	34350000	34350000	34350000	34350000
371	34356000	34356000	34355000	34355000
372	34353000	34353000	34353000	34353000
373	34357000	34357000	34357000	34357000
374	34352000	34352000	34352000	34351000
375	34356000	34356000	34356000	34356000
376	34356000	34356000	34356000	34356000
377	34358000	34358000	34358000	34358000
378	34357000	34357000	34357000	34357000
379	34355000	34355000	34355000	34355000
380	34356000	34356000	34356000	34356000
381	34358000	34358000	34358000	34358000
382	34357000	34357000	34357000	34357000
383	34359000	34359000	34358000	34358000
384	34357000	34357000	34357000	34357000
385	34354000	34354000	34354000	34354000
386	34362000	34362000	34362000	34362000
387	34355000	34355000	34355000	34355000
388	34356000	34356000	34356000	34356000
389	34363000	34363000	34363000	34363000
390	34364000	34364000	34364000	34364000
391	34355000	34355000	34355000	34355000
392	34357000	34357000	34357000	34357000
393	34353000	34361000	34361000	34361000
394	34359000	34359000	34359000	34359000
395	34364000	34364000	34365000	34365000
396	34360000	34360000	34360000	34361000
397	34362000	34362000	34362000	34362000
398	34362000	34362000	34362000	34362000
399	34367000	34367000	34367000	34367000
400	34362000	34363000	34362000	34362000
401	34361000	34360000	34361000	34361000
402	34362000	34362000	34362000	34362000
403	34365000	34365000	34365000	34366000
404	34365000	34365000	34365000	34366000
405	34366000	34366000	34366000	34366000
406	34372000	34372000	34372000	34372000
407	34362000	34362000	34362000	34362000
408	34360000	34360000	34360000	34360000
409	34363000	34363000	34363000	34363000
410	34371000	34371000	34371000	34371000
411	34364000	34365000	34364000	34364000
412	34363000	34363000	34363000	34364000
413	34360000	34360000	34360000	34360000
414	34361000	34360000	34361000	34361000
415	34358000	34358000	34358000	34357000
416	34357000	34357000	34357000	34357000
417	34365000	34365000	34365000	34365000
418	34362000	34361000	34362000	34362000
419	34359000	34359000	34359000	34359000
420	34361000	34361000	34361000	34361000
421	34363000	34363000	34363000	34363000
422	34360000	34361000	34360000	34360000
423	34358000	34358000	34358000	34358000
424	34357000	34358000	34358000	34358000
425	34363000	34363000	34363000	34363000
426	34363000	34363000	34362000	34362000
427	34350000	34350000	34350000	34350000
428	34359000	34360000	34359000	34359000
429	34356000	34356000	34356000	34356000
430	34356000	34356000	34356000	34355000
431	34354000	34354000	34354000	34354000
432	34355000	34355000	34355000	34355000
433	34357000	34357000	34357000	34357000
434	34361000	34361000	34361000	34361000
435	34360000	34360000	34360000	34359000
436	34363000	34363000	34363000	34363000
437	34357000	34357000	34357000	34357000
438	34354000	34354000	34354000	34354000
439	34357000	34358000	34357000	34357000
440	34358000	34358000	34358000	34358000
441	34358000	34358000	34358000	34358000
442	34359000	34359000	34359000	34358000
443	34361000	34361000	34361000	34361000
444	34352000	34352000	34352000	34352000
445	34357000	34357000	34357000	34356000
446	34356000	34356000	34356000	34356000
447	34355000	34355000	34355000	34355000
448	34353000	34353000	34353000	34353000
449	34359000	34359000	34359000	34359000
450	34354000	34354000	34354000	34354000
451	34360000	34360000	34360000	34359000
452	34364000	34364000	34364000	34364000
453	34358000	34358000	34358000	34358000
454	34355000	34355000	34355000	34355000
455	34357000	34357000	34357000	34356000
456	34359000	34359000	34359000	34359000
457	34357000	34357000	34357000	34357000
458	34357000	34358000	34357000	34357000
459	34356000	34356000	34356000	34356000
460	34349000	34349000	34349000	34349000
461	34355000	34355000	34354000	34354000
462	34355000	34355000	34355000	34355000
463	34361000	34361000	34361000	34361000
464	34354000	34354000	34354000	34354000
465	34357000	34357000	34357000	34357000
466	34358000	34358000	34358000	34358000
467	34362000	34363000	34362000	34362000
468	34355000	34355000	34355000	34355000
469	34362000	34362000	34362000	34362000
470	34362000	34361000	34362000	34362000
471	34359000	34359000	34359000	34359000
472	34359000	34359000	34359000	34359000
473	34366000	34366000	34366000	34366000
474	34360000	34360000	34360000	34360000
475	34363000	34363000	34363000	34363000
476	34360000	34360000	34360000	34361000
477	34363000	34363000	34363000	34363000
478	34363000	34363000	34363000	34363000
479	34355000	34356000	34355000	34355000
480	34360000	34360000	34360000	34360000
481	34360000	34360000	34360000	34359000
482	34355000	34355000	34355000	34355000
483	34364000	34364000	34364000	34364000
484	34359000	34360000	34359000	34359000
485	34357000	34357000	34357000	34356000
486	34358000	34358000	34358000	34358000
487	34351000	34351000	34351000	34350000
488	34360000	34360000	34360000	34360000
489	34358000	34358000	34358000	34358000
490	34362000	34362000	34362000	34362000
491	34357000	34356000	34356000	34356000
492	34356000	34356000	34356000	34356000
493	34351000	34351000	34351000	34351000
494	34352000	34352000	34352000	34352000
495	34363000	34363000	34363000	34362000
496	34360000	34360000	34360000	34360000
497	34356000	34356000	34356000	34356000
498	34358000	34358000	34358000	34358000
499	34358000	34358000	34358000	34358000

============================================================
# BITSTREAM: 1ms_51etapas.bit
# VENTANA: 1ms
# ETAPAS_PRINCIPAL: 51
# NUM_MUESTRAS: 500
# FORMATO: idx	freq1_hz	freq2_hz	freq3_hz	freq4_hz
============================================================
idx	freq1_hz	freq2_hz	freq3_hz	freq4_hz
0	12433000	12830000	13039000	13326000
1	12432000	12833000	13040000	13326000
2	12432000	12831000	13039000	13324000
3	12431000	12830000	13040000	13325000
4	12433000	12832000	13040000	13327000
5	12432000	12830000	13039000	13325000
6	12434000	12832000	13041000	13326000
7	12433000	12832000	13042000	13326000
8	12434000	12832000	13041000	13326000
9	12432000	12830000	13040000	13324000
10	12432000	12830000	13041000	13326000
11	12433000	12831000	13040000	13326000
12	12434000	12831000	13039000	13327000
13	12434000	12832000	13041000	13326000
14	12434000	12833000	13042000	13327000
15	12435000	12833000	13042000	13327000
16	12434000	12863000	13041000	13326000
17	12434000	12831000	13039000	13326000
18	12433000	12831000	13040000	13326000
19	12433000	12831000	13040000	13326000
20	12434000	12844000	13041000	13326000
21	12431000	12829000	13039000	13325000
22	12432000	12829000	13038000	13325000
23	12432000	12830000	13039000	13325000
24	12432000	12830000	13040000	13325000
25	12432000	12830000	13041000	13325000
26	12433000	12831000	13040000	13325000
27	12432000	12830000	13039000	13326000
28	12434000	12831000	13040000	13327000
29	12431000	12829000	13039000	13325000
30	12432000	12831000	13039000	13325000
31	12432000	12831000	13041000	13326000
32	12432000	12830000	13038000	13324000
33	12433000	12832000	13039000	13326000
34	12432000	12830000	13038000	13324000
35	12434000	12831000	13039000	13328000
36	12433000	12830000	13037000	13325000
37	12432000	12831000	13040000	13325000
38	12432000	12830000	13038000	13325000
39	12433000	12830000	13038000	13326000
40	12432000	12831000	13040000	13327000
41	12434000	12832000	13039000	13326000
42	12433000	12831000	13039000	13325000
43	12432000	12831000	13038000	13325000
44	12432000	12831000	13041000	13326000
45	12433000	12832000	13042000	13326000
46	12432000	12831000	13040000	13325000
47	12433000	12832000	13041000	13326000
48	12433000	12831000	13039000	13325000
49	12431000	12830000	13039000	13323000
50	12430000	12829000	13039000	13323000
51	12432000	12830000	13040000	13324000
52	12432000	12830000	13040000	13326000
53	12432000	12830000	13038000	13325000
54	12431000	12829000	13040000	13325000
55	12431000	12829000	13038000	13323000
56	12432000	12831000	13039000	13324000
57	12433000	12830000	13040000	13325000
58	12434000	12831000	13041000	13326000
59	12433000	12831000	13040000	13325000
60	12433000	12832000	13040000	13326000
61	12432000	12831000	13040000	13325000
62	12432000	12830000	13039000	13324000
63	12432000	12831000	13041000	13325000
64	12431000	12830000	13038000	13325000
65	12431000	12831000	13040000	13325000
66	12433000	12831000	13040000	13326000
67	12431000	12830000	13040000	13325000
68	12433000	12831000	13040000	13326000
69	12434000	12845000	13042000	13327000
70	12432000	12830000	13038000	13325000
71	12433000	12832000	13041000	13325000
72	12434000	12831000	13040000	13326000
73	12432000	12831000	13039000	13325000
74	12433000	12831000	13038000	13326000
75	12432000	12831000	13041000	13325000
76	12432000	12829000	13039000	13324000
77	12434000	12831000	13039000	13326000
78	12433000	12831000	13040000	13327000
79	12434000	12832000	13041000	13326000
80	12434000	12831000	13041000	13325000
81	12435000	12831000	13038000	13326000
82	12434000	12832000	13040000	13327000
83	12434000	12832000	13040000	13326000
84	12433000	12830000	13039000	13326000
85	12433000	12831000	13041000	13325000
86	12433000	12831000	13039000	13326000
87	12433000	12831000	13039000	13325000
88	12434000	12832000	13040000	13326000
89	12433000	12832000	13042000	13327000
90	12432000	12830000	13040000	13323000
91	12432000	12832000	13041000	13323000
92	12433000	12832000	13039000	13326000
93	12434000	12831000	13040000	13326000
94	12433000	12831000	13040000	13325000
95	12432000	12831000	13040000	13325000
96	12430000	12828000	13038000	13323000
97	12431000	12830000	13040000	13324000
98	12431000	12831000	13040000	13325000
99	12431000	12828000	13038000	13324000
100	12433000	12829000	13039000	13325000
101	12431000	12830000	13037000	13323000
102	12431000	12828000	13038000	13324000
103	12433000	12831000	13039000	13324000
104	12433000	12831000	13039000	13326000
105	12431000	12828000	13038000	13324000
106	12431000	12830000	13039000	13324000
107	12430000	12830000	13039000	13324000
108	12431000	12830000	13039000	13324000
109	12432000	12830000	13039000	13327000
110	12432000	12830000	13037000	13325000
111	12430000	12829000	13038000	13322000
112	12431000	12828000	13037000	13323000
113	12432000	12832000	13042000	13325000
114	12433000	12831000	13036000	13326000
115	12433000	12832000	13039000	13325000
116	12431000	12830000	13040000	13325000
117	12431000	12830000	13040000	13324000
118	12433000	12831000	13039000	13326000
119	12431000	12829000	13038000	13324000
120	12431000	12831000	13038000	13324000
121	12432000	12831000	13040000	13326000
122	12431000	12830000	13038000	13324000
123	12432000	12831000	13042000	13324000
124	12433000	12829000	13038000	13324000
125	12431000	12829000	13040000	13323000
126	12431000	12829000	13039000	13324000
127	12431000	12829000	13039000	13325000
128	12433000	12831000	13039000	13324000
129	12432000	12831000	13037000	13325000
130	12432000	12829000	13038000	13324000
131	12430000	12829000	13037000	13326000
132	12431000	12830000	13037000	13324000
133	12431000	12830000	13040000	13324000
134	12430000	12828000	13037000	13324000
135	12430000	12828000	13038000	13323000
136	12432000	12830000	13039000	13324000
137	12429000	12828000	13037000	13323000
138	12431000	12830000	13039000	13325000
139	12430000	12831000	13039000	13323000
140	12430000	12831000	13038000	13324000
141	12431000	12830000	13040000	13324000
142	12430000	12829000	13038000	13323000
143	12432000	12832000	13038000	13325000
144	12430000	12829000	13040000	13322000
145	12431000	12830000	13038000	13324000
146	12430000	12828000	13037000	13321000
147	12431000	12828000	13039000	13323000
148	12431000	12829000	13037000	13323000
149	12431000	12830000	13039000	13324000
150	12431000	12830000	13039000	13324000
151	12431000	12829000	13038000	13323000
152	12431000	12829000	13039000	13324000
153	12432000	12831000	13038000	13325000
154	12432000	12831000	13041000	13326000
155	12430000	12829000	13040000	13323000
156	12432000	12830000	13038000	13324000
157	12434000	12833000	13041000	13326000
158	12433000	12831000	13039000	13325000
159	12433000	12832000	13039000	13325000
160	12433000	12831000	13040000	13324000
161	12433000	12831000	13041000	13325000
162	12432000	12831000	13042000	13324000
163	12434000	12831000	13040000	13326000
164	12432000	12830000	13039000	13325000
165	12432000	12831000	13040000	13324000
166	12433000	12831000	13039000	13325000
167	12433000	12832000	13040000	13325000
168	12432000	12831000	13039000	13325000
169	12433000	12831000	13040000	13326000
170	12432000	12832000	13038000	13325000
171	12431000	12831000	13038000	13323000
172	12432000	12830000	13039000	13326000
173	12432000	12829000	13038000	13324000
174	12433000	12832000	13042000	13325000
175	12433000	12831000	13039000	13325000
176	12432000	12831000	13040000	13325000
177	12432000	12830000	13041000	13326000
178	12431000	12830000	13039000	13325000
179	12432000	12832000	13041000	13325000
180	12432000	12830000	13039000	13324000
181	12433000	12831000	13041000	13326000
182	12432000	12830000	13041000	13326000
183	12433000	12830000	13040000	13325000
184	12432000	12831000	13038000	13325000
185	12434000	12831000	13038000	13327000
186	12433000	12831000	13042000	13325000
187	12433000	12831000	13038000	13325000
188	12433000	12830000	13039000	13325000
189	12432000	12831000	13039000	13326000
190	12431000	12829000	13039000	13324000
191	12432000	12831000	13040000	13325000
192	12431000	12829000	13039000	13325000
193	12433000	12831000	13040000	13327000
194	12429000	12830000	13040000	13324000
195	12431000	12830000	13040000	13325000
196	12431000	12830000	13039000	13325000
197	12433000	12831000	13040000	13326000
198	12430000	12829000	13038000	13324000
199	12432000	12832000	13042000	13326000
200	12433000	12832000	13039000	13326000
201	12430000	12830000	13039000	13324000
202	12432000	12829000	13037000	13324000
203	12432000	12829000	13040000	13326000
204	12431000	12830000	13040000	13325000
205	12431000	12830000	13038000	13324000
206	12429000	12828000	13038000	13324000
207	12430000	12828000	13036000	13323000
208	12431000	12828000	13036000	13323000
209	12431000	12829000	13036000	13323000
210	12428000	12829000	13038000	13322000
211	12430000	12829000	13038000	13323000
212	12432000	12829000	13038000	13324000
213	12432000	12830000	13039000	13325000
214	12430000	12829000	13036000	13323000
215	12432000	12829000	13037000	13325000
216	12430000	12828000	13036000	13323000
217	12430000	12829000	13036000	13324000
218	12431000	12828000	13037000	13323000
219	12430000	12829000	13037000	13323000
220	12431000	12830000	13039000	13323000
221	12430000	12828000	13038000	13323000
222	12430000	12828000	13037000	13324000
223	12432000	12829000	13038000	13325000
224	12432000	12830000	13039000	13325000
225	12430000	12829000	13038000	13324000
226	12431000	12830000	13035000	13324000
227	12432000	12830000	13038000	13325000
228	12432000	12830000	13039000	13324000
229	12431000	12829000	13037000	13321000
230	12432000	12828000	13034000	13324000
231	12431000	12829000	13038000	13323000
232	12432000	12830000	13038000	13323000
233	12430000	12830000	13039000	13323000
234	12430000	12829000	13037000	13324000
235	12429000	12830000	13039000	13324000
236	12430000	12830000	13038000	13323000
237	12430000	12830000	13040000	13323000
238	12430000	12828000	13036000	13323000
239	12432000	12831000	13038000	13325000
240	12432000	12829000	13039000	13323000
241	12431000	12829000	13037000	13323000
242	12430000	12828000	13035000	13322000
243	12430000	12829000	13036000	13323000
244	12432000	12829000	13037000	13323000
245	12431000	12827000	13035000	13324000
246	12430000	12828000	13036000	13324000
247	12431000	12828000	13038000	13323000
248	12429000	12831000	13037000	13322000
249	12432000	12831000	13039000	13325000
250	12429000	12829000	13038000	13323000
251	12431000	12829000	13039000	13324000
252	12431000	12830000	13038000	13324000
253	12432000	12830000	13038000	13325000
254	12430000	12830000	13038000	13324000
255	12431000	12828000	13037000	13324000
256	12431000	12829000	13036000	13323000
257	12432000	12830000	13036000	13325000
258	12430000	12830000	13037000	13324000
259	12432000	12829000	13040000	13325000
260	12431000	12829000	13037000	13324000
261	12431000	12830000	13039000	13323000
262	12430000	12830000	13040000	13323000
263	12433000	12830000	13039000	13326000
264	12431000	12831000	13039000	13323000
265	12433000	12830000	13040000	13326000
266	12432000	12831000	13041000	13324000
267	12431000	12829000	13037000	13324000
268	12431000	12831000	13040000	13325000
269	12430000	12829000	13039000	13323000
270	12430000	12830000	13038000	13324000
271	12432000	12829000	13039000	13324000
272	12429000	12827000	13036000	13323000
273	12431000	12830000	13039000	13324000
274	12430000	12828000	13038000	13323000
275	12431000	12829000	13039000	13323000
276	12429000	12829000	13038000	13324000
277	12432000	12830000	13039000	13324000
278	12431000	12829000	13037000	13324000
279	12430000	12829000	13036000	13324000
280	12430000	12829000	13040000	13325000
281	12432000	12830000	13038000	13325000
282	12432000	12830000	13037000	13325000
283	12432000	12830000	13039000	13325000
284	12431000	12829000	13038000	13323000
285	12432000	12831000	13039000	13325000
286	12432000	12831000	13039000	13326000
287	12433000	12832000	13040000	13326000
288	12432000	12829000	13037000	13324000
289	12433000	12831000	13040000	13325000
290	12432000	12830000	13040000	13323000
291	12433000	12832000	13040000	13326000
292	12433000	12836000	13039000	13324000
293	12432000	12830000	13040000	13325000
294	12432000	12829000	13037000	13324000
295	12431000	12831000	13038000	13325000
296	12430000	12829000	13039000	13323000
297	12432000	12830000	13040000	13324000
298	12432000	12829000	13038000	13325000
299	12431000	12830000	13039000	13324000
300	12431000	12829000	13038000	13324000
301	12433000	12831000	13040000	13325000
302	12434000	12831000	13040000	13325000
303	12434000	12831000	13039000	13327000
304	12433000	12830000	13039000	13326000
305	12432000	12831000	13038000	13324000
306	12431000	12828000	13036000	13323000
307	12431000	12830000	13039000	13324000
308	12432000	12828000	13037000	13323000
309	12430000	12828000	13038000	13323000
310	12431000	12828000	13036000	13323000
311	12431000	12829000	13037000	13324000
312	12431000	12830000	13038000	13325000
313	12431000	12830000	13039000	13323000
314	12431000	12830000	13040000	13324000
315	12431000	12830000	13039000	13322000
316	12428000	12827000	13036000	13322000
317	12431000	12829000	13035000	13325000
318	12430000	12828000	13036000	13324000
319	12431000	12829000	13039000	13324000
320	12431000	12829000	13036000	13324000
321	12430000	12831000	13038000	13323000
322	12432000	12831000	13039000	13324000
323	12431000	12830000	13036000	13324000
324	12430000	12828000	13037000	13323000
325	12432000	12829000	13037000	13325000
326	12431000	12830000	13039000	13324000
327	12432000	12830000	13037000	13324000
328	12432000	12829000	13034000	13324000
329	12432000	12829000	13035000	13324000
330	12431000	12831000	13038000	13325000
331	12430000	12830000	13038000	13323000
332	12430000	12828000	13035000	13323000
333	12432000	12832000	13040000	13324000
334	12431000	12829000	13038000	13324000
335	12431000	12831000	13040000	13324000
336	12433000	12831000	13037000	13325000
337	12432000	12829000	13037000	13324000
338	12432000	12830000	13038000	13324000
339	12432000	12831000	13039000	13324000
340	12431000	12829000	13039000	13323000
341	12431000	12830000	13037000	13326000
342	12430000	12827000	13036000	13323000
343	12430000	12828000	13037000	13323000
344	12431000	12827000	13037000	13322000
345	12431000	12830000	13037000	13324000
346	12430000	12827000	13035000	13323000
347	12431000	12829000	13037000	13324000
348	12432000	12828000	13037000	13325000
349	12430000	12830000	13039000	13323000
350	12431000	12828000	13038000	13324000
351	12431000	12828000	13037000	13323000
352	12431000	12828000	13037000	13323000
353	12432000	12831000	13039000	13325000
354	12431000	12830000	13038000	13323000
355	12431000	12830000	13038000	13323000
356	12431000	12830000	13037000	13324000
357	12431000	12829000	13037000	13323000
358	12431000	12830000	13037000	13324000
359	12430000	12829000	13036000	13324000
360	12431000	12829000	13037000	13323000
361	12430000	12829000	13038000	13323000
362	12431000	12828000	13037000	13324000
363	12431000	12830000	13039000	13324000
364	12430000	12829000	13038000	13323000
365	12431000	12829000	13037000	13323000
366	12431000	12830000	13040000	13324000
367	12430000	12829000	13038000	13323000
368	12429000	12829000	13038000	13323000
369	12433000	12830000	13039000	13324000
370	12431000	12830000	13038000	13323000
371	12429000	12829000	13038000	13322000
372	12432000	12829000	13038000	13326000
373	12431000	12830000	13040000	13323000
374	12431000	12830000	13038000	13324000
375	12430000	12829000	13036000	13324000
376	12431000	12829000	13036000	13323000
377	12430000	12829000	13038000	13323000
378	12430000	12827000	13037000	13322000
379	12430000	12828000	13039000	13323000
380	12430000	12829000	13036000	13324000
381	12429000	12828000	13038000	13322000
382	12429000	12828000	13038000	13322000
383	12432000	12830000	13038000	13323000
384	12430000	12828000	13036000	13323000
385	12431000	12829000	13036000	13323000
386	12430000	12829000	13037000	13322000
387	12430000	12828000	13037000	13322000
388	12432000	12831000	13038000	13325000
389	12432000	12829000	13039000	13325000
390	12432000	12830000	13039000	13325000
391	12432000	12829000	13039000	13325000
392	12433000	12831000	13039000	13326000
393	12430000	12828000	13036000	13323000
394	12430000	12828000	13037000	13325000
395	12430000	12829000	13037000	13323000
396	12430000	12830000	13039000	13324000
397	12432000	12830000	13038000	13325000
398	12431000	12830000	13037000	13324000
399	12432000	12829000	13040000	13324000
400	12431000	12830000	13039000	13323000
401	12432000	12831000	13041000	13326000
402	12432000	12830000	13039000	13324000
403	12432000	12830000	13039000	13324000
404	12432000	12830000	13039000	13324000
405	12431000	12829000	13038000	13324000
406	12431000	12829000	13038000	13323000
407	12431000	12831000	13039000	13324000
408	12431000	12829000	13038000	13324000
409	12432000	12830000	13037000	13325000
410	12433000	12830000	13038000	13325000
411	12433000	12832000	13041000	13326000
412	12431000	12830000	13040000	13324000
413	12432000	12830000	13039000	13326000
414	12431000	12829000	13036000	13324000
415	12431000	12830000	13039000	13326000
416	12431000	12830000	13037000	13323000
417	12433000	12830000	13038000	13326000
418	12431000	12829000	13039000	13324000
419	12431000	12830000	13039000	13323000
420	12431000	12830000	13039000	13325000
421	12431000	12829000	13037000	13324000
422	12431000	12829000	13039000	13324000
423	12432000	12830000	13038000	13325000
424	12431000	12829000	13038000	13323000
425	12431000	12830000	13040000	13324000
426	12432000	12829000	13036000	13324000
427	12432000	12831000	13039000	13324000
428	12430000	12829000	13038000	13323000
429	12432000	12830000	13038000	13325000
430	12431000	12828000	13036000	13325000
431	12432000	12831000	13039000	13325000
432	12429000	12829000	13040000	13321000
433	12429000	12830000	13037000	13323000
434	12429000	12828000	13038000	13322000
435	12428000	12828000	13035000	13321000
436	12428000	12829000	13037000	13322000
437	12429000	12830000	13038000	13322000
438	12428000	12829000	13038000	13321000
439	12428000	12828000	13036000	13322000
440	12429000	12830000	13036000	13323000
441	12429000	12826000	13036000	13322000
442	12430000	12829000	13036000	13324000
443	12429000	12828000	13036000	13322000
444	12431000	12828000	13034000	13325000
445	12431000	12829000	13036000	13325000
446	12431000	12829000	13038000	13324000
447	12432000	12831000	13040000	13326000
448	12433000	12830000	13038000	13325000
449	12432000	12829000	13038000	13326000
450	12431000	12829000	13039000	13325000
451	12430000	12830000	13038000	13324000
452	12431000	12830000	13037000	13324000
453	12432000	12830000	13038000	13325000
454	12432000	12831000	13040000	13325000
455	12431000	12831000	13039000	13323000
456	12432000	12830000	13036000	13324000
457	12430000	12830000	13038000	13324000
458	12429000	12829000	13037000	13322000
459	12431000	12830000	13036000	13324000
460	12431000	12829000	13037000	13323000
461	12429000	12828000	13039000	13323000
462	12431000	12829000	13039000	13326000
463	12430000	12829000	13037000	13323000
464	12430000	12828000	13038000	13322000
465	12432000	12830000	13040000	13323000
466	12432000	12830000	13038000	13325000
467	12431000	12831000	13039000	13324000
468	12430000	12828000	13037000	13322000
469	12431000	12830000	13038000	13323000
470	12432000	12830000	13038000	13325000
471	12432000	12831000	13039000	13324000
472	12431000	12830000	13039000	13324000
473	12430000	12829000	13039000	13323000
474	12430000	12830000	13038000	13324000
475	12432000	12830000	13038000	13325000
476	12432000	12830000	13039000	13326000
477	12433000	12830000	13038000	13325000
478	12430000	12828000	13035000	13324000
479	12431000	12830000	13038000	13325000
480	12431000	12830000	13039000	13324000
481	12431000	12830000	13039000	13324000
482	12431000	12829000	13038000	13326000
483	12430000	12832000	13040000	13324000
484	12431000	12829000	13037000	13325000
485	12431000	12828000	13038000	13324000
486	12431000	12829000	13038000	13324000
487	12431000	12829000	13038000	13324000
488	12430000	12830000	13038000	13323000
489	12430000	12829000	13039000	13324000
490	12431000	12828000	13034000	13324000
491	12431000	12829000	13037000	13323000
492	12431000	12830000	13038000	13325000
493	12433000	12831000	13039000	13326000
494	12430000	12830000	13038000	13323000
495	12431000	12829000	13037000	13324000
496	12430000	12829000	13036000	13324000
497	12431000	12830000	13038000	13325000
498	12432000	12830000	13036000	13325000
499	12432000	12829000	13038000	13325000

============================================================
# BITSTREAM: 1ms_101etapas.bit
# VENTANA: 1ms
# ETAPAS_PRINCIPAL: 101
# NUM_MUESTRAS: 500
# FORMATO: idx	freq1_hz	freq2_hz	freq3_hz	freq4_hz
============================================================
idx	freq1_hz	freq2_hz	freq3_hz	freq4_hz
0	8428000	8930000	8203000	9604000
1	8430000	8930000	8204000	9605000
2	8428000	8930000	8204000	9608000
3	8430000	8930000	8205000	9605000
4	8430000	8930000	8204000	9608000
5	8428000	8930000	8205000	9605000
6	8427000	8930000	8203000	9604000
7	8428000	8930000	8204000	9604000
8	8428000	8928000	8203000	9605000
9	8428000	8928000	8204000	9604000
10	8428000	8930000	8202000	9605000
11	8429000	8930000	8204000	9605000
12	8429000	8930000	8203000	9605000
13	8429000	8930000	8204000	9604000
14	8429000	8930000	8203000	9604000
15	8429000	8930000	8204000	9605000
16	8428000	8930000	8203000	9605000
17	8429000	8930000	8205000	9605000
18	8428000	8930000	8203000	9605000
19	8430000	8930000	8204000	9605000
20	8427000	8930000	8203000	9604000
21	8429000	8930000	8204000	9605000
22	8428000	8930000	8203000	9604000
23	8427000	8930000	8203000	9604000
24	8427000	8930000	8202000	9605000
25	8429000	8928000	8204000	9604000
26	8427000	8930000	8203000	9604000
27	8429000	8930000	8204000	9604000
28	8429000	8928000	8203000	9604000
29	8428000	8930000	8204000	9604000
30	8428000	8928000	8203000	9604000
31	8429000	8930000	8204000	9605000
32	8430000	8930000	8203000	9605000
33	8428000	8930000	8204000	9604000
34	8430000	8930000	8203000	9604000
35	8430000	8930000	8204000	9605000
36	8430000	8930000	8203000	9605000
37	8429000	8930000	8204000	9605000
38	8429000	8930000	8203000	9605000
39	8429000	8930000	8203000	9604000
40	8430000	8930000	8202000	9605000
41	8429000	8928000	8203000	9604000
42	8429000	8930000	8203000	9604000
43	8429000	8930000	8203000	9605000
44	8428000	8928000	8202000	9605000
45	8429000	8928000	8204000	9604000
46	8429000	8930000	8203000	9605000
47	8428000	8928000	8203000	9604000
48	8429000	8928000	8203000	9604000
49	8428000	8928000	8203000	9604000
50	8429000	8930000	8204000	9604000
51	8428000	8930000	8204000	9605000
52	8428000	8930000	8202000	9605000
53	8427000	8930000	8203000	9604000
54	8428000	8930000	8202000	9605000
55	8430000	8930000	8204000	9604000
56	8429000	8930000	8202000	9605000
57	8430000	8930000	8204000	9605000
58	8429000	8930000	8203000	9604000
59	8430000	8930000	8204000	9605000
60	8430000	8930000	8203000	9605000
61	8428000	8930000	8204000	9605000
62	8429000	8930000	8203000	9605000
63	8431000	8932000	8204000	9608000
64	8429000	8930000	8202000	9605000
65	8428000	8928000	8203000	9605000
66	8428000	8928000	8203000	9604000
67	8431000	8930000	8203000	9604000
68	8428000	8930000	8203000	9604000
69	8429000	8930000	8204000	9604000
70	8429000	8930000	8203000	9605000
71	8428000	8928000	8203000	9604000
72	8427000	8930000	8202000	9604000
73	8428000	8928000	8203000	9605000
74	8428000	8930000	8202000	9605000
75	8428000	8928000	8204000	9604000
76	8428000	8928000	8202000	9604000
77	8429000	8928000	8203000	9605000
78	8429000	8930000	8204000	9604000
79	8427000	8928000	8204000	9605000
80	8428000	8928000	8203000	9605000
81	8430000	8930000	8204000	9605000
82	8427000	8930000	8202000	9605000
83	8429000	8930000	8203000	9605000
84	8427000	8928000	8201000	9604000
85	8427000	8928000	8204000	9604000
86	8427000	8928000	8202000	9605000
87	8428000	8930000	8203000	9605000
88	8429000	8930000	8203000	9604000
89	8427000	8928000	8203000	9604000
90	8429000	8930000	8203000	9604000
91	8429000	8930000	8203000	9605000
92	8427000	8928000	8202000	9604000
93	8429000	8930000	8203000	9604000
94	8429000	8928000	8203000	9605000
95	8428000	8928000	8203000	9605000
96	8427000	8928000	8202000	9605000
97	8426000	8928000	8203000	9605000
98	8429000	8930000	8203000	9605000
99	8427000	8928000	8204000	9604000
100	8427000	8928000	8203000	9605000
101	8428000	8928000	8203000	9605000
102	8427000	8928000	8202000	9605000
103	8428000	8928000	8203000	9605000
104	8430000	8928000	8202000	9605000
105	8428000	8928000	8204000	9605000
106	8428000	8928000	8203000	9605000
107	8426000	8930000	8204000	9604000
108	8428000	8928000	8203000	9604000
109	8426000	8928000	8203000	9605000
110	8429000	8930000	8203000	9604000
111	8427000	8928000	8203000	9605000
112	8428000	8928000	8203000	9605000
113	8429000	8930000	8203000	9604000
114	8429000	8928000	8203000	9604000
115	8427000	8930000	8204000	9604000
116	8427000	8928000	8202000	9605000
117	8428000	8928000	8202000	9605000
118	8427000	8928000	8202000	9605000
119	8427000	8928000	8203000	9605000
120	8426000	8926000	8202000	9604000
121	8427000	8928000	8203000	9605000
122	8429000	8930000	8203000	9604000
123	8426000	8928000	8202000	9605000
124	8427000	8928000	8202000	9605000
125	8428000	8930000	8203000	9604000
126	8428000	8928000	8203000	9605000
127	8428000	8928000	8203000	9605000
128	8428000	8928000	8202000	9604000
129	8428000	8928000	8203000	9605000
130	8427000	8928000	8202000	9605000
131	8428000	8928000	8203000	9605000
132	8427000	8928000	8202000	9604000
133	8428000	8928000	8203000	9605000
134	8426000	8928000	8201000	9605000
135	8429000	8928000	8203000	9604000
136	8428000	8928000	8203000	9604000
137	8427000	8928000	8203000	9604000
138	8428000	8930000	8203000	9605000
139	8428000	8928000	8203000	9605000
140	8427000	8928000	8202000	9605000
141	8427000	8928000	8203000	9604000
142	8427000	8928000	8203000	9604000
143	8427000	8928000	8202000	9604000
144	8428000	8930000	8202000	9604000
145	8428000	8928000	8204000	9605000
146	8426000	8928000	8202000	9604000
147	8427000	8928000	8204000	9605000
148	8427000	8928000	8202000	9605000
149	8427000	8928000	8203000	9604000
150	8427000	8928000	8202000	9604000
151	8429000	8928000	8204000	9604000
152	8427000	8928000	8202000	9605000
153	8428000	8928000	8203000	9605000
154	8429000	8928000	8203000	9604000
155	8428000	8928000	8204000	9604000
156	8429000	8930000	8203000	9605000
157	8428000	8930000	8203000	9604000
158	8428000	8930000	8204000	9605000
159	8429000	8930000	8204000	9604000
160	8429000	8928000	8203000	9604000
161	8428000	8928000	8204000	9604000
162	8428000	8930000	8203000	9604000
163	8427000	8928000	8203000	9604000
164	8426000	8930000	8201000	9605000
165	8429000	8928000	8204000	9605000
166	8428000	8928000	8203000	9605000
167	8428000	8928000	8203000	9605000
168	8429000	8930000	8202000	9604000
169	8427000	8928000	8204000	9604000
170	8429000	8930000	8203000	9605000
171	8429000	8930000	8204000	9604000
172	8428000	8930000	8203000	9604000
173	8428000	8930000	8203000	9604000
174	8428000	8928000	8202000	9604000
175	8430000	8930000	8204000	9604000
176	8429000	8930000	8203000	9604000
177	8429000	8928000	8203000	9604000
178	8428000	8928000	8202000	9604000
179	8427000	8928000	8204000	9605000
180	8427000	8928000	8203000	9605000
181	8429000	8930000	8204000	9604000
182	8427000	8928000	8202000	9605000
183	8429000	8928000	8203000	9605000
184	8426000	8928000	8202000	9605000
185	8427000	8928000	8203000	9605000
186	8428000	8928000	8202000	9604000
187	8428000	8930000	8203000	9604000
188	8428000	8930000	8202000	9605000
189	8427000	8928000	8203000	9605000
190	8429000	8928000	8203000	9605000
191	8428000	8928000	8203000	9604000
192	8429000	8930000	8203000	9604000
193	8428000	8930000	8203000	9604000
194	8428000	8928000	8203000	9604000
195	8428000	8930000	8204000	9604000
196	8427000	8928000	8203000	9604000
197	8428000	8930000	8204000	9604000
198	8428000	8928000	8202000	9604000
199	8429000	8930000	8204000	9604000
200	8429000	8930000	8203000	9605000
201	8428000	8930000	8204000	9604000
202	8429000	8930000	8203000	9604000
203	8428000	8930000	8204000	9604000
204	8427000	8930000	8203000	9604000
205	8428000	8930000	8204000	9604000
206	8428000	8928000	8203000	9605000
207	8427000	8928000	8203000	9605000
208	8426000	8928000	8201000	9604000
209	8428000	8928000	8202000	9605000
210	8426000	8928000	8202000	9605000
211	8428000	8928000	8203000	9605000
212	8428000	8928000	8202000	9605000
213	8429000	8928000	8203000	9604000
214	8428000	8928000	8202000	9605000
215	8427000	8928000	8203000	9605000
216	8429000	8928000	8203000	9605000
217	8428000	8928000	8203000	9605000
218	8427000	8928000	8202000	9605000
219	8428000	8928000	8204000	9605000
220	8427000	8928000	8202000	9604000
221	8428000	8928000	8203000	9605000
222	8428000	8928000	8203000	9604000
223	8428000	8928000	8203000	9604000
224	8427000	8928000	8201000	9604000
225	8427000	8928000	8203000	9604000
226	8427000	8928000	8202000	9605000
227	8427000	8928000	8202000	9605000
228	8428000	8928000	8201000	9604000
229	8428000	8930000	8203000	9605000
230	8427000	8928000	8202000	9605000
231	8428000	8928000	8203000	9604000
232	8428000	8928000	8202000	9605000
233	8428000	8928000	8203000	9605000
234	8427000	8928000	8202000	9604000
235	8428000	8928000	8202000	9605000
236	8426000	8928000	8201000	9605000
237	8428000	8928000	8204000	9605000
238	8430000	8930000	8203000	9604000
239	8428000	8928000	8202000	9605000
240	8427000	8928000	8202000	9605000
241	8427000	8928000	8203000	9605000
242	8428000	8928000	8202000	9605000
243	8428000	8930000	8203000	9605000
244	8428000	8928000	8201000	9605000
245	8429000	8930000	8204000	9605000
246	8428000	8930000	8202000	9605000
247	8429000	8930000	8204000	9604000
248	8427000	8928000	8202000	9605000
249	8427000	8930000	8203000	9604000
250	8428000	8928000	8201000	9605000
251	8428000	8930000	8203000	9605000
252	8429000	8930000	8203000	9604000
253	8429000	8930000	8204000	9604000
254	8428000	8928000	8202000	9605000
255	8428000	8930000	8204000	9604000
256	8428000	8928000	8201000	9605000
257	8427000	8930000	8203000	9604000
258	8427000	8928000	8202000	9605000
259	8428000	8928000	8203000	9604000
260	8428000	8928000	8202000	9605000
261	8427000	8928000	8202000	9604000
262	8428000	8928000	8202000	9605000
263	8426000	8928000	8203000	9604000
264	8428000	8928000	8202000	9604000
265	8427000	8928000	8203000	9605000
266	8428000	8928000	8202000	9604000
267	8426000	8928000	8203000	9605000
268	8427000	8928000	8203000	9604000
269	8428000	8930000	8203000	9605000
270	8427000	8928000	8202000	9605000
271	8428000	8928000	8203000	9604000
272	8427000	8928000	8202000	9605000
273	8426000	8928000	8203000	9605000
274	8426000	8928000	8201000	9605000
275	8426000	8928000	8203000	9605000
276	8428000	8928000	8201000	9605000
277	8428000	8928000	8203000	9605000
278	8428000	8928000	8203000	9605000
279	8426000	8928000	8202000	9604000
280	8429000	8928000	8202000	9604000
281	8426000	8928000	8203000	9605000
282	8428000	8928000	8202000	9605000
283	8427000	8928000	8203000	9604000
284	8426000	8928000	8201000	9605000
285	8428000	8928000	8202000	9604000
286	8427000	8928000	8202000	9604000
287	8426000	8926000	8202000	9604000
288	8426000	8928000	8201000	9604000
289	8427000	8926000	8202000	9604000
290	8426000	8926000	8201000	9604000
291	8426000	8926000	8202000	9604000
292	8426000	8924000	8201000	9605000
293	8426000	8928000	8204000	9605000
294	8427000	8926000	8200000	9604000
295	8427000	8926000	8202000	9605000
296	8426000	8926000	8202000	9604000
297	8427000	8926000	8203000	9605000
298	8427000	8926000	8201000	9604000
299	8427000	8928000	8203000	9605000
300	8427000	8926000	8201000	9605000
301	8427000	8928000	8204000	9605000
302	8427000	8928000	8203000	9605000
303	8428000	8928000	8203000	9605000
304	8426000	8926000	8201000	9604000
305	8428000	8928000	8203000	9605000
306	8428000	8928000	8201000	9605000
307	8427000	8928000	8203000	9605000
308	8428000	8928000	8202000	9605000
309	8427000	8928000	8202000	9605000
310	8428000	8928000	8202000	9605000
311	8428000	8928000	8203000	9605000
312	8428000	8928000	8201000	9604000
313	8428000	8928000	8203000	9604000
314	8426000	8928000	8201000	9605000
315	8428000	8928000	8202000	9604000
316	8427000	8926000	8201000	9604000
317	8428000	8928000	8203000	9605000
318	8427000	8926000	8201000	9605000
319	8425000	8928000	8204000	9605000
320	8427000	8928000	8201000	9605000
321	8426000	8928000	8203000	9604000
322	8426000	8926000	8201000	9604000
323	8427000	8928000	8203000	9604000
324	8426000	8928000	8202000	9605000
325	8428000	8926000	8202000	9604000
326	8428000	8928000	8203000	9605000
327	8427000	8926000	8202000	9604000
328	8428000	8928000	8202000	9605000
329	8426000	8926000	8204000	9604000
330	8427000	8926000	8201000	9604000
331	8427000	8928000	8202000	9601000
332	8425000	8926000	8202000	9601000
333	8427000	8928000	8203000	9604000
334	8427000	8928000	8203000	9605000
335	8427000	8926000	8203000	9605000
336	8427000	8928000	8203000	9604000
337	8427000	8928000	8203000	9605000
338	8427000	8928000	8201000	9605000
339	8426000	8928000	8202000	9604000
340	8426000	8928000	8202000	9604000
341	8428000	8928000	8203000	9605000
342	8427000	8928000	8202000	9605000
343	8426000	8928000	8203000	9604000
344	8427000	8928000	8202000	9605000
345	8427000	8928000	8203000	9604000
346	8428000	8926000	8201000	9605000
347	8427000	8928000	8203000	9605000
348	8426000	8928000	8201000	9605000
349	8427000	8928000	8203000	9604000
350	8426000	8928000	8201000	9604000
351	8426000	8928000	8203000	9605000
352	8426000	8926000	8201000	9604000
353	8427000	8928000	8204000	9605000
354	8427000	8926000	8202000	9605000
355	8426000	8928000	8203000	9605000
356	8428000	8928000	8202000	9605000
357	8427000	8928000	8204000	9604000
358	8428000	8928000	8202000	9605000
359	8426000	8928000	8203000	9605000
360	8427000	8926000	8201000	9604000
361	8428000	8928000	8203000	9605000
362	8428000	8928000	8202000	9605000
363	8428000	8928000	8203000	9605000
364	8427000	8928000	8203000	9604000
365	8428000	8928000	8203000	9605000
366	8427000	8928000	8202000	9601000
367	8427000	8928000	8203000	9605000
368	8428000	8928000	8202000	9605000
369	8427000	8928000	8202000	9605000
370	8427000	8928000	8202000	9605000
371	8428000	8928000	8203000	9604000
372	8427000	8928000	8202000	9605000
373	8428000	8928000	8203000	9605000
374	8428000	8928000	8202000	9605000
375	8428000	8928000	8203000	9604000
376	8428000	8928000	8202000	9605000
377	8428000	8928000	8203000	9605000
378	8426000	8926000	8201000	9604000
379	8426000	8928000	8204000	9604000
380	8428000	8928000	8202000	9605000
381	8428000	8928000	8203000	9605000
382	8428000	8928000	8202000	9605000
383	8428000	8928000	8202000	9604000
384	8427000	8928000	8202000	9605000
385	8428000	8928000	8203000	9605000
386	8427000	8928000	8202000	9604000
387	8427000	8930000	8203000	9605000
388	8427000	8928000	8202000	9605000
389	8428000	8930000	8203000	9604000
390	8428000	8928000	8202000	9604000
391	8427000	8928000	8203000	9605000
392	8427000	8928000	8202000	9604000
393	8426000	8928000	8203000	9605000
394	8427000	8928000	8201000	9604000
395	8428000	8928000	8202000	9605000
396	8426000	8928000	8202000	9605000
397	8428000	8928000	8203000	9605000
398	8428000	8930000	8202000	9605000
399	8428000	8928000	8203000	9604000
400	8428000	8930000	8202000	9604000
401	8426000	8930000	8204000	9605000
402	8430000	8928000	8202000	9605000
403	8428000	8928000	8203000	9604000
404	8427000	8928000	8202000	9605000
405	8428000	8930000	8204000	9604000
406	8427000	8928000	8202000	9605000
407	8428000	8928000	8203000	9605000
408	8428000	8930000	8202000	9604000
409	8427000	8928000	8203000	9605000
410	8428000	8930000	8203000	9604000
411	8428000	8928000	8203000	9605000
412	8427000	8928000	8203000	9605000
413	8427000	8928000	8203000	9605000
414	8427000	8928000	8203000	9604000
415	8427000	8928000	8203000	9605000
416	8428000	8930000	8203000	9605000
417	8427000	8928000	8203000	9605000
418	8427000	8928000	8202000	9604000
419	8427000	8930000	8204000	9604000
420	8428000	8928000	8203000	9604000
421	8428000	8930000	8204000	9604000
422	8428000	8930000	8204000	9608000
423	8428000	8930000	8204000	9605000
424	8429000	8930000	8203000	9604000
425	8428000	8928000	8203000	9605000
426	8428000	8928000	8203000	9604000
427	8428000	8928000	8204000	9605000
428	8427000	8928000	8202000	9604000
429	8427000	8928000	8204000	9605000
430	8428000	8928000	8202000	9604000
431	8428000	8928000	8203000	9605000
432	8427000	8928000	8201000	9604000
433	8427000	8928000	8203000	9605000
434	8426000	8928000	8202000	9604000
435	8429000	8928000	8203000	9605000
436	8428000	8928000	8202000	9605000
437	8428000	8928000	8203000	9605000
438	8427000	8928000	8202000	9605000
439	8427000	8930000	8203000	9604000
440	8428000	8928000	8202000	9604000
441	8428000	8928000	8203000	9605000
442	8428000	8928000	8203000	9604000
443	8427000	8928000	8202000	9604000
444	8428000	8928000	8202000	9605000
445	8426000	8928000	8203000	9605000
446	8428000	8926000	8202000	9604000
447	8427000	8928000	8205000	9605000
448	8429000	8928000	8201000	9605000
449	8427000	8928000	8203000	9604000
450	8427000	8928000	8202000	9605000
451	8428000	8954000	8204000	9605000
452	8426000	8928000	8202000	9605000
453	8428000	8928000	8203000	9605000
454	8428000	8928000	8201000	9605000
455	8427000	8928000	8202000	9605000
456	8426000	8928000	8202000	9605000
457	8428000	8928000	8204000	9605000
458	8427000	8926000	8201000	9604000
459	8428000	8926000	8202000	9605000
460	8428000	8928000	8202000	9605000
461	8428000	8928000	8203000	9605000
462	8427000	8928000	8202000	9605000
463	8426000	8928000	8202000	9605000
464	8428000	8928000	8202000	9605000
465	8428000	8928000	8203000	9604000
466	8427000	8928000	8202000	9604000
467	8428000	8928000	8203000	9604000
468	8427000	8928000	8202000	9604000
469	8428000	8928000	8203000	9605000
470	8428000	8930000	8202000	9605000
471	8429000	8928000	8202000	9605000
472	8428000	8930000	8203000	9604000
473	8428000	8928000	8203000	9605000
474	8428000	8928000	8202000	9604000
475	8428000	8928000	8203000	9605000
476	8428000	8928000	8202000	9605000
477	8428000	8928000	8203000	9604000
478	8427000	8928000	8202000	9604000
479	8427000	8928000	8203000	9605000
480	8427000	8928000	8203000	9604000
481	8426000	8928000	8203000	9605000
482	8426000	8928000	8201000	9604000
483	8428000	8928000	8203000	9604000
484	8428000	8928000	8202000	9604000
485	8427000	8928000	8204000	9605000
486	8429000	8928000	8203000	9605000
487	8427000	8928000	8203000	9605000
488	8428000	8928000	8202000	9605000
489	8427000	8928000	8203000	9605000
490	8428000	8928000	8202000	9605000
491	8428000	8928000	8203000	9605000
492	8427000	8928000	8202000	9605000
493	8428000	8928000	8204000	9604000
494	8426000	8928000	8202000	9605000
495	8431000	8928000	8203000	9604000
496	8426000	8928000	8203000	9605000
497	8426000	8928000	8202000	9605000
498	8428000	8928000	8202000	9605000
499	8427000	8928000	8202000	9605000

============================================================
# BITSTREAM: 100us_3etapas.bit
# VENTANA: 100us
# ETAPAS_PRINCIPAL: 3
# NUM_MUESTRAS: 500
# FORMATO: idx	freq1_hz	freq2_hz	freq3_hz	freq4_hz
============================================================
idx	freq1_hz	freq2_hz	freq3_hz	freq4_hz
0	35190000	35190000	35190000	35190000
1	35210000	35210000	35210000	35210000
2	35200000	35200000	35200000	35200000
3	35200000	35200000	35200000	35200000
4	35200000	35200000	35200000	35200000
5	35210000	35210000	35210000	35210000
6	35210000	35210000	35210000	35210000
7	35200000	35200000	35200000	35200000
8	35210000	35210000	35210000	35210000
9	35200000	35200000	35200000	35200000
10	35200000	35200000	35200000	35200000
11	35200000	35210000	35210000	35210000
12	35210000	35210000	35210000	35210000
13	35210000	35210000	35210000	35210000
14	35210000	35210000	35210000	35210000
15	35200000	35210000	35210000	35210000
16	35200000	35200000	35200000	35200000
17	35200000	35200000	35200000	35200000
18	35210000	35210000	35210000	35210000
19	35210000	35210000	35210000	35210000
20	35190000	35190000	35190000	35190000
21	35200000	35200000	35200000	35200000
22	35210000	35210000	35210000	35210000
23	35200000	35200000	35200000	35200000
24	35210000	35200000	35200000	35200000
25	35200000	35200000	35200000	35200000
26	35210000	35200000	35200000	35200000
27	35190000	35190000	35190000	35190000
28	35190000	35190000	35190000	35190000
29	35200000	35200000	35200000	35200000
30	35190000	35190000	35190000	35190000
31	35200000	35190000	35190000	35190000
32	35200000	35200000	35200000	35200000
33	35200000	35200000	35200000	35200000
34	35200000	35200000	35200000	35200000
35	35190000	35200000	35200000	35200000
36	35200000	35210000	35210000	35210000
37	35210000	35210000	35210000	35210000
38	35200000	35200000	35200000	35200000
39	35200000	35190000	35190000	35190000
40	35200000	35200000	35200000	35200000
41	35210000	35200000	35200000	35200000
42	35190000	35190000	35190000	35190000
43	35200000	35200000	35200000	35200000
44	35210000	35210000	35210000	35210000
45	35190000	35190000	35190000	35190000
46	35190000	35190000	35830000	35190000
47	35200000	35190000	35190000	35190000
48	35200000	35200000	35200000	35200000
49	35190000	35190000	35190000	35190000
50	35200000	35200000	35200000	35200000
51	35210000	35210000	35210000	35210000
52	35210000	35210000	35210000	35210000
53	35200000	35200000	35200000	35200000
54	35200000	35200000	35200000	35200000
55	35210000	35210000	35210000	35210000
56	35200000	35200000	35200000	35200000
57	35200000	35200000	35200000	35200000
58	35210000	35210000	35210000	35210000
59	35200000	35210000	35210000	35210000
60	35190000	35190000	35190000	35190000
61	35210000	35210000	35210000	35210000
62	35200000	35200000	35200000	35200000
63	35200000	35200000	35200000	35200000
64	35200000	35200000	35200000	35200000
65	35190000	35200000	35200000	35200000
66	35200000	35190000	35190000	35190000
67	35200000	35200000	35200000	35200000
68	35210000	35200000	35200000	35200000
69	35190000	35190000	35190000	35190000
70	35200000	35190000	35190000	35190000
71	35200000	35200000	35200000	35200000
72	35210000	35210000	35210000	35210000
73	35200000	35200000	35200000	35200000
74	35210000	35210000	34570000	35210000
75	35200000	35200000	35200000	35200000
76	35200000	35200000	35200000	35200000
77	35200000	35200000	35200000	35200000
78	35200000	35210000	35210000	35200000
79	35210000	35210000	35210000	35210000
80	35210000	35210000	35210000	35210000
81	35210000	35200000	35200000	35200000
82	35190000	35190000	35190000	35190000
83	35200000	35200000	35200000	35200000
84	35210000	35210000	35210000	35210000
85	35200000	35190000	35190000	35190000
86	35210000	35210000	35210000	35210000
87	35200000	35200000	35200000	35200000
88	35200000	35200000	35200000	35200000
89	35200000	35200000	35200000	35200000
90	35200000	35200000	35200000	35200000
91	35210000	35210000	35210000	35210000
92	35200000	35200000	35200000	35200000
93	35210000	35200000	35200000	35200000
94	35210000	35210000	35210000	35210000
95	35200000	35200000	35200000	35200000
96	35200000	35210000	35210000	35210000
97	35200000	35200000	35200000	35200000
98	35210000	35210000	35210000	35210000
99	35210000	35210000	35210000	35210000
100	35200000	35200000	35200000	35200000
101	35200000	35200000	35200000	35200000
102	35200000	35210000	35210000	35210000
103	35210000	35210000	35210000	35210000
104	35210000	35210000	35210000	35210000
105	35200000	35210000	35210000	35210000
106	35200000	35200000	35200000	35200000
107	35210000	35200000	35200000	35200000
108	35210000	35210000	35210000	35210000
109	35200000	35210000	35210000	35210000
110	35210000	35210000	35210000	35210000
111	35210000	35210000	35210000	35210000
112	35200000	35210000	35210000	35210000
113	35210000	35220000	35220000	35220000
114	35210000	35210000	35210000	35210000
115	35200000	35200000	35200000	35200000
116	35200000	35210000	35210000	35210000
117	35210000	35210000	35210000	35210000
118	35200000	35190000	35190000	35200000
119	35210000	35210000	35210000	35210000
120	35210000	35220000	35220000	35220000
121	35210000	35210000	35210000	35210000
122	35210000	35210000	35210000	35210000
123	35210000	35210000	35210000	35210000
124	35210000	35210000	35210000	35210000
125	35210000	35210000	35210000	35210000
126	35200000	35210000	35210000	35210000
127	35200000	35210000	35210000	35210000
128	35200000	35200000	35200000	35200000
129	35210000	35220000	35220000	35220000
130	35220000	35220000	35220000	35220000
131	35210000	35200000	35200000	35200000
132	35210000	35210000	35210000	35210000
133	35220000	35210000	35210000	35210000
134	35210000	35210000	35210000	35210000
135	35220000	35210000	35210000	35220000
136	35210000	35210000	35210000	35210000
137	35200000	35200000	35200000	35200000
138	35210000	35210000	35210000	35210000
139	35200000	35200000	35200000	35200000
140	35200000	35210000	35210000	35210000
141	35210000	35210000	35210000	35210000
142	35210000	35210000	35210000	35210000
143	35210000	35210000	35210000	35210000
144	35200000	35200000	35200000	35200000
145	35200000	35200000	35200000	35200000
146	35210000	35210000	35210000	35210000
147	35200000	35200000	35200000	35200000
148	35190000	35190000	35830000	35190000
149	35210000	35210000	35210000	35210000
150	35190000	35190000	35190000	35190000
151	35200000	35200000	35200000	35200000
152	35190000	35190000	35190000	35190000
153	35200000	35200000	35200000	35200000
154	35200000	35200000	35200000	35200000
155	35200000	35190000	35190000	35190000
156	35200000	35200000	35200000	35200000
157	35200000	35200000	35200000	35200000
158	35200000	35200000	35200000	35200000
159	35200000	35200000	35200000	35200000
160	35200000	35200000	35200000	35200000
161	35200000	35210000	35210000	35210000
162	35200000	35200000	35200000	35200000
163	35200000	35190000	35190000	35190000
164	35200000	35200000	35200000	35200000
165	35200000	35200000	35200000	35200000
166	35200000	35200000	35200000	35200000
167	35190000	35200000	35200000	35200000
168	35210000	35210000	35210000	35210000
169	35210000	35210000	35210000	35210000
170	35200000	35200000	35200000	35200000
171	35190000	35190000	35190000	35190000
172	35190000	35190000	35190000	35190000
173	35200000	35200000	35200000	35200000
174	35200000	35190000	35830000	35190000
175	35200000	35200000	35200000	35200000
176	35200000	35200000	35200000	35200000
177	35200000	35200000	35200000	35200000
178	35190000	35200000	35200000	35200000
179	35200000	35190000	35190000	35190000
180	35200000	35200000	35200000	35200000
181	35190000	35190000	35190000	35190000
182	35200000	35200000	35200000	35200000
183	35200000	35200000	35200000	35200000
184	35200000	35200000	35200000	35200000
185	35200000	35200000	35200000	35200000
186	35200000	35190000	35190000	35190000
187	35200000	35200000	35200000	35200000
188	35200000	35200000	35200000	35200000
189	35200000	35210000	35210000	35210000
190	35200000	35200000	35200000	35200000
191	35200000	35200000	35200000	35200000
192	35200000	35200000	35200000	35200000
193	35200000	35200000	35200000	35200000
194	35200000	35200000	35200000	35200000
195	35210000	35200000	35200000	35210000
196	35200000	35200000	35200000	35200000
197	35200000	35200000	35200000	35200000
198	35210000	35210000	35210000	35210000
199	35200000	35200000	35200000	35200000
200	35190000	35190000	35190000	35190000
201	35200000	35200000	35200000	35200000
202	35200000	35200000	35200000	35200000
203	35190000	35190000	35190000	35190000
204	35200000	35200000	35200000	35200000
205	35200000	35200000	35200000	35200000
206	35200000	35200000	35200000	35200000
207	35180000	35190000	35190000	35190000
208	35200000	35200000	35200000	35200000
209	35200000	35200000	35200000	35200000
210	35210000	35200000	35200000	35210000
211	35200000	35200000	35200000	35200000
212	35200000	35200000	35200000	35200000
213	35200000	35200000	35200000	35200000
214	35200000	35190000	35190000	35190000
215	35200000	35200000	35200000	35200000
216	35200000	35200000	35200000	35220000
217	35190000	35190000	35190000	35190000
218	35210000	35200000	35200000	35210000
219	35200000	35200000	35200000	35200000
220	35200000	35200000	35200000	35200000
221	35210000	35210000	35210000	35210000
222	35210000	35210000	35210000	35210000
223	35190000	35190000	35190000	35190000
224	35200000	35200000	35200000	35200000
225	35200000	35200000	35200000	35200000
226	35200000	35210000	35210000	35210000
227	35210000	35210000	35210000	35210000
228	35200000	35200000	35200000	35200000
229	35190000	35190000	35190000	35190000
230	35210000	35200000	35200000	35200000
231	35180000	35190000	35190000	35190000
232	35190000	35190000	35190000	35190000
233	35210000	35210000	35210000	35210000
234	35210000	35210000	35210000	35210000
235	35200000	35200000	35200000	35200000
236	35210000	35210000	35210000	35210000
237	35200000	35200000	35200000	35200000
238	35190000	35190000	35190000	35190000
239	35200000	35200000	35200000	35200000
240	35210000	35200000	35200000	35210000
241	35210000	35210000	35210000	35210000
242	35210000	35210000	35210000	35210000
243	35200000	35200000	35200000	35200000
244	35210000	35210000	35210000	35210000
245	35200000	35210000	35210000	35210000
246	35200000	35200000	35200000	35200000
247	35190000	35190000	35190000	35190000
248	35200000	35200000	35200000	35200000
249	35190000	35190000	35190000	35190000
250	35200000	35200000	35200000	35200000
251	35200000	35200000	35200000	35200000
252	35200000	35190000	35190000	35190000
253	35210000	35210000	35210000	35210000
254	35200000	35200000	35200000	35200000
255	35200000	35200000	35200000	35200000
256	35200000	35200000	35200000	35200000
257	35200000	35200000	35200000	35200000
258	35200000	35190000	35190000	35200000
259	35190000	35190000	35190000	35190000
260	35200000	35200000	34560000	35200000
261	35200000	35200000	35200000	35200000
262	35210000	35210000	35210000	35210000
263	35210000	35210000	35210000	35210000
264	35200000	35200000	35200000	35200000
265	35200000	35200000	35200000	35200000
266	35210000	35210000	35210000	35210000
267	35200000	35200000	35200000	35200000
268	35200000	35200000	35200000	35200000
269	35200000	35200000	35200000	35200000
270	35200000	35200000	35200000	35200000
271	35200000	35200000	35200000	35200000
272	35200000	35200000	35200000	35200000
273	35200000	35210000	35210000	35210000
274	35200000	35200000	35200000	35200000
275	35200000	35200000	35200000	35200000
276	35210000	35210000	35210000	35210000
277	35200000	35200000	35200000	35200000
278	35190000	35200000	35200000	35200000
279	35200000	35200000	35200000	35200000
280	35200000	35210000	35210000	35210000
281	35190000	35200000	35200000	35200000
282	35200000	35200000	35200000	35200000
283	35200000	35200000	35200000	35200000
284	35210000	35210000	35210000	35210000
285	35200000	35200000	35200000	35200000
286	35210000	35210000	35210000	35210000
287	35190000	35190000	35190000	35190000
288	35210000	35200000	35200000	35200000
289	35200000	35200000	35200000	35200000
290	35200000	35200000	35200000	35200000
291	35190000	35190000	35190000	35190000
292	35190000	35200000	35200000	35200000
293	35190000	35190000	35190000	35190000
294	35190000	35200000	35200000	35200000
295	35190000	35200000	35200000	35200000
296	35190000	35190000	35190000	35190000
297	35200000	35200000	35200000	35200000
298	35210000	35210000	35210000	35210000
299	35200000	35200000	35200000	35200000
300	35180000	35180000	35180000	35180000
301	35210000	35210000	35210000	35210000
302	35200000	35200000	35200000	35200000
303	35200000	35200000	35200000	35200000
304	35200000	35200000	35200000	35200000
305	35210000	35200000	35200000	35200000
306	35200000	35210000	35210000	35200000
307	35190000	35190000	35190000	35190000
308	35200000	35200000	35200000	35200000
309	35200000	35200000	35200000	35200000
310	35200000	35210000	35210000	35210000
311	35200000	35200000	35200000	35200000
312	35190000	35190000	35190000	35190000
313	35210000	35200000	35200000	35200000
314	35190000	35190000	35190000	35190000
315	35200000	35200000	35200000	35200000
316	35190000	35190000	35190000	35190000
317	35200000	35200000	35200000	35200000
318	35190000	35190000	35190000	35190000
319	35200000	35200000	35200000	35200000
320	35200000	35200000	35200000	35200000
321	35200000	35200000	35200000	35200000
322	35200000	35200000	35200000	35200000
323	35200000	35200000	35200000	35200000
324	35210000	35210000	35210000	35210000
325	35200000	35200000	35200000	35200000
326	35200000	35200000	35200000	35200000
327	35200000	35200000	35200000	35200000
328	35200000	35200000	35200000	35200000
329	35210000	35210000	35210000	35210000
330	35200000	35200000	35200000	35200000
331	35200000	35200000	35200000	35200000
332	35200000	35210000	35210000	35210000
333	35200000	35200000	35200000	35200000
334	35200000	35200000	35200000	35200000
335	35190000	35190000	35190000	35190000
336	35190000	35190000	35190000	35190000
337	35210000	35210000	35210000	35210000
338	35200000	35210000	35210000	35210000
339	35210000	35210000	35210000	35210000
340	35210000	35210000	35210000	35210000
341	35200000	35200000	35200000	35200000
342	35210000	35210000	35210000	35210000
343	35210000	35210000	35210000	35210000
344	35220000	35210000	35210000	35210000
345	35210000	35210000	35210000	35210000
346	35200000	35200000	35200000	35200000
347	35200000	35200000	35200000	35200000
348	35210000	35210000	35210000	35210000
349	35200000	35200000	35200000	35200000
350	35210000	35210000	35210000	35210000
351	35200000	35200000	35200000	35200000
352	35210000	35210000	35210000	35210000
353	35210000	35210000	35210000	35210000
354	35200000	35200000	35200000	35200000
355	35210000	35200000	35200000	35200000
356	35210000	35200000	35200000	35200000
357	35210000	35210000	35210000	35210000
358	35210000	35210000	35210000	35210000
359	35200000	35200000	35200000	35200000
360	35200000	35200000	35200000	35200000
361	35210000	35210000	35210000	35210000
362	35200000	35200000	35200000	35200000
363	35200000	35200000	35200000	35200000
364	35200000	35200000	35200000	35200000
365	35210000	35210000	35210000	35210000
366	35200000	35200000	35200000	35200000
367	35200000	35200000	35200000	35200000
368	35200000	35200000	35200000	35200000
369	35210000	35210000	35210000	35210000
370	35190000	35190000	35190000	35190000
371	35210000	35210000	35210000	35210000
372	35210000	35210000	35210000	35210000
373	35210000	35210000	35210000	35210000
374	35210000	35210000	35210000	35210000
375	35220000	35220000	35220000	35220000
376	35190000	35190000	35190000	35190000
377	35200000	35200000	35200000	35200000
378	35200000	35200000	35200000	35200000
379	35210000	35200000	35200000	35200000
380	35210000	35200000	35200000	35200000
381	35200000	35200000	35200000	35200000
382	35200000	35200000	35200000	35200000
383	35200000	35200000	35200000	35200000
384	35190000	35190000	35190000	35190000
385	35200000	35210000	35210000	35200000
386	35200000	35200000	35200000	35200000
387	35200000	35200000	35200000	35200000
388	35190000	35190000	35190000	35190000
389	35210000	35210000	35210000	35210000
390	35190000	35190000	35190000	35190000
391	35200000	35200000	35200000	35200000
392	35200000	35210000	35200000	35200000
393	35200000	35200000	35200000	35200000
394	35200000	35200000	35200000	35200000
395	35200000	35200000	35200000	35200000
396	35200000	35200000	35200000	35200000
397	35190000	35190000	35190000	35190000
398	35200000	35200000	35200000	35200000
399	35210000	35200000	35200000	35200000
400	35200000	35200000	35200000	35200000
401	35210000	35210000	35210000	35210000
402	35210000	35210000	35210000	35210000
403	35200000	35200000	35200000	35200000
404	35200000	35200000	35200000	35200000
405	35210000	35210000	35210000	35210000
406	35200000	35200000	35200000	35200000
407	35200000	35200000	35200000	35200000
408	35190000	35200000	35200000	35190000
409	35190000	35200000	35200000	35200000
410	35200000	35200000	35200000	35200000
411	35200000	35200000	35200000	35200000
412	35200000	35200000	35200000	35200000
413	35200000	35200000	35200000	35200000
414	35190000	35200000	35200000	35200000
415	35200000	35200000	35200000	35200000
416	35200000	35200000	35200000	35200000
417	35200000	35200000	35200000	35200000
418	35200000	35200000	35200000	35200000
419	35200000	35200000	35200000	35200000
420	35210000	35210000	35210000	35210000
421	35210000	35210000	35210000	35210000
422	35220000	35210000	35210000	35210000
423	35200000	35200000	35200000	35200000
424	35210000	35210000	35210000	35210000
425	35200000	35210000	35210000	35210000
426	35210000	35210000	35210000	35210000
427	35200000	35200000	35200000	35200000
428	35210000	35200000	35200000	35200000
429	35210000	35210000	35210000	35210000
430	35210000	35210000	35210000	35210000
431	35200000	35200000	35200000	35200000
432	35200000	35200000	35200000	35200000
433	35220000	35220000	35220000	35220000
434	35200000	35200000	35200000	35200000
435	35200000	35210000	35210000	35210000
436	35210000	35210000	35210000	35210000
437	35200000	35200000	35200000	35200000
438	35210000	35210000	35210000	35210000
439	35200000	35200000	35200000	35200000
440	35210000	35200000	35200000	35200000
441	35210000	35210000	35210000	35210000
442	35210000	35210000	35210000	35210000
443	35210000	35200000	35200000	35200000
444	35200000	35200000	35200000	35200000
445	35180000	35180000	35180000	35180000
446	35190000	35200000	35200000	35200000
447	35210000	35210000	35210000	35210000
448	35200000	35200000	35200000	35200000
449	35200000	35200000	35200000	35200000
450	35200000	35200000	35200000	35200000
451	35200000	35200000	35200000	35200000
452	35210000	35200000	35200000	35200000
453	35190000	35200000	35200000	35200000
454	35200000	35200000	35200000	35200000
455	35200000	35200000	35200000	35200000
456	35210000	35210000	35210000	35210000
457	35200000	35200000	35200000	35200000
458	35210000	35210000	35210000	35210000
459	35200000	35200000	35200000	35200000
460	35200000	35200000	35200000	35200000
461	35200000	35200000	35200000	35200000
462	35200000	35200000	35200000	35200000
463	35200000	35200000	35200000	35200000
464	35190000	35200000	35200000	35200000
465	35200000	35200000	35200000	35200000
466	35190000	35200000	35200000	35200000
467	35200000	35210000	35210000	35210000
468	35210000	35200000	35200000	35200000
469	35200000	35200000	35200000	35200000
470	35200000	35200000	35200000	35200000
471	35200000	35200000	35200000	35200000
472	35200000	35200000	35200000	35200000
473	35200000	35200000	35200000	35200000
474	35200000	35200000	35200000	35200000
475	35210000	35210000	35210000	35210000
476	35200000	35200000	35200000	35200000
477	35210000	35210000	35210000	35210000
478	35200000	35200000	35200000	35200000
479	35210000	35200000	35200000	35210000
480	35200000	35200000	35200000	35200000
481	35210000	35210000	35210000	35210000
482	35210000	35210000	35210000	35210000
483	35200000	35200000	35200000	35200000
484	35200000	35210000	35210000	35200000
485	35200000	35190000	35190000	35190000
486	35200000	35200000	35200000	35200000
487	35210000	35210000	35210000	35210000
488	35200000	35200000	35200000	35200000
489	35200000	35190000	35190000	35200000
490	35210000	35210000	35210000	35210000
491	35200000	35210000	35210000	35210000
492	35200000	35200000	35200000	35200000
493	35210000	35210000	35210000	35210000
494	35200000	35210000	35210000	35210000
495	35210000	35210000	35210000	35210000
496	35210000	35210000	35210000	35210000
497	35200000	35200000	35200000	35200000
498	35210000	35210000	35210000	35210000
499	35200000	35200000	35200000	35200000

============================================================
# BITSTREAM: 100us_5etapas.bit
# VENTANA: 100us
# ETAPAS_PRINCIPAL: 5
# NUM_MUESTRAS: 500
# FORMATO: idx	freq1_hz	freq2_hz	freq3_hz	freq4_hz
============================================================
idx	freq1_hz	freq2_hz	freq3_hz	freq4_hz
0	0	33310000	33100000	33170000
1	33310000	33310000	33080000	33160000
2	33330000	33320000	33100000	33170000
3	33320000	33320000	33060000	33140000
4	33310000	33310000	33110000	33170000
5	33330000	33330000	33060000	33150000
6	33330000	33320000	33110000	33180000
7	33320000	33320000	33070000	33160000
8	33340000	33340000	33060000	33160000
9	33320000	33320000	33080000	33160000
10	33330000	33330000	33070000	33150000
11	33310000	33320000	33110000	33180000
12	33340000	33340000	33060000	33150000
13	33340000	33340000	33020000	33120000
14	33320000	33320000	33080000	33160000
15	33340000	33340000	33010000	33120000
16	33320000	33320000	33070000	33150000
17	33310000	33310000	33110000	33170000
18	33330000	33330000	33080000	33170000
19	33320000	33320000	33080000	33160000
20	33300000	33310000	33130000	33190000
21	33320000	33320000	33070000	33160000
22	33310000	33310000	33130000	33200000
23	33310000	33310000	33080000	33150000
24	33330000	33320000	33080000	33160000
25	33300000	33300000	33130000	33190000
26	33320000	33320000	33090000	33160000
27	33340000	33340000	33030000	33140000
28	33330000	33330000	33040000	33130000
29	33310000	33310000	33140000	33190000
30	33340000	33340000	32980000	33100000
31	33340000	33340000	33040000	33140000
32	33330000	33320000	33060000	33150000
33	33330000	33330000	33060000	33150000
34	33310000	33310000	33050000	33130000
35	33340000	33340000	33030000	33130000
36	33300000	33300000	33120000	33180000
37	33320000	33320000	33070000	33160000
38	33340000	33340000	33010000	33120000
39	33340000	33340000	33010000	33120000
40	33340000	33340000	33030000	33140000
41	33330000	33330000	33010000	33120000
42	33330000	33330000	33030000	33130000
43	33320000	33310000	33100000	33170000
44	33320000	33320000	33090000	33180000
45	33320000	33320000	33080000	33160000
46	33330000	33330000	33050000	33140000
47	33310000	33310000	33100000	33170000
48	33320000	33320000	33080000	33160000
49	33330000	33330000	33040000	33130000
50	33330000	33330000	33090000	33170000
51	33330000	33330000	33060000	33160000
52	33310000	33310000	33110000	33170000
53	33330000	33330000	33060000	33150000
54	33320000	33320000	33100000	33180000
55	33330000	33330000	33020000	33130000
56	33320000	33320000	33060000	33140000
57	33340000	33340000	33010000	33120000
58	33310000	33310000	33100000	33180000
59	33310000	33320000	33080000	33160000
60	33320000	33320000	33050000	33140000
61	33300000	33300000	33130000	33190000
62	33320000	33320000	33070000	33160000
63	33320000	33320000	33100000	33180000
64	33320000	33320000	33080000	33160000
65	33360000	33350000	32960000	33090000
66	33340000	33340000	33030000	33130000
67	33320000	33320000	33030000	33120000
68	33350000	33350000	33020000	33130000
69	33320000	33320000	33090000	33170000
70	33300000	33300000	33140000	33190000
71	33320000	33320000	33070000	33150000
72	33320000	33320000	33080000	33170000
73	33300000	33300000	33120000	33180000
74	33330000	33330000	33040000	33130000
75	33320000	33330000	33030000	33130000
76	33320000	33320000	33040000	33130000
77	33320000	33320000	33080000	33160000
78	33330000	33320000	33060000	33140000
79	33340000	33340000	33030000	33140000
80	33330000	33330000	33070000	33150000
81	33330000	33330000	33030000	33130000
82	33350000	33350000	33020000	33130000
83	33320000	33320000	33060000	33140000
84	33320000	33320000	33080000	33160000
85	33350000	33340000	33020000	33130000
86	33350000	33350000	32960000	33090000
87	33350000	33350000	32990000	33110000
88	33320000	33320000	33080000	33160000
89	33320000	33320000	33080000	33160000
90	33360000	33360000	32970000	33100000
91	33330000	33330000	33060000	33150000
92	33350000	33350000	32970000	33100000
93	33330000	33330000	33070000	33160000
94	33350000	33350000	32990000	33110000
95	33350000	33350000	32990000	33110000
96	33340000	33340000	33010000	33120000
97	33370000	33370000	32950000	33090000
98	33350000	33350000	32960000	33090000
99	33320000	33320000	33100000	33170000
100	33340000	33340000	33090000	33170000
101	33340000	33340000	33050000	33140000
102	33330000	33330000	33100000	33180000
103	33340000	33340000	33040000	33140000
104	33340000	33340000	33020000	33120000
105	33340000	33350000	33020000	33130000
106	33330000	33320000	33050000	33140000
107	33340000	33340000	33090000	33180000
108	33310000	33310000	33100000	33170000
109	33330000	33330000	33080000	33160000
110	33320000	33320000	33110000	33180000
111	33320000	33320000	33070000	33160000
112	33300000	33300000	33110000	33180000
113	33310000	33310000	33100000	33170000
114	33320000	33320000	33060000	33140000
115	33340000	33340000	32990000	33100000
116	33340000	33340000	33060000	33160000
117	33330000	33330000	33060000	33150000
118	33320000	33320000	33100000	33170000
119	33330000	33330000	33010000	33110000
120	33320000	33320000	33060000	33140000
121	33330000	33330000	33020000	33120000
122	33330000	33320000	33080000	33160000
123	33310000	33310000	33090000	33160000
124	33320000	33320000	33080000	33150000
125	33330000	33320000	33020000	33160000
126	33320000	33320000	33050000	33140000
127	33310000	33310000	33100000	33170000
128	33310000	33310000	33080000	33160000
129	33280000	33290000	33170000	33210000
130	33290000	33290000	33150000	33190000
131	33320000	33320000	33090000	33160000
132	33310000	33310000	33090000	33170000
133	33320000	33320000	33050000	33140000
134	33310000	33310000	33080000	33150000
135	33310000	33310000	33100000	33170000
136	33300000	33300000	33120000	33180000
137	33310000	33310000	33080000	33160000
138	33320000	33320000	33060000	33150000
139	33310000	33310000	33130000	33190000
140	33320000	33320000	33080000	33160000
141	33310000	33310000	33140000	33200000
142	33320000	33320000	33080000	33160000
143	33330000	33330000	33060000	33150000
144	33330000	33330000	33020000	33120000
145	33320000	33320000	33080000	33160000
146	33330000	33330000	33060000	33150000
147	33320000	33320000	33060000	33140000
148	33330000	33340000	33020000	33120000
149	33320000	33320000	33080000	33160000
150	33310000	33310000	33100000	33170000
151	33370000	33370000	32940000	33080000
152	33320000	33320000	33090000	33170000
153	33330000	33330000	33050000	33150000
154	33310000	33310000	33080000	33160000
155	33340000	33340000	33040000	33140000
156	33340000	33340000	33010000	33120000
157	33340000	33340000	33020000	33120000
158	33320000	33330000	33110000	33190000
159	33330000	33330000	33060000	33150000
160	33310000	33310000	33110000	33180000
161	33300000	33300000	33140000	33200000
162	33360000	33360000	32940000	33090000
163	33320000	33320000	33100000	33180000
164	33320000	33320000	33110000	33180000
165	33320000	33310000	33080000	33150000
166	33340000	33340000	33020000	33120000
167	33340000	33340000	33040000	33140000
168	33320000	33320000	33110000	33180000
169	33330000	33330000	33090000	33170000
170	33320000	33320000	33110000	33190000
171	33330000	33330000	33090000	33170000
172	33330000	33330000	33060000	33140000
173	33330000	33320000	33110000	33180000
174	33320000	33320000	33090000	33160000
175	33320000	33320000	33060000	33150000
176	33330000	33330000	33070000	33150000
177	33340000	33340000	33030000	33140000
178	33350000	33350000	33000000	33110000
179	33340000	33350000	33050000	33150000
180	33340000	33340000	33050000	33150000
181	33360000	33360000	32980000	33110000
182	33340000	33350000	33050000	33150000
183	33340000	33340000	33040000	33140000
184	33360000	33360000	32970000	33100000
185	33350000	33350000	33010000	33130000
186	33310000	33310000	33100000	33170000
187	33360000	33360000	32950000	33090000
188	33350000	33350000	33040000	33150000
189	33360000	33350000	32990000	33110000
190	33350000	33350000	32990000	33110000
191	33350000	33350000	33000000	33110000
192	33310000	33310000	33100000	33170000
193	33340000	33340000	33030000	33140000
194	33350000	33350000	32990000	33110000
195	33320000	33320000	33080000	33160000
196	33340000	33350000	32990000	33110000
197	33350000	33350000	33010000	33120000
198	33330000	33330000	33060000	33150000
199	33330000	33330000	33030000	33130000
200	33350000	33350000	32960000	33090000
201	33340000	33340000	33040000	33140000
202	33360000	33360000	32990000	33110000
203	33360000	33360000	32970000	33100000
204	33320000	33320000	33110000	33180000
205	33320000	33320000	33100000	33170000
206	33330000	33330000	33090000	33170000
207	33330000	33340000	33070000	33150000
208	33350000	33360000	32970000	33100000
209	33340000	33340000	33040000	33140000
210	33360000	33360000	32990000	33120000
211	33330000	33330000	33090000	33170000
212	33330000	33320000	33070000	33150000
213	33350000	33340000	32990000	33110000
214	33320000	33330000	33060000	33150000
215	33340000	33340000	32980000	33100000
216	33360000	33360000	33000000	33130000
217	33320000	33330000	33090000	33170000
218	33330000	33330000	33010000	33120000
219	33320000	33330000	33090000	33170000
220	33350000	33350000	32990000	33110000
221	33350000	33340000	33040000	33140000
222	33350000	33360000	32940000	33080000
223	33310000	33310000	33110000	33170000
224	33340000	33340000	33050000	33150000
225	33290000	33300000	33150000	33200000
226	33340000	33350000	33020000	33130000
227	33340000	33340000	33070000	33170000
228	33340000	33340000	33040000	33140000
229	33310000	33320000	33110000	33180000
230	33340000	33340000	33040000	33140000
231	33320000	33320000	33100000	33180000
232	33320000	33320000	33060000	33140000
233	33330000	33330000	33030000	33130000
234	33330000	33320000	33110000	33170000
235	33310000	33310000	33160000	33210000
236	33330000	33330000	33060000	33150000
237	33350000	33350000	33000000	33110000
238	33320000	33320000	33090000	33160000
239	33320000	33320000	33060000	33140000
240	33330000	33330000	33030000	33130000
241	33350000	33350000	32980000	33100000
242	33330000	33330000	33050000	33150000
243	33320000	33310000	33110000	33180000
244	33350000	33350000	32990000	33110000
245	33350000	33350000	33010000	33130000
246	33340000	33340000	33010000	33120000
247	33320000	33320000	33060000	33140000
248	33340000	33340000	33060000	33150000
249	33350000	33360000	32960000	33100000
250	33340000	33340000	33050000	33150000
251	33320000	33320000	33110000	33180000
252	33350000	33350000	32990000	33110000
253	33320000	33320000	33050000	33140000
254	33330000	33330000	33090000	33170000
255	33340000	33340000	33040000	33140000
256	33330000	33340000	33090000	33170000
257	33320000	33320000	33080000	33160000
258	33350000	33350000	33010000	33120000
259	33320000	33320000	33110000	33180000
260	33310000	33310000	33110000	33170000
261	33320000	33320000	33080000	33160000
262	33350000	33350000	33020000	33130000
263	33340000	33340000	33010000	33120000
264	33310000	33310000	33120000	33180000
265	33330000	33330000	33060000	33150000
266	33320000	33320000	33110000	33180000
267	33320000	33320000	33080000	33160000
268	33330000	33330000	33090000	33170000
269	33330000	33330000	33060000	33140000
270	33310000	33310000	33110000	33180000
271	33310000	33320000	33110000	33180000
272	33320000	33310000	33100000	33170000
273	33330000	33330000	33090000	33170000
274	33360000	33360000	33010000	33130000
275	33350000	33350000	32990000	33100000
276	33310000	33310000	33140000	33200000
277	33340000	33340000	33070000	33160000
278	33330000	33330000	33090000	33170000
279	33320000	33320000	33050000	33140000
280	33340000	33340000	33010000	33120000
281	33360000	33360000	33030000	33130000
282	33360000	33350000	32990000	33110000
283	33350000	33350000	32990000	33110000
284	33340000	33330000	33040000	33130000
285	33340000	33340000	33060000	33160000
286	33330000	33330000	33040000	33140000
287	33330000	33330000	33090000	33170000
288	33330000	33330000	33060000	33150000
289	33350000	33350000	32990000	33110000
290	33340000	33340000	33060000	33150000
291	33340000	33340000	33040000	33140000
292	33340000	33340000	33020000	33130000
293	33320000	33320000	33120000	33180000
294	33340000	33340000	33020000	33130000
295	33360000	33350000	32990000	33110000
296	33330000	33330000	33060000	33150000
297	33340000	33340000	33010000	33120000
298	33340000	33350000	33020000	33130000
299	33340000	33340000	33000000	33110000
300	33360000	33360000	32990000	33120000
301	33360000	33370000	32920000	33070000
302	33350000	33350000	32990000	33110000
303	33340000	33340000	33010000	33120000
304	33340000	33340000	33010000	33120000
305	33330000	33330000	33040000	33140000
306	33350000	33350000	32940000	33080000
307	33330000	33330000	33060000	33150000
308	33350000	33350000	32940000	33070000
309	33340000	33340000	33040000	33130000
310	33360000	33360000	32920000	33060000
311	33330000	33330000	33030000	33130000
312	33360000	33350000	32960000	33090000
313	33330000	33330000	33050000	33140000
314	33350000	33350000	32980000	33110000
315	33350000	33350000	32990000	33110000
316	33350000	33350000	33010000	33130000
317	33350000	33350000	32990000	33110000
318	33350000	33350000	33000000	33120000
319	33350000	33360000	32990000	33110000
320	33340000	33340000	32990000	33110000
321	33350000	33350000	32970000	33090000
322	33380000	33380000	32920000	33080000
323	33370000	33370000	32900000	33060000
324	33390000	33390000	32890000	33050000
325	33340000	33340000	33010000	33120000
326	33320000	33320000	33050000	33150000
327	33340000	33340000	33020000	33120000
328	33350000	33340000	33020000	33130000
329	33370000	33370000	32920000	33070000
330	33360000	33360000	32950000	33100000
331	33390000	33390000	32910000	33070000
332	33360000	33360000	32970000	33100000
333	33360000	33360000	33020000	33130000
334	33350000	33350000	32990000	33110000
335	33350000	33350000	32960000	33090000
336	33350000	33350000	32960000	33090000
337	33360000	33360000	32970000	33100000
338	33350000	33350000	33020000	33130000
339	33340000	33340000	32990000	33100000
340	33340000	33340000	33080000	33170000
341	33330000	33330000	33060000	33150000
342	33370000	33370000	32920000	33070000
343	33370000	33370000	32910000	33060000
344	33360000	33360000	32970000	33100000
345	33340000	33340000	33020000	33120000
346	33330000	33330000	33060000	33150000
347	33350000	33350000	32990000	33110000
348	33370000	33360000	32950000	33080000
349	33330000	33330000	33040000	33130000
350	33360000	33360000	32940000	33080000
351	33340000	33340000	33070000	33160000
352	33360000	33360000	32970000	33100000
353	33340000	33350000	33040000	33140000
354	33340000	33340000	33010000	33120000
355	33340000	33340000	33010000	33130000
356	33330000	33330000	33060000	33150000
357	33340000	33350000	33020000	33130000
358	33350000	33360000	32940000	33080000
359	33350000	33360000	32990000	33120000
360	33340000	33340000	32980000	33100000
361	33370000	33370000	32950000	33090000
362	33350000	33350000	33020000	33130000
363	33360000	33360000	32940000	33090000
364	33340000	33340000	33010000	33120000
365	33370000	33370000	32920000	33070000
366	33350000	33350000	32960000	33090000
367	33340000	33330000	33040000	33130000
368	33350000	33350000	33020000	33130000
369	33360000	33350000	32990000	33110000
370	33340000	33340000	33030000	33130000
371	33340000	33340000	33010000	33120000
372	33360000	33360000	32950000	33090000
373	33340000	33340000	33020000	33140000
374	33330000	33330000	33040000	33130000
375	33350000	33350000	33010000	33120000
376	33360000	33360000	32990000	33120000
377	33360000	33360000	33000000	33120000
378	33370000	33380000	32900000	33060000
379	33370000	33360000	32940000	33080000
380	33350000	33350000	32990000	33110000
381	33340000	33340000	32980000	33100000
382	33340000	33340000	33000000	33120000
383	33330000	33330000	33040000	33130000
384	33350000	33350000	32990000	33110000
385	33360000	33360000	32940000	33080000
386	33330000	33330000	33020000	33120000
387	33340000	33340000	33030000	33140000
388	33360000	33370000	32950000	33090000
389	33330000	33330000	33070000	33150000
390	33350000	33350000	32990000	33110000
391	33360000	33360000	32970000	33100000
392	33360000	33360000	32970000	33100000
393	33380000	33380000	32870000	33040000
394	33370000	33370000	32920000	33070000
395	33340000	33340000	32990000	33110000
396	33350000	33350000	32960000	33090000
397	33350000	33350000	32990000	33110000
398	33350000	33350000	32990000	33110000
399	33330000	33340000	33040000	33140000
400	33340000	33330000	33060000	33150000
401	33340000	33340000	33030000	33140000
402	33360000	33360000	32960000	33090000
403	33350000	33350000	32960000	33090000
404	33360000	33360000	32990000	33120000
405	33350000	33350000	32990000	33110000
406	33330000	33330000	33040000	33140000
407	33330000	33330000	33030000	33130000
408	33320000	33320000	33060000	33150000
409	33360000	33370000	32920000	33070000
410	33380000	33380000	33250000	33080000
411	33340000	33340000	33040000	33140000
412	33340000	33340000	33030000	33130000
413	33360000	33360000	32920000	33070000
414	33330000	33330000	33090000	33160000
415	33340000	33340000	33030000	33140000
416	33320000	33320000	33050000	33140000
417	33330000	33330000	33090000	33170000
418	33320000	33320000	33080000	33160000
419	33340000	33340000	33030000	33130000
420	33320000	33330000	33060000	33140000
421	33330000	33330000	33060000	33150000
422	33330000	33330000	33060000	33140000
423	33340000	33340000	33030000	33130000
424	33330000	33330000	33060000	33150000
425	33310000	33310000	33100000	33170000
426	33330000	33320000	33050000	33140000
427	33310000	33310000	33090000	33160000
428	33330000	33330000	33030000	33130000
429	33330000	33330000	33060000	33150000
430	33330000	33330000	33060000	33150000
431	33330000	33340000	33040000	33140000
432	33320000	33320000	33080000	33160000
433	33340000	33340000	32980000	33100000
434	33340000	33340000	33020000	33120000
435	33340000	33330000	33030000	33130000
436	33350000	33350000	33060000	33150000
437	33340000	33340000	33040000	33140000
438	33310000	33310000	33110000	33180000
439	33360000	33360000	32940000	33080000
440	33350000	33350000	33020000	33130000
441	33330000	33330000	33060000	33150000
442	33350000	33350000	32990000	33110000
443	33340000	33340000	33040000	33140000
444	33350000	33340000	33010000	33120000
445	33340000	33340000	33010000	33120000
446	33340000	33340000	33040000	33140000
447	33320000	33320000	33080000	33160000
448	33330000	33330000	33060000	33150000
449	33330000	33340000	33040000	33140000
450	33350000	33350000	33050000	33140000
451	33320000	33330000	33080000	33170000
452	33320000	33320000	33080000	33160000
453	33360000	33360000	32970000	33100000
454	33340000	33340000	33040000	33140000
455	33360000	33360000	33000000	33120000
456	33350000	33350000	33010000	33130000
457	33350000	33350000	33040000	33150000
458	33320000	33320000	33110000	33180000
459	33310000	33310000	33110000	33170000
460	33350000	33350000	32990000	33110000
461	33340000	33340000	33030000	33140000
462	33320000	33320000	33060000	33140000
463	33340000	33340000	33060000	33150000
464	33350000	33350000	32980000	33110000
465	33320000	33320000	33110000	33180000
466	33310000	33310000	33130000	33190000
467	33370000	33370000	32960000	33090000
468	33350000	33350000	32990000	33110000
469	33310000	33310000	33130000	33190000
470	33300000	33310000	33180000	33230000
471	33330000	33330000	33090000	33170000
472	33360000	33360000	33000000	33120000
473	33330000	33320000	33110000	33180000
474	33330000	33330000	33100000	33180000
475	33320000	33320000	33090000	33160000
476	33320000	33320000	33100000	33180000
477	33330000	33340000	33090000	33180000
478	33320000	33320000	33090000	33170000
479	33320000	33320000	33080000	33160000
480	33320000	33320000	33110000	33180000
481	33340000	33340000	33010000	33120000
482	33330000	33330000	33080000	33170000
483	33350000	33350000	32990000	33110000
484	33340000	33330000	33070000	33150000
485	33310000	33320000	33140000	33200000
486	33330000	33330000	33080000	33170000
487	33320000	33320000	33110000	33180000
488	33330000	33330000	33110000	33190000
489	33330000	33330000	33080000	33170000
490	33310000	33310000	33160000	33210000
491	33320000	33320000	33090000	33160000
492	33330000	33340000	33040000	33140000
493	33320000	33320000	33050000	33140000
494	33330000	33330000	33090000	33170000
495	33360000	33350000	32980000	33100000
496	33380000	33380000	32900000	33060000
497	33340000	33340000	33040000	33140000
498	33350000	33350000	32980000	33100000
499	33320000	33320000	33080000	33160000

============================================================
# BITSTREAM: 100us_51etapas.bit
# VENTANA: 100us
# ETAPAS_PRINCIPAL: 51
# NUM_MUESTRAS: 500
# FORMATO: idx	freq1_hz	freq2_hz	freq3_hz	freq4_hz
============================================================
idx	freq1_hz	freq2_hz	freq3_hz	freq4_hz
0	27480000	31140000	31140000	28470000
1	27460000	31120000	31120000	28460000
2	27460000	31120000	31130000	28460000
3	27480000	31130000	31130000	28470000
4	27480000	31140000	31140000	28470000
5	27470000	31130000	31130000	28460000
6	27480000	31130000	31130000	28470000
7	27510000	31130000	31130000	28470000
8	27470000	31120000	31130000	28470000
9	27470000	31120000	31120000	28460000
10	27480000	31130000	31130000	28470000
11	27470000	31120000	31130000	28460000
12	27470000	31130000	31130000	28470000
13	27470000	31130000	31130000	28470000
14	27480000	31130000	31140000	28470000
15	27480000	31130000	31130000	28470000
16	27470000	31130000	31130000	28460000
17	27470000	31130000	31130000	28470000
18	27480000	31140000	31140000	28470000
19	27470000	31130000	31130000	28460000
20	27480000	31130000	31130000	28470000
21	27470000	31120000	31120000	28460000
22	27470000	31130000	31130000	28470000
23	27470000	31130000	31130000	28470000
24	27480000	31130000	31130000	28470000
25	27470000	31140000	31140000	28470000
26	27480000	31130000	31130000	28470000
27	27470000	31130000	31130000	28470000
28	27480000	31120000	31130000	28470000
29	27480000	31120000	31130000	28460000
30	27470000	31130000	31130000	28460000
31	27470000	31130000	31130000	28470000
32	27460000	31120000	31120000	28460000
33	27470000	31140000	31130000	28470000
34	27470000	31130000	31130000	28470000
35	27460000	31130000	31130000	28470000
36	27470000	31130000	31130000	28460000
37	27470000	31130000	31130000	28470000
38	27470000	31130000	31140000	28470000
39	27470000	31130000	31130000	28460000
40	27470000	31130000	31130000	28460000
41	27470000	31130000	31120000	28470000
42	27460000	31130000	31120000	28460000
43	27480000	31140000	31130000	28460000
44	27470000	31130000	31130000	28460000
45	27470000	31140000	31140000	28470000
46	27470000	31130000	31130000	28460000
47	27470000	31130000	31130000	28460000
48	27470000	31130000	31120000	28460000
49	27470000	31130000	31130000	28460000
50	27470000	31120000	31120000	28470000
51	27470000	31140000	31140000	28460000
52	27470000	31130000	31130000	28460000
53	27460000	31130000	31120000	28460000
54	27470000	31120000	31120000	28460000
55	27470000	31130000	31130000	28470000
56	27470000	31130000	31130000	28470000
57	27470000	31140000	31130000	28470000
58	27470000	31120000	31120000	28460000
59	27470000	31130000	31130000	28480000
60	27460000	31120000	31130000	28460000
61	27470000	31130000	31130000	28470000
62	27480000	31130000	31130000	28470000
63	27460000	31130000	31130000	28470000
64	27470000	31130000	31130000	28460000
65	27470000	31120000	31130000	28460000
66	27470000	31120000	31120000	28460000
67	27470000	31120000	31120000	28460000
68	27470000	31140000	31140000	28470000
69	27460000	31130000	31130000	28460000
70	27470000	31130000	31140000	28470000
71	27470000	31120000	31130000	28460000
72	27470000	31130000	31130000	28470000
73	27470000	31120000	31120000	28460000
74	27470000	31130000	31130000	28470000
75	27480000	31140000	31130000	28470000
76	27460000	31130000	31130000	28470000
77	27470000	31130000	31130000	28470000
78	27460000	31120000	31120000	28460000
79	27470000	31130000	31130000	28470000
80	27470000	31120000	31130000	28460000
81	27460000	31130000	31130000	28460000
82	27470000	31140000	31130000	28460000
83	27480000	31130000	31130000	28470000
84	27470000	31120000	31120000	28460000
85	27470000	31130000	31130000	28460000
86	27480000	31120000	31130000	28470000
87	27470000	31130000	31130000	28470000
88	27460000	31120000	31120000	28470000
89	27470000	31130000	31130000	28470000
90	27470000	31130000	31130000	28470000
91	27470000	31120000	31120000	28460000
92	27470000	31120000	31130000	28470000
93	27470000	31130000	31130000	28470000
94	27470000	31130000	31130000	28470000
95	27470000	31130000	31130000	28470000
96	27470000	31130000	31130000	28470000
97	27470000	31130000	31130000	28470000
98	27480000	31140000	31140000	28470000
99	27470000	31140000	31140000	28470000
100	27470000	31130000	31130000	28470000
101	27480000	31130000	31130000	28480000
102	27460000	31130000	31130000	28460000
103	27470000	31130000	31130000	28470000
104	27480000	31130000	31120000	28470000
105	27460000	31120000	31120000	28460000
106	27470000	31130000	31130000	28460000
107	27470000	31130000	31130000	28470000
108	27480000	31140000	31140000	28470000
109	27460000	31130000	31120000	28460000
110	27470000	31120000	31120000	28460000
111	27470000	31130000	31130000	28460000
112	27480000	31130000	31130000	28470000
113	27470000	31130000	31120000	28460000
114	27470000	31120000	31120000	28470000
115	27480000	31140000	31130000	28470000
116	27480000	31130000	31130000	28460000
117	27480000	31140000	31130000	28470000
118	27450000	31130000	31130000	28470000
119	27470000	31120000	31130000	28460000
120	27470000	31130000	31130000	28470000
121	27460000	31130000	31120000	28460000
122	27470000	31140000	31140000	28470000
123	27460000	31130000	31130000	28460000
124	27470000	31130000	31120000	28460000
125	27470000	31120000	31120000	28460000
126	27470000	31130000	31130000	28470000
127	27480000	31130000	31130000	28460000
128	27470000	31130000	31120000	28460000
129	27470000	31130000	31130000	28470000
130	27460000	31130000	31120000	28460000
131	27450000	31120000	31120000	28460000
132	27480000	31130000	31130000	28460000
133	27480000	31130000	31130000	28470000
134	27460000	31120000	31120000	28460000
135	27470000	31130000	31120000	28460000
136	27470000	31130000	31130000	28460000
137	27460000	31130000	31120000	28450000
138	27460000	31110000	31110000	28460000
139	27470000	31130000	31130000	28460000
140	27460000	31130000	31120000	28470000
141	27470000	31130000	31130000	28470000
142	27470000	31130000	31130000	28470000
143	27470000	31120000	31120000	28460000
144	27470000	31130000	31130000	28460000
145	27460000	31120000	31120000	28460000
146	27460000	31130000	31120000	28460000
147	27470000	31130000	31130000	28470000
148	27480000	31130000	31130000	28460000
149	27460000	31120000	31120000	28460000
150	27470000	31120000	31120000	28460000
151	27460000	31130000	31130000	28460000
152	27470000	31130000	31120000	28460000
153	27470000	31130000	31130000	28470000
154	27460000	31130000	31130000	28460000
155	27460000	31130000	31130000	28460000
156	27470000	31120000	31120000	28460000
157	27470000	31120000	31120000	28460000
158	27470000	31120000	31120000	28470000
159	27460000	31120000	31120000	28450000
160	27470000	31120000	31120000	28460000
161	27470000	31130000	31130000	28470000
162	27470000	31120000	31120000	28470000
163	27460000	31120000	31120000	28460000
164	27460000	31130000	31130000	28460000
165	27470000	31120000	31130000	28460000
166	27470000	31130000	31130000	28460000
167	27470000	31120000	31120000	28460000
168	27470000	31120000	31120000	28450000
169	27470000	31130000	31120000	28460000
170	27480000	31130000	31130000	28460000
171	27470000	31120000	31120000	28460000
172	27470000	31130000	31130000	28460000
173	27480000	31130000	31120000	28470000
174	27480000	31130000	31130000	28460000
175	27470000	31130000	31130000	28460000
176	27470000	31130000	31130000	28460000
177	27480000	31130000	31130000	28470000
178	27470000	31130000	31130000	28460000
179	27480000	31130000	31130000	28470000
180	27480000	31130000	31130000	28460000
181	27460000	31130000	31120000	28460000
182	27460000	31130000	31130000	28470000
183	27460000	31130000	31120000	28470000
184	27480000	31130000	31130000	28470000
185	27470000	31130000	31130000	28460000
186	27480000	31130000	31130000	28460000
187	27470000	31130000	31130000	28460000
188	27470000	31130000	31130000	28460000
189	27470000	31120000	31120000	28460000
190	27470000	31130000	31130000	28460000
191	27460000	31120000	31120000	28460000
192	27470000	31110000	31120000	28450000
193	27470000	31120000	31120000	28450000
194	27460000	31130000	31130000	28460000
195	27470000	31130000	31120000	28470000
196	27460000	31120000	31120000	28470000
197	27470000	31120000	31130000	28460000
198	27470000	31120000	31130000	28460000
199	27460000	31120000	31120000	28470000
200	27470000	31120000	31120000	28460000
201	27480000	31130000	31140000	28470000
202	27470000	31130000	31130000	28460000
203	27480000	31130000	31130000	28460000
204	27470000	31120000	31130000	28460000
205	27460000	31120000	31110000	28450000
206	27480000	31130000	31130000	28470000
207	27470000	31120000	31120000	28460000
208	27460000	31120000	31120000	28450000
209	27470000	31130000	31130000	28460000
210	27470000	31130000	31130000	28460000
211	27470000	31130000	31120000	28460000
212	27470000	31120000	31130000	28460000
213	27470000	31120000	31120000	28470000
214	27460000	31130000	31130000	28460000
215	27470000	31130000	31130000	28460000
216	27470000	31120000	31120000	28460000
217	27470000	31130000	31130000	28460000
218	27480000	31130000	31130000	28470000
219	27470000	31140000	31140000	28470000
220	27460000	31120000	31120000	28460000
221	27460000	31120000	31120000	28460000
222	27470000	31130000	31130000	28460000
223	27460000	31130000	31130000	28460000
224	27470000	31130000	31130000	28460000
225	27470000	31130000	31130000	28460000
226	27470000	31130000	31120000	28460000
227	27470000	31130000	31130000	28460000
228	27460000	31120000	31130000	28460000
229	27480000	31130000	31130000	28460000
230	27470000	31130000	31130000	28470000
231	27470000	31130000	31140000	28470000
232	27470000	31120000	31120000	28450000
233	27470000	31130000	31130000	28460000
234	27470000	31130000	31130000	28460000
235	27470000	31130000	31130000	28470000
236	27470000	31120000	31120000	28460000
237	27480000	31130000	31130000	28460000
238	27480000	31130000	31130000	28470000
239	27470000	31130000	31130000	28470000
240	27460000	31130000	31130000	28460000
241	27470000	31120000	31130000	28460000
242	27470000	31130000	31140000	28470000
243	27470000	31130000	31130000	28470000
244	27470000	31120000	31120000	28460000
245	27470000	31130000	31130000	28460000
246	27460000	31130000	31120000	28460000
247	27460000	31120000	31120000	28460000
248	27470000	31130000	31130000	28470000
249	27470000	31120000	31120000	28460000
250	27470000	31130000	31130000	28470000
251	27470000	31120000	31120000	28450000
252	27460000	31120000	31110000	28460000
253	27450000	31120000	31110000	28450000
254	27470000	31110000	31120000	28460000
255	27450000	31120000	31120000	28450000
256	27460000	31120000	31120000	28460000
257	27460000	31120000	31120000	28460000
258	27460000	31120000	31120000	28450000
259	27470000	31130000	31130000	28460000
260	27460000	31120000	31120000	28460000
261	27470000	31130000	31130000	28470000
262	27460000	31130000	31130000	28470000
263	27460000	31120000	31120000	28450000
264	27470000	31130000	31140000	28470000
265	27460000	31120000	31120000	28460000
266	27460000	31120000	31120000	28460000
267	27460000	31130000	31130000	28460000
268	27470000	31120000	31120000	28460000
269	27470000	31130000	31130000	28460000
270	27470000	31130000	31130000	28470000
271	27460000	31120000	31110000	28460000
272	27470000	31120000	31120000	28460000
273	27470000	31120000	31120000	28460000
274	27460000	31120000	31120000	28450000
275	27470000	31120000	31120000	28460000
276	27470000	31120000	31120000	28460000
277	27460000	31110000	31110000	28460000
278	27460000	31120000	31120000	28460000
279	27460000	31110000	31110000	28460000
280	27460000	31130000	31130000	28460000
281	27470000	31130000	31120000	28460000
282	27470000	31120000	31120000	28450000
283	27460000	31120000	31130000	28460000
284	27470000	31130000	31130000	28460000
285	27470000	31130000	31130000	28470000
286	27470000	31130000	31130000	28460000
287	27460000	31120000	31120000	28460000
288	27470000	31120000	31120000	28460000
289	27470000	31110000	31120000	28460000
290	27470000	31120000	31120000	28460000
291	27460000	31120000	31120000	28470000
292	27470000	31130000	31130000	28460000
293	27450000	31110000	31110000	28460000
294	27470000	31120000	31120000	28450000
295	27460000	31120000	31120000	28460000
296	27460000	31120000	31120000	28460000
297	27470000	31120000	31120000	28460000
298	27460000	31120000	31120000	28460000
299	27470000	31120000	31120000	28470000
300	27470000	31130000	31130000	28460000
301	27470000	31120000	31130000	28460000
302	27470000	31130000	31130000	28460000
303	27460000	31120000	31120000	28460000
304	27460000	31120000	31120000	28460000
305	27460000	31120000	31120000	28460000
306	27460000	31120000	31120000	28460000
307	27470000	31130000	31130000	28460000
308	27460000	31130000	31130000	28470000
309	27470000	31130000	31130000	28460000
310	27450000	31120000	31120000	28450000
311	27470000	31120000	31120000	28460000
312	27460000	31120000	31120000	28470000
313	27470000	31120000	31130000	28460000
314	27470000	31130000	31130000	28470000
315	27480000	31130000	31130000	28470000
316	27460000	31130000	31120000	28460000
317	27470000	31120000	31120000	28460000
318	27460000	31120000	31120000	28460000
319	27470000	31120000	31120000	28470000
320	27460000	31120000	31120000	28460000
321	27470000	31120000	31120000	28470000
322	27460000	31130000	31130000	28460000
323	27470000	31130000	31130000	28460000
324	27470000	31130000	31130000	28460000
325	27470000	31120000	31130000	28470000
326	27460000	31110000	31110000	28450000
327	27470000	31120000	31130000	28460000
328	27470000	31130000	31130000	28470000
329	27450000	31150000	31130000	28460000
330	27470000	31120000	31120000	28470000
331	27470000	31130000	31120000	28460000
332	27470000	31130000	31120000	28450000
333	27450000	31130000	31120000	28460000
334	27470000	31140000	31140000	28460000
335	27460000	31120000	31120000	28460000
336	27450000	31130000	31120000	28460000
337	27470000	31120000	31120000	28450000
338	27460000	31120000	31120000	28450000
339	27460000	31130000	31120000	28460000
340	27470000	31130000	31130000	28460000
341	27460000	31120000	31120000	28460000
342	27460000	31120000	31120000	28450000
343	27460000	31110000	31120000	28450000
344	27460000	31130000	31120000	28460000
345	27460000	31120000	31120000	28460000
346	27460000	31110000	31110000	28460000
347	27470000	31130000	31130000	28470000
348	27470000	31120000	31130000	28460000
349	27460000	31120000	31120000	28460000
350	27450000	31120000	31120000	28460000
351	27460000	31120000	31120000	28460000
352	27460000	31130000	31120000	28460000
353	27470000	31120000	31130000	28460000
354	27470000	31110000	31110000	28450000
355	27450000	31120000	31130000	28450000
356	27450000	31120000	31120000	28450000
357	27450000	31110000	31120000	28450000
358	27460000	31130000	31120000	28460000
359	27470000	31130000	31130000	28470000
360	27470000	31130000	31130000	28460000
361	27470000	31120000	31130000	28460000
362	27470000	31120000	31120000	28450000
363	27480000	31130000	31130000	28460000
364	27450000	31120000	31120000	28460000
365	27470000	31120000	31120000	28460000
366	27460000	31130000	31120000	28460000
367	27470000	31120000	31120000	28470000
368	27470000	31120000	31120000	28460000
369	27480000	31130000	31130000	28470000
370	27460000	31120000	31120000	28460000
371	27460000	31120000	31130000	28460000
372	27480000	31120000	31120000	28470000
373	27470000	31120000	31120000	28460000
374	27470000	31120000	31120000	28460000
375	27470000	31120000	31130000	28460000
376	27470000	31130000	31130000	28460000
377	27470000	31130000	31120000	28460000
378	27470000	31120000	31120000	28460000
379	27460000	31120000	31120000	28460000
380	27470000	31120000	31130000	28470000
381	27470000	31120000	31130000	28460000
382	27470000	31130000	31120000	28460000
383	27470000	31130000	31130000	28460000
384	27480000	31120000	31120000	28470000
385	27470000	31130000	31130000	28460000
386	27460000	31120000	31120000	28450000
387	27480000	31130000	31130000	28470000
388	27470000	31120000	31120000	28460000
389	27470000	31120000	31120000	28460000
390	27470000	31120000	31120000	28470000
391	27460000	31140000	31130000	28460000
392	27470000	31130000	31130000	28460000
393	27470000	31120000	31120000	28460000
394	27470000	31130000	31120000	28470000
395	27470000	31130000	31130000	28470000
396	27460000	31120000	31120000	28460000
397	27470000	31120000	31120000	28460000
398	27460000	31130000	31120000	28460000
399	27460000	31130000	31120000	28460000
400	27470000	31130000	31130000	28460000
401	27460000	31120000	31120000	28460000
402	27470000	31120000	31120000	28460000
403	27460000	31090000	31110000	28450000
404	27460000	31120000	31120000	28460000
405	27460000	31120000	31120000	28460000
406	27460000	31120000	31120000	28460000
407	27470000	31130000	31120000	28460000
408	27470000	31130000	31120000	28460000
409	27470000	31120000	31120000	28460000
410	27470000	31130000	31130000	28470000
411	27460000	31130000	31120000	28460000
412	27470000	31120000	31120000	28460000
413	27460000	31120000	31130000	28460000
414	27470000	31120000	31120000	28460000
415	27470000	31130000	31130000	28460000
416	27470000	31130000	31120000	28460000
417	27470000	31130000	31130000	28460000
418	27460000	31130000	31130000	28460000
419	27470000	31130000	31130000	28460000
420	27470000	31120000	31130000	28460000
421	27470000	31130000	31130000	28460000
422	27460000	31120000	31120000	28460000
423	27470000	31130000	31130000	28470000
424	27480000	31120000	31120000	28460000
425	27460000	31120000	31120000	28460000
426	27460000	31120000	31120000	28460000
427	27470000	31130000	31140000	28470000
428	27470000	31120000	31130000	28460000
429	27470000	31130000	31130000	28470000
430	27470000	31130000	31130000	28460000
431	27460000	31130000	31130000	28460000
432	27470000	31120000	31120000	28460000
433	27460000	31120000	31120000	28460000
434	27460000	31130000	31130000	28460000
435	27460000	31120000	31120000	28460000
436	27470000	31130000	31130000	28460000
437	27470000	31120000	31120000	28460000
438	27460000	31120000	31120000	28450000
439	27450000	31130000	31130000	28450000
440	27470000	31130000	31130000	28460000
441	27460000	31120000	31120000	28450000
442	27470000	31130000	31130000	28470000
443	27470000	31130000	31130000	28470000
444	27470000	31130000	31130000	28470000
445	27470000	31130000	31130000	28460000
446	27470000	31140000	31140000	28470000
447	27470000	31120000	31120000	28460000
448	27470000	31130000	31130000	28460000
449	27470000	31120000	31120000	28460000
450	27470000	31140000	31140000	28470000
451	27470000	31120000	31130000	28460000
452	27460000	31120000	31120000	28460000
453	27470000	31120000	31120000	28460000
454	27460000	31120000	31120000	28460000
455	27470000	31120000	31120000	28460000
456	27470000	31130000	31130000	28470000
457	27470000	31120000	31120000	28460000
458	27460000	31120000	31130000	28460000
459	27470000	31120000	31120000	28460000
460	27460000	31120000	31110000	28460000
461	27470000	31120000	31120000	28460000
462	27460000	31130000	31120000	28460000
463	27470000	31130000	31130000	28460000
464	27470000	31130000	31130000	28470000
465	27460000	31120000	31120000	28460000
466	27450000	31120000	31120000	28460000
467	27470000	31130000	31120000	28460000
468	27470000	31130000	31130000	28460000
469	27470000	31130000	31130000	28460000
470	27470000	31120000	31120000	28460000
471	27470000	31120000	31130000	28460000
472	27460000	31130000	31130000	28460000
473	27470000	31130000	31130000	28470000
474	27470000	31130000	31130000	28460000
475	27470000	31120000	31120000	28460000
476	27460000	31120000	31120000	28460000
477	27460000	31120000	31120000	28450000
478	27470000	31130000	31120000	28460000
479	27470000	31130000	31130000	28460000
480	27470000	31120000	31110000	28460000
481	27470000	31130000	31130000	28460000
482	27470000	31130000	31120000	28470000
483	27470000	31120000	31130000	28460000
484	27470000	31120000	31120000	28460000
485	27450000	31120000	31120000	28460000
486	27470000	31130000	31130000	28460000
487	27450000	31130000	31130000	28450000
488	27460000	31120000	31120000	28460000
489	27460000	31130000	31120000	28460000
490	27470000	31120000	31120000	28460000
491	27460000	31130000	31120000	28460000
492	27470000	31120000	31120000	28460000
493	27480000	31130000	31130000	28470000
494	27470000	31130000	31130000	28460000
495	27470000	31120000	31120000	28450000
496	27460000	31130000	31120000	28460000
497	27460000	31120000	31120000	28460000
498	27460000	31130000	31130000	28460000
499	27470000	31120000	31120000	28460000

============================================================
# BITSTREAM: 100us_101etapas.bit
# VENTANA: 100us
# ETAPAS_PRINCIPAL: 101
# NUM_MUESTRAS: 500
# FORMATO: idx	freq1_hz	freq2_hz	freq3_hz	freq4_hz
============================================================
idx	freq1_hz	freq2_hz	freq3_hz	freq4_hz
0	8150000	9710000	8800000	8840000
1	8150000	9710000	8800000	8850000
2	8160000	9710000	8810000	8850000
3	8160000	9710000	8800000	8850000
4	8160000	9710000	8800000	8850000
5	8150000	9710000	8800000	8850000
6	8150000	9710000	8800000	8840000
7	8150000	9710000	8800000	8840000
8	8150000	9710000	8800000	8850000
9	8160000	9700000	8800000	8840000
10	8150000	9710000	8800000	8840000
11	8150000	9710000	8800000	8840000
12	8160000	9710000	8800000	8830000
13	8160000	9710000	8790000	8840000
14	8150000	9710000	8790000	8840000
15	8150000	9710000	8800000	8840000
16	8150000	9710000	8800000	8840000
17	8150000	9710000	8800000	8840000
18	8150000	9710000	8800000	8850000
19	8150000	9700000	8800000	8850000
20	8150000	9700000	8800000	8850000
21	8160000	9710000	8800000	8840000
22	8150000	9710000	8800000	8840000
23	8150000	9700000	8800000	8840000
24	8150000	9700000	8800000	8840000
25	8150000	9710000	8790000	8840000
26	8150000	9710000	8800000	8840000
27	8150000	9710000	8800000	8840000
28	8150000	9710000	8800000	8840000
29	8150000	9710000	8810000	8850000
30	8150000	9710000	8800000	8840000
31	8160000	9700000	8800000	8850000
32	8150000	9710000	8800000	8840000
33	8150000	9700000	8790000	8840000
34	8150000	9710000	8800000	8830000
35	8160000	9700000	8800000	8840000
36	8150000	9710000	8790000	8840000
37	8160000	9700000	8800000	8840000
38	8150000	9700000	8800000	8850000
39	8150000	9710000	8800000	8850000
40	8150000	9710000	8800000	8840000
41	8160000	9710000	8800000	8840000
42	8160000	9710000	8800000	8840000
43	8160000	9710000	8800000	8850000
44	8160000	9710000	8790000	8840000
45	8150000	9710000	8800000	8850000
46	8150000	9710000	8790000	8840000
47	8150000	9700000	8800000	8840000
48	8160000	9710000	8800000	8840000
49	8150000	9700000	8800000	8840000
50	8150000	9700000	8800000	8850000
51	8150000	9710000	8800000	8850000
52	8160000	9710000	8800000	8850000
53	8150000	9710000	8800000	8850000
54	8150000	9710000	8790000	8840000
55	8150000	9710000	8800000	8840000
56	8160000	9710000	8800000	8840000
57	8150000	9710000	8800000	8850000
58	8150000	9710000	8800000	8840000
59	8150000	9710000	8790000	8840000
60	8250000	9710000	8800000	8850000
61	8150000	9700000	8800000	8840000
62	8150000	9700000	8800000	8840000
63	8150000	9700000	8800000	8840000
64	8150000	9710000	8800000	8850000
65	8150000	9710000	8800000	8850000
66	8270000	9700000	8800000	8850000
67	8150000	9710000	8790000	8840000
68	8150000	9700000	8800000	8850000
69	8160000	9710000	8800000	8840000
70	8150000	9700000	8800000	8840000
71	8150000	9700000	8800000	8840000
72	8150000	9700000	8790000	8840000
73	8150000	9710000	8800000	8840000
74	8150000	9700000	8800000	8840000
75	8150000	9710000	8800000	8840000
76	8140000	9710000	8800000	8850000
77	8160000	9700000	8800000	8850000
78	8160000	9700000	8800000	8850000
79	8150000	9710000	8790000	8850000
80	8150000	9700000	8790000	8840000
81	8150000	9710000	8800000	8840000
82	8150000	9700000	8800000	8840000
83	8150000	9710000	8800000	8840000
84	8150000	9700000	8800000	8840000
85	8140000	9700000	8790000	8850000
86	8150000	9700000	8790000	8840000
87	8150000	9710000	8800000	8840000
88	8150000	9700000	8800000	8840000
89	8150000	9710000	8800000	8840000
90	8150000	9700000	8800000	8840000
91	8160000	9700000	8800000	8840000
92	8150000	9710000	8800000	8850000
93	8160000	9700000	8800000	8840000
94	8150000	9700000	8800000	8840000
95	8150000	9710000	8800000	8840000
96	8140000	9700000	8790000	8840000
97	8160000	9710000	8800000	8850000
98	8150000	9710000	8800000	8840000
99	8160000	9710000	8800000	8840000
100	8150000	9700000	8800000	8840000
101	8150000	9700000	8800000	8840000
102	8160000	9700000	8800000	8850000
103	8150000	9710000	8790000	8840000
104	8150000	9700000	8790000	8850000
105	8150000	9710000	8800000	8840000
106	8150000	9700000	8800000	8840000
107	8160000	9700000	8800000	8840000
108	8160000	9710000	8800000	8840000
109	8150000	9710000	8800000	8850000
110	8150000	9710000	8800000	8840000
111	8160000	9710000	8790000	8840000
112	8160000	9700000	8800000	8840000
113	8150000	9710000	8800000	8840000
114	8150000	9700000	8800000	8840000
115	8160000	9710000	8800000	8840000
116	8150000	9710000	8800000	8850000
117	8150000	9710000	8800000	8840000
118	8040000	9710000	8800000	8840000
119	8160000	9700000	8800000	8840000
120	8150000	9710000	8800000	8850000
121	8140000	9710000	8800000	8840000
122	8150000	9710000	8800000	8840000
123	8150000	9710000	8790000	8840000
124	8160000	9700000	8800000	8840000
125	8150000	9710000	8800000	8840000
126	8150000	9700000	8790000	8840000
127	8150000	9700000	8800000	8850000
128	8150000	9710000	8800000	8840000
129	8150000	9700000	8790000	8840000
130	8150000	9710000	8800000	8840000
131	8150000	9700000	8800000	8840000
132	8150000	9700000	8800000	8840000
133	8160000	9710000	8800000	8850000
134	8150000	9710000	8800000	8840000
135	8150000	9710000	8800000	8830000
136	8150000	9710000	8800000	8840000
137	8150000	9710000	8800000	8850000
138	8150000	9710000	8790000	8840000
139	8160000	9700000	8790000	8840000
140	8150000	9700000	8800000	8840000
141	8160000	9710000	8800000	8840000
142	8150000	9710000	8790000	8850000
143	8140000	9710000	8800000	8840000
144	8150000	9700000	8790000	8850000
145	8150000	9710000	8800000	8850000
146	8150000	9700000	8800000	8850000
147	8150000	9710000	8800000	8840000
148	8150000	9700000	8790000	8840000
149	8060000	9710000	8800000	8850000
150	8150000	9710000	8800000	8840000
151	8150000	9710000	8800000	8850000
152	8150000	9710000	8790000	8840000
153	8160000	9710000	8800000	8850000
154	8150000	9700000	8800000	8840000
155	8150000	9710000	8800000	8830000
156	8150000	9700000	8800000	8840000
157	8150000	9710000	8800000	8840000
158	8160000	9700000	8800000	8840000
159	8150000	9700000	8800000	8840000
160	8150000	9700000	8790000	8840000
161	8150000	9700000	8800000	8850000
162	8160000	9710000	8800000	8850000
163	8150000	9710000	8800000	8840000
164	8150000	9700000	8800000	8840000
165	8150000	9710000	8800000	8850000
166	8160000	9700000	8800000	8840000
167	8040000	9700000	8800000	8840000
168	8150000	9710000	8800000	8850000
169	8160000	9710000	8800000	8840000
170	8150000	9700000	8800000	8840000
171	8160000	9700000	8800000	8840000
172	8160000	9710000	8800000	8840000
173	8150000	9700000	8800000	8840000
174	8150000	9710000	8790000	8840000
175	8150000	9700000	8800000	8840000
176	8150000	9700000	8790000	8840000
177	8150000	9710000	8800000	8850000
178	8150000	9710000	8800000	8840000
179	8160000	9710000	8810000	8850000
180	8150000	9710000	8800000	8840000
181	8160000	9700000	8800000	8850000
182	8150000	9700000	8800000	8840000
183	8150000	9710000	8790000	8840000
184	8150000	9710000	8800000	8840000
185	8160000	9710000	8800000	8840000
186	8150000	9700000	8800000	8850000
187	8150000	9700000	8800000	8840000
188	8150000	9700000	8790000	8840000
189	8150000	9700000	8800000	8840000
190	8150000	9700000	8800000	8840000
191	8150000	9710000	8790000	8840000
192	8150000	9700000	8800000	8840000
193	8160000	9700000	8800000	8840000
194	8150000	9710000	8790000	8840000
195	8140000	9710000	8790000	8840000
196	8150000	9700000	8800000	8840000
197	8150000	9710000	8790000	8840000
198	8160000	9710000	8800000	8850000
199	8150000	9710000	8800000	8840000
200	8150000	9710000	8790000	8840000
201	8150000	9700000	8790000	8840000
202	8150000	9700000	8790000	8840000
203	8140000	9700000	8800000	8840000
204	8140000	9710000	8800000	8840000
205	8150000	9710000	8790000	8840000
206	8150000	9710000	8790000	8840000
207	8160000	9710000	8800000	8850000
208	8160000	9710000	8800000	8840000
209	8150000	9710000	8790000	8840000
210	8150000	9710000	8790000	8840000
211	8150000	9700000	8800000	8850000
212	8150000	9710000	8790000	8840000
213	8160000	9710000	8790000	8850000
214	8150000	9700000	8800000	8840000
215	8150000	9700000	8800000	8850000
216	8140000	9700000	8790000	8850000
217	8150000	9710000	8800000	8840000
218	8150000	9710000	8800000	8840000
219	8150000	9700000	8800000	8840000
220	8150000	9710000	8800000	8840000
221	8160000	9710000	8800000	8840000
222	8150000	9710000	8800000	8840000
223	8150000	9710000	8800000	8850000
224	8150000	9700000	8800000	8840000
225	8150000	9700000	8800000	8850000
226	8150000	9710000	8800000	8840000
227	8150000	9700000	8800000	8840000
228	8270000	9700000	8800000	8850000
229	8150000	9700000	8790000	8840000
230	8150000	9710000	8800000	8850000
231	8160000	9700000	8800000	8840000
232	8150000	9710000	8790000	8840000
233	8150000	9700000	8790000	8840000
234	8150000	9710000	8790000	8840000
235	8150000	9700000	8800000	8840000
236	8150000	9700000	8800000	8840000
237	8150000	9710000	8790000	8840000
238	8150000	9710000	8800000	8840000
239	8150000	9700000	8800000	8850000
240	8150000	9700000	8800000	8840000
241	8150000	9700000	8790000	8840000
242	8150000	9710000	8800000	8850000
243	8150000	9710000	8800000	8830000
244	8150000	9700000	8800000	8850000
245	8150000	9710000	8790000	8840000
246	8150000	9700000	8800000	8850000
247	8150000	9700000	8790000	8840000
248	8150000	9700000	8800000	8840000
249	8150000	9710000	8790000	8840000
250	8150000	9700000	8800000	8830000
251	8150000	9700000	8800000	8840000
252	8150000	9710000	8800000	8840000
253	8150000	9700000	8800000	8830000
254	8150000	9700000	8800000	8840000
255	8150000	9710000	8800000	8840000
256	8150000	9710000	8800000	8840000
257	8140000	9700000	8790000	8840000
258	8150000	9710000	8790000	8840000
259	8150000	9710000	8800000	8840000
260	8150000	9700000	8800000	8830000
261	8150000	9710000	8790000	8840000
262	8150000	9710000	8800000	8850000
263	8150000	9710000	8790000	8850000
264	8150000	9710000	8800000	8840000
265	8060000	9710000	8800000	8850000
266	8160000	9710000	8800000	8850000
267	8160000	9710000	8790000	8840000
268	8150000	9710000	8800000	8840000
269	8150000	9710000	8800000	8840000
270	8150000	9710000	8800000	8840000
271	8150000	9710000	8800000	8840000
272	8150000	9700000	8790000	8840000
273	8150000	9710000	8800000	8840000
274	8150000	9700000	8800000	8840000
275	8150000	9700000	8800000	8850000
276	8150000	9710000	8790000	8840000
277	8160000	9710000	8800000	8850000
278	8150000	9710000	8790000	8840000
279	8150000	9700000	8790000	8840000
280	8150000	9710000	8800000	8840000
281	8160000	9700000	8790000	8840000
282	8150000	9710000	8800000	8840000
283	8150000	9710000	8800000	8840000
284	8160000	9710000	8800000	8840000
285	8150000	9700000	8800000	8850000
286	8150000	9700000	8790000	8840000
287	8150000	9700000	8800000	8840000
288	8150000	9710000	8800000	8840000
289	8150000	9710000	8800000	8850000
290	8160000	9710000	8800000	8840000
291	8150000	9710000	8800000	8840000
292	8160000	9710000	8790000	8840000
293	8150000	9710000	8790000	8850000
294	8150000	9710000	8800000	8840000
295	8160000	9700000	8790000	8840000
296	8150000	9710000	8800000	8850000
297	8150000	9710000	8800000	8840000
298	8160000	9700000	8790000	8850000
299	8150000	9710000	8800000	8840000
300	8160000	9710000	8800000	8840000
301	8150000	9700000	8790000	8840000
302	8150000	9710000	8790000	8840000
303	8160000	9700000	8800000	8840000
304	8160000	9700000	8790000	8850000
305	8150000	9710000	8800000	8850000
306	8150000	9710000	8800000	8840000
307	8150000	9700000	8800000	8830000
308	8150000	9700000	8800000	8840000
309	8150000	9700000	8800000	8840000
310	8150000	9710000	8800000	8850000
311	8150000	9710000	8790000	8850000
312	8160000	9710000	8790000	8840000
313	8150000	9700000	8800000	8840000
314	8150000	9700000	8790000	8850000
315	8160000	9710000	8800000	8850000
316	8150000	9700000	8800000	8840000
317	8150000	9700000	8800000	8840000
318	8150000	9700000	8800000	8840000
319	8150000	9710000	8800000	8840000
320	8150000	9700000	8800000	8840000
321	8150000	9700000	8800000	8840000
322	8150000	9710000	8800000	8840000
323	8150000	9700000	8790000	8840000
324	8150000	9700000	8800000	8840000
325	8150000	9710000	8800000	8840000
326	8160000	9700000	8790000	8840000
327	8150000	9710000	8800000	8840000
328	8160000	9710000	8800000	8840000
329	8160000	9700000	8800000	8840000
330	8150000	9700000	8800000	8840000
331	8150000	9700000	8800000	8840000
332	8150000	9700000	8800000	8840000
333	8160000	9700000	8800000	8850000
334	8160000	9700000	8800000	8840000
335	8160000	9710000	8800000	8840000
336	8150000	9700000	8800000	8840000
337	8150000	9700000	8800000	8850000
338	8150000	9710000	8800000	8850000
339	8150000	9700000	8800000	8840000
340	8160000	9710000	8800000	8840000
341	8150000	9700000	8800000	8840000
342	8150000	9710000	8800000	8850000
343	8150000	9710000	8800000	8840000
344	8150000	9700000	8790000	8840000
345	8150000	9700000	8800000	8840000
346	8160000	9710000	8800000	8840000
347	8150000	9710000	8800000	8840000
348	8160000	9700000	8800000	8840000
349	8160000	9710000	8800000	8840000
350	8150000	9710000	8800000	8840000
351	8160000	9710000	8800000	8840000
352	8150000	9710000	8790000	8840000
353	8150000	9700000	8790000	8840000
354	8150000	9700000	8800000	8840000
355	8150000	9710000	8800000	8850000
356	8150000	9710000	8800000	8840000
357	8150000	9710000	8790000	8840000
358	8150000	9710000	8800000	8840000
359	8150000	9700000	8800000	8830000
360	8150000	9710000	8800000	8840000
361	8160000	9700000	8800000	8850000
362	8160000	9710000	8790000	8840000
363	8150000	9710000	8790000	8840000
364	8150000	9700000	8790000	8840000
365	8150000	9700000	8790000	8830000
366	8150000	9700000	8790000	8840000
367	8150000	9700000	8800000	8850000
368	8160000	9700000	8800000	8840000
369	8150000	9700000	8790000	8850000
370	8150000	9710000	8790000	8840000
371	8150000	9710000	8800000	8850000
372	8150000	9710000	8800000	8840000
373	8150000	9700000	8800000	8840000
374	8150000	9700000	8790000	8850000
375	8150000	9710000	8800000	8840000
376	8150000	9700000	8800000	8840000
377	8160000	9700000	8800000	8840000
378	8150000	9700000	8790000	8840000
379	8150000	9710000	8800000	8850000
380	8160000	9710000	8800000	8840000
381	8150000	9700000	8800000	8830000
382	8150000	9710000	8800000	8830000
383	8140000	9700000	8790000	8840000
384	8150000	9710000	8800000	8840000
385	8150000	9710000	8790000	8840000
386	8160000	9700000	8790000	8840000
387	8150000	9700000	8800000	8840000
388	8150000	9710000	8800000	8840000
389	8150000	9710000	8800000	8850000
390	8150000	9700000	8790000	8840000
391	8150000	9700000	8790000	8840000
392	8150000	9710000	8800000	8840000
393	8150000	9700000	8800000	8840000
394	8160000	9700000	8790000	8840000
395	8150000	9710000	8800000	8840000
396	8150000	9700000	8800000	8840000
397	8160000	9700000	8800000	8840000
398	8150000	9710000	8800000	8840000
399	8150000	9710000	8790000	8850000
400	8150000	9700000	8800000	8850000
401	8140000	9700000	8800000	8840000
402	8160000	9700000	8790000	8840000
403	8150000	9700000	8800000	8840000
404	8150000	9710000	8800000	8850000
405	8270000	9710000	8800000	8840000
406	8160000	9710000	8800000	8840000
407	8150000	9710000	8790000	8840000
408	8150000	9700000	8790000	8840000
409	8150000	9710000	8790000	8840000
410	8140000	9700000	8790000	8850000
411	8150000	9700000	8800000	8840000
412	8140000	9700000	8800000	8840000
413	8140000	9700000	8800000	8840000
414	8150000	9710000	8790000	8840000
415	8150000	9710000	8790000	8840000
416	8150000	9710000	8800000	8840000
417	8150000	9700000	8800000	8850000
418	8150000	9700000	8800000	8840000
419	8150000	9710000	8800000	8840000
420	8160000	9710000	8810000	8840000
421	8150000	9700000	8800000	8840000
422	8150000	9710000	8800000	8840000
423	8150000	9710000	8800000	8840000
424	8160000	9710000	8800000	8840000
425	8150000	9710000	8800000	8840000
426	8150000	9700000	8800000	8830000
427	8150000	9710000	8800000	8840000
428	8150000	9710000	8800000	8840000
429	8150000	9710000	8800000	8840000
430	8150000	9700000	8800000	8850000
431	8150000	9710000	8800000	8830000
432	8150000	9710000	8800000	8840000
433	8150000	9700000	8800000	8840000
434	8150000	9710000	8800000	8840000
435	8160000	9710000	8800000	8840000
436	8150000	9700000	8790000	8850000
437	8150000	9700000	8790000	8840000
438	8150000	9700000	8800000	8830000
439	8150000	9710000	8800000	8850000
440	8150000	9710000	8800000	8840000
441	8150000	9710000	8800000	8840000
442	8150000	9700000	8790000	8840000
443	8150000	9710000	8800000	8840000
444	8150000	9710000	8800000	8850000
445	8150000	9700000	8800000	8850000
446	8150000	9710000	8800000	8840000
447	8150000	9710000	8800000	8840000
448	8150000	9710000	8800000	8850000
449	8150000	9710000	8800000	8840000
450	8150000	9700000	8800000	8830000
451	8150000	9710000	8800000	8850000
452	8150000	9710000	8800000	8840000
453	8160000	9710000	8800000	8840000
454	8150000	9700000	8790000	8840000
455	8150000	9710000	8800000	8850000
456	8150000	9710000	8800000	8840000
457	8160000	9710000	8800000	8840000
458	8160000	9710000	8800000	8840000
459	8150000	9710000	8790000	8840000
460	8160000	9710000	8800000	8840000
461	8160000	9710000	8800000	8850000
462	8150000	9700000	8800000	8850000
463	8150000	9710000	8790000	8850000
464	8160000	9710000	8800000	8850000
465	8150000	9700000	8790000	8840000
466	8150000	9700000	8790000	8840000
467	8150000	9710000	8800000	8840000
468	8150000	9710000	8800000	8840000
469	8150000	9710000	8800000	8830000
470	8160000	9710000	8800000	8840000
471	8150000	9700000	8790000	8840000
472	8150000	9710000	8800000	8830000
473	8160000	9710000	8790000	8840000
474	8150000	9710000	8800000	8830000
475	8150000	9710000	8800000	8840000
476	8150000	9710000	8800000	8840000
477	8150000	9700000	8800000	8850000
478	8160000	9700000	8790000	8840000
479	8150000	9710000	8810000	8850000
480	8150000	9700000	8800000	8840000
481	8150000	9700000	8790000	8850000
482	8150000	9710000	8800000	8850000
483	8150000	9710000	8790000	8840000
484	8160000	9710000	8790000	8840000
485	8150000	9700000	8790000	8840000
486	8150000	9700000	8790000	8840000
487	8150000	9710000	8800000	8840000
488	8150000	9700000	8800000	8850000
489	8150000	9700000	8790000	8840000
490	8150000	9710000	8790000	8840000
491	8150000	9700000	8800000	8840000
492	8150000	9700000	8790000	8850000
493	8150000	9710000	8800000	8840000
494	8140000	9700000	8790000	8840000
495	8150000	9710000	8800000	8840000
496	8160000	9700000	8800000	8840000
497	8150000	9700000	8800000	8840000
498	8150000	9700000	8790000	8840000
499	8150000	9700000	8790000	8840000
