# CAPTURA AUTOMATICA MULTIBITSTREAM
# Puerto serie: COM7
# Baudrate: 115200
# Muestras por bitstream: 500
# Orden: 100ms -> 10ms -> 1ms -> 100us ; etapas 3, 5, 51, 101

============================================================
# BITSTREAM: 100ms_3etapas.bit
# VENTANA: 100ms
# ETAPAS_PRINCIPAL: 3
# NUM_MUESTRAS: 500
# FORMATO: idx	freq1_hz	freq2_hz	freq3_hz	freq4_hz
============================================================
idx	freq1_hz	freq2_hz	freq3_hz	freq4_hz
0	32803950	54349480	34620090	34620090
1	32805650	43884920	34631500	34631500
2	32803070	33386510	34621960	34621960
3	32800470	64838590	34620370	34620370
4	32807730	54376570	34636300	34636300
5	32812610	43906270	34648210	34648220
6	32808290	33416680	34646600	34646590
7	32811310	64879260	34651860	34651860
8	32810650	54389170	34648560	34648560
9	32811680	43908560	34653030	34653030
10	32811460	33429100	34658700	34658710
11	32814980	64891920	34661570	34661560
12	32809010	54397300	34655210	34655210
13	32810740	43910420	34654310	34654310
14	32807670	33415980	34646860	34646860
15	32814010	64884670	34656770	34656730
16	32811330	54400690	34659320	34659320
17	32810220	54406120	34659930	34659940
18	32813310	33454770	34656280	34656270
19	32806300	64885990	34658530	34658530
20	32811760	54403650	34660090	34660090
21	32812160	43915830	34658950	34658960
22	32809060	33426970	34657000	34656640
23	32810220	64882790	34655410	34655400
24	32808570	54402360	34657900	34657870
25	32804350	43901410	34646400	34646390
26	32806210	33416810	34648120	34648120
27	32808160	64881810	34655270	34655270
28	32807760	54401130	34658860	34658860
29	32810280	43919720	34661890	34661890
30	32812010	33433200	34662710	34662720
31	32809400	64888390	34660300	34660300
32	32808470	54396990	34655700	34655690
33	32808500	43919660	34659810	34659810
34	32805530	33428010	34657510	34657520
35	32800670	64876460	34651930	34651920
36	32806390	54392720	34652310	34652310
37	32806650	43904480	34651380	34651380
38	32811920	33427930	34658020	34658020
39	32809550	75367490	34655410	34655410
40	32800770	54359210	34628310	34628310
41	32800410	43878580	34628700	34628710
42	32799900	1950990	34640560	34640550
43	32798620	64854840	34632780	34632780
44	32799570	54377630	34640210	34640220
45	32801390	54382750	34641720	34641710
46	32803830	33411390	34643640	34643640
47	32806970	64878860	34651380	34651380
48	32806680	54387380	34647240	34647240
49	32810630	43909990	34654010	34654010
50	32811630	33422610	34652060	34652060
51	32811840	64879050	34651590	34651590
52	32808070	54397000	34656000	34656000
53	32809870	43901360	34645420	34645420
54	32810470	33416090	34647570	34647570
55	32811740	64878840	34651820	34651820
56	32808370	54382170	34641630	34641630
57	32812050	43903590	34647900	34647900
58	32810700	33416540	34647050	34647050
59	32811300	64880970	34653590	34653600
60	32808580	54384070	34642950	34642940
61	32810120	43899880	34644730	34644730
62	32808640	43886840	34636320	34636320
63	32807420	64861880	34637880	34637890
64	32807770	54377090	34639480	34639470
65	32808440	43877170	34628620	34628620
66	32801890	33371540	34619600	34619600
67	32804610	64847800	34628780	34628790
68	32806000	54367910	34632340	34632330
69	32804430	43885910	34633040	34633040
70	32804540	33388480	34629230	34629230
71	32797010	64817730	34615450	34615450
72	32796900	64813570	34614350	34614350
73	32800540	43857010	34619420	34619420
74	32799840	33365870	34618640	34618640
75	32800420	64829880	34619370	34619380
76	32803630	54357490	34625330	34625320
77	32797420	43851710	34615760	34615760
78	32803530	33379980	34623060	34623060
79	32800870	64826250	34618980	34618980
80	32803950	54368060	34632470	34632480
81	32799280	43864410	34621350	34621340
82	32802510	33407610	34640980	34640990
83	32805380	75361510	34649860	34649850
84	32805090	54373270	34635540	34635540
85	32806580	43899200	34643920	34643920
86	32804190	43894080	34627960	34627970
87	32809310	64870540	34646850	34646850
88	32803960	54363080	34632060	34632050
89	32804310	43888990	34637520	34637520
90	32803690	33401340	34635340	34635340
91	32805140	64862800	34638430	34638430
92	32806230	54379500	34641040	34641040
93	32797630	43851600	34616680	34616680
94	32799530	33391580	34627260	34627270
95	32800560	64869590	34644580	34644570
96	32806820	54399630	34657540	34657550
97	32808230	43907720	34652460	34652450
98	32806240	33423730	34653800	34653800
99	32802310	64873510	34647700	34647700
100	32802570	54391750	34652300	34652300
101	32806330	43908280	34652990	34652990
102	32805950	33418290	34651230	34651230
103	32804850	64869530	34645160	34645160
104	32805660	54382920	34645060	34645060
105	32805770	43900890	34648230	34648230
106	32798850	33399560	34635810	34635810
107	32801490	64860320	34637380	34637390
108	32807420	54386120	34647070	34647060
109	32811600	54399960	34659530	34659530
110	32810120	33429450	34660030	34660030
111	32804080	64868700	34643760	34643760
112	32803890	64863590	34639480	34639480
113	32801870	54371300	34635050	34635050
114	32801890	33397410	34634640	34634640
115	32797720	33401590	34637720	34637720
116	32795980	54374180	34639080	34639080
117	32793120	43871470	34625720	34625720
118	32793180	33378780	34624100	34624110
119	32795040	64853350	34633140	34633130
120	32795650	54375160	34639750	34639760
121	32797080	43894990	34644260	34644250
122	32794820	33401890	34637870	34637870
123	32796280	64862290	34641820	34641820
124	32797280	54385340	34647930	34647930
125	32795040	43884030	34635510	34635510
126	32800120	33410640	34645190	34645190
127	32798930	64864920	34641930	34641930
128	32802520	54386160	34647720	34647720
129	32802950	43899130	34647130	34647130
130	32802230	33408250	34641980	34641980
131	32801920	64872350	34648840	34648840
132	32801210	54386110	34649090	34649090
133	32804770	43910880	34657130	34657130
134	32800780	33412560	34645790	34645800
135	32801380	64867220	34643890	34643890
136	32803180	54390730	34651920	34651910
137	32800180	54394570	34654880	34654880
138	32798630	33414230	34649730	34649730
139	32801910	64873050	34651160	34651160
140	32799240	54361450	34629450	34629450
141	32798060	43877380	34630020	34630030
142	32798520	33396620	34633470	34633460
143	32801050	64851640	34631500	34631500
144	32803730	54386080	34647900	34647910
145	32799470	43877680	34630850	34630850
146	32802580	33389140	34630600	34630590
147	32803200	64857650	34636560	34636570
148	32801030	54372520	34637010	34637010
149	32804200	43886900	34637270	34637270
150	32805260	33403770	34639350	34639020
151	32805090	64854780	34634190	34634190
152	32788530	54318660	34610840	34610850
153	32790760	43838150	34611370	34611360
154	32793040	33351100	34612910	34612910
155	32795940	64824040	34620640	34620640
156	32794010	54344390	34620020	34620020
157	32794860	43854820	34617970	34617980
158	32797470	33363790	34617460	34617460
159	32795800	64823830	34616790	34616790
160	32798290	54345920	34622030	34622030
161	32807900	43881020	34632250	34632250
162	32808040	33399640	34635340	34635330
163	32802440	64853510	34631820	34631830
164	32803770	54368400	34632910	34632910
165	32806670	43897490	34643780	34643770
166	32801880	33395440	34632480	34632480
167	32793750	64831470	34620850	34620850
168	32797130	54359940	34627770	34627770
169	32797350	43861610	34620440	34620440
170	32799000	33387820	34626820	34626830
171	32803400	64860510	34638370	34638360
172	32806920	54387430	34648750	34648760
173	32806780	43910520	34656700	34656690
174	32805950	33423560	34655350	34655350
175	32807390	64875300	34650910	34650910
176	32812190	54396120	34654890	34654890
177	32808670	43909240	34654250	34654250
178	32811070	1968580	34657690	34657690
179	32810770	64895530	34662840	34662840
180	32813520	54412420	34666280	34666280
181	32811360	43919790	34664460	34664470
182	32812460	33428620	34659840	34659830
183	32816510	64889490	34664260	34664260
184	32813580	54390780	34650980	34650980
185	32815530	43915680	34661760	34661760
186	32812400	33432020	34663560	34663560
187	32807630	64878490	34654640	34654640
188	32807610	54395660	34657250	34657250
189	32807850	54395670	34655110	34655110
190	32802830	33408520	34644250	34644250
191	32810800	64879710	34653260	34653260
192	32808180	54387640	34648820	34648820
193	32812870	43915570	34661020	34661020
194	32811070	1975260	34662380	34662390
195	32808230	64889810	34661960	34661960
196	32807290	54388570	34650410	34650400
197	32803250	43882450	34634820	34634820
198	32803870	33408360	34642920	34642920
199	32806170	64874320	34649850	34649850
200	32805720	54374440	34637610	34637610
201	32805210	43889920	34639140	34639150
202	32809830	33423800	34655820	34655820
203	32808300	64874060	34649870	34649860
204	32805600	54391150	34653880	34653880
205	32807320	43904060	34652350	34652350
206	32812780	33430660	34662640	34662640
207	32813520	64892110	34664510	34664510
208	32808850	65532100	34654520	34654520
209	32807160	43903940	34651120	34651120
210	32807610	33422190	34653980	34653980
211	32807380	64884910	34660030	34660030
212	32805020	54380070	34642610	34642620
213	32795690	43857890	34619590	34619590
214	32798760	33391080	34629370	34629360
215	32799920	64856200	34635210	34635210
216	32805420	54384250	34645500	34645500
217	32810300	43910620	34656840	34656840
218	32807810	33417240	34649460	34649460
219	32808500	64876330	34652070	34652070
220	32806010	54391570	34654080	34654080
221	32806020	43907480	34655850	34655860
222	32806030	33421230	34655770	34655770
223	32807320	64882030	34657460	34657450
224	32805590	54394150	34654910	34654910
225	32807160	43910740	34657590	34657600
226	32802270	33414280	34648320	34648320
227	32808590	64885650	34659630	34659620
228	32846990	54410410	34665040	34665040
229	32814440	43920430	34664590	34664590
230	32808290	33430270	34661470	34661480
231	32808050	64890380	34662840	34662830
232	32809410	54414720	34661190	34661190
233	32806720	43920390	34662900	34662900
234	32805100	33427730	34657670	34657670
235	32804030	64879140	34655120	34655120
236	32803380	54390450	34652240	34652250
237	32803950	54386760	34648970	34648960
238	32806510	33420530	34653000	34653000
239	32800870	75358130	34649580	34649580
240	32799240	54383480	34646980	34646980
241	32798880	43891470	34640720	34640720
242	32804730	33419470	34651960	34651960
243	32806480	64882240	34655960	34655960
244	32808730	54400170	34660120	34660120
245	32807690	43914300	34659450	34659460
246	32804290	33409700	34644460	34644450
247	32804410	75347760	34640040	34640040
248	32801970	54378280	34640810	34640810
249	32807430	43904470	34652260	34652260
250	32807560	33419050	34652500	34652500
251	32803830	75341790	34636490	34636500
252	32807100	54386730	34648380	34648370
253	32806860	43912490	34660390	34660390
254	32806810	33416720	34651130	34651130
255	32807650	64883090	34657290	34657290
256	32808940	54397610	34657640	34657640
257	32806910	43910420	34656790	34656800
258	32809380	33427480	34656690	34656680
259	32808840	33427800	34658780	34658780
260	32807960	54398420	34658190	34658200
261	32808040	43903570	34648900	34648890
262	32806230	33413500	34646400	34646400
263	32806900	64866770	34644260	34644260
264	32806440	54390310	34651720	34651720
265	32802060	43896630	34645760	34645770
266	32806890	33422540	34655260	34655250
267	32809850	64887670	34662200	34662200
268	32808150	54394990	34657120	34657120
269	32806330	43914260	34660860	34660860
270	32802980	33425940	34657390	34657390
271	32797380	64869530	34646540	34646540
272	32795810	54373270	34636990	34637000
273	32798950	43895270	34645710	34645700
274	32797000	33405380	34641350	34641350
275	32795540	64869620	34648610	34648610
276	32797640	54384710	34648830	34648830
277	32797790	43889570	34639250	34639250
278	32797840	33400790	34637450	34637450
279	32798620	64858660	34637770	34637770
280	32800420	54382500	34645100	34645100
281	32800430	43900900	34649670	34649670
282	32798320	33411890	34646960	34646960
283	32800220	64869910	34647470	34647470
284	32807890	54376050	34640390	34640390
285	32796100	43892190	34642190	34642190
286	32793760	33408920	34643850	34643860
287	32798280	64873160	34650190	34650180
288	32798230	43908030	34654870	34654870
289	32795830	43894870	34644310	34644310
290	32795870	33397900	34633690	34633690
291	32794030	64846190	34626890	34626890
292	32796030	54382180	34645680	34645680
293	32796060	43894050	34643270	34643270
294	32802080	33417910	34651990	34651990
295	32799910	64876870	34654350	34654350
296	32796170	54388890	34652250	34652250
297	32794060	43892980	34643110	34643110
298	32799640	33415950	34650410	34650410
299	32798310	64876670	34653140	34653140
300	32797740	54384600	34648010	34648010
301	32798060	43905970	34654180	34654180
302	32796440	33424640	34654320	34654320
303	32799550	75375270	34655510	34655510
304	32799420	54398120	34657050	34657050
305	32797900	43908950	34655940	34655950
306	32803800	33434770	34659030	34659020
307	32802720	64886400	34658000	34658000
308	32804410	54401660	34660950	34660950
309	32800070	55040380	34649460	34649460
310	32799810	33409440	34644530	34644530
311	32801080	33413610	34649060	34649060
312	32800140	54388360	34651150	34651150
313	32799070	43905610	34653000	34653000
314	32800600	33413750	34648310	34648310
315	32799870	64874670	34652200	34652200
316	32804620	54400470	34657700	34657700
317	32801250	43911430	34656130	34656140
318	32803240	33423150	34655150	34655140
319	32798420	64869280	34646680	34646680
320	32799640	54390140	34651530	34651530
321	32798310	43894220	34644180	34644180
322	32799160	33407890	34642270	34642280
323	32801270	64872860	34649860	34649850
324	32802510	54390230	34652340	34652350
325	32804740	43912450	34659680	34659670
326	32801110	33410520	34645500	34645500
327	32799470	64874750	34651410	34651410
328	32801450	54398990	34658540	34658540
329	32799630	43907370	34655250	34655220
330	32799980	33430520	34657390	34657380
331	32796320	64876780	34654520	34654520
332	32798790	54384000	34647560	34647560
333	32802830	43909980	34656940	34656940
334	32801860	33428150	34656840	34656840
335	32798930	64873120	34651230	34651230
336	32796030	54386580	34650150	34650150
337	32794220	43882270	34634750	34634750
338	32797280	33406530	34643050	34643050
339	32800310	64875310	34652620	34652620
340	32806920	54398350	34658830	34658830
341	32804630	43909960	34657520	34657520
342	32805240	33425310	34656870	34656870
343	32805620	64872680	34648600	34648600
344	32803430	54384650	34646360	34646360
345	32802780	43905050	34652810	34652810
346	32802790	33422920	34656790	34656790
347	32804320	64874550	34650860	34650860
348	32802930	54397000	34574060	34656940
349	32798920	43895470	34644370	34644380
350	32803050	1964280	34655030	34675500
351	32802650	64883150	34657200	34657200
352	32802070	54389020	34651340	34651340
353	32800140	43893330	34641700	34641700
354	32797020	33403390	34638280	34638280
355	32799570	64870230	34648440	34648440
356	32796990	54370790	34636480	34636490
357	32797260	43896480	34645470	34645460
358	32796640	33407500	34642710	34642720
359	32798930	64866200	34643700	34643690
360	32797860	54382640	34647050	34647050
361	32803750	43909650	34657670	34657670
362	32803820	33415420	34649740	34649750
363	32799450	64867270	34644260	34644250
364	32800080	54383150	34645830	34645830
365	32800150	43892590	34642480	34642480
366	32800000	33416160	34650230	34650230
367	32800390	64876490	34653230	34653230
368	32797800	54386550	34649580	34649580
369	32799800	54389090	34652050	34652050
370	32800760	33417070	34650750	34650760
371	32800350	64874460	34651720	34651710
372	32804310	54392190	34655080	34655080
373	32801820	43903680	34651830	34651830
374	32801170	1961070	34652170	34652170
375	32797920	64872070	34650150	34650150
376	32800990	54383610	34647420	34647420
377	32802010	43890880	34640670	34640670
378	32796700	33392090	34630910	34630910
379	32795840	64844830	34628520	34628530
380	32795210	54361710	34630530	34630520
381	32796930	43872220	34627080	34627080
382	32800880	33406530	34643330	34643330
383	32799450	64866350	34644680	34644680
384	32798580	54380920	34643860	34643860
385	32805580	43913770	34659790	34659790
386	32806650	33421430	34653860	34653860
387	32802020	64874000	34651470	34651480
388	32799270	54386140	34650240	34650230
389	32803980	43910160	34659280	34659280
390	32804160	33418110	34652540	34652550
391	32804550	64866650	34644650	34644640
392	32808130	54391170	34653650	34653650
393	32807040	43904820	34652870	34652870
394	32803720	33395060	34633520	34633530
395	32799110	64859310	34641040	34641030
396	32807590	54375810	34640590	34640590
397	32805400	43899880	34649120	34649120
398	32801890	33413240	34648850	34648850
399	32800880	64874020	34652060	34652060
400	32802980	54396070	34656700	34656700
401	32803930	43905760	34654160	34654160
402	32800700	33412430	34648560	34648560
403	32792420	64852190	34634460	34634460
404	32799700	54383830	34648440	34648440
405	32803420	54375220	34639670	34639670
406	32801960	33400950	34638870	34638870
407	32803100	64873160	34651230	34651230
408	32796880	64853090	34634940	34634940
409	32798740	43893720	34644700	34644700
410	32799520	33400910	34637710	34637710
411	32795840	64854530	34636200	34636200
412	32795330	54373270	34639410	34639410
413	32793520	43885640	34638030	34638030
414	32797150	33405130	34642220	34642230
415	32797780	64872710	34650930	34650920
416	32802100	54400360	34662070	34662070
417	32797070	43900850	34651230	34651240
418	32797390	33410460	34646880	34646870
419	32799260	64872200	34650050	34650050
420	32796780	54364380	34631080	34631080
421	32797750	43880530	34632980	34632980
422	32800260	33408930	34644690	34644690
423	32795520	64858950	34639260	34639260
424	32793560	54369070	34635670	34635670
425	32797480	43896420	34646670	34646670
426	32800550	33419390	34654800	34654800
427	32803600	64881000	34656080	34656080
428	32803740	54390100	34653920	34653920
429	32804740	54396470	34659140	34659140
430	32804390	33418780	34653290	34653290
431	32806490	64875350	34651830	34651830
432	32800980	54377900	34642640	34642640
433	32801990	43890380	34640780	34640780
434	32801140	33404610	34642100	34642100
435	32800370	64867310	34646900	34646900
436	32802450	54368570	34636030	34636040
437	32804300	43896080	34645480	34645470
438	32800480	33404040	34641580	34641580
439	32800700	64871890	34649760	34649760
440	32797930	54381720	34647230	34647230
441	32801530	43897650	34646960	34646960
442	32798070	22907810	34632510	34632510
443	32797840	64866270	34644360	34644360
444	32795330	54362270	34630380	34630390
445	32798850	43892610	34642830	34642820
446	32797650	33409210	34645040	34645040
447	32798100	64858530	34638040	34638040
448	32800590	54382260	34645150	34645150
449	32800250	43876780	34632040	34632040
450	32797620	33407110	34642060	34642060
451	32799310	64873480	34651040	34651040
452	32798190	54384890	34649030	34649030
453	32800070	43893600	34643090	34643100
454	32799880	33411280	34645640	34645630
455	32793210	64845340	34627760	34627760
456	32790550	54356970	34625160	34625160
457	32790450	43877950	34630700	34630710
458	32796090	33405850	34642200	34642190
459	32795760	64868210	34646430	34646440
460	32799140	54387370	34650500	34650490
461	32799240	54388650	34652870	34652880
462	32796280	33417400	34652400	34652390
463	32798460	64877350	34653700	34653700
464	32796480	54381430	34645960	34645960
465	32798170	43899190	34648920	34648920
466	32795710	33407120	34642820	34642820
467	32792020	64848030	34630400	34630400
468	32788690	54344840	34618650	34618650
469	32791010	43874750	34627910	34627910
470	32796320	33412550	34648200	34648200
471	32793110	64860990	34640820	34640820
472	32796030	54381600	34644730	34644740
473	32802000	43901980	34650620	34650620
474	32797550	33411280	34646200	34646190
475	32793830	64854700	34634270	34634280
476	32796660	54382660	34646340	34646340
477	32795170	43888020	34638280	34638270
478	32798120	33411980	34646970	34646970
479	32794640	64860660	34638670	34638670
480	32795590	54378180	34641390	34641390
481	32796510	43893480	34641800	34641800
482	32798950	43903720	34648330	34648370
483	32796160	64871770	34648530	34648530
484	32798670	54384850	34648660	34648660
485	32801080	43911540	34657610	34657610
486	32798270	33425170	34654050	34654050
487	32793890	64863400	34641880	34641880
488	32790040	54356820	34624780	34624790
489	32788090	43873730	34626020	34626010
490	32792260	33407080	34642290	34642290
491	32791800	64851500	34631190	34631200
492	32791810	54373150	34637990	34637980
493	32789080	43876000	34629400	34629400
494	32793380	33411030	34645710	34645710
495	32799530	64875520	34652700	34652700
496	32798910	54385460	34648390	34648400
497	32796540	43892010	34643020	34643020
498	32798770	33422840	34656440	34656430
499	32795920	64858250	34639060	34639060

============================================================
# BITSTREAM: 100ms_5etapas.bit
# VENTANA: 100ms
# ETAPAS_PRINCIPAL: 5
# NUM_MUESTRAS: 500
# FORMATO: idx	freq1_hz	freq2_hz	freq3_hz	freq4_hz
============================================================
idx	freq1_hz	freq2_hz	freq3_hz	freq4_hz
0	32271290	32271290	32271290	32271290
1	32270880	32270880	32270880	32270880
2	32268140	32268150	32268150	32267820
3	32268090	32268090	32268090	32268090
4	32269700	32269690	32269690	32269690
5	32266420	32266430	32266430	32266430
6	32269300	32269300	32269300	32269300
7	32268060	32268050	32268050	32268050
8	32266330	32266330	32266330	32266340
9	32270540	32270540	32270540	32270540
10	32273640	32268520	32273640	32273640
11	32274100	32268980	32274100	32274090
12	32272190	32267080	32272200	32272200
13	32264560	32259430	32264550	32264560
14	32267930	32267930	32267940	32267930
15	32264080	32258970	32264080	32264080
16	32266090	32260960	32266080	32266080
17	32269200	32269200	32269200	32269200
18	32269590	32269590	32269590	32269600
19	32267550	32267560	32267560	32267550
20	32267940	32267930	32267940	32267940
21	32270760	32270760	32270750	32270760
22	32270770	32270770	32270780	32270770
23	32270310	32270310	32270300	32270310
24	32267310	32267320	32267320	32267310
25	32263720	32258600	32263720	32263720
26	32265660	32260530	32265650	32265650
27	32267020	32267020	32267020	32267020
28	32266750	32266760	32266760	32266760
29	32266570	32266560	32266560	32266570
30	32265450	32260330	32265450	32265440
31	32266230	32266240	32266240	32266240
32	32267360	32267350	32267360	32267360
33	32267870	32267870	32267860	32267860
34	32268460	32268460	32268460	32268470
35	32267880	32267880	32267880	32267880
36	32271130	32271130	32271140	32271130
37	32267800	32267810	32267800	32267800
38	32269810	32269800	32269800	32269810
39	32269500	32269500	32269500	32269500
40	32269890	32269890	32269890	32269890
41	32270450	32270450	32270450	32270440
42	32270580	32270580	32270580	32270590
43	32270920	32270930	32270930	32270920
44	32269110	32269110	32269110	32269110
45	32267980	32267970	32267970	32267980
46	32271570	32266450	32271580	32271570
47	32273840	32268720	32273830	32273840
48	32268290	32268290	32268290	32268280
49	32268080	32268080	32268080	32268080
50	32268860	32268860	32268870	32268870
51	32268750	32268750	32268750	32268750
52	32266910	32266920	32266910	32266910
53	32273270	32268140	32273270	32273270
54	32271050	32271060	32271050	32271050
55	32273450	32268320	32273440	32273450
56	32274090	32268980	32274100	32274090
57	32272790	32267660	32272780	32272780
58	32274630	32269510	32274630	32274630
59	32274690	32269580	32274700	32274700
60	32272390	32267260	32272380	32272380
61	32270770	32270770	32270780	32270780
62	32271730	32266610	32271730	32271730
63	32271020	32271030	32271020	32271020
64	32269250	32269240	32269240	32269250
65	32267670	32267670	32267670	32267670
66	32271210	32271210	32271210	32271210
67	32268050	32268050	32268050	32270610
68	32266200	32261080	32266200	32266200
69	32268350	32268350	32268360	32268350
70	32265460	32260340	32265460	32265460
71	32265710	32260590	32265710	32265710
72	32267940	32267940	32267930	32267940
73	32267920	32267930	32267930	32267920
74	32264760	32259630	32264750	32264760
75	32266970	32266970	32266970	32266960
76	32265860	32260740	32265860	32265870
77	32267730	32267730	32267740	32267730
78	32269420	32269430	32269420	32269420
79	32266540	32266530	32266540	32266540
80	32266150	32261030	32266140	32266140
81	32265780	32260670	32265790	32265790
82	32266780	32266780	32266780	32266780
83	32266630	32266630	32266630	32266630
84	32266260	32266250	32266250	32266260
85	32269070	32269080	32269080	32269070
86	32270150	32270140	32270140	32270150
87	32269100	32269110	32269110	32269100
88	32267610	32267600	32267600	32267610
89	32266710	32266710	32266710	32266700
90	32269160	32269160	32269170	32269170
91	32266820	32266830	32266820	32266820
92	32268460	32268450	32268450	32268460
93	32267090	32267100	32267100	32267090
94	32266680	32266670	32266670	32266680
95	32264490	32259370	32264490	32264480
96	32266300	32266300	32266310	32266310
97	32264630	32259510	32264620	32264630
98	32263500	32258390	32263510	32263500
99	32265800	32260680	32265800	32265800
100	32267900	32267890	32267890	32267900
101	32271630	32266510	32271640	32271630
102	32269600	32269600	32269590	32269590
103	32270100	32270100	32270100	32270100
104	32269450	32269460	32269460	32269460
105	32269130	32269120	32269130	32269130
106	32267400	32267400	32267390	32267390
107	32267180	32267180	32267190	32267190
108	32269770	32269770	32269760	32269760
109	32269640	32269650	32269650	32269650
110	32269950	32269950	32269950	32269950
111	32267840	32267830	32267830	32267830
112	32266890	32266900	32266900	32266900
113	32267810	32267800	32267810	32267810
114	32266430	32266430	32266420	32266420
115	32267060	32267070	32267070	32267070
116	32265930	32260800	32265920	32265920
117	32269390	32269390	32269400	32269400
118	32267790	32267800	32267790	32267790
119	32268100	32268100	32268100	32268100
120	32269490	32269480	32269480	32269490
121	32270680	32270690	32270690	32270680
122	32269760	32269760	32269760	32269760
123	32270470	32270470	32270470	32270470
124	32268390	32268380	32268390	32268390
125	32266320	32266330	32266320	32266320
126	32269000	32268990	32268990	32269000
127	32270610	32270620	32270620	32270610
128	32273860	32268730	32273850	32273860
129	32275030	32269910	32275030	32275030
130	32272990	32267870	32272990	32272990
131	32268230	32268230	32268230	32268230
132	32269080	32269080	32269080	32269070
133	32270180	32270180	32270180	32270180
134	32270550	32270550	32270550	32270550
135	32269050	32269060	32269060	32269060
136	32272230	32267110	32272230	32272230
137	32274630	32269500	32274630	32272070
138	32273750	32268640	32273750	32273750
139	32274130	32269000	32274130	32274130
140	32274480	32269360	32274470	32274470
141	32272080	32266970	32272090	32272090
142	32270590	32270580	32270580	32270590
143	32272560	32267440	32272570	32272560
144	32273050	32267930	32273050	32273050
145	32273940	32268820	32273930	32273940
146	32274620	32269500	32274630	32274620
147	32271780	32266670	32271780	32271780
148	32270380	32270380	32270380	32270380
149	32269900	32269900	32269900	32269900
150	32272950	32267830	32272950	32272950
151	32269110	32269100	32269100	32269110
152	32270530	32270530	32270530	32270210
153	32270320	32270330	32270330	32270320
154	32269560	32269560	32269560	32269560
155	32264900	32259780	32264900	32264900
156	32267210	32267200	32267200	32267210
157	32268540	32268550	32268550	32268540
158	32267180	32267170	32267170	32267180
159	32272860	32267750	32272870	32272860
160	32272610	32267480	32272610	32272610
161	32272740	32267620	32272730	32272730
162	32271140	32271140	32271140	32271140
163	32273590	32268470	32273590	32273600
164	32274990	32269870	32274990	32274990
165	32273610	32268490	32273610	32273600
166	32271370	32266250	32271370	32271370
167	32272800	32267680	32272810	32272810
168	32271740	32266630	32271740	32271740
169	32272690	32267560	32272690	32272690
170	32274870	32269760	32274870	32274870
171	32274410	32269280	32274400	32274410
172	32270020	32270020	32270020	32270020
173	32273630	32268510	32273630	32273630
174	32270940	32270940	32270950	32270940
175	32272540	32267420	32272530	32272540
176	32271090	32271100	32271100	32271090
177	32271990	32266860	32271980	32271980
178	32272240	32267120	32272240	32272240
179	32273380	32268260	32273380	32273380
180	32272330	32267210	32272330	32272330
181	32275910	32270790	32275910	32275910
182	32274330	32269210	32274330	32274330
183	32274300	32269190	32274310	32274310
184	32272000	32266870	32271990	32272000
185	32273730	32268610	32273740	32273410
186	32270750	32270750	32270740	32270740
187	32270860	32270860	32270860	32270870
188	32271010	32271010	32271010	32271010
189	32272810	32267700	32272820	32272810
190	32274030	32268900	32274020	32274020
191	32270850	32270850	32270860	32270860
192	32272340	32267220	32272340	32272340
193	32271910	32266790	32271900	32271900
194	32272010	32266900	32272020	32272020
195	32274450	32269330	32274450	32274450
196	32274170	32269040	32274160	32274170
197	32275310	32270200	32275320	32275310
198	32276970	32276960	32276960	32276970
199	32275070	32269950	32275070	32275060
200	32273390	32268270	32273390	32273400
201	32274030	32268910	32274030	32274030
202	32274720	32269600	32274720	32274720
203	32272960	32267850	32272970	32272960
204	32271750	32266630	32271750	32271750
205	32270590	32270590	32270590	32270590
206	32272410	32267280	32272410	32272410
207	32272290	32267180	32272290	32272290
208	32272830	32267710	32272830	32272830
209	32274750	32269620	32274740	32274750
210	32273480	32268360	32273490	32273480
211	32267440	32267450	32267440	32267440
212	32266160	32261030	32266160	32266160
213	32266820	32266820	32266820	32266820
214	32269690	32269690	32269680	32269690
215	32270480	32270480	32270490	32270480
216	32271370	32266250	32271370	32271690
217	32271620	32266500	32271610	32271620
218	32271450	32266330	32271450	32271440
219	32272450	32267340	32272460	32272460
220	32270380	32270370	32270370	32270380
221	32270970	32270970	32270970	32270970
222	32274610	32269490	32274620	32274610
223	32273750	32268630	32273740	32273750
224	32272530	32267410	32272540	32272530
225	32273390	32268270	32273380	32273380
226	32275260	32270140	32275260	32275270
227	32273840	32268730	32273850	32273840
228	32274780	32269650	32274780	32274780
229	32272620	32267500	32272610	32272620
230	32273670	32268550	32273670	32273670
231	32272510	32267400	32272520	32272510
232	32274020	32268900	32274020	32274020
233	32270760	32270750	32270750	32270760
234	32269080	32269080	32269080	32269070
235	32268760	32268760	32268760	32268770
236	32267230	32267230	32267240	32267230
237	32270410	32270420	32270410	32270410
238	32271820	32266700	32271820	32271820
239	32270130	32270120	32270120	32270130
240	32266600	32266600	32266600	32266600
241	32266820	32266820	32266820	32266820
242	32267880	32267880	32267880	32267870
243	32268270	32268280	32268280	32268280
244	32264920	32259790	32264910	32264910
245	32263910	32258800	32263920	32263920
246	32265040	32259910	32265040	32265040
247	32266280	32266280	32266270	32266280
248	32268800	32268800	32268800	32268800
249	32270490	32270490	32270490	32270480
250	32270630	32270630	32270630	32270630
251	32269950	32269950	32269950	32269950
252	32271240	32271240	32271240	32271240
253	32271160	32271170	32271170	32271170
254	32272190	32267070	32272190	32272190
255	32272200	32267070	32272200	32272200
256	32272290	32267170	32272280	32272290
257	32272990	32267870	32272990	32272990
258	32275570	32270450	32275570	32275570
259	32275410	32270290	32275420	32275410
260	32273770	32268650	32273770	32273770
261	32271390	32266280	32271390	32271390
262	32270280	32270270	32270270	32270280
263	32270980	32270990	32270990	32270980
264	32269880	32269870	32269870	32269870
265	32270540	32270550	32270550	32270550
266	32269380	32269370	32269380	32269380
267	32268720	32268730	32268720	32268720
268	32264990	32259870	32264990	32264990
269	32267760	32267750	32267760	32267760
270	32266380	32266380	32266370	32266380
271	32265910	32260800	32265920	32265910
272	32267330	32267330	32267330	32267330
273	32270480	32270480	32270480	32270480
274	32269360	32269350	32269350	32269360
275	32270260	32270260	32270260	32270260
276	32269600	32269600	32269610	32269600
277	32270710	32270720	32270710	32270710
278	32272910	32267790	32272910	32272910
279	32270330	32270320	32270330	32270330
280	32268830	32268840	32268830	32268830
281	32267120	32267110	32267120	32267120
282	32266090	32260970	32266090	32266090
283	32267240	32267250	32267240	32267240
284	32266560	32266560	32266560	32266560
285	32266690	32266690	32266690	32266690
286	32268320	32268310	32268310	32268310
287	32267910	32267910	32267910	32267920
288	32267850	32267860	32267860	32267850
289	32267140	32267140	32267140	32267140
290	32265180	32260060	32265180	32265180
291	32263620	32258490	32263610	32263620
292	32266320	32266330	32266330	32266320
293	32265940	32260820	32265940	32265940
294	32266360	32266360	32266360	32266360
295	32268940	32268930	32268930	32268940
296	32267600	32267600	32267600	32267590
297	32267800	32267810	32267810	32267810
298	32267240	32267240	32267240	32267240
299	32264390	32259260	32264380	32264380
300	32259110	32259110	32259120	32259120
301	32256220	32256220	32256210	32256220
302	32258600	32258600	32258600	32258600
303	32259180	32259180	32259180	32259180
304	32262300	32257190	32262310	32262300
305	32261160	32256030	32261150	32261150
306	32260890	32260900	32260900	32260900
307	32262660	32257530	32262660	32262660
308	32258280	32258280	32258270	32258280
309	32259460	32259460	32259460	32259450
310	32261880	32256760	32261880	32261890
311	32263500	32258380	32263500	32263500
312	32263700	32258580	32263700	32263690
313	32262480	32257370	32262490	32262490
314	32262570	32257440	32262560	32262570
315	32259950	32259960	32259960	32259950
316	32260790	32260780	32260780	32260790
317	32263180	32258060	32263180	32263180
318	32263140	32258030	32263150	32263140
319	32264140	32259010	32264130	32264140
320	32264460	32259340	32264470	32264460
321	32265500	32260380	32265490	32265490
322	32266510	32266510	32266510	32266520
323	32265140	32260020	32265140	32265140
324	32264240	32259120	32264240	32264240
325	32263690	32258570	32263690	32263690
326	32265140	32260020	32265150	32265140
327	32262530	32257410	32262520	32262530
328	32260680	32260690	32260690	32260680
329	32260310	32260300	32260310	32260310
330	32261220	32256100	32261210	32261210
331	32262620	32257510	32262630	32262630
332	32262240	32257120	32262240	32262240
333	32261720	32256590	32261710	32261720
334	32260320	32260320	32260320	32260320
335	32260700	32260700	32260700	32260700
336	32260800	32260800	32260800	32260800
337	32258390	32258390	32258390	32258390
338	32262050	32256930	32262050	32262050
339	32262520	32257400	32262530	32262520
340	32259170	32259180	32259170	32259170
341	32262310	32257180	32262300	32262310
342	32263670	32258550	32263670	32263670
343	32263560	32258450	32263570	32263560
344	32265080	32259960	32265080	32265080
345	32264910	32259780	32264900	32264910
346	32266480	32266480	32266490	32266480
347	32263400	32258290	32263400	32263400
348	32264430	32259310	32264430	32264430
349	32266940	32266930	32266940	32266940
350	32265710	32260590	32265710	32265710
351	32267000	32267000	32266990	32267000
352	32265790	32260670	32265800	32265790
353	32266930	32266930	32266920	32266930
354	32266490	32266490	32266490	32266490
355	32263360	32258250	32263370	32263360
356	32264340	32259220	32264340	32264340
357	32265030	32259910	32265030	32265030
358	32262730	32257600	32262730	32262730
359	32263420	32258300	32263420	32263420
360	32264490	32259380	32264490	32264490
361	32262400	32257280	32262400	32262400
362	32264250	32259130	32264250	32264250
363	32263840	32258710	32263830	32263840
364	32260520	32260520	32260520	32260510
365	32258830	32258830	32258830	32258840
366	32262000	32256880	32262000	32262000
367	32262940	32257830	32262950	32262940
368	32263750	32258630	32263750	32263750
369	32264690	32259570	32264690	32264690
370	32266300	32266290	32266290	32266290
371	32265830	32260710	32265840	32265840
372	32267580	32267590	32267580	32267580
373	32266240	32261110	32266230	32266240
374	32263880	32258760	32263890	32263880
375	32263830	32258710	32263820	32263830
376	32266220	32261110	32266230	32266220
377	32263480	32258350	32263470	32263470
378	32262230	32257110	32262230	32262240
379	32260690	32260690	32260690	32260690
380	32261150	32256040	32261160	32261150
381	32263920	32258790	32263910	32263920
382	32262050	32256930	32262060	32262050
383	32263760	32258650	32263760	32263760
384	32262770	32257650	32262770	32262770
385	32263010	32257880	32263000	32263010
386	32266570	32266570	32266570	32266560
387	32264450	32259330	32264450	32264460
388	32263880	32258760	32263880	32263880
389	32263170	32258060	32263180	32263170
390	32265730	32260610	32265730	32265730
391	32265600	32260470	32265600	32265600
392	32268570	32268570	32268560	32268570
393	32264650	32259540	32264660	32264650
394	32262440	32257310	32262430	32262430
395	32263190	32258070	32263200	32263200
396	32262410	32257300	32262410	32262410
397	32264130	32259000	32264120	32264130
398	32263610	32258490	32263620	32263610
399	32262990	32257870	32262980	32262990
400	32263210	32258090	32263220	32263210
401	32266460	32266460	32266460	32266460
402	32265120	32260000	32265120	32265120
403	32263030	32257910	32263020	32263020
404	32262370	32257250	32262380	32262380
405	32263830	32258710	32263820	32263820
406	32262560	32257440	32262560	32262560
407	32265130	32260010	32265130	32265140
408	32266080	32260970	32266090	32266080
409	32263330	32258200	32263320	32263320
410	32264110	32259000	32264120	32264120
411	32262690	32257570	32262690	32262690
412	32262430	32257310	32262430	32262430
413	32260620	32260620	32260620	32260620
414	32259490	32259480	32259490	32259490
415	32261440	32256330	32261440	32261440
416	32261030	32261020	32261020	32261020
417	32259100	32259110	32259110	32259110
418	32260040	32260030	32260030	32260030
419	32261940	32256820	32261950	32261950
420	32262100	32256990	32262100	32262100
421	32262990	32257860	32262980	32262990
422	32263710	32258590	32263710	32263710
423	32263110	32257990	32263110	32263100
424	32264350	32259230	32264350	32264360
425	32267620	32267620	32267630	32267620
426	32267390	32267390	32267390	32267390
427	32265290	32260180	32265290	32265290
428	32265890	32260760	32265880	32265880
429	32264060	32258950	32264070	32264070
430	32266800	32266800	32266800	32266800
431	32267790	32267790	32267790	32267790
432	32262950	32257820	32262950	32262950
433	32264700	32259580	32264690	32264700
434	32269080	32269080	32269090	32269080
435	32269060	32269060	32269050	32269060
436	32266070	32260960	32266080	32266070
437	32264570	32259440	32264560	32264570
438	32266910	32266920	32266920	32266910
439	32265430	32260300	32265420	32265420
440	32264620	32259500	32264620	32264630
441	32265910	32260790	32265910	32265910
442	32266230	32266240	32266240	32266230
443	32265160	32260030	32265150	32265160
444	32265870	32260760	32265880	32265870
445	32265190	32260060	32265180	32265190
446	32265770	32260660	32265780	32265770
447	32263560	32258430	32263550	32263550
448	32264270	32259160	32264280	32264280
449	32264530	32259400	32264520	32264530
450	32266130	32261010	32266130	32266130
451	32267260	32267270	32267270	32267260
452	32267770	32267760	32267760	32267770
453	32267670	32267670	32267670	32267670
454	32265990	32260870	32265990	32265980
455	32266190	32261070	32266190	32266190
456	32266240	32266240	32266250	32266250
457	32267770	32267770	32267770	32267770
458	32265100	32259980	32265090	32265100
459	32262000	32256880	32262000	32262000
460	32264360	32259240	32264360	32264350
461	32264110	32259000	32264120	32264120
462	32264230	32259100	32264220	32264230
463	32264580	32259470	32264590	32264580
464	32265130	32260010	32265130	32265130
465	32267030	32267020	32267030	32267030
466	32264300	32259190	32264300	32264300
467	32266870	32266860	32266870	32266870
468	32266360	32266360	32266350	32266360
469	32266800	32266810	32266810	32266800
470	32266360	32266350	32266350	32266350
471	32265680	32260570	32265690	32265690
472	32265200	32260070	32265190	32265200
473	32265830	32260710	32265830	32265830
474	32263820	32258700	32263820	32263820
475	32265000	32259880	32265000	32265000
476	32267840	32267840	32267840	32267840
477	32269220	32269220	32269230	32269220
478	32273520	32268400	32273510	32273520
479	32273310	32268190	32273310	32273310
480	32274050	32268940	32274060	32274050
481	32274830	32269700	32274820	32274830
482	32272660	32267550	32272670	32272660
483	32273670	32268540	32273660	32273660
484	32272270	32267160	32272280	32272280
485	32273750	32268620	32273740	32273750
486	32272590	32267470	32272590	32272590
487	32273960	32268850	32273970	32273960
488	32273740	32268620	32273740	32273740
489	32271670	32266540	32271660	32271670
490	32272780	32267660	32272780	32272780
491	32273480	32268360	32273480	32273480
492	32275180	32270060	32275190	32275180
493	32271100	32271110	32271100	32271100
494	32270550	32270540	32270550	32270550
495	32270340	32270350	32270340	32270340
496	32269120	32269110	32269110	32269110
497	32273970	32268850	32273980	32273980
498	32275180	32270060	32275180	32275180
499	32275860	32270740	32275850	32276180

============================================================
# BITSTREAM: 100ms_51etapas.bit
# VENTANA: 100ms
# ETAPAS_PRINCIPAL: 51
# NUM_MUESTRAS: 500
# FORMATO: idx	freq1_hz	freq2_hz	freq3_hz	freq4_hz
============================================================
idx	freq1_hz	freq2_hz	freq3_hz	freq4_hz
0	14079980	12958950	13541610	11864570
1	14079200	12957740	13540710	11863470
2	14079960	12958790	13541150	11864110
3	14080450	12959190	13541390	11865780
4	14079840	12958510	13540870	11864330
5	14079660	12958500	13540970	11864960
6	14079700	12958280	13540930	11864680
7	14079760	12958270	13541240	11865530
8	14079090	12957800	13540290	11862750
9	14078830	12957910	13540550	11863760
10	14079320	12958220	13541020	11863880
11	14079240	12958560	13541110	11862850
12	14079220	12958520	13540940	11864070
13	14079680	12958800	13541440	11863300
14	14079630	12958180	13540960	11862890
15	14079330	12958120	13540940	11861940
16	14078550	12957730	13540430	11861800
17	14079490	12958410	13540880	11865080
18	14078860	12958170	13540290	11861620
19	14079670	12958560	13541280	11864330
20	14078530	12957620	13540280	11862320
21	14079020	12958010	13540650	11863470
22	14078860	12957880	13539930	11862470
23	14079560	12958420	13540510	11865550
24	14080540	12959270	13541400	11864480
25	14080070	12958560	13541100	11863860
26	14080530	12959230	13541560	11863050
27	14081010	12959370	13541520	11864780
28	14079880	12958440	13540500	11863220
29	14080520	12959060	13541340	11863540
30	14080330	12959320	13541210	11863290
31	14081440	12960020	13541900	11866870
32	14080750	12959650	13541610	11863100
33	14079760	12958450	13540820	11864400
34	14080130	12959040	13541090	11862820
35	14078670	12957570	13540410	11865060
36	14078390	12957080	13539890	11862310
37	14079200	12957990	13540560	11865360
38	14079510	12957820	13540550	11861640
39	14079370	12957880	13540840	11864770
40	14080010	12958700	13541220	11862370
41	14080140	12959350	13541570	11864160
42	14080920	12959580	13541780	11864630
43	14079590	12958730	13541150	11863420
44	14079640	12958730	13540960	11864410
45	14080720	12959530	13541860	11863230
46	14079920	12958820	13541040	11862440
47	14080660	12959000	13541890	11862980
48	14080260	12959290	13541510	11863260
49	14080360	12959150	13541690	11864710
50	14079480	12963760	13540830	11862890
51	14079620	12958890	13541570	11864690
52	14079720	12958780	13541140	11863120
53	14080030	12959260	13541950	11863350
54	14082650	12961430	13543920	11865600
55	14083290	12961640	13544460	11866000
56	14081450	12960210	13542610	11863070
57	14081600	12960150	13543200	11866320
58	14081420	12959770	13542500	11862320
59	14081570	12960120	13542570	11864490
60	14083600	12961980	13544230	11867300
61	14083460	12961950	13544640	11867380
62	14082160	12960820	13543430	11863470
63	14082570	12961520	13544020	11867130
64	14081920	12960860	13543410	11863920
65	14082550	12961000	13544060	11867130
66	14083050	12961310	13543980	11864630
67	14082500	12961140	13543800	11865250
68	14081860	12960580	13543140	11864790
69	14082170	12960730	13543320	11864690
70	14082270	12961130	13543410	11863690
71	14082400	12960870	13543610	11867770
72	14082650	12960740	13543420	11866870
73	14082450	12960940	13543590	11865330
74	14081920	12960440	13543320	11865910
75	14082900	12960430	13543650	11864530
76	14081660	12960150	13542590	11866240
77	14081830	12960390	13542980	11866410
78	14082300	12960890	13542510	11864220
79	14081300	12959770	13541690	11866160
80	14082110	12959760	13542080	11864300
81	14080230	12959410	13541740	11863090
82	14079190	12958690	13540930	11862520
83	14078280	12957150	13540070	11864660
84	14079710	12958770	13541280	11864130
85	14079530	12958800	13541440	11864360
86	14078240	12957220	13539960	11862340
87	14079600	12958620	13541330	11864040
88	14078710	12957390	13540550	11864240
89	14078640	12957370	13540690	11864410
90	14078280	12957300	13540040	11862130
91	14078410	12957400	13540220	11862740
92	14078630	12957320	13540260	11861480
93	14078740	12957620	13540430	11862310
94	14079050	12958200	13540650	11863160
95	14078360	12957170	13540250	11862710
96	14078490	12957270	13539660	11862260
97	14079980	12958730	13541100	11863370
98	14078800	12957560	13540510	11861710
99	14078960	12957750	13540640	11863960
100	14078850	12957810	13539780	11860590
101	14079040	12958280	13540300	11862420
102	14079080	12958130	13540460	11862290
103	14079540	12957770	13540820	11863250
104	14079250	12958120	13540370	11861980
105	14079460	12958340	13541030	11863720
106	14078380	12957540	13540380	11863520
107	14078200	12956760	13539780	11862000
108	14077260	12956330	13539000	11860710
109	14077380	12957040	13539840	11862920
110	14077130	12956220	13539050	11860090
111	14078770	12957450	13540640	11863690
112	14078300	12957330	13540040	11860970
113	14077930	12956640	13539720	11862640
114	14077720	12956970	13539790	11860560
115	14078810	12957560	13540850	11864580
116	14077590	12956570	13539780	11863790
117	14077830	12956830	13540060	11862330
118	14077640	12956730	13540080	11861740
119	14078620	12957710	13540460	11863550
120	14079540	12958590	13541280	11862720
121	14079680	12958030	13541240	11864010
122	14079350	12957530	13540770	11863050
123	14079960	12957930	13541380	11864330
124	14079180	12957990	13540190	11862270
125	14079330	12958560	13541210	11865110
126	14079370	12958420	13541040	11864820
127	14080270	12959260	13541630	11862890
128	14080810	12959930	13542090	11865130
129	14080400	12958920	13541610	11866050
130	14079760	12958540	13540750	11863470
131	14079450	12958030	13540870	11864570
132	14079180	12957920	13540550	11863650
133	14078630	12957820	13540610	11864300
134	14079430	12958460	13541000	11863190
135	14079950	12958800	13540970	11862640
136	14080080	12959030	13541760	11864950
137	14080440	12959090	13541950	11864050
138	14080820	12959660	13542120	11864680
139	14080200	12959380	13542210	11863050
140	14080440	12959440	13542250	11865680
141	14080400	12958950	13542170	11865950
142	14079210	12958700	13541180	11864640
143	14079880	12958990	13541910	11863540
144	14079470	12958740	13541790	11864170
145	14079350	12958200	13541120	11864660
146	14078230	12957130	13540100	11860700
147	14078620	12957420	13540810	11862550
148	14078510	12957370	13540800	11864390
149	14079060	12957340	13540910	11862390
150	14079580	12958390	13541510	11864720
151	14079110	12957470	13541040	11864750
152	14079200	12957910	13541130	11861930
153	14080300	12958880	13541660	11866350
154	14080300	12959080	13541880	11863370
155	14080910	12959590	13542170	11863730
156	14079830	12958700	13541630	11865150
157	14079490	12957970	13541060	11864480
158	14079050	12959080	13541530	11862830
159	14079250	12958320	13541240	11864020
160	14079910	12958950	13541220	11863440
161	14079480	12958550	13541330	11863520
162	14080250	12959040	13541800	11865440
163	14079480	12957650	13540950	11862160
164	14079340	12958070	13541030	11863990
165	14080090	12958340	13541550	11865160
166	14079610	12958630	13541440	11864060
167	14079790	12958510	13541240	11863650
168	14080710	12959180	13541640	11863850
169	14080230	12958670	13541200	11864430
170	14078790	12958070	13540480	11863120
171	14079120	12958250	13541050	11863900
172	14079760	12958610	13541790	11865100
173	14078860	12958010	13540960	11864820
174	14078780	12957710	13540570	11861600
175	14079040	12958010	13540970	11864130
176	14079680	12958480	13541400	11865210
177	14079690	12958280	13541190	11864220
178	14079720	12959740	13542940	11865660
179	14079730	12958700	13542380	11863930
180	14079770	12958440	13541700	11863100
181	14079600	12958720	13541870	11863760
182	14079220	12958380	13541180	11864530
183	14079210	12958610	13541210	11863860
184	14079430	12958310	13540980	11865510
185	14079450	12958490	13541280	11863820
186	14079530	12958600	13541530	11863540
187	14079380	12958210	13541640	11864190
188	14079620	12958860	13541500	11863480
189	14079050	12958170	13540830	11863270
190	14078940	12958400	13541040	11864360
191	14079060	12958570	13541190	11862640
192	14078440	12958100	13540530	11864260
193	14078880	12957910	13540770	11863940
194	14078900	12957910	13540450	11863190
195	14079760	12958620	13541160	11864320
196	14079600	12958390	13540980	11863780
197	14079770	12958560	13541370	11863570
198	14079500	12958590	13541150	11865220
199	14079360	12958360	13541260	11865120
200	14079900	12959230	13541410	11863230
201	14079940	12958960	13541740	11866270
202	14080630	12959890	13542150	11863710
203	14080480	12959590	13542380	11865950
204	14079830	12958920	13541780	11862880
205	14079620	12958470	13541430	11863320
206	14079480	12958870	13541130	11864270
207	14079220	12958290	13541030	11865640
208	14079290	12958300	13541010	11864470
209	14078980	12957880	13540700	11865770
210	14079000	12958550	13541020	11862290
211	14079070	12958000	13540820	11863370
212	14079070	12958280	13540720	11862480
213	14080130	12959330	13541430	11862990
214	14079710	12958890	13541070	11864900
215	14079780	12959070	13541640	11865690
216	14078400	12957620	13540010	11863020
217	14079060	12958200	13540680	11865710
218	14079060	12958430	13540790	11861500
219	14079710	12958840	13541500	11864850
220	14079970	12959170	13541660	11862950
221	14079210	12958220	13540770	11862900
222	14079400	12958370	13541190	11863030
223	14078950	12957950	13540570	11864410
224	14078290	12957060	13539900	11862270
225	14079390	12957950	13540780	11862570
226	14078700	12957810	13540280	11861630
227	14078710	12957570	13540410	11863330
228	14078650	12957800	13540190	11862710
229	14078300	12957470	13539890	11864110
230	14078540	12957760	13540420	11864200
231	14079890	12959180	13541740	11863390
232	14080260	12959700	13541810	11862970
233	14079610	12959120	13541420	11864360
234	14078600	12957760	13540970	11862060
235	14078460	12957310	13540700	11865160
236	14079070	12958580	13540680	11862380
237	14078900	12958270	13540510	11861960
238	14079310	12958940	13541270	11864070
239	14079970	12959680	13541710	11865740
240	14079460	12959080	13540920	11864240
241	14079760	12959070	13541650	11862790
242	14079740	12958980	13541340	11863620
243	14080380	12959750	13541890	11864150
244	14079620	12958760	13541230	11863560
245	14079970	12959750	13541830	11865820
246	14079620	12958690	13541110	11863890
247	14078920	12958050	13541230	11864820
248	14078710	12958240	13540680	11864020
249	14078070	12957020	13540120	11861450
250	14079140	12957980	13540560	11863030
251	14079360	12957820	13540740	11862490
252	14079840	12958720	13541490	11862880
253	14080120	12958390	13541720	11864360
254	14080300	12958730	13541440	11863460
255	14080370	12959270	13542070	11864340
256	14079910	12959080	13541610	11864460
257	14080130	12958790	13541240	11864250
258	14080150	12958800	13541460	11863600
259	14080310	12959130	13541690	11863540
260	14079950	12958630	13541330	11863650
261	14079830	12958650	13541370	11866250
262	14080610	12959310	13541680	11866050
263	14080040	12958260	13541570	11864180
264	14079710	12958720	13542030	11863840
265	14080200	12958820	13542140	11865340
266	14080360	12958560	13541770	11863120
267	14079750	12958000	13541540	11864150
268	14078970	12957910	13540810	11862070
269	14080700	12959330	13542190	11866420
270	14080840	12958950	13541660	11864670
271	14079590	12958030	13541350	11863350
272	14079830	12958570	13541160	11864440
273	14078890	12957390	13540300	11863570
274	14079640	12958130	13541140	11862630
275	14079170	12957960	13540890	11863170
276	14079110	12957860	13541060	11864820
277	14078940	12957190	13540600	11862620
278	14078120	12956080	13539960	11860530
279	14078840	12957060	13540380	11863350
280	14078440	12957090	13540340	11861690
281	14078770	12956710	13540030	11862400
282	14078330	12957100	13540150	11863170
283	14078360	12956810	13539990	11863940
284	14078390	12957010	13540190	11863120
285	14079110	12957600	13540630	11863990
286	14079300	12957770	13540620	11863320
287	14079890	12956990	13540090	11861790
288	14078260	12956910	13539660	11863260
289	14078380	12957170	13539790	11861930
290	14078460	12957090	13539820	11863560
291	14079350	12956900	13540840	11862980
292	14078550	12957020	13540040	11861200
293	14078330	12956690	13539710	11863080
294	14079650	12958460	13540740	11864220
295	14079450	12957950	13540570	11862680
296	14077590	12956180	13539150	11862210
297	14078050	12957080	13539530	11864020
298	14077590	12956630	13538960	11863820
299	14077010	12955930	13539100	11862470
300	14077960	12956320	13539870	11861570
301	14078280	12956850	13540130	11864250
302	14077750	12956440	13539470	11863460
303	14078440	12956800	13540300	11864140
304	14078600	12957060	13540400	11861870
305	14079130	12957670	13540580	11863250
306	14078460	12957110	13539800	11861440
307	14078130	12958180	13540500	11862170
308	14079930	12958710	13541020	11862460
309	14080620	12959380	13541680	11863460
310	14080230	12959030	13541190	11863250
311	14080440	12959090	13541470	11865300
312	14079290	12963200	13540540	11863530
313	14079910	12958340	13541400	11862940
314	14078640	12957380	13540400	11862470
315	14079750	12958340	13541150	11863500
316	14079750	12958400	13541110	11864070
317	14080860	12959160	13542300	11865600
318	14081130	12957730	13541320	11862250
319	14079070	12957540	13540620	11863150
320	14078600	12957470	13540090	11861010
321	14081260	12959340	13541870	11866010
322	14081270	12957050	13540030	11862980
323	14078670	12956580	13539760	11863960
324	14078340	12956620	13539610	11860610
325	14079470	12957930	13540280	11865060
326	14078940	12957860	13540030	11862520
327	14079440	12958300	13540370	11864710
328	14078430	12957720	13539910	11862650
329	14078290	12957190	13539970	11864140
330	14078760	12957920	13540540	11864420
331	14079220	12958110	13541040	11863150
332	14079760	12958600	13541390	11862030
333	14079920	12958950	13541560	11865430
334	14078420	12957650	13539910	11862700
335	14078220	12957300	13539880	11864250
336	14078380	12957530	13539890	11862540
337	14079130	12957800	13540310	11865520
338	14079910	12958920	13541390	11864640
339	14080320	12959040	13541410	11865560
340	14080350	12959360	13541820	11865760
341	14080740	12959460	13542400	11864140
342	14079100	12958010	13540430	11861380
343	14079190	12958490	13541300	11864990
344	14079080	12958680	13541300	11862500
345	14078340	12957510	13540690	11862610
346	14078640	12957740	13540720	11862850
347	14079320	12958440	13541280	11862600
348	14079190	12958650	13540680	11863340
349	14078710	12957940	13540680	11862240
350	14078240	12957630	13540230	11861070
351	14079700	12958740	13541240	11865320
352	14079400	12958440	13541180	11863310
353	14078750	12957600	13540370	11863070
354	14078980	12957960	13540660	11863070
355	14079850	12958540	13541260	11863210
356	14080140	12959520	13541560	11863010
357	14079250	12957860	13540870	11863580
358	14078960	12957080	13540160	11863020
359	14078290	12957180	13539800	11862800
360	14078110	12957640	13539910	11860740
361	14078840	12958180	13540380	11864510
362	14080210	12959130	13541560	11862700
363	14080250	12958860	13541920	11864250
364	14079950	12958930	13541260	11861590
365	14079820	12959020	13541780	11863600
366	14079370	12958420	13540690	11861960
367	14079410	12958130	13541190	11863600
368	14079740	12958590	13541080	11864150
369	14079420	12958320	13541400	11862460
370	14079270	12958280	13540340	11863120
371	14080060	12958430	13541320	11863400
372	14080180	12958400	13541430	11863720
373	14080380	12958470	13541830	11865500
374	14080250	12958990	13541820	11864760
375	14081420	12959860	13542380	11864550
376	14082220	12959580	13541900	11863770
377	14079330	12958600	13540700	11863260
378	14079750	12959120	13541290	11862890
379	14080190	12959080	13541440	11866240
380	14080010	12959300	13541290	11863350
381	14080990	12959260	13541720	11866480
382	14079640	12958190	13541160	11863550
383	14079340	12957530	13540720	11863890
384	14079510	12958340	13541000	11861990
385	14079780	12958520	13541360	11862950
386	14079920	12958260	13540950	11863510
387	14079700	12958460	13541190	11865480
388	14080060	12958890	13541100	11864850
389	14080460	12958940	13542190	11864090
390	14079910	12958810	13541360	11864710
391	14079740	12958530	13541600	11864240
392	14079350	12957760	13541020	11862830
393	14080820	12959120	13542070	11863710
394	14080490	12959060	13542090	11864740
395	14080470	12959080	13542030	11866500
396	14081550	12959980	13542520	11865450
397	14080940	12958990	13542010	11864630
398	14079960	12958060	13541280	11863880
399	14079460	12957870	13540920	11863840
400	14078980	12957930	13540530	11861520
401	14079710	12958410	13541010	11864300
402	14079850	12958620	13540760	11864820
403	14080160	12958650	13540560	11862740
404	14079570	12957970	13540200	11861650
405	14079950	12957760	13540720	11864130
406	14079790	12958260	13540860	11861880
407	14078170	12956850	13539770	11862350
408	14077590	12956330	13539170	11863690
409	14078380	12956980	13539900	11863410
410	14078840	12957470	13540140	11862480
411	14079490	12958150	13540760	11863600
412	14078890	12957850	13540100	11861730
413	14079250	12958330	13540580	11863270
414	14078620	12957840	13540690	11862550
415	14080530	12959430	13542320	11864900
416	14080750	12960070	13542400	11863080
417	14080950	12959750	13541660	11863130
418	14080380	12959340	13541490	11863340
419	14079890	12958990	13541780	11864980
420	14079550	12959240	13541600	11863240
421	14080100	12959000	13541820	11864850
422	14080400	12959590	13541790	11863710
423	14080570	12959770	13541680	11866260
424	14080990	12959760	13541990	11864540
425	14079690	12958760	13540980	11865370
426	14078540	12957990	13540100	11862150
427	14079830	12958830	13541200	11864070
428	14079150	12958600	13541160	11863740
429	14080140	12958910	13541370	11864700
430	14081120	12959620	13542440	11866630
431	14080650	12959210	13542170	11864930
432	14080000	12958760	13541650	11866030
433	14080310	12958970	13541920	11865230
434	14080780	12958610	13540920	11862410
435	14080160	12959080	13541790	11863140
436	14081160	12960370	13542630	11865600
437	14080840	12959660	13542310	11865950
438	14079990	12959190	13541960	11864690
439	14079510	12958430	13541030	11862560
440	14079060	12958680	13541050	11864420
441	14081170	12960170	13542510	11867090
442	14079830	12958880	13541270	11864700
443	14079080	12958080	13541070	11865050
444	14079130	12958430	13540900	11864520
445	14078780	12958260	13540520	11862750
446	14079280	12958330	13540800	11861720
447	14079050	12957800	13540490	11862130
448	14078250	12957650	13540200	11862780
449	14079180	12958260	13540800	11864250
450	14078510	12957760	13540450	11861210
451	14079940	12958740	13541740	11864650
452	14079950	12958480	13541030	11862950
453	14079450	12958500	13541320	11865740
454	14078720	12957720	13540190	11863050
455	14078920	12957610	13540570	11865060
456	14077930	12956940	13539600	11862550
457	14078920	12957890	13540240	11862360
458	14079750	12958950	13540870	11863580
459	14079620	12959000	13541220	11865560
460	14078790	12957950	13540030	11862230
461	14078770	12957330	13539980	11864500
462	14079350	12958420	13540450	11862700
463	14079860	12958850	13541030	11864610
464	14080200	12958830	13541150	11865030
465	14079950	12958960	13540880	11865880
466	14078050	12957610	13539690	11861240
467	14079810	12958550	13540680	11865830
468	14079690	12958680	13540840	11861680
469	14079460	12958380	13541130	11862630
470	14080050	12958830	13541140	11865180
471	14080860	12959370	13541510	11864050
472	14080930	12959780	13541950	11864940
473	14081520	12960250	13542380	11865650
474	14081190	12959730	13542430	11863400
475	14080160	12958610	13541130	11864660
476	14080230	12958620	13541220	11864730
477	14081230	12959310	13541930	11864080
478	14081360	12959750	13542010	11864170
479	14081460	12959660	13542460	11865330
480	14080160	12958630	13541260	11862560
481	14080640	12959430	13541940	11864010
482	14080070	12958960	13541410	11862870
483	14080340	12958880	13541630	11866130
484	14081460	12960430	13542900	11865720
485	14080870	12959410	13542150	11864190
486	14079740	12958580	13540920	11864280
487	14080460	12959170	13541540	11863270
488	14078330	12957180	13540030	11861880
489	14079370	12957950	13540830	11864780
490	14079420	12958390	13540680	11864600
491	14080050	12958850	13541190	11862830
492	14078750	12958140	13540350	11864170
493	14080410	12959200	13541820	11865630
494	14079810	12963520	13541130	11862820
495	14079690	12958420	13541110	11865960
496	14080060	12959210	13541570	11864810
497	14079570	12958820	13541130	11864420
498	14079580	12958690	13541060	11865400
499	14079250	12958450	13540870	11863400

============================================================
# BITSTREAM: 100ms_101etapas.bit
# VENTANA: 100ms
# ETAPAS_PRINCIPAL: 101
# NUM_MUESTRAS: 500
# FORMATO: idx	freq1_hz	freq2_hz	freq3_hz	freq4_hz
============================================================
idx	freq1_hz	freq2_hz	freq3_hz	freq4_hz
0	10047800	9298090	9787330	9787330
1	10048590	9298780	9788020	9788020
2	10048050	9298240	9787550	9787550
3	10048190	9298230	9787620	9787620
4	10047960	9298490	9787370	9787370
5	10048610	9298820	9788170	9788170
6	10048160	9298190	9787340	9787340
7	10047970	9297940	9787500	9787500
8	10047320	9297320	9786830	9786830
9	10047390	9297380	9786800	9786800
10	10047190	9297430	9786780	9786780
11	10047310	9297200	9787060	9787060
12	10046810	9296820	9786890	9786890
13	10047600	9297640	9787450	9787450
14	10047770	9297550	9787250	9787250
15	10047620	9297660	9787440	9787440
16	10047490	9297840	9787170	9787170
17	10047600	9297780	9787010	9787580
18	10047070	9297140	9786830	9786820
19	10047360	9297270	9787230	9787240
20	10047490	9297910	9787400	9787400
21	10046380	9296840	9786730	9786720
22	10046750	9296820	9786150	9786160
23	10047220	9297420	9786780	9786780
24	10047730	9297550	9786430	9786430
25	10048100	9297970	9786660	9786660
26	10048210	9298100	9786990	9786980
27	10048590	9298590	9787500	9787510
28	10048300	9298200	9786910	9786910
29	10047580	9297530	9786830	9786830
30	10047640	9297470	9786720	9786720
31	10047200	9297170	9786510	9786510
32	10047310	9297390	9786320	9786320
33	10047230	9297240	9786460	9786460
34	10047520	9297680	9786680	9786680
35	10047720	9297910	9787080	9787070
36	10047480	9297620	9786790	9786800
37	10047690	9297700	9786960	9786960
38	10046990	9297430	9786610	9786610
39	10047400	9297410	9786660	9786660
40	10047710	9297860	9786870	9786870
41	10047130	9297410	9786340	9786340
42	10046680	9296940	9786080	9786070
43	10046340	9296440	9786040	9786050
44	10046820	9297270	9786460	9786460
45	10046940	9297110	9785770	9785770
46	10046260	9296500	9784870	9784870
47	10047520	9297620	9786210	9786210
48	10047180	9297710	9786390	9786390
49	10047440	9297810	9786530	9786530
50	10047290	9297560	9786410	9786410
51	10047450	9297670	9786730	9786730
52	10047290	9297560	9786600	9786600
53	10047220	9297210	9786670	9786670
54	10047590	9297450	9786820	9786830
55	10046260	9296720	9785980	9785980
56	10046210	9296950	9785890	9785890
57	10046470	9297010	9786160	9786160
58	10047090	9297460	9786540	9786540
59	10047180	9297310	9786600	9786600
60	10047250	9297610	9786660	9786660
61	10046660	9297260	9786130	9786130
62	10046610	9297180	9786040	9786040
63	10046930	9297560	9786850	9786840
64	10047280	9297710	9786460	9786470
65	10047270	9297690	9786750	9786750
66	10047350	9297920	9786730	9786730
67	10047680	9297950	9787160	9787160
68	10047840	9298270	9787090	9787090
69	10046860	9297410	9786870	9786870
70	10047510	9298080	9786860	9786860
71	10047480	9298030	9786820	9786820
72	10047090	9297620	9786320	9786320
73	10046370	9297160	9785960	9785960
74	10046440	9296990	9785580	9785580
75	10046330	9296880	9785180	9785180
76	10046110	9296580	9785190	9785190
77	10046370	9296860	9785700	9785700
78	10045760	9296380	9784930	9784930
79	10045890	9296470	9785590	9785510
80	10046150	9296750	9785760	9785760
81	10046000	9296430	9785440	9785440
82	10046460	9296890	9785790	9785790
83	10046210	9296120	9785440	9785440
84	10046000	9296230	9785750	9785750
85	10046030	9296170	9785370	9785370
86	10045760	9295940	9785240	9785230
87	10046070	9296290	9785480	9785490
88	10046400	9296620	9785920	9785920
89	10046320	9296990	9786010	9786010
90	10046990	9297330	9786770	9786770
91	10047090	9297460	9786760	9786840
92	10046930	9297060	9786580	9786580
93	10046520	9296590	9786130	9786130
94	10046960	9297140	9786520	9786530
95	10046260	9296530	9785920	9785920
96	10046630	9296980	9786180	9786180
97	10046650	9296550	9786080	9786080
98	10046800	9296770	9785890	9785890
99	10047270	9297140	9786290	9786290
100	10046520	9296600	9785540	9785540
101	10047260	9297110	9786570	9786570
102	10046860	9296690	9785850	9785850
103	10046270	9296040	9785610	9785600
104	10045610	9295490	9785550	9785560
105	10046050	9295820	9785580	9785580
106	10045590	9295600	9785250	9785250
107	10045860	9295830	9784850	9784850
108	10046170	9296470	9785710	9785710
109	10047100	9297250	9786790	9786790
110	10046670	9296860	9785910	9785910
111	10046360	9296460	9786090	9786090
112	10046120	9296240	9785680	9785680
113	10046270	9296460	9786060	9786060
114	10046210	9296670	9786110	9786110
115	10046500	9296870	9786210	9786210
116	10046580	9296860	9785960	9785950
117	10046090	9296380	9786030	9786040
118	10046590	9296790	9786270	9786270
119	10046050	9296140	9785540	9785550
120	10045660	9295920	9785090	9785090
121	10046100	9296330	9785330	9785330
122	10046310	9296610	9785460	9785460
123	10046520	9296520	9785980	9785980
124	10046610	9296690	9785980	9785980
125	10047030	9296930	9786340	9786340
126	10046680	9296590	9786080	9786070
127	10045940	9295900	9785430	9785440
128	10045620	9295700	9785230	9785230
129	10045800	9295910	9784550	9784550
130	10045160	9295380	9783830	9783820
131	10045550	9295590	9784700	9784710
132	10046030	9296300	9785000	9785000
133	10046400	9296640	9784950	9784950
134	10046810	9297060	9786240	9786240
135	10047010	9297330	9786550	9786550
136	10046680	9296830	9785720	9785720
137	10046500	9296410	9785590	9785590
138	10046640	9296720	9785170	9785170
139	10046540	9296700	9785460	9785460
140	10045860	9296090	9785300	9785300
141	10045830	9296080	9784690	9784690
142	10045870	9296270	9785160	9785150
143	10045090	9295540	9784570	9784580
144	10045000	9295570	9784220	9784220
145	10045550	9295880	9784690	9784690
146	10045870	9296250	9785330	9785330
147	10045230	9295330	9784300	9784300
148	10044780	9294890	9784030	9784030
149	10044710	9294790	9783780	9783780
150	10045050	9295360	9784240	9784240
151	10045280	9295640	9784410	9784400
152	10045270	9295640	9784690	9784700
153	10045300	9295400	9784700	9784700
154	10045230	9295380	9784440	9784440
155	10045730	9295900	9784910	9784910
156	10046020	9296280	9785470	9785470
157	10045900	9295890	9785240	9785230
158	10046150	9296360	9784500	9784510
159	10045470	9295730	9784370	9784370
160	10045790	9295900	9784920	9784920
161	10045640	9295810	9785040	9785040
162	10045560	9295930	9784100	9784100
163	10046090	9296410	9785350	9785350
164	10045960	9296300	9785140	9785140
165	10045660	9296210	9785260	9785260
166	10046120	9296730	9785360	9785360
167	10046270	9296850	9786220	9786220
168	10046150	9296660	9786070	9786070
169	10046680	9296890	9786060	9786060
170	10045650	9296400	9785190	9785190
171	10045920	9296180	9785220	9785220
172	10046730	9296980	9785280	9785280
173	10046610	9296740	9785320	9785320
174	10046780	9297020	9785300	9785300
175	10046690	9296790	9785440	9785440
176	10046610	9296840	9785970	9785970
177	10046590	9296810	9785990	9785970
178	10046780	9297060	9785900	9785900
179	10046350	9296460	9785840	9785840
180	10046410	9296730	9785980	9785980
181	10047170	9297150	9786420	9786420
182	10046670	9296980	9785850	9785850
183	10047020	9296980	9786200	9786200
184	10046580	9296580	9785760	9785760
185	10046630	9296600	9785870	9785870
186	10046830	9296700	9786190	9786190
187	10047090	9297030	9786390	9786390
188	10046790	9296860	9786060	9786060
189	10046840	9297100	9786400	9786400
190	10046460	9296460	9785950	9785950
191	10046720	9296680	9786160	9786160
192	10045960	9296420	9785750	9785750
193	10045840	9295980	9785340	9785340
194	10046240	9296480	9784960	9784960
195	10045950	9296170	9785120	9785120
196	10046560	9296740	9785920	9785920
197	10046260	9296660	9786060	9786060
198	10045960	9296200	9785900	9785900
199	10046200	9296330	9785620	9785620
200	10046460	9296460	9785610	9785610
201	10046720	9296590	9785990	9785990
202	10046740	9296860	9786330	9786330
203	10046330	9296650	9786200	9786200
204	10046910	9297180	9786410	9786410
205	10046930	9297060	9786280	9786280
206	10047060	9297380	9786390	9786390
207	10046600	9296740	9786180	9786180
208	10046080	9296590	9785510	9785460
209	10045410	9295830	9784980	9784980
210	10043140	9296240	9784800	9784790
211	10046040	9296370	9784820	9784870
212	10046240	9296670	9785120	9785120
213	10046440	9296930	9786160	9786160
214	10046200	9296620	9785830	9785830
215	10046670	9296870	9786170	9786170
216	10045750	9296440	9785350	9785350
217	10045670	9296150	9785560	9785550
218	10046330	9296890	9786050	9786060
219	10046580	9296860	9786370	9786370
220	10046980	9297300	9786430	9786430
221	10046900	9297120	9786380	9786380
222	10047020	9297510	9786460	9786460
223	10046510	9297160	9786410	9786410
224	10046180	9296630	9785960	9785960
225	10046280	9296770	9786260	9786260
226	10046360	9296880	9786310	9786310
227	10046270	9296720	9786140	9786140
228	10046670	9296970	9786080	9786080
229	10045930	9296300	9785500	9785500
230	10046060	9296500	9785500	9785500
231	10046060	9296340	9785680	9785680
232	10046280	9296560	9785680	9785670
233	10046250	9296370	9785760	9785770
234	10047020	9297340	9786360	9786360
235	10046700	9296890	9786600	9786600
236	10046080	9296330	9785510	9785510
237	10046620	9296970	9786420	9786420
238	10046260	9296850	9786170	9786170
239	10045980	9296850	9786020	9786020
240	10045790	9296950	9785720	9785720
241	10045350	9296240	9785270	9785270
242	10045760	9296290	9784620	9784620
243	10045930	9296530	9785470	9785470
244	10045600	9296240	9784830	9784830
245	10046120	9296640	9785080	9785100
246	10046150	9296830	9785160	9785160
247	10045730	9296540	9785270	9785270
248	10045030	9295940	9784270	9784270
249	10044890	9295630	9784110	9784110
250	10044660	9295610	9784490	9784480
251	10044910	9295460	9784180	9784190
252	10045280	9295890	9779710	9784810
253	10046020	9296530	9785620	9785620
254	10046180	9296510	9785630	9785620
255	10045780	9296100	9785310	9785320
256	10045600	9295940	9784420	9784420
257	10044690	9295350	9784560	9784580
258	10045390	9295970	9784480	9784480
259	10045670	9296080	9784770	9784770
260	10045340	9295760	9784270	9784270
261	10045390	9295640	9784540	9784540
262	10045070	9295430	9784160	9784160
263	10045140	9295330	9784700	9784700
264	10045110	9295140	9784390	9784380
265	10045350	9295380	9784190	9784200
266	10045890	9296150	9784790	9784790
267	10045880	9296150	9784640	9784640
268	10045940	9296320	9784640	9785270
269	10045530	9295730	9785240	9785240
270	10045410	9295690	9784370	9784370
271	10045570	9295960	9785090	9785090
272	10045410	9295580	9784690	9784690
273	10045650	9295680	9784630	9784630
274	10046270	9296290	9785420	9785420
275	10045980	9296330	9785780	9785780
276	10046320	9296450	9785630	9785630
277	10046230	9296400	9785660	9785660
278	10045990	9296030	9785270	9785270
279	10046520	9296580	9785050	9785050
280	10045810	9296220	9784540	9784540
281	10045740	9296050	9784570	9784570
282	10045450	9295930	9784390	9784390
283	10045750	9295920	9785450	9785450
284	10045510	9295740	9785070	9785050
285	10045870	9296100	9784900	9784900
286	10046510	9296770	9785610	9785700
287	10045860	9296090	9785460	9785460
288	10045910	9296010	9785100	9785100
289	10045450	9295740	9784860	9784860
290	10045050	9295630	9784710	9784710
291	10045400	9295740	9784290	9784290
292	10045860	9296190	9784630	9784630
293	10045970	9296460	9785580	9785580
294	10045640	9296110	9785440	9785440
295	10045790	9296360	9785500	9785500
296	10046140	9296640	9785740	9785740
297	10046280	9296780	9786100	9786100
298	10046010	9296360	9785710	9785710
299	10045790	9296130	9785490	9785490
300	10046400	9296550	9785860	9785860
301	10046320	9296420	9785830	9785830
302	10046550	9296610	9785880	9785880
303	10045870	9295910	9785450	9785480
304	10046190	9296250	9785530	9785530
305	10046370	9296470	9785860	9785860
306	10046790	9296800	9786390	9786390
307	10047140	9297270	9786580	9786580
308	10046440	9296750	9785820	9785820
309	10046710	9296950	9785990	9785990
310	10045730	9295850	9785370	9785360
311	10045910	9296030	9785590	9785590
312	10046960	9296860	9786130	9786140
313	10047310	9296980	9786890	9786890
314	10047120	9297150	9786660	9786650
315	10047150	9297220	9786770	9786780
316	10047230	9297150	9786700	9786700
317	10047230	9297040	9786590	9786590
318	10047300	9297270	9786430	9786430
319	10047020	9297220	9786440	9786440
320	10046980	9297500	9786650	9786650
321	10047730	9303300	9787230	9787230
322	10047920	9298320	9787640	9787670
323	10048430	9298790	9787990	9787990
324	10047220	9292480	9786970	9787670
325	10046620	9297020	9784410	9786310
326	10045410	9295850	9784990	9784990
327	10045520	9295640	9785000	9785000
328	10046630	9296680	9785700	9785700
329	10046880	9296910	9786170	9786170
330	10047220	9297400	9786770	9786770
331	10047090	9297540	9786740	9786740
332	10048380	9298690	9787960	9787640
333	10047250	9297590	9786940	9786940
334	10046780	9297080	9786310	9786300
335	10047310	9297370	9786900	9786910
336	10046870	9297170	9786300	9786300
337	10047470	9297520	9786680	9786680
338	10047290	9297360	9786580	9786580
339	10046930	9296980	9786570	9786570
340	10046270	9296610	9785870	9785870
341	10046010	9296420	9785800	9785800
342	10045870	9296230	9785610	9785610
343	10046020	9296300	9785930	9785930
344	10046710	9296830	9786450	9786450
345	10046260	9296250	9785770	9785770
346	10046410	9296750	9786020	9786020
347	10046050	9296480	9785940	9785940
348	10046040	9296360	9785830	9785830
349	10045890	9295990	9785490	9785490
350	10047140	9297430	9786670	9786350
351	10047350	9297320	9786810	9786810
352	10046770	9297050	9786090	9786090
353	10046300	9296750	9786410	9786410
354	10045640	9295900	9785340	9785340
355	10046560	9296850	9785830	9785830
356	10046500	9296880	9785680	9785680
357	10046550	9296570	9785980	9785980
358	10046580	9296610	9785850	9785850
359	10046790	9296730	9785690	9785690
360	10047290	9297260	9785960	9785960
361	10046940	9296860	9785680	9785680
362	10046780	9296670	9785650	9785650
363	10046870	9296910	9785910	9785910
364	10046560	9296470	9785760	9785760
365	10045900	9295950	9785070	9785060
366	10045990	9296430	9785200	9785210
367	10045780	9296020	9785500	9785500
368	10045940	9296280	9785360	9785360
369	10045530	9295820	9785480	9785480
370	10045800	9296110	9785550	9785550
371	10046130	9296040	9785640	9785630
372	10046600	9296520	9785950	9785960
373	10046870	9296860	9786390	9786390
374	10046600	9296880	9785670	9785670
375	10046420	9296630	9785770	9785770
376	10046860	9296850	9785750	9785750
377	10046950	9296890	9786200	9786200
378	10046290	9296310	9785770	9785770
379	10046220	9296130	9785120	9785120
380	10046430	9296440	9784930	9784930
381	10046090	9296310	9785020	9785020
382	10046770	9296950	9785250	9785250
383	10046830	9296810	9785610	9785610
384	10046710	9297020	9786100	9786100
385	10046550	9297060	9785960	9785960
386	10046390	9296870	9785620	9785620
387	10046540	9296720	9785910	9785910
388	10046950	9297250	9786420	9786420
389	10047250	9297120	9786320	9786320
390	10047190	9297110	9786680	9786680
391	10046830	9296700	9786180	9786180
392	10047420	9297350	9786460	9786460
393	10047430	9297280	9786140	9786140
394	10047320	9297270	9786210	9786200
395	10046420	9296350	9785100	9785110
396	10046360	9296480	9785110	9785110
397	10046820	9296800	9785260	9785560
398	10046730	9296830	9785130	9785130
399	10045940	9295920	9784900	9784890
400	10046180	9296070	9785110	9785120
401	10046710	9296630	9785680	9785680
402	10045460	9295690	9784640	9784640
403	10046500	9296510	9785180	9785180
404	10046220	9296200	9785000	9785020
405	10046370	9296460	9784790	9784790
406	10046090	9296230	9784420	9784420
407	10046110	9296210	9785260	9785260
408	10045640	9296000	9784160	9784160
409	10045690	9295900	9784930	9784930
410	10046210	9296270	9784990	9784990
411	10046320	9296470	9784590	9784590
412	10045410	9295670	9784370	9784370
413	10045250	9295410	9784430	9784430
414	10046460	9296460	9785230	9785230
415	10046520	9296600	9785140	9785140
416	10046750	9296770	9785760	9785760
417	10046630	9296620	9785640	9785640
418	10046540	9296640	9785470	9785470
419	10046630	9296780	9786000	9786000
420	10045700	9295890	9785210	9785210
421	10045980	9296380	9785270	9785260
422	10045800	9296260	9784600	9784610
423	10045790	9296340	9785280	9785280
424	10045690	9296400	9784840	9784840
425	10045710	9296550	9785690	9785690
426	10045660	9296180	9785490	9785490
427	10046290	9296270	9785710	9785710
428	10046020	9296180	9785430	9785420
429	10046380	9296630	9785780	9785790
430	10045880	9296220	9785560	9785560
431	10046160	9296480	9785890	9785890
432	10045930	9296420	9785460	9785460
433	10046380	9296450	9785750	9785750
434	10046500	9296520	9785220	9785220
435	10047030	9297020	9785410	9785430
436	10046760	9296730	9785810	9785810
437	10046880	9296900	9785790	9785790
438	10047300	9297330	9785780	9785780
439	10047420	9297390	9786050	9786050
440	10046880	9296890	9785910	9785910
441	10046450	9296620	9785800	9785800
442	10045840	9296240	9785380	9785380
443	10046320	9296680	9785940	9785940
444	10046370	9296600	9786150	9786150
445	10046650	9296770	9785980	9785980
446	10046520	9296790	9785840	9785840
447	10046120	9296200	9785180	9785180
448	10046280	9296640	9785180	9785180
449	10046290	9296700	9785450	9785470
450	10046080	9296270	9785010	9785010
451	10045680	9295860	9784610	9784610
452	10045160	9295710	9784630	9784630
453	10045840	9296010	9785080	9785080
454	10045960	9296150	9785000	9785000
455	10045610	9295850	9784680	9784680
456	10045750	9296210	9785120	9785120
457	10046100	9296420	9785840	9785840
458	10045430	9295890	9785060	9785060
459	10046080	9296240	9784830	9784830
460	10046520	9296690	9785000	9785000
461	10046360	9296660	9785160	9785160
462	10046050	9296510	9785470	9785470
463	10046590	9296960	9786220	9786220
464	10045740	9296320	9785530	9785530
465	10046130	9296220	9785360	9785360
466	10046050	9296350	9785190	9785190
467	10047150	9297130	9785990	9785990
468	10046790	9296930	9786260	9786260
469	10047000	9297080	9786240	9786240
470	10046290	9296460	9785590	9785590
471	10046160	9296710	9785460	9785460
472	10046520	9296760	9785730	9786260
473	10046110	9296700	9785720	9785720
474	10045570	9296120	9785190	9785190
475	10046120	9296410	9785400	9785430
476	10045340	9296090	9785110	9785120
477	10046210	9296600	9785110	9785670
478	10046420	9296790	9785930	9785920
479	10045930	9296090	9785550	9785560
480	10045950	9296280	9785300	9785320
481	10045650	9295870	9784660	9784660
482	10045350	9295620	9784690	9784690
483	10045440	9295490	9784410	9784410
484	10044890	9295300	9784280	9784280
485	10044670	9295110	9783770	9783770
486	10044690	9295000	9783470	9783470
487	10045050	9295470	9784010	9784010
488	10045360	9295580	9784180	9784180
489	10045760	9296020	9785330	9785330
490	10046470	9296590	9785230	9785230
491	10045580	9295730	9784480	9784480
492	10045290	9295580	9784160	9784160
493	10045940	9295990	9785000	9785000
494	10045950	9296200	9784830	9784830
495	10046000	9296030	9784760	9784760
496	10045360	9295900	9784320	9784320
497	10045670	9295900	9785120	9785120
498	10045640	9295980	9784890	9784890
499	10046090	9296150	9785150	9785150

============================================================
# BITSTREAM: 10ms_3etapas.bit
# VENTANA: 10ms
# ETAPAS_PRINCIPAL: 3
# NUM_MUESTRAS: 500
# FORMATO: idx	freq1_hz	freq2_hz	freq3_hz	freq4_hz
============================================================
idx	freq1_hz	freq2_hz	freq3_hz	freq4_hz
0	33973000	33973000	35218700	35218700
1	33969600	33969600	35215300	35215300
2	33968200	33968200	35215100	35215100
3	33965400	33965400	35213800	35213800
4	33966200	33966200	35213800	35213800
5	33963500	33963600	35211600	35211600
6	33967700	33967600	35215400	35215400
7	33968400	33968400	35216000	35216000
8	33971000	33971000	35216500	35216500
9	33970600	33970600	35216700	35216700
10	33968700	33968700	35216300	35216300
11	33965900	33966000	35214700	35214700
12	33967300	33967200	35216800	35216800
13	33967300	33967300	35214500	35214500
14	33966200	33966200	35216000	35216000
15	33967700	33967700	35216600	35216600
16	33971300	33971300	35218000	35218000
17	33973700	33973700	35219700	35219700
18	33972600	33972600	35219700	35219700
19	33970300	33970300	35218300	35218300
20	33966300	33966300	35215300	35215300
21	33968000	33968000	35214900	35214900
22	33966700	33966800	35214300	35214300
23	33965300	33965200	35214600	35214600
24	33966100	33966100	35215400	35215400
25	33962000	33962000	35212400	35212400
26	33961200	33961300	35211600	35211600
27	33962700	33962600	35212400	35212400
28	33964000	33964100	35212700	35212700
29	33963000	33963000	35211300	35211300
30	33964100	33964100	35213700	35213700
31	33961500	33961400	35210900	35210900
32	33964500	33964500	35212200	35212200
33	33965300	33965300	35213600	35213600
34	33965200	33965200	35213400	35213400
35	33965200	33965200	35212200	35212200
36	33962100	33962200	35210200	35210200
37	33965800	33965800	35214100	35214100
38	33965200	33965200	35214200	35214200
39	33961300	33961200	35211200	35211200
40	33963400	33963500	35214600	35214600
41	33962900	33962800	35213700	35213700
42	33961800	33961900	35213300	35213300
43	33961000	33960900	35210400	35210400
44	33957500	33957500	35209200	35209200
45	33959600	33959600	35210600	35210600
46	33965000	33965000	35214900	35214800
47	33964000	33964000	35212900	35213000
48	33962900	33963000	35212100	35212100
49	33964900	33964800	35212100	35212100
50	33966700	33966700	35212200	35212200
51	33965200	33965200	35211500	35211500
52	33961500	33961500	35210000	35210000
53	33960000	33960000	35208500	35208500
54	33959100	33959100	35207700	35207700
55	33962700	33962700	35208300	35208300
56	33963800	33963900	35210700	35210700
57	33961600	33961600	35211800	35211800
58	33961900	33961800	35210300	35210300
59	33961900	33961900	35210900	35210900
60	33963400	33963400	35211200	35211200
61	33963400	33963400	35211400	35211400
62	33960000	33960100	35211000	35211000
63	33962700	33962600	35212400	35212400
64	33960800	33960800	35212000	35212000
65	33957800	33957900	35209900	35209900
66	33963700	33963600	35212000	35212000
67	33959800	33959900	35208700	35208700
68	33963700	33963600	35211400	35211400
69	33965100	33965100	35211600	35211600
70	33961500	33961500	35211000	35211000
71	33961400	33961400	35210900	35210900
72	33961500	33961500	35209500	35209500
73	33959900	33959900	35206900	35206900
74	33959500	33959600	35207500	35207500
75	33957400	33957300	35206300	35206300
76	33960300	33960300	35210300	35210300
77	33959200	33959200	35210800	35210800
78	33959300	33959300	35211500	35211500
79	33959200	33959200	35210600	35210600
80	33957600	33957700	35208100	35208100
81	33959300	33959200	35209100	35209100
82	33963000	33963100	35212200	35212200
83	33962200	33962100	35211400	35211400
84	33960000	33960100	35209000	35209000
85	33961400	33961300	35209100	35209100
86	33961300	33961300	35208800	35208800
87	33960200	33960200	35207200	35207200
88	33962300	33962400	35209500	35209500
89	33964900	33964800	35209500	35209500
90	33960400	33960400	35209800	35209800
91	33961200	33961200	35208600	35208600
92	33962200	33962300	35209300	35209300
93	33959700	33959600	35207500	35207500
94	33959900	33960000	35207500	35207500
95	33961300	33961200	35207900	35207900
96	33961000	33961000	35208300	35208300
97	33958900	33959000	35209000	35209000
98	33961100	33961100	35208800	35208800
99	33962300	33962300	35212300	35212300
100	33962700	33962600	35210400	35210400
101	33964700	33964700	35212200	35212200
102	33966400	33966400	35212500	35212500
103	33965100	33965100	35212300	35212300
104	33966900	33966900	35211600	35211600
105	33965100	33965100	35210900	35210900
106	33967600	33967600	35213200	35213200
107	33966300	33966300	35213300	35213300
108	33971000	33971000	35215000	35215000
109	33972100	33972100	35214800	35214800
110	33968300	33968300	35213600	35213600
111	33968200	33968200	35213800	35213800
112	33975600	33975600	35218600	35218600
113	33975300	33975400	35219200	35219200
114	33972700	33972600	35217600	35217600
115	33972700	33972700	35216400	35216400
116	33966800	33966800	35213700	35213800
117	33966500	33966500	35213600	35213500
118	33965100	33965100	35212200	35212200
119	33965100	33965200	35213800	35213800
120	33961800	33961800	35211800	35211800
121	33963200	33963100	35212500	35212500
122	33964200	33964200	35212800	35212800
123	33959700	33959800	35209900	35209900
124	33959100	33959000	35210600	35210600
125	33958700	33958800	35208800	35208800
126	33956900	33956800	35207800	35207800
127	33963200	33963300	35211400	35211400
128	33962900	33962800	35210800	35210800
129	33960500	33960500	35208900	35208900
130	33961200	33961300	35210700	35210700
131	33957600	33957500	35207900	35207900
132	33960600	33960600	35209400	35209500
133	33964300	33964300	35212600	35212600
134	33958600	33958600	35210100	35210000
135	33959900	33960000	35209900	35210000
136	33958900	33958800	35208700	35208700
137	33959200	33959200	35206800	35206800
138	33962100	33962100	35210900	35210900
139	33959900	33959900	35209300	35209300
140	33959300	33959400	35209800	35209800
141	33962500	33962400	35211300	35211300
142	33962800	33962800	35212100	35212100
143	33962000	33962000	35211700	35211700
144	33964700	33964800	35211500	35211500
145	33965600	33965500	35211700	35211700
146	33966800	33966800	35213000	35213000
147	33958900	33958900	35207400	35207400
148	33961600	33961600	35209500	35209500
149	33964700	33964700	35209900	35209900
150	33962600	33962600	35210100	35210100
151	33960100	33960100	35208000	35208000
152	33957900	33958000	35206500	35206500
153	33957200	33957100	35206400	35206400
154	33954100	33954200	35204800	35204800
155	33955800	33955700	35204900	35204900
156	33958200	33958200	35206900	35206900
157	33958800	33958800	35206800	35206800
158	33962000	33962000	35209400	35209400
159	33958400	33958400	35207900	35207900
160	33962700	33962800	35212100	35212100
161	33961300	33961200	35210100	35210100
162	33964600	33964600	35212000	35212000
163	33964600	33964600	35211700	35211600
164	33964500	33964500	35210400	35210500
165	33962500	33962500	35208500	35208500
166	33963700	33963700	35209000	35209000
167	33962200	33962300	35209800	35209800
168	33967800	33967700	35211900	35211900
169	33965700	33965800	35211600	35211600
170	33966100	33966100	35210700	35210700
171	33969300	33969300	35215100	35215100
172	33966600	33966500	35211100	35211100
173	33963500	33963500	35209800	35209800
174	33961100	33961100	35207800	35207800
175	33962100	33962100	35211000	35211000
176	33962600	33962600	35211300	35211300
177	33965100	33965100	35212600	35212600
178	33965300	33965300	35210600	35210600
179	33965900	33965900	35211300	35211300
180	33965600	33965600	35211600	35211600
181	33969900	33970000	35214600	35214600
182	33964800	33964700	35212000	35212000
183	33964200	33964300	35211400	35211400
184	33970000	33969900	35214300	35214300
185	33973600	33973700	35215300	35215300
186	33971500	33971400	35214200	35214100
187	33970900	33970900	35213900	35214000
188	33969200	33969300	35212000	35212000
189	33967100	33967000	35212400	35212400
190	33966200	33966200	35212000	35212000
191	33964500	33964500	35211200	35211200
192	33966000	33966000	35214000	35214000
193	33970100	33970100	35215800	35215800
194	33962200	33962200	35211300	35211300
195	33964400	33964400	35213000	35213000
196	33970900	33970900	35216600	35216600
197	33970500	33970500	35217400	35217400
198	33967000	33967000	35213900	35213800
199	33970200	33970200	35216000	35216100
200	33966300	33966300	35212800	35212800
201	33966700	33966800	35214900	35214900
202	33971100	33971000	35217200	35217200
203	33969300	33969300	35216200	35216200
204	33964200	33964200	35211700	35211700
205	33962500	33962600	35210700	35210700
206	33964900	33964800	35214200	35214200
207	33965400	33965400	35212800	35212800
208	33966100	33966200	35212800	35212800
209	33961900	33961800	35211400	35211400
210	33960200	33960200	35210100	35210100
211	33961300	33961400	35210300	35210300
212	33964100	33964000	35213600	35213600
213	33962800	33962800	35211400	35211400
214	33964300	33964300	35212900	35209900
215	33962300	33962300	35210900	35210900
216	33962800	33962900	35210500	35210500
217	33961700	33961600	35209800	35209800
218	33963800	33963800	35211600	35211600
219	33966900	33966900	35212800	35212800
220	33967300	33967300	35213600	35213600
221	33968100	33968100	35214700	35214700
222	33968000	33968000	35214400	35214500
223	33966900	33966900	35212900	35212700
224	33968100	33968200	35217600	35217700
225	33969600	33969600	35216100	35216100
226	33967000	33966900	35214700	35214700
227	33967700	33967800	35213400	35213400
228	33963900	33963800	35209600	35209600
229	33965600	33965600	35213200	35213200
230	33968100	33968100	35213500	35213500
231	33965100	33965200	35212000	35212000
232	33963200	33963200	35211600	35211600
233	33962600	33962500	35212900	35212900
234	33966500	33966500	35213200	35213200
235	33970800	33970800	35216500	35216500
236	33967000	33967000	35213100	35213100
237	33965400	33965400	35211900	35211900
238	33963500	33963500	35212400	35212400
239	33971900	33971900	35217700	35217700
240	33968900	33968900	35214400	35214400
241	33964200	33964200	35211600	35211600
242	33965300	33965300	35211300	35211300
243	33969500	33969600	35213200	35213200
244	33968700	33968600	35211700	35211700
245	33964500	33964500	35210900	35210900
246	33965700	33965800	35211900	35211900
247	33965900	33965800	35210000	35210000
248	33963800	33963800	35210500	35210500
249	33966600	33966700	35212700	35212700
250	33966500	33966400	35212600	35212600
251	33967400	33967400	35214000	35214000
252	33969300	33969300	35214100	35214100
253	33970600	33970700	35214500	35214500
254	33970900	33970800	35213700	35213700
255	33970400	33970400	35214100	35214100
256	33972400	33972400	35214200	35214100
257	33968300	33968300	35212600	35209500
258	33964900	33965000	35210000	35210000
259	33968000	33967900	35210900	35210900
260	33968200	33968200	35211400	35211400
261	33969900	33970000	35212800	35212800
262	33966200	33966100	35210000	35210000
263	33967800	33967800	35211500	35211500
264	33969200	33969200	35213400	35213400
265	33971800	33971800	35214500	35214500
266	33975000	33975000	35217900	35217900
267	33972900	33972900	35216400	35216400
268	33972600	33972700	35218000	35218000
269	33973500	33973400	35217600	35217600
270	33973400	33973400	35216500	35216500
271	33975600	33975600	35216900	35216900
272	33972700	33972700	35217900	35217900
273	33968500	33968500	35216200	35216200
274	33968600	33968600	35214600	35214600
275	33970500	33970500	35215300	35215300
276	33972000	33972000	35217000	35217000
277	33972100	33972100	35216500	35216500
278	33968200	33968200	35215100	35215100
279	33970300	33970300	35216400	35216400
280	33972000	33972100	35216700	35216700
281	33970900	33970800	35217200	35217200
282	33972200	33972200	35216700	35216700
283	33976300	33976400	35217600	35217600
284	33973600	33973600	35215600	35215600
285	33967200	33967200	35213100	35213100
286	33970100	33970100	35215600	35215600
287	33971400	33971300	35215400	35215400
288	33969500	33969500	35214300	35214300
289	33970300	33970300	35216000	35216000
290	33970900	33971000	35215600	35215600
291	33968500	33968500	35213400	35213400
292	33969700	33969600	35214400	35214400
293	33967400	33967400	35211900	35211900
294	33966300	33966300	35211300	35211300
295	33968700	33968700	35212800	35212800
296	33969300	33969400	35213600	35213600
297	33966200	33966100	35212500	35212500
298	33963100	33963100	35211800	35211800
299	33963800	33963800	35210300	35210300
300	33963300	33963300	35211400	35211400
301	33967700	33967700	35212600	35212600
302	33971900	33971900	35216000	35216000
303	33970100	33970200	35214500	35214500
304	33963100	33963000	35210800	35210800
305	33964000	33964100	35212200	35212200
306	33965300	33965200	35209900	35209900
307	33964700	33964700	35211800	35211800
308	33964500	33964500	35211500	35211500
309	33959500	33959500	35206200	35206200
310	33955000	33955000	35204300	35204300
311	33958100	33958100	35206400	35206400
312	33955600	33955600	35205300	35205300
313	33955900	33955900	35205700	35205700
314	33957600	33957600	35206900	35206900
315	33959600	33959600	35206800	35206800
316	33960000	33960000	35206700	35206700
317	33962000	33962000	35209400	35209400
318	33960000	33960000	35206600	35206600
319	33960800	33960900	35206300	35206300
320	33964700	33964600	35209800	35209800
321	33964300	33964300	35210900	35210900
322	33967200	33967200	35213800	35213800
323	33969800	33969800	35214700	35214700
324	33970700	33970800	35215300	35215300
325	33971300	33971200	35215900	35215900
326	33966800	33966800	35212200	35212100
327	33970300	33970400	35213200	35213300
328	33971800	33971700	35216500	35216600
329	33968500	33968500	35214700	35214600
330	33966400	33966400	35213300	35213300
331	33964700	33964700	35213700	35213700
332	33969200	33969200	35212600	35212600
333	33967700	33967700	35210600	35210600
334	33968000	33968000	35211100	35211100
335	33971800	33971800	35214200	35214200
336	33969600	33969600	35212600	35212600
337	33972500	33972500	35215100	35215100
338	33970900	33970900	35211600	35211600
339	33968500	33968500	35212000	35212100
340	33966400	33966400	35212600	35212500
341	33967200	33967200	35210600	35210600
342	33972300	33972300	35213700	35213700
343	33970800	33970800	35213700	35213700
344	33969400	33969500	35213000	35213000
345	33968700	33968700	35213000	35213000
346	33964200	33964100	35209900	35209900
347	33964600	33964600	35211700	35211700
348	33968700	33968700	35214200	35214200
349	33965900	33965900	35212600	35212600
350	33965600	33965600	35212600	35212600
351	33966100	33966100	35212300	35212300
352	33964100	33964100	35210900	35210900
353	33965600	33965700	35212300	35212300
354	33962500	33962500	35209700	35209700
355	33964200	33964100	35210700	35210700
356	33966000	33966000	35211600	35211600
357	33963200	33963200	35211100	35211100
358	33965600	33965600	35212200	35212200
359	33962600	33962600	35211200	35211200
360	33963600	33963600	35213600	35213600
361	33966300	33966400	35214800	35214800
362	33963800	33963700	35213300	35213300
363	33961900	33962000	35212000	35212000
364	33958400	33958300	35207800	35207800
365	33964000	33964000	35212000	35212000
366	33965900	33965900	35212800	35212800
367	33961500	33961500	35210600	35210600
368	33962800	33962900	35210900	35210900
369	33964200	33964100	35211100	35211100
370	33963900	33963900	35211300	35211300
371	33966700	33966700	35212400	35212400
372	33972000	33972000	35215000	35215000
373	33971700	33971700	35215400	35215400
374	33964900	33965000	35210800	35210800
375	33964700	33964600	35210700	35210700
376	33966900	33966900	35211700	35211700
377	33965900	33965900	35211900	35211900
378	33968400	33968500	35213600	35213600
379	33966800	33966700	35211800	35211800
380	33968100	33968100	35211600	35211600
381	33967900	33967900	35211900	35211900
382	33966100	33966100	35211600	35211600
383	33967100	33967100	35211800	35211800
384	33968600	33968700	35214000	35214000
385	33967800	33967700	35212700	35212700
386	33973400	33973400	35218900	35218900
387	33973800	33973800	35218200	35218200
388	33969300	33969300	35213900	35213900
389	33969100	33969100	35212800	35212800
390	33968200	33968300	35211500	35211500
391	33968300	33968200	35211500	35211500
392	33970100	33970200	35212700	35212700
393	33966600	33966500	35212700	35212700
394	33968700	33968700	35212300	35212300
395	33971300	33971300	35214400	35214400
396	33970100	33970100	35213000	35213000
397	33969600	33969600	35213100	35213100
398	33970700	33970800	35214600	35214600
399	33966700	33966600	35212700	35212700
400	33967000	33967000	35211000	35211000
401	33969800	33969800	35213400	35213400
402	33967200	33967200	35210200	35210200
403	33968100	33968100	35211200	35211200
404	33971500	33971600	35213400	35213400
405	33969200	33969100	35211900	35211900
406	33967500	33967600	35211600	35211600
407	33964800	33964700	35208700	35208700
408	33962800	33962900	35208500	35208500
409	33967000	33967000	35211000	35211000
410	33970500	33970500	35213700	35213700
411	33967700	33967600	35211400	35211400
412	33969800	33969900	35213500	35213500
413	33968800	33968700	35212600	35212600
414	33965200	33965200	35211700	35211700
415	33971400	33971400	35213800	35213800
416	33966400	33966400	35209900	35209900
417	33968200	33968200	35210400	35210400
418	33967000	33967000	35211500	35211500
419	33968900	33968900	35213100	35213100
420	33971500	33971500	35214700	35214700
421	33972700	33972700	35215300	35215300
422	33973000	33973100	35214500	35214500
423	33974100	33974000	35215100	35215100
424	33972900	33972900	35214300	35214300
425	33974100	33974100	35215700	35215700
426	33970300	33970300	35214800	35214800
427	33972200	33972200	35215300	35215300
428	33967300	33967300	35210600	35210700
429	33965300	33965300	35209200	35209100
430	33963600	33963600	35207900	35207900
431	33969600	33969600	35211300	35211300
432	33969200	33969200	35212600	35212600
433	33969400	33969400	35214200	35214200
434	33968200	33968300	35212500	35212500
435	33964900	33964900	35211500	35211500
436	33966600	33966600	35212300	35212300
437	33965800	33965700	35211900	35211900
438	33970700	33970800	35214900	35214900
439	33970600	33970500	35213900	35213900
440	33969300	33969400	35214000	35214000
441	33971000	33970900	35216100	35216100
442	33971900	33971900	35215600	35215600
443	33972800	33972900	35217900	35217900
444	33970800	33970800	35215200	35215200
445	33968800	33968700	35213400	35213400
446	33974400	33974400	35217900	35217900
447	33973400	33973500	35216300	35216300
448	33976900	33976800	35217900	35217900
449	33973500	33973500	35216100	35216100
450	33973100	33973100	35218900	35218900
451	33971800	33971900	35216900	35216900
452	33973800	33973800	35217700	35217700
453	33971600	33971500	35215300	35215300
454	33970600	33970600	35213900	35213900
455	33967100	33967200	35212800	35212800
456	33971600	33971600	35214200	35214200
457	33969700	33969600	35215000	35215000
458	33969800	33969900	35214000	35214000
459	33968900	33968800	35214200	35214200
460	33968300	33968300	35216000	35216100
461	33969200	33969300	35215400	35215300
462	33970000	33969900	35214800	35214800
463	33969500	33969500	35214800	35214800
464	33965400	33965400	35213400	35213400
465	33964600	33964600	35212200	35212200
466	33966300	33966400	35211100	35211100
467	33966000	33965900	35212200	35212200
468	33963800	33963900	35210900	35210900
469	33966300	33966200	35212200	35212200
470	33968500	33968600	35214900	35214900
471	33969400	33969300	35215900	35215900
472	33968900	33968900	35215200	35215200
473	33968400	33968400	35215400	35215400
474	33965100	33965100	35211700	35211700
475	33967300	33967400	35214000	35214000
476	33968400	33968400	35215700	35215700
477	33968200	33968100	35214800	35214800
478	33968400	33968500	35214100	35214100
479	33968600	33968500	35215400	35215400
480	33965200	33965200	35213600	35213600
481	33966000	33966100	35213300	35213300
482	33966100	33966000	35211500	35211500
483	33967700	33967800	35214200	35214200
484	33969900	33969800	35216100	35216100
485	33963500	33963500	35211800	35211800
486	33965800	33965800	35213000	35213100
487	33969700	33969700	35214800	35214700
488	33969300	33969300	35214300	35214300
489	33966800	33966800	35211700	35211700
490	33966500	33966500	35210500	35210500
491	33967600	33967600	35212200	35212200
492	33967200	33967200	35212600	35212600
493	33965100	33965200	35212300	35212300
494	33968600	33968500	35212700	35212700
495	33966200	33966200	35210500	35210500
496	33967300	33967300	35213200	35213200
497	33964900	33964900	35210600	35210500
498	33964100	33964100	35209400	35209500
499	33964700	33964700	35209700	35209700

============================================================
# BITSTREAM: 10ms_5etapas.bit
# VENTANA: 10ms
# ETAPAS_PRINCIPAL: 5
# NUM_MUESTRAS: 500
# FORMATO: idx	freq1_hz	freq2_hz	freq3_hz	freq4_hz
============================================================
idx	freq1_hz	freq2_hz	freq3_hz	freq4_hz
0	33651000	33651000	33651000	33651000
1	33651800	33651800	33651800	33651800
2	33650600	33650600	33650600	33650600
3	33649900	33649900	33649900	33649800
4	33654700	33654700	33654700	33654800
5	33653900	33653900	33653900	33653900
6	33652600	33652600	33652600	33652600
7	33653500	33653500	33653500	33653500
8	33654200	33654200	33654200	33654200
9	33655900	33655900	33655900	33655900
10	33652500	33652500	33652500	33652500
11	33655300	33655300	33655300	33655300
12	33656000	33656000	33656000	33656000
13	33652700	33652700	33652700	33652700
14	33653700	33653700	33653700	33653700
15	33653900	33653900	33653900	33653800
16	33652700	33652700	33652700	33652700
17	33653200	33653300	33653200	33653300
18	33656800	33656700	33656800	33656800
19	33659000	33659000	33659000	33658900
20	33654900	33654900	33654900	33654900
21	33657600	33657600	33657500	33657600
22	33657100	33657100	33657200	33657200
23	33656900	33656900	33656900	33656900
24	33656900	33657000	33656900	33656900
25	33655100	33655000	33655100	33655100
26	33655400	33655400	33655400	33655400
27	33656700	33656700	33656700	33656700
28	33655000	33655100	33655000	33655000
29	33651000	33651000	33651000	33651000
30	33651900	33651900	33651900	33651900
31	33654000	33654000	33654000	33654000
32	33654900	33654900	33654900	33654900
33	33655200	33655300	33655200	33655200
34	33656700	33656600	33656700	33656700
35	33655000	33655000	33655000	33655000
36	33657500	33654300	33655000	33654300
37	33653500	33653500	33653500	33653500
38	33655000	33655000	33655000	33655000
39	33655700	33655700	33655700	33655700
40	33656400	33656400	33656400	33656400
41	33654800	33654800	33654800	33654800
42	33655400	33655400	33655400	33655400
43	33659500	33659500	33659500	33659500
44	33659600	33659600	33659600	33659600
45	33658200	33658000	33658200	33658200
46	33654600	33654600	33654600	33654500
47	33656200	33656200	33656200	33656300
48	33659500	33659500	33659500	33659500
49	33657300	33657300	33657300	33657300
50	33659300	33659300	33656100	33659200
51	33661100	33661100	33661100	33661200
52	33662500	33662600	33662500	33662500
53	33659900	33659800	33659900	33659900
54	33660500	33660500	33660500	33660500
55	33659000	33659000	33659000	33659000
56	33660600	33660700	33660600	33660600
57	33658600	33658600	33658600	33658600
58	33656500	33656400	33656500	33656500
59	33658000	33658000	33658000	33658000
60	33657600	33657600	33657600	33657600
61	33655600	33655600	33655600	33655600
62	33654400	33654400	33654400	33654400
63	33655100	33655100	33655100	33655100
64	33656900	33657100	33656900	33656900
65	33652500	33652500	33652500	33652500
66	33655400	33655400	33655400	33655400
67	33654300	33654300	33654300	33654200
68	33655100	33651900	33655100	33655200
69	33654200	33654200	33654200	33654100
70	33654000	33654000	33654000	33654100
71	33655900	33655900	33655900	33655900
72	33655000	33655000	33655000	33655000
73	33653300	33653300	33653300	33653300
74	33653300	33653300	33653300	33653300
75	33652400	33652400	33652400	33652400
76	33655900	33655900	33655900	33655900
77	33657000	33657100	33657000	33657000
78	33657900	33657800	33657900	33657900
79	33655800	33655800	33655800	33655800
80	33657500	33657400	33657500	33657500
81	33658200	33658200	33658200	33658200
82	33657400	33657400	33657400	33657400
83	33657500	33657500	33657500	33657500
84	33655800	33655800	33655800	33655800
85	33655800	33655800	33655800	33655800
86	33658600	33658600	33658600	33658600
87	33658900	33658900	33658900	33658900
88	33655800	33655800	33655800	33655800
89	33655800	33655800	33655800	33655800
90	33652500	33652500	33652500	33652500
91	33653800	33653800	33653800	33653800
92	33654700	33654700	33654700	33654700
93	33655200	33655200	33655200	33655200
94	33655200	33655200	33655200	33655200
95	33653900	33653900	33653900	33653900
96	33656600	33656600	33656600	33656600
97	33653300	33653300	33653300	33653300
98	33653500	33653500	33653300	33653400
99	33652700	33652700	33652700	33652800
100	33653000	33653000	33653000	33653000
101	33652600	33652600	33652600	33652600
102	33655800	33655800	33655800	33655800
103	33655100	33655100	33655100	33655100
104	33655000	33655000	33655000	33654900
105	33656500	33656500	33656500	33656600
106	33656200	33656200	33656200	33656200
107	33654500	33654500	33656300	33654500
108	33656900	33656900	33656900	33656900
109	33656000	33656000	33656000	33656000
110	33656900	33656900	33656900	33656900
111	33654000	33654000	33654000	33654000
112	33657400	33657400	33654000	33657300
113	33655400	33655500	33655400	33655500
114	33654500	33654400	33654500	33654400
115	33655100	33655100	33655100	33655200
116	33655100	33655100	33655100	33655100
117	33656600	33656600	33656600	33656600
118	33657800	33657800	33654600	33657800
119	33653700	33653800	33653700	33653700
120	33658000	33658000	33658000	33658000
121	33657900	33657900	33657900	33657800
122	33660900	33660900	33660900	33661000
123	33657600	33657600	33657600	33657600
124	33658200	33658200	33658100	33658100
125	33655200	33655200	33655300	33655300
126	33659000	33659000	33659000	33659000
127	33659100	33659100	33659100	33659100
128	33658100	33658100	33658100	33658100
129	33658700	33658700	33658700	33658700
130	33657500	33657500	33657500	33657500
131	33658900	33658900	33658900	33658900
132	33659100	33659100	33659100	33659100
133	33659700	33659700	33659700	33659700
134	33659800	33659800	33659800	33659800
135	33659300	33659400	33659300	33659300
136	33657900	33657900	33657900	33657900
137	33659400	33659400	33659400	33659400
138	33659800	33659800	33659800	33659800
139	33659300	33659300	33659300	33659300
140	33657900	33657900	33657900	33657800
141	33658800	33658800	33658800	33658900
142	33658500	33658500	33658500	33658500
143	33658500	33658500	33658500	33658500
144	33658400	33658400	33658400	33658400
145	33659200	33659200	33659200	33659200
146	33661300	33661400	33661300	33661300
147	33663800	33663700	33663800	33663800
148	33660500	33663700	33660500	33660500
149	33658700	33658700	33658700	33658700
150	33656400	33656400	33656400	33656400
151	33655700	33655700	33655700	33655700
152	33661900	33661900	33661900	33661900
153	33657100	33657100	33657100	33657100
154	33657800	33657800	33657800	33657800
155	33659400	33659400	33659400	33659400
156	33657500	33657500	33657500	33657500
157	33654100	33654100	33654100	33654100
158	33655200	33655200	33655200	33655200
159	33657100	33657100	33655300	33657000
160	33659100	33659100	33659100	33659200
161	33656900	33656900	33656900	33656900
162	33654400	33654400	33654400	33654400
163	33656400	33656400	33656400	33656400
164	33655800	33655800	33655800	33655800
165	33654800	33654800	33654800	33654800
166	33658600	33658600	33658600	33658500
167	33657300	33657300	33657300	33657400
168	33655900	33655900	33655900	33655900
169	33653500	33653500	33653500	33653500
170	33656400	33656400	33656400	33656400
171	33655500	33655600	33655500	33655500
172	33656700	33656600	33656700	33656700
173	33655700	33655700	33655700	33655700
174	33654800	33654800	33654800	33654800
175	33654500	33654500	33654500	33654400
176	33658300	33658300	33658300	33658400
177	33656500	33656500	33656500	33656500
178	33657900	33657900	33657900	33657900
179	33657000	33657000	33657000	33656900
180	33657100	33657200	33657100	33657200
181	33657400	33657300	33657400	33657400
182	33654900	33654900	33654900	33654800
183	33656700	33656700	33656700	33656800
184	33656900	33656900	33656900	33656800
185	33655600	33655700	33655600	33655700
186	33656500	33656400	33656500	33656500
187	33654200	33654200	33654200	33654100
188	33656000	33656000	33656000	33656100
189	33655500	33655500	33655500	33655500
190	33656000	33656000	33656000	33656000
191	33656200	33656200	33656200	33656200
192	33657600	33657600	33657600	33657500
193	33651000	33651000	33651000	33651100
194	33654000	33654000	33654000	33654000
195	33654700	33654700	33654100	33654600
196	33653300	33653300	33653300	33653400
197	33656000	33656000	33656000	33656000
198	33655600	33655600	33655600	33655600
199	33655200	33655200	33655200	33655200
200	33655600	33655600	33655600	33655600
201	33656700	33656700	33656700	33656700
202	33656000	33656000	33656000	33656000
203	33658100	33658100	33658100	33658100
204	33657500	33657500	33657500	33657500
205	33654900	33654900	33654900	33654800
206	33656200	33656200	33656200	33656300
207	33651600	33651600	33651600	33651600
208	33651800	33651800	33651800	33651800
209	33653500	33653500	33653500	33653500
210	33654300	33654300	33654300	33654300
211	33654200	33654200	33654200	33654100
212	33655800	33655800	33655800	33655900
213	33654500	33654500	33654500	33654500
214	33655000	33655000	33655000	33655000
215	33656200	33656200	33656200	33656200
216	33655700	33655700	33655700	33655700
217	33655900	33655900	33655900	33655900
218	33654400	33654400	33654400	33654400
219	33656600	33656600	33656600	33656600
220	33655000	33655000	33655000	33655000
221	33654200	33654200	33654200	33654200
222	33655700	33655700	33655700	33655700
223	33655400	33655500	33655400	33655400
224	33656000	33655900	33656000	33656000
225	33656700	33656700	33656700	33656700
226	33656100	33656100	33656100	33656100
227	33654900	33654900	33654900	33654900
228	33656100	33656100	33656100	33656100
229	33655000	33655000	33655000	33654900
230	33655500	33655500	33655400	33655500
231	33653300	33653300	33653400	33653400
232	33655800	33655900	33655800	33655800
233	33656500	33656400	33656500	33656500
234	33654700	33654700	33654700	33654600
235	33654700	33654700	33654700	33654800
236	33652000	33652000	33652000	33651900
237	33651600	33651600	33651600	33651700
238	33654900	33654900	33654900	33654900
239	33654000	33654000	33654000	33654000
240	33652100	33652100	33652100	33652100
241	33657200	33657200	33657200	33657200
242	33653900	33653900	33653800	33653800
243	33651500	33651500	33651600	33651500
244	33652900	33652900	33652900	33652900
245	33652800	33652800	33652800	33652900
246	33650500	33650500	33650500	33650500
247	33648400	33648400	33648400	33648400
248	33652900	33652900	33652900	33652900
249	33651600	33651600	33651600	33651600
250	33651200	33651200	33651200	33651100
251	33651800	33651800	33651800	33651900
252	33650400	33650400	33650400	33650400
253	33655900	33655900	33655900	33655900
254	33656100	33656100	33656100	33656100
255	33655500	33655500	33656900	33655500
256	33652900	33653000	33652900	33652900
257	33655500	33655400	33655500	33655500
258	33657000	33657000	33657000	33657000
259	33654500	33654500	33654500	33654500
260	33651000	33651000	33651000	33651000
261	33654300	33654300	33654300	33654300
262	33654900	33654900	33654900	33654900
263	33653900	33653900	33653900	33653900
264	33655300	33655300	33655300	33655300
265	33654200	33654200	33654200	33654200
266	33652500	33652600	33652500	33652500
267	33651600	33651500	33651600	33651600
268	33652300	33652300	33652300	33652300
269	33653700	33653700	33653700	33653700
270	33655100	33655100	33655100	33655100
271	33653600	33653600	33653600	33653600
272	33652200	33652200	33652200	33652200
273	33652500	33652500	33652500	33652400
274	33649100	33649100	33649100	33649200
275	33650000	33650000	33650000	33650000
276	33650500	33650500	33650500	33650500
277	33650500	33650500	33650500	33650500
278	33650300	33650300	33650300	33650300
279	33651900	33651900	33651900	33651900
280	33648400	33648400	33648400	33648400
281	33647200	33647200	33647200	33647200
282	33649000	33649000	33649000	33648900
283	33648400	33648400	33648400	33648500
284	33650900	33650900	33650900	33650800
285	33647500	33647500	33647500	33647600
286	33647600	33647600	33647600	33647600
287	33650400	33650400	33650400	33650400
288	33650700	33650700	33650700	33650700
289	33651000	33651000	33651000	33651000
290	33651100	33651100	33651100	33651100
291	33649100	33649100	33649100	33649100
292	33649900	33649900	33649900	33649900
293	33646400	33646400	33646400	33646400
294	33650300	33650300	33650300	33650300
295	33653000	33653000	33653000	33652900
296	33652700	33652700	33654300	33652700
297	33654500	33654500	33654400	33654500
298	33655600	33655600	33655700	33655700
299	33657100	33657100	33657100	33657100
300	33656600	33656600	33656600	33656600
301	33650900	33650900	33650900	33650900
302	33651400	33651400	33651400	33651400
303	33650400	33650400	33650400	33650400
304	33652300	33652300	33652300	33652300
305	33653700	33653700	33653700	33653700
306	33650700	33650800	33650700	33650700
307	33649800	33649700	33649700	33649700
308	33649100	33649100	33649200	33649200
309	33653600	33653600	33653600	33653600
310	33656300	33656300	33656300	33656200
311	33657800	33657800	33657800	33657900
312	33653400	33653400	33653400	33653400
313	33651800	33651800	33651800	33651800
314	33650300	33650300	33650300	33650300
315	33653300	33653300	33653300	33653300
316	33652600	33652600	33652600	33652600
317	33654600	33654700	33654600	33654600
318	33653600	33653500	33653600	33653500
319	33650700	33650800	33650700	33650800
320	33653200	33653100	33653200	33653200
321	33651700	33651700	33651700	33651700
322	33652200	33652200	33652200	33652200
323	33654300	33654300	33654300	33654300
324	33654000	33654000	33654000	33654000
325	33654200	33654200	33654200	33654200
326	33653600	33653600	33653600	33653600
327	33651600	33651600	33651600	33651600
328	33653600	33653600	33653600	33653600
329	33655800	33655800	33655800	33655800
330	33654100	33654100	33654100	33654100
331	33650600	33650600	33650600	33650600
332	33651700	33651700	33651700	33651600
333	33651300	33651300	33651300	33651400
334	33653200	33653200	33653200	33653200
335	33652300	33652300	33652300	33652300
336	33650900	33650900	33650900	33650900
337	33650000	33650000	33650000	33650000
338	33649500	33649500	33649500	33649400
339	33651100	33651100	33651100	33651200
340	33653100	33653100	33653100	33653100
341	33653800	33653900	33653800	33653800
342	33651900	33651900	33651900	33651900
343	33652800	33652800	33651800	33652800
344	33653100	33653100	33653100	33653100
345	33651800	33651800	33651800	33651800
346	33649200	33649200	33649200	33649200
347	33649300	33649300	33649300	33649300
348	33648700	33648700	33648700	33648700
349	33647900	33647900	33649500	33647800
350	33650200	33650200	33650200	33650300
351	33649800	33649800	33649800	33649800
352	33650400	33650400	33650400	33650400
353	33651700	33651700	33651700	33651700
354	33650000	33650000	33650000	33650000
355	33649700	33649700	33649700	33649700
356	33650100	33650100	33650100	33650000
357	33652500	33652500	33652500	33652600
358	33655800	33655800	33655700	33655700
359	33654200	33654200	33654300	33654300
360	33652000	33652000	33652000	33651900
361	33655000	33651600	33655000	33655100
362	33652400	33652400	33652400	33652400
363	33652900	33652900	33652900	33652900
364	33654300	33654300	33654300	33654300
365	33654800	33651900	33654800	33654800
366	33656100	33656000	33656100	33656100
367	33655400	33655400	33655400	33655400
368	33655200	33655200	33655200	33655200
369	33657800	33657800	33657800	33657800
370	33655000	33655000	33655000	33655000
371	33656300	33656300	33656300	33656300
372	33656800	33656800	33656800	33656800
373	33656100	33656100	33656100	33656000
374	33655500	33655500	33655500	33655600
375	33655800	33655800	33655800	33655800
376	33654700	33654700	33654700	33654700
377	33652200	33652200	33652200	33652200
378	33653100	33653100	33653100	33653100
379	33655100	33655100	33655100	33655100
380	33652600	33652700	33652600	33652600
381	33650800	33650700	33650800	33650800
382	33650300	33650300	33650300	33650300
383	33650600	33650600	33650600	33650600
384	33642100	33651700	33650700	33651700
385	33652100	33652100	33652100	33652100
386	33652200	33652200	33652200	33652200
387	33652300	33652300	33652300	33652300
388	33653500	33653500	33653500	33653500
389	33653600	33653600	33653600	33653500
390	33652500	33652500	33652500	33652600
391	33652200	33652200	33652200	33652200
392	33654800	33654800	33654800	33654700
393	33655000	33655000	33655000	33655100
394	33654200	33654200	33654200	33654100
395	33655300	33655300	33655300	33655400
396	33653000	33653000	33653000	33653000
397	33654700	33654700	33654700	33654700
398	33649600	33649600	33649600	33649600
399	33650700	33650700	33650700	33650700
400	33651500	33651500	33651500	33651500
401	33652900	33652900	33652900	33652900
402	33653700	33653700	33653700	33653600
403	33652600	33652600	33652600	33652600
404	33650900	33650800	33650900	33651000
405	33653800	33653900	33653800	33653800
406	33652800	33653100	33652800	33652800
407	33652900	33652800	33652900	33652900
408	33651800	33651800	33651800	33651800
409	33655000	33655000	33655000	33655000
410	33654100	33654200	33654100	33654100
411	33651600	33651500	33651600	33651600
412	33652600	33652600	33652600	33652600
413	33653400	33653400	33653400	33653400
414	33652600	33652600	33652600	33652600
415	33651300	33651300	33651300	33651200
416	33649300	33649300	33649300	33649400
417	33652600	33652600	33652600	33652500
418	33654000	33654000	33654000	33654100
419	33653000	33653000	33653000	33653000
420	33655700	33655700	33655700	33655700
421	33656400	33656400	33656400	33656400
422	33656900	33656900	33656900	33656900
423	33655400	33655400	33655400	33655400
424	33658400	33658400	33658400	33658300
425	33657800	33657800	33657800	33657800
426	33656400	33659800	33656400	33656500
427	33656200	33656200	33656400	33656200
428	33659700	33659700	33659700	33659700
429	33657500	33657600	33657500	33657500
430	33658300	33658200	33658200	33658200
431	33661600	33661600	33661700	33661700
432	33660200	33660200	33661800	33660200
433	33658300	33658400	33658300	33658300
434	33656200	33656100	33656200	33656100
435	33654500	33654500	33654500	33654600
436	33653000	33653000	33653000	33653000
437	33654500	33654500	33654500	33654400
438	33654800	33654800	33654800	33654900
439	33653200	33653200	33653200	33653200
440	33653400	33653400	33653400	33653400
441	33655700	33655700	33655700	33655700
442	33655100	33655100	33655100	33655000
443	33656100	33656100	33656100	33656200
444	33655700	33655800	33655700	33655700
445	33656300	33656200	33656300	33656200
446	33656200	33656200	33656200	33656300
447	33657500	33657500	33657500	33657400
448	33657000	33657000	33657000	33657100
449	33651900	33651900	33651900	33651900
450	33653600	33653600	33653600	33653600
451	33652700	33652700	33652700	33652700
452	33654900	33654900	33654800	33654800
453	33651400	33651400	33651500	33651500
454	33654100	33654100	33654100	33654100
455	33651800	33651800	33651800	33651800
456	33653400	33653400	33653400	33653400
457	33655700	33655700	33655700	33655700
458	33656600	33656600	33656600	33656600
459	33654400	33654400	33654400	33654400
460	33653800	33653800	33653800	33653700
461	33653400	33653400	33653400	33653500
462	33653100	33653100	33653100	33653100
463	33652200	33652200	33652200	33652200
464	33652100	33652100	33652100	33652000
465	33653600	33653600	33653600	33653700
466	33654100	33654100	33654100	33654100
467	33655000	33655000	33655000	33655000
468	33652800	33652800	33652800	33652800
469	33656300	33656300	33656300	33656300
470	33655600	33655600	33655600	33655500
471	33655100	33655100	33655100	33655200
472	33655600	33655600	33655600	33655600
473	33657800	33657800	33657800	33657800
474	33655900	33655900	33655900	33655800
475	33656400	33656400	33656400	33656500
476	33651700	33651700	33651700	33651700
477	33652700	33652700	33652700	33652700
478	33652000	33652000	33652000	33652000
479	33652700	33652700	33652700	33652700
480	33652000	33652000	33652000	33652000
481	33653500	33653500	33653500	33653500
482	33653000	33653000	33653000	33653000
483	33650900	33651000	33650900	33650900
484	33651300	33651200	33651300	33651300
485	33651100	33651100	33651100	33651100
486	33651800	33651800	33651800	33651800
487	33651900	33651900	33651900	33651900
488	33652000	33652000	33652000	33651900
489	33653600	33653600	33653600	33653700
490	33653200	33653100	33653200	33653200
491	33653300	33653300	33653300	33653300
492	33652200	33652200	33652200	33652200
493	33651900	33651900	33651900	33651800
494	33651700	33651700	33651700	33651800
495	33650600	33650600	33650600	33650600
496	33652600	33652600	33652600	33652600
497	33649600	33649600	33649600	33649600
498	33651100	33651100	33651100	33651100
499	33650500	33650500	33650500	33650500

============================================================
# BITSTREAM: 10ms_51etapas.bit
# VENTANA: 10ms
# ETAPAS_PRINCIPAL: 51
# NUM_MUESTRAS: 500
# FORMATO: idx	freq1_hz	freq2_hz	freq3_hz	freq4_hz
============================================================
idx	freq1_hz	freq2_hz	freq3_hz	freq4_hz
0	13526600	13902100	12598000	11757700
1	13526000	13903500	12597100	11753400
2	13526100	13901000	12597700	11757700
3	13526300	13901600	12597200	11757200
4	13526000	13903400	12596700	11754900
5	13526900	13902500	12597500	11754000
6	13527100	13904000	12597800	11757600
7	13527800	13903500	12597100	11755500
8	13527600	13903000	12598300	11758500
9	13527300	13900100	12597900	11757900
10	13527400	13904900	12597100	11754800
11	13526900	13902300	12596600	11756700
12	13527000	13903400	12598000	11757700
13	13527300	13903400	12598100	11754600
14	13527500	13903500	12598100	11754700
15	13527200	13901400	12597800	11757900
16	13527100	13901000	12597900	11755200
17	13527300	13902600	12597700	11757600
18	13526600	13902200	12597300	11757400
19	13526800	13899600	12596700	11755200
20	13526500	13902900	12595500	11753900
21	13525900	13899900	12596200	11753600
22	13527200	13903100	12596600	11756800
23	13525700	13897700	12596600	11756800
24	13526700	13899200	12596100	11756300
25	13525800	13900200	12595300	11755700
26	13526000	13900600	12596000	11756100
27	13526200	13900600	12595800	11754300
28	13526300	13901100	12596000	11753900
29	13525700	13900100	12596700	11754600
30	13526300	13903700	12596400	11754000
31	13525800	13902200	12597200	11756400
32	13525900	13899800	12597200	11755200
33	13525700	13899600	12595800	11755000
34	13526100	13903300	12595600	11753700
35	13527600	13903900	12598200	11758100
36	13526100	13902000	12597400	11756000
37	13525600	13900100	12596600	11756900
38	13525600	13903100	12595900	11753300
39	13526200	13899200	12597600	11757800
40	13525600	13901600	12595800	11756000
41	13524600	13902600	12595900	11754500
42	13525500	13902000	12597200	11756900
43	13525200	13900200	12596900	11757100
44	13525300	13900500	12596000	11761000
45	13525800	13903200	12596600	11756800
46	13525900	13903100	12597400	11754000
47	13526100	13899100	12598000	11758100
48	13526700	13901100	12596700	11753900
49	13525800	13900400	12597200	11754200
50	13525200	13901500	12596100	11753300
51	13525200	13897000	12596800	11756700
52	13525100	13901500	12596700	11752100
53	13526500	13898400	12597800	11757200
54	13527100	13902700	12596700	11756900
55	13527600	13901000	12598300	11755100
56	13526700	13901800	12597100	11756900
57	13526400	13902800	12597600	11757700
58	13525200	13902400	12596600	11756500
59	13524700	13898700	12595700	11753500
60	13525600	13899900	12595500	11755900
61	13524600	13900500	12595000	11755000
62	13523700	13901000	12594300	11754700
63	13523900	13899800	12595200	11755400
64	13524500	13898300	12594800	11754400
65	13524800	13900800	12595000	11753300
66	13524900	13900000	12595400	11753400
67	13524800	13899400	12595000	11755200
68	13525300	13899300	12594900	11754900
69	13525000	13897500	12594400	11752600
70	13523500	13900700	12595500	11754800
71	13524400	13900800	12595300	11754000
72	13523700	13898300	12595000	11753000
73	13524700	13900400	12595100	11753300
74	13525400	13901000	12595100	11753400
75	13524200	13899700	12595800	11755900
76	13525200	13902700	12595800	11756100
77	13524800	13898300	12596700	11753500
78	13524700	13900400	12595700	11753400
79	13524500	13900400	12595200	11752900
80	13524200	13900900	12595200	11753200
81	13525500	13900900	12596500	11754400
82	13525700	13901700	12597100	11754900
83	13525400	13900600	12596800	11755000
84	13525600	13900700	12596000	11753800
85	13525300	13901600	12595900	11756200
86	13524900	13902700	12596400	11754300
87	13525600	13899400	12596700	11753900
88	13525300	13901100	12596200	11756400
89	13525000	13900400	12596800	11755700
90	13526100	13902700	12596600	11754700
91	13524900	13899300	12596500	11754000
92	13525700	13898900	12595500	11753400
93	13524400	13902100	12595200	11755500
94	13524000	13902200	12595400	11752900
95	13524500	13899200	12596100	11755000
96	13524400	13900400	12595000	11755300
97	13525400	13901500	12595900	11753400
98	13525100	13897600	12596800	11756900
99	13524100	13899600	12594700	11753300
100	13523900	13901200	12594600	11753200
101	13524700	13901700	12596400	11756600
102	13525600	13900800	12596800	11755300
103	13524800	13899800	12595500	11753900
104	13525000	13898500	12595300	11754500
105	13525200	13901100	12595500	11755600
106	13524900	13899600	12596500	11755200
107	13525400	13902600	12595700	11754000
108	13526000	13901700	12596900	11757100
109	13525700	13901500	12597200	11755200
110	13526500	13898500	12597400	11757500
111	13525500	13910700	12595500	11755800
112	13524800	13901000	12596500	11756700
113	13526100	13901900	12596900	11757000
114	13525400	13899400	12596400	11753400
115	13525800	13899800	12595600	11755500
116	13525500	13899700	12595700	11754500
117	13526100	13904200	12596800	11756900
118	13525700	13902600	12596100	11754700
119	13525700	13902600	12597300	11757200
120	13526300	13903500	12597500	11757600
121	13526000	13901700	12597300	11757500
122	13526300	13902200	12597600	11755100
123	13524700	13899400	12596200	11754200
124	13524000	13898500	12594400	11754700
125	13524400	13900000	12594500	11754800
126	13524800	13899500	12595000	11755300
127	13524800	13898900	12595500	11755900
128	13525200	13902300	12595400	11755600
129	13525900	13901900	12597100	11757000
130	13525400	13899300	12596700	11753200
131	13524900	13897800	12594700	11752500
132	13524800	13897700	12594400	11752400
133	13525900	13899600	12595900	11756200
134	13526000	13903000	12595900	11754000
135	13525000	13897700	12596100	11756400
136	13525800	13900300	12595800	11756100
137	13526300	13902600	12596300	11756300
138	13525800	13902300	12597000	11756900
139	13525800	13901100	12597000	11757100
140	13525800	13900800	12597100	11754800
141	13524900	13899800	12595600	11753700
142	13526200	13899600	12595900	11754300
143	13526100	13903100	12596000	11753500
144	13526300	13899600	12597700	11757900
145	13525200	13902400	12595500	11753000
146	13526000	13900300	12596600	11754600
147	13525700	13901600	12595800	11754900
148	13525700	13902800	12596100	11754900
149	13525300	13902300	12596500	11756600
150	13526000	13902600	12597400	11757300
151	13525400	13901100	12596400	11756400
152	13525500	13899800	12596300	11754200
153	13525800	13899200	12595500	11755000
154	13524700	13900600	12595000	11755300
155	13525600	13901200	12596100	11753600
156	13524700	13901900	12596600	11756900
157	13525600	13900300	12596700	11760300
158	13525500	13902200	12596000	11754700
159	13526100	13900800	12597700	11754900
160	13526800	13901300	12596900	11754800
161	13526700	13902700	12598000	11758200
162	13526900	13901100	12597900	11754400
163	13526700	13901200	12597900	11755700
164	13527300	13905100	12598500	11758500
165	13527700	13902200	12597800	11758000
166	13527200	13902900	12598800	11756200
167	13525800	13902100	12597800	11753800
168	13526100	13904100	12597200	11753100
169	13526600	13903700	12596800	11757100
170	13526200	13903700	12597500	11755800
171	13526100	13903900	12597500	11756100
172	13527000	13903800	12598200	11756500
173	13526500	13902100	12597900	11757600
174	13526700	13905100	12597300	11753600
175	13527500	13902400	12597300	11757500
176	13526500	13902100	12597100	11755000
177	13525300	13903400	12596100	11752900
178	13525900	13902600	12597300	11753200
179	13526100	13902800	12597100	11757000
180	13526100	13903400	12597100	11756700
181	13526300	13903200	12597300	11753600
182	13526300	13903800	12597200	11753300
183	13526900	13901900	12597800	11757700
184	13526800	13901700	12597900	11754300
185	13527000	13902700	12597800	11755500
186	13526600	13900900	12597400	11754200
187	13525900	13901700	12596600	11754500
188	13526500	13902200	12597200	11755300
189	13526200	13900800	12597100	11754600
190	13525000	13900000	12595600	11753400
191	13525200	13900600	12595600	11755900
192	13526200	13901500	12596700	11754300
193	13526300	13898400	12597500	11757600
194	13526400	13902200	12596300	11756500
195	13526500	13900900	12597500	11755300
196	13526600	13902400	12597400	11755000
197	13526300	13901200	12596900	11754300
198	13526100	13903100	12597300	11757500
199	13526600	13900400	12598300	11758400
200	13525900	13903000	12596600	11754000
201	13526100	13900600	12598100	11758200
202	13526400	13902600	12596800	11754500
203	13526100	13903100	12597300	11757400
204	13525600	13899700	12597800	11758000
205	13525900	13904000	12596600	11756700
206	13525700	13901500	12595200	11753900
207	13526000	13898000	12596900	11757000
208	13525400	13898800	12594900	11755000
209	13524900	13902200	12594900	11755100
210	13525700	13900200	12596400	11754900
211	13525600	13900300	12595700	11755900
212	13526300	13902100	12595800	11754900
213	13526100	13903200	12596900	11753400
214	13526300	13904000	12597200	11754200
215	13526200	13901600	12595700	11754200
216	13526100	13903700	12596700	11754900
217	13526900	13904100	12597700	11756900
218	13525900	13902800	12596100	11756300
219	13525900	13903800	12597100	11757200
220	13526300	13901700	12597500	11757600
221	13525300	13900100	12596000	11754700
222	13526000	13903500	12595500	11754400
223	13525800	13903400	12597200	11757300
224	13525300	13901500	12596400	11753200
225	13526000	13898000	12596700	11756900
226	13525200	13899000	12595000	11755200
227	13526000	13900100	12595700	11756000
228	13526100	13903500	12596100	11753800
229	13525700	13901600	12597200	11757400
230	13525400	13903000	12596400	11754600
231	13526200	13899500	12597500	11757600
232	13525300	13899600	12596100	11756400
233	13525600	13902900	12596000	11753500
234	13526000	13901200	12597100	11753600
235	13526500	13903200	12597300	11757400
236	13525200	13902900	12596400	11753500
237	13524900	13900400	12595800	11752900
238	13525300	13901700	12595000	11753000
239	13524700	13900500	12595500	11754200
240	13524800	13902500	12595000	11755300
241	13525100	13902700	12596200	11756400
242	13524800	13898600	12596200	11753400
243	13524900	13900000	12595000	11755200
244	13525200	13899800	12595300	11755600
245	13525300	13899200	12595500	11755100
246	13523900	13899400	12594600	11754900
247	13523600	13897500	12593800	11754200
248	13524500	13901100	12596000	11754900
249	13525100	13898900	12595600	11754300
250	13523900	13901500	12594200	11754600
251	13524900	13897000	12595800	11756000
252	13524200	13900500	12595500	11752000
253	13524700	13902500	12595200	11755500
254	13524500	13901400	12595300	11755700
255	13524300	13898100	12595200	11753500
256	13524100	13900600	12594400	11754700
257	13524100	13898500	12594300	11752600
258	13524200	13899000	12594000	11754300
259	13524200	13898300	12594500	11754900
260	13523000	13898800	12593600	11752300
261	13523000	13900300	12593700	11754000
262	13524200	13900600	12594800	11754300
263	13524500	13899800	12594800	11752800
264	13525100	13897800	12594200	11754400
265	13525100	13898100	12594300	11753000
266	13524600	13901000	12595000	11755100
267	13524700	13899600	12595500	11754200
268	13523900	13900100	12593900	11752000
269	13524700	13901400	12594700	11753100
270	13524500	13898700	12595100	11753100
271	13524900	13899500	12594500	11755000
272	13525200	13898900	12595400	11755600
273	13524900	13902800	12595300	11755600
274	13524700	13901700	12596100	11756300
275	13525200	13900100	12595900	11754400
276	13525300	13902400	12594900	11753300
277	13524200	13898700	12594800	11753200
278	13525000	13899800	12594900	11755200
279	13526000	13899900	12595500	11754800
280	13526200	13902600	12596200	11756000
281	13526100	13902200	12596400	11756700
282	13526400	13900300	12596200	11754900
283	13526400	13902500	12595300	11754900
284	13526500	13904100	12596800	11757100
285	13525700	13902500	12595300	11755600
286	13525500	13902900	12596600	11756300
287	13525400	13900400	12596400	11753500
288	13526500	13902700	12596000	11754100
289	13526600	13900800	12597100	11754200
290	13525500	13900300	12595700	11754200
291	13525700	13903000	12595800	11755100
292	13526300	13900600	12597200	11757400
293	13525800	13902000	12595400	11754700
294	13525100	13901200	12596000	11756300
295	13524900	13902000	12595800	11756100
296	13525200	13900700	12596300	11756500
297	13525100	13901600	12595500	11755800
298	13524700	13902600	12595600	11754200
299	13525200	13901700	12596100	11756400
300	13525200	13901100	12596300	11754200
301	13525200	13899800	12596300	11754200
302	13524100	13898300	12594800	11754000
303	13524200	13900300	12594600	11752800
304	13523900	13901000	12594700	11753600
305	13525100	13900900	12596200	11756300
306	13524200	13900800	12595800	11754200
307	13524600	13900000	12595300	11753800
308	13525300	13901000	12596000	11756100
309	13524900	13901000	12596500	11756400
310	13525100	13901300	12596600	11756400
311	13525100	13900300	12596700	11756900
312	13524700	13900700	12595300	11754100
313	13525800	13902300	12596400	11756700
314	13525700	13902700	12597000	11756900
315	13526100	13900100	12597100	11754100
316	13525300	13903000	12595400	11753600
317	13526400	13899500	12597400	11757500
318	13526600	13901100	12596400	11756700
319	13526000	13901100	12596900	11755200
320	13526200	13901800	12597400	11755300
321	13527400	13904900	12598100	11758200
322	13526700	13902500	12596500	11756700
323	13526400	13903800	12597500	11757500
324	13525900	13900900	12597200	11757300
325	13525700	13901000	12596400	11760900
326	13525400	13900600	12596300	11756400
327	13525200	13900800	12595100	11754200
328	13526300	13901600	12596300	11755000
329	13525900	13903800	12596400	11754000
330	13526900	13902200	12597900	11757900
331	13525800	13899900	12596700	11761700
332	13525300	13901600	12595700	11755900
333	13524400	13902400	12595600	11754400
334	13524200	13898600	12595300	11753500
335	13525000	13900700	12595200	11755500
336	13525900	13902200	12596400	11756600
337	13526200	13900000	12597400	11754900
338	13525700	13901400	12596000	11756200
339	13524800	13900000	12596200	11753900
340	13525800	13901200	12595800	11756100
341	13524900	13901900	12596300	11756500
342	13525200	13899700	12596300	11753500
343	13525100	13903100	12595500	11755800
344	13525500	13898800	12597400	11757500
345	13524900	13902600	12595100	11755500
346	13525000	13901500	12596400	11756500
347	13525800	13898400	12597300	11757400
348	13524500	13900700	12595100	11755400
349	13524700	13901800	12595600	11755900
350	13525000	13903000	12597200	11757400
351	13525200	13890100	12596800	11757000
352	13526000	13902900	12595700	11753900
353	13526000	13901300	12596500	11754000
354	13526700	13902700	12597900	11758100
355	13525500	13899400	12596500	11754000
356	13525500	13900900	12595600	11755700
357	13525800	13901300	12596400	11754800
358	13525600	13901500	12596900	11757000
359	13525300	13897900	12596300	11756400
360	13525000	13899600	12594900	11755200
361	13525100	13902500	12595000	11753300
362	13525700	13903400	12596700	11756800
363	13525600	13902700	12596300	11753600
364	13527000	13901300	12597600	11754300
365	13526900	13902500	12597400	11757600
366	13525700	13903600	12596900	11756900
367	13525800	13903400	12597200	11757300
368	13525700	13902500	12596600	11754100
369	13525600	13903600	12596800	11757000
370	13526800	13904500	12598000	11758000
371	13526800	13902600	12596600	11756800
372	13526400	13903500	12597300	11757500
373	13526500	13902600	12597400	11757600
374	13526200	13903000	12597300	11757400
375	13526100	13899100	12597100	11757200
376	13526300	13901400	12596400	11755000
377	13526900	13901800	12597300	11755400
378	13526200	13904000	12597700	11757800
379	13525700	13901900	12595200	11754500
380	13526000	13901000	12597300	11754200
381	13526600	13903000	12597300	11757500
382	13526500	13900100	12597300	11757400
383	13526300	13904300	12595700	11754900
384	13525900	13901600	12595900	11756200
385	13525100	13903900	12596500	11754900
386	13525600	13902500	12597000	11756600
387	13525700	13903500	12596900	11757100
388	13525800	13901500	12597500	11757600
389	13526000	13898200	12597300	11757400
390	13524600	13899600	12595100	11755500
391	13525200	13902800	12594900	11753900
392	13525500	13903500	12596600	11756800
393	13525300	13901000	12596500	11756700
394	13526000	13902000	12597000	11757100
395	13525700	13900700	12596200	11756400
396	13526900	13903500	12596600	11756800
397	13526600	13902600	12597500	11757700
398	13526400	13902900	12597200	11757400
399	13525700	13901200	12596900	11753500
400	13525200	13902300	12596500	11756700
401	13525300	13902400	12596900	11756900
402	13525200	13899900	12596400	11753900
403	13526600	13902800	12596600	11756400
404	13526500	13904000	12597800	11757600
405	13525600	13901400	12595400	11754300
406	13526000	13901200	12597200	11754100
407	13526000	13903400	12597300	11757500
408	13526200	13902900	12597500	11754200
409	13525500	13900900	12596400	11753600
410	13525100	13901200	12596500	11755500
411	13525400	13902100	12596400	11756600
412	13526100	13904100	12597100	11754300
413	13526400	13903800	12596700	11756800
414	13525700	13900900	12597600	11757700
415	13525400	13901400	12597100	11755100
416	13525600	13900500	12597100	11754400
417	13525800	13903200	12597000	11757200
418	13525700	13903000	12597400	11753800
419	13525900	13899400	12597500	11757500
420	13526700	13901600	12596500	11756100
421	13525800	13904100	12597200	11755500
422	13525800	13903000	12596200	11756500
423	13526400	13899700	12597600	11757700
424	13526500	13904300	12597000	11757100
425	13527000	13902000	12596800	11757100
426	13525700	13901400	12597000	11757100
427	13525800	13900400	12597000	11754300
428	13524800	13901200	12595300	11753400
429	13525200	13901600	12596300	11756600
430	13525800	13903600	12596700	11755600
431	13526300	13903100	12597500	11757600
432	13527400	13900000	12598100	11758300
433	13526100	13900700	12596300	11756500
434	13526400	13902700	12597100	11757300
435	13526600	13900100	12597400	11755000
436	13526200	13903500	12596000	11754500
437	13525700	13901300	12597200	11757300
438	13525500	13901500	12597200	11757400
439	13525400	13898200	12597000	11757100
440	13526800	13901800	12597000	11757300
441	13525600	13903400	12597700	11757800
442	13525100	13902200	12597100	11753600
443	13525400	13900100	12597300	11753800
444	13525000	13903400	12595900	11753800
445	13525000	13902000	12596900	11753800
446	13525400	13901400	12597400	11757500
447	13526200	13901100	12597600	11754500
448	13526400	13901900	12598200	11755700
449	13526500	13901800	12597600	11754600
450	13526500	13903900	12598200	11758300
451	13525500	13902000	12597600	11761300
452	13524900	13901100	12597300	11757400
453	13525400	13900600	12597300	11755000
454	13526000	13901600	12596700	11754600
455	13525900	13904000	12597200	11755400
456	13525500	13901400	12595600	11754100
457	13525400	13900900	12597700	11754500
458	13525500	13901900	12597400	11755000
459	13525500	13900200	12596800	11754100
460	13526800	13903000	12597300	11757400
461	13526500	13900500	12598200	11758300
462	13526800	13904500	12597400	11757700
463	13527300	13903600	12597500	11757400
464	13527000	13904900	12598700	11758300
465	13526900	13903100	12596900	11757100
466	13527600	13901400	12599000	11759000
467	13527800	13903000	12598800	11755400
468	13527900	13901300	12599100	11759000
469	13527300	13903500	12598700	11758800
470	13527800	13902900	12599000	11759000
471	13526400	13901700	12597300	11754000
472	13526500	13902400	12597700	11755700
473	13526600	13901700	12597700	11755300
474	13526300	13901900	12597400	11755000
475	13525400	13900300	12596600	11753700
476	13526100	13903200	12596500	11755700
477	13526100	13904400	12597800	11756600
478	13525900	13898900	12596000	11756200
479	13525800	13903700	12596400	11756500
480	13525500	13902500	12597000	11755900
481	13526300	13904100	12597600	11757300
482	13526200	13901900	12596300	11756500
483	13525800	13899600	12596700	11753100
484	13524900	13901800	12594900	11753000
485	13524500	13901300	12596100	11756300
486	13524900	13900800	12596700	11756900
487	13525000	13895100	12596000	11753400
488	13525100	13898700	12596100	11756400
489	13525200	13900400	12595600	11755900
490	13525800	13902900	12596500	11754000
491	13525300	13901400	12597100	11753500
492	13525300	13900800	12597600	11754100
493	13525400	13901300	12596800	11754400
494	13525500	13902500	12598000	11758100
495	13525400	13904000	12597500	11757300
496	13524600	13900700	12595300	11753800
497	13526100	13903500	12597200	11757300
498	13525500	13901500	12597600	11757700
499	13526100	13898600	12597800	11757900

============================================================
# BITSTREAM: 10ms_101etapas.bit
# VENTANA: 10ms
# ETAPAS_PRINCIPAL: 101
# NUM_MUESTRAS: 500
# FORMATO: idx	freq1_hz	freq2_hz	freq3_hz	freq4_hz
============================================================
idx	freq1_hz	freq2_hz	freq3_hz	freq4_hz
0	7512200	8206200	8210200	8694200
1	7512500	8207000	8210700	8694700
2	7513100	8206800	8211900	8695000
3	7512800	8207100	8212100	8695100
4	7512100	8206200	8210400	8694700
5	7512900	8207500	8211200	8694600
6	7513000	8207400	8211100	8695200
7	7513100	8207600	8212000	8695400
8	7512600	8206900	8211200	8694400
9	7512900	8207500	8211100	8695100
10	7512800	8206900	8211600	8695100
11	7512800	8207600	8211300	8695200
12	7512700	8207100	8210800	8694500
13	7512600	8206900	8211600	8694300
14	7512700	8207400	8211200	8695300
15	7512800	8207200	8211100	8695400
16	7513400	8207700	8212400	8695700
17	7512900	8207400	8211900	8694800
18	7512900	8207400	8212400	8695600
19	7513100	8207900	8211600	8695100
20	7512300	8206900	8210900	8695000
21	7513000	8207700	8211100	8695500
22	7513100	8207500	8211700	8695300
23	7512900	8207700	8211000	8694700
24	7512900	8207400	8210500	8695100
25	7513200	8207900	8211200	8695800
26	7512800	8207100	8210900	8695300
27	7513600	8208400	8211800	8696100
28	7513700	8208200	8211500	8696300
29	7513000	8207400	8211700	8695500
30	7512700	8207300	8210800	8695500
31	7512900	8207100	8211700	8694800
32	7512400	8206800	8210500	8694300
33	7512600	8207100	8210300	8695300
34	7512500	8206800	8211400	8695900
35	7512800	8207500	8210600	8695200
36	7512500	8207100	8210400	8694900
37	7512500	8207200	8210800	8694500
38	7512700	8206500	8211400	8694600
39	7512600	8207400	8210600	8695300
40	7512200	8206800	8209900	8694700
41	7512800	8207500	8211200	8695500
42	7512400	8206400	8210300	8694900
43	7512700	8207200	8211900	8695500
44	7512900	8207300	8212300	8695900
45	7513000	8207600	8211600	8695600
46	7512400	8206800	8210900	8695000
47	7512600	8207200	8210800	8695300
48	7513100	8207400	8212100	8695200
49	7513100	8207800	8211200	8696000
50	7512300	8206700	8210300	8694800
51	7512300	8206700	8211300	8695000
52	7512200	8206500	8210200	8694100
53	7512500	8207200	8210600	8695900
54	7512900	8207500	8210400	8695200
55	7513400	8208300	8211700	8695500
56	7513500	8208400	8211500	8695200
57	7514000	8208800	8212900	8696500
58	7513200	8207800	8211200	8695200
59	7513400	8208300	8211600	8695900
60	7513600	8208400	8212300	8696100
61	7514100	8208800	8212600	8696600
62	7513100	8207600	8210900	8695300
63	7513700	8208300	8211700	8695800
64	7512900	8207400	8210900	8694600
65	7512800	8207400	8210800	8694900
66	7512700	8206400	8211200	8694200
67	7512300	8206800	8210300	8695400
68	7513400	8207500	8211900	8695600
69	7512900	8207300	8211900	8695100
70	7512800	8206700	8211800	8695100
71	7512200	8206900	8209900	8694500
72	7513000	8207400	8211200	8695100
73	7512700	8206900	8210700	8695000
74	7512700	8206700	8211400	8695000
75	7512700	8207300	8210300	8695000
76	7512600	8206900	8211300	8695000
77	7512800	8207500	8210800	8694600
78	7513200	8207000	8211800	8694900
79	7512800	8207100	8210200	8694800
80	7512400	8206400	8210200	8694700
81	7512600	8206700	8210700	8694900
82	7512500	8206000	8210800	8694900
83	7512200	8206000	8211000	8694000
84	7512400	8206600	8209900	8694600
85	7512700	8206900	8211000	8695300
86	7512700	8206900	8210200	8694900
87	7512100	8206700	8210100	8694700
88	7512500	8207000	8210700	8694500
89	7513100	8207600	8211700	8695300
90	7512600	8206900	8210700	8694400
91	7512900	8207100	8211200	8695100
92	7512300	8206600	8210200	8694600
93	7512600	8207300	8210500	8695200
94	7512200	8206400	8210000	8694600
95	7512700	8207300	8211600	8695400
96	7513000	8207500	8211300	8695300
97	7513000	8207400	8210900	8694700
98	7512800	8207000	8210700	8695200
99	7513300	8207500	8211900	8695600
100	7513000	8207100	8212000	8695700
101	7513200	8207700	8211800	8695300
102	7513400	8208300	8211200	8696200
103	7512500	8207400	8210600	8695400
104	7512900	8207900	8210800	8695700
105	7513400	8208100	8212000	8695400
106	7513200	8207700	8211600	8695200
107	7512900	8208100	8211500	8695700
108	7513100	8207600	8211800	8695800
109	7513400	8208300	8211200	8696200
110	7513200	8207500	8211400	8695900
111	7513400	8208200	8211400	8696000
112	7512800	8207300	8210600	8694700
113	7512400	8207000	8210100	8695100
114	7512700	8207200	8211100	8695200
115	7513400	8207600	8211900	8695700
116	7513300	8207800	8212200	8695900
117	7513300	8208300	8210900	8696000
118	7513300	8207600	8211400	8696000
119	7513300	8208300	8211100	8695900
120	7513300	8207500	8211800	8695800
121	7513200	8208100	8211100	8695800
122	7513400	8207300	8212200	8695800
123	7512500	8207100	8210100	8695100
124	7512900	8207400	8211500	8695300
125	7512500	8206900	8211600	8695200
126	7512600	8207200	8211300	8695400
127	7512700	8207200	8210700	8694900
128	7512500	8206700	8211700	8695200
129	7512800	8207400	8211200	8695800
130	7512400	8206500	8210800	8695200
131	7513500	8207800	8212700	8695500
132	7512500	8207100	8211400	8695100
133	7512800	8207500	8210700	8695000
134	7513200	8207700	8212100	8695600
135	7512700	8207100	8210900	8695300
136	7512700	8207100	8210800	8695200
137	7513100	8207500	8212100	8695000
138	7513000	8207500	8211100	8695600
139	7513100	8207500	8211900	8695300
140	7513300	8207900	8212400	8695800
141	7513300	8208000	8211600	8694900
142	7513600	8208000	8211900	8696100
143	7513600	8208500	8212900	8696300
144	7513300	8208000	8211300	8695200
145	7513400	8208200	8211500	8695300
146	7513300	8207600	8211900	8695600
147	7513000	8207700	8212000	8695300
148	7512700	8207100	8211000	8694400
149	7513000	8207700	8210700	8695200
150	7513200	8207400	8211700	8695500
151	7513000	8207700	8211000	8694800
152	7513200	8207300	8210800	8695500
153	7512800	8207300	8211600	8694700
154	7512500	8206900	8211100	8695100
155	7512800	8207100	8211500	8695200
156	7512500	8206600	8211500	8695300
157	7512400	8207000	8211200	8695000
158	7512400	8206500	8210400	8694900
159	7512900	8207600	8211200	8695000
160	7512800	8207400	8211000	8695000
161	7512700	8207400	8210200	8694900
162	7512400	8206700	8210300	8694900
163	7512500	8207000	8211300	8695100
164	7512200	8206500	8210300	8694200
165	7513200	8207800	8212100	8695800
166	7512100	8206400	8210300	8694800
167	7512800	8207600	8212000	8695700
168	7512800	8207100	8211300	8694900
169	7512800	8207600	8210900	8695100
170	7512500	8207100	8210800	8695300
171	7512400	8206800	8211400	8694700
172	7512500	8206700	8210300	8695100
173	7512500	8207100	8211500	8695200
174	7512500	8207000	8211300	8695800
175	7512200	8206800	8210300	8694100
176	7513000	8207100	8211900	8695600
177	7512900	8207500	8212300	8695600
178	7513100	8207100	8211600	8695600
179	7512800	8207700	8211300	8695200
180	7512900	8207400	8210900	8694900
181	7512900	8207700	8211100	8695500
182	7512800	8206800	8211600	8695100
183	7512900	8207600	8211900	8695500
184	7513000	8207500	8212400	8695600
185	7512900	8207200	8212000	8695100
186	7512800	8206800	8211700	8694800
187	7513000	8207800	8211400	8695100
188	7512600	8207200	8210600	8695100
189	7512800	8207300	8210600	8695100
190	7512700	8207300	8210500	8694400
191	7513000	8207600	8211100	8695900
192	7513200	8207700	8212100	8695800
193	7513200	8207500	8211300	8695700
194	7513000	8207400	8211100	8695200
195	7513700	8207900	8212300	8695900
196	7513500	8207500	8212000	8696000
197	7513300	8207600	8211800	8695000
198	7513100	8207600	8210800	8695700
199	7513400	8208000	8212500	8695500
200	7512100	8206800	8210300	8694900
201	7512800	8207400	8211700	8695500
202	7512500	8207000	8210700	8694700
203	7513200	8207200	8211800	8694700
204	7513000	8207300	8210900	8695500
205	7513300	8207500	8211200	8695500
206	7512900	8206800	8210900	8695300
207	7513200	8207400	8211300	8695700
208	7513100	8207300	8211200	8695700
209	7513300	8207700	8211400	8695700
210	7513100	8207300	8210900	8695500
211	7512900	8207300	8210900	8695200
212	7512700	8207100	8210900	8695100
213	7513000	8207700	8211100	8695500
214	7513400	8207400	8211900	8695500
215	7512900	8207400	8212000	8695400
216	7512200	8206200	8210900	8694100
217	7512500	8206800	8210500	8694700
218	7511900	8206100	8209900	8694600
219	7512300	8206900	8210800	8694900
220	7512200	8206300	8211200	8694100
221	7512000	8205900	8210100	8694000
222	7512000	8206200	8210600	8694000
223	7512400	8206900	8210100	8694800
224	7512900	8207000	8211500	8694900
225	7512600	8206800	8211500	8694800
226	7512100	8206100	8210800	8694300
227	7512600	8206500	8211500	8694300
228	7513100	8207100	8211900	8695200
229	7512400	8206800	8211500	8694700
230	7512000	8206000	8210900	8694200
231	7512400	8206500	8210300	8694300
232	7512600	8206100	8211100	8694500
233	7512400	8206200	8210900	8694200
234	7512000	8205800	8209900	8694100
235	7512200	8206000	8210600	8694500
236	7512300	8206200	8209700	8694400
237	7512000	8206200	8209500	8693800
238	7513000	8206900	8211900	8695600
239	7512000	8205900	8211200	8694500
240	7511600	8205400	8209900	8693300
241	7512100	8206200	8210700	8694700
242	7512000	8205700	8210700	8694400
243	7512300	8206200	8211000	8694600
244	7512100	8205700	8209500	8694200
245	7511700	8205800	8211200	8694500
246	7511200	8205300	8209600	8693900
247	7511400	8205500	8210000	8694000
248	7512100	8206200	8211300	8694800
249	7512100	8206400	8210200	8694200
250	7511800	8205900	8210100	8694600
251	7512200	8206700	8210900	8694400
252	7512300	8206500	8210600	8695000
253	7511400	8205600	8209200	8693600
254	7512300	8206200	8211500	8694400
255	7512100	8206800	8211000	8694600
256	7512100	8206700	8209900	8694600
257	7512200	8206700	8210500	8694700
258	7511900	8206000	8209900	8694300
259	7512200	8206500	8210900	8694500
260	7512500	8206900	8210800	8695100
261	7512000	8206400	8210800	8693800
262	7512100	8206100	8211400	8694100
263	7512500	8207100	8210600	8694800
264	7512300	8206800	8210200	8694800
265	7512000	8206600	8210200	8694500
266	7512200	8206400	8210600	8694800
267	7512400	8206800	8210400	8694800
268	7512700	8207200	8210900	8694700
269	7512600	8207100	8210700	8695100
270	7511800	8205900	8210600	8694200
271	7511700	8206400	8209300	8694200
272	7512400	8206500	8210500	8694800
273	7511900	8206200	8209600	8694300
274	7511400	8205500	8209700	8694000
275	7511700	8206300	8209500	8693900
276	7511500	8205600	8210800	8694200
277	7511900	8206500	8210900	8693900
278	7511600	8206400	8209700	8694200
279	7511700	8206400	8209400	8693500
280	7512100	8206400	8210100	8694500
281	7512700	8207300	8211000	8694600
282	7512300	8206700	8210000	8694600
283	7512000	8206300	8211000	8694700
284	7511700	8205900	8209500	8693900
285	7512500	8206800	8211600	8695000
286	7511500	8205600	8210600	8694100
287	7511500	8205900	8209400	8694000
288	7511500	8205500	8209700	8693700
289	7511300	8205600	8209300	8693000
290	7511400	8205200	8210100	8694000
291	7512000	8206400	8211000	8694200
292	7512300	8206200	8210000	8694500
293	7511900	8206100	8211000	8694400
294	7512000	8206100	8209700	8694100
295	7512100	8206700	8209900	8694000
296	7512200	8206000	8210600	8694600
297	7511800	8206200	8209600	8694200
298	7511900	8206000	8210300	8694200
299	7512000	8206400	8210900	8694100
300	7512100	8206100	8210100	8694300
301	7511800	8206100	8210600	8693800
302	7512100	8206300	8209700	8694300
303	7511600	8206200	8209600	8693600
304	7511500	8205400	8209900	8693800
305	7511500	8205600	8209900	8693800
306	7512300	8206600	8210700	8694700
307	7512000	8206400	8210800	8694300
308	7512200	8206200	8211000	8693900
309	7511800	8206500	8209700	8693900
310	7511700	8206300	8209600	8693700
311	7511800	8206100	8210300	8694100
312	7512000	8205800	8211200	8694300
313	7512100	8206400	8210500	8694400
314	7512500	8206800	8210700	8694900
315	7512300	8206600	8211500	8694700
316	7512100	8206600	8211400	8694600
317	7512500	8206900	8210600	8694900
318	7512400	8206900	8210200	8694800
319	7512200	8206400	8210400	8694600
320	7511700	8205500	8210500	8693600
321	7511800	8206400	8209900	8694300
322	7512000	8206200	8210900	8694500
323	7512300	8206700	8210600	8694700
324	7512000	8206000	8209600	8694100
325	7512000	8206400	8210800	8694500
326	7512000	8205800	8211000	8693800
327	7512200	8206600	8210200	8694200
328	7511800	8206000	8209900	8694000
329	7512200	8206700	8211000	8694700
330	7512100	8206400	8209900	8694200
331	7512400	8206500	8211000	8694400
332	7512300	8206400	8210200	8694200
333	7512000	8206600	8210300	8694400
334	7512100	8206000	8211400	8694500
335	7512600	8206900	8210600	8694600
336	7511200	8205200	8209100	8693300
337	7511700	8205500	8211000	8693900
338	7511800	8205600	8210000	8693900
339	7511800	8205900	8211000	8694000
340	7512100	8206000	8209700	8693900
341	7511600	8206100	8209500	8693200
342	7512100	8206200	8211600	8694600
343	7511900	8206100	8210700	8694100
344	7512300	8206200	8211300	8694500
345	7511600	8205700	8209800	8693100
346	7511500	8205600	8208900	8693500
347	7512100	8206300	8210600	8694200
348	7511900	8206200	8209700	8694000
349	7511600	8205900	8209700	8693300
350	7511800	8205800	8209800	8693500
351	7511900	8206200	8209500	8694100
352	7511700	8205300	8211300	8694100
353	7512600	8206700	8210700	8693900
354	7511500	8205600	8210600	8693800
355	7512100	8206500	8210100	8694200
356	7512500	8206900	8211200	8695200
357	7512200	8206600	8210600	8694400
358	7512600	8206600	8210300	8694800
359	7512700	8207000	8211700	8694900
360	7512200	8206100	8210500	8693100
361	7511900	8206100	8210000	8694200
362	7511600	8205300	8210700	8693800
363	7512200	8206500	8211100	8694200
364	7512600	8206400	8211400	8694600
365	7512400	8206600	8210400	8694500
366	7512400	8206300	8210800	8693900
367	7512300	8206500	8211400	8693800
368	7512700	8206900	8210600	8694700
369	7511900	8206400	8209900	8694000
370	7512500	8206700	8211400	8694800
371	7512400	8207000	8210600	8694700
372	7512100	8206400	8210200	8694400
373	7512700	8207500	8210700	8694800
374	7512300	8206700	8211200	8694500
375	7512000	8206700	8210300	8693800
376	7511500	8205800	8211000	8693800
377	7511800	8206300	8209800	8693900
378	7512300	8206900	8209900	8694500
379	7512500	8207100	8211100	8694600
380	7512100	8206200	8211200	8694200
381	7512200	8206800	8210700	8694300
382	7512400	8207100	8211500	8694700
383	7512100	8206600	8211300	8694400
384	7511800	8206100	8210400	8693600
385	7512000	8206700	8210600	8693600
386	7512400	8206800	8210500	8694800
387	7512800	8207100	8211000	8695000
388	7512000	8206300	8210000	8694000
389	7511700	8206000	8210900	8694100
390	7512400	8206900	8210700	8694700
391	7512500	8207000	8211500	8694800
392	7512500	8206800	8211700	8694800
393	7512200	8206900	8210700	8694100
394	7512000	8206200	8211200	8694300
395	7512100	8206700	8210600	8694400
396	7512200	8206500	8210300	8694500
397	7512800	8207400	8212100	8695200
398	7512700	8206900	8211000	8695200
399	7512500	8206900	8210500	8695200
400	7512500	8206900	8210600	8695100
401	7512500	8207300	8210400	8694800
402	7512200	8207000	8210800	8694200
403	7512400	8206700	8211600	8694200
404	7511800	8206200	8210500	8694100
405	7511800	8206300	8209900	8694200
406	7511700	8205900	8210600	8694000
407	7512000	8206500	8209900	8694100
408	7512500	8206900	8211400	8695000
409	7512300	8206700	8210300	8694300
410	7512100	8206400	8211500	8695200
411	7512500	8207200	8211700	8694900
412	7512400	8207000	8210900	8694100
413	7512200	8206600	8210800	8694400
414	7512500	8206500	8211900	8694200
415	7512400	8206700	8212000	8694900
416	7511800	8205800	8210700	8693600
417	7512700	8206900	8211600	8694700
418	7512300	8206700	8211100	8694600
419	7512700	8207100	8211900	8694700
420	7512200	8206600	8211800	8694400
421	7512900	8207800	8210900	8694400
422	7512600	8207100	8211000	8694800
423	7512300	8206800	8210300	8694000
424	7512500	8206900	8211700	8694800
425	7512800	8207600	8211000	8694400
426	7513000	8207700	8210900	8694800
427	7512800	8207300	8210900	8694900
428	7512300	8206500	8210600	8694400
429	7512100	8206700	8210100	8694400
430	7512200	8206800	8211000	8694100
431	7512900	8207600	8210600	8694600
432	7512300	8206700	8210100	8694400
433	7512300	8206800	8210900	8694100
434	7512800	8206900	8211100	8694900
435	7512700	8207200	8211700	8694800
436	7512800	8207200	8211100	8694500
437	7512800	8206900	8211800	8694800
438	7512500	8207200	8210300	8694700
439	7512300	8206800	8211400	8694500
440	7511900	8206200	8210000	8694300
441	7511900	8205900	8211100	8694300
442	7512000	8205800	8210800	8694000
443	7512400	8206700	8211500	8694200
444	7512300	8206600	8211500	8694600
445	7511800	8206000	8211100	8693900
446	7512000	8205900	8211000	8694000
447	7512500	8206900	8210600	8694600
448	7512300	8206700	8210100	8694300
449	7512400	8207000	8210800	8694000
450	7512800	8206900	8211600	8694400
451	7512700	8207400	8211100	8694700
452	7512900	8207200	8211800	8694800
453	7512900	8207600	8210700	8694900
454	7512500	8206700	8211400	8694400
455	7513100	8207600	8210800	8694900
456	7512900	8206900	8211600	8694400
457	7513000	8207700	8211600	8695100
458	7513300	8207500	8211900	8695300
459	7513400	8207800	8212400	8695300
460	7513000	8207100	8211300	8694400
461	7512800	8207300	8210900	8694300
462	7512800	8207200	8210900	8695700
463	7513100	8207700	8211200	8695100
464	7512500	8206500	8210700	8694500
465	7513100	8207300	8212000	8695200
466	7512400	8206300	8211000	8694100
467	7513000	8207400	8211000	8695100
468	7512800	8207200	8210800	8695200
469	7513200	8207700	8212100	8695100
470	7512400	8206700	8210400	8694900
471	7512200	8206900	8210600	8694100
472	7512500	8207000	8210200	8694800
473	7511800	8206500	8210000	8694100
474	7511600	8206200	8210700	8694400
475	7512200	8206700	8211100	8694400
476	7512800	8207300	8211600	8694800
477	7512300	8207000	8211000	8694500
478	7512700	8207200	8210200	8694600
479	7512700	8207500	8210800	8694800
480	7512800	8207200	8211500	8694500
481	7512900	8207500	8211800	8695200
482	7512700	8207200	8210400	8695000
483	7512700	8207500	8211200	8694600
484	7512200	8206200	8210400	8694300
485	7512400	8207000	8210900	8694100
486	7512100	8205900	8210200	8694000
487	7512000	8206100	8210200	8694100
488	7512000	8206100	8210100	8694300
489	7512100	8206800	8210500	8693900
490	7512100	8206200	8209700	8694300
491	7512600	8207300	8210300	8694400
492	7512300	8206400	8211300	8694500
493	7512100	8206500	8210100	8693600
494	7512000	8206300	8210400	8693500
495	7511700	8206100	8210100	8693200
496	7512100	8206300	8210500	8693600
497	7512300	8206800	8210200	8694300
498	7512400	8206600	8210400	8694700
499	7512100	8206600	8210500	8693600

============================================================
# BITSTREAM: 1ms_3etapas.bit
# VENTANA: 1ms
# ETAPAS_PRINCIPAL: 3
# NUM_MUESTRAS: 500
# FORMATO: idx	freq1_hz	freq2_hz	freq3_hz	freq4_hz
============================================================
idx	freq1_hz	freq2_hz	freq3_hz	freq4_hz
0	35902000	35902000	35902000	35902000
1	35903000	35903000	35903000	35903000
2	35898000	35898000	35898000	35898000
3	35899000	35899000	35899000	35899000
4	35899000	35899000	35899000	35899000
5	35900000	35900000	35900000	35900000
6	35903000	35903000	35903000	35903000
7	35901000	35901000	35901000	35901000
8	35904000	35904000	35904000	35904000
9	35903000	35904000	35904000	35904000
10	35900000	35900000	35900000	35900000
11	35899000	35898000	35898000	35898000
12	35899000	35899000	35899000	35899000
13	35902000	35902000	35902000	35902000
14	35898000	35898000	35898000	35898000
15	35901000	35901000	35901000	35902000
16	35902000	35902000	35902000	35902000
17	35897000	35897000	35897000	35897000
18	35905000	35905000	35905000	35905000
19	35901000	35901000	35901000	35901000
20	35903000	35903000	35903000	35903000
21	35904000	35904000	35904000	35904000
22	35900000	35900000	35900000	35900000
23	35904000	35904000	35904000	35904000
24	35907000	35907000	35907000	35907000
25	35899000	35898000	35898000	35899000
26	35901000	35901000	35901000	35901000
27	35902000	35903000	35903000	35903000
28	35900000	35899000	35899000	35899000
29	35898000	35897000	35897000	35897000
30	35897000	35897000	35897000	35897000
31	35902000	35902000	35902000	35902000
32	35899000	35899000	35899000	35899000
33	35906000	35906000	35906000	35906000
34	35906000	35906000	35906000	35906000
35	35904000	35904000	35904000	35904000
36	35902000	35902000	35902000	35903000
37	35903000	35903000	35903000	35903000
38	35904000	35904000	35904000	35904000
39	35898000	35898000	35898000	35898000
40	35905000	35904000	35904000	35904000
41	35904000	35904000	35904000	35904000
42	35897000	35897000	35897000	35897000
43	35900000	35900000	35900000	35900000
44	35895000	35895000	35895000	35895000
45	35899000	35899000	35899000	35899000
46	35898000	35898000	35898000	35898000
47	35902000	35902000	35902000	35902000
48	35900000	35899000	35900000	35900000
49	35900000	35900000	35900000	35900000
50	35906000	35905000	35906000	35905000
51	35902000	35902000	35902000	35902000
52	35901000	35901000	35901000	35901000
53	35902000	35902000	35902000	35902000
54	35900000	35900000	35900000	35900000
55	35903000	35903000	35903000	35904000
56	35898000	35898000	35898000	35898000
57	35902000	35902000	35902000	35902000
58	35903000	35903000	35903000	35903000
59	35904000	35904000	35904000	35904000
60	35906000	35906000	35906000	35906000
61	35907000	35907000	35907000	35907000
62	35908000	35907000	35907000	35907000
63	35910000	35910000	35910000	35910000
64	35905000	35905000	35905000	35905000
65	35903000	35904000	35904000	35904000
66	35911000	35911000	35911000	35911000
67	35903000	35903000	35903000	35903000
68	35903000	35903000	35903000	35903000
69	35905000	35921000	35905000	35905000
70	35903000	35904000	35904000	35904000
71	35906000	35905000	35905000	35905000
72	35907000	35907000	35907000	35907000
73	35907000	35907000	35907000	35907000
74	35905000	35906000	35906000	35906000
75	35907000	35907000	35907000	35908000
76	35907000	35908000	35908000	35908000
77	35906000	35906000	35906000	35906000
78	35902000	35902000	35902000	35902000
79	35903000	35903000	35903000	35903000
80	35904000	35904000	35904000	35904000
81	35905000	35905000	35905000	35905000
82	35906000	35906000	35906000	35906000
83	35908000	35908000	35908000	35908000
84	35900000	35900000	35900000	35900000
85	35906000	35905000	35905000	35905000
86	35903000	35903000	35903000	35925000
87	35904000	35904000	35904000	35905000
88	35908000	35908000	35908000	35908000
89	35905000	35905000	35905000	35904000
90	35906000	35906000	35906000	35906000
91	35904000	35904000	35904000	35904000
92	35909000	35909000	35909000	35909000
93	35908000	35908000	35908000	35908000
94	35904000	35905000	35904000	35905000
95	35907000	35907000	35907000	35907000
96	35911000	35911000	35911000	35911000
97	35910000	35910000	35910000	35910000
98	35906000	35906000	35906000	35907000
99	35910000	35910000	35910000	35910000
100	35913000	35913000	35913000	35913000
101	35904000	35903000	35903000	35904000
102	35906000	35907000	35907000	35907000
103	35909000	35909000	35909000	35909000
104	35912000	35912000	35912000	35912000
105	35910000	35910000	35910000	35910000
106	35906000	35905000	35905000	35905000
107	35911000	35911000	35911000	35911000
108	35912000	35912000	35912000	35912000
109	35911000	35911000	35911000	35911000
110	35912000	35912000	35912000	35912000
111	35910000	35910000	35910000	35910000
112	35906000	35906000	35906000	35906000
113	35908000	35908000	35908000	35908000
114	35903000	35903000	35903000	35903000
115	35899000	35898000	35898000	35898000
116	35904000	35904000	35904000	35904000
117	35897000	35898000	35898000	35898000
118	35901000	35901000	35901000	35901000
119	35898000	35898000	35898000	35898000
120	35899000	35898000	35898000	35896000
121	35898000	35899000	35899000	35899000
122	35899000	35899000	35899000	35899000
123	35903000	35903000	35903000	35903000
124	35905000	35904000	35904000	35904000
125	35906000	35907000	35907000	35907000
126	35903000	35903000	35903000	35903000
127	35906000	35906000	35906000	35906000
128	35901000	35902000	35902000	35902000
129	35903000	35903000	35903000	35903000
130	35904000	35904000	35904000	35904000
131	35899000	35899000	35899000	35899000
132	35901000	35901000	35901000	35901000
133	35901000	35901000	35901000	35901000
134	35904000	35904000	35904000	35904000
135	35902000	35902000	35902000	35902000
136	35904000	35903000	35903000	35903000
137	35903000	35903000	35903000	35903000
138	35902000	35902000	35902000	35902000
139	35901000	35902000	35902000	35902000
140	35901000	35901000	35901000	35901000
141	35907000	35907000	35907000	35907000
142	35902000	35902000	35902000	35902000
143	35904000	35904000	35904000	35904000
144	35901000	35901000	35901000	35901000
145	35902000	35902000	35902000	35902000
146	35905000	35905000	35905000	35905000
147	35904000	35904000	35904000	35904000
148	35904000	35904000	35904000	35904000
149	35901000	35901000	35901000	35901000
150	35906000	35906000	35906000	35906000
151	35903000	35902000	35902000	35902000
152	35898000	35898000	35898000	35898000
153	35900000	35900000	35900000	35900000
154	35900000	35900000	35900000	35900000
155	35903000	35903000	35903000	35903000
156	35901000	35901000	35901000	35901000
157	35907000	35907000	35907000	35907000
158	35905000	35905000	35905000	35905000
159	35904000	35904000	35904000	35904000
160	35907000	35907000	35907000	35907000
161	35904000	35904000	35904000	35904000
162	35902000	35902000	35885000	35902000
163	35904000	35904000	35904000	35903000
164	35907000	35907000	35907000	35907000
165	35905000	35905000	35905000	35905000
166	35902000	35902000	35902000	35902000
167	35900000	35900000	35900000	35900000
168	35901000	35901000	35901000	35901000
169	35902000	35902000	35902000	35902000
170	35906000	35906000	35906000	35907000
171	35905000	35905000	35905000	35905000
172	35907000	35907000	35907000	35907000
173	35906000	35906000	35906000	35905000
174	35904000	35904000	35904000	35904000
175	35901000	35901000	35901000	35901000
176	35908000	35908000	35908000	35908000
177	35907000	35907000	35907000	35907000
178	35906000	35906000	35906000	35906000
179	35907000	35907000	35907000	35907000
180	35907000	35907000	35907000	35907000
181	35903000	35903000	35903000	35903000
182	35905000	35905000	35905000	35905000
183	35906000	35906000	35906000	35906000
184	35905000	35905000	35905000	35905000
185	35906000	35906000	35906000	35906000
186	35908000	35908000	35908000	35908000
187	35906000	35906000	35906000	35906000
188	35905000	35906000	35906000	35906000
189	35907000	35907000	35907000	35907000
190	35906000	35906000	35906000	35906000
191	35906000	35906000	35906000	35906000
192	35907000	35906000	35906000	35906000
193	35904000	35904000	35904000	35904000
194	35908000	35908000	35908000	35908000
195	35903000	35903000	35903000	35903000
196	35900000	35901000	35901000	35901000
197	35900000	35900000	35900000	35900000
198	35907000	35907000	35907000	35907000
199	35905000	35905000	35905000	35937000
200	35909000	35909000	35909000	35909000
201	35903000	35903000	35903000	35903000
202	35904000	35904000	35904000	35904000
203	35911000	35911000	35911000	35910000
204	35908000	35908000	35908000	35907000
205	35902000	35903000	35903000	35903000
206	35902000	35903000	35903000	35903000
207	35912000	35912000	35912000	35912000
208	35905000	35905000	35905000	35905000
209	35901000	35901000	35901000	35901000
210	35905000	35905000	35905000	35905000
211	35898000	35898000	35898000	35898000
212	35903000	35903000	35903000	35903000
213	35903000	35903000	35903000	35903000
214	35903000	35903000	35903000	35903000
215	35902000	35902000	35902000	35902000
216	35899000	35899000	35899000	35899000
217	35903000	35903000	35903000	35903000
218	35901000	35900000	35900000	35900000
219	35907000	35907000	35908000	35907000
220	35904000	35904000	35904000	35904000
221	35901000	35901000	35901000	35901000
222	35900000	35900000	35900000	35900000
223	35896000	35896000	35896000	35896000
224	35901000	35901000	35901000	35901000
225	35902000	35902000	35902000	35902000
226	35904000	35904000	35904000	35904000
227	35911000	35911000	35911000	35911000
228	35903000	35903000	35903000	35900000
229	35903000	35903000	35903000	35903000
230	35904000	35905000	35905000	35905000
231	35906000	35906000	35906000	35906000
232	35908000	35908000	35908000	35908000
233	35910000	35909000	35909000	35909000
234	35908000	35908000	35908000	35908000
235	35910000	35910000	35910000	35910000
236	35906000	35905000	35905000	35905000
237	35903000	35903000	35903000	35903000
238	35904000	35903000	35903000	35903000
239	35911000	35911000	35911000	35911000
240	35909000	35909000	35909000	35909000
241	35906000	35906000	35906000	35906000
242	35906000	35905000	35905000	35905000
243	35906000	35906000	35907000	35906000
244	35904000	35904000	35904000	35904000
245	35908000	35908000	35908000	35908000
246	35909000	35909000	35909000	35908000
247	35903000	35903000	35903000	35903000
248	35902000	35901000	35902000	35901000
249	35904000	35905000	35905000	35905000
250	35899000	35900000	35900000	35900000
251	35901000	35901000	35901000	35901000
252	35902000	35901000	35901000	35901000
253	35900000	35900000	35900000	35900000
254	35901000	35901000	35901000	35901000
255	35909000	35909000	35909000	35909000
256	35905000	35905000	35905000	35905000
257	35897000	35897000	35897000	35897000
258	35898000	35898000	35898000	35897000
259	35905000	35905000	35905000	35905000
260	35900000	35900000	35900000	35900000
261	35895000	35895000	35895000	35895000
262	35902000	35902000	35902000	35902000
263	35898000	35898000	35898000	35898000
264	35898000	35898000	35898000	35898000
265	35897000	35896000	35896000	35896000
266	35898000	35897000	35897000	35897000
267	35894000	35894000	35894000	35894000
268	35896000	35897000	35897000	35897000
269	35893000	35893000	35893000	35893000
270	35898000	35898000	35898000	35898000
271	35894000	35894000	35894000	35894000
272	35894000	35895000	35895000	35895000
273	35895000	35895000	35895000	35895000
274	35891000	35892000	35892000	35892000
275	35888000	35888000	35888000	35888000
276	35894000	35894000	35894000	35894000
277	35891000	35891000	35891000	35891000
278	35892000	35892000	35892000	35892000
279	35892000	35893000	35893000	35893000
280	35902000	35901000	35901000	35901000
281	35897000	35897000	35897000	35897000
282	35899000	35899000	35899000	35899000
283	35894000	35894000	35894000	35894000
284	35895000	35895000	35895000	35895000
285	35895000	35895000	35895000	35894000
286	35896000	35896000	35896000	35896000
287	35894000	35894000	35894000	35894000
288	35897000	35897000	35897000	35897000
289	35892000	35892000	35892000	35893000
290	35896000	35896000	35896000	35896000
291	35897000	35897000	35897000	35897000
292	35892000	35892000	35892000	35892000
293	35894000	35894000	35894000	35894000
294	35896000	35897000	35897000	35896000
295	35894000	35893000	35893000	35894000
296	35890000	35890000	35890000	35890000
297	35896000	35896000	35896000	35896000
298	35894000	35894000	35894000	35894000
299	35892000	35892000	35892000	35892000
300	35897000	35896000	35896000	35896000
301	35893000	35893000	35893000	35893000
302	35884000	35884000	35884000	35884000
303	35891000	35891000	35891000	35891000
304	35890000	35890000	35890000	35890000
305	35892000	35892000	35892000	35892000
306	35892000	35892000	35892000	35892000
307	35892000	35892000	35892000	35892000
308	35901000	35901000	35900000	35901000
309	35900000	35900000	35900000	35901000
310	35895000	35895000	35895000	35895000
311	35895000	35895000	35895000	35895000
312	35896000	35896000	35896000	35896000
313	35897000	35897000	35897000	35897000
314	35895000	35895000	35895000	35895000
315	35893000	35893000	35893000	35893000
316	35893000	35893000	35893000	35893000
317	35897000	35897000	35897000	35897000
318	35897000	35897000	35897000	35899000
319	35900000	35900000	35900000	35900000
320	35902000	35903000	35903000	35903000
321	35889000	35889000	35889000	35889000
322	35903000	35904000	35904000	35904000
323	35895000	35895000	35895000	35895000
324	35892000	35892000	35892000	35892000
325	35893000	35893000	35893000	35893000
326	35898000	35899000	35899000	35899000
327	35891000	35891000	35891000	35891000
328	35891000	35891000	35891000	35891000
329	35898000	35897000	35897000	35897000
330	35897000	35897000	35897000	35897000
331	35894000	35894000	35894000	35894000
332	35898000	35898000	35898000	35898000
333	35894000	35895000	35895000	35895000
334	35896000	35896000	35896000	35896000
335	35896000	35896000	35896000	35896000
336	35893000	35894000	35894000	35894000
337	35893000	35893000	35893000	35893000
338	35898000	35898000	35898000	35898000
339	35897000	35897000	35897000	35897000
340	35899000	35899000	35899000	35899000
341	35900000	35900000	35900000	35900000
342	35896000	35896000	35896000	35896000
343	35896000	35896000	35896000	35896000
344	35897000	35897000	35897000	35897000
345	35899000	35899000	35899000	35899000
346	35898000	35898000	35898000	35898000
347	35893000	35893000	35893000	35893000
348	35893000	35894000	35893000	35894000
349	35895000	35895000	35895000	35895000
350	35895000	35895000	35895000	35895000
351	35894000	35894000	35894000	35894000
352	35894000	35894000	35894000	35894000
353	35895000	35895000	35895000	35895000
354	35895000	35895000	35895000	35895000
355	35900000	35900000	35900000	35900000
356	35894000	35894000	35894000	35894000
357	35895000	35895000	35895000	35895000
358	35893000	35893000	35893000	35893000
359	35894000	35894000	35894000	35894000
360	35892000	35892000	35892000	35893000
361	35888000	35888000	35888000	35888000
362	35899000	35899000	35899000	35899000
363	35899000	35898000	35898000	35898000
364	35895000	35895000	35895000	35895000
365	35898000	35899000	35899000	35899000
366	35898000	35899000	35899000	35899000
367	35898000	35898000	35898000	35898000
368	35898000	35898000	35898000	35898000
369	35904000	35904000	35904000	35904000
370	35892000	35892000	35892000	35892000
371	35896000	35896000	35896000	35896000
372	35901000	35901000	35901000	35901000
373	35900000	35900000	35900000	35900000
374	35902000	35902000	35902000	35902000
375	35899000	35898000	35898000	35898000
376	35899000	35899000	35899000	35899000
377	35901000	35901000	35901000	35901000
378	35900000	35900000	35900000	35900000
379	35900000	35900000	35900000	35900000
380	35900000	35900000	35900000	35900000
381	35895000	35895000	35895000	35894000
382	35898000	35898000	35898000	35898000
383	35898000	35898000	35898000	35898000
384	35891000	35891000	35891000	35891000
385	35897000	35897000	35897000	35897000
386	35895000	35895000	35895000	35895000
387	35896000	35896000	35896000	35896000
388	35890000	35890000	35890000	35890000
389	35893000	35893000	35893000	35893000
390	35898000	35899000	35899000	35899000
391	35894000	35894000	35894000	35894000
392	35900000	35900000	35900000	35900000
393	35899000	35899000	35899000	35899000
394	35897000	35897000	35897000	35898000
395	35898000	35898000	35898000	35898000
396	35905000	35906000	35906000	35906000
397	35901000	35900000	35900000	35900000
398	35900000	35900000	35900000	35900000
399	35896000	35896000	35896000	35896000
400	35900000	35900000	35900000	35900000
401	35896000	35896000	35896000	35897000
402	35899000	35898000	35898000	35898000
403	35904000	35904000	35904000	35904000
404	35901000	35900000	35900000	35900000
405	35903000	35903000	35903000	35903000
406	35900000	35900000	35900000	35900000
407	35902000	35902000	35902000	35902000
408	35900000	35900000	35900000	35900000
409	35902000	35903000	35903000	35902000
410	35898000	35898000	35898000	35898000
411	35901000	35901000	35901000	35901000
412	35898000	35898000	35898000	35898000
413	35895000	35895000	35895000	35895000
414	35904000	35904000	35904000	35904000
415	35904000	35904000	35904000	35904000
416	35907000	35907000	35907000	35907000
417	35896000	35896000	35896000	35896000
418	35905000	35905000	35905000	35905000
419	35899000	35898000	35898000	35898000
420	35895000	35895000	35895000	35895000
421	35894000	35894000	35894000	35894000
422	35894000	35894000	35894000	35894000
423	35897000	35897000	35897000	35897000
424	35895000	35895000	35895000	35895000
425	35892000	35892000	35892000	35892000
426	35893000	35893000	35893000	35893000
427	35897000	35897000	35897000	35897000
428	35893000	35893000	35893000	35893000
429	35898000	35899000	35899000	35899000
430	35895000	35894000	35894000	35895000
431	35893000	35893000	35893000	35893000
432	35894000	35894000	35894000	35894000
433	35895000	35895000	35895000	35894000
434	35902000	35902000	35902000	35902000
435	35901000	35900000	35900000	35900000
436	35900000	35900000	35900000	35900000
437	35901000	35900000	35900000	35900000
438	35901000	35901000	35901000	35901000
439	35901000	35902000	35902000	35902000
440	35904000	35903000	35904000	35903000
441	35903000	35903000	35903000	35904000
442	35902000	35902000	35902000	35903000
443	35896000	35896000	35896000	35896000
444	35895000	35896000	35896000	35896000
445	35898000	35898000	35898000	35898000
446	35894000	35894000	35894000	35894000
447	35897000	35897000	35897000	35897000
448	35899000	35899000	35899000	35899000
449	35898000	35899000	35899000	35899000
450	35906000	35906000	35906000	35906000
451	35893000	35893000	35893000	35893000
452	35905000	35905000	35905000	35905000
453	35896000	35896000	35896000	35896000
454	35893000	35893000	35893000	35893000
455	35899000	35899000	35899000	35900000
456	35901000	35901000	35901000	35901000
457	35898000	35898000	35898000	35898000
458	35900000	35899000	35899000	35899000
459	35901000	35901000	35901000	35901000
460	35898000	35898000	35898000	35898000
461	35895000	35895000	35895000	35895000
462	35896000	35896000	35896000	35896000
463	35899000	35899000	35899000	35899000
464	35899000	35898000	35898000	35898000
465	35897000	35896000	35896000	35896000
466	35898000	35898000	35898000	35898000
467	35900000	35900000	35900000	35900000
468	35894000	35894000	35894000	35894000
469	35893000	35893000	35893000	35892000
470	35894000	35894000	35894000	35894000
471	35899000	35899000	35899000	35899000
472	35898000	35899000	35898000	35899000
473	35896000	35896000	35896000	35895000
474	35893000	35893000	35893000	35893000
475	35898000	35898000	35898000	35899000
476	35902000	35902000	35902000	35902000
477	35891000	35891000	35891000	35891000
478	35902000	35902000	35902000	35902000
479	35903000	35904000	35904000	35904000
480	35902000	35903000	35903000	35903000
481	35904000	35904000	35904000	35904000
482	35895000	35895000	35895000	35895000
483	35902000	35902000	35902000	35902000
484	35897000	35897000	35897000	35897000
485	35901000	35901000	35901000	35901000
486	35899000	35899000	35899000	35899000
487	35899000	35899000	35899000	35899000
488	35903000	35903000	35903000	35903000
489	35902000	35902000	35902000	35902000
490	35902000	35902000	35902000	35902000
491	35898000	35898000	35898000	35898000
492	35901000	35901000	35901000	35901000
493	35895000	35895000	35895000	35895000
494	35897000	35897000	35897000	35897000
495	35898000	35898000	35898000	35898000
496	35901000	35901000	35901000	35901000
497	35902000	35902000	35902000	35902000
498	35900000	35900000	35900000	35900000
499	35899000	35899000	35899000	35899000

============================================================
# BITSTREAM: 1ms_5etapas.bit
# VENTANA: 1ms
# ETAPAS_PRINCIPAL: 5
# NUM_MUESTRAS: 500
# FORMATO: idx	freq1_hz	freq2_hz	freq3_hz	freq4_hz
============================================================
idx	freq1_hz	freq2_hz	freq3_hz	freq4_hz
0	34366000	34366000	34366000	34366000
1	34365000	34365000	34365000	34365000
2	34365000	34365000	34365000	34365000
3	34356000	34356000	34356000	34356000
4	34362000	34363000	34362000	34362000
5	34367000	34367000	34367000	34367000
6	34384000	34368000	34368000	34368000
7	34367000	34367000	34367000	34367000
8	34369000	34369000	34369000	34369000
9	34364000	34363000	34364000	34364000
10	34367000	34367000	34367000	34367000
11	34369000	34369000	34369000	34369000
12	34367000	34367000	34367000	34367000
13	34367000	34367000	34367000	34367000
14	34364000	34364000	34364000	34364000
15	34368000	34368000	34368000	34367000
16	34365000	34365000	34365000	34365000
17	34368000	34368000	34368000	34369000
18	34366000	34366000	34366000	34365000
19	34369000	34369000	34369000	34369000
20	34370000	34370000	34370000	34370000
21	34371000	34371000	34372000	34372000
22	34367000	34367000	34368000	34368000
23	34365000	34365000	34365000	34365000
24	34369000	34369000	34369000	34369000
25	34372000	34372000	34372000	34372000
26	34365000	34364000	34364000	34364000
27	34373000	34373000	34373000	34373000
28	34370000	34370000	34370000	34370000
29	34373000	34373000	34373000	34374000
30	34367000	34367000	34367000	34367000
31	34376000	34376000	34376000	34376000
32	34370000	34370000	34369000	34369000
33	34375000	34375000	34375000	34375000
34	34366000	34366000	34366000	34366000
35	34370000	34370000	34370000	34370000
36	34369000	34369000	34369000	34369000
37	34370000	34370000	34370000	34370000
38	34371000	34371000	34371000	34371000
39	34370000	34370000	34371000	34371000
40	34371000	34371000	34371000	34371000
41	34366000	34366000	34366000	34366000
42	34370000	34370000	34370000	34370000
43	34369000	34369000	34369000	34369000
44	34366000	34366000	34366000	34366000
45	34366000	34366000	34366000	34365000
46	34365000	34365000	34365000	34365000
47	34362000	34362000	34362000	34362000
48	34362000	34361000	34362000	34361000
49	34369000	34369000	34369000	34369000
50	34365000	34365000	34365000	34365000
51	34364000	34364000	34364000	34364000
52	34370000	34370000	34370000	34370000
53	34364000	34365000	34364000	34364000
54	34358000	34358000	34358000	34358000
55	34365000	34365000	34365000	34364000
56	34368000	34368000	34368000	34368000
57	34365000	34365000	34365000	34365000
58	34370000	34370000	34370000	34370000
59	34362000	34362000	34362000	34362000
60	34362000	34362000	34362000	34362000
61	34367000	34367000	34367000	34367000
62	34366000	34366000	34366000	34366000
63	34363000	34363000	34363000	34363000
64	34360000	34360000	34360000	34360000
65	34362000	34362000	34362000	34362000
66	34361000	34361000	34361000	34361000
67	34363000	34363000	34363000	34363000
68	34364000	34363000	34363000	34363000
69	34364000	34364000	34364000	34363000
70	34358000	34358000	34358000	34358000
71	34358000	34358000	34358000	34358000
72	34366000	34366000	34366000	34367000
73	34360000	34359000	34360000	34360000
74	34366000	34366000	34366000	34366000
75	34360000	34360000	34360000	34360000
76	34363000	34363000	34363000	34363000
77	34365000	34365000	34365000	34365000
78	34366000	34366000	34365000	34365000
79	34366000	34366000	34366000	34366000
80	34363000	34363000	34363000	34363000
81	34361000	34361000	34360000	34360000
82	34364000	34364000	34364000	34364000
83	34357000	34357000	34357000	34357000
84	34365000	34365000	34365000	34365000
85	34370000	34370000	34370000	34370000
86	34367000	34367000	34367000	34367000
87	34367000	34367000	34367000	34367000
88	34358000	34358000	34358000	34358000
89	34364000	34364000	34364000	34364000
90	34363000	34363000	34363000	34364000
91	34362000	34362000	34362000	34361000
92	34355000	34355000	34355000	34355000
93	34357000	34357000	34356000	34356000
94	34355000	34355000	34355000	34355000
95	34364000	34365000	34364000	34364000
96	34361000	34362000	34361000	34362000
97	34366000	34366000	34366000	34366000
98	34364000	34364000	34364000	34364000
99	34367000	34367000	34366000	34366000
100	34358000	34358000	34358000	34358000
101	34366000	34366000	34366000	34366000
102	34371000	34371000	34371000	34371000
103	34367000	34366000	34366000	34366000
104	34372000	34372000	34372000	34372000
105	34365000	34365000	34365000	34365000
106	34362000	34363000	34363000	34363000
107	34372000	34372000	34372000	34372000
108	34364000	34364000	34364000	34364000
109	34364000	34364000	34364000	34364000
110	34358000	34358000	34358000	34358000
111	34362000	34361000	34362000	34362000
112	34362000	34362000	34362000	34362000
113	34353000	34353000	34353000	34353000
114	34358000	34359000	34358000	34358000
115	34367000	34367000	34367000	34367000
116	34363000	34363000	34364000	34364000
117	34366000	34366000	34366000	34366000
118	34360000	34360000	34360000	34360000
119	34366000	34366000	34366000	34366000
120	34361000	34362000	34361000	34361000
121	34365000	34365000	34365000	34365000
122	34365000	34365000	34365000	34365000
123	34364000	34364000	34364000	34364000
124	34368000	34368000	34368000	34369000
125	34363000	34363000	34363000	34363000
126	34362000	34362000	34362000	34363000
127	34366000	34367000	34366000	34366000
128	34365000	34365000	34365000	34365000
129	34360000	34360000	34360000	34360000
130	34362000	34362000	34362000	34363000
131	34359000	34359000	34359000	34360000
132	34356000	34356000	34356000	34356000
133	34363000	34363000	34363000	34363000
134	34365000	34365000	34365000	34364000
135	34365000	34365000	34365000	34365000
136	34361000	34362000	34361000	34361000
137	34365000	34365000	34365000	34365000
138	34360000	34360000	34359000	34359000
139	34360000	34360000	34360000	34360000
140	34364000	34364000	34364000	34364000
141	34356000	34356000	34356000	34356000
142	34356000	34356000	34356000	34356000
143	34355000	34356000	34355000	34355000
144	34361000	34361000	34361000	34361000
145	34360000	34360000	34360000	34360000
146	34365000	34365000	34365000	34365000
147	34366000	34366000	34366000	34366000
148	34366000	34366000	34366000	34366000
149	34367000	34367000	34367000	34367000
150	34367000	34366000	34367000	34367000
151	34367000	34367000	34367000	34367000
152	34367000	34367000	34367000	34367000
153	34365000	34365000	34365000	34365000
154	34366000	34366000	34366000	34366000
155	34368000	34368000	34368000	34368000
156	34367000	34367000	34367000	34367000
157	34372000	34372000	34372000	34372000
158	34377000	34377000	34378000	34378000
159	34372000	34373000	34372000	34372000
160	34370000	34370000	34370000	34370000
161	34368000	34368000	34368000	34368000
162	34365000	34365000	34365000	34365000
163	34359000	34359000	34359000	34359000
164	34366000	34366000	34367000	34367000
165	34362000	34362000	34362000	34362000
166	34366000	34366000	34366000	34365000
167	34365000	34365000	34365000	34365000
168	34367000	34367000	34367000	34367000
169	34364000	34364000	34364000	34364000
170	34365000	34364000	34365000	34365000
171	34367000	34367000	34367000	34366000
172	34365000	34365000	34365000	34365000
173	34368000	34368000	34368000	34368000
174	34364000	34364000	34364000	34364000
175	34361000	34361000	34361000	34361000
176	34358000	34359000	34359000	34359000
177	34365000	34364000	34365000	34365000
178	34358000	34358000	34358000	34358000
179	34357000	34357000	34357000	34357000
180	34359000	34359000	34359000	34359000
181	34362000	34363000	34362000	34362000
182	34358000	34358000	34358000	34358000
183	34358000	34359000	34358000	34358000
184	34353000	34352000	34353000	34353000
185	34360000	34360000	34360000	34360000
186	34359000	34359000	34359000	34359000
187	34363000	34363000	34363000	34362000
188	34360000	34360000	34359000	34359000
189	34360000	34360000	34360000	34360000
190	34361000	34361000	34361000	34361000
191	34363000	34363000	34363000	34363000
192	34358000	34358000	34358000	34359000
193	34361000	34361000	34361000	34361000
194	34360000	34360000	34360000	34360000
195	34360000	34360000	34360000	34360000
196	34352000	34352000	34352000	34351000
197	34355000	34355000	34355000	34355000
198	34355000	34355000	34355000	34355000
199	34356000	34356000	34356000	34356000
200	34358000	34358000	34358000	34358000
201	34367000	34367000	34367000	34367000
202	34358000	34358000	34358000	34357000
203	34370000	34370000	34370000	34369000
204	34363000	34363000	34363000	34363000
205	34366000	34366000	34366000	34366000
206	34367000	34367000	34367000	34367000
207	34370000	34370000	34370000	34370000
208	34366000	34366000	34365000	34365000
209	34370000	34370000	34370000	34370000
210	34367000	34367000	34367000	34368000
211	34364000	34364000	34364000	34364000
212	34373000	34373000	34373000	34373000
213	34377000	34376000	34377000	34377000
214	34367000	34367000	34368000	34368000
215	34376000	34376000	34376000	34377000
216	34369000	34369000	34369000	34369000
217	34373000	34373000	34373000	34373000
218	34374000	34374000	34374000	34374000
219	34373000	34373000	34373000	34373000
220	34375000	34375000	34375000	34375000
221	34374000	34374000	34374000	34374000
222	34369000	34369000	34370000	34370000
223	34371000	34371000	34371000	34371000
224	34369000	34369000	34369000	34369000
225	34367000	34367000	34367000	34367000
226	34370000	34370000	34370000	34371000
227	34374000	34374000	34374000	34374000
228	34372000	34372000	34372000	34372000
229	34371000	34371000	34371000	34371000
230	34375000	34375000	34375000	34375000
231	34372000	34372000	34373000	34373000
232	34370000	34370000	34370000	34370000
233	34369000	34369000	34369000	34369000
234	34372000	34372000	34372000	34371000
235	34375000	34375000	34375000	34375000
236	34374000	34374000	34374000	34374000
237	34368000	34368000	34368000	34368000
238	34371000	34372000	34371000	34371000
239	34371000	34371000	34371000	34371000
240	34370000	34370000	34370000	34370000
241	34369000	34369000	34369000	34369000
242	34371000	34371000	34371000	34371000
243	34373000	34373000	34373000	34373000
244	34373000	34373000	34373000	34372000
245	34371000	34371000	34371000	34371000
246	34368000	34368000	34368000	34368000
247	34362000	34362000	34362000	34362000
248	34371000	34371000	34371000	34371000
249	34379000	34379000	34379000	34379000
250	34375000	34375000	34375000	34375000
251	34373000	34373000	34373000	34373000
252	34367000	34367000	34367000	34367000
253	34367000	34367000	34367000	34367000
254	34371000	34372000	34371000	34371000
255	34369000	34369000	34369000	34369000
256	34365000	34365000	34365000	34365000
257	34369000	34369000	34369000	34369000
258	34369000	34369000	34369000	34369000
259	34370000	34370000	34370000	34370000
260	34369000	34369000	34369000	34369000
261	34373000	34373000	34373000	34373000
262	34369000	34369000	34369000	34369000
263	34374000	34374000	34374000	34374000
264	34371000	34371000	34371000	34371000
265	34377000	34378000	34377000	34377000
266	34370000	34370000	34370000	34370000
267	34373000	34373000	34373000	34373000
268	34371000	34371000	34371000	34371000
269	34372000	34372000	34372000	34372000
270	34362000	34362000	34362000	34362000
271	34373000	34373000	34373000	34373000
272	34368000	34367000	34368000	34368000
273	34367000	34367000	34367000	34367000
274	34372000	34372000	34372000	34372000
275	34372000	34372000	34371000	34371000
276	34370000	34370000	34370000	34371000
277	34362000	34362000	34362000	34363000
278	34371000	34371000	34371000	34371000
279	34370000	34370000	34370000	34370000
280	34371000	34371000	34371000	34371000
281	34370000	34370000	34370000	34370000
282	34371000	34371000	34371000	34372000
283	34368000	34368000	34368000	34367000
284	34370000	34370000	34370000	34370000
285	34368000	34368000	34368000	34368000
286	34376000	34376000	34375000	34375000
287	34374000	34374000	34374000	34374000
288	34373000	34373000	34373000	34373000
289	34369000	34369000	34369000	34369000
290	34374000	34374000	34374000	34374000
291	34372000	34372000	34372000	34372000
292	34375000	34375000	34375000	34375000
293	34373000	34373000	34373000	34373000
294	34369000	34369000	34369000	34369000
295	34368000	34368000	34368000	34368000
296	34368000	34368000	34368000	34368000
297	34366000	34366000	34366000	34366000
298	34368000	34368000	34368000	34369000
299	34370000	34370000	34306000	34370000
300	34364000	34364000	34364000	34364000
301	34369000	34369000	34369000	34369000
302	34368000	34369000	34368000	34368000
303	34374000	34374000	34374000	34375000
304	34370000	34369000	34370000	34370000
305	34372000	34372000	34372000	34372000
306	34369000	34369000	34369000	34368000
307	34374000	34374000	34374000	34374000
308	34368000	34368000	34368000	34368000
309	34376000	34376000	34376000	34376000
310	34361000	34361000	34361000	34361000
311	34371000	34371000	34371000	34371000
312	34371000	34371000	34371000	34371000
313	34364000	34364000	34364000	34364000
314	34374000	34374000	34374000	34374000
315	34365000	34365000	34365000	34365000
316	34372000	34372000	34372000	34372000
317	34374000	34374000	34374000	34374000
318	34371000	34371000	34371000	34371000
319	34372000	34372000	34372000	34372000
320	34368000	34368000	34368000	34368000
321	34369000	34369000	34369000	34369000
322	34372000	34372000	34372000	34372000
323	34367000	34368000	34367000	34367000
324	34368000	34368000	34368000	34368000
325	34367000	34367000	34367000	34367000
326	34365000	34365000	34365000	34365000
327	34364000	34364000	34364000	34364000
328	34364000	34364000	34364000	34364000
329	34373000	34373000	34373000	34373000
330	34372000	34372000	34372000	34371000
331	34369000	34369000	34369000	34369000
332	34371000	34371000	34371000	34371000
333	34363000	34363000	34364000	34364000
334	34370000	34370000	34370000	34370000
335	34371000	34371000	34371000	34370000
336	34365000	34366000	34365000	34365000
337	34368000	34368000	34368000	34368000
338	34362000	34362000	34361000	34361000
339	34364000	34364000	34364000	34364000
340	34367000	34367000	34367000	34367000
341	34364000	34364000	34364000	34364000
342	34371000	34371000	34371000	34371000
343	34375000	34375000	34375000	34375000
344	34381000	34382000	34381000	34381000
345	34378000	34378000	34378000	34378000
346	34370000	34370000	34370000	34370000
347	34376000	34376000	34376000	34376000
348	34375000	34375000	34375000	34375000
349	34370000	34370000	34370000	34371000
350	34369000	34369000	34369000	34369000
351	34368000	34368000	34368000	34368000
352	34371000	34371000	34371000	34371000
353	34372000	34372000	34372000	34372000
354	34373000	34373000	34373000	34373000
355	34368000	34368000	34368000	34368000
356	34370000	34371000	34370000	34370000
357	34362000	34361000	34362000	34362000
358	34370000	34370000	34370000	34370000
359	34370000	34370000	34370000	34370000
360	34367000	34367000	34367000	34367000
361	34367000	34367000	34367000	34367000
362	34368000	34368000	34368000	34368000
363	34366000	34366000	34367000	34367000
364	34363000	34363000	34363000	34363000
365	34366000	34366000	34366000	34366000
366	34368000	34368000	34368000	34368000
367	34368000	34368000	34368000	34368000
368	34368000	34368000	34368000	34368000
369	34373000	34373000	34374000	34374000
370	34371000	34371000	34371000	34372000
371	34370000	34370000	34370000	34370000
372	34372000	34372000	34372000	34372000
373	34371000	34371000	34370000	34370000
374	34369000	34370000	34369000	34369000
375	34367000	34367000	34367000	34367000
376	34368000	34368000	34368000	34368000
377	34363000	34363000	34363000	34363000
378	34371000	34371000	34371000	34371000
379	34371000	34371000	34371000	34371000
380	34363000	34363000	34363000	34363000
381	34369000	34369000	34369000	34369000
382	34365000	34365000	34365000	34365000
383	34366000	34366000	34366000	34366000
384	34374000	34375000	34374000	34374000
385	34368000	34368000	34368000	34368000
386	34370000	34370000	34370000	34370000
387	34376000	34376000	34376000	34376000
388	34372000	34372000	34372000	34372000
389	34371000	34371000	34371000	34370000
390	34369000	34369000	34369000	34369000
391	34374000	34374000	34374000	34374000
392	34374000	34373000	34374000	34374000
393	34371000	34371000	34371000	34371000
394	34378000	34378000	34378000	34378000
395	34371000	34371000	34371000	34371000
396	34369000	34369000	34369000	34369000
397	34379000	34379000	34379000	34378000
398	34375000	34375000	34374000	34374000
399	34375000	34375000	34375000	34375000
400	34376000	34376000	34376000	34376000
401	34370000	34370000	34370000	34370000
402	34371000	34371000	34371000	34371000
403	34368000	34369000	34368000	34368000
404	34368000	34368000	34368000	34368000
405	34371000	34371000	34371000	34371000
406	34366000	34366000	34366000	34366000
407	34371000	34371000	34371000	34371000
408	34378000	34378000	34378000	34378000
409	34375000	34375000	34375000	34374000
410	34375000	34375000	34375000	34375000
411	34368000	34368000	34368000	34368000
412	34378000	34379000	34378000	34378000
413	34377000	34377000	34377000	34377000
414	34370000	34370000	34370000	34371000
415	34375000	34375000	34375000	34375000
416	34372000	34372000	34373000	34373000
417	34369000	34369000	34369000	34369000
418	34377000	34377000	34377000	34377000
419	34373000	34373000	34373000	34373000
420	34375000	34375000	34375000	34375000
421	34371000	34371000	34371000	34372000
422	34373000	34373000	34373000	34373000
423	34374000	34374000	34375000	34375000
424	34380000	34380000	34380000	34380000
425	34365000	34364000	34365000	34365000
426	34381000	34381000	34381000	34381000
427	34374000	34374000	34374000	34374000
428	34381000	34381000	34381000	34381000
429	34379000	34379000	34379000	34379000
430	34376000	34376000	34376000	34377000
431	34378000	34378000	34378000	34378000
432	34383000	34383000	34383000	34383000
433	34378000	34378000	34378000	34378000
434	34386000	34386000	34386000	34386000
435	34382000	34382000	34382000	34381000
436	34384000	34384000	34384000	34384000
437	34383000	34383000	34383000	34383000
438	34388000	34388000	34388000	34388000
439	34380000	34380000	34380000	34380000
440	34383000	34383000	34383000	34383000
441	34374000	34375000	34374000	34374000
442	34380000	34380000	34380000	34380000
443	34379000	34379000	34379000	34379000
444	34379000	34379000	34379000	34379000
445	34384000	34384000	34384000	34383000
446	34383000	34383000	34383000	34383000
447	34380000	34380000	34380000	34380000
448	34375000	34375000	34375000	34375000
449	34376000	34376000	34376000	34376000
450	34372000	34372000	34372000	34372000
451	34368000	34368000	34368000	34368000
452	34370000	34370000	34370000	34370000
453	34368000	34368000	34368000	34368000
454	34365000	34365000	34365000	34366000
455	34370000	34370000	34370000	34370000
456	34369000	34369000	34370000	34370000
457	34372000	34372000	34372000	34372000
458	34369000	34369000	34369000	34369000
459	34373000	34372000	34372000	34372000
460	34379000	34379000	34379000	34379000
461	34370000	34370000	34370000	34371000
462	34369000	34369000	34369000	34369000
463	34407000	34367000	34368000	34368000
464	34370000	34370000	34369000	34369000
465	34372000	34372000	34372000	34371000
466	34371000	34371000	34371000	34371000
467	34375000	34375000	34375000	34375000
468	34376000	34376000	34376000	34376000
469	34372000	34372000	34372000	34372000
470	34378000	34378000	34378000	34378000
471	34377000	34377000	34377000	34377000
472	34383000	34383000	34383000	34383000
473	34377000	34377000	34377000	34377000
474	34377000	34378000	34377000	34377000
475	34381000	34381000	34381000	34381000
476	34377000	34377000	34377000	34377000
477	34374000	34373000	34374000	34374000
478	34378000	34378000	34377000	34377000
479	34378000	34378000	34378000	34378000
480	34374000	34374000	34374000	34374000
481	34376000	34376000	34376000	34376000
482	34375000	34375000	34375000	34375000
483	34374000	34374000	34374000	34374000
484	34370000	34370000	34370000	34370000
485	34380000	34380000	34380000	34380000
486	34377000	34377000	34377000	34377000
487	34372000	34372000	34372000	34372000
488	34371000	34371000	34371000	34371000
489	34371000	34371000	34371000	34371000
490	34368000	34368000	34368000	34368000
491	34370000	34370000	34370000	34370000
492	34377000	34376000	34377000	34377000
493	34368000	34369000	34368000	34368000
494	34373000	34373000	34373000	34373000
495	34374000	34374000	34374000	34374000
496	34371000	34371000	34371000	34371000
497	34371000	34371000	34372000	34372000
498	34368000	34368000	34368000	34368000
499	34372000	34372000	34372000	34372000

============================================================
# BITSTREAM: 1ms_51etapas.bit
# VENTANA: 1ms
# ETAPAS_PRINCIPAL: 51
# NUM_MUESTRAS: 500
# FORMATO: idx	freq1_hz	freq2_hz	freq3_hz	freq4_hz
============================================================
idx	freq1_hz	freq2_hz	freq3_hz	freq4_hz
0	12447000	12841000	13048000	13334000
1	12446000	12840000	13046000	13332000
2	12446000	12840000	13044000	13332000
3	12447000	12842000	13048000	13334000
4	12446000	12840000	13045000	13333000
5	12446000	12839000	13045000	13332000
6	12446000	12839000	13045000	13333000
7	12446000	12837000	13047000	13332000
8	12446000	12840000	13046000	13334000
9	12448000	12841000	13045000	13333000
10	12446000	12838000	13047000	13333000
11	12448000	12841000	13048000	13335000
12	12448000	12840000	13044000	13334000
13	12448000	12841000	13049000	13334000
14	12447000	12841000	13047000	13333000
15	12447000	12838000	13047000	13334000
16	12447000	12841000	13046000	13334000
17	12447000	12840000	13044000	13335000
18	12447000	12837000	13045000	13332000
19	12447000	12842000	13046000	13333000
20	12447000	12841000	13047000	13333000
21	12447000	12840000	13047000	13334000
22	12447000	12839000	13048000	13333000
23	12445000	12839000	13044000	13331000
24	12445000	12839000	13046000	13333000
25	12446000	12839000	13046000	13334000
26	12445000	12840000	13044000	13333000
27	12447000	12838000	13046000	13334000
28	12446000	12838000	13045000	13332000
29	12447000	12840000	13045000	13334000
30	12446000	12840000	13043000	13333000
31	12446000	12840000	13045000	13333000
32	12446000	12837000	13045000	13332000
33	12448000	12840000	13045000	13333000
34	12446000	12839000	13044000	13332000
35	12446000	12840000	13046000	13333000
36	12446000	12839000	13044000	13333000
37	12447000	12840000	13046000	13333000
38	12447000	12840000	13047000	13333000
39	12445000	12839000	13044000	13332000
40	12446000	12839000	13045000	13332000
41	12446000	12840000	13043000	13334000
42	12445000	12840000	13046000	13333000
43	12447000	12841000	13044000	13334000
44	12446000	12838000	13046000	13334000
45	12446000	12839000	13047000	13332000
46	12446000	12838000	13042000	13332000
47	12445000	12839000	13045000	13332000
48	12445000	12837000	13043000	13331000
49	12446000	12839000	13043000	13332000
50	12445000	12836000	13045000	13332000
51	12445000	12840000	13046000	13333000
52	12445000	12840000	13047000	13333000
53	12444000	12838000	13044000	13331000
54	12446000	12840000	13048000	13333000
55	12447000	12839000	13043000	13332000
56	12444000	12838000	13045000	13330000
57	12446000	12838000	13046000	13332000
58	12445000	12839000	13043000	13332000
59	12444000	12840000	13045000	13332000
60	12445000	12834000	13044000	13332000
61	12445000	12840000	13045000	13332000
62	12446000	12839000	13044000	13333000
63	12445000	12839000	13044000	13332000
64	12445000	12840000	13046000	13333000
65	12446000	12840000	13045000	13332000
66	12446000	12838000	13045000	13334000
67	12446000	12840000	13047000	13333000
68	12446000	12839000	13046000	13333000
69	12446000	12840000	13044000	13332000
70	12444000	12839000	13045000	13332000
71	12445000	12840000	13046000	13332000
72	12445000	12841000	13044000	13332000
73	12445000	12840000	13045000	13332000
74	12446000	12841000	13044000	13334000
75	12447000	12840000	13043000	13332000
76	12446000	12839000	13046000	13332000
77	12446000	12840000	13045000	13332000
78	12447000	12839000	13046000	13332000
79	12447000	12839000	13045000	13332000
80	12446000	12838000	13046000	13333000
81	12447000	12841000	13047000	13334000
82	12447000	12838000	13045000	13333000
83	12445000	12840000	13046000	13332000
84	12445000	12839000	13045000	13331000
85	12447000	12839000	13044000	13333000
86	12446000	12837000	13046000	13333000
87	12447000	12840000	13046000	13333000
88	12445000	12838000	13044000	13332000
89	12445000	12840000	13046000	13333000
90	12446000	12839000	13045000	13332000
91	12444000	12838000	13045000	13330000
92	12446000	12841000	13045000	13333000
93	12448000	12841000	13044000	13334000
94	12448000	12841000	13043000	13333000
95	12448000	12840000	13045000	13334000
96	12447000	12838000	13044000	13334000
97	12447000	12841000	13045000	13334000
98	12447000	12840000	13043000	13333000
99	12444000	12840000	13043000	13332000
100	12446000	12840000	13044000	13332000
101	12446000	12841000	13045000	13334000
102	12446000	12838000	13043000	13332000
103	12447000	12841000	13047000	13332000
104	12445000	12839000	13045000	13332000
105	12446000	12841000	13045000	13333000
106	12444000	12839000	13044000	13332000
107	12447000	12839000	13045000	13333000
108	12446000	12840000	13045000	13332000
109	12445000	12840000	13045000	13331000
110	12445000	12837000	13043000	13331000
111	12447000	12839000	13044000	13333000
112	12446000	12839000	13045000	13332000
113	12446000	12840000	13044000	13333000
114	12445000	12839000	13044000	13331000
115	12445000	12839000	13043000	13332000
116	12444000	12838000	13044000	13332000
117	12445000	12839000	13044000	13333000
118	12446000	12840000	13044000	13333000
119	12445000	12839000	13043000	13332000
120	12446000	12840000	13045000	13333000
121	12444000	12840000	13045000	13332000
122	12444000	12839000	13045000	13331000
123	12445000	12841000	13044000	13332000
124	12446000	12838000	13045000	13332000
125	12446000	12840000	13045000	13333000
126	12447000	12839000	13044000	13332000
127	12447000	12838000	13045000	13332000
128	12445000	12840000	13045000	13332000
129	12446000	12839000	13044000	13334000
130	12445000	12839000	13043000	13332000
131	12447000	12840000	13045000	13334000
132	12446000	12838000	13043000	13333000
133	12446000	12840000	13045000	13333000
134	12447000	12838000	13047000	13334000
135	12447000	12840000	13046000	13334000
136	12448000	12840000	13046000	13335000
137	12447000	12838000	13045000	13333000
138	12447000	12840000	13045000	13333000
139	12445000	12840000	13045000	13332000
140	12444000	12840000	13045000	13331000
141	12445000	12839000	13043000	13332000
142	12445000	12841000	13045000	13333000
143	12446000	12839000	13047000	13333000
144	12446000	12840000	13043000	13333000
145	12447000	12840000	13045000	13333000
146	12445000	12840000	13045000	13333000
147	12446000	12840000	13046000	13334000
148	12446000	12841000	13043000	13332000
149	12445000	12840000	13044000	13332000
150	12446000	12841000	13044000	13333000
151	12448000	12842000	13046000	13335000
152	12447000	12841000	13045000	13334000
153	12446000	12840000	13045000	13332000
154	12447000	12841000	13045000	13333000
155	12445000	12841000	13044000	13332000
156	12446000	12840000	13044000	13332000
157	12443000	12841000	13045000	13330000
158	12446000	12841000	13044000	13332000
159	12446000	12840000	13044000	13333000
160	12445000	12838000	13045000	13332000
161	12445000	12840000	13046000	13332000
162	12445000	12841000	13046000	13333000
163	12445000	12840000	13046000	13332000
164	12447000	12840000	13046000	13332000
165	12446000	12845000	13044000	13333000
166	12445000	12840000	13045000	13333000
167	12447000	12840000	13046000	13332000
168	12445000	12839000	13044000	13331000
169	12444000	12838000	13044000	13331000
170	12445000	12841000	13044000	13332000
171	12445000	12840000	13046000	13333000
172	12444000	12839000	13043000	13331000
173	12445000	12839000	13043000	13331000
174	12445000	12840000	13043000	13332000
175	12444000	12841000	13044000	13332000
176	12444000	12839000	13046000	13331000
177	12445000	12838000	13044000	13332000
178	12446000	12840000	13044000	13332000
179	12446000	12838000	13043000	13331000
180	12443000	12839000	13043000	13330000
181	12445000	12838000	13043000	13331000
182	12445000	12838000	13045000	13333000
183	12443000	12837000	13044000	13330000
184	12444000	12838000	13045000	13331000
185	12446000	12840000	13045000	13332000
186	12444000	12839000	13042000	13330000
187	12445000	12837000	13042000	13331000
188	12445000	12838000	13043000	13330000
189	12446000	12839000	13042000	13333000
190	12443000	12837000	13043000	13330000
191	12444000	12837000	13042000	13330000
192	12445000	12838000	13041000	13330000
193	12443000	12837000	13041000	13330000
194	12444000	12837000	13043000	13331000
195	12444000	12838000	13042000	13329000
196	12445000	12839000	13044000	13332000
197	12444000	12838000	13042000	13331000
198	12443000	12837000	13042000	13330000
199	12442000	12836000	13042000	13330000
200	12443000	12837000	13044000	13331000
201	12443000	12838000	13042000	13331000
202	12445000	12837000	13044000	13331000
203	12443000	12838000	13043000	13331000
204	12444000	12836000	13042000	13331000
205	12444000	12838000	13044000	13332000
206	12444000	12839000	13044000	13331000
207	12446000	12841000	13044000	13332000
208	12446000	12840000	13043000	13332000
209	12444000	12837000	13045000	13329000
210	12444000	12839000	13044000	13332000
211	12444000	12837000	13043000	13331000
212	12443000	12838000	13043000	13329000
213	12444000	12838000	13043000	13330000
214	12444000	12837000	13043000	13330000
215	12443000	12837000	13044000	13330000
216	12445000	12838000	13042000	13331000
217	12444000	12838000	13043000	13330000
218	12444000	12839000	13045000	13332000
219	12444000	12839000	13043000	13331000
220	12445000	12839000	13043000	13331000
221	12444000	12840000	13044000	13332000
222	12445000	12839000	13044000	13331000
223	12445000	12839000	13044000	13331000
224	12445000	12837000	13042000	13332000
225	12447000	12840000	13045000	13332000
226	12444000	12837000	13043000	13331000
227	12444000	12838000	13045000	13331000
228	12444000	12837000	13045000	13330000
229	12443000	12837000	13043000	13330000
230	12443000	12838000	13044000	13331000
231	12445000	12840000	13043000	13331000
232	12444000	12837000	13043000	13330000
233	12444000	12838000	13044000	13331000
234	12446000	12840000	13043000	13332000
235	12445000	12837000	13042000	13332000
236	12444000	12838000	13042000	13331000
237	12444000	12838000	13043000	13331000
238	12445000	12839000	13042000	13332000
239	12446000	12838000	13044000	13332000
240	12444000	12838000	13044000	13331000
241	12445000	12839000	13044000	13331000
242	12445000	12841000	13047000	13331000
243	12444000	12840000	13045000	13331000
244	12444000	12839000	13044000	13331000
245	12445000	12839000	13044000	13331000
246	12445000	12839000	13043000	13331000
247	12445000	12839000	13041000	13331000
248	12445000	12839000	13043000	13331000
249	12445000	12838000	13044000	13331000
250	12445000	12838000	13044000	13330000
251	12444000	12837000	13044000	13331000
252	12445000	12839000	13042000	13334000
253	12445000	12840000	13043000	13333000
254	12444000	12838000	13043000	13331000
255	12444000	12840000	13042000	13331000
256	12445000	12838000	13043000	13331000
257	12443000	12837000	13043000	13330000
258	12445000	12838000	13043000	13330000
259	12444000	12838000	13045000	13331000
260	12445000	12838000	13042000	13330000
261	12446000	12838000	13043000	13332000
262	12444000	12837000	13043000	13331000
263	12446000	12840000	13043000	13331000
264	12443000	12838000	13043000	13331000
265	12445000	12839000	13045000	13330000
266	12444000	12839000	13045000	13330000
267	12445000	12840000	13044000	13332000
268	12446000	12838000	13043000	13333000
269	12447000	12838000	13040000	13332000
270	12443000	12837000	13043000	13330000
271	12444000	12839000	13042000	13330000
272	12445000	12839000	13044000	13331000
273	12445000	12838000	13044000	13331000
274	12444000	12838000	13043000	13332000
275	12445000	12839000	13045000	13332000
276	12445000	12837000	13041000	13330000
277	12447000	12839000	13042000	13332000
278	12446000	12840000	13045000	13331000
279	12445000	12840000	13044000	13331000
280	12446000	12839000	13043000	13332000
281	12444000	12837000	13042000	13331000
282	12445000	12838000	13042000	13330000
283	12445000	12839000	13044000	13331000
284	12445000	12840000	13046000	13331000
285	12445000	12838000	13046000	13331000
286	12444000	12836000	13043000	13331000
287	12446000	12840000	13045000	13331000
288	12445000	12839000	13044000	13330000
289	12444000	12837000	13043000	13330000
290	12444000	12838000	13043000	13331000
291	12444000	12838000	13044000	13331000
292	12444000	12838000	13043000	13331000
293	12446000	12840000	13044000	13331000
294	12445000	12839000	13045000	13331000
295	12443000	12837000	13043000	13330000
296	12444000	12838000	13043000	13331000
297	12443000	12836000	13043000	13329000
298	12446000	12837000	13043000	13331000
299	12444000	12837000	13043000	13331000
300	12444000	12836000	13043000	13330000
301	12446000	12839000	13043000	13332000
302	12444000	12838000	13041000	13332000
303	12443000	12837000	13044000	13331000
304	12443000	12837000	13043000	13330000
305	12444000	12839000	13044000	13332000
306	12444000	12838000	13042000	13331000
307	12445000	12839000	13042000	13331000
308	12444000	12838000	13042000	13331000
309	12445000	12839000	13043000	13331000
310	12444000	12838000	13043000	13330000
311	12444000	12837000	13044000	13330000
312	12442000	12837000	13042000	13330000
313	12445000	12839000	13042000	13330000
314	12445000	12838000	13041000	13331000
315	12445000	12839000	13043000	13332000
316	12444000	12837000	13042000	13331000
317	12445000	12840000	13044000	13331000
318	12444000	12838000	13043000	13331000
319	12445000	12839000	13045000	13331000
320	12445000	12838000	13043000	13329000
321	12445000	12838000	13043000	13331000
322	12446000	12839000	13044000	13332000
323	12446000	12838000	13045000	13332000
324	12445000	12837000	13043000	13332000
325	12447000	12841000	13048000	13333000
326	12447000	12840000	13043000	13333000
327	12446000	12839000	13044000	13332000
328	12446000	12839000	13044000	13332000
329	12446000	12839000	13044000	13333000
330	12445000	12838000	13045000	13332000
331	12446000	12839000	13046000	13333000
332	12445000	12839000	13044000	13332000
333	12446000	12840000	13042000	13331000
334	12445000	12838000	13044000	13332000
335	12446000	12840000	13046000	13331000
336	12444000	12838000	13042000	13331000
337	12445000	12839000	13044000	13331000
338	12445000	12837000	13042000	13330000
339	12443000	12837000	13042000	13330000
340	12444000	12837000	13042000	13331000
341	12444000	12839000	13043000	13331000
342	12444000	12838000	13042000	13331000
343	12446000	12839000	13042000	13332000
344	12444000	12839000	13044000	13330000
345	12446000	12838000	13042000	13330000
346	12443000	12839000	13046000	13331000
347	12445000	12838000	13043000	13333000
348	12444000	12838000	13044000	13331000
349	12446000	12841000	13045000	13333000
350	12446000	12839000	13043000	13332000
351	12446000	12839000	13043000	13332000
352	12444000	12839000	13045000	13331000
353	12445000	12838000	13042000	13331000
354	12444000	12838000	13044000	13331000
355	12443000	12837000	13043000	13331000
356	12445000	12840000	13044000	13331000
357	12445000	12838000	13042000	13331000
358	12444000	12839000	13043000	13330000
359	12444000	12838000	13042000	13331000
360	12443000	12836000	13042000	13331000
361	12444000	12838000	13044000	13332000
362	12445000	12838000	13043000	13331000
363	12443000	12836000	13042000	13331000
364	12444000	12837000	13043000	13331000
365	12444000	12839000	13045000	13332000
366	12445000	12839000	13045000	13332000
367	12444000	12839000	13042000	13332000
368	12445000	12839000	13045000	13333000
369	12444000	12839000	13046000	13331000
370	12445000	12838000	13045000	13332000
371	12446000	12840000	13043000	13333000
372	12444000	12840000	13044000	13331000
373	12446000	12840000	13043000	13332000
374	12446000	12839000	13044000	13333000
375	12446000	12838000	13042000	13331000
376	12444000	12840000	13045000	13332000
377	12445000	12840000	13044000	13332000
378	12445000	12837000	13042000	13330000
379	12446000	12838000	13044000	13332000
380	12446000	12839000	13045000	13332000
381	12445000	12839000	13043000	13333000
382	12444000	12838000	13044000	13333000
383	12444000	12837000	13043000	13331000
384	12443000	12837000	13043000	13332000
385	12445000	12839000	13043000	13332000
386	12444000	12838000	13043000	13330000
387	12445000	12839000	13043000	13332000
388	12445000	12838000	13043000	13332000
389	12444000	12838000	13043000	13331000
390	12443000	12837000	13043000	13330000
391	12444000	12838000	13043000	13331000
392	12444000	12839000	13044000	13330000
393	12445000	12838000	13045000	13331000
394	12443000	12838000	13044000	13332000
395	12444000	12838000	13042000	13330000
396	12444000	12839000	13044000	13332000
397	12445000	12838000	13041000	13331000
398	12446000	12839000	13044000	13332000
399	12446000	12839000	13044000	13332000
400	12443000	12837000	13044000	13331000
401	12446000	12838000	13044000	13333000
402	12443000	12836000	13042000	13331000
403	12445000	12839000	13044000	13332000
404	12445000	12837000	13040000	13330000
405	12446000	12840000	13045000	13331000
406	12445000	12837000	13043000	13332000
407	12445000	12838000	13044000	13331000
408	12445000	12838000	13043000	13331000
409	12444000	12837000	13043000	13331000
410	12445000	12840000	13045000	13331000
411	12443000	12838000	13044000	13330000
412	12444000	12839000	13045000	13330000
413	12446000	12840000	13044000	13333000
414	12445000	12838000	13045000	13332000
415	12445000	12839000	13045000	13332000
416	12445000	12838000	13044000	13332000
417	12444000	12837000	13043000	13330000
418	12445000	12839000	13044000	13332000
419	12443000	12838000	13044000	13331000
420	12444000	12838000	13042000	13330000
421	12444000	12838000	13045000	13330000
422	12445000	12838000	13041000	13332000
423	12444000	12839000	13043000	13331000
424	12445000	12836000	13044000	13330000
425	12444000	12838000	13044000	13331000
426	12445000	12837000	13043000	13331000
427	12444000	12837000	13043000	13331000
428	12443000	12838000	13043000	13330000
429	12444000	12838000	13043000	13331000
430	12444000	12837000	13043000	13330000
431	12443000	12838000	13043000	13330000
432	12443000	12837000	13042000	13331000
433	12443000	12836000	13041000	13331000
434	12444000	12838000	13044000	13332000
435	12446000	12839000	13042000	13332000
436	12445000	12839000	13041000	13331000
437	12443000	12836000	13041000	13331000
438	12444000	12837000	13043000	13331000
439	12443000	12837000	13044000	13331000
440	12443000	12837000	13042000	13331000
441	12445000	12837000	13043000	13331000
442	12444000	12838000	13043000	13329000
443	12443000	12838000	13042000	13329000
444	12443000	12835000	13042000	13330000
445	12445000	12836000	13041000	13331000
446	12443000	12835000	13043000	13331000
447	12444000	12837000	13042000	13330000
448	12443000	12836000	13042000	13330000
449	12442000	12835000	13040000	13328000
450	12445000	12837000	13041000	13330000
451	12442000	12834000	13044000	13328000
452	12443000	12834000	13043000	13330000
453	12445000	12837000	13044000	13332000
454	12446000	12840000	13046000	13332000
455	12444000	12839000	13044000	13331000
456	12447000	12839000	13045000	13332000
457	12445000	12839000	13043000	13331000
458	12445000	12838000	13044000	13331000
459	12445000	12838000	13046000	13332000
460	12445000	12839000	13045000	13331000
461	12445000	12839000	13045000	13332000
462	12446000	12838000	13042000	13332000
463	12445000	12839000	13046000	13332000
464	12444000	12836000	13044000	13330000
465	12445000	12835000	13043000	13331000
466	12443000	12838000	13044000	13330000
467	12444000	12839000	13044000	13331000
468	12444000	12837000	13040000	13329000
469	12444000	12838000	13043000	13331000
470	12444000	12837000	13043000	13328000
471	12443000	12836000	13043000	13331000
472	12444000	12837000	13040000	13331000
473	12444000	12838000	13043000	13330000
474	12445000	12838000	13042000	13330000
475	12444000	12839000	13045000	13332000
476	12445000	12840000	13045000	13332000
477	12444000	12839000	13046000	13331000
478	12444000	12837000	13044000	13332000
479	12447000	12839000	13044000	13332000
480	12445000	12839000	13045000	13331000
481	12443000	12840000	13044000	13331000
482	12445000	12840000	13047000	13332000
483	12445000	12839000	13044000	13333000
484	12446000	12838000	13047000	13334000
485	12446000	12839000	13044000	13333000
486	12444000	12837000	13045000	13332000
487	12446000	12839000	13045000	13331000
488	12445000	12839000	13043000	13333000
489	12445000	12840000	13044000	13332000
490	12445000	12838000	13043000	13333000
491	12445000	12840000	13045000	13332000
492	12444000	12839000	13046000	13331000
493	12444000	12838000	13045000	13330000
494	12446000	12840000	13046000	13334000
495	12444000	12837000	13045000	13331000
496	12444000	12839000	13043000	13332000
497	12444000	12838000	13043000	13331000
498	12444000	12837000	13044000	13332000
499	12444000	12838000	13043000	13331000

============================================================
# BITSTREAM: 1ms_101etapas.bit
# VENTANA: 1ms
# ETAPAS_PRINCIPAL: 101
# NUM_MUESTRAS: 500
# FORMATO: idx	freq1_hz	freq2_hz	freq3_hz	freq4_hz
============================================================
idx	freq1_hz	freq2_hz	freq3_hz	freq4_hz
0	8436000	8936000	8210000	9609000
1	8437000	8936000	8209000	9612000
2	8437000	8938000	8211000	9612000
3	8436000	8936000	8209000	9609000
4	8437000	8936000	8210000	9609000
5	8437000	8938000	8209000	9612000
6	8437000	8936000	8210000	9609000
7	8437000	8936000	8209000	9609000
8	8436000	8936000	8211000	9609000
9	8437000	8936000	8209000	9612000
10	8439000	8938000	8211000	9613000
11	8438000	8938000	8211000	9612000
12	8436000	8936000	8210000	9609000
13	8437000	8936000	8210000	9612000
14	8438000	8936000	8211000	9612000
15	8437000	8936000	8209000	9609000
16	8436000	8936000	8210000	9609000
17	8436000	8936000	8209000	9609000
18	8436000	8936000	8209000	9608000
19	8437000	8936000	8209000	9609000
20	8437000	8936000	8209000	9612000
21	8436000	8936000	8208000	9609000
22	8436000	8936000	8209000	9608000
23	8436000	8936000	8208000	9609000
24	8436000	8936000	8208000	9609000
25	8436000	8936000	8209000	9612000
26	8435000	8936000	8209000	9609000
27	8436000	8936000	8208000	9608000
28	8437000	8936000	8210000	9612000
29	8437000	8936000	8209000	9612000
30	8436000	8936000	8209000	9609000
31	8436000	8936000	8209000	9608000
32	8436000	8936000	8209000	9609000
33	8437000	8936000	8209000	9612000
34	8436000	8936000	8210000	9609000
35	8436000	8936000	8207000	9608000
36	8436000	8936000	8209000	9609000
37	8435000	8934000	8208000	9609000
38	8436000	8934000	8209000	9609000
39	8435000	8934000	8207000	9609000
40	8435000	8934000	8209000	9608000
41	8435000	8934000	8207000	9608000
42	8436000	8934000	8209000	9609000
43	8437000	8936000	8208000	9609000
44	8436000	8936000	8210000	9609000
45	8435000	8936000	8208000	9608000
46	8436000	8934000	8208000	9608000
47	8436000	8936000	8208000	9608000
48	8437000	8934000	8209000	9608000
49	8435000	8934000	8207000	9608000
50	8435000	8934000	8208000	9608000
51	8436000	8934000	8208000	9608000
52	8435000	8934000	8209000	9608000
53	8435000	8934000	8207000	9609000
54	8435000	8934000	8208000	9609000
55	8436000	8936000	8208000	9609000
56	8435000	8936000	8209000	9609000
57	8435000	8934000	8207000	9609000
58	8435000	8934000	8209000	9608000
59	8434000	8934000	8206000	9608000
60	8434000	8934000	8207000	9608000
61	8435000	8934000	8208000	9608000
62	8434000	8934000	8208000	9608000
63	8436000	8934000	8208000	9609000
64	8435000	8934000	8209000	9608000
65	8434000	8934000	8209000	9608000
66	8435000	8934000	8208000	9608000
67	8436000	8934000	8207000	9608000
68	8435000	8934000	8208000	9609000
69	8434000	8934000	8207000	9609000
70	8434000	8934000	8208000	9609000
71	8435000	8934000	8207000	9608000
72	8434000	8936000	8208000	9608000
73	8435000	8934000	8207000	9608000
74	8434000	8934000	8207000	9609000
75	8434000	8934000	8206000	9609000
76	8434000	8934000	8208000	9609000
77	8434000	8934000	8207000	9609000
78	8434000	8934000	8208000	9608000
79	8434000	8934000	8207000	9609000
80	8436000	8936000	8208000	9609000
81	8436000	8936000	8208000	9609000
82	8433000	8934000	8207000	9609000
83	8434000	8934000	8206000	9609000
84	8434000	8934000	8208000	9609000
85	8434000	8936000	8207000	9608000
86	8435000	8934000	8207000	9609000
87	8435000	8934000	8207000	9608000
88	8436000	8934000	8207000	9609000
89	8436000	8936000	8208000	9609000
90	8435000	8934000	8208000	9609000
91	8435000	8934000	8207000	9609000
92	8435000	8934000	8208000	9608000
93	8434000	8934000	8206000	9609000
94	8434000	8934000	8207000	9609000
95	8434000	8934000	8207000	9608000
96	8435000	8934000	8207000	9608000
97	8434000	8934000	8207000	9609000
98	8433000	8934000	8207000	9608000
99	8433000	8934000	8206000	9609000
100	8434000	8934000	8208000	9608000
101	8434000	8934000	8207000	9609000
102	8435000	8934000	8208000	9609000
103	8433000	8932000	8205000	9608000
104	8435000	8934000	8207000	9608000
105	8434000	8932000	8206000	9609000
106	8434000	8934000	8207000	9609000
107	8435000	8934000	8207000	9608000
108	8434000	8934000	8207000	9609000
109	8434000	8934000	8206000	9609000
110	8435000	8934000	8207000	9609000
111	8434000	8934000	8207000	9608000
112	8433000	8934000	8207000	9609000
113	8434000	8934000	8207000	9609000
114	8435000	8934000	8209000	9608000
115	8435000	8934000	8207000	9608000
116	8433000	8934000	8208000	9608000
117	8435000	8934000	8207000	9608000
118	8436000	8934000	8208000	9609000
119	8435000	8934000	8207000	9609000
120	8433000	8932000	8207000	9609000
121	8436000	8936000	8208000	9608000
122	8436000	8936000	8208000	9608000
123	8435000	8934000	8207000	9608000
124	8435000	8934000	8207000	9608000
125	8434000	8934000	8206000	9609000
126	8434000	8934000	8208000	9608000
127	8434000	8934000	8208000	9609000
128	8434000	8934000	8208000	9608000
129	8436000	8934000	8207000	9609000
130	8434000	8934000	8208000	9608000
131	8435000	8934000	8206000	9608000
132	8435000	8934000	8207000	9609000
133	8435000	8934000	8207000	9608000
134	8433000	8934000	8207000	9609000
135	8434000	8934000	8206000	9608000
136	8434000	8934000	8208000	9609000
137	8434000	8934000	8206000	9609000
138	8433000	8932000	8207000	9609000
139	8435000	8934000	8202000	9609000
140	8433000	8934000	8207000	9609000
141	8435000	8934000	8207000	9608000
142	8434000	8934000	8208000	9608000
143	8436000	8934000	8207000	9608000
144	8435000	8934000	8208000	9608000
145	8435000	8934000	8207000	9608000
146	8435000	8934000	8208000	9609000
147	8433000	8932000	8206000	9609000
148	8435000	8934000	8208000	9608000
149	8434000	8934000	8207000	9609000
150	8434000	8934000	8207000	9609000
151	8435000	8932000	8206000	9608000
152	8435000	8934000	8208000	9608000
153	8436000	8934000	8208000	9609000
154	8436000	8934000	8209000	9608000
155	8434000	8934000	8207000	9608000
156	8435000	8936000	8208000	9608000
157	8435000	8934000	8207000	9608000
158	8435000	8934000	8207000	9608000
159	8435000	8930000	8207000	9609000
160	8436000	8934000	8207000	9609000
161	8435000	8934000	8207000	9608000
162	8434000	8934000	8208000	9608000
163	8434000	8934000	8207000	9609000
164	8437000	8936000	8208000	9609000
165	8434000	8934000	8206000	9609000
166	8434000	8934000	8208000	9609000
167	8434000	8934000	8207000	9609000
168	8434000	8934000	8207000	9609000
169	8435000	8936000	8207000	9608000
170	8435000	8934000	8208000	9609000
171	8435000	8934000	8208000	9608000
172	8435000	8934000	8207000	9608000
173	8433000	8932000	8206000	9608000
174	8434000	8934000	8207000	9609000
175	8434000	8934000	8207000	9608000
176	8435000	8934000	8208000	9608000
177	8434000	8934000	8206000	9609000
178	8434000	8934000	8208000	9608000
179	8434000	8934000	8206000	9608000
180	8434000	8934000	8207000	9609000
181	8434000	8934000	8206000	9609000
182	8435000	8934000	8207000	9609000
183	8434000	8934000	8207000	9609000
184	8434000	8934000	8207000	9608000
185	8434000	8934000	8206000	9608000
186	8434000	8934000	8207000	9609000
187	8434000	8934000	8206000	9609000
188	8435000	8934000	8208000	9608000
189	8435000	8934000	8207000	9609000
190	8435000	8934000	8208000	9608000
191	8434000	8934000	8206000	9609000
192	8436000	8934000	8208000	9608000
193	8435000	8934000	8206000	9608000
194	8435000	8934000	8208000	9608000
195	8435000	8934000	8207000	9608000
196	8435000	8934000	8207000	9608000
197	8436000	8934000	8207000	9608000
198	8433000	8932000	8207000	9609000
199	8435000	8934000	8208000	9608000
200	8435000	8934000	8208000	9609000
201	8436000	8934000	8207000	9608000
202	8436000	8936000	8208000	9608000
203	8436000	8936000	8208000	9609000
204	8436000	8936000	8209000	9609000
205	8435000	8934000	8207000	9608000
206	8435000	8934000	8212000	9609000
207	8435000	8934000	8207000	9608000
208	8435000	8934000	8208000	9608000
209	8436000	8934000	8208000	9608000
210	8437000	8934000	8208000	9608000
211	8436000	8934000	8207000	9608000
212	8435000	8934000	8208000	9608000
213	8436000	8934000	8203000	9608000
214	8435000	8934000	8207000	9609000
215	8434000	8934000	8207000	9608000
216	8433000	8934000	8207000	9608000
217	8435000	8934000	8206000	9609000
218	8433000	8934000	8207000	9609000
219	8434000	8934000	8206000	9609000
220	8434000	8934000	8207000	9608000
221	8435000	8934000	8206000	9609000
222	8433000	8934000	8206000	9609000
223	8434000	8934000	8207000	9608000
224	8435000	8934000	8207000	9609000
225	8436000	8934000	8206000	9609000
226	8435000	8934000	8207000	9609000
227	8435000	8934000	8206000	9609000
228	8435000	8934000	8207000	9608000
229	8435000	8934000	8207000	9608000
230	8435000	8934000	8206000	9609000
231	8434000	8934000	8207000	9609000
232	8434000	8934000	8208000	9608000
233	8435000	8932000	8206000	9609000
234	8435000	8932000	8207000	9609000
235	8433000	8934000	8207000	9609000
236	8434000	8934000	8207000	9608000
237	8432000	8932000	8205000	9609000
238	8432000	8934000	8207000	9609000
239	8432000	8932000	8205000	9608000
240	8433000	8932000	8207000	9608000
241	8434000	8934000	8205000	9608000
242	8435000	8934000	8207000	9609000
243	8433000	8932000	8205000	9608000
244	8434000	8934000	8207000	9609000
245	8434000	8932000	8206000	9608000
246	8435000	8932000	8207000	9609000
247	8434000	8932000	8206000	9609000
248	8435000	8934000	8207000	9608000
249	8434000	8932000	8206000	9608000
250	8435000	8934000	8207000	9608000
251	8434000	8932000	8205000	9608000
252	8435000	8934000	8208000	9609000
253	8434000	8932000	8206000	9608000
254	8435000	8932000	8207000	9609000
255	8434000	8934000	8207000	9609000
256	8434000	8932000	8212000	9609000
257	8433000	8934000	8206000	9609000
258	8434000	8934000	8208000	9609000
259	8432000	8932000	8205000	9608000
260	8433000	8932000	8207000	9609000
261	8433000	8932000	8206000	9608000
262	8432000	8932000	8206000	9608000
263	8433000	8932000	8205000	9608000
264	8433000	8932000	8206000	9608000
265	8436000	8934000	8206000	9609000
266	8435000	8934000	8207000	9608000
267	8433000	8934000	8206000	9608000
268	8434000	8934000	8207000	9609000
269	8435000	8934000	8206000	9608000
270	8433000	8932000	8207000	9608000
271	8434000	8934000	8205000	9608000
272	8432000	8932000	8206000	9608000
273	8435000	8932000	8207000	9609000
274	8434000	8934000	8207000	9609000
275	8434000	8934000	8207000	9609000
276	8434000	8934000	8208000	9608000
277	8434000	8936000	8208000	9608000
278	8436000	8934000	8208000	9609000
279	8434000	8934000	8207000	9609000
280	8433000	8934000	8207000	9608000
281	8433000	8932000	8205000	9608000
282	8434000	8934000	8207000	9609000
283	8434000	8934000	8206000	9609000
284	8434000	8934000	8208000	9608000
285	8432000	8932000	8205000	9608000
286	8436000	8934000	8207000	9608000
287	8435000	8934000	8207000	9608000
288	8434000	8934000	8208000	9609000
289	8435000	8934000	8206000	9609000
290	8434000	8934000	8208000	9609000
291	8435000	8936000	8208000	9608000
292	8433000	8934000	8207000	9609000
293	8436000	8934000	8209000	9609000
294	8434000	8936000	8208000	9608000
295	8435000	8934000	8207000	9609000
296	8436000	8934000	8208000	9609000
297	8434000	8934000	8207000	9609000
298	8434000	8934000	8207000	9609000
299	8435000	8936000	8207000	9608000
300	8435000	8934000	8208000	9609000
301	8434000	8934000	8207000	9609000
302	8434000	8934000	8208000	9609000
303	8435000	8934000	8206000	9609000
304	8434000	8932000	8206000	9608000
305	8433000	8932000	8206000	9609000
306	8433000	8932000	8207000	9608000
307	8434000	8932000	8206000	9608000
308	8435000	8934000	8207000	9609000
309	8433000	8932000	8206000	9609000
310	8433000	8934000	8207000	9609000
311	8433000	8932000	8206000	9609000
312	8434000	8934000	8207000	9608000
313	8435000	8932000	8205000	9609000
314	8433000	8934000	8206000	9608000
315	8433000	8932000	8207000	9608000
316	8433000	8934000	8206000	9609000
317	8434000	8934000	8206000	9608000
318	8435000	8934000	8206000	9608000
319	8432000	8932000	8206000	9608000
320	8433000	8934000	8207000	9609000
321	8435000	8934000	8206000	9609000
322	8434000	8934000	8206000	9609000
323	8435000	8934000	8206000	9609000
324	8434000	8934000	8207000	9609000
325	8435000	8934000	8206000	9609000
326	8433000	8934000	8207000	9608000
327	8435000	8934000	8206000	9609000
328	8434000	8934000	8208000	9609000
329	8434000	8934000	8206000	9609000
330	8434000	8934000	8207000	9608000
331	8435000	8934000	8206000	9608000
332	8433000	8934000	8207000	9609000
333	8435000	8932000	8205000	9608000
334	8434000	8934000	8207000	9608000
335	8435000	8934000	8207000	9608000
336	8435000	8934000	8207000	9609000
337	8433000	8934000	8206000	9609000
338	8433000	8934000	8207000	9609000
339	8434000	8934000	8207000	9609000
340	8435000	8934000	8206000	9609000
341	8433000	8934000	8206000	9609000
342	8435000	8934000	8207000	9609000
343	8435000	8934000	8206000	9609000
344	8434000	8934000	8207000	9609000
345	8433000	8934000	8206000	9608000
346	8432000	8932000	8206000	9608000
347	8435000	8934000	8206000	9609000
348	8433000	8934000	8207000	9609000
349	8434000	8936000	8206000	9609000
350	8434000	8934000	8207000	9609000
351	8435000	8934000	8207000	9609000
352	8433000	8934000	8207000	9609000
353	8436000	8934000	8207000	9608000
354	8435000	8934000	8207000	9609000
355	8435000	8934000	8206000	9608000
356	8435000	8936000	8208000	9608000
357	8434000	8934000	8206000	9609000
358	8434000	8932000	8207000	9608000
359	8433000	8934000	8207000	9608000
360	8434000	8934000	8207000	9609000
361	8433000	8934000	8206000	9609000
362	8434000	8934000	8207000	9609000
363	8433000	8934000	8206000	9608000
364	8433000	8934000	8208000	9609000
365	8433000	8934000	8206000	9608000
366	8435000	8934000	8207000	9609000
367	8435000	8934000	8207000	9609000
368	8434000	8934000	8208000	9609000
369	8434000	8934000	8206000	9609000
370	8436000	8934000	8208000	9609000
371	8433000	8934000	8206000	9608000
372	8434000	8934000	8208000	9609000
373	8434000	8934000	8207000	9609000
374	8436000	8934000	8208000	9609000
375	8435000	8934000	8207000	9608000
376	8434000	8934000	8207000	9609000
377	8433000	8934000	8206000	9608000
378	8433000	8934000	8207000	9609000
379	8435000	8934000	8207000	9609000
380	8435000	8934000	8207000	9609000
381	8435000	8934000	8205000	9608000
382	8433000	8934000	8206000	9609000
383	8434000	8934000	8206000	9608000
384	8435000	8934000	8207000	9609000
385	8435000	8934000	8206000	9609000
386	8433000	8934000	8207000	9609000
387	8435000	8934000	8207000	9609000
388	8434000	8932000	8206000	9608000
389	8433000	8934000	8206000	9609000
390	8433000	8932000	8206000	9608000
391	8434000	8932000	8205000	9608000
392	8433000	8934000	8207000	9609000
393	8433000	8934000	8206000	9609000
394	8434000	8934000	8207000	9608000
395	8435000	8934000	8206000	9608000
396	8434000	8934000	8208000	9609000
397	8434000	8934000	8206000	9609000
398	8433000	8934000	8206000	9608000
399	8435000	8934000	8207000	9609000
400	8435000	8934000	8208000	9609000
401	8436000	8934000	8206000	9609000
402	8434000	8934000	8207000	9609000
403	8434000	8934000	8206000	9609000
404	8433000	8934000	8207000	9609000
405	8435000	8934000	8206000	9609000
406	8433000	8934000	8207000	9609000
407	8434000	8934000	8206000	9609000
408	8434000	8934000	8208000	9608000
409	8434000	8934000	8207000	9609000
410	8435000	8934000	8207000	9609000
411	8434000	8932000	8206000	9608000
412	8434000	8932000	8207000	9608000
413	8432000	8932000	8206000	9609000
414	8433000	8934000	8206000	9609000
415	8434000	8932000	8206000	9609000
416	8433000	8932000	8207000	9608000
417	8434000	8934000	8206000	9608000
418	8433000	8932000	8206000	9608000
419	8432000	8932000	8205000	9608000
420	8434000	8932000	8207000	9609000
421	8435000	8932000	8206000	9609000
422	8434000	8932000	8206000	9608000
423	8434000	8934000	8206000	9609000
424	8433000	8934000	8207000	9609000
425	8435000	8934000	8207000	9608000
426	8434000	8932000	8207000	9608000
427	8434000	8934000	8206000	9608000
428	8433000	8932000	8207000	9608000
429	8433000	8932000	8205000	9609000
430	8433000	8934000	8207000	9608000
431	8434000	8934000	8206000	9609000
432	8435000	8932000	8207000	9608000
433	8433000	8934000	8206000	9609000
434	8435000	8932000	8207000	9608000
435	8434000	8932000	8206000	9608000
436	8433000	8932000	8206000	9608000
437	8436000	8934000	8206000	9609000
438	8433000	8934000	8207000	9609000
439	8434000	8934000	8206000	9608000
440	8434000	8934000	8207000	9609000
441	8434000	8934000	8206000	9609000
442	8435000	8934000	8207000	9609000
443	8435000	8932000	8206000	9609000
444	8433000	8932000	8207000	9608000
445	8435000	8934000	8206000	9609000
446	8435000	8934000	8208000	9608000
447	8434000	8934000	8207000	9608000
448	8435000	8934000	8208000	9608000
449	8434000	8934000	8207000	9609000
450	8434000	8934000	8207000	9608000
451	8433000	8934000	8208000	9608000
452	8433000	8934000	8207000	9609000
453	8434000	8932000	8206000	9608000
454	8435000	8934000	8207000	9608000
455	8434000	8934000	8206000	9609000
456	8434000	8932000	8208000	9609000
457	8433000	8934000	8206000	9609000
458	8434000	8934000	8207000	9608000
459	8435000	8934000	8206000	9609000
460	8435000	8934000	8208000	9609000
461	8433000	8934000	8206000	9609000
462	8434000	8932000	8207000	9608000
463	8435000	8934000	8206000	9609000
464	8434000	8934000	8208000	9608000
465	8433000	8934000	8206000	9608000
466	8435000	8934000	8207000	9609000
467	8435000	8934000	8207000	9608000
468	8435000	8934000	8208000	9609000
469	8434000	8932000	8205000	9609000
470	8434000	8932000	8207000	9609000
471	8434000	8934000	8207000	9609000
472	8433000	8934000	8208000	9609000
473	8434000	8934000	8207000	9609000
474	8433000	8934000	8207000	9609000
475	8434000	8934000	8206000	9608000
476	8435000	8934000	8207000	9608000
477	8434000	8934000	8206000	9609000
478	8434000	8934000	8206000	9608000
479	8433000	8934000	8205000	9608000
480	8435000	8934000	8208000	9608000
481	8434000	8932000	8207000	9609000
482	8434000	8934000	8206000	9608000
483	8434000	8934000	8206000	9609000
484	8433000	8934000	8208000	9609000
485	8432000	8934000	8205000	9609000
486	8435000	8932000	8207000	9609000
487	8433000	8934000	8207000	9608000
488	8433000	8934000	8207000	9609000
489	8435000	8932000	8206000	9608000
490	8433000	8932000	8206000	9608000
491	8433000	8934000	8205000	9609000
492	8433000	8932000	8207000	9608000
493	8434000	8934000	8206000	9608000
494	8434000	8934000	8207000	9608000
495	8433000	8932000	8205000	9608000
496	8432000	8932000	8207000	9609000
497	8433000	8932000	8205000	9605000
498	8434000	8932000	8207000	9608000
499	8433000	8932000	8205000	9608000

============================================================
# BITSTREAM: 100us_3etapas.bit
# VENTANA: 100us
# ETAPAS_PRINCIPAL: 3
# NUM_MUESTRAS: 500
# FORMATO: idx	freq1_hz	freq2_hz	freq3_hz	freq4_hz
============================================================
idx	freq1_hz	freq2_hz	freq3_hz	freq4_hz
0	35200000	35210000	35210000	35210000
1	35210000	35210000	35210000	35210000
2	35210000	35210000	35210000	35210000
3	35220000	35210000	35210000	35210000
4	35210000	35210000	35210000	35210000
5	35210000	35210000	35210000	35210000
6	35200000	35200000	35200000	35200000
7	35220000	35220000	35220000	35220000
8	35210000	35210000	35210000	35210000
9	35200000	35200000	35200000	35200000
10	35210000	35210000	35210000	35210000
11	35220000	35210000	35210000	35210000
12	35210000	35210000	35210000	35210000
13	35210000	35210000	35210000	35210000
14	35210000	35210000	35210000	35210000
15	35210000	35210000	35210000	35210000
16	35210000	35200000	35200000	35200000
17	35210000	35210000	35210000	35210000
18	35220000	35220000	35220000	35220000
19	35220000	35220000	35220000	35220000
20	35210000	35210000	35210000	35210000
21	35220000	35220000	35220000	35220000
22	35210000	35210000	35210000	35210000
23	35210000	35210000	35210000	35210000
24	35220000	35210000	35210000	35210000
25	35210000	35210000	35210000	35210000
26	35220000	35220000	35220000	35220000
27	35220000	35220000	35220000	35220000
28	35220000	35220000	35220000	35220000
29	35210000	35210000	35210000	35210000
30	35210000	35220000	35220000	35220000
31	35220000	35220000	35220000	35220000
32	35210000	35220000	35220000	35220000
33	35210000	35220000	35220000	35220000
34	35210000	35220000	35220000	35220000
35	35210000	35210000	35210000	35210000
36	35210000	35220000	35220000	35210000
37	35220000	35220000	35220000	35220000
38	35210000	35210000	35210000	35210000
39	35210000	35210000	35210000	35210000
40	35220000	35220000	35220000	35220000
41	35210000	35210000	35210000	35210000
42	35220000	35220000	35220000	35220000
43	35220000	35220000	35220000	35220000
44	35220000	35220000	35220000	35220000
45	35220000	35220000	35220000	35220000
46	35220000	35210000	35210000	35210000
47	35230000	35230000	35230000	35230000
48	35210000	35220000	35220000	35220000
49	35210000	35210000	35210000	35210000
50	35210000	35210000	35210000	35210000
51	35210000	35220000	35220000	35220000
52	35220000	35220000	35220000	35220000
53	35210000	35210000	35210000	35210000
54	35210000	35210000	35210000	35210000
55	35220000	35220000	35220000	35220000
56	35210000	35210000	35210000	35210000
57	35210000	35210000	35210000	35210000
58	35210000	35220000	35220000	35220000
59	35210000	35210000	35210000	35210000
60	35210000	35210000	35210000	35210000
61	35210000	35220000	35220000	35220000
62	35220000	35220000	35220000	35220000
63	35210000	35210000	35210000	35210000
64	35210000	35210000	35210000	35210000
65	35220000	35220000	35220000	35220000
66	35210000	35210000	35210000	35210000
67	35210000	35220000	35220000	35220000
68	35210000	35210000	35210000	35210000
69	35220000	35220000	35220000	35220000
70	35220000	35220000	35220000	35220000
71	35210000	35210000	35210000	35210000
72	35220000	35220000	35220000	35220000
73	35220000	35220000	35220000	35220000
74	35210000	35220000	35220000	35210000
75	35210000	35210000	35210000	35210000
76	35220000	35220000	35220000	35220000
77	35210000	35210000	35210000	35210000
78	35220000	35220000	35220000	35220000
79	35210000	35210000	35210000	35210000
80	35220000	35220000	35220000	35220000
81	35220000	35220000	35220000	35220000
82	35220000	35220000	35220000	35210000
83	35210000	35210000	35210000	35210000
84	35220000	35220000	35220000	35220000
85	35210000	35210000	35210000	35210000
86	35210000	35220000	35220000	35220000
87	35220000	35220000	35220000	35220000
88	35210000	35210000	35210000	35210000
89	35220000	35220000	35220000	35220000
90	35220000	35220000	35220000	35220000
91	35210000	35210000	35210000	35210000
92	35220000	35220000	35220000	35220000
93	35220000	35210000	35210000	35210000
94	35210000	35210000	35210000	35210000
95	35220000	35220000	35220000	35220000
96	35220000	35230000	35230000	35230000
97	35210000	35210000	35210000	35210000
98	35210000	35210000	35210000	35210000
99	35210000	35210000	35210000	35210000
100	35220000	35210000	35210000	35210000
101	35220000	35220000	35220000	35220000
102	35210000	35210000	35210000	35210000
103	35220000	35220000	35220000	35220000
104	35220000	35220000	35220000	35220000
105	35220000	35220000	35220000	35220000
106	35220000	35220000	35220000	35220000
107	35220000	35220000	35220000	35220000
108	35210000	35220000	35220000	35220000
109	35220000	35210000	35210000	35210000
110	35230000	35230000	35230000	35230000
111	35220000	35220000	35220000	35220000
112	35210000	35210000	35210000	35210000
113	35220000	35210000	35210000	35210000
114	35210000	35210000	35210000	35210000
115	35220000	35220000	35220000	35220000
116	35220000	35220000	35220000	35220000
117	35220000	35210000	35210000	35210000
118	35210000	35210000	35210000	35210000
119	35220000	35220000	35220000	35220000
120	35210000	35210000	35210000	35210000
121	35220000	35220000	35220000	35220000
122	35210000	35210000	35210000	35210000
123	35220000	35220000	35220000	35220000
124	35230000	35230000	35230000	35230000
125	35220000	35220000	35220000	35220000
126	35220000	35220000	35220000	35220000
127	35220000	35220000	35220000	35220000
128	35220000	35220000	35220000	35220000
129	35220000	35220000	35220000	35220000
130	35220000	35220000	35220000	35220000
131	35220000	35210000	35210000	35210000
132	35220000	35220000	35220000	35220000
133	35220000	35220000	35220000	35220000
134	35220000	35220000	35220000	35220000
135	35230000	35220000	35220000	35220000
136	35230000	35220000	35220000	35220000
137	35210000	35210000	35210000	35210000
138	35220000	35220000	35220000	35220000
139	35220000	35220000	35220000	35220000
140	35220000	35220000	35220000	35220000
141	35220000	35220000	35220000	35220000
142	35210000	35210000	35210000	35210000
143	35210000	35210000	35210000	35210000
144	35220000	35220000	35220000	35220000
145	35220000	35220000	35220000	35220000
146	35230000	35230000	35230000	35230000
147	35220000	35220000	35220000	35220000
148	35210000	35220000	35220000	35220000
149	35220000	35220000	35220000	35220000
150	35220000	35220000	35220000	35220000
151	35220000	35220000	35220000	35220000
152	35230000	35220000	35220000	35220000
153	35210000	35210000	35210000	35210000
154	35220000	35220000	35220000	35220000
155	35220000	35220000	35220000	35220000
156	35220000	35220000	35220000	35220000
157	35220000	35220000	35220000	35220000
158	35220000	35210000	35210000	35210000
159	35220000	35220000	35220000	35220000
160	35220000	35220000	35220000	35220000
161	35210000	35210000	35210000	35210000
162	35220000	35220000	35220000	35220000
163	35220000	35210000	35210000	35210000
164	35220000	35220000	35220000	35220000
165	35210000	35210000	35210000	35210000
166	35220000	35220000	35220000	35220000
167	35210000	35210000	35210000	35210000
168	35220000	35220000	35220000	35220000
169	35220000	35220000	35220000	35220000
170	35210000	35220000	35220000	35220000
171	35220000	35210000	35210000	35210000
172	35210000	35210000	35210000	35210000
173	35220000	35230000	35230000	35230000
174	35210000	35210000	35210000	35210000
175	35210000	35210000	35210000	35210000
176	35220000	35210000	35210000	35210000
177	35220000	35220000	35220000	35220000
178	35220000	35220000	35220000	35220000
179	35220000	35220000	35220000	35220000
180	35220000	35220000	35220000	35220000
181	35220000	35220000	35220000	35220000
182	35220000	35220000	35220000	35220000
183	35220000	35220000	35220000	35220000
184	35210000	35210000	35210000	35210000
185	35210000	35210000	35210000	35210000
186	35220000	35220000	35220000	35220000
187	35220000	35210000	35210000	35210000
188	35210000	35210000	35210000	35210000
189	35210000	35210000	35210000	35210000
190	35220000	35220000	35220000	35220000
191	35210000	35210000	35210000	35210000
192	35210000	35210000	35210000	35210000
193	35220000	35220000	35220000	35220000
194	35210000	35210000	35210000	35210000
195	35220000	35220000	35220000	35220000
196	35210000	35210000	35210000	35210000
197	35200000	35200000	35200000	35200000
198	35210000	35210000	35210000	35210000
199	35220000	35220000	35220000	35220000
200	35220000	35210000	35210000	35210000
201	35220000	35220000	35220000	35220000
202	35220000	35220000	35220000	35220000
203	35200000	35200000	35200000	35200000
204	35210000	35210000	35210000	35210000
205	35220000	35220000	35220000	35220000
206	35220000	35220000	35220000	35220000
207	35210000	35220000	35220000	35220000
208	35220000	35220000	35220000	35220000
209	35210000	35210000	35210000	35210000
210	35210000	35220000	35220000	35210000
211	35210000	35210000	35210000	35210000
212	35220000	35220000	35220000	35220000
213	35210000	35210000	35210000	35210000
214	35220000	35220000	35220000	35220000
215	35220000	35220000	35220000	35220000
216	35230000	35230000	35230000	35230000
217	35210000	35210000	35210000	35210000
218	35220000	35220000	35220000	35220000
219	35210000	35210000	35210000	35210000
220	35210000	35210000	35210000	35210000
221	35210000	35210000	35210000	35210000
222	35220000	35220000	35220000	35220000
223	35220000	35210000	35210000	35210000
224	35220000	35220000	35220000	35220000
225	35210000	35220000	35220000	35220000
226	35220000	35220000	35220000	35220000
227	35220000	35210000	35210000	35210000
228	35220000	35210000	35210000	35210000
229	35220000	35220000	35220000	35220000
230	35210000	35210000	35210000	35210000
231	35210000	35210000	35210000	35210000
232	35220000	35210000	35210000	35210000
233	35220000	35210000	35210000	35210000
234	35220000	35210000	35210000	35210000
235	35200000	35200000	35200000	35200000
236	35220000	35220000	35220000	35220000
237	35210000	35210000	35210000	35210000
238	35210000	35210000	35210000	35210000
239	35210000	35220000	35220000	35220000
240	35220000	35220000	35220000	35220000
241	35220000	35220000	35220000	35220000
242	35220000	35230000	35230000	35230000
243	35210000	35210000	35210000	35210000
244	35220000	35220000	35220000	35220000
245	35230000	35230000	35230000	35230000
246	35230000	35220000	35220000	35220000
247	35220000	35220000	35220000	35220000
248	35220000	35210000	35210000	35210000
249	35220000	35220000	35220000	35220000
250	35210000	35210000	35210000	35210000
251	35220000	35230000	35230000	35220000
252	35210000	35210000	35210000	35210000
253	35210000	35210000	35210000	35210000
254	35210000	35210000	35210000	35210000
255	35210000	35220000	35220000	35220000
256	35210000	35220000	35220000	35210000
257	35220000	35220000	35220000	35220000
258	35220000	35220000	35220000	35220000
259	35220000	35220000	35220000	35220000
260	35210000	35220000	35220000	35220000
261	35210000	35220000	35220000	35220000
262	35220000	35210000	35210000	35210000
263	35210000	35210000	35210000	35210000
264	35210000	35210000	35210000	35210000
265	35220000	35220000	35220000	35220000
266	35210000	35220000	35220000	35220000
267	35210000	35210000	35210000	35210000
268	35210000	35210000	35210000	35210000
269	35220000	35220000	35220000	35220000
270	35210000	35210000	35210000	35210000
271	35220000	35220000	35220000	35220000
272	35200000	35210000	35210000	35210000
273	35220000	35220000	35220000	35220000
274	35220000	35210000	35210000	35210000
275	35210000	35210000	35210000	35210000
276	35210000	35210000	35210000	35210000
277	35210000	35210000	35210000	35210000
278	35220000	35220000	35220000	35220000
279	35220000	35220000	35220000	35220000
280	35210000	35210000	35210000	35210000
281	35210000	35210000	35210000	35210000
282	35210000	35210000	35210000	35210000
283	35220000	35220000	35220000	35220000
284	35200000	35200000	35200000	35200000
285	35210000	35210000	35210000	35210000
286	35210000	35210000	35210000	35210000
287	35220000	35220000	35220000	35220000
288	35220000	35220000	35220000	35220000
289	35220000	35220000	35220000	35220000
290	35210000	35210000	35210000	35210000
291	35210000	35220000	35220000	35220000
292	35210000	35210000	35210000	35210000
293	35210000	35210000	35210000	35210000
294	35210000	35210000	35210000	35210000
295	35220000	35220000	35220000	35220000
296	35220000	35220000	35220000	35220000
297	35210000	35220000	35220000	35220000
298	35210000	35210000	35210000	35210000
299	35210000	35210000	35210000	35210000
300	35220000	35220000	35220000	35220000
301	35220000	35220000	35220000	35220000
302	35230000	35230000	35230000	35230000
303	35220000	35220000	35220000	35220000
304	35210000	35210000	35210000	35210000
305	35210000	35220000	35220000	35220000
306	35220000	35220000	35220000	35220000
307	35220000	35230000	35220000	35220000
308	35220000	35220000	35220000	35220000
309	35210000	35210000	35210000	35210000
310	35200000	35210000	35210000	35200000
311	35210000	35210000	35210000	35210000
312	35220000	35210000	35210000	35210000
313	35220000	35220000	35220000	35220000
314	35220000	35220000	35220000	35220000
315	35220000	35220000	35220000	35220000
316	35220000	35220000	35220000	35220000
317	35210000	35220000	35220000	35220000
318	35210000	35210000	35210000	35210000
319	35210000	35210000	35210000	35210000
320	35210000	35210000	35210000	35210000
321	35210000	35210000	35210000	35210000
322	35210000	35210000	35210000	35210000
323	35220000	35210000	35210000	35210000
324	35210000	35210000	35210000	35210000
325	35220000	35220000	35220000	35220000
326	35200000	35210000	35210000	35210000
327	35210000	35210000	35210000	35210000
328	35210000	35210000	35210000	35210000
329	35210000	35210000	35210000	35210000
330	35210000	35210000	35210000	35210000
331	35210000	35210000	35210000	35210000
332	35210000	35210000	35210000	35210000
333	35210000	35210000	35210000	35210000
334	35210000	35200000	35200000	35200000
335	35200000	35210000	35210000	35210000
336	35210000	35210000	35210000	35210000
337	35210000	35210000	35210000	35210000
338	35200000	35200000	35200000	35200000
339	35200000	35200000	35200000	35200000
340	35220000	35210000	35210000	35210000
341	35210000	35210000	35210000	35210000
342	35200000	35210000	35210000	35210000
343	35210000	35200000	35200000	35200000
344	35210000	35210000	35210000	35210000
345	35210000	35210000	35210000	35210000
346	35210000	35220000	35220000	35220000
347	35210000	35220000	35220000	35220000
348	35210000	35200000	35200000	35200000
349	35220000	35220000	35220000	35220000
350	35220000	35220000	35220000	35220000
351	35210000	35210000	35210000	35210000
352	35210000	35210000	35210000	35210000
353	35220000	35220000	35220000	35220000
354	35220000	35220000	35220000	35220000
355	35210000	35210000	35210000	35210000
356	35220000	35220000	35220000	35220000
357	35220000	35220000	35220000	35220000
358	35220000	35220000	35220000	35220000
359	35210000	35220000	35220000	35220000
360	35220000	35210000	35210000	35210000
361	35210000	35210000	35210000	35210000
362	35210000	35210000	35210000	35210000
363	35210000	35210000	35210000	35210000
364	35210000	35220000	35220000	35220000
365	35210000	35220000	35220000	35220000
366	35220000	35220000	35220000	35220000
367	35210000	35210000	35210000	35210000
368	35220000	35220000	35220000	35220000
369	35210000	35210000	35210000	35210000
370	35210000	35210000	35210000	35210000
371	35210000	35210000	35210000	35210000
372	35210000	35210000	35210000	35210000
373	35220000	35220000	35220000	35220000
374	35230000	35230000	35230000	35230000
375	35210000	35210000	35210000	35210000
376	35220000	35220000	35220000	35220000
377	35210000	35210000	35210000	35210000
378	35220000	35220000	35220000	35220000
379	35220000	35220000	35220000	35220000
380	35200000	35200000	35200000	35200000
381	35220000	35220000	35220000	35220000
382	35220000	35220000	35220000	35220000
383	35210000	35210000	35210000	35210000
384	35220000	35210000	35210000	35210000
385	35220000	35220000	35220000	35220000
386	35210000	35210000	35210000	35210000
387	35210000	35210000	35210000	35210000
388	35220000	35210000	35210000	35210000
389	35220000	35220000	35220000	35220000
390	35210000	35220000	35220000	35220000
391	35210000	35210000	35210000	35210000
392	35210000	35210000	35210000	35220000
393	35220000	35210000	35210000	35210000
394	35220000	35220000	35220000	35220000
395	35220000	35220000	35220000	35220000
396	35220000	35220000	35220000	35220000
397	35210000	35210000	35210000	35210000
398	35210000	35210000	35210000	35210000
399	35210000	35210000	35210000	35210000
400	35220000	35220000	35220000	35220000
401	35210000	35220000	35220000	35220000
402	35210000	35210000	35210000	35210000
403	35220000	35220000	35220000	35220000
404	35210000	35210000	35210000	35210000
405	35220000	35210000	35210000	35210000
406	35200000	35200000	35200000	35200000
407	35200000	35200000	35200000	35200000
408	35210000	35210000	35210000	35210000
409	35210000	35210000	35210000	35210000
410	35210000	35210000	35210000	35210000
411	35210000	35210000	35210000	35210000
412	35210000	35210000	35210000	35210000
413	35210000	35210000	35210000	35210000
414	35220000	35220000	35220000	35220000
415	35210000	35220000	35220000	35220000
416	35210000	35210000	35210000	35210000
417	35220000	35220000	35220000	35220000
418	35220000	35220000	35220000	35220000
419	35210000	35220000	35220000	35220000
420	35220000	35210000	35210000	35210000
421	35220000	35220000	35220000	35220000
422	35220000	35210000	35210000	35220000
423	35210000	35210000	35210000	35210000
424	35210000	35210000	35210000	35210000
425	35210000	35210000	35210000	35210000
426	35210000	35210000	35210000	35210000
427	35200000	35200000	35200000	35200000
428	35210000	35210000	35210000	35210000
429	35220000	35220000	35220000	35220000
430	35210000	35210000	35210000	35210000
431	35210000	35210000	35210000	35210000
432	35210000	35210000	35210000	35210000
433	35220000	35210000	35220000	35220000
434	35210000	35210000	35210000	35210000
435	35210000	35210000	35210000	35210000
436	35210000	35210000	35210000	35210000
437	35200000	35200000	35200000	35200000
438	35210000	35210000	35210000	35210000
439	35210000	35210000	35210000	35210000
440	35210000	35210000	35210000	35210000
441	35210000	35210000	35210000	35210000
442	35210000	35210000	35210000	35210000
443	35220000	35220000	35220000	35220000
444	35220000	35210000	35210000	35210000
445	35220000	35220000	35220000	35220000
446	35210000	35210000	35210000	35210000
447	35210000	35210000	35210000	35210000
448	35220000	35210000	35210000	35210000
449	35210000	35210000	35210000	35210000
450	35210000	35210000	35210000	35210000
451	35210000	35220000	35220000	35220000
452	35210000	35210000	35210000	35210000
453	35210000	35210000	35210000	35210000
454	35210000	35210000	35210000	35210000
455	35200000	35200000	35200000	35200000
456	35210000	35210000	35210000	35210000
457	35220000	35220000	35220000	35220000
458	35210000	35220000	35220000	35220000
459	35210000	35210000	35210000	35210000
460	35210000	35210000	35210000	35210000
461	35210000	35210000	35210000	35210000
462	35200000	35210000	35210000	35210000
463	35210000	35210000	35210000	35210000
464	35210000	35200000	35200000	35200000
465	35210000	35210000	35210000	35210000
466	35210000	35210000	35210000	35210000
467	35210000	35200000	35200000	35200000
468	35210000	35210000	35210000	35210000
469	35210000	35210000	35210000	35210000
470	35200000	35200000	35200000	35200000
471	35200000	35200000	35200000	35200000
472	35210000	35210000	35210000	35210000
473	35220000	35220000	35220000	35220000
474	35210000	35210000	35210000	35210000
475	35210000	35210000	35210000	35210000
476	35220000	35220000	35220000	35220000
477	35210000	35210000	35210000	35210000
478	35210000	35220000	35220000	35220000
479	35210000	35210000	35210000	35210000
480	35210000	35210000	35210000	35210000
481	35210000	35210000	35210000	35210000
482	35210000	35220000	35220000	35220000
483	35220000	35220000	35220000	35220000
484	35210000	35210000	35210000	35210000
485	35210000	35210000	35210000	35210000
486	35210000	35210000	35210000	35210000
487	35210000	35210000	35210000	35210000
488	35210000	35210000	35210000	35210000
489	35220000	35220000	35220000	35220000
490	35220000	35220000	35220000	35220000
491	35210000	35210000	35210000	35210000
492	35210000	35210000	35210000	35210000
493	35220000	35220000	35220000	35220000
494	35210000	35210000	35210000	35210000
495	35220000	35210000	35210000	35210000
496	35220000	35220000	35220000	35220000
497	35210000	35210000	35210000	35210000
498	35220000	35220000	35220000	35220000
499	35230000	35230000	35230000	35230000

============================================================
# BITSTREAM: 100us_5etapas.bit
# VENTANA: 100us
# ETAPAS_PRINCIPAL: 5
# NUM_MUESTRAS: 500
# FORMATO: idx	freq1_hz	freq2_hz	freq3_hz	freq4_hz
============================================================
idx	freq1_hz	freq2_hz	freq3_hz	freq4_hz
0	0	33290000	33260000	33270000
1	33300000	33300000	33260000	33270000
2	33310000	33310000	33190000	33220000
3	33310000	33310000	33150000	33210000
4	33310000	33310000	33180000	33230000
5	33330000	33330000	33090000	33170000
6	33320000	33320000	33150000	33210000
7	33320000	33320000	33140000	33200000
8	33320000	33310000	33130000	33190000
9	33330000	33330000	33140000	33210000
10	33310000	33310000	33190000	33230000
11	33300000	33300000	33220000	33240000
12	33300000	33290000	33240000	33260000
13	33310000	33310000	33180000	33220000
14	33300000	33300000	33210000	33240000
15	33330000	33330000	33120000	33190000
16	33300000	33300000	33260000	33270000
17	33280000	33280000	33290000	33280000
18	33300000	33300000	33250000	33260000
19	33310000	33310000	33210000	33240000
20	33300000	33300000	33240000	33260000
21	33280000	33280000	33250000	33260000
22	33310000	33310000	33190000	33230000
23	33310000	33310000	33220000	33260000
24	33330000	33330000	33170000	33230000
25	33300000	33300000	33240000	33260000
26	33280000	33280000	33280000	33280000
27	33300000	33300000	33190000	33220000
28	33330000	33330000	33120000	33190000
29	33310000	33310000	33190000	33230000
30	33290000	33290000	33240000	33250000
31	33290000	33290000	33230000	33250000
32	33300000	33310000	33220000	33250000
33	33320000	33320000	33190000	33240000
34	33300000	33300000	33240000	33260000
35	33320000	33320000	33190000	33240000
36	33310000	33310000	33200000	33230000
37	33340000	33340000	33090000	33180000
38	33310000	33310000	33220000	33250000
39	33320000	33320000	33190000	33240000
40	33310000	33310000	33200000	33240000
41	33280000	33280000	33260000	33260000
42	33310000	33310000	33170000	33210000
43	33300000	33300000	33210000	33240000
44	33310000	33310000	33190000	33230000
45	33320000	33320000	33150000	33200000
46	33310000	33310000	33210000	33250000
47	33310000	33310000	33210000	33250000
48	33280000	33280000	33290000	33280000
49	33310000	33310000	33220000	33250000
50	33300000	33300000	33260000	33280000
51	33300000	33310000	33220000	33250000
52	33300000	33300000	33230000	33250000
53	33320000	33320000	33170000	33230000
54	33300000	33300000	33240000	33260000
55	33290000	33290000	33280000	33280000
56	33300000	33300000	33240000	33260000
57	33290000	33290000	33230000	33250000
58	33300000	33300000	33230000	33250000
59	33310000	33310000	33220000	33240000
60	33290000	33290000	33260000	33270000
61	33300000	33300000	33240000	33260000
62	33320000	33310000	33220000	33250000
63	33310000	33310000	33220000	33250000
64	33290000	33280000	33280000	33280000
65	33300000	33290000	33210000	33230000
66	33290000	33290000	33290000	33290000
67	33290000	33290000	33280000	33290000
68	33290000	33290000	33260000	33270000
69	33280000	33280000	33290000	33280000
70	33310000	33310000	33220000	33250000
71	33320000	33320000	33200000	33240000
72	33290000	33290000	33260000	33270000
73	33290000	33290000	33270000	33270000
74	33300000	33300000	33230000	33250000
75	33290000	33290000	33290000	33290000
76	33300000	33300000	33180000	33220000
77	33290000	33290000	33290000	33290000
78	33310000	33310000	33220000	33250000
79	33290000	33290000	33290000	33290000
80	33290000	33290000	33300000	33300000
81	33310000	33310000	33220000	33250000
82	33300000	33300000	33210000	33240000
83	33310000	33310000	33190000	33230000
84	33310000	33320000	33170000	33220000
85	33330000	33330000	33170000	33220000
86	33310000	33320000	33210000	33250000
87	33300000	33310000	33190000	33230000
88	33310000	33310000	33210000	33240000
89	33310000	33310000	33230000	33260000
90	33300000	33300000	33240000	33260000
91	33320000	33320000	33150000	33210000
92	33310000	33310000	33160000	33210000
93	33310000	33310000	33190000	33230000
94	33290000	33290000	33230000	33250000
95	33290000	33290000	33280000	33290000
96	33300000	33300000	33230000	33250000
97	33310000	33310000	33160000	33210000
98	33310000	33300000	33210000	33240000
99	33310000	33300000	33210000	33240000
100	33300000	33300000	33180000	33220000
101	33280000	33290000	33260000	33270000
102	33300000	33300000	33240000	33260000
103	33310000	33310000	33190000	33230000
104	33300000	33300000	35800000	33260000
105	33300000	33300000	33240000	33250000
106	33290000	33300000	33260000	33280000
107	33310000	33310000	33230000	33250000
108	33280000	33280000	33260000	33270000
109	33290000	33300000	33210000	33240000
110	33290000	33290000	33230000	33250000
111	33330000	33330000	33110000	33190000
112	33300000	33300000	33200000	33240000
113	33310000	33310000	33220000	33250000
114	33290000	33300000	33270000	33280000
115	33330000	33330000	33090000	33170000
116	33290000	33290000	33260000	33270000
117	33310000	33310000	33190000	33230000
118	33300000	33290000	33210000	33230000
119	33270000	33270000	33270000	33270000
120	33300000	33300000	33250000	33270000
121	33300000	33300000	33260000	33280000
122	33310000	33310000	33170000	33210000
123	33310000	33310000	33240000	33270000
124	33290000	33290000	33240000	33250000
125	33310000	33310000	33190000	33230000
126	33300000	33290000	31130000	33290000
127	33320000	33310000	33200000	33240000
128	33300000	33290000	33260000	33270000
129	33290000	33300000	33270000	33280000
130	33320000	33320000	33180000	33230000
131	33330000	33330000	33120000	33190000
132	33310000	33310000	33210000	33240000
133	33310000	33310000	33190000	33230000
134	33330000	33330000	33120000	33190000
135	33300000	33300000	33160000	33210000
136	33290000	33290000	33210000	33240000
137	33300000	33300000	33240000	33260000
138	33290000	33290000	33290000	33290000
139	33290000	33290000	33260000	33270000
140	33300000	33290000	33200000	33230000
141	33300000	33300000	33210000	33240000
142	33300000	33300000	33230000	33260000
143	33280000	33280000	33260000	33260000
144	33290000	33290000	33230000	33250000
145	33290000	33290000	33240000	33250000
146	33300000	33290000	33240000	33260000
147	33290000	33290000	33230000	33250000
148	33290000	33290000	33210000	33230000
149	33300000	33300000	33210000	33230000
150	33290000	33290000	33260000	33270000
151	33290000	33300000	33270000	33280000
152	33280000	33280000	33250000	33260000
153	33280000	33280000	33290000	33290000
154	33300000	33300000	33230000	33250000
155	33290000	33290000	33280000	33280000
156	33290000	33290000	33230000	33250000
157	33300000	33300000	33250000	33260000
158	33290000	33290000	33250000	33260000
159	33280000	33280000	33230000	33240000
160	33300000	33300000	33190000	33230000
161	33300000	33300000	33210000	33250000
162	33290000	33290000	33290000	33290000
163	33280000	33280000	33280000	33280000
164	33280000	33280000	33250000	33260000
165	33310000	33310000	33160000	33210000
166	33270000	33270000	33280000	33280000
167	33300000	33290000	33230000	33250000
168	33290000	33290000	33290000	33290000
169	33270000	33280000	33280000	33280000
170	33280000	33280000	33280000	33280000
171	33290000	33290000	33280000	33290000
172	33300000	33300000	33210000	33240000
173	33290000	33290000	33260000	33270000
174	33280000	33280000	33270000	33270000
175	33310000	33310000	33180000	33220000
176	33300000	33300000	33230000	33250000
177	33280000	33280000	33280000	33280000
178	33300000	33300000	33240000	33260000
179	33280000	33280000	33250000	33260000
180	33310000	33310000	33160000	33210000
181	33300000	33300000	33230000	33260000
182	33300000	33290000	33210000	33230000
183	33310000	33300000	33210000	33240000
184	33290000	33290000	33230000	33250000
185	33290000	33290000	33230000	33250000
186	33320000	33320000	33140000	33200000
187	33320000	33320000	33160000	33210000
188	33290000	33290000	33230000	33250000
189	33290000	33290000	33260000	33270000
190	33300000	33300000	33240000	33260000
191	33290000	33300000	33240000	33260000
192	33290000	33290000	33230000	33250000
193	33300000	33300000	33210000	33240000
194	33320000	33320000	33130000	33200000
195	33310000	33310000	33180000	33220000
196	33300000	33300000	33190000	33220000
197	33300000	33310000	33240000	33270000
198	33310000	33310000	33190000	33230000
199	33310000	33310000	33150000	33210000
200	33300000	33290000	33210000	33240000
201	33310000	33310000	33190000	33230000
202	33340000	33340000	33060000	33160000
203	33310000	33310000	33210000	33240000
204	33310000	33300000	33210000	33240000
205	33310000	33310000	33210000	33250000
206	33330000	33330000	33150000	33210000
207	33320000	33330000	33180000	33230000
208	33310000	33310000	33210000	33240000
209	33310000	33310000	33170000	33210000
210	33310000	33310000	33190000	33230000
211	33310000	33310000	33200000	33230000
212	33310000	33310000	33210000	33250000
213	33310000	33310000	33170000	33220000
214	33310000	33310000	33160000	33210000
215	33320000	33320000	33170000	33220000
216	33310000	33310000	33180000	33230000
217	33310000	33300000	33180000	33220000
218	33280000	33280000	33280000	33280000
219	33320000	33320000	33170000	33210000
220	33320000	33310000	33140000	33190000
221	33280000	33280000	33610000	33280000
222	33290000	33290000	33230000	33250000
223	33300000	33300000	33190000	33220000
224	33290000	33290000	33250000	33270000
225	33300000	33300000	33210000	33240000
226	33300000	33300000	33180000	33220000
227	33280000	33280000	33250000	33260000
228	33290000	33290000	33230000	33250000
229	33280000	33280000	33250000	33250000
230	33300000	33300000	33190000	33220000
231	33280000	33280000	33280000	33280000
232	33270000	33270000	33280000	33270000
233	33310000	33310000	33130000	33190000
234	33300000	33290000	33180000	33220000
235	33300000	33300000	33180000	33220000
236	33310000	33310000	33180000	33220000
237	33310000	33310000	33190000	33230000
238	33300000	33300000	33180000	33220000
239	33290000	33290000	33240000	33260000
240	33290000	33290000	33200000	33230000
241	33300000	33300000	33210000	33240000
242	33280000	33280000	33240000	33260000
243	33300000	33300000	33200000	33230000
244	33280000	33280000	33260000	33270000
245	33290000	33290000	33230000	33250000
246	33290000	33280000	33230000	33240000
247	33280000	33280000	33250000	33250000
248	33290000	33290000	33230000	33250000
249	33290000	33290000	33260000	33270000
250	33280000	33280000	33250000	33260000
251	33290000	33280000	33260000	33270000
252	33280000	33280000	33250000	33250000
253	33280000	33290000	33260000	33270000
254	33290000	33290000	33230000	33250000
255	33300000	33290000	33200000	33230000
256	33310000	33310000	33140000	33200000
257	33290000	33290000	33260000	33270000
258	33300000	33290000	33230000	33250000
259	33310000	33310000	33210000	33240000
260	33310000	33310000	33160000	33210000
261	33280000	33280000	33280000	33280000
262	33300000	33310000	33190000	33230000
263	33300000	33300000	33180000	33220000
264	33310000	33300000	33180000	33220000
265	33290000	33290000	33230000	33250000
266	33300000	33300000	33180000	33220000
267	33310000	33310000	33190000	33230000
268	33320000	33310000	33160000	33210000
269	33320000	33320000	33160000	33220000
270	33320000	33320000	33170000	33230000
271	33300000	33300000	33230000	33250000
272	33300000	33300000	33210000	33240000
273	33300000	33300000	33210000	33230000
274	33300000	33300000	33270000	33280000
275	33310000	33310000	33230000	33260000
276	33320000	33320000	33160000	33210000
277	33320000	33320000	33200000	33240000
278	33340000	33340000	33120000	33200000
279	33320000	33310000	33190000	33230000
280	33310000	33310000	33210000	33250000
281	33300000	33290000	33230000	33250000
282	33300000	33300000	33220000	33240000
283	33290000	33290000	33180000	33220000
284	33310000	33300000	33180000	33220000
285	33290000	33290000	33230000	33250000
286	33310000	33310000	33220000	33250000
287	33310000	33310000	33190000	33230000
288	33290000	33300000	33230000	33260000
289	33310000	33310000	33190000	33230000
290	33310000	33310000	33220000	33250000
291	33300000	33300000	33170000	33220000
292	33300000	33300000	33180000	33220000
293	33300000	33300000	33240000	33260000
294	33290000	33290000	33290000	33290000
295	33290000	33290000	33290000	33290000
296	33310000	33300000	33180000	33220000
297	33300000	33300000	33180000	33220000
298	33310000	33300000	33190000	33220000
299	33310000	33310000	33180000	33230000
300	33300000	33300000	33180000	33220000
301	33270000	33270000	33270000	33270000
302	33310000	33300000	33180000	33220000
303	33300000	33290000	33260000	33270000
304	33300000	33310000	33240000	33270000
305	33280000	33280000	33280000	33280000
306	33280000	33280000	33280000	33280000
307	33300000	33300000	33220000	33240000
308	33300000	33300000	33210000	33240000
309	33280000	33280000	33250000	33260000
310	33300000	33300000	33210000	33240000
311	33310000	33310000	33180000	33220000
312	33310000	33310000	33190000	33230000
313	33310000	33300000	33160000	33200000
314	33300000	33300000	33190000	33230000
315	33310000	33310000	33210000	33250000
316	33310000	33310000	33190000	33230000
317	33290000	33290000	33230000	33250000
318	33290000	33290000	33250000	33260000
319	33310000	33310000	33220000	33250000
320	33320000	33320000	33170000	33220000
321	33300000	33300000	33240000	33260000
322	33300000	33300000	33260000	33280000
323	33300000	33300000	33240000	33260000
324	33290000	33290000	33290000	33290000
325	33310000	33310000	33140000	33190000
326	33280000	33280000	33240000	33260000
327	33310000	33300000	33190000	33230000
328	33280000	33280000	33290000	33290000
329	33290000	33290000	33260000	33270000
330	33320000	33320000	33140000	33200000
331	33300000	33290000	33210000	33230000
332	33310000	33310000	33190000	33230000
333	33300000	33290000	33240000	33260000
334	33300000	33300000	33240000	33270000
335	33290000	33290000	33230000	33250000
336	33300000	33300000	33210000	33240000
337	33300000	33300000	33210000	33240000
338	33300000	33300000	33210000	33230000
339	33300000	33300000	33180000	33210000
340	33300000	33300000	33200000	33230000
341	33310000	33310000	33150000	33210000
342	33290000	33290000	33210000	33240000
343	33290000	33290000	33210000	33230000
344	33290000	33290000	33220000	33250000
345	33290000	33280000	33230000	33250000
346	33310000	33310000	33220000	33250000
347	33290000	33280000	33220000	33240000
348	33310000	33310000	33150000	33210000
349	33300000	33300000	33180000	33220000
350	33320000	33320000	33190000	33240000
351	33320000	33320000	33160000	33210000
352	33320000	33320000	33110000	33180000
353	33290000	33290000	33250000	33270000
354	33300000	33300000	33220000	33240000
355	33280000	33280000	33260000	33260000
356	33310000	33320000	33190000	33230000
357	33300000	33300000	33210000	33240000
358	33280000	33280000	33240000	33250000
359	33290000	33290000	33200000	33230000
360	33290000	33290000	33230000	33250000
361	33300000	33300000	33220000	33240000
362	33290000	33290000	33200000	33230000
363	33310000	33300000	33210000	33240000
364	33310000	33310000	33160000	33210000
365	33320000	33320000	33100000	33180000
366	33310000	33310000	33160000	33210000
367	33310000	33300000	33210000	33240000
368	33310000	33310000	33190000	33230000
369	33310000	33310000	33140000	33190000
370	33310000	33310000	33160000	33210000
371	33300000	33300000	33190000	33220000
372	33290000	33290000	33200000	33230000
373	33300000	33290000	33210000	33230000
374	33280000	33280000	33280000	33280000
375	33300000	33300000	33180000	33220000
376	33310000	33310000	33140000	33190000
377	33330000	33330000	33100000	33170000
378	33300000	33300000	33180000	33220000
379	33310000	33310000	33190000	33230000
380	33310000	33310000	33170000	33210000
381	33320000	33320000	33170000	33220000
382	33310000	33310000	33210000	33250000
383	33320000	33320000	33140000	33200000
384	33320000	33320000	33140000	33200000
385	33290000	33290000	33230000	33250000
386	33300000	33300000	33210000	33240000
387	33320000	33320000	33140000	33200000
388	33310000	33310000	33190000	33230000
389	33300000	33300000	33210000	33250000
390	33310000	33310000	33270000	33230000
391	33320000	33320000	33170000	33220000
392	33310000	33310000	33150000	33210000
393	33300000	33300000	33180000	33220000
394	33290000	33290000	33200000	33230000
395	33310000	33310000	33190000	33230000
396	33300000	33300000	33190000	33230000
397	33290000	33300000	33230000	33250000
398	33320000	33310000	33160000	33210000
399	33310000	33310000	33190000	33230000
400	33300000	33300000	33210000	33240000
401	33300000	33300000	33210000	33240000
402	33300000	33310000	33160000	33210000
403	33290000	33290000	33200000	33230000
404	33300000	33300000	33210000	33250000
405	33300000	33300000	33180000	33220000
406	33280000	33280000	33220000	33240000
407	33290000	33290000	33210000	33230000
408	33310000	33310000	33180000	33220000
409	33290000	33290000	33260000	33270000
410	33310000	33310000	33160000	33210000
411	33330000	33330000	33110000	33190000
412	33320000	33320000	33140000	33200000
413	33280000	33280000	33250000	33260000
414	33320000	33320000	33110000	33180000
415	33330000	33330000	33090000	33170000
416	33300000	33310000	33180000	33230000
417	33290000	33290000	33200000	33230000
418	33300000	33310000	33160000	33210000
419	33310000	33310000	33190000	33230000
420	33300000	33310000	33160000	33210000
421	33320000	33330000	33120000	33190000
422	33290000	33300000	33210000	33240000
423	33300000	33300000	33210000	33230000
424	33290000	33290000	33280000	33290000
425	33300000	33300000	33220000	33240000
426	33310000	33310000	33220000	33250000
427	33310000	33310000	33210000	33240000
428	33310000	33300000	33180000	33220000
429	33320000	33320000	33120000	33190000
430	33330000	33330000	33100000	33170000
431	33330000	33330000	33090000	33170000
432	33300000	33300000	33200000	33240000
433	33300000	33300000	33210000	33240000
434	33280000	33280000	33280000	33280000
435	33310000	33310000	33190000	33230000
436	33290000	33300000	33240000	33260000
437	33320000	33320000	33210000	33250000
438	33290000	33290000	33240000	33250000
439	33320000	33320000	33170000	33220000
440	33320000	33330000	33090000	33170000
441	33300000	33300000	33180000	33220000
442	33320000	33320000	33110000	33180000
443	33310000	33310000	33120000	33180000
444	33320000	33320000	33110000	33180000
445	33300000	33310000	33160000	33210000
446	33330000	33330000	33120000	33190000
447	33320000	33330000	33140000	33210000
448	33300000	33310000	33130000	33190000
449	33320000	33320000	33140000	33190000
450	33290000	33290000	33200000	33230000
451	33320000	33320000	33140000	33200000
452	33290000	33290000	33200000	33230000
453	33320000	33320000	33120000	33180000
454	33310000	33310000	33190000	33230000
455	33310000	33310000	33190000	33240000
456	33300000	33300000	33150000	33200000
457	33300000	33310000	33180000	33220000
458	33300000	33310000	33190000	33230000
459	33290000	33300000	33190000	33220000
460	33330000	33330000	33160000	33210000
461	33290000	33290000	33170000	33210000
462	33320000	33320000	33080000	33160000
463	33300000	33300000	33130000	33180000
464	33300000	33300000	33210000	33230000
465	33300000	33300000	33210000	33240000
466	33300000	33300000	33200000	33240000
467	33310000	33320000	33140000	33200000
468	33310000	33310000	33150000	33210000
469	33320000	33320000	33130000	33190000
470	33330000	33330000	33090000	33170000
471	33310000	33310000	33140000	33200000
472	33300000	33300000	33180000	33220000
473	33290000	33300000	33180000	33220000
474	33300000	33300000	33180000	33220000
475	33300000	33310000	33190000	33230000
476	33310000	33300000	33180000	33220000
477	33310000	33320000	33140000	33190000
478	33310000	33310000	33170000	33220000
479	33290000	33280000	33220000	33240000
480	33300000	33300000	33180000	33220000
481	33310000	33310000	33130000	33190000
482	33310000	33310000	33210000	33250000
483	33300000	33300000	33210000	33240000
484	33320000	33320000	33120000	33190000
485	33320000	33320000	33120000	33190000
486	33310000	33300000	33160000	33200000
487	33300000	33300000	33200000	33240000
488	33310000	33310000	33190000	33230000
489	33300000	33300000	33190000	33220000
490	33290000	33300000	33210000	33240000
491	33290000	33290000	33260000	33270000
492	33300000	33290000	33230000	33250000
493	33300000	33300000	33150000	33200000
494	33290000	33290000	33230000	33250000
495	33320000	33320000	33140000	33200000
496	33290000	33290000	33230000	33250000
497	33310000	33310000	33150000	33210000
498	33300000	33300000	33180000	33220000
499	33290000	33290000	33230000	33250000

============================================================
# BITSTREAM: 100us_51etapas.bit
# VENTANA: 100us
# ETAPAS_PRINCIPAL: 51
# NUM_MUESTRAS: 500
# FORMATO: idx	freq1_hz	freq2_hz	freq3_hz	freq4_hz
============================================================
idx	freq1_hz	freq2_hz	freq3_hz	freq4_hz
0	27490000	31130000	31130000	28470000
1	27490000	31130000	31120000	28470000
2	27480000	31130000	31130000	28460000
3	27480000	31120000	31120000	28470000
4	27480000	31120000	31130000	28470000
5	27480000	31120000	31130000	28470000
6	27490000	31130000	31130000	28470000
7	27490000	31120000	31120000	28460000
8	27490000	31130000	31130000	28460000
9	27490000	31130000	31140000	28460000
10	27480000	31120000	31120000	28470000
11	27490000	31130000	31130000	28470000
12	27480000	31130000	31130000	28460000
13	27490000	31130000	31120000	28470000
14	27480000	31130000	31130000	28470000
15	27490000	31130000	31130000	28470000
16	27480000	31120000	31120000	28460000
17	27480000	31130000	31120000	28460000
18	27480000	31120000	31120000	28460000
19	27480000	31130000	31120000	28460000
20	27480000	31130000	31120000	28460000
21	27480000	31130000	31120000	28460000
22	27480000	31120000	31120000	28460000
23	27480000	31120000	31120000	28460000
24	27490000	31120000	31120000	28460000
25	27490000	31120000	31130000	28470000
26	27490000	31130000	31130000	28470000
27	27490000	31120000	31130000	28460000
28	27490000	31120000	31120000	28470000
29	27480000	31120000	31130000	28460000
30	27490000	31140000	31130000	28460000
31	27490000	31130000	31130000	28470000
32	27480000	31120000	31130000	28470000
33	27480000	31130000	31130000	28470000
34	27490000	31130000	31130000	28470000
35	27490000	31130000	31130000	28460000
36	27490000	31130000	31130000	28460000
37	27480000	31130000	31130000	28460000
38	27490000	31130000	31130000	28470000
39	27490000	31130000	31130000	28470000
40	27490000	31120000	31120000	28470000
41	27490000	31130000	31130000	28470000
42	27490000	31130000	31130000	28470000
43	27480000	31130000	31130000	28470000
44	27480000	31130000	31120000	28460000
45	27480000	31120000	31120000	28460000
46	27490000	31120000	31120000	28460000
47	27480000	31120000	31120000	28470000
48	27490000	31130000	31130000	28470000
49	27490000	31130000	31130000	28470000
50	27490000	31120000	31120000	28470000
51	27490000	31130000	31130000	28480000
52	27480000	31130000	31120000	28470000
53	27480000	31130000	31130000	28470000
54	27490000	31130000	31130000	28460000
55	27490000	31130000	31120000	28460000
56	27480000	31130000	31130000	28470000
57	27490000	31130000	31140000	28470000
58	27490000	31130000	31130000	28470000
59	27490000	31120000	31120000	28470000
60	27480000	31130000	31130000	28470000
61	27490000	31120000	31120000	28470000
62	27480000	31130000	31130000	28460000
63	27490000	31120000	31120000	28470000
64	27480000	31130000	31130000	28460000
65	27490000	31130000	31130000	28470000
66	27480000	31130000	31130000	28460000
67	27490000	31130000	31130000	28470000
68	27490000	31130000	31130000	28460000
69	27490000	31130000	31130000	28470000
70	27490000	31140000	31140000	28470000
71	27490000	31130000	31130000	28470000
72	27480000	31120000	31130000	28460000
73	27490000	31130000	31130000	28480000
74	27490000	31130000	31130000	28470000
75	27480000	31130000	31130000	28470000
76	27480000	31130000	31130000	28470000
77	27490000	31130000	31130000	28470000
78	27490000	31130000	31130000	28480000
79	27490000	31130000	31130000	28470000
80	27480000	31120000	31120000	28470000
81	27490000	31120000	31120000	28460000
82	27490000	31120000	31130000	28470000
83	27490000	31130000	31120000	28470000
84	27480000	31130000	31120000	28470000
85	27480000	31130000	31130000	28470000
86	27490000	31130000	31140000	28480000
87	27480000	31130000	31130000	28470000
88	27480000	31120000	31120000	28470000
89	27480000	31140000	31130000	28470000
90	27480000	31130000	31130000	28470000
91	27480000	31120000	31120000	28460000
92	27490000	31130000	31130000	28480000
93	27490000	31140000	31130000	28480000
94	27480000	31120000	31120000	28470000
95	27490000	31130000	31130000	28470000
96	27490000	31130000	31130000	28470000
97	27480000	31120000	31120000	28470000
98	27480000	31130000	31130000	28470000
99	27480000	31120000	31120000	28460000
100	27480000	31120000	31120000	28470000
101	27480000	31130000	31130000	28470000
102	27480000	31130000	31130000	28470000
103	27480000	31130000	31130000	28480000
104	27490000	31130000	31120000	28470000
105	27480000	31120000	31120000	28470000
106	27490000	31130000	31130000	28480000
107	27480000	31130000	31120000	28470000
108	27490000	31120000	31130000	28470000
109	27480000	31130000	31120000	28470000
110	27490000	31120000	31130000	28460000
111	27480000	31130000	31130000	28460000
112	27490000	31130000	31130000	28480000
113	27490000	31130000	31130000	28480000
114	27480000	31120000	31120000	28470000
115	27470000	31110000	31120000	28470000
116	27480000	31120000	31120000	28470000
117	27480000	31120000	31110000	28470000
118	27490000	31120000	31110000	28470000
119	27480000	31120000	31120000	28480000
120	27490000	31130000	31130000	28640000
121	27480000	31130000	31120000	28470000
122	27490000	31130000	31140000	28470000
123	27490000	31130000	31130000	28470000
124	27490000	31120000	31120000	28470000
125	27480000	31130000	31120000	28470000
126	27480000	31120000	31120000	28470000
127	27480000	31120000	31130000	28460000
128	27490000	31120000	31130000	28480000
129	27490000	31130000	31130000	28470000
130	27480000	31120000	31120000	28470000
131	27470000	31120000	31120000	28460000
132	27480000	31120000	31120000	28470000
133	27490000	31130000	31140000	28470000
134	27490000	31130000	31130000	28460000
135	27480000	31120000	31120000	28460000
136	27490000	31130000	31130000	28470000
137	27480000	31120000	31130000	28470000
138	27480000	31120000	31130000	28470000
139	27480000	31120000	31120000	28460000
140	27480000	31130000	31130000	28470000
141	27490000	31120000	31130000	28470000
142	27490000	31130000	31130000	28470000
143	27490000	31120000	31120000	28460000
144	27490000	31120000	31130000	28470000
145	27490000	31120000	31120000	28470000
146	27490000	31120000	31120000	28470000
147	27490000	31130000	31130000	28470000
148	27480000	31130000	31120000	28460000
149	27490000	31130000	31130000	28480000
150	27480000	31130000	31130000	28460000
151	27480000	31120000	31120000	28460000
152	27480000	31130000	31130000	28680000
153	27490000	31120000	31120000	28470000
154	27490000	31130000	31130000	28470000
155	27500000	31120000	31120000	28480000
156	27480000	31120000	31120000	28460000
157	27490000	31120000	31120000	28470000
158	27490000	31130000	31130000	28470000
159	27470000	31120000	31120000	28460000
160	27490000	31120000	31120000	28470000
161	27480000	31120000	31120000	28470000
162	27480000	31120000	31120000	28470000
163	27480000	31130000	31130000	28470000
164	27490000	31120000	31120000	28460000
165	27480000	31120000	31130000	28470000
166	27480000	31130000	31120000	28460000
167	27490000	31080000	31110000	28470000
168	27480000	31120000	31120000	28470000
169	27480000	31120000	31130000	28460000
170	27480000	31130000	31130000	28460000
171	27480000	31120000	31120000	28470000
172	27470000	31110000	31110000	28460000
173	27480000	31130000	31130000	28470000
174	27480000	31120000	31120000	28460000
175	27480000	31120000	31120000	28470000
176	27490000	31120000	31120000	28460000
177	27480000	31120000	31120000	28470000
178	27490000	31120000	31120000	28470000
179	27470000	31120000	31120000	28470000
180	27490000	31130000	31130000	28470000
181	27490000	31130000	31130000	28470000
182	27480000	31130000	31130000	28470000
183	27490000	31120000	31120000	28470000
184	27490000	31130000	31130000	28470000
185	27480000	31120000	31120000	28460000
186	27480000	31120000	31120000	28470000
187	27480000	31130000	31120000	28470000
188	27480000	31120000	31120000	28460000
189	27490000	31130000	31130000	28470000
190	27490000	31130000	31130000	28470000
191	27490000	31130000	31130000	28470000
192	27490000	31120000	31130000	28460000
193	27480000	31120000	31120000	28460000
194	27490000	31120000	31130000	28470000
195	27470000	31130000	31120000	28460000
196	27480000	31120000	31120000	28470000
197	27490000	31130000	31130000	28470000
198	27490000	31130000	31130000	28470000
199	27490000	31130000	31130000	28470000
200	27490000	31130000	31130000	28480000
201	27480000	31120000	31130000	28470000
202	27480000	31120000	31130000	28460000
203	27480000	31120000	31120000	28470000
204	27480000	31120000	31120000	28470000
205	27480000	31120000	31120000	28470000
206	27480000	31120000	31120000	28470000
207	27490000	31130000	31130000	28460000
208	27470000	31120000	31120000	28460000
209	27480000	31120000	31120000	28460000
210	27490000	31110000	31120000	28460000
211	27490000	31130000	31130000	28460000
212	27490000	31130000	31130000	28470000
213	27480000	31120000	31120000	28460000
214	27480000	31120000	31120000	28470000
215	27490000	31130000	31130000	28470000
216	27480000	31120000	31120000	28460000
217	27490000	31130000	31130000	28470000
218	27480000	31120000	31120000	28470000
219	27490000	31120000	31120000	28470000
220	27480000	31130000	31130000	28470000
221	27490000	31130000	31130000	28470000
222	27480000	31130000	31130000	28460000
223	27490000	31130000	31130000	28470000
224	27490000	31120000	31120000	28470000
225	27490000	31120000	31120000	28460000
226	27490000	31120000	31120000	28470000
227	27490000	31120000	31120000	28470000
228	27470000	31120000	31120000	28460000
229	27490000	31130000	31130000	28460000
230	27500000	31130000	31130000	28470000
231	27490000	31130000	31130000	28470000
232	27500000	31130000	31130000	28470000
233	27480000	31130000	31120000	28470000
234	27490000	31120000	31120000	28460000
235	27480000	31120000	31120000	28470000
236	27480000	31130000	31120000	28470000
237	27480000	31130000	31130000	28460000
238	27490000	31130000	31140000	28470000
239	27490000	31130000	31120000	28470000
240	27490000	31120000	31120000	28460000
241	27490000	31130000	31130000	28470000
242	27480000	31130000	31130000	28470000
243	27480000	31130000	31130000	28460000
244	27480000	31120000	31130000	28470000
245	27480000	31120000	31120000	28470000
246	27490000	31130000	31130000	28470000
247	27480000	31120000	31120000	28470000
248	27490000	31120000	31130000	28460000
249	27490000	31120000	31130000	28470000
250	27490000	31110000	31120000	28460000
251	27490000	31120000	31120000	28460000
252	27490000	31130000	31130000	28460000
253	27480000	31130000	31130000	28460000
254	27500000	31120000	31130000	28470000
255	27490000	31130000	31130000	28460000
256	27490000	31130000	31130000	28470000
257	27490000	31120000	31120000	28460000
258	27490000	31130000	31130000	28470000
259	27480000	31130000	31120000	28460000
260	27490000	31120000	31120000	28460000
261	27480000	31120000	31120000	28460000
262	27500000	31120000	31130000	28470000
263	27490000	31120000	31120000	28460000
264	27490000	31120000	31120000	28470000
265	27480000	31120000	31120000	28460000
266	27490000	31120000	31120000	28470000
267	27490000	31120000	31120000	28470000
268	27490000	31120000	31130000	28470000
269	27480000	31120000	31120000	28460000
270	27480000	31130000	31130000	28470000
271	27490000	31120000	31120000	28460000
272	27490000	31110000	31120000	28460000
273	27490000	31130000	31130000	28470000
274	27480000	31120000	31110000	28460000
275	27480000	31130000	31130000	28470000
276	27470000	31120000	31120000	28460000
277	27490000	31130000	31120000	28470000
278	27480000	31120000	31120000	28460000
279	27490000	31120000	31120000	28470000
280	27490000	31120000	31120000	28470000
281	27480000	31130000	31130000	28470000
282	27490000	31130000	31130000	28470000
283	27480000	31120000	31120000	28470000
284	27480000	31120000	31120000	28460000
285	27480000	31120000	31120000	28470000
286	27470000	31130000	31120000	28460000
287	27470000	31120000	31120000	28470000
288	27480000	31110000	31110000	28450000
289	27480000	31120000	31120000	28470000
290	27490000	31130000	31120000	28470000
291	27470000	31130000	31120000	28460000
292	27480000	31120000	31120000	28460000
293	27480000	31120000	31120000	28460000
294	27490000	31120000	31120000	28460000
295	27480000	31120000	31120000	28470000
296	27480000	31120000	31110000	28470000
297	27480000	31130000	31130000	28480000
298	27480000	31120000	31120000	28470000
299	27480000	31120000	31120000	28470000
300	27480000	31120000	31120000	28460000
301	27480000	31130000	31130000	28480000
302	27490000	31110000	31110000	28460000
303	27480000	31120000	31120000	28460000
304	27480000	31120000	31120000	28460000
305	27480000	31120000	31130000	28460000
306	27480000	31120000	31120000	28470000
307	27490000	31120000	31120000	28470000
308	27480000	31120000	31120000	28460000
309	27480000	31120000	31120000	28470000
310	27490000	31120000	31120000	28460000
311	27480000	31110000	31110000	28460000
312	27490000	31120000	31120000	28470000
313	27480000	31120000	31120000	28460000
314	27480000	31130000	31130000	28480000
315	27490000	31120000	31120000	28460000
316	27490000	31120000	31120000	28470000
317	27480000	31120000	31120000	28460000
318	27490000	31120000	31120000	28470000
319	27490000	31130000	31130000	28460000
320	27480000	31130000	31130000	28460000
321	27480000	31130000	31130000	28470000
322	27490000	31130000	31130000	28470000
323	27480000	31130000	31120000	28470000
324	27480000	31120000	31120000	28460000
325	27490000	31120000	31120000	28470000
326	27480000	31120000	31120000	28470000
327	27490000	31120000	31120000	28470000
328	27490000	31130000	31130000	28470000
329	27490000	31120000	31120000	28470000
330	27480000	31130000	31130000	28460000
331	27480000	31120000	31120000	28460000
332	27480000	31130000	31120000	28460000
333	27490000	31130000	31130000	28470000
334	27490000	31120000	31130000	28460000
335	27490000	31120000	31120000	28460000
336	27500000	31130000	31130000	28460000
337	27470000	31120000	31120000	28470000
338	27490000	31120000	31120000	28460000
339	27480000	31120000	31120000	28460000
340	27480000	31130000	31130000	28460000
341	27470000	31120000	31120000	28450000
342	27490000	31120000	31120000	28460000
343	27480000	31130000	31130000	28460000
344	27490000	31130000	31130000	28460000
345	27480000	31130000	31120000	28460000
346	27480000	31130000	31130000	28470000
347	27480000	31120000	31120000	28460000
348	27480000	31120000	31130000	28470000
349	27490000	31130000	31130000	28460000
350	27490000	31120000	31120000	28460000
351	27480000	31130000	31130000	28470000
352	27490000	31130000	31130000	28470000
353	27490000	31130000	31130000	28470000
354	27490000	31120000	31130000	28460000
355	27490000	31130000	31130000	28460000
356	27490000	31120000	31120000	28450000
357	27480000	31120000	31120000	28460000
358	27490000	31140000	31140000	28460000
359	27480000	31120000	31120000	28460000
360	27490000	31130000	31130000	28470000
361	27490000	31130000	31130000	28470000
362	27490000	31110000	31120000	28460000
363	27490000	31120000	31120000	28460000
364	27490000	31120000	31120000	28470000
365	27480000	31120000	31120000	28460000
366	27480000	31110000	31130000	28450000
367	27480000	31120000	31120000	28460000
368	27480000	31120000	31130000	28460000
369	27480000	31120000	31120000	28460000
370	27480000	31120000	31120000	28460000
371	27490000	31120000	31130000	28460000
372	27490000	31120000	31120000	28460000
373	27490000	31130000	31120000	28460000
374	27470000	31120000	31120000	28460000
375	27480000	31110000	31110000	28450000
376	27480000	31120000	31120000	28470000
377	27470000	31120000	31120000	28460000
378	27480000	31120000	31120000	28460000
379	27490000	31110000	31120000	28460000
380	27480000	31120000	31120000	28470000
381	27480000	31120000	31120000	28460000
382	27480000	31130000	31130000	28470000
383	27500000	31130000	31130000	28460000
384	27480000	31070000	31120000	28460000
385	27480000	31120000	31120000	28460000
386	27490000	31130000	31130000	28460000
387	27490000	31120000	31120000	28460000
388	27490000	31130000	31130000	28470000
389	27480000	31110000	31120000	28460000
390	27490000	31120000	31120000	28460000
391	27480000	31120000	31130000	28470000
392	27490000	31120000	31120000	28460000
393	27490000	31130000	31130000	28460000
394	27480000	31120000	31120000	28460000
395	27490000	31120000	31120000	28460000
396	27490000	31120000	31120000	28460000
397	27480000	31130000	31120000	28470000
398	27490000	31120000	31110000	28460000
399	27490000	31120000	31110000	28460000
400	27490000	31120000	31120000	28460000
401	27490000	31130000	31130000	28470000
402	27500000	31130000	31130000	28470000
403	27490000	31120000	31120000	28470000
404	27480000	31120000	31120000	28460000
405	27480000	31120000	31120000	28460000
406	27490000	31130000	31130000	28460000
407	27490000	31120000	31120000	28460000
408	27500000	31120000	31120000	28470000
409	27480000	31130000	31130000	28470000
410	27490000	31130000	31130000	28470000
411	27490000	31120000	31130000	28470000
412	27490000	31120000	31120000	28470000
413	27480000	31130000	31130000	28460000
414	27490000	31120000	31120000	28470000
415	27490000	31120000	31120000	28460000
416	27480000	31120000	31120000	28450000
417	27490000	31120000	31120000	28460000
418	27490000	31130000	31130000	28470000
419	27490000	31120000	31120000	28460000
420	27500000	31130000	31120000	28470000
421	27470000	31120000	31120000	28460000
422	27490000	31120000	31120000	28460000
423	27490000	31120000	31130000	28470000
424	27480000	31120000	31120000	28470000
425	27490000	31120000	31120000	28470000
426	27490000	31130000	31130000	28470000
427	27480000	31130000	31130000	28460000
428	27490000	31120000	31120000	28460000
429	27480000	31110000	31090000	28460000
430	27480000	31110000	31110000	28450000
431	27480000	31120000	31120000	28460000
432	27490000	31130000	31130000	28460000
433	27490000	31120000	31120000	28460000
434	27490000	31120000	31120000	28460000
435	27490000	31120000	31120000	28460000
436	27490000	31120000	31110000	28460000
437	27480000	31120000	31120000	28460000
438	27490000	31130000	31130000	28460000
439	27480000	31130000	31130000	28470000
440	27490000	31120000	31130000	28460000
441	27490000	31130000	31120000	28470000
442	27480000	31130000	31130000	28460000
443	27490000	31130000	31130000	28460000
444	27490000	31120000	31120000	28460000
445	27490000	31130000	31130000	28470000
446	27490000	31120000	31130000	28460000
447	27490000	31120000	31120000	28460000
448	27480000	31110000	31110000	28460000
449	27490000	31120000	31120000	28470000
450	27490000	31120000	31120000	28470000
451	27480000	31120000	31120000	28460000
452	27480000	31120000	31120000	28460000
453	27480000	31120000	31120000	28460000
454	27480000	31120000	31120000	28450000
455	27470000	31130000	31130000	28460000
456	27490000	31110000	31110000	28460000
457	27480000	31110000	31110000	28460000
458	27490000	31120000	31120000	28460000
459	27480000	31110000	31110000	28450000
460	27490000	31130000	31130000	28460000
461	27480000	31120000	31120000	28460000
462	27490000	31120000	31120000	28460000
463	27480000	31120000	31120000	28470000
464	27490000	31120000	31120000	28460000
465	27490000	31130000	31130000	28460000
466	27490000	31130000	31130000	28460000
467	27490000	31120000	31120000	28460000
468	27480000	31130000	31130000	28460000
469	27490000	31130000	31130000	28470000
470	27480000	31130000	31130000	28460000
471	27500000	31120000	31120000	28470000
472	27480000	31120000	31120000	28460000
473	27490000	31120000	31130000	28460000
474	27490000	31130000	31130000	28460000
475	27490000	31120000	31120000	28460000
476	27490000	31130000	31130000	28470000
477	27490000	31130000	31130000	28460000
478	27500000	31130000	31130000	28480000
479	27490000	31130000	31120000	28460000
480	27490000	31130000	31130000	28470000
481	27490000	31130000	31120000	28460000
482	27490000	31120000	31130000	28460000
483	27490000	31130000	31130000	28460000
484	27480000	31110000	31110000	28450000
485	27490000	31130000	31130000	28470000
486	27480000	31120000	31120000	28460000
487	27490000	31130000	31130000	28460000
488	27490000	31120000	31120000	28460000
489	27490000	31120000	31120000	28460000
490	27480000	31130000	31130000	28470000
491	27480000	31120000	31120000	28460000
492	27490000	31120000	31120000	28460000
493	27490000	31120000	31120000	28460000
494	27490000	31120000	31120000	28470000
495	27480000	31120000	31130000	28470000
496	27490000	31130000	31130000	28460000
497	27490000	31130000	31130000	28470000
498	27490000	31130000	31130000	28460000
499	27480000	31120000	31120000	28450000

============================================================
# BITSTREAM: 100us_101etapas.bit
# VENTANA: 100us
# ETAPAS_PRINCIPAL: 101
# NUM_MUESTRAS: 500
# FORMATO: idx	freq1_hz	freq2_hz	freq3_hz	freq4_hz
============================================================
idx	freq1_hz	freq2_hz	freq3_hz	freq4_hz
0	8160000	9720000	8800000	8840000
1	8160000	9710000	8800000	8850000
2	8160000	9710000	8800000	8860000
3	8160000	9710000	8800000	8850000
4	8160000	9710000	8810000	8850000
5	8160000	9710000	8810000	8850000
6	8150000	9710000	8800000	8850000
7	8160000	9710000	8800000	8840000
8	8160000	9710000	8800000	8850000
9	8060000	9710000	8810000	8850000
10	8150000	9710000	8800000	8840000
11	8160000	9710000	8800000	8850000
12	8160000	9710000	8800000	8850000
13	8150000	9710000	8800000	8850000
14	8150000	9710000	8800000	8840000
15	8150000	9720000	8800000	8850000
16	8160000	9710000	8810000	8850000
17	8160000	9710000	8800000	8850000
18	8160000	9710000	8800000	8850000
19	8160000	9710000	8810000	8840000
20	8160000	9710000	8810000	8850000
21	8160000	9710000	8800000	8850000
22	8160000	9710000	8810000	8850000
23	8160000	9710000	8800000	8850000
24	8160000	9720000	8800000	8840000
25	8160000	9710000	8800000	8850000
26	8150000	9710000	8810000	8850000
27	8160000	9710000	8800000	8850000
28	8160000	9710000	8800000	8850000
29	8150000	9710000	8790000	8840000
30	8150000	9710000	8800000	8850000
31	8160000	9720000	8800000	8850000
32	8150000	9710000	8800000	8840000
33	8150000	9710000	8800000	8840000
34	8160000	9710000	8800000	8850000
35	8160000	9710000	8800000	8850000
36	8160000	9710000	8810000	8850000
37	8160000	9710000	8810000	8850000
38	8160000	9710000	8800000	8850000
39	8160000	9710000	8810000	8850000
40	8160000	9710000	8800000	8850000
41	8170000	9710000	8800000	8850000
42	8150000	9710000	8800000	8840000
43	8160000	9710000	8800000	8850000
44	8160000	9710000	8800000	8850000
45	8160000	9710000	8800000	8850000
46	8160000	9710000	8810000	8840000
47	8160000	9710000	8800000	8850000
48	8160000	9720000	8800000	8850000
49	8160000	9710000	8800000	8850000
50	8150000	9710000	8800000	8850000
51	8160000	9710000	8800000	8850000
52	8160000	9710000	8800000	8850000
53	8150000	9710000	8810000	8850000
54	8150000	9700000	8800000	8850000
55	8160000	9710000	8810000	8850000
56	8160000	9710000	8800000	8850000
57	8150000	9710000	8800000	8840000
58	8160000	9710000	8800000	8850000
59	8160000	9710000	8810000	8850000
60	8160000	9710000	8790000	8840000
61	8160000	9710000	8800000	8840000
62	8160000	9710000	8800000	8850000
63	8160000	9710000	8800000	8850000
64	8150000	9710000	8790000	8840000
65	8160000	9710000	8800000	8850000
66	8150000	9720000	8800000	8850000
67	8150000	9710000	8800000	8850000
68	8160000	9720000	8800000	8850000
69	8160000	9710000	8800000	8850000
70	8160000	9720000	8800000	8850000
71	8160000	9710000	8800000	8850000
72	8160000	9710000	8800000	8850000
73	8160000	9710000	8790000	8840000
74	8160000	9710000	8800000	8840000
75	8150000	9710000	8800000	8850000
76	8160000	9720000	8800000	8850000
77	8160000	9710000	8800000	8850000
78	8150000	9710000	8800000	8840000
79	8160000	9710000	8800000	8850000
80	8160000	9710000	8800000	8850000
81	8160000	9710000	8800000	8850000
82	8160000	9720000	8800000	8850000
83	8160000	9720000	8800000	8850000
84	8160000	9710000	8800000	8850000
85	8150000	9710000	8800000	8840000
86	8160000	9710000	8800000	8840000
87	8160000	9710000	8800000	8840000
88	8160000	9710000	8810000	8850000
89	8160000	9710000	8800000	8850000
90	8150000	9720000	8800000	8850000
91	8160000	9700000	8800000	8850000
92	8160000	9710000	8790000	8840000
93	8160000	9710000	8800000	8840000
94	8160000	9710000	8800000	8840000
95	8160000	9710000	8800000	8850000
96	8150000	9710000	8800000	8840000
97	8160000	9710000	8800000	8840000
98	8150000	9710000	8800000	8850000
99	8150000	9710000	8800000	8850000
100	8160000	9710000	8800000	8840000
101	8150000	9710000	8810000	8850000
102	8150000	9710000	8800000	8850000
103	8160000	9710000	8800000	8840000
104	8160000	9710000	8800000	8850000
105	8160000	9700000	8800000	8840000
106	8150000	9710000	8800000	8840000
107	8160000	9710000	8800000	8850000
108	8150000	9710000	8790000	8850000
109	8160000	9710000	8800000	8840000
110	8160000	9710000	8800000	8850000
111	8160000	9710000	8810000	8850000
112	8160000	9710000	8800000	8850000
113	8160000	9710000	8800000	8840000
114	8150000	9710000	8800000	8840000
115	8160000	9710000	8800000	8850000
116	8150000	9710000	8800000	8850000
117	8150000	9710000	8800000	8850000
118	8160000	9710000	8800000	8850000
119	8160000	9710000	8810000	8850000
120	8160000	9700000	8800000	8850000
121	8150000	9720000	8800000	8850000
122	8160000	9710000	8800000	8840000
123	8160000	9710000	8800000	8840000
124	8160000	9710000	8810000	8850000
125	8160000	9710000	8800000	8840000
126	8150000	9710000	8800000	8840000
127	8150000	9710000	8810000	8850000
128	8160000	9710000	8800000	8840000
129	8160000	9710000	8800000	8840000
130	8160000	9710000	8810000	8850000
131	8150000	9710000	8800000	8850000
132	8150000	9710000	8800000	8840000
133	8150000	9710000	8800000	8840000
134	8160000	9710000	8800000	8840000
135	8160000	9710000	8800000	8850000
136	8160000	9710000	8800000	8840000
137	8160000	9710000	8800000	8840000
138	8150000	9710000	8800000	8850000
139	8160000	9710000	8810000	8850000
140	8160000	9710000	8800000	8840000
141	8150000	9710000	8800000	8850000
142	8160000	9710000	8800000	8840000
143	8160000	9710000	8800000	8850000
144	8160000	9710000	8800000	8850000
145	8160000	9710000	8800000	8840000
146	8070000	9710000	8800000	8840000
147	8160000	9710000	8800000	8840000
148	8160000	9700000	8800000	8850000
149	8160000	9710000	8800000	8840000
150	8160000	9710000	8800000	8850000
151	8160000	9710000	8800000	8840000
152	8160000	9710000	8790000	8840000
153	8160000	9710000	8800000	8850000
154	8160000	9710000	8800000	8850000
155	8150000	9710000	8800000	8860000
156	8160000	9710000	8800000	8850000
157	8160000	9710000	8810000	8850000
158	8150000	9710000	8800000	8840000
159	8160000	9710000	8800000	8840000
160	8160000	9710000	8800000	8840000
161	8160000	9710000	8800000	8840000
162	8150000	9710000	8800000	8840000
163	8160000	9710000	8810000	8850000
164	8150000	9710000	8800000	8850000
165	8160000	9710000	8800000	8840000
166	8160000	9710000	8800000	8850000
167	8160000	9710000	8800000	8850000
168	8160000	9720000	8800000	8840000
169	8160000	9710000	8800000	8850000
170	8160000	9710000	8800000	8840000
171	8160000	9720000	8810000	8850000
172	8160000	9710000	8800000	8840000
173	8160000	9710000	8800000	8850000
174	8160000	9710000	8800000	8850000
175	8160000	9710000	8800000	8840000
176	8150000	9710000	8800000	8840000
177	8160000	9720000	8800000	8850000
178	8160000	9720000	8800000	8850000
179	8160000	9720000	8800000	8840000
180	8160000	9710000	8800000	8850000
181	8040000	9710000	8800000	8850000
182	8150000	9710000	8800000	8840000
183	8270000	9710000	8800000	8840000
184	8150000	9710000	8800000	8850000
185	8150000	9710000	8800000	8840000
186	8150000	9710000	8800000	8840000
187	8160000	9720000	8810000	8850000
188	8160000	9700000	8800000	8840000
189	8150000	9710000	8800000	8840000
190	8150000	9710000	8800000	8850000
191	8150000	9710000	8800000	8840000
192	8160000	9710000	8790000	8840000
193	8150000	9720000	8800000	8840000
194	8160000	9710000	8800000	8840000
195	8150000	9700000	8790000	8840000
196	8160000	9710000	8800000	8850000
197	8160000	9710000	8800000	8850000
198	8160000	9710000	8800000	8840000
199	8160000	9710000	8800000	8840000
200	8160000	9710000	8800000	8850000
201	8150000	9710000	8800000	8850000
202	8160000	9710000	8800000	8840000
203	8160000	9710000	8800000	8840000
204	8160000	9710000	8800000	8850000
205	8160000	9710000	8800000	8850000
206	8160000	9710000	8810000	8850000
207	8160000	9710000	8800000	8850000
208	8160000	9710000	8800000	8840000
209	8160000	9710000	8800000	8840000
210	8160000	9710000	8810000	8850000
211	8150000	9710000	8810000	8840000
212	8150000	9710000	8800000	8850000
213	8160000	9710000	8800000	8840000
214	8160000	9720000	8800000	8850000
215	8160000	9710000	8800000	8850000
216	8160000	9710000	8800000	8850000
217	8150000	9710000	8800000	8850000
218	8160000	9710000	8800000	8840000
219	8160000	9720000	8810000	8850000
220	8040000	9710000	8800000	8850000
221	8150000	9710000	8800000	8840000
222	8160000	9710000	8800000	8850000
223	8160000	9710000	8800000	8840000
224	8150000	9710000	8800000	8850000
225	8150000	9710000	8800000	8840000
226	8160000	9710000	8800000	8850000
227	8160000	9710000	8800000	8850000
228	8150000	9710000	8810000	8850000
229	8160000	9710000	8800000	8850000
230	8160000	9710000	8800000	8840000
231	8160000	9710000	8800000	8850000
232	8160000	9710000	8800000	8850000
233	8150000	9710000	8800000	8840000
234	8160000	9710000	8800000	8840000
235	8160000	9710000	8800000	8850000
236	8160000	9710000	8800000	8840000
237	8160000	9710000	8800000	8850000
238	8150000	9710000	8800000	8850000
239	8160000	9710000	8800000	8840000
240	8150000	9710000	8810000	8850000
241	8160000	9710000	8800000	8850000
242	8150000	9710000	8800000	8850000
243	8160000	9710000	8800000	8850000
244	8160000	9720000	8800000	8850000
245	8150000	9710000	8800000	8840000
246	8150000	9710000	8800000	8840000
247	8160000	9710000	8800000	8850000
248	8160000	9710000	8800000	8840000
249	8160000	9710000	8800000	8850000
250	8160000	9710000	8800000	8850000
251	8150000	9710000	8800000	8850000
252	8150000	9710000	8800000	8850000
253	8160000	9710000	8800000	8850000
254	8160000	9710000	8800000	8840000
255	8160000	9710000	8800000	8850000
256	8150000	9710000	8800000	8850000
257	8160000	9710000	8810000	8840000
258	8150000	9710000	8800000	8840000
259	8160000	9720000	8810000	8850000
260	8160000	9710000	8800000	8850000
261	8160000	9710000	8800000	8850000
262	8160000	9710000	8800000	8850000
263	8150000	9710000	8800000	8850000
264	8160000	9710000	8800000	8850000
265	8160000	9710000	8800000	8840000
266	8160000	9710000	8800000	8850000
267	8160000	9710000	8800000	8850000
268	8150000	9720000	8800000	8850000
269	8160000	9710000	8800000	8850000
270	8160000	9710000	8800000	8850000
271	8160000	9710000	8800000	8850000
272	8150000	9710000	8800000	8850000
273	8150000	9710000	8800000	8840000
274	8160000	9710000	8800000	8840000
275	8160000	9710000	8800000	8840000
276	8160000	9710000	8800000	8850000
277	8160000	9710000	8810000	8850000
278	8160000	9710000	8800000	8840000
279	8160000	9710000	8800000	8850000
280	8160000	9710000	8800000	8850000
281	8160000	9710000	8800000	8850000
282	8160000	9700000	8800000	8840000
283	8150000	9710000	8800000	8840000
284	8160000	9710000	8810000	8850000
285	8150000	9710000	8800000	8850000
286	8160000	9710000	8800000	8840000
287	8160000	9710000	8800000	8840000
288	8160000	9710000	8800000	8850000
289	8150000	9710000	8800000	8850000
290	8160000	9710000	8800000	8850000
291	8160000	9710000	8800000	8850000
292	8150000	9710000	8800000	8850000
293	8150000	9710000	8790000	8840000
294	8160000	9710000	8800000	8840000
295	8150000	9710000	8800000	8850000
296	8150000	9710000	8800000	8840000
297	8160000	9710000	8800000	8850000
298	8160000	9710000	8800000	8840000
299	8150000	9700000	8800000	8840000
300	8150000	9710000	8800000	8850000
301	8160000	9700000	8800000	8840000
302	8160000	9710000	8800000	8840000
303	8150000	9710000	8800000	8850000
304	8160000	9710000	8800000	8850000
305	8160000	9710000	8800000	8840000
306	8160000	9710000	8800000	8850000
307	8160000	9710000	8800000	8850000
308	8160000	9710000	8810000	8850000
309	8160000	9710000	8800000	8850000
310	8160000	9710000	8800000	8850000
311	8150000	9710000	8800000	8850000
312	8160000	9710000	8800000	8840000
313	8160000	9710000	8800000	8840000
314	8150000	9700000	8800000	8840000
315	8160000	9710000	8800000	8840000
316	8160000	9710000	8800000	8840000
317	8160000	9710000	8800000	8850000
318	8150000	9710000	8800000	8850000
319	8160000	9710000	8790000	8850000
320	8160000	9710000	8800000	8840000
321	8150000	9710000	8790000	8840000
322	8160000	9710000	8800000	8850000
323	8150000	9710000	8800000	8850000
324	8150000	9710000	8800000	8850000
325	8160000	9710000	8810000	8850000
326	8150000	9710000	8800000	8850000
327	8150000	9710000	8800000	8840000
328	8150000	9710000	8800000	8840000
329	8160000	9710000	8800000	8840000
330	8160000	9710000	8800000	8840000
331	8160000	9710000	8800000	8840000
332	8160000	9710000	8800000	8840000
333	8160000	9720000	8800000	8850000
334	8160000	9710000	8800000	8850000
335	8150000	9710000	8800000	8840000
336	8040000	9710000	8800000	8850000
337	8150000	9710000	8800000	8850000
338	8150000	9710000	8800000	8850000
339	8160000	9710000	8810000	8850000
340	8160000	9710000	8810000	8840000
341	8150000	9710000	8800000	8850000
342	8150000	9710000	8800000	8840000
343	8150000	9710000	8800000	8840000
344	8160000	9710000	8810000	8850000
345	8150000	9710000	8800000	8840000
346	8160000	9710000	8800000	8850000
347	8160000	9710000	8800000	8840000
348	8150000	9710000	8800000	8840000
349	8160000	9710000	8810000	8840000
350	8160000	9710000	8800000	8850000
351	8160000	9710000	8800000	8840000
352	8160000	9700000	8790000	8840000
353	8160000	9710000	8790000	8850000
354	8160000	9710000	8800000	8840000
355	8160000	9710000	8810000	8850000
356	8160000	9710000	8800000	8840000
357	8160000	9710000	8800000	8840000
358	8160000	9710000	8800000	8850000
359	8160000	9710000	8800000	8850000
360	8150000	9710000	8800000	8850000
361	8160000	9710000	8800000	8840000
362	8150000	9710000	8800000	8840000
363	8160000	9710000	8800000	8850000
364	8150000	9710000	8800000	8850000
365	8160000	9720000	8810000	8850000
366	8160000	9710000	8800000	8850000
367	8160000	9710000	8810000	8850000
368	8150000	9710000	8810000	8850000
369	8150000	9710000	8800000	8850000
370	8160000	9710000	8800000	8850000
371	8150000	9720000	8800000	8840000
372	8150000	9710000	8800000	8840000
373	8150000	9710000	8800000	8840000
374	8160000	9710000	8800000	8840000
375	8150000	9710000	8800000	8850000
376	8150000	9710000	8800000	8850000
377	8160000	9710000	8800000	8840000
378	8160000	9710000	8800000	8850000
379	8150000	9710000	8800000	8850000
380	8160000	9710000	8800000	8850000
381	8150000	9710000	8810000	8840000
382	8150000	9710000	8800000	8850000
383	8150000	9710000	8790000	8840000
384	8160000	9710000	8810000	8850000
385	8160000	9710000	8800000	8840000
386	8150000	9710000	8810000	8840000
387	8160000	9710000	8800000	8840000
388	8160000	9710000	8810000	8850000
389	8160000	9710000	8810000	8850000
390	8150000	9710000	8800000	8840000
391	8150000	9710000	8800000	8840000
392	8150000	9710000	8800000	8850000
393	8160000	9710000	8800000	8840000
394	8160000	9710000	8800000	8850000
395	8160000	9710000	8800000	8850000
396	8160000	9710000	8800000	8850000
397	8160000	9720000	8800000	8840000
398	8160000	9710000	8800000	8850000
399	8150000	9710000	8800000	8850000
400	8160000	9710000	8800000	8850000
401	8160000	9710000	8800000	8840000
402	8160000	9710000	8800000	8840000
403	8160000	9710000	8800000	8850000
404	8160000	9710000	8800000	8850000
405	8160000	9710000	8800000	8850000
406	8160000	9710000	8800000	8850000
407	8160000	9710000	8800000	8850000
408	8150000	9710000	8800000	8850000
409	8160000	9710000	8800000	8840000
410	8160000	9710000	8800000	8850000
411	8160000	9720000	8800000	8850000
412	8150000	9700000	8800000	8850000
413	8160000	9710000	8800000	8850000
414	8160000	9710000	8800000	8850000
415	8160000	9710000	8800000	8850000
416	8150000	9710000	8800000	8850000
417	8160000	9710000	8800000	8850000
418	8160000	9710000	8800000	8850000
419	8150000	9710000	8800000	8840000
420	8160000	9710000	8810000	8850000
421	8160000	9710000	8800000	8850000
422	8160000	9710000	8800000	8850000
423	8160000	9700000	8790000	8840000
424	8160000	9710000	8800000	8850000
425	8160000	9710000	8800000	8840000
426	8160000	9710000	8800000	8850000
427	8150000	9710000	8800000	8840000
428	8160000	9710000	8800000	8850000
429	8160000	9710000	8800000	8840000
430	8160000	9710000	8800000	8840000
431	8160000	9710000	8800000	8850000
432	8160000	9710000	8800000	8850000
433	8160000	9710000	8800000	8840000
434	8150000	9710000	8800000	8840000
435	8160000	9710000	8800000	8840000
436	8150000	9710000	8810000	8850000
437	8150000	9710000	8800000	8840000
438	8150000	9700000	8800000	8850000
439	8150000	9710000	8800000	8840000
440	8160000	9710000	8800000	8850000
441	8160000	9720000	8800000	8850000
442	8150000	9710000	8800000	8840000
443	8150000	9710000	8790000	8840000
444	8160000	9710000	8800000	8850000
445	8150000	9710000	8800000	8850000
446	8160000	9710000	8800000	8850000
447	8160000	9710000	8800000	8840000
448	8160000	9710000	8800000	8850000
449	8160000	9710000	8810000	8850000
450	8160000	9710000	8800000	8850000
451	8160000	9710000	8800000	8850000
452	8150000	9710000	8800000	8850000
453	8160000	9710000	8800000	8840000
454	8160000	9710000	8810000	8850000
455	8150000	9700000	8800000	8850000
456	8150000	9710000	8800000	8840000
457	8160000	9710000	8800000	8850000
458	8160000	9710000	8800000	8850000
459	8150000	9710000	8800000	8850000
460	8150000	9710000	8800000	8850000
461	8150000	9710000	8800000	8850000
462	8150000	9700000	8800000	8850000
463	8160000	9710000	8800000	8840000
464	8150000	9710000	8800000	8850000
465	8160000	9710000	8800000	8840000
466	8160000	9710000	8810000	8850000
467	8160000	9710000	8800000	8850000
468	8160000	9710000	8800000	8840000
469	8160000	9710000	8800000	8840000
470	8160000	9710000	8800000	8840000
471	8160000	9710000	8800000	8850000
472	8160000	9710000	8810000	8840000
473	8150000	9710000	8800000	8850000
474	8150000	9710000	8800000	8840000
475	8160000	9710000	8800000	8840000
476	8160000	9700000	8800000	8850000
477	8160000	9710000	8800000	8840000
478	8160000	9710000	8800000	8840000
479	8150000	9720000	8800000	8850000
480	8160000	9710000	8800000	8840000
481	8160000	9710000	8800000	8840000
482	8150000	9710000	8800000	8840000
483	8150000	9710000	8800000	8840000
484	8160000	9710000	8800000	8840000
485	8160000	9710000	8800000	8840000
486	8160000	9710000	8800000	8850000
487	8150000	9710000	8790000	8840000
488	8160000	9710000	8810000	8850000
489	8150000	9700000	8800000	8840000
490	8150000	9710000	8800000	8840000
491	8160000	9710000	8800000	8840000
492	8160000	9710000	8800000	8850000
493	8150000	9700000	8800000	8850000
494	8160000	9710000	8800000	8850000
495	8160000	9710000	8810000	8850000
496	8160000	9700000	8800000	8840000
497	8160000	9710000	8800000	8850000
498	8160000	9710000	8810000	8850000
499	8160000	9710000	8800000	8850000
