# CAPTURA AUTOMATICA MULTIBITSTREAM
# Puerto serie: COM7
# Baudrate: 115200
# Muestras por bitstream: 500
# Orden: 100ms -> 10ms -> 1ms -> 100us ; etapas 3, 5, 51, 101

============================================================
# BITSTREAM: 100ms_3etapas.bit
# VENTANA: 100ms
# ETAPAS_PRINCIPAL: 3
# NUM_MUESTRAS: 500
# FORMATO: idx	freq1_hz	freq2_hz	freq3_hz	freq4_hz
============================================================
idx	freq1_hz	freq2_hz	freq3_hz	freq4_hz
0	32753830	53725350	34536040	34536040
1	32757690	43243440	34534540	34534540
2	32762810	22277050	34537120	34537120
3	32752090	64209370	34535830	34535830
4	32751720	53723250	34534980	34534980
5	32753570	43239320	34533690	34533690
6	32753010	32753010	34535860	34535860
7	32750880	32747880	34535740	34535740
8	32748950	53720480	34535620	34535620
9	32754870	43240620	34539000	34539000
10	32746750	32746760	34534420	34534420
11	32748900	64206170	34535600	34535600
12	32745170	53716690	34533840	34533840
13	32744520	43230290	34533220	34533220
14	32739200	32739190	34530670	34530670
15	32747080	64204370	34534390	34534390
16	32750850	53722360	34534050	34534060
17	32753250	53727490	34535930	34535920
18	32757110	32757120	34537260	34537260
19	32751550	64208830	34535940	34535940
20	32751180	53722700	34533850	34533850
21	32752580	43238340	34533140	34533140
22	32750640	32750640	34535110	34535120
23	32741870	64199150	34532400	34532400
24	32745720	53717240	34533850	34533840
25	32761060	43246810	34539600	34539610
26	32755550	43251930	34537660	34537650
27	32752620	64209910	34536830	34536840
28	32749470	53720990	34536240	34536230
29	32757470	43241950	34539090	34539090
30	32753290	32753290	34538260	34538260
31	32748340	32748160	34535780	34535780
32	32744750	53716270	34533690	34533690
33	32740200	43225950	34532240	34532240
34	32737960	32737970	34531050	34531060
35	32740950	64198220	34532650	34532650
36	32744680	64202050	34536450	34536440
37	32745990	43231740	34536340	34536340
38	32745300	32745300	34535450	34535450
39	32741880	64199160	34533290	34533290
40	32740730	53712250	34533700	34533700
41	32748840	43234610	34533850	34533850
42	32759730	32759730	34538260	34538260
43	32753680	64210960	34534240	34534240
44	32746420	53717930	34533140	34533140
45	32749670	43235430	34535160	34535160
46	32745740	32745740	34533890	34533890
47	32741570	64198850	34533190	34533190
48	32747840	53719370	34534650	34534650
49	32742930	43228690	34533230	34533230
50	32740550	43223570	34533350	34533350
51	32739130	64196400	34532720	34532720
52	32745300	53716820	34534920	34534930
53	32745280	43231040	34534090	34534080
54	32739190	32739200	34529810	34529810
55	32747900	64205170	34533400	34533410
56	32747290	53718820	34535280	34535270
57	32754110	53725620	34536640	34536640
58	32753250	32753260	34537850	34537850
59	32754510	64211790	34538560	34538570
60	32754770	53726290	34538300	34538290
61	32748570	43234320	34536240	34536240
62	32754710	32754710	34537820	34537820
63	32749510	64206800	34536460	34536460
64	32749540	53721060	34532940	34532950
65	32749440	43235190	34532840	34532830
66	32748070	32748080	34533070	34533070
67	32747190	64204460	34534340	34534350
68	32742060	53713580	34533440	34533430
69	32744500	43230260	34535100	34535110
70	32753380	32753390	34537440	34537440
71	32751690	64208970	34535680	34535670
72	32749990	64207270	34534830	34534830
73	32748850	43234610	34533100	34533100
74	32744090	32744090	34532810	34532820
75	32738790	64196070	34531000	34531000
76	32747100	53718610	34532890	34532880
77	32750070	43235840	34533960	34533960
78	32745830	32745820	34534470	34534470
79	32746820	64204100	34536950	34536950
80	32741600	53713130	34532270	34532270
81	32751500	43237250	34536750	34536750
82	32752050	32752060	34535370	34535380
83	32741460	64198730	34531930	34531920
84	32742510	53714040	34531810	34531810
85	32749390	43235150	34536930	34536930
86	32741360	43227150	34533500	34533500
87	32746110	64203390	34535120	34535120
88	32755830	53727350	34540370	34540370
89	32744690	43230460	34537510	34537510
90	32746460	43237820	34537890	34537890
91	32753810	64211080	34537570	34537570
92	32754600	53726120	34537160	34537170
93	32744810	43230570	34534760	34534750
94	32744380	32744390	34535590	34535590
95	32754650	64211920	34538980	34538980
96	32757210	53728730	34540180	34540180
97	32760680	43246440	34542000	34542000
98	32756950	32756950	34539480	34539490
99	32758680	64215960	34540290	34540280
100	32760070	53731600	34540570	34540570
101	32760050	43245800	34539370	34539370
102	32756770	32756780	34537690	34537690
103	32752990	64210260	34535980	34535990
104	32755020	53726540	34537410	34537400
105	32748260	43234030	34535620	34535620
106	32749190	32749180	34536410	34536410
107	32753820	64211110	34540010	34540010
108	32757770	53729290	34542140	34542140
109	32749330	43235090	34537490	34537490
110	32739750	32739740	34533190	34533190
111	32742490	74685530	34532790	34532790
112	32748950	53720480	34535770	34535780
113	32752900	53724410	34537670	34537660
114	32751860	32751860	34537460	34537460
115	32751590	64208870	34537590	34537590
116	32738710	53710240	34534130	34534130
117	32741850	43227600	34535390	34535390
118	32753120	32753130	34538530	34538530
119	32761420	74704460	34541750	34541750
120	32758720	53730240	34541210	34541210
121	32757750	43243510	34541150	34541150
122	32760830	32760820	34543850	34543850
123	32759100	64216390	34542890	34542890
124	32766790	53738310	34545170	34545170
125	32757210	43242960	34541570	34541570
126	32767810	43233100	34537920	34537920
127	32756880	64214150	34540340	34540340
128	32768440	53739960	34544130	34544130
129	32757190	43242950	34539800	34539800
130	32756670	1299390	34538350	34538350
131	32758650	64215940	34538020	34538020
132	32764460	53735980	34540340	34540340
133	32751460	43237210	34534900	34534900
134	32752470	32752470	34535220	34535220
135	32758050	64215330	34538130	34538130
136	32761340	53732870	34539680	34539680
137	32754890	43240640	34537510	34537510
138	32754350	32754350	34537170	34537180
139	32756530	64213820	34537520	34537510
140	32751980	53723500	34536960	34536960
141	32746300	43232060	34535210	34535210
142	32752820	32752810	34538940	34538940
143	32750560	64207840	34538690	34538690
144	32754430	53725950	34539750	34539750
145	32753960	43239720	34541650	34541650
146	32751090	32751090	34539530	34539530
147	32755680	64212970	34540220	34540220
148	32761710	53733230	34541810	34541810
149	32762180	43247930	34541280	34541280
150	32763630	32763630	34543110	34543120
151	32771560	64228840	34547470	34547460
152	32768250	53739780	34543660	34543660
153	32755060	43240820	34541200	34541200
154	32754110	32754140	34540790	34540790
155	32759630	64216920	34542110	34542110
156	32762590	53734100	34543930	34543930
157	32764320	43250080	34543770	34543770
158	32771890	32771900	34546350	34546350
159	32771930	64229200	34546670	34546670
160	32770330	53741860	34545730	34545730
161	32774630	43260380	34547530	34547530
162	32780090	32780090	34547730	34547740
163	32773560	64230850	34545500	34545490
164	32763320	53734840	34542720	34542720
165	32769970	43255720	34546110	34546120
166	32764580	32764580	34543620	34543610
167	32749980	64207260	34538070	34538070
168	32760190	53731710	34543170	34543170
169	32762520	43248290	34545620	34545630
170	32768950	32768940	34548760	34548760
171	32769720	64227000	34548430	34548420
172	32774640	53746160	34550670	34550670
173	32762250	43248020	34544600	34544600
174	32762200	32762190	34544510	34544510
175	32772330	64229610	34547350	34547350
176	32776350	53747870	34548930	34548930
177	32778080	43263840	34547590	34547590
178	32776690	32776690	34546450	34546450
179	32781490	64238780	34549900	34549900
180	32771000	53742520	34545190	34545200
181	32769430	43255180	34543710	34543710
182	32762550	32762550	34542720	34542710
183	32770820	64228100	34547130	34547140
184	32765400	53736920	34544590	34544590
185	32763530	43249290	34545460	34545450
186	32764570	32764580	34543760	34543760
187	32762780	64220050	34543450	34543450
188	32762080	53733610	34542690	34542690
189	32769980	43255730	34546150	34546150
190	32765450	32765460	34541110	34543830
191	32765980	64223250	34544280	34544280
192	32770440	53741960	34545890	34545890
193	32775280	53746800	34547990	34547990
194	32765790	32765790	34544690	34544690
195	32763550	64220830	34543290	34543290
196	32756300	53727820	34540540	34540540
197	32767260	43253020	34545120	34545120
198	32754190	32754190	34540350	34540350
199	32763120	64220410	34545250	34545260
200	32760530	53732050	34543090	34543090
201	32766200	43251950	34545290	34545290
202	32765070	32765070	34544550	34544540
203	32766870	64224150	34544850	34544850
204	32761700	43247470	34542360	34542370
205	32754030	43239790	34540330	34540320
206	32763780	32763780	34543740	34543750
207	32757640	64214910	34541460	34541450
208	32756770	53728300	34540330	34540330
209	32760930	43246680	34541060	34541060
210	32754450	32754450	34538430	34538440
211	32755240	64212520	34538670	34538660
212	32750910	53722430	34537090	34537090
213	32756950	43242710	34539490	34539490
214	32755250	32755260	34540440	34540450
215	32749640	64206910	34537120	34537110
216	32752580	53724100	34537530	34537530
217	32747320	43233080	34535410	34535410
218	32750670	32750670	34537370	34537370
219	32758160	64215450	34541880	34541880
220	32766280	53727560	34541370	34541370
221	32762270	53733990	34544090	34544090
222	32769100	32769090	34545960	34545960
223	32757290	64214570	34540090	34540090
224	32765390	53736910	34544180	34544180
225	32754010	43239770	34540250	34540250
226	32752810	32752820	34538850	34538850
227	32753990	64211270	34538780	34538780
228	32751140	53722650	34538920	34538920
229	32751500	43237260	34539940	34539940
230	32745540	32745540	34536440	34536440
231	32748220	64205500	34535990	34535990
232	32749390	53720910	34535960	34535960
233	32750390	43236160	34536450	34536460
234	32753310	32753300	34539880	34539880
235	32752800	64210090	34540130	34540120
236	32747650	53719170	34539610	34539610
237	32745410	43231170	34537470	34537470
238	32752880	32752880	34539680	34539680
239	32765640	64222910	34543680	34543680
240	32764180	53735700	34542980	34542980
241	32757950	43243710	34541100	34541100
242	32757010	32757010	34541670	34540210
243	32757040	64214330	34539670	34539670
244	32756560	53728080	34541140	34541140
245	32752830	43238590	34538450	34538450
246	32762630	32762620	34543020	34543020
247	32760640	64217920	34541540	34541540
248	32756120	53727640	34539160	34539160
249	32756880	43242640	34539290	34539300
250	32757770	1300500	34541060	34541050
251	32754720	64211990	34539780	34539780
252	32751030	53722560	34539000	34539000
253	32755630	43241380	34542140	34542150
254	32750510	32750520	34537700	34537690
255	32759120	64216390	34541080	34541080
256	32765190	53736720	34541820	34541820
257	32755720	43241470	34539050	34539050
258	32765890	32765890	34542600	34542600
259	32759080	64216370	34539870	34539870
260	32757800	53729310	34539790	34539800
261	32762170	43247930	34542720	34542710
262	32755620	32755620	34540960	34540960
263	32743530	64200810	34536210	34536210
264	32754410	53725930	34539410	34539410
265	32760620	43246390	34541880	34541880
266	32760900	32760890	34542000	34542000
267	32755880	64213160	34538470	34538480
268	32761130	53732650	34540500	34540490
269	32759110	43244870	34539480	34539480
270	32770090	1312820	34543930	34543940
271	32760050	64217320	34541630	34541620
272	32761780	53733310	34543310	34543310
273	32755860	43241610	34540300	34540300
274	32752170	32752170	34537270	34537270
275	32742390	64199680	34533610	34533610
276	32747700	53719220	34534640	34534640
277	32740790	43226540	34532650	34532650
278	32749790	32749800	34535330	34535330
279	32757150	64214430	34538450	34538450
280	32757790	53729300	34538100	34538100
281	32762120	43247880	34540700	34540700
282	32761140	32761150	34539900	34539900
283	32757290	64214570	34539300	34539300
284	32752210	53723720	34537870	34537870
285	32747540	43233300	34533990	34533990
286	32739720	32739730	34531300	34531300
287	32757800	64215070	34538630	34538630
288	32750470	43236230	34537760	34537770
289	32750950	43236710	34538530	34538530
290	32746790	32746800	34535940	34535930
291	32745470	64202740	34534020	34534020
292	32750020	53721540	34535910	34535920
293	32761290	43247050	34541890	34541880
294	32758260	32758270	34540050	34540060
295	32758160	64215440	34539180	34539170
296	32757970	53729490	34539110	34539110
297	32751880	43237630	34538330	34538330
298	32747310	32747320	34538960	34535620
299	32750570	64207840	34535850	34535850
300	32747620	53719140	34535010	34535010
301	32759790	43245550	34539890	34539890
302	32768400	32768400	34545320	34545320
303	32770580	64227870	34545880	34545880
304	32759630	53731150	34541750	34541750
305	32753610	53724720	34539300	34539300
306	32757850	32757850	34543700	34543910
307	32766620	74709670	34545690	34545680
308	32766630	53738150	34544440	34544440
309	32753700	43239460	34538560	34538560
310	32766310	32766310	34542990	34542990
311	32763390	64220660	34543480	34543480
312	32763970	53735500	34542910	34542920
313	32766350	53737870	34543820	34543810
314	32761440	32761440	34540880	34540890
315	32762400	64219670	34542970	34542960
316	32757800	53729320	34539610	34539610
317	32763310	43249070	34539090	34539090
318	32769780	32769780	34543210	34543210
319	32775080	64232370	34545340	34545340
320	32767370	53738890	34543740	34543740
321	32770700	43256460	34544820	34544830
322	32768170	32768160	34543460	34543450
323	32762230	64219520	34540520	34540530
324	32759520	53731030	34539430	34539420
325	32749180	43234940	34536420	34536430
326	32750130	32750130	34537360	34537350
327	32751260	64208550	34536330	34536330
328	32754610	53726130	34539380	34539390
329	32765270	43251030	34540430	34540430
330	32763990	32763990	34541500	34541500
331	32770470	64227750	34545210	34545200
332	32751970	53723490	34538080	34538080
333	32749750	43244340	34541950	34541950
334	32746350	32746350	34537570	34537570
335	32754630	64211910	34539920	34539920
336	32749980	53721510	34539120	34539120
337	32750080	43235840	34537240	34537240
338	32753530	32753530	34538630	34538630
339	32755880	32753530	34540780	34540780
340	32750990	53722520	34538100	34538110
341	32752980	43238730	34539390	34539380
342	32755750	32755750	34538560	34538560
343	32761900	32761830	34541950	34541960
344	32763270	64220780	34542150	34542140
345	32756210	43241980	34538940	34538950
346	32761230	32761220	34540830	34540820
347	32771820	64229100	34543620	34543620
348	32770190	53741720	34545020	34545020
349	32758760	43244510	34541100	34541100
350	32756590	32756600	34541400	34541400
351	32743220	64200490	34536230	34535920
352	32754930	53726460	34537990	34537980
353	32763520	43249270	34540260	34540260
354	32755250	32755260	34538720	34538720
355	32750090	64207360	34537480	34537480
356	32759600	53731130	34539890	34539890
357	32759350	43245100	34540870	34540870
358	32756150	32756150	34539080	34539080
359	32756220	32756150	34538570	34538570
360	32751260	53722780	34537690	34537690
361	32752680	43238430	34538660	34538660
362	32756210	32756210	34540910	34540910
363	32761890	64219180	34542360	34542360
364	32767410	53738920	34543450	34543450
365	32763880	43249640	34540190	34540190
366	32759090	32759100	34540220	34540220
367	32747560	64204840	34536230	34536230
368	32758290	53729800	34540630	34540630
369	32758000	43243760	34540950	34540950
370	32755840	32755850	34540450	34540450
371	32747570	64204850	34535970	34535970
372	32747530	53719050	34537310	34537310
373	32755520	43241270	34539800	34539800
374	32756040	32756040	34539960	34539960
375	32758010	64215300	34541590	34541590
376	32763930	53735440	34542630	34542630
377	32758020	43243780	34538480	34538490
378	32737890	32737890	34530850	34530840
379	32731390	64188670	34529430	34529440
380	32747360	53718890	34535670	34535660
381	32755370	43241120	34539100	34539100
382	32743480	32743480	34534880	34534880
383	32747080	64204370	34535090	34535090
384	32740600	53712110	34533270	34533270
385	32756320	43242080	34540420	34540430
386	32752980	32752980	34538570	34538560
387	32757140	64204300	34537280	34537280
388	32743510	53715040	34535390	34535390
389	32741940	43227700	34536160	34536170
390	32742190	32742190	34537630	34537620
391	32749850	64207120	34540270	34540270
392	32745330	53716850	34538700	34538700
393	32756370	43242140	34541590	34541590
394	32752000	32751990	34539310	34539310
395	32747130	64204420	34537840	34537840
396	32743760	53715280	34536970	34536980
397	32743990	43229740	34536250	34536240
398	32750530	32750540	34539210	34539210
399	32746010	64203280	34538540	34538540
400	32746330	53717860	34535790	34535790
401	32759850	43245600	34542350	34542350
402	32754960	32754970	34542080	34542080
403	32757170	64214440	34542260	34542260
404	32751390	53722910	34539630	34539630
405	32754570	43240330	34540490	34540490
406	32739350	32739360	34534290	34534290
407	32722840	64180120	34527880	34527880
408	32726160	53697670	34529890	34529900
409	32735140	43220900	34533320	34533310
410	32738780	32738790	34533840	34533840
411	32733920	64191190	34531350	34531350
412	32735580	53707100	34532320	34532320
413	32738190	43223950	34533800	34533800
414	32727020	32727030	34529820	34529820
415	32735310	64192580	34533540	34533540
416	32738640	53710160	34534350	34534350
417	32742360	43228120	34535730	34535730
418	32740840	32740840	34536530	34536530
419	32743900	64201180	34539730	34539730
420	32743030	53714550	34539490	34539500
421	32749360	43235120	34539200	34539200
422	32748110	32748110	34538150	34538140
423	32745730	64203020	34535050	34535050
424	32749850	53721360	34537530	34537530
425	32742290	43228050	34534660	34534660
426	32743680	32743690	34535710	34535720
427	32748840	64206110	34538130	34538120
428	32753660	53725180	34541010	34541020
429	32752910	43238670	34539510	34539500
430	32752220	32752220	34539810	34539820
431	32748800	64206090	34537700	34537690
432	32749770	53721280	34539120	34539120
433	32740820	43226580	34536550	34536550
434	32745080	32745090	34537320	34537320
435	32738850	64196120	34536070	34536070
436	32730060	53701580	34534170	34534170
437	32738760	43224530	34535540	34535550
438	32735300	32735290	34533790	34533780
439	32740320	64197600	34538040	34538050
440	32745600	53717120	34539380	34539370
441	32756740	43242500	34544010	34544010
442	32758680	22272920	34544690	34544690
443	32748760	64206050	34540850	34540850
444	32748060	53719580	34539190	34539190
445	32749600	43235350	34539740	34539750
446	32738200	32738200	34536450	34536440
447	32738290	64195570	34537350	34537350
448	32746240	53717770	34539750	34539750
449	32741450	53712960	34535460	34535470
450	32735910	32735910	34533670	34533660
451	32734100	64191390	34532340	34532340
452	32735140	53706660	34534130	34534140
453	32731230	43216990	34532730	34532720
454	32734530	32734520	34534580	34534590
455	32731520	64188810	34535590	34535590
456	32743990	53715500	34538180	34538170
457	32744970	43230730	34537940	34537940
458	32729500	32729500	34530890	34530890
459	32747430	64204710	34538400	34538410
460	32748210	53719730	34539400	34539390
461	32741530	43227300	34537170	34537170
462	32744580	32744570	34538680	34538680
463	32745370	64202660	34539970	34539980
464	32744430	53715950	34540870	34540870
465	32743340	43229090	34539800	34539800
466	32742920	32742930	34540290	34540280
467	32756260	64213540	34544730	34544730
468	32747030	53718550	34541150	34541150
469	32746960	43232720	34540430	34540440
470	32743430	32743430	34539480	34539470
471	32741700	64198970	34542150	34542150
472	32741730	53713260	34539950	34539950
473	32746140	43231900	34541130	34541130
474	32737920	32737920	34536720	34538970
475	32740440	64197710	34539580	34539570
476	32739890	53711410	34539950	34539950
477	32750260	43236030	34544280	34544280
478	32747010	32747000	34542730	34542730
479	32743830	32744440	34541590	34541590
480	32744430	53715940	34540120	34540120
481	32746750	43232520	34541870	34541870
482	32737480	32737470	34537860	34537860
483	32746850	64204130	34541640	34541640
484	32750280	53721810	34542670	34542670
485	32754560	43240310	34544660	34544660
486	32755170	32755180	34544660	34544660
487	32750040	64207320	34544900	34544900
488	32759940	53731450	34549630	34549630
489	32762720	43248490	34549880	34549880
490	32758130	32758130	34547500	34547500
491	32775620	64232890	34552700	34552700
492	32763260	53734780	34548280	34548280
493	32752020	43237780	34542400	34542400
494	32760640	32760650	34545210	34545220
495	32759760	64217040	34546070	34546060
496	32761240	53732760	34546860	34546860
497	32757750	43243500	34546890	34546890
498	32764410	32764410	34547750	34547750
499	32760130	64217410	34547090	34547090

============================================================
# BITSTREAM: 100ms_5etapas.bit
# VENTANA: 100ms
# ETAPAS_PRINCIPAL: 5
# NUM_MUESTRAS: 500
# FORMATO: idx	freq1_hz	freq2_hz	freq3_hz	freq4_hz
============================================================
idx	freq1_hz	freq2_hz	freq3_hz	freq4_hz
0	32130930	32125810	32130930	32130920
1	32128190	32123070	32128190	32128200
2	32128330	32123210	32128330	32128330
3	32128900	32123790	32128910	32128900
4	32127350	32127340	32127340	32127350
5	32127670	32127670	32127680	32127670
6	32128860	32123740	32128850	32128850
7	32132080	32126970	32132090	32132090
8	32131940	32126810	32131930	32131940
9	32131960	32126840	32131960	32131960
10	32133750	32133750	32133750	32133740
11	32130570	32125460	32130580	32130580
12	32131940	32126820	32131940	32131940
13	32130720	32125590	32130710	32130710
14	32131570	32126460	32131580	32131580
15	32132120	32126990	32132110	32132120
16	32130880	32125760	32130880	32130870
17	32133530	32133540	32133540	32133540
18	32130300	32125170	32130290	32130300
19	32129210	32124090	32129220	32129210
20	32129100	32123990	32129100	32129100
21	32132250	32127120	32132240	32132250
22	32131680	32126560	32131680	32131670
23	32128070	32122960	32128080	32128080
24	32128740	32123610	32128730	32128730
25	32130840	32125730	32130850	32130850
26	32132240	32127110	32132230	32132230
27	32130780	32125670	32130790	32130790
28	32132340	32127210	32132330	32132340
29	32131280	32126160	32131280	32131280
30	32127830	32127830	32127830	32127830
31	32127190	32127190	32127190	32127180
32	32130670	32125550	32130670	32130680
33	32131940	32126820	32131940	32131940
34	32131370	32126260	32131380	32131370
35	32134600	32134590	32134600	32134600
36	32132720	32127600	32132710	32132720
37	32133820	32133820	32133830	32133820
38	32130280	32125160	32130280	32130280
39	32130000	32124880	32129990	32129990
40	32132960	32127840	32132970	32132970
41	32130130	32125020	32130130	32130130
42	32131670	32126550	32131670	32131350
43	32130120	32124990	32130110	32130120
44	32132800	32127680	32132800	32132800
45	32132400	32127280	32132410	32132400
46	32130860	32125750	32130860	32130860
47	32130890	32125760	32130880	32130890
48	32131060	32125950	32131070	32131060
49	32130200	32125070	32130190	32130200
50	32128990	32123880	32129000	32128990
51	32128680	32123560	32128680	32128680
52	32127380	32127370	32127370	32127380
53	32129330	32124210	32129330	32129330
54	32130950	32125830	32130950	32130940
55	32128220	32123100	32128220	32128230
56	32120920	32115810	32120930	32120920
57	32121430	32116300	32121430	32121430
58	32123480	32123480	32123470	32123480
59	32124460	32124460	32124460	32124450
60	32129020	32123900	32129020	32129030
61	32128100	32122990	32128110	32128100
62	32128940	32123810	32128940	32128940
63	32129330	32124220	32129330	32129330
64	32127290	32127280	32127280	32127290
65	32129390	32124280	32129400	32129390
66	32126900	32126890	32126890	32126900
67	32126870	32126870	32126870	32126870
68	32127810	32127820	32127820	32127810
69	32129220	32124090	32129220	32129220
70	32127080	32127080	32127070	32127080
71	32125160	32125170	32125170	32125160
72	32124660	32124650	32124650	32124660
73	32124960	32124970	32124970	32124960
74	32128190	32123070	32128190	32128190
75	32130630	32125510	32130630	32130630
76	32127000	32126990	32126990	32127000
77	32124650	32124650	32124660	32124650
78	32126860	32126860	32126850	32127180
79	32124550	32124550	32124550	32124550
80	32123550	32123550	32123550	32123550
81	32124810	32124810	32124820	32124810
82	32123790	32123800	32123790	32123790
83	32125700	32125690	32125690	32125700
84	32125600	32125600	32125600	32125590
85	32121580	32116470	32121590	32121590
86	32122560	32117430	32122550	32122560
87	32124510	32124510	32124510	32124510
88	32122050	32116930	32122050	32122050
89	32125000	32125000	32125000	32125000
90	32124580	32124580	32124580	32124580
91	32124910	32124920	32124920	32124910
92	32124360	32124360	32124360	32124360
93	32127170	32127170	32127170	32127170
94	32126070	32126060	32126070	32126070
95	32126510	32126510	32126510	32126510
96	32127080	32127080	32127080	32127080
97	32125780	32125790	32125780	32125780
98	32128420	32123290	32128410	32128420
99	32123780	32123780	32123780	32123770
100	32123080	32123080	32123080	32123090
101	32122370	32117250	32122380	32122370
102	32126670	32126670	32126660	32126660
103	32126070	32126070	32126070	32126080
104	32123180	32123180	32123180	32123180
105	32125060	32125060	32125060	32125060
106	32127060	32127060	32127060	32127060
107	32124430	32124440	32124440	32127310
108	32124620	32124610	32124610	32124620
109	32124650	32124650	32124650	32124650
110	32122100	32116990	32122110	32122100
111	32123370	32123370	32123370	32123370
112	32123570	32123570	32123570	32123570
113	32123420	32123420	32123420	32123420
114	32128390	32123270	32128390	32128390
115	32129040	32123910	32129030	32129030
116	32128770	32123650	32128780	32128780
117	32127160	32127160	32127150	32127160
118	32129240	32124130	32129250	32129240
119	32130070	32124940	32130070	32130070
120	32128770	32123650	32128770	32128770
121	32127090	32127090	32127080	32127080
122	32130050	32124930	32130060	32130060
123	32131570	32126450	32131570	32131570
124	32131010	32125900	32131010	32131010
125	32131650	32126530	32131650	32131650
126	32132700	32127570	32132700	32132700
127	32130330	32125210	32130320	32130320
128	32128210	32123100	32128220	32128220
129	32126100	32126100	32126100	32126100
130	32127770	32127760	32127770	32127770
131	32127130	32127130	32127120	32127130
132	32130050	32124930	32130050	32127810
133	32127870	32127870	32127870	32127870
134	32125700	32125700	32125700	32125690
135	32125930	32125930	32125930	32125940
136	32129090	32123970	32129090	32129090
137	32129250	32124140	32129260	32129250
138	32127690	32127680	32127680	32127690
139	32128670	32123560	32128680	32128670
140	32125740	32125730	32125740	32125740
141	32123190	32123190	32123190	32123190
142	32127110	32127120	32127110	32124230
143	32128620	32123490	32128610	32128620
144	32127350	32127360	32127360	32127350
145	32127060	32127050	32127050	32127060
146	32125780	32125790	32125790	32125780
147	32128590	32123470	32128590	32128590
148	32130260	32125130	32130250	32130260
149	32131680	32126570	32131690	32131680
150	32128300	32123180	32128300	32128300
151	32128150	32123030	32128150	32128150
152	32129750	32124630	32129750	32129750
153	32130040	32124910	32130030	32130040
154	32127100	32127110	32127110	32126780
155	32125670	32125660	32125660	32125670
156	32126370	32126370	32126370	32126360
157	32126240	32126250	32126250	32126250
158	32127240	32127240	32127240	32127240
159	32129600	32124470	32129590	32129600
160	32129720	32124600	32129720	32129710
161	32129390	32124270	32129400	32129400
162	32128900	32123790	32128900	32128900
163	32127130	32127130	32127130	32127130
164	32126830	32126830	32126830	32126830
165	32124950	32124950	32124950	32127510
166	32126670	32126660	32126660	32126660
167	32124570	32124580	32124580	32124580
168	32123320	32123310	32123310	32123320
169	32128950	32123830	32128950	32128950
170	32128420	32123300	32128430	32128420
171	32129000	32123880	32128990	32128990
172	32128170	32123060	32128180	32128500
173	32126960	32126950	32126950	32126960
174	32126250	32126250	32126250	32126250
175	32125020	32125020	32125020	32125020
176	32127050	32127060	32127060	32127050
177	32125880	32125870	32125880	32125880
178	32125330	32125330	32125330	32126690
179	32128750	32123630	32128740	32128740
180	32127080	32127080	32127080	32126770
181	32125760	32125770	32125770	32125760
182	32128880	32123760	32128880	32128880
183	32131720	32126600	32131720	32131720
184	32131200	32126070	32131190	32131200
185	32132960	32127850	32132970	32132960
186	32131920	32126790	32131910	32131920
187	32128840	32123720	32128840	32132760
188	32126520	32126520	32126520	32126520
189	32130830	32125710	32130830	32130820
190	32127310	32127310	32127310	32127310
191	32128760	32123640	32128760	32128770
192	32130510	32125390	32130510	32130500
193	32132570	32127450	32132580	32132580
194	32129900	32124780	32129900	32129900
195	32127550	32127550	32127540	32127540
196	32128180	32123070	32128190	32128190
197	32126640	32126640	32126640	32126640
198	32130480	32125350	32130480	32130480
199	32127400	32127400	32127400	32127400
200	32131370	32126260	32131370	32131370
201	32130600	32125470	32130590	32130590
202	32129690	32124570	32129690	32129700
203	32131000	32125880	32131000	32131000
204	32127680	32127680	32127690	32132800
205	32131010	32125900	32131010	32131010
206	32127830	32127830	32127830	32127830
207	32129020	32123890	32129020	32129020
208	32130300	32125190	32130300	32130300
209	32127570	32127560	32127570	32127570
210	32127910	32127910	32127900	32127910
211	32128650	32123540	32128660	32128650
212	32128340	32123210	32128330	32128330
213	32130780	32125660	32130780	32130790
214	32128520	32123400	32128520	32128520
215	32128620	32123500	32128620	32128620
216	32131200	32126080	32131210	32131200
217	32129570	32124460	32129570	32129570
218	32131920	32126790	32131910	32131920
219	32133220	32133220	32133230	32133220
220	32128570	32123460	32128570	32128570
221	32130060	32124930	32130060	32130060
222	32129690	32124570	32129680	32129690
223	32128450	32123330	32128460	32128450
224	32125520	32125530	32125520	32125520
225	32126610	32126600	32126600	32126290
226	32127940	32127940	32127950	32127940
227	32133420	32133430	32133420	32133420
228	32130050	32124930	32130050	32130050
229	32133440	32133430	32133430	32133440
230	32131090	32125970	32131090	32131090
231	32132850	32127740	32132860	32132850
232	32132720	32127590	32132710	32132710
233	32132950	32127840	32132960	32132960
234	32133230	32133220	32133220	32133230
235	32133160	32133160	32133160	32133150
236	32135900	32135900	32135900	32135910
237	32135640	32135640	32135640	32135640
238	32132820	32127700	32132820	32132810
239	32131800	32126680	32131800	32131810
240	32133490	32133490	32133490	32133490
241	32131630	32126520	32131640	32131630
242	32129870	32124740	32129860	32129870
243	32133670	32133670	32133670	32133660
244	32133780	32133790	32133790	32133790
245	32133720	32133710	32133720	32133720
246	32131760	32126640	32131750	32131760
247	32133910	32133910	32133910	32133900
248	32132400	32127290	32132410	32132410
249	32130070	32124950	32130070	32130070
250	32132230	32127110	32132230	32132230
251	32131330	32126210	32131330	32131330
252	32134440	32134440	32134440	32134440
253	32129870	32124740	32129860	32129860
254	32123600	32123610	32123610	32123610
255	32126960	32126950	32126950	32126950
256	32128170	32123060	32128180	32128180
257	32128200	32123070	32128200	32128200
258	32126260	32126260	32126250	32126260
259	32126080	32126080	32126090	32126080
260	32123990	32123990	32123980	32123990
261	32123940	32123940	32123940	32123940
262	32124490	32124490	32124490	32124480
263	32123640	32123640	32123640	32123650
264	32125880	32125880	32125880	32125870
265	32124300	32124310	32124310	32124310
266	32126230	32126220	32126230	32126230
267	32127440	32127450	32127440	32127440
268	32126010	32126000	32126000	32126010
269	32125940	32125940	32125940	32125930
270	32127980	32127980	32127990	32127990
271	32124460	32124470	32124460	32124460
272	32123890	32123880	32123890	32123890
273	32120970	32115860	32120970	32120970
274	32121360	32116230	32121350	32121040
275	32124750	32124750	32124750	32124740
276	32123890	32123890	32123890	32123890
277	32121940	32116820	32121940	32121940
278	32121540	32116430	32121550	32121550
279	32121550	32116420	32121540	32121540
280	32123100	32123100	32123100	32131110
281	32124750	32124750	32124750	32124740
282	32122990	32122990	32123000	32123320
283	32122130	32117010	32122120	32122120
284	32121700	32116580	32121700	32121700
285	32126230	32126240	32126240	32126240
286	32128580	32123450	32128570	32128580
287	32126090	32126090	32126090	32126090
288	32127960	32127960	32127970	32127960
289	32124930	32124940	32124930	32124930
290	32119350	32114220	32119340	32119350
291	32119070	32113950	32119070	32119060
292	32120870	32115750	32120870	32120870
293	32121660	32116540	32121660	32121670
294	32121340	32116220	32121350	32121340
295	32123070	32123070	32123060	32123070
296	32129330	32124210	32129330	32129330
297	32129930	32124810	32129930	32129930
298	32128820	32123710	32128830	32128820
299	32125380	32125380	32125380	32125380
300	32125640	32125630	32125630	32125630
301	32127170	32127170	32127170	32127180
302	32126340	32126340	32126340	32126330
303	32126980	32126980	32126980	32126980
304	32123350	32123360	32123360	32123360
305	32123360	32123350	32123350	32123360
306	32128050	32122940	32128060	32128050
307	32128360	32123230	32128360	32128360
308	32128550	32123440	32128550	32128550
309	32127270	32127260	32127270	32127270
310	32128720	32123610	32128720	32128720
311	32127800	32127790	32127790	32127480
312	32127430	32127430	32127430	32127430
313	32130490	32125380	32130500	32130490
314	32129870	32124740	32129860	32129870
315	32128990	32123880	32129000	32128990
316	32128340	32123210	32128330	32128330
317	32127440	32127450	32127450	32127450
318	32129160	32124040	32129160	32129160
319	32127760	32127760	32127760	32127760
320	32130420	32125290	32130410	32130420
321	32130880	32125760	32130880	32130880
322	32133350	32133350	32133360	32120870
323	32135620	32135630	32135620	32135300
324	32134670	32134660	32134660	32134670
325	32132320	32127200	32132330	32132320
326	32131100	32125980	32131090	32131100
327	32129810	32124690	32129810	32129810
328	32126460	32126460	32126460	32126460
329	32126430	32126440	32126440	32126430
330	32127440	32127430	32127430	32127440
331	32127590	32127590	32127590	32127590
332	32126870	32126870	32126880	32126870
333	32127370	32127370	32127360	32127370
334	32127150	32127150	32127160	32127150
335	32130940	32125820	32130940	32130940
336	32129140	32124030	32129140	32129140
337	32127260	32127250	32127250	32127260
338	32124830	32124830	32124830	32124820
339	32126600	32126610	32126610	32126610
340	32129240	32124110	32129240	32129240
341	32126170	32126170	32126160	32126170
342	32131660	32126540	32131670	32131660
343	32132910	32127800	32132910	32132910
344	32131440	32126310	32131430	32131440
345	32129920	32124800	32129930	32129920
346	32126660	32126670	32126660	32126660
347	32126780	32126770	32126770	32126780
348	32132160	32127040	32132160	32132150
349	32134530	32134530	32134540	32134540
350	32130110	32125000	32130110	32130110
351	32129500	32124370	32129490	32129500
352	32130880	32125760	32130880	32130880
353	32128860	32123740	32128870	32128860
354	32125940	32125940	32125930	32125940
355	32129430	32124310	32129430	32129430
356	32126200	32126200	32126200	32126190
357	32126200	32126200	32126200	32126200
358	32124570	32124570	32124570	32124580
359	32125800	32125800	32125800	32125790
360	32128780	32123660	32128780	32128780
361	32130240	32125120	32130240	32130250
362	32129890	32124770	32129890	32129880
363	32132160	32127040	32132170	32132170
364	32132250	32127130	32132240	32132250
365	32129930	32124820	32129940	32129930
366	32131190	32126060	32131190	32131190
367	32127310	32127310	32127300	32127310
368	32126920	32126920	32126920	32126920
369	32130350	32125230	32130350	32130340
370	32129420	32124310	32129430	32129430
371	32126600	32126590	32126590	32126590
372	32128550	32123430	32128560	32128560
373	32128300	32123180	32128290	32128290
374	32127420	32127420	32127420	32127420
375	32128970	32123850	32128980	32128980
376	32129800	32124690	32129800	32129800
377	32131650	32126520	32131640	32131650
378	32132360	32127250	32132370	32132360
379	32129910	32124780	32129910	32129910
380	32127980	32127980	32127980	32127980
381	32127940	32127940	32127930	32127930
382	32128840	32123720	32128840	32128850
383	32129580	32124460	32129580	32129580
384	32130200	32125080	32130200	32130200
385	32131250	32126130	32131260	32131250
386	32130140	32125030	32130140	32130140
387	32127880	32127870	32127870	32127870
388	32128600	32123480	32128600	32128610
389	32125300	32125310	32125310	32125300
390	32125090	32125090	32125090	32125090
391	32126120	32126120	32126120	32126120
392	32128190	32123070	32128190	32128190
393	32128310	32123180	32128300	32128310
394	32127830	32127830	32127840	32127510
395	32129250	32124130	32129250	32129250
396	32127700	32127710	32127700	32127700
397	32127090	32127090	32127090	32127090
398	32125710	32125700	32125700	32126030
399	32122170	32117050	32122170	32122170
400	32122980	32122980	32122990	32122980
401	32122570	32117450	32122560	32122560
402	32121440	32116320	32121450	32121450
403	32121780	32116660	32121780	32121780
404	32119890	32114770	32119880	32119890
405	32123320	32123320	32123320	32123310
406	32122850	32117740	32122860	32122860
407	32123090	32123080	32123080	32123090
408	32125920	32125930	32125930	32125920
409	32122220	32117090	32122210	32122210
410	32121760	32116640	32121770	32121770
411	32121350	32116230	32121350	32121350
412	32121560	32116450	32121560	32121560
413	32120220	32115090	32120220	32120220
414	32120290	32115170	32120280	32120280
415	32120450	32115340	32120460	32120460
416	32119870	32114740	32119860	32119870
417	32122550	32117430	32122550	32122540
418	32120720	32115610	32120730	32120410
419	32121280	32116150	32121270	32121280
420	32120140	32115020	32120140	32120140
421	32120780	32115660	32120790	32120780
422	32122110	32116990	32122100	32122110
423	32121590	32116470	32121600	32121590
424	32122810	32117700	32122810	32122810
425	32121210	32116080	32121200	32121210
426	32125810	32125810	32125810	32125810
427	32123020	32123020	32123030	32123020
428	32121750	32116630	32121740	32121750
429	32121050	32115940	32121060	32121050
430	32123820	32123810	32123810	32123820
431	32118860	32113740	32118860	32118850
432	32120020	32114900	32120030	32120030
433	32123030	32123030	32123020	32123020
434	32124340	32124350	32124350	32124350
435	32125130	32125120	32125120	32125120
436	32125770	32125780	32125780	32125780
437	32122390	32117270	32122390	32122390
438	32123290	32123290	32123290	32125530
439	32128090	32122960	32128090	32128090
440	32126590	32126600	32126590	32126590
441	32126820	32126810	32126810	32126820
442	32126790	32126800	32126800	32126790
443	32125120	32125120	32125120	32125120
444	32122440	32117310	32122440	32122440
445	32123620	32123630	32123620	32123620
446	32126250	32126250	32126250	32126250
447	32123810	32123800	32123810	32123810
448	32124240	32124240	32124230	32124230
449	32121900	32116790	32121910	32121910
450	32121410	32116280	32121400	32121410
451	32119570	32114460	32119580	32119570
452	32121550	32116420	32121540	32121550
453	32122680	32117560	32122680	32122670
454	32121500	32116390	32121510	32121510
455	32122590	32117460	32122580	32122580
456	32125700	32125700	32125700	32125710
457	32130000	32124880	32130000	32130000
458	32125060	32125060	32125070	32125060
459	32124520	32124530	32124520	32124520
460	32124170	32124160	32124160	32124160
461	32124430	32124430	32124440	32124440
462	32125810	32125810	32125800	32125800
463	32123920	32123930	32123930	32123930
464	32125930	32125930	32125930	32125930
465	32123550	32123550	32123550	32123550
466	32125390	32125390	32125390	32125390
467	32126250	32126250	32126250	32126250
468	32127580	32127580	32127580	32127580
469	32126260	32126260	32126260	32126260
470	32121940	32116810	32121930	32121940
471	32121840	32116720	32121840	32121840
472	32122430	32117320	32122440	32122430
473	32123710	32123700	32123710	32123710
474	32127770	32127780	32127770	32127770
475	32124580	32124570	32124580	32124580
476	32127620	32127620	32127610	32127620
477	32128570	32123450	32128570	32128570
478	32128820	32123700	32128830	32128820
479	32124350	32124350	32124350	32124350
480	32122300	32117180	32122290	32122300
481	32121660	32116540	32121660	32121660
482	32123180	32123190	32123190	32123180
483	32125520	32125510	32125510	32125520
484	32126100	32126110	32126110	32126100
485	32124700	32124700	32124700	32124700
486	32125880	32125880	32125880	32125880
487	32126550	32126540	32126540	32126540
488	32123180	32123180	32123180	32123180
489	32122280	32117170	32122290	32119730
490	32119280	32114150	32119270	32119280
491	32118740	32113630	32118750	32118740
492	32119910	32114790	32119910	32119910
493	32123790	32123790	32123790	32123790
494	32117280	32117270	32117270	32117280
495	32115770	32115770	32115770	32115760
496	32118110	32113000	32118120	32118120
497	32114810	32114800	32114800	32114800
498	32116090	32116090	32116090	32116090
499	32119970	32114850	32119970	32119970

============================================================
# BITSTREAM: 100ms_51etapas.bit
# VENTANA: 100ms
# ETAPAS_PRINCIPAL: 51
# NUM_MUESTRAS: 500
# FORMATO: idx	freq1_hz	freq2_hz	freq3_hz	freq4_hz
============================================================
idx	freq1_hz	freq2_hz	freq3_hz	freq4_hz
0	14019460	12933600	13544450	11865350
1	14019360	12933090	13544650	11867310
2	14019640	12933630	13544140	11868010
3	14020230	12934310	13544810	11867600
4	14018220	12932590	13543640	11867620
5	14018260	12932560	13543690	11865740
6	14018030	12932320	13543040	11867100
7	14018480	12933120	13544200	11867080
8	14018070	12932390	13543420	11865880
9	14018200	12932780	13543770	11866120
10	14017550	12932370	13543170	11867070
11	14018170	12933030	13543970	11866990
12	14027650	12933180	13543880	11867650
13	14018160	12932310	13543630	11866360
14	14017020	12932030	13543220	11866540
15	14017870	12932670	13543770	11865850
16	14017450	12932220	13543000	11866990
17	14018750	12932910	13544180	11867230
18	14018620	12933670	13544340	11866020
19	14019950	12934700	13545180	11867200
20	14019260	12933900	13544790	11866220
21	14020410	12934550	13543240	11868990
22	14018180	12932670	13543950	11864180
23	14018670	12932880	13544130	11867730
24	14018260	12932690	13543970	11866160
25	14018210	12932460	13543750	11867790
26	14016950	12931860	13542650	11866060
27	14018760	12932850	13544240	11868170
28	14017310	12931330	13542680	11865220
29	14017850	12932270	13543570	11866280
30	14017860	12932370	13543290	11867070
31	14018600	12933100	13544100	11867240
32	14018220	12932930	13543460	11865350
33	14018140	12933100	13543420	11865780
34	14016840	12931880	13542870	11864310
35	14017160	12931760	13542860	11866500
36	14017200	12932420	13543250	11864630
37	14017820	12932450	13543230	11866500
38	14017570	12932590	13543460	11866350
39	14017470	12932070	13543270	11865410
40	14017480	12931950	13543410	11866220
41	14017730	12931960	13543280	11867490
42	14016620	12930980	13542400	11863820
43	14016800	12931280	13542350	11864340
44	14017950	12932420	13543340	11866980
45	14017520	12932100	13543300	11865540
46	14016400	12931930	13542730	11864400
47	14016100	12931310	13542410	11865870
48	14016080	12931600	13542370	11866290
49	14017470	12932740	13543550	11867760
50	14016490	12931730	13542920	11866080
51	14017330	12932350	13542960	11866190
52	14017700	12932640	13542930	11865640
53	14018400	12932850	13543680	11866830
54	14016910	12932100	13542250	11863940
55	14018150	12933180	13543520	11868020
56	14017490	12932980	13543210	11864510
57	14017850	12932410	13543350	11866660
58	14017290	12932350	13543030	11866320
59	14018000	12932720	13543910	11867630
60	14017640	12932480	13543200	11866800
61	14018500	12933480	13544210	11865660
62	14017730	12933160	13543460	11865990
63	14017520	12932600	13543430	11865650
64	14017840	12932960	13543730	11866900
65	14017220	12932230	13543300	11867580
66	14017170	12932360	13542830	11864570
67	14016870	12931930	13542720	11866450
68	14017120	12932340	13542690	11865020
69	14017350	12932390	13543010	11867190
70	14016840	12932030	13542710	11865370
71	14016960	12931700	13542330	11866530
72	14017350	12932830	13543530	11867530
73	14016710	12932210	13543670	11867850
74	14017020	12932610	13543820	11866980
75	14017290	12932550	13543100	11865910
76	14016850	12932460	13543410	11864940
77	14017570	12933030	13543860	11868010
78	14016800	12932310	13542670	11864740
79	14018410	12933430	13543830	11867650
80	14017880	12933900	13544080	11867580
81	14017480	12933320	13543660	11866850
82	14017590	12933390	13544170	11865460
83	14018300	12933580	13544000	11867470
84	14016950	12932150	13542750	11865430
85	14018590	12933090	13543380	11867220
86	14018570	12933660	13544080	11865650
87	14018520	12933170	13543880	11866840
88	14017340	12932620	13543040	11865810
89	14018150	12932970	13543260	11866420
90	14017770	12932620	13543020	11864890
91	14018110	12932960	13543540	11865850
92	14017600	12932790	13543290	11864730
93	14019230	12933690	13544090	11867510
94	14018050	12933730	13543640	11866440
95	14017800	12932730	13543570	11865450
96	14016290	12932090	13542050	11866280
97	14017570	12932620	13543140	11866860
98	14017180	12932370	13543050	11864830
99	14017800	12932430	13542880	11866580
100	14017880	12932900	13543630	11865940
101	14018390	12933150	13543750	11867760
102	14017830	12932700	13543020	11866770
103	14018250	12933060	13543320	11865890
104	14017800	12933070	13543190	11864710
105	14018120	12933020	13543630	11867450
106	14017590	12932660	13543470	11866630
107	14017380	12932750	13543350	11867260
108	14017670	12933050	13543420	11866230
109	14017910	12932650	13543620	11865570
110	14016880	12931990	13542770	11864540
111	14016400	12931690	13542600	11865650
112	14017350	12932690	13543360	11865400
113	14016260	12931390	13542510	11864220
114	14016070	12931280	13542450	11865670
115	14016510	12931690	13542490	11866650
116	14016740	12932440	13542420	11866430
117	14016730	12932130	13542820	11865070
118	14016690	12932000	13542710	11864550
119	14017810	12932880	13543410	11867080
120	14018040	12932850	13543290	11867090
121	14017660	12932350	13543110	11866240
122	14017580	12932810	13543270	11866350
123	14018240	12933080	13544020	11867230
124	14018450	12933540	13543900	11865440
125	14018740	12933760	13544010	11866070
126	14017380	12932290	13542780	11865400
127	14017310	12932460	13543090	11864980
128	14017790	12933020	13543700	11865450
129	14017040	12932010	13543020	11864750
130	14017100	12932310	13543360	11864620
131	14018360	12933620	13544560	11865620
132	14018510	12933690	13544390	11864800
133	14017810	12933320	13543970	11867410
134	14017890	12933240	13543420	11867060
135	14018790	12934010	13544790	11866320
136	14017120	12933190	13543870	11866500
137	14017830	12933410	13543740	11867170
138	14017510	12933270	13543310	11865090
139	14017210	12933270	13543390	11866970
140	14017250	12933420	13543290	11866590
141	14017860	12932840	13543720	11866300
142	14017310	12932670	13543290	11865180
143	14017170	12932770	13543160	11866220
144	14017140	12932430	13542820	11863950
145	14016050	12932490	13542390	11864940
146	14016890	12933110	13543110	11866650
147	14016740	12932210	13542720	11866450
148	14015800	12932110	13542110	11864450
149	14016710	12932810	13542950	11867020
150	14016930	12932290	13542860	11865740
151	14017240	12932750	13543320	11865340
152	14016850	12932150	13543140	11863740
153	14016740	12931930	13542900	11865030
154	14016890	12932070	13542840	11864490
155	14016930	12931810	13542330	11865700
156	14016640	12931670	13542100	11866140
157	14017380	12932520	13545970	11865420
158	14016690	12931430	13542530	11866610
159	14016390	12931230	13542080	11866450
160	14015890	12931280	13541870	11863520
161	14016740	12931920	13542770	11866910
162	14017880	12933310	13543460	11866130
163	14018370	12933620	13544030	11866150
164	14017140	12933120	13543200	11866630
165	14017470	12932790	13543510	11865070
166	14016610	12932320	13543010	11866340
167	14016650	12931580	13543010	11865990
168	14016100	12931530	13542390	11864810
169	14016770	12931900	13542300	11866460
170	14016710	12931800	13542420	11864600
171	14016900	12931740	13542750	11865490
172	14016220	12931360	13542170	11865780
173	14016850	12931950	13542750	11867200
174	14016450	12931650	13542520	11865900
175	14016590	12931180	13542050	11865450
176	14016600	12931920	13542670	11865630
177	14016130	12931570	13542620	11866760
178	14015180	12930970	13542100	11864170
179	14014130	12930120	13541510	11864140
180	14013780	12929570	13541220	11864910
181	14016250	12931700	13542870	11865430
182	14014760	12930860	13541790	11865440
183	14014950	12930710	13541750	11866120
184	14014780	12930660	13541860	11865530
185	14014570	12930390	13541570	11864050
186	14014370	12930490	13541480	11864610
187	14015520	12931260	13541760	11865470
188	14014500	12930450	13541180	11864220
189	14014600	12930500	13541540	11864390
190	14013440	12929530	13540870	11863120
191	14014750	12930760	13542140	11866330
192	14014800	12931110	13542340	11864000
193	14015020	12931470	13542460	11864930
194	14013950	12930310	13540990	11863150
195	14014820	12930790	13541650	11865880
196	14013380	12929580	13540600	11863450
197	14013660	12929830	13540880	11862650
198	14014920	12931240	13542340	11862640
199	14014920	12932160	13543050	11864880
200	14015620	12931740	13542580	11864830
201	14015480	12931080	13542420	11864610
202	14014520	12930620	13541550	11863200
203	14015050	12930920	13541930	11866130
204	14014670	12930750	13541700	11864440
205	14015990	12931280	13542160	11864660
206	14015390	12931060	13541840	11862960
207	14016320	12931660	13542520	11864380
208	14016730	12932270	13542600	11865200
209	14016920	12931570	13542260	11865650
210	14016610	12932150	13543170	11864320
211	14017010	12932490	13543540	11865950
212	14015480	12931690	13542550	11863970
213	14015230	12931210	13542440	11866030
214	14016050	12932510	13542890	11864840
215	14016610	12932980	13543640	11866630
216	14016080	12932600	13543240	11864060
217	14016400	12932030	13542510	11864520
218	14015350	12931410	13542390	11865550
219	14015770	12931270	13542870	11866280
220	14015770	12931100	13542520	11865020
221	14015290	12930550	13541750	11864480
222	14015640	12931490	13542540	11865220
223	14015840	12931520	13542360	11864400
224	14016290	12932170	13542740	11863640
225	14017150	12932520	13542990	11865200
226	14017330	12932580	13543210	11865970
227	14016040	12931500	13542770	11865240
228	14015550	12931990	13542310	11864660
229	14015550	12932010	13542550	11866250
230	14015660	12932150	13542150	11865740
231	14015560	12931710	13542370	11866230
232	14016210	12932180	13542600	11866420
233	14016150	12931990	13542750	11865350
234	14015010	12930770	13541400	11864520
235	14014850	12930160	13541340	11864230
236	14014520	12930200	13541420	11863100
237	14015030	12930480	13541800	11863890
238	14014150	12929730	13540920	11862210
239	14014590	12930030	13541650	11863050
240	14014460	12929990	13541240	11863580
241	14014900	12929960	13541270	11864760
242	14016460	12932340	13543210	11866330
243	14017120	12932150	13543320	11866280
244	14016910	12932700	13543560	11864220
245	14016700	12932170	13542890	11864580
246	14016430	12932580	13542890	11865500
247	14017140	12932850	13542970	11866420
248	14016460	12932840	13542710	11865410
249	14016760	12932760	13542700	11866500
250	14016980	12932870	13542990	11864830
251	14016990	12932920	13543010	11866850
252	14016890	12932780	13543360	11865420
253	14016550	12931930	13542690	11864570
254	14017600	12932900	13543120	11866710
255	14017120	12932400	13543450	11864750
256	14016330	12932140	13542750	11866770
257	14016680	12932440	13542580	11866660
258	14017590	12933140	13543680	11865250
259	14017600	12933620	13543960	11865460
260	14017130	12933430	13543540	11865760
261	14016490	12933030	13543790	11865390
262	14015880	12932350	13542860	11865780
263	14016780	12933210	13544020	11865760
264	14016850	12933610	13544200	11865580
265	14016020	12932100	13543220	11866100
266	14017390	12933290	13544200	11865480
267	14017580	12933310	13544620	11866880
268	14016690	12932240	13543650	11864690
269	14016840	12932260	13543540	11867650
270	14016570	12932460	13543700	11864670
271	14016500	12932450	13543280	11865120
272	14016890	12932970	13543500	11863830
273	14017810	12933530	13544720	11865890
274	14017310	12933500	13544430	11864310
275	14018350	12934420	13544760	11868310
276	14018250	12934390	13544870	11865360
277	14018400	12934020	13544790	11868430
278	14018390	12934490	13545010	11867870
279	14018930	12934610	13545100	11868930
280	14018430	12934830	13544930	11866370
281	14018300	12933830	13544640	11868570
282	14017500	12933230	13543560	11864480
283	14018380	12933910	13544200	11865690
284	14018210	12933490	13543900	11866040
285	14019380	12934350	13544870	11866790
286	14019240	12933640	13544160	11867290
287	14020080	12935190	13545350	11868120
288	14019340	12935210	13544670	11867700
289	14019000	12934960	13545250	11868490
290	14018440	12934870	13544490	11868030
291	14018990	12934470	13544620	11867420
292	14018730	12934440	13544270	11865830
293	14018290	12934190	13543870	11867690
294	14017370	12933610	13543310	11866880
295	14018320	12934210	13544280	11868030
296	14016930	12932370	13542720	11866000
297	14017050	12932810	13542870	11866060
298	14016930	12933020	13542820	11866480
299	14016500	12932730	13542670	11865290
300	14016910	12933640	13542260	11866250
301	14018730	12934780	13544040	11866760
302	14017680	12934240	13543460	11866120
303	14018770	12935300	13544190	11866690
304	14019050	12935800	13544260	11867790
305	14017800	12934390	13542980	11866350
306	14018270	12934750	13543310	11865990
307	14017720	12934200	13543250	11867170
308	14016440	12933320	13542270	11865430
309	14017160	12933660	13542890	11867000
310	14017420	12933340	13543070	11865980
311	14017620	12933750	13543260	11867190
312	14016960	12932850	13542890	11864550
313	14017240	12933070	13542820	11866280
314	14015240	12931880	13541520	11863670
315	14015450	12931430	13541240	11865040
316	14016370	12932780	13542050	11864970
317	14016640	12933440	13542580	11866390
318	14016690	12933590	13542690	11864910
319	14014150	12930470	13540170	11864890
320	14013890	12930160	13540110	11863480
321	14014700	12930900	13541020	11865310
322	14015970	12931860	13542280	11863840
323	14015150	12930860	13541310	11863480
324	14015820	12932200	13542140	11865720
325	14015540	12932040	13542320	11864460
326	14014610	12931030	13541870	11862540
327	14015830	12932050	13542160	11865980
328	14015450	12931730	13541750	11862890
329	14015990	12931930	13541950	11866060
330	14014550	12931110	13540700	11864380
331	14015100	12931160	13541110	11863740
332	14015470	12932240	13541810	11865530
333	14013870	12930650	13540520	11864210
334	14013780	12930730	13540830	11862090
335	14015050	12931560	13542030	11865870
336	14014670	12930810	13541140	11864720
337	14015920	12931910	13541690	11864680
338	14015390	12931050	13541190	11864520
339	14013930	12929820	13540290	11864800
340	14014100	12930160	13540730	11863830
341	14015070	12931000	13541420	11864860
342	14014520	12930630	13540980	11863220
343	14014900	12930540	13541480	11863780
344	14014370	12930150	13540950	11863470
345	14014670	12930680	13541100	11865260
346	14013960	12930120	13540660	11862670
347	14013290	12929020	13540030	11862850
348	14013520	12929540	13540180	11864360
349	14014190	12930130	13540540	11863750
350	14013160	12929400	13540080	11862360
351	14012850	12929830	13540620	11864410
352	14013320	12930090	13540950	11862930
353	14014020	12930750	13541430	11865770
354	14014340	12931080	13541190	11865110
355	14014990	12931090	13541320	11865760
356	14014200	12931070	13540790	11864290
357	14014930	12931380	13541640	11865980
358	14015080	12931470	13542330	11864890
359	14014180	12930940	13541890	11866510
360	14013200	12930200	13540800	11864000
361	14012880	12929920	13540430	11863090
362	14013470	12930740	13541170	11864920
363	14013830	12930900	13541700	11866040
364	14014160	12931130	13541350	11863500
365	14014600	12931530	13542040	11866200
366	14014520	12931490	13542250	11863310
367	14015560	12931940	13542170	11866550
368	14014420	12931100	13541330	11865600
369	14014780	12931890	13541830	11866480
370	14013720	12930650	13540480	11864630
371	14013940	12930440	13540460	11864390
372	14014240	12931300	13540970	11863510
373	14014530	12931310	13541430	11865990
374	14014680	12931450	13541330	11865360
375	14014950	12931630	13541490	11866180
376	14014610	12931410	13541340	11864510
377	14015480	12931990	13542370	11865220
378	14014360	12930590	13541210	11865660
379	14014430	12930440	13540990	11865870
380	14014000	12930570	13540640	11864760
381	14014740	12930820	13541410	11863370
382	14015150	12931390	13541480	11865620
383	14014410	12931010	13540980	11864990
384	14013720	12929740	13540840	11863040
385	14014840	12931070	13541610	11863730
386	14013730	12930380	13540650	11863760
387	14014750	12930320	13541030	11864810
388	14014590	12930760	13541460	11865140
389	14013490	12929600	13540490	11863470
390	14013690	12930250	13540690	11863940
391	14014820	12930900	13541720	11865120
392	14014040	12930230	13541500	11863670
393	14014070	12930430	13541220	11863450
394	14013640	12930480	13540910	11863350
395	14014980	12930960	13541560	11865800
396	14015330	12931210	13541930	11864370
397	14016460	12932180	13542430	11866100
398	14014470	12930920	13540710	11864700
399	14014630	12930880	13541380	11865570
400	14013650	12930580	13539840	11862710
401	14013920	12930550	13539760	11862680
402	14014120	12930570	13540270	11862560
403	14014320	12930630	13540620	11865150
404	14013760	12930130	13540580	11863020
405	14014290	12930520	13540840	11863740
406	14013670	12930350	13540380	11862180
407	14014610	12931520	13541190	11864100
408	14014040	12930780	13540780	11864670
409	14014890	12931440	13541430	11863800
410	14013720	12930730	13540650	11864440
411	14012500	12929400	13539750	11863630
412	14014640	12931260	13541020	11865060
413	14014890	12931900	13541650	11864170
414	14013880	12930570	13540550	11863520
415	14014790	12931660	13541130	11865390
416	14014180	12930860	13540240	11864770
417	14013230	12930160	13539700	11863680
418	14013930	12931250	13540150	11862760
419	14013110	12929970	13539790	11864490
420	14012760	12929750	13539670	11863830
421	14012870	12929390	13539360	11864050
422	14012970	12929910	13539560	11861520
423	14013750	12930430	13540340	11862800
424	14014360	12931380	13540910	11863050
425	14014220	12930790	13540890	11865150
426	14013830	12930280	13540500	11864740
427	14014110	12930650	13540610	11863410
428	14013170	12929980	13539700	11863250
429	14013870	12931020	13540900	11863970
430	14014760	12931880	13541330	11863810
431	14016450	12932850	13542460	11867000
432	14014920	12931300	13541110	11863660
433	14015740	12932220	13542270	11866530
434	14015530	12931870	13541530	11865480
435	14014760	12930730	13540950	11865160
436	14013880	12931270	13540750	11864980
437	14014220	12931280	13541030	11865420
438	14014000	12931340	13540730	11864920
439	14015090	12931770	13541320	11865320
440	14014930	12931330	13541090	11864440
441	14015090	12931530	13541490	11866150
442	14014270	12930850	13541020	11864070
443	14013960	12930870	13540620	11863720
444	14014050	12931510	13540870	11863010
445	14014290	12931330	13541070	11865280
446	14013900	12931350	13540760	11864580
447	14013960	12930660	13540820	11863140
448	14012970	12930440	13540450	11862510
449	14014580	12931350	13541550	11865000
450	14013940	12930870	13540730	11864460
451	14013760	12930540	13540630	11864020
452	14013540	12931070	13540880	11864150
453	14014060	12929450	13539600	11861750
454	14012760	12930160	13540160	11861490
455	14014210	12931020	13540930	11864010
456	14013630	12930660	13540740	11864970
457	14014770	12931390	13541240	11863830
458	14014230	12931170	13540470	11863490
459	14014090	12930600	13540700	11864710
460	14013080	12929950	13540460	11862260
461	14014010	12930290	13540620	11863320
462	14013650	12930310	13540800	11862170
463	14014670	12931080	13541730	11863290
464	14014740	12931480	13541480	11864140
465	14013060	12930080	13540500	11863670
466	14012090	12929690	13539860	11862290
467	14013610	12930430	13540770	11863550
468	14014080	12930870	13541310	11864180
469	14015080	12931390	13541820	11866040
470	14014270	12931580	13541650	11863680
471	14013940	12930650	13541370	11865220
472	14014290	12931220	13541270	11865750
473	14014250	12929090	13540050	11864570
474	14012760	12929280	13539710	11864330
475	14013940	12930290	13540870	11865070
476	14013590	12930160	13540070	11864130
477	14013880	12930460	13540430	11864920
478	14012990	12929780	13540130	11863840
479	14012710	12929420	13540210	11864820
480	14014160	12930640	13540840	11863520
481	14014320	12931320	13541140	11863370
482	14014460	12931600	13541010	11863560
483	14014570	12931090	13541330	11865970
484	14015440	12931820	13541510	11865840
485	14013880	12930730	13540880	11865220
486	14015230	12931940	13541790	11863580
487	14015420	12932390	13542050	11866220
488	14014980	12932000	13541550	11864830
489	14015390	12932030	13542130	11866330
490	14014740	12931710	13541840	11866160
491	14015540	12932300	13542420	11864550
492	14015150	12932530	13541880	11864010
493	14015460	12932020	13542110	11864360
494	14016050	12932580	13542440	11866330
495	14015640	12932130	13542500	11865700
496	14014570	12931690	13541590	11863970
497	14014210	12930560	13541330	11865600
498	14014160	12931180	13541480	11865890
499	14015370	12932340	13542370	11865780

============================================================
# BITSTREAM: 100ms_101etapas.bit
# VENTANA: 100ms
# ETAPAS_PRINCIPAL: 101
# NUM_MUESTRAS: 500
# FORMATO: idx	freq1_hz	freq2_hz	freq3_hz	freq4_hz
============================================================
idx	freq1_hz	freq2_hz	freq3_hz	freq4_hz
0	10014640	9285160	9784290	9784300
1	10015310	9285550	9784200	9784190
2	10014790	9285070	9783740	9783750
3	10015180	9285670	9783970	9783970
4	10015100	9285560	9783690	9783690
5	10015360	9285760	9783900	9783900
6	10014710	9285320	9783900	9783900
7	10014240	9284790	9783540	9783540
8	10013770	9284370	9782420	9782420
9	10014270	9284620	9782870	9782860
10	10013780	9284280	9783100	9783110
11	10013530	9284130	9782880	9782880
12	10013660	9284140	9782880	9782880
13	10012840	9283300	9782670	9782670
14	10013190	9283690	9782280	9782280
15	10013430	9284190	9782970	9782970
16	10013580	9284160	9782570	9782570
17	10013880	9284550	9782570	9783310
18	10014260	9284750	9783370	9783370
19	10014350	9284610	9783580	9783570
20	10014980	9285100	9784240	9784250
21	10014850	9284960	9783950	9783950
22	10014730	9284950	9783290	9783290
23	10013930	9284010	9782920	9782920
24	10013350	9283690	9782600	9782600
25	10013390	9283860	9782970	9782970
26	10013930	9284110	9782490	9782480
27	10013310	9283610	9782030	9782040
28	10013910	9284290	9783290	9783290
29	10014240	9284490	9783240	9783240
30	10013880	9284010	9782560	9782560
31	10013870	9284230	9783220	9783220
32	10013590	9284250	9782580	9782580
33	10015060	9285380	9784390	9784390
34	10015560	9285990	9784680	9784680
35	10015290	9285440	9784680	9784680
36	10014760	9285040	9783890	9783890
37	10015350	9285850	9784710	9784710
38	10015360	9285760	9783960	9783960
39	10015060	9285690	9783980	9783980
40	10015500	9286010	9783920	9783920
41	10015200	9285790	9784640	9784640
42	10014690	9285360	9783880	9783880
43	10014810	9285440	9784090	9784090
44	10015170	9285830	9784340	9784340
45	10015880	9286480	9784970	9784970
46	10015820	9286310	9784360	9784360
47	10015620	9286190	9784720	9784720
48	10015720	9286230	9784320	9784320
49	10015440	9285860	9784580	9784580
50	10015910	9286420	9785190	9785190
51	10016290	9286690	9785620	9785620
52	10016050	9286390	9785520	9785520
53	10015910	9286310	9785250	9785250
54	10015280	9285610	9784090	9784090
55	10015460	9285690	9781530	9784510
56	10015150	9285670	9784480	9784480
57	10015330	9285720	9783960	9783960
58	10015090	9285710	9783860	9783860
59	10015510	9285940	9784790	9784790
60	10015080	9285530	9783870	9783870
61	10014770	9284930	9784160	9784160
62	10014480	9284920	9783860	9783860
63	10014300	9284830	9784010	9784010
64	10014800	9285280	9783510	9783500
65	10015150	9285490	9783770	9783780
66	10015200	9285690	9783970	9783970
67	10015250	9285430	9784130	9784130
68	10015120	9285500	9784470	9784470
69	10015730	9286050	9784320	9784320
70	10014590	9285030	9783700	9783700
71	10015200	9285390	9783680	9783680
72	10015430	9285840	9783680	9783750
73	10015030	9285500	9783540	9783540
74	10014360	9285040	9783220	9783220
75	10014510	9285060	9783450	9783450
76	10014960	9285470	9783600	9783600
77	10014750	9285350	9784500	9784500
78	10015170	9285570	9783830	9783830
79	10014910	9285270	9784520	9784520
80	10014490	9285050	9783190	9783190
81	10014800	9285260	9783550	9783550
82	10015290	9285670	9783760	9783710
83	10014170	9284630	9783000	9783000
84	10014020	9284490	9782940	9782930
85	10013820	9284200	9782760	9782770
86	10013520	9284020	9782410	9782410
87	10014080	9284160	9782750	9782750
88	10014070	9284230	9782930	9782930
89	10013500	9283710	9782910	9782910
90	10014070	9284240	9783790	9783790
91	10014590	9284680	9783570	9783570
92	10013210	9283370	9782380	9782380
93	10013920	9284020	9783420	9783420
94	10013570	9284050	9783130	9783130
95	10012980	9283480	9782820	9782820
96	10012860	9283360	9782640	9782640
97	10013520	9283820	9783290	9783290
98	10013970	9284060	9782690	9782690
99	10013390	9283780	9782200	9782200
100	10013730	9284100	9782550	9782550
101	10014570	9284830	9783440	9783440
102	10013570	9283890	9782230	9782230
103	10013540	9283710	9782470	9782470
104	10013300	9283950	9782030	9782030
105	10013460	9284070	9783100	9783100
106	10013640	9284340	9783410	9783410
107	10013920	9284560	9783520	9783520
108	10014140	9284740	9783020	9783020
109	10014400	9284870	9783290	9783290
110	10013770	9284290	9782530	9782530
111	10012850	9283600	9782590	9782590
112	10012980	9283640	9782440	9782440
113	10012340	9283180	9781470	9781470
114	10012930	9283770	9781860	9781860
115	10012910	9283750	9782680	9782680
116	10012720	9283550	9781700	9781690
117	10012730	9283410	9781790	9781800
118	10012940	9283520	9782360	9782360
119	10013100	9283750	9782540	9782540
120	10013180	9283780	9782370	9782370
121	10012750	9283420	9782220	9782220
122	10013130	9283830	9782090	9782090
123	10012640	9283420	9782400	9782400
124	10012780	9283570	9781740	9781730
125	10013010	9283710	9781980	9781990
126	10013380	9284100	9782200	9782200
127	10013090	9283680	9782100	9782100
128	10013660	9284390	9783220	9783220
129	10013560	9284220	9782670	9782670
130	10013910	9284460	9783040	9783040
131	10013860	9284520	9783590	9783590
132	10014190	9284760	9783320	9783320
133	10013980	9284460	9783120	9783120
134	10014080	9284620	9783430	9783430
135	10013530	9284030	9782750	9782750
136	10013350	9283920	9782310	9782310
137	10013660	9284320	9783190	9783190
138	10013500	9284150	9782560	9782560
139	10013100	9283870	9782690	9782680
140	10013490	9284160	9782520	9782530
141	10013580	9284100	9782260	9782260
142	10012940	9283570	9781510	9781590
143	10012890	9283610	9782370	9782390
144	10012750	9283570	9782180	9782180
145	10012390	9282890	9781730	9781730
146	10012780	9283310	9781840	9781840
147	10012730	9283270	9782590	9782590
148	10012290	9282900	9781860	9781860
149	10012580	9283250	9782480	9782480
150	10013380	9283920	9782530	9782530
151	10012900	9283290	9782600	9782600
152	10013660	9284090	9783250	9783250
153	10014200	9284530	9783430	9783430
154	10013820	9284370	9782720	9782720
155	10013540	9284040	9782770	9782850
156	10013540	9283950	9782940	9782940
157	10012670	9283150	9782190	9782190
158	10012630	9282970	9781870	9781870
159	10012440	9282970	9782150	9782150
160	10013110	9283730	9782290	9782290
161	10012810	9283420	9782370	9782370
162	10013230	9283970	9782730	9782730
163	10013340	9284020	9782520	9782520
164	10013050	9283780	9782510	9782500
165	10014010	9284500	9782870	9782880
166	10013640	9284080	9783290	9783290
167	10013930	9283970	9783140	9783140
168	10013810	9284160	9783630	9783630
169	10014670	9284990	9784230	9784230
170	10014590	9285160	9783620	9783620
171	10014150	9284880	9783810	9783810
172	10013600	9284530	9783490	9783490
173	10013850	9284500	9783170	9783170
174	10014040	9284550	9783080	9783080
175	10013880	9284330	9783260	9783260
176	10014480	9285050	9783540	9783540
177	10014070	9284290	9783070	9783070
178	10013750	9284090	9783140	9783140
179	10013630	9284080	9782960	9782960
180	10013630	9283870	9782350	9782350
181	10013350	9283890	9782990	9782590
182	10014110	9284520	9782720	9782720
183	10013770	9284270	9782520	9782520
184	10014870	9285390	9783660	9783660
185	10014130	9284730	9783870	9783870
186	10013680	9284140	9783140	9783140
187	10013930	9284490	9783300	9783290
188	10013230	9283580	9782420	9782430
189	10013450	9283720	9782280	9782280
190	10014160	9284600	9783480	9783480
191	10013820	9284090	9782940	9782940
192	10013930	9284120	9782690	9782690
193	10013850	9283800	9782640	9782640
194	10014610	9284950	9783400	9783400
195	10014060	9284310	9783180	9783180
196	10014520	9284710	9783210	9783210
197	10015010	9285210	9783680	9783680
198	10015450	9285880	9784040	9784040
199	10015150	9285610	9784000	9784000
200	10014720	9285180	9783630	9783630
201	10014910	9285400	9784520	9784520
202	10015430	9285850	9784290	9784290
203	10016380	9286480	9784890	9784890
204	10016070	9286140	9785330	9785330
205	10015770	9286090	9784690	9784690
206	10015340	9285770	9784620	9784620
207	10015600	9286030	9784510	9784510
208	10015130	9285620	9783580	9783580
209	10014380	9285080	9783790	9783790
210	10014450	9284900	9783090	9783090
211	10014340	9284950	9783820	9783820
212	10014440	9284880	9783510	9784140
213	10014890	9284990	9783400	9783400
214	10014450	9284870	9783680	9783680
215	10015300	9285210	9783740	9783740
216	10015180	9285350	9783620	9783620
217	10014530	9285040	9784020	9784020
218	10015020	9285530	9783980	9783980
219	10014720	9285150	9783870	9783870
220	10014860	9285500	9784580	9784580
221	10015110	9285590	9784860	9784860
222	10015050	9285650	9784530	9784530
223	10014180	9284790	9783330	9783330
224	10014230	9284890	9783590	9783590
225	10014460	9285030	9783630	9783630
226	10014440	9284970	9783440	9783440
227	10014470	9284790	9783270	9783270
228	10014720	9285230	9783350	9783350
229	10014240	9284680	9783780	9783780
230	10014440	9285030	9783550	9783540
231	10015170	9285500	9783870	9783880
232	10014520	9285160	9783900	9783900
233	10014130	9284760	9783550	9783550
234	10014270	9284970	9783410	9783410
235	10014160	9284780	9784200	9783880
236	10014410	9285050	9783800	9783800
237	10014180	9284800	9783500	9783500
238	10014300	9284730	9783200	9783200
239	10015000	9285550	9783840	9783840
240	10014310	9284870	9783540	9783540
241	10014800	9285380	9783680	9783680
242	10015130	9285620	9783600	9783600
243	10015030	9285510	9784290	9784290
244	10015200	9285400	9783810	9783810
245	10014710	9285060	9784260	9784260
246	10014310	9284970	9783300	9783300
247	10014140	9284770	9783530	9783540
248	10014390	9284930	9783000	9782990
249	10014220	9284850	9783130	9783140
250	10013800	9284590	9783260	9783260
251	10013360	9284000	9782380	9782380
252	10013520	9284310	9783390	9783390
253	10013370	9283890	9782920	9782910
254	10013350	9283940	9782270	9782280
255	10013140	9283920	9782260	9782260
256	10012610	9283240	9781680	9781680
257	10012910	9283370	9781940	9781940
258	10013120	9283850	9782200	9782200
259	10013160	9283920	9782420	9782420
260	10013040	9283720	9781850	9781840
261	10013180	9283860	9782730	9782740
262	10013010	9283680	9781870	9781860
263	10013280	9284150	9783140	9783140
264	10013000	9283880	9782520	9782520
265	10013110	9283690	9782010	9782010
266	10013040	9283730	9781800	9781800
267	10012830	9283480	9782490	9782490
268	10013700	9284200	9782450	9782450
269	10014000	9284390	9782680	9782680
270	10013760	9284320	9782240	9782230
271	10013720	9284350	9782280	9782290
272	10013940	9284590	9782550	9782550
273	10014140	9284660	9782880	9782880
274	10014010	9284680	9783060	9783060
275	10013980	9284610	9783130	9783130
276	10013850	9284530	9782860	9782860
277	10013510	9284380	9783060	9783060
278	10013570	9284480	9782940	9782940
279	10014310	9284890	9782960	9782960
280	10013350	9284030	9782330	9782330
281	10013090	9283700	9782550	9782550
282	10013050	9283640	9782430	9782430
283	10013200	9283680	9781980	9781980
284	10013410	9284100	9782600	9782600
285	10013440	9284130	9783090	9783090
286	10013290	9284040	9783110	9783110
287	10014110	9284670	9783750	9783750
288	10013940	9284610	9782770	9782770
289	10013600	9284200	9782700	9782700
290	10014030	9284730	9783140	9783140
291	10013840	9284590	9783630	9783630
292	10014040	9284760	9783550	9783550
293	10014390	9284830	9783150	9783140
294	10014050	9284650	9783320	9783330
295	10014600	9285300	9783770	9783760
296	10013580	9284320	9782510	9782520
297	10013980	9284680	9783450	9783450
298	10014890	9285290	9783820	9783820
299	10015090	9285420	9784790	9784790
300	10015030	9285140	9783930	9783930
301	10015220	9285560	9784720	9784720
302	10013220	9283960	9782840	9782840
303	10013420	9284140	9783780	9783780
304	10013600	9284310	9783060	9783060
305	10012840	9283400	9782930	9782920
306	10013190	9283750	9782560	9782570
307	10012770	9283140	9782430	9782430
308	10013630	9283960	9782550	9782550
309	10013710	9284080	9782950	9782950
310	10013660	9283860	9782650	9782650
311	10013540	9283800	9783220	9783220
312	10013810	9284050	9782690	9782690
313	10014350	9284370	9782810	9782810
314	10013850	9284070	9782800	9782800
315	10013660	9283810	9782590	9782590
316	10014460	9284310	9782920	9782910
317	10014790	9284620	9782850	9782850
318	10014560	9284650	9783000	9783000
319	10014100	9283780	9782550	9782550
320	10014080	9284110	9783020	9783020
321	10014560	9284760	9783040	9783040
322	10013610	9283700	9782530	9782530
323	10013790	9283680	9782610	9782610
324	10013910	9283890	9782710	9782700
325	10013960	9284060	9782540	9782540
326	10013540	9283860	9782780	9782780
327	10013820	9284090	9782820	9782820
328	10013630	9284150	9783040	9783040
329	10013440	9283730	9782750	9782750
330	10013910	9284210	9782620	9782620
331	10013770	9284350	9782940	9782940
332	10013750	9284280	9782820	9782820
333	10013550	9284180	9783230	9783230
334	10014080	9284650	9783220	9783220
335	10014130	9284760	9783330	9783330
336	10013690	9284460	9782990	9782990
337	10013590	9284260	9782710	9782710
338	10013560	9284210	9782320	9782320
339	10012940	9283660	9782550	9782550
340	10013240	9283790	9782480	9782480
341	10013400	9283830	9782120	9782120
342	10013350	9284020	9782680	9782680
343	10013920	9284330	9782750	9782750
344	10013330	9283470	9782170	9782170
345	10012390	9282480	9781350	9781350
346	10012660	9282850	9781970	9781970
347	10012850	9282990	9781750	9781750
348	10013670	9283510	9782070	9782070
349	10013590	9283630	9782610	9782610
350	10014070	9284040	9782620	9782620
351	10014340	9284400	9783170	9783170
352	10013780	9283780	9782470	9782450
353	10014120	9284110	9782660	9782660
354	10013380	9283470	9781960	9781960
355	10013460	9283770	9782150	9782150
356	10013720	9283960	9782330	9782330
357	10014310	9284870	9783320	9783320
358	10014180	9284650	9783420	9783420
359	10030370	9285540	9784110	9784110
360	10015070	9285520	9783930	9783930
361	10015370	9285580	9784220	9784220
362	10015290	9285740	9784050	9784050
363	10015190	9285440	9783790	9783790
364	10015290	9285510	9783380	9783380
365	10013930	9284460	9782720	9782720
366	10014040	9284580	9782510	9782510
367	10014210	9284590	9782580	9782580
368	10014950	9285220	9783550	9783550
369	10015560	9285710	9783820	9783820
370	10014760	9285160	9783760	9783760
371	10014690	9285000	9783390	9783390
372	10014340	9284750	9783740	9783740
373	10014600	9285030	9783700	9783700
374	10014770	9285280	9783430	9783430
375	10014250	9284440	9782880	9782880
376	10014690	9284640	9783500	9783500
377	10015490	9285370	9783550	9783550
378	10015570	9285910	9783840	9783840
379	10014920	9285650	9784280	9784280
380	10014940	9285340	9783620	9783620
381	10014580	9284910	9783820	9783820
382	10015210	9285650	9784310	9784310
383	10016540	9286660	9785090	9785090
384	10015760	9286240	9784720	9784720
385	10015420	9285660	9783810	9783810
386	10014140	9284580	9783170	9783170
387	10014840	9284900	9782770	9782770
388	10014700	9284830	9782800	9782800
389	10015250	9285590	9784020	9784020
390	10015690	9286080	9783920	9783920
391	10015600	9285960	9784650	9784650
392	10015320	9285590	9784490	9784490
393	9996590	9284820	9783150	9783150
394	10014000	9284660	9783100	9783100
395	10014470	9285060	9783630	9783630
396	10014990	9285380	9783580	9783580
397	10014750	9285360	9783620	9783620
398	10015470	9286090	9784450	9784450
399	10015890	9286260	9784060	9784060
400	10014930	9285330	9783170	9783170
401	10015520	9285780	9783700	9783700
402	10016080	9286200	9784010	9784010
403	10015710	9285980	9784010	9784010
404	10015460	9285580	9783510	9783510
405	10015410	9285520	9783730	9783730
406	10015280	9285680	9783650	9783650
407	10015490	9285750	9784690	9784690
408	10014490	9284610	9783550	9783550
409	10014800	9284620	9783630	9783630
410	10015380	9285260	9784330	9784330
411	10015270	9285220	9784300	9784300
412	10014800	9284840	9783080	9783080
413	10015240	9285160	9784000	9784000
414	10015110	9285270	9783570	9783570
415	10014790	9284710	9783550	9783550
416	10015210	9285410	9783500	9783500
417	10014740	9285020	9783460	9783460
418	10014560	9284660	9783380	9783380
419	10014000	9283940	9783540	9783540
420	10014300	9284550	9783040	9783040
421	10014320	9284840	9783710	9783710
422	10014540	9284870	9783050	9783050
423	10014810	9285200	9784130	9784130
424	10015010	9285440	9784190	9784190
425	10015410	9285370	9784390	9784390
426	10015060	9285140	9784000	9784000
427	10015490	9285830	9783900	9783900
428	10015290	9285480	9784240	9784240
429	10015620	9285860	9784360	9784360
430	10016100	9286200	9784590	9784590
431	10015280	9285530	9784130	9784130
432	10014890	9285180	9783950	9783950
433	10015250	9285470	9783920	9783950
434	10016060	9286350	9784930	9784930
435	10015830	9285870	9785010	9785010
436	10015230	9285400	9784070	9784070
437	10015300	9285340	9784660	9784660
438	10015100	9285090	9784330	9784330
439	10015250	9285540	9784510	9784510
440	10016440	9286450	9784920	9784920
441	10014860	9285400	9784700	9784700
442	10014350	9285070	9784210	9784210
443	10014340	9285020	9783480	9783480
444	10014550	9285060	9783490	9783480
445	10014500	9284820	9783220	9783230
446	10014610	9284850	9783270	9783670
447	10015060	9285110	9784080	9784080
448	10015190	9285450	9784570	9784570
449	10015360	9285480	9784240	9784240
450	10015270	9285590	9784090	9784090
451	10015020	9285270	9784350	9784350
452	10014330	9284600	9783850	9783850
453	10014000	9284370	9783360	9783360
454	10014450	9284970	9783540	9783540
455	10015150	9285500	9783760	9783760
456	10014830	9285240	9783170	9783170
457	10015000	9285150	9783530	9783530
458	10014760	9284800	9782950	9782950
459	10014960	9284780	9783350	9783350
460	10014270	9284540	9782870	9782870
461	10015110	9285390	9783670	9783670
462	10015230	9285070	9783690	9783690
463	10015010	9285120	9782880	9782880
464	10015560	9285580	9784070	9784070
465	10015550	9285610	9784540	9784530
466	10015210	9285270	9783420	9783430
467	10015150	9285160	9784100	9784100
468	10014920	9285130	9784110	9784010
469	10014610	9284600	9784010	9784010
470	10014970	9285140	9783570	9783570
471	10014750	9284570	9784200	9784200
472	10015180	9285260	9784000	9784000
473	10015440	9285640	9784370	9784360
474	10015650	9285640	9784680	9784680
475	10015460	9285320	9784690	9784700
476	10015550	9285340	9784630	9784620
477	10015890	9285580	9784990	9785000
478	10015470	9285220	9784280	9784280
479	10015200	9284990	9784060	9784060
480	10015140	9285130	9783930	9783930
481	10014850	9285020	9784500	9784490
482	10015610	9285650	9784430	9784430
483	10015250	9285250	9784420	9784430
484	10014660	9285110	9783940	9783940
485	10014170	9284330	9783390	9783390
486	10015180	9285200	9784140	9784140
487	10015410	9285590	9784560	9784560
488	10014880	9285000	9783410	9783410
489	10014720	9284840	9783630	9783630
490	10015040	9284920	9783800	9783800
491	10015350	9285120	9783850	9783850
492	10015860	9285670	9784810	9784810
493	10015810	9285490	9784400	9784400
494	10014990	9284910	9783760	9783760
495	10015170	9284870	9783560	9783560
496	10014490	9284250	9783390	9783390
497	10015040	9284980	9783840	9783840
498	10014570	9284470	9783090	9783040
499	10014870	9284570	9783480	9783480

============================================================
# BITSTREAM: 10ms_3etapas.bit
# VENTANA: 10ms
# ETAPAS_PRINCIPAL: 3
# NUM_MUESTRAS: 500
# FORMATO: idx	freq1_hz	freq2_hz	freq3_hz	freq4_hz
============================================================
idx	freq1_hz	freq2_hz	freq3_hz	freq4_hz
0	33959600	33959500	35148300	35148300
1	33962700	33962800	35149400	35149400
2	33960800	33960800	35148100	35148100
3	33962000	33961900	35150400	35150400
4	33960900	33960900	35148800	35148800
5	33959100	33959100	35146300	35146300
6	33955200	33955300	35144500	35144500
7	33958500	33958400	35144500	35144500
8	33956800	33956900	35142600	35142600
9	33961100	33961000	35145600	35145700
10	33959500	33959500	35146000	35145900
11	33958500	33958500	35146600	35146600
12	33958200	33958200	35145300	35145300
13	33962600	33962700	35147200	35147200
14	33962000	33961900	35147600	35147600
15	33961900	33961900	35147600	35147600
16	33961600	33961600	35148900	35148900
17	33963700	33963700	35150300	35150300
18	33961200	33961200	35149100	35149100
19	33960600	33960600	35148700	35148700
20	33961600	33961600	35148000	35148000
21	33963000	33963000	35148300	35148400
22	33962400	33962400	35148200	35148200
23	33963100	33963100	35148900	35148800
24	33963000	33963100	35149900	35149900
25	33957800	33957800	35146600	35146600
26	33957300	33957200	35146900	35146900
27	33958400	33958400	35146000	35146000
28	33956400	33956400	35145900	35145900
29	33956700	33956700	35146900	35146900
30	33960300	33960300	35146600	35146600
31	33962500	33962600	35148200	35148200
32	33961400	33961300	35144900	35144900
33	33963700	33963700	35148000	35148000
34	33962000	33962100	35147800	35147800
35	33961600	33961600	35145300	35145300
36	33961200	33961100	35146000	35146000
37	33958600	33958700	35144400	35144400
38	33959400	33959300	35146900	35146900
39	33960800	33960800	35146300	35146300
40	33962300	33962300	35147400	35147400
41	33962100	33962100	35148100	35148100
42	33965500	33965500	35148200	35148200
43	33962100	33962200	35147400	35147400
44	33960300	33960300	35146900	35146900
45	33959400	33959300	35146300	35146300
46	33960100	33960100	35145900	35145900
47	33957300	33957300	35145200	35145200
48	33956300	33956300	35144300	35144300
49	33960200	33960200	35148900	35148900
50	33962000	33962000	35148700	35148700
51	33965100	33965100	35150500	35150500
52	33962900	33962900	35150800	35150800
53	33961600	33961600	35149600	35149600
54	33960200	33960200	35145800	35145800
55	33964600	33964700	35149700	35149700
56	33963700	33963600	35150600	35150700
57	33966700	33966800	35151700	35151600
58	33965300	33965200	35150900	35150900
59	33965200	33965200	35151800	35151800
60	33966100	33966100	35151900	35151900
61	33964000	33964000	35149500	35149600
62	33964500	33964500	35151700	35151600
63	33965000	33965100	35151500	35151500
64	33964800	33964700	35150300	35150300
65	33968900	33968900	35152200	35152200
66	33967300	33967300	35153800	35153800
67	33966700	33966700	35151800	35151800
68	33966600	33966600	35152100	35152100
69	33960900	33960900	35151200	35151200
70	33961700	33961700	35149300	35149300
71	33965000	33965000	35151400	35151400
72	33965100	33965200	35151000	35151000
73	33969800	33969700	35152900	35152900
74	33967900	33967900	35152600	35152600
75	33963200	33963200	35150300	35150300
76	33962600	33962600	35151700	35151700
77	33963500	33963500	35150400	35150400
78	33965600	33965600	35150900	35150900
79	33962300	33962300	35148800	35148800
80	33965900	33965900	35150900	35151000
81	33961700	33961700	35147600	35147500
82	33958900	33958900	35144100	35144100
83	33957800	33957800	35144900	35144900
84	33954100	33954100	35144700	35144700
85	33954900	33954900	35143300	35143300
86	33955000	33955000	35143900	35143900
87	33954100	33954200	35143400	35143400
88	33955800	33955700	35145000	35145000
89	33955800	33955800	35145800	35145700
90	33955300	33955400	35144600	35144700
91	33956300	33956300	35145600	35145600
92	33958600	33958500	35146200	35146200
93	33960200	33960200	35145600	35145600
94	33957300	33957300	35144100	35144100
95	33955600	33955600	35143200	35143200
96	33955600	33955600	35143100	35143100
97	33953900	33954000	35142800	35142800
98	33954200	33954100	35142800	35142800
99	33952000	33952000	35142500	35142500
100	33953200	33953300	35142400	35142400
101	33950800	33950800	35141200	35141200
102	33950800	33950700	35141300	35141300
103	33952900	33953000	35142800	35142800
104	33955100	33955000	35141200	35141200
105	33955200	33955200	35141100	35141100
106	33955200	33955200	35143900	35143900
107	33955000	33955000	35143700	35143700
108	33955100	33955100	35143600	35143600
109	33960600	33960700	35145000	35145000
110	33957700	33957600	35144700	35144700
111	33958400	33958400	35143000	35143000
112	33956600	33956700	35143100	35143100
113	33959500	33959400	35144300	35144300
114	33956000	33956000	35142900	35142900
115	33955000	33955100	35141100	35141100
116	33955200	33955200	35141600	35141600
117	33953400	33953400	35142300	35142300
118	33951700	33951600	35141800	35141800
119	33951200	33951200	35141800	35141800
120	33946800	33946800	35139700	35139700
121	33944700	33944700	35139400	35139400
122	33949100	33949100	35141000	35141000
123	33952700	33952700	35143500	35143500
124	33953100	33953200	35143500	35143500
125	33950200	33950200	35141600	35141600
126	33949700	33949600	35141500	35141500
127	33953500	33953600	35142900	35142900
128	33955200	33955100	35143900	35143900
129	33954700	33954800	35143100	35143100
130	33958900	33958800	35143500	35143500
131	33959200	33959200	35143300	35143300
132	33956600	33956600	35141400	35141400
133	33952000	33952000	35140900	35140900
134	33955300	33955400	35142600	35142600
135	33959000	33959000	35144200	35144200
136	33958800	33958700	35144800	35144800
137	33956700	33956700	35143200	35143200
138	33961700	33961700	35146300	35146300
139	33962900	33962900	35147600	35147800
140	33959200	33959200	35145400	35145400
141	33959000	33959000	35146700	35146700
142	33958800	33958800	35145600	35145600
143	33959300	33959400	35145400	35145400
144	33962500	33962400	35146800	35146800
145	33952800	33952800	35144500	35144500
146	33958100	33958100	35146200	35146200
147	33959200	33959200	35145700	35146100
148	33962100	33962200	35147100	35147100
149	33959300	33959200	35146400	35146400
150	33957100	33957100	35145900	35145900
151	33959800	33959800	35148000	35148000
152	33958300	33958400	35147900	35147900
153	33952100	33952000	35144200	35144200
154	33958700	33958700	35147900	35147900
155	33955800	33955900	35145100	35145100
156	33956000	33955900	35146200	35146200
157	33954500	33954500	35145900	35145900
158	33958700	33958700	35147300	35147300
159	33957100	33957100	35147300	35147300
160	33953000	33953000	35140700	35140700
161	33953400	33953400	35141900	35141900
162	33952400	33952500	35143000	35143000
163	33950400	33950300	35143000	35143000
164	33958500	33958600	35146400	35146400
165	33960400	33960400	35147400	35147400
166	33958200	33958100	35147900	35147900
167	33956700	33956700	35147200	35147200
168	33955900	33955900	35145500	35145500
169	33955300	33955300	35143900	35143900
170	33955200	33955200	35144100	35144100
171	33953600	33953600	35142800	35142800
172	33956500	33956600	35144500	35144500
173	33958100	33958100	35145700	35145700
174	33953400	33953300	35141600	35141600
175	33949700	33949700	35141400	35141400
176	33952500	33952500	35141600	35141600
177	33952900	33952900	35142500	35142500
178	33952800	33952800	35140800	35140800
179	33947600	33947600	35138300	35138300
180	33951500	33951500	35140700	35137500
181	33954400	33954400	35144300	35144300
182	33953000	33953000	35143000	35143000
183	33953100	33953100	35142500	35142500
184	33953400	33953400	35142200	35142200
185	33960300	33960300	35145400	35145400
186	33955900	33955900	35142500	35142500
187	33952200	33952200	35142100	35142100
188	33952800	33952800	35143800	35143800
189	33955800	33955800	35144700	35144700
190	33958900	33958900	35146700	35146700
191	33958400	33958400	35147100	35147100
192	33956200	33956200	35145400	35145400
193	33954200	33954200	35143800	35143800
194	33951900	33951900	35142200	35142200
195	33949300	33949300	35140800	35140800
196	33951500	33951600	35142000	35142000
197	33952700	33952600	35141600	35141600
198	33953000	33953000	35140900	35140900
199	33953300	33953300	35143100	35146300
200	33952300	33952300	35143000	35143000
201	33953300	33953300	35145200	35145200
202	33953700	33953700	35143200	35143200
203	33951700	33951800	35141000	35141000
204	33951900	33951800	35141200	35141200
205	33954300	33954300	35143900	35143900
206	33953700	33953800	35144000	35144100
207	33962200	33962100	35150300	35150200
208	33957900	33957900	35146400	35146400
209	33961400	33961400	35147600	35147600
210	33962400	33962500	35150300	35150300
211	33960700	33960600	35150400	35150500
212	33960500	33960500	35149100	35149000
213	33957600	33957700	35147700	35147700
214	33957700	33957600	35147200	35147300
215	33963200	33963200	35149800	35149700
216	33963100	33963100	35149400	35149400
217	33965100	33965100	35152000	35152000
218	33964300	33964300	35150400	35150400
219	33965100	33965100	35151200	35151200
220	33963000	33963000	35149600	35149600
221	33961500	33961600	35148000	35148000
222	33960000	33959900	35148100	35148100
223	33965500	33965500	35152500	35152400
224	33964100	33964100	35150300	35150400
225	33960000	33960000	35148100	35148100
226	33962100	33962100	35147600	35147600
227	33962500	33962500	35148900	35148900
228	33956700	33956700	35148500	35148500
229	33957100	33957100	35147700	35147700
230	33954700	33954700	35146200	35146200
231	33955800	33955800	35146900	35146900
232	33955400	33955400	35145700	35145700
233	33959700	33959800	35149200	35149200
234	33959500	33959400	35148400	35148400
235	33961400	33961500	35150100	35150100
236	33960300	33960200	35149600	35150000
237	33961000	33961000	35149300	35149300
238	33961900	33961900	35149900	35149900
239	33960400	33960400	35150100	35150100
240	33962400	33962400	35150600	35150600
241	33959400	33959400	35150000	35150000
242	33958400	33958400	35148500	35148500
243	33960900	33961000	35149800	35149800
244	33963300	33963200	35153400	35153400
245	33961100	33961100	35151000	35151000
246	33961600	33961700	35150500	35150500
247	33963200	33963100	35151500	35151500
248	33964900	33964900	35151100	35151100
249	33958400	33958500	35147900	35147900
250	33958800	33958800	35149400	35149400
251	33956600	33956500	35146800	35146700
252	33961000	33961000	35149500	35149600
253	33961200	33961200	35149600	35149600
254	33959200	33959200	35147300	35147300
255	33959100	33959200	35148400	35148400
256	33957900	33957800	35147300	35147300
257	33956400	33956400	35146400	35146400
258	33957000	33957000	35146300	35146300
259	33961200	33961200	35149400	35149400
260	33963600	33963600	35151700	35151700
261	33966100	33966200	35152300	35152300
262	33961300	33961200	35147300	35147300
263	33958600	33958700	35146500	35146500
264	33957400	33957400	35145600	35145600
265	33955100	33955000	35145100	35145100
266	33953300	33953400	35144300	35144300
267	33954800	33954700	35144200	35144200
268	33955100	33955100	35142600	35142600
269	33950700	33950700	35142300	35142300
270	33949600	33949600	35141700	35141700
271	33950300	33950300	35142300	35142300
272	33950700	33950700	35142600	35142600
273	33954600	33954600	35145800	35145800
274	33954200	33954300	35145900	35145900
275	33954400	33954300	35145100	35145100
276	33953300	33953400	35145800	35145900
277	33955700	33955700	35145900	35145800
278	33958900	33958800	35147100	35147100
279	33956200	33956300	35145500	35145500
280	33955100	33955000	35144900	35144900
281	33955000	33955000	35144200	35144200
282	33957600	33957700	35146500	35146500
283	33954400	33954300	35145500	35145500
284	33954700	33954700	35146300	35146300
285	33956100	33956100	35146700	35146700
286	33954600	33954600	35148100	35148100
287	33955700	33955800	35146300	35146300
288	33963500	33963500	35150100	35150100
289	33957800	33957700	35146000	35146000
290	33961800	33961900	35150400	35150400
291	33958700	33958600	35148500	35148500
292	33956000	33956100	35144400	35144400
293	33958100	33958000	35146900	35146900
294	33958300	33958300	35147000	35147000
295	33959800	33959900	35148800	35148800
296	33960700	33960600	35149700	35149700
297	33961200	33961200	35150500	35150500
298	33965300	33965300	35152200	35152200
299	33965300	33965300	35153200	35153200
300	33964700	33964700	35153000	35153000
301	33959900	33959900	35149200	35149200
302	33957200	33957200	35147300	35147300
303	33961000	33961000	35147800	35147800
304	33964100	33964200	35152600	35152700
305	33962600	33962500	35151800	35151700
306	33963400	33963500	35151500	35151500
307	33962400	33962300	35148500	35148500
308	33961600	33961600	35148800	35148800
309	33957900	33958000	35147400	35147400
310	33960300	33960200	35148000	35148000
311	33961700	33961800	35149900	35149900
312	33962200	33962100	35148600	35148600
313	33964100	33964200	35150100	35150100
314	33960900	33960800	35148600	35148600
315	33960800	33960900	35148600	35148600
316	33961300	33961200	35149700	35149700
317	33960500	33960500	35149300	35149300
318	33960300	33960300	35144800	35144800
319	33955600	33955700	35145100	35145100
320	33961900	33961900	35148900	35148900
321	33961600	33961500	35146500	35146500
322	33960300	33960300	35147100	35146500
323	33963700	33963700	35151500	35151500
324	33963000	33963000	35150200	35150200
325	33966700	33966700	35149500	35149500
326	33962300	33962300	35147900	35147900
327	33964800	33964800	35151100	35151100
328	33963000	33963100	35149900	35149900
329	33961300	33961200	35149000	35149000
330	33961900	33962000	35150200	35150200
331	33960400	33960300	35148100	35148200
332	33961800	33961800	35147200	35147100
333	33960200	33960200	35146700	35146700
334	33963000	33963000	35148400	35148400
335	33963100	33963200	35149300	35149300
336	33960100	33960000	35146900	35146900
337	33962100	33962100	35148800	35148800
338	33958600	33958600	35146500	35146600
339	33959100	33959200	35146300	35146200
340	33956900	33956800	35144300	35144300
341	33960600	33960600	35144900	35144900
342	33960100	33960100	35144300	35144300
343	33964300	33964300	35148800	35148800
344	33963100	33963200	35146800	35146800
345	33961900	33961900	35147700	35147700
346	33965700	33965700	35149900	35149900
347	33961700	33961600	35146900	35146900
348	33960800	33960800	35146200	35146200
349	33958700	33958800	35144700	35144700
350	33961500	33961500	35147000	35147000
351	33958500	33958400	35147200	35147200
352	33960300	33960400	35146200	35146200
353	33957800	33957700	35145000	35145000
354	33957400	33957400	35145400	35145400
355	33957200	33957200	35145900	35146000
356	33958600	33958600	35146200	35146100
357	33961000	33961000	35146900	35146900
358	33964200	33964200	35149100	35149100
359	33962700	33962700	35147600	35147600
360	33958400	33958400	35146800	35146800
361	33961700	33961700	35147900	35147900
362	33963900	33964000	35148500	35148500
363	33963800	33963700	35148000	35148000
364	33958900	33958900	35145300	35145300
365	33959300	33959300	35144900	35144900
366	33959900	33959900	35145200	35145200
367	33965000	33965000	35147900	35144500
368	33964300	33964300	35148500	35148500
369	33963600	33963600	35149300	35149300
370	33964700	33964700	35150700	35150700
371	33961600	33961600	35147900	35148000
372	33962600	33962600	35148800	35148700
373	33963300	33963400	35149300	35149300
374	33964100	33964000	35148800	35148800
375	33961000	33961100	35146400	35146400
376	33962400	33962300	35148900	35148900
377	33959400	33959400	35144800	35144800
378	33957900	33957900	35144500	35144500
379	33958200	33958200	35144800	35144800
380	33955100	33955100	35143300	35143300
381	33957000	33957000	35142600	35142600
382	33958900	33958900	35142800	35142800
383	33964300	33964300	35145500	35145500
384	33962900	33962900	35147800	35147800
385	33961100	33961100	35148000	35148000
386	33959400	33959400	35147000	35147100
387	33961600	33961600	35148300	35148200
388	33966600	33966600	35150100	35150100
389	33965700	33965700	35147200	35147200
390	33964700	33964700	35147300	35147300
391	33968200	33968200	35148600	35148600
392	33968600	33968600	35149800	35149800
393	33969800	33969800	35151700	35151700
394	33969000	33969000	35152400	35152400
395	33968600	33968600	35151900	35151900
396	33966900	33966900	35150500	35150500
397	33964300	33964300	35149200	35149200
398	33962800	33962800	35150500	35150500
399	33962300	33962300	35149600	35149600
400	33968400	33968400	35152500	35152500
401	33969100	33969100	35151400	35151400
402	33972500	33972500	35153200	35153200
403	33970300	33970300	35150400	35150400
404	33969700	33969700	35149600	35149600
405	33970900	33971000	35152800	35152800
406	33969500	33969400	35153400	35153400
407	33970100	33970100	35153100	35153200
408	33966600	33966600	35151100	35151000
409	33968800	33968800	35151500	35151500
410	33967800	33967800	35149400	35149400
411	33963500	33963500	35147600	35147600
412	33966900	33966900	35148300	35148300
413	33965000	33965000	35147500	35147500
414	33961900	33961900	35145900	35145900
415	33961700	33961700	35146000	35146000
416	33965200	33965200	35148200	35148200
417	33966200	33966200	35146800	35146800
418	33963400	33963400	35146200	35146200
419	33961000	33961100	35145000	35145000
420	33963100	33963000	35146600	35146600
421	33963500	33963500	35145500	35145500
422	33965600	33965700	35148400	35148500
423	33963100	33963100	35148500	35148400
424	33963300	33963200	35146800	35146900
425	33966200	33966200	35148200	35148100
426	33967200	33967200	35149700	35149800
427	33968100	33968100	35149800	35149700
428	33969600	33969600	35151300	35151300
429	33973000	33973000	35153200	35153200
430	33974400	33974400	35153700	35153700
431	33970600	33970600	35151100	35151100
432	33967100	33967100	35150100	35150100
433	33966200	33966200	35148900	35148900
434	33962600	33962600	35148000	35148000
435	33964300	33964300	35149500	35149500
436	33965700	33965700	35150000	35150000
437	33966400	33966400	35150100	35150100
438	33969300	33969300	35151600	35151600
439	33969800	33969800	35150600	35150600
440	33967000	33967000	35149100	35149100
441	33966400	33966400	35148900	35148900
442	33963400	33963500	35148000	35148000
443	33962100	33962000	35148900	35148900
444	33961700	33961700	35148700	35148700
445	33962300	33962300	35147800	35147800
446	33962400	33962400	35146800	35146800
447	33960900	33960900	35144900	35144900
448	33963200	33963200	35146800	35146800
449	33965500	33965500	35150500	35150500
450	33966400	33966400	35151200	35151200
451	33967200	33967200	35150600	35150600
452	33972200	33972200	35155700	35155700
453	33969400	33969400	35152900	35153000
454	33972800	33972800	35155200	35155100
455	33968500	33968500	35152700	35152700
456	33967500	33967500	35151200	35151200
457	33970400	33970500	35153600	35153700
458	33969600	33969500	35153200	35153100
459	33969800	33969800	35152600	35152600
460	33968100	33968100	35151400	35151400
461	33971900	33971900	35152800	35152800
462	33971200	33971200	35152100	35152100
463	33967100	33967100	35149800	35149800
464	33967400	33967400	35149900	35149900
465	33966400	33966500	35151700	35151700
466	33973900	33973900	35153100	35153100
467	33969900	33969800	35151200	35151200
468	33972100	33972100	35152100	35152100
469	33973000	33973100	35153500	35153500
470	33971800	33971700	35154200	35154200
471	33971600	33971700	35154000	35154000
472	33969000	33968900	35150800	35150800
473	33966500	33966500	35149900	35149900
474	33962600	33962600	35147600	35147600
475	33959300	33959300	35147100	35147100
476	33959200	33959300	35147700	35147700
477	33962600	33962500	35150000	35150000
478	33966600	33966600	35151400	35151400
479	33963400	33963400	35149900	35149900
480	33965300	33965300	35152300	35152300
481	33965200	33965300	35150100	35150100
482	33964400	33964300	35149600	35149600
483	33968300	33968300	35152000	35151900
484	33969600	33969600	35154600	35154700
485	33970600	33970600	35154000	35154000
486	33967300	33967400	35152200	35152200
487	33969300	33969200	35152400	35152400
488	33971000	33971000	35154000	35154000
489	33974700	33974800	35157500	35157500
490	33971000	33971000	35153900	35153900
491	33970000	33970000	35154500	35154500
492	33966400	33966400	35152300	35152300
493	33965800	33965700	35152100	35152100
494	33963000	33963000	35149400	35149400
495	33965300	33965300	35148500	35148500
496	33969100	33969100	35151000	35151000
497	33965500	33965600	35150900	35150900
498	33968300	33968200	35152600	35152600
499	33971000	33971000	35154400	35154400

============================================================
# BITSTREAM: 10ms_5etapas.bit
# VENTANA: 10ms
# ETAPAS_PRINCIPAL: 5
# NUM_MUESTRAS: 500
# FORMATO: idx	freq1_hz	freq2_hz	freq3_hz	freq4_hz
============================================================
idx	freq1_hz	freq2_hz	freq3_hz	freq4_hz
0	33790200	33790200	33790200	33790200
1	33790900	33790900	33790900	33790900
2	33792400	33792400	33792400	33792400
3	33795800	33795800	33795800	33795800
4	33792400	33792500	33792500	33792500
5	33793500	33793500	33793500	33793500
6	33794400	33794400	33794400	33794400
7	33794300	33794200	33794200	33794200
8	33794800	33794900	33794900	33794900
9	33793800	33793800	33793800	33793800
10	33796500	33796400	33796400	33796400
11	33792900	33793000	33793000	33792900
12	33794800	33794700	33794700	33794800
13	33795100	33795200	33795200	33795200
14	33795700	33795700	33795700	33795600
15	33794100	33794000	33794000	33794100
16	33793900	33794000	33794000	33794000
17	33794100	33794000	33794000	33794000
18	33792800	33792800	33792800	33792800
19	33791800	33791800	33791800	33791800
20	33794000	33794000	33794000	33794000
21	33796000	33796100	33796100	33796100
22	33795400	33795300	33795300	33795300
23	33795200	33795200	33795200	33795200
24	33794100	33794100	33794100	33794100
25	33790600	33790700	33790700	33790700
26	33792600	33792600	33792600	33792500
27	33792900	33792800	33792800	33792900
28	33796400	33796400	33796400	33796400
29	33795300	33795400	33795400	33795400
30	33795500	33795500	33795500	33795400
31	33796500	33796400	33796400	33796500
32	33796800	33796800	33796800	33796800
33	33795300	33795400	33795300	33795300
34	33794700	33797800	33794700	33794700
35	33795200	33795100	33795200	33795200
36	33796500	33796600	33796600	33796600
37	33797100	33797000	33797000	33797000
38	33796800	33796800	33796800	33796800
39	33796700	33796800	33796800	33796800
40	33796100	33796100	33796100	33796100
41	33796800	33796700	33796700	33796700
42	33797400	33797400	33797400	33797400
43	33798300	33795400	33798400	33798400
44	33798000	33798000	33798000	33798000
45	33796000	33795900	33795900	33795900
46	33795700	33795800	33795700	33795700
47	33792600	33792600	33792700	33792700
48	33792700	33792600	33792600	33792600
49	33792800	33792900	33792900	33792800
50	33793600	33793500	33793500	33793600
51	33794800	33794800	33794800	33794800
52	33794300	33794300	33794300	33794300
53	33796000	33796000	33796000	33796000
54	33796000	33796000	33796000	33796000
55	33794500	33794600	33794600	33794600
56	33792500	33795600	33795600	33795600
57	33794400	33794400	33794400	33794400
58	33793400	33793400	33793400	33793400
59	33796300	33796300	33796300	33796300
60	33797200	33797300	33797300	33797200
61	33796700	33796700	33796600	33796700
62	33794900	33794900	33795000	33795000
63	33795000	33794900	33794900	33794900
64	33796600	33796600	33796600	33796600
65	33797700	33797700	33797700	33797700
66	33796400	33796400	33796400	33796400
67	33798700	33798800	33798800	33798800
68	33798400	33798400	33798300	33798300
69	33800200	33800100	33800200	33800200
70	33799000	33799000	33799000	33799000
71	33797400	33797400	33797400	33797400
72	33795900	33795900	33795900	33795900
73	33797600	33797700	33797700	33797600
74	33796300	33796300	33796300	33796400
75	33797500	33797500	33797500	33797500
76	33798300	33798200	33798200	33798200
77	33797400	33797400	33797500	33797500
78	33793600	33793500	33793500	33793500
79	33794900	33794900	33794900	33794900
80	33794200	33794200	33794200	33794200
81	33795400	33795400	33795400	33795400
82	33796600	33796700	33796700	33796700
83	33795200	33795100	33795100	33795100
84	33793900	33793900	33793900	33793900
85	33795400	33795400	33795400	33795400
86	33795900	33796200	33796000	33796000
87	33795900	33795900	33795900	33795800
88	33797400	33797400	33797400	33797500
89	33797300	33797200	33797200	33797200
90	33796500	33796600	33796600	33796600
91	33799300	33799200	33799200	33799200
92	33798700	33798800	33798800	33798800
93	33796300	33796200	33796200	33796200
94	33796400	33796600	33796400	33796400
95	33798800	33798700	33798800	33798800
96	33798000	33798100	33798100	33798100
97	33799600	33799500	33799500	33799500
98	33797900	33797900	33797900	33797900
99	33797900	33798300	33798000	33798000
100	33798100	33798000	33798000	33798000
101	33798900	33799000	33799000	33798900
102	33796100	33799400	33796000	33796100
103	33795600	33795600	33795600	33795600
104	33796100	33796100	33796100	33796100
105	33797100	33797200	33797200	33797200
106	33794800	33798000	33794700	33794700
107	33794800	33794700	33794800	33794800
108	33791800	33791800	33791800	33791800
109	33793900	33793900	33793900	33793900
110	33794100	33794200	33794200	33794200
111	33793200	33793100	33793100	33793100
112	33792400	33792500	33792500	33792500
113	33790500	33790400	33790400	33790400
114	33792200	33792200	33792200	33792200
115	33795300	33795400	33792200	33795400
116	33795000	33794900	33794900	33794900
117	33794700	33794800	33794800	33794800
118	33794100	33794000	33794000	33794000
119	33792600	33792600	33792600	33792600
120	33792300	33792400	33792400	33792400
121	33794200	33794100	33794100	33794100
122	33795500	33795600	33795600	33795600
123	33794100	33794000	33794000	33794000
124	33797500	33797500	33797500	33797500
125	33798500	33795500	33798600	33798600
126	33795500	33795500	33795500	33795500
127	33794400	33794300	33794300	33794300
128	33796800	33796800	33796800	33796800
129	33795800	33795800	33795800	33795800
130	33794800	33794800	33798000	33794800
131	33795200	33795200	33794800	33795200
132	33792700	33792800	33792800	33792800
133	33793700	33793600	33793600	33793600
134	33792700	33792800	33792800	33792800
135	33791400	33791300	33869600	33791300
136	33791500	33791600	33791500	33791500
137	33793500	33793400	33793500	33793500
138	33793800	33793800	33793800	33793800
139	33794900	33795000	33795000	33795000
140	33794600	33794500	33794500	33794500
141	33792800	33792800	33792800	33792800
142	33793500	33793600	33793600	33793600
143	33793500	33793500	33793500	33793500
144	33794600	33794600	33794600	33794600
145	33792100	33792000	33792000	33792000
146	33792200	33792300	33792300	33792200
147	33792400	33792300	33792300	33792400
148	33791900	33792000	33791900	33791900
149	33789700	33789600	33789700	33789700
150	33792500	33792600	33792600	33792600
151	33794600	33794600	33794600	33794600
152	33796900	33796900	33796900	33796900
153	33795500	33795500	33795500	33795500
154	33795500	33795400	33795400	33795400
155	33794800	33794800	33794800	33794800
156	33796900	33796900	33796900	33796900
157	33797100	33797100	33797100	33797100
158	33797100	33797100	33797100	33797100
159	33798100	33798200	33798200	33798200
160	33797700	33797600	33797600	33797600
161	33797000	33797000	33797000	33797000
162	33794800	33794900	33794900	33794800
163	33794800	33794700	33794700	33794800
164	33793400	33793500	33793500	33793500
165	33793100	33793100	33793100	33793100
166	33793700	33793600	33793600	33793600
167	33794500	33794400	33794500	33794500
168	33792000	33791900	33792000	33792000
169	33792100	33792100	33792100	33792100
170	33794600	33794700	33794700	33794700
171	33796100	33796100	33796100	33796100
172	33791000	33791100	33791000	33791000
173	33790700	33790700	33790700	33790600
174	33789000	33788900	33788900	33789000
175	33791700	33791700	33791700	33791700
176	33794600	33794700	33804300	33794700
177	33795800	33795800	33795800	33795800
178	33795000	33798200	33794900	33794900
179	33793700	33793700	33793800	33793700
180	33795000	33794900	33794900	33795000
181	33792900	33793000	33793000	33793000
182	33791100	33791000	33791000	33791000
183	33793700	33793700	33793700	33793700
184	33795700	33795800	33795700	33795700
185	33798900	33798900	33798900	33798900
186	33796000	33795900	33796000	33796000
187	33794900	33795000	33795000	33795000
188	33794900	33794900	33794900	33794900
189	33793200	33793100	33793100	33793100
190	33794500	33794600	33794600	33794600
191	33792700	33792600	33792600	33792600
192	33791700	33791800	33791700	33791700
193	33793200	33793200	33793200	33793200
194	33795100	33795100	33795200	33795200
195	33794600	33794500	33794500	33794500
196	33793600	33793700	33793700	33793600
197	33793600	33793500	33793500	33793600
198	33795000	33795100	33795100	33795100
199	33794100	33794000	33794000	33794000
200	33794700	33794800	33794800	33794800
201	33794600	33794600	33794600	33794600
202	33795000	33794900	33794900	33794900
203	33794700	33794700	33794700	33794700
204	33795700	33795800	33795700	33795700
205	33795400	33795300	33795400	33795400
206	33794500	33794600	33794600	33794600
207	33793100	33793100	33793000	33793000
208	33794200	33794200	33793000	33794300
209	33797100	33797000	33797100	33797100
210	33799500	33799500	33799500	33799500
211	33801100	33801100	33801000	33801000
212	33797300	33797300	33801000	33797400
213	33797200	33797200	33797200	33797100
214	33798600	33798600	33798600	33798700
215	33797500	33797500	33797500	33797500
216	33794300	33794300	33794300	33794300
217	33795100	33795000	33795000	33795000
218	33795900	33795900	33795900	33795900
219	33795500	33795500	33795500	33795500
220	33795400	33795500	33795500	33795500
221	33796700	33796600	33796600	33796600
222	33797300	33797400	33797400	33797400
223	33797200	33797100	33797100	33797100
224	33795600	33795700	33795700	33795600
225	33797500	33797500	33797500	33797500
226	33796200	33796100	33796100	33796200
227	33794900	33794900	33794900	33794900
228	33793900	33793900	33793900	33793900
229	33791800	33791800	33791800	33791800
230	33791800	33791800	33791800	33791800
231	33792100	33792200	33792100	33792100
232	33792100	33792100	33792100	33792100
233	33790300	33790300	33790400	33790400
234	33791700	33791600	33791600	33791600
235	33790500	33790600	33790600	33790600
236	33790400	33790300	33790300	33790300
237	33790400	33790500	33790500	33790500
238	33791200	33791200	33791200	33791200
239	33793400	33793300	33793300	33793300
240	33795600	33795600	33795600	33795600
241	33794300	33794400	33794400	33794400
242	33794100	33794100	33794100	33794100
243	33795100	33795100	33795000	33795000
244	33795400	33795400	33795500	33795500
245	33796500	33796400	33796600	33796400
246	33795100	33795100	33795100	33795100
247	33797500	33797500	33797500	33797500
248	33796700	33796700	33796700	33796700
249	33792700	33795900	33792700	33792700
250	33739600	33790800	33790800	33790800
251	33791700	33791800	33791800	33791800
252	33793500	33793400	33793400	33793400
253	33795300	33795400	33795400	33795400
254	33795700	33795600	33795600	33795600
255	33795800	33795900	33795900	33795800
256	33793700	33793700	33793700	33793800
257	33793800	33793700	33793700	33793700
258	33793600	33793700	33793700	33793700
259	33793400	33793300	33793300	33793300
260	33791900	33791900	33791900	33791900
261	33793400	33793400	33793400	33793400
262	33792900	33793000	33793000	33793000
263	33793900	33793800	33793800	33793800
264	33792900	33792900	33792900	33792900
265	33793000	33793100	33793100	33793100
266	33791700	33791700	33791700	33791700
267	33791800	33791700	33791700	33791700
268	33790500	33790500	33790500	33790500
269	33789300	33789300	33789300	33789300
270	33791300	33791400	33791400	33791300
271	33790700	33790600	33790600	33790700
272	33792400	33792500	33792500	33792500
273	33791400	33791400	33791400	33791300
274	33789700	33789600	33789600	33789700
275	33788900	33789000	33789000	33789000
276	33790200	33790200	33790100	33790100
277	33789600	33789500	33789600	33789600
278	33793100	33793200	33793200	33793200
279	33794400	33794300	33794300	33794300
280	33789800	33789900	33789900	33789900
281	33792500	33792400	33792400	33792400
282	33792700	33792700	33792700	33792700
283	33792000	33792000	33792000	33792000
284	33794100	33794100	33794100	33794100
285	33795000	33795100	33795100	33795100
286	33792800	33792700	33792700	33792700
287	33793200	33793300	33793300	33793300
288	33793400	33793400	33793400	33793400
289	33793700	33793700	33793700	33793700
290	33794600	33794500	33794500	33794500
291	33795300	33795400	33795400	33795400
292	33796100	33796100	33796300	33796000
293	33795400	33795300	33795300	33795400
294	33792100	33792200	33792200	33792100
295	33793000	33793000	33793000	33793100
296	33792000	33792000	33792000	33791900
297	33790800	33790800	33790800	33790900
298	33788200	33788100	33788100	33788100
299	33794100	33794100	33794100	33794100
300	33792900	33793000	33793000	33793000
301	33793000	33792900	33792900	33792900
302	33791300	33791300	33791300	33791300
303	33792400	33792400	33803600	33792400
304	33793200	33793300	33793300	33793200
305	33792100	33792100	33792100	33792200
306	33795700	33795600	33795600	33795600
307	33794700	33794700	33794700	33794700
308	33795600	33795700	33795700	33795600
309	33794100	33794000	33794000	33794100
310	33794300	33794300	33794300	33794300
311	33795200	33795200	33795200	33795200
312	33795000	33795000	33795000	33795000
313	33792100	33792200	33792200	33792200
314	33793200	33793200	33793200	33793200
315	33793200	33793200	33793200	33793200
316	33791300	33791200	33791200	33791200
317	33792200	33792200	33792200	33792200
318	33792600	33792600	33792600	33792600
319	33793900	33793900	33793900	33793900
320	33792300	33792300	33792300	33792300
321	33789200	33789200	33789200	33789200
322	33788600	33788700	33788600	33788600
323	33789000	33788900	33789000	33789000
324	33789800	33789900	33789900	33789800
325	33787100	33787000	33787000	33787100
326	33789800	33789800	33789800	33789800
327	33788600	33788600	33788600	33788600
328	33787200	33787200	33787200	33787200
329	33788900	33788900	33788900	33788900
330	33787500	33787600	33787600	33787600
331	33789700	33789600	33789600	33789600
332	33789600	33789700	33789700	33789600
333	33790100	33790000	33790000	33790100
334	33788300	33788300	33788300	33788300
335	33787700	33787700	33787700	33787700
336	33786300	33786400	33786400	33786400
337	33786000	33786000	33786000	33786000
338	33789000	33788900	33788900	33788900
339	33788300	33788300	33788300	33788300
340	33790200	33790300	33790300	33790200
341	33789200	33789200	33789200	33789300
342	33790900	33790800	33790800	33790800
343	33789000	33789000	33789000	33789000
344	33789400	33789400	33789400	33789400
345	33788300	33791800	33788400	33788400
346	33787100	33787000	33787000	33787000
347	33787700	33787800	33787800	33787800
348	33787100	33787000	33787000	33787000
349	33789700	33789800	33789800	33789800
350	33789400	33789300	33789300	33789300
351	33790600	33790600	33790600	33790600
352	33793100	33793100	33793100	33793100
353	33791700	33791700	33791700	33791700
354	33794600	33794600	33794600	33794600
355	33796500	33796500	33796500	33796500
356	33794200	33794200	33794200	33794200
357	33791500	33791500	33791500	33791500
358	33790100	33790200	33790200	33790200
359	33790400	33790300	33790300	33790300
360	33791000	33791000	33791000	33791000
361	33791100	33791100	33791100	33791100
362	33790300	33790400	33790300	33790300
363	33791900	33791800	33791900	33791900
364	33793200	33793300	33793300	33793300
365	33792300	33792300	33792300	33792300
366	33792100	33792100	33792100	33792000
367	33791500	33791400	33791400	33791500
368	33792900	33792900	33792900	33792900
369	33792200	33792300	33792300	33792200
370	33789700	33985100	33789700	33789800
371	33788100	33788000	33788000	33788000
372	33792300	33792400	33792400	33792400
373	33790100	33790100	33790100	33790100
374	33789700	33789600	33789600	33789600
375	33790000	33790100	33790100	33790000
376	33787500	33787400	33787400	33787500
377	33789000	33789000	33789000	33789000
378	33788700	33788700	33788700	33788700
379	33789600	33789700	33789700	33789700
380	33789000	33788900	33788900	33788900
381	33789700	33789800	33789800	33789800
382	33790900	33790900	33790800	33790800
383	33788700	33788600	33788700	33788700
384	33788900	33789000	33789000	33789000
385	33791100	33791100	33791100	33791100
386	33791300	33791300	33791300	33791300
387	33789000	33789000	33789000	33789000
388	33790000	33789900	33789900	33789900
389	33793000	33793000	33793000	33793000
390	33793200	33793200	33793200	33793200
391	33793500	33793500	33793500	33793500
392	33792100	33792200	33792200	33792200
393	33789100	33789000	33789000	33789000
394	33791500	33791500	33791500	33791500
395	33791400	33791400	33791400	33791400
396	33790200	33790200	33790200	33790200
397	33794600	33794600	33794600	33794600
398	33795700	33795700	33795700	33795700
399	33794200	33794200	33794200	33794200
400	33793600	33793700	33793700	33793700
401	33791900	33791900	33791900	33791900
402	33792400	33792300	33792300	33792300
403	33793200	33793300	33793300	33793300
404	33795200	33795100	33795100	33795100
405	33796000	33796100	33796100	33796100
406	33794100	33794000	33794000	33794000
407	33792700	33792700	33792700	33792700
408	33793700	33793700	33793700	33793700
409	33794800	33794800	33794800	33794800
410	33790800	33790800	33790800	33790800
411	33793600	33793700	33793700	33793700
412	33793500	33793500	33793400	33793400
413	33794300	33794300	33794300	33794300
414	33792000	33792000	33792000	33792000
415	33789500	33789600	33789600	33789500
416	33790500	33790400	33790400	33790500
417	33791200	33791200	33791200	33791200
418	33792600	33792600	33792600	33792600
419	33791000	33791100	33791100	33791100
420	33792500	33792500	33792500	33792400
421	33792300	33792200	33792200	33792300
422	33794100	33794100	33794100	33794100
423	33795600	33795600	33795600	33795600
424	33794800	33794900	33794900	33794900
425	33796000	33795900	33795900	33795900
426	33796100	33796200	33796200	33796100
427	33794800	33794700	33797900	33794800
428	33796000	33796000	33796000	33796000
429	33795300	33795300	33795300	33795300
430	33795600	33795600	33795600	33795600
431	33795500	33795500	33795500	33795500
432	33794800	33794800	33794800	33794800
433	33795600	33795700	33795700	33795700
434	33795400	33795300	33795300	33795300
435	33793800	33793800	33793800	33793800
436	33792700	33792800	33792800	33792800
437	33798100	33798000	33798000	33798000
438	33795500	33795600	33795600	33795600
439	33795700	33795700	33795700	33795700
440	33794200	33794100	33794100	33794100
441	33795700	33795800	33795800	33795800
442	33798500	33798400	33798400	33798400
443	33799200	33799200	33799200	33799200
444	33795800	33795800	33795800	33795800
445	33796400	33796400	33796400	33796400
446	33794700	33794800	33794800	33794800
447	33793800	33793800	33793800	33793700
448	33794200	33794100	33794100	33794200
449	33795000	33795100	33795000	33795000
450	33795700	33795600	33795700	33795700
451	33797100	33797100	33797100	33797100
452	33795900	33796000	33795900	33795900
453	33796800	33796700	33796800	33796800
454	33794400	33794500	33797700	33794400
455	33797600	33797600	33797600	33797700
456	33795600	33795600	33795600	33795600
457	33797400	33797300	33797300	33797300
458	33793700	33793800	33793700	33793700
459	33793400	33793400	33793500	33793500
460	33796900	33796900	33796800	33796800
461	33795300	33795200	33795300	33795300
462	33794800	33794800	33794800	33794800
463	33797500	33797500	33797500	33797500
464	33795800	33795800	33795800	33795800
465	33795500	33795600	33795600	33795600
466	33796200	33796100	33796100	33796100
467	33797800	33797800	33797800	33797800
468	33798500	33798500	33798500	33798500
469	33796100	33796200	33799200	33796200
470	33798500	33798500	33798500	33798400
471	33798200	33798200	33798200	33798300
472	33797800	33797700	33797700	33797700
473	33797800	33797800	33797800	33797800
474	33796200	33796300	33796300	33796200
475	33795600	33795600	33795600	33795700
476	33797100	33797100	33797100	33797100
477	33795400	33795400	33795400	33795400
478	33797400	33797300	33797300	33797300
479	33794400	33794500	33797700	33794500
480	33793600	33793600	33793600	33793500
481	33793300	33793300	33793300	33793400
482	33791900	33791800	33791800	33791800
483	33791800	33791900	33791900	33791900
484	33793000	33792900	33792900	33792900
485	33790900	33790900	33790900	33790900
486	33791200	33791300	33791300	33791300
487	33794600	33794500	33794500	33794500
488	33793100	33792900	33793100	33793100
489	33792600	33792600	33792600	33792600
490	33792900	33792900	33792900	33792900
491	33793000	33793100	33793000	33793000
492	33793700	33793600	33793700	33793700
493	33795000	33795100	33795100	33795100
494	33793500	33793500	33793500	33793500
495	33793900	33793800	33793800	33793800
496	33794200	33794300	33794300	33794200
497	33796500	33796500	33796500	33796600
498	33797600	33797500	33797500	33797500
499	33796500	33796600	33796600	33796600

============================================================
# BITSTREAM: 10ms_51etapas.bit
# VENTANA: 10ms
# ETAPAS_PRINCIPAL: 51
# NUM_MUESTRAS: 500
# FORMATO: idx	freq1_hz	freq2_hz	freq3_hz	freq4_hz
============================================================
idx	freq1_hz	freq2_hz	freq3_hz	freq4_hz
0	13473800	13868400	12600200	11758600
1	13473500	13868300	12600300	11762700
2	13473400	13869900	12600100	11755500
3	13474000	13868800	12600700	11754700
4	13473300	13867200	12599800	11755100
5	13473300	13867800	12599500	11758200
6	13473400	13868800	12599800	11755600
7	13473400	13866800	12600000	11755800
8	13473000	13868300	12599400	11756700
9	13472700	13869300	12599300	11755200
10	13472600	13869100	12600900	11758800
11	13473000	13868400	12600900	11755000
12	13473200	13867900	12599500	11754500
13	13473300	13866800	12599900	11756500
14	13473500	13869000	12599400	11756600
15	13473900	13868100	12600500	11757600
16	13474700	13869400	12600400	11755600
17	13474200	13869300	12600800	11755000
18	13474800	13871000	12601200	11759800
19	13474900	13868500	12601600	11760600
20	13473800	13871200	12600100	11759900
21	13473700	13870900	12600600	11755800
22	13473500	13871000	12600500	11756500
23	13473500	13867500	12600500	11760100
24	13474200	13868900	12600100	11758900
25	13474700	13869800	12601200	11756900
26	13474300	13870200	12601600	11760400
27	13474800	13871400	12602100	11757700
28	13473700	13868900	12600900	11756100
29	13473900	13868700	12601100	11756400
30	13474200	13870700	12600800	11760500
31	13474300	13870000	12601300	11761400
32	13474000	13869400	12601200	11760300
33	13474100	13869800	12600900	11755500
34	13474300	13869900	12601200	11759800
35	13474100	13868900	12600600	11755200
36	13474600	13869700	12601300	11756700
37	13475300	13871300	12601900	11756600
38	13475300	13870300	12602000	11759800
39	13474400	13868300	12601100	11759100
40	13474200	13870600	12599800	11762800
41	13474000	13867300	12600300	11758900
42	13474100	13867800	12599600	11755300
43	13474700	13870300	12599900	11756600
44	13474600	13868800	12601500	11759300
45	13474400	13868500	12600600	11756100
46	13474500	13872100	12600600	11760500
47	13473700	13869400	12600100	11760000
48	13475200	13870600	12601900	11756100
49	13474900	13868400	12601700	11759400
50	13474300	13869500	12600700	11755300
51	13474900	13869400	12601900	11758200
52	13474300	13870100	12601300	11755200
53	13473500	13868400	12600400	11755500
54	13474900	13869600	12600900	11755600
55	13473200	13869200	12600300	11755000
56	13473900	13868400	12600800	11758800
57	13474000	13868400	12600200	11754500
58	13474100	13868800	12600400	11754800
59	13474400	13867900	12600800	11755800
60	13474700	13868100	12601000	11758000
61	13474800	13868700	12600400	11755500
62	13475500	13871600	12601300	11760900
63	13475500	13870400	12601600	11760200
64	13474800	13870500	12600700	11757500
65	13474300	13867900	12600900	11759200
66	13473800	13867200	12599800	11757300
67	13473400	13867700	12599000	11758500
68	13473200	13867400	12599000	11757100
69	13473700	13867900	12599800	11756500
70	13473900	13866900	12599800	11757300
71	13473700	13870300	12599600	11758500
72	13474900	13869200	12601800	11759600
73	13474900	13870100	12601200	11760100
74	13474000	13868600	12600300	11755400
75	13474200	13868200	12600100	11755800
76	13474000	13867800	12599900	11758100
77	13473500	13869400	12599900	11756200
78	13474700	13870200	12601300	11755900
79	13473700	13870300	12600900	11757000
80	13473900	13867800	12600900	11759100
81	13472600	13867800	12598300	11755300
82	13473400	13868800	12599100	11755500
83	13473400	13867000	12599600	11755700
84	13475000	13870900	12601200	11760600
85	13473900	13871300	12600500	11756300
86	13474300	13869800	12601300	11759500
87	13475000	13871400	12601700	11760700
88	13475100	13870200	12601800	11762800
89	13473500	13870500	12600600	11757100
90	13473900	13868900	12600700	11759100
91	13473900	13869400	12600500	11756200
92	13475100	13871400	12601300	11756100
93	13474000	13870300	12600900	11756000
94	13473500	13868800	12601100	11759300
95	13473200	13867800	12599600	11756300
96	13472600	13869300	12598600	11755900
97	13473300	13870300	12600200	11759600
98	13473400	13868300	12600800	11758800
99	13472900	13870100	12599000	11756200
100	13472600	13868300	12599900	11755200
101	13473200	13870100	12599300	11756000
102	13472900	13868600	12600400	11755400
103	13472600	13867200	12599400	11755000
104	13473100	13868300	12599300	11758500
105	13473200	13869300	12599200	11756100
106	13473300	13869400	12600800	11759500
107	13473800	13869300	12600800	11755300
108	13474600	13871200	12601900	11760800
109	13473800	13870700	12600800	11756100
110	13473200	13869100	12600700	11756000
111	13473300	13868800	12600400	11755500
112	13473400	13867400	12600200	11755800
113	13473500	13867700	12599700	11757400
114	13473200	13868000	12599500	11758100
115	13473400	13870400	12599700	11758200
116	13473300	13870000	12600600	11756200
117	13473600	13869400	12601100	11759800
118	13473200	13868400	12600500	11755100
119	13472900	13868100	12599300	11754900
120	13473000	13868100	12599700	11754700
121	13472800	13867300	12599100	11754700
122	13473000	13867200	12598900	11754800
123	13472700	13868000	12598900	11758600
124	13473400	13871900	12599300	11758000
125	13473000	13867300	12600200	11757400
126	13473900	13867400	12599600	11755200
127	13474500	13868600	12600200	11757100
128	13473600	13868100	12599500	11755300
129	13474300	13869100	12599400	11755300
130	13473800	13869400	12600200	11755200
131	13474000	13869300	12600700	11755100
132	13473800	13870400	12600800	11759400
133	13473700	13870400	12600000	11756400
134	13472900	13869800	12599500	11755600
135	13472400	13868800	12599500	11758700
136	13473000	13866500	12599200	11755300
137	13472900	13869400	12598400	11756500
138	13473100	13868900	12600100	11754600
139	13473500	13868200	12600200	11755300
140	13473700	13867300	12599000	11757400
141	13473700	13867600	12599200	11754700
142	13473400	13868000	12599100	11754600
143	13473800	13871100	12599700	11758500
144	13474300	13867000	12601200	11761000
145	13473100	13867900	12599000	11758700
146	13473400	13867100	12599300	11756600
147	13473600	13868700	12599300	11755100
148	13472700	13869100	12599300	11759100
149	13472300	13867800	12599200	11754600
150	13473000	13868800	12598700	11755700
151	13473400	13866700	12599700	11755700
152	13473000	13868600	12599200	11757900
153	13472900	13867000	12599800	11754900
154	13473100	13868300	12600200	11758900
155	13473000	13869500	12599300	11762200
156	13471600	13866100	12599600	11756100
157	13472200	13867100	12598600	11756100
158	13472500	13867600	12599100	11754200
159	13472600	13866500	12598500	11753600
160	13473700	13870200	12599200	11757000
161	13473200	13869300	12600400	11756100
162	13472800	13869000	12600100	11758400
163	13472700	13866700	12599800	11756500
164	13472000	13868000	12598600	11757000
165	13472700	13869500	12598900	11757200
166	13472500	13867500	12600100	11756500
167	13472400	13866900	12598700	11757100
168	13472500	13868900	12598800	11757000
169	13472500	13866800	12599500	11754700
170	13472000	13867300	12598300	11755700
171	13471700	13865500	12598300	11753700
172	13472700	13866800	12600300	11755500
173	13473000	13868300	12598400	11755800
174	13474600	13871500	12600400	11756300
175	13473800	13869500	12600600	11759200
176	13474200	13868600	12601300	11757000
177	13473100	13867200	12599200	11754600
178	13473800	13870700	12600100	11758900
179	13474200	13869800	12601200	11755800
180	13474100	13869100	12601000	11758900
181	13474100	13869700	12601000	11755400
182	13474100	13869800	12601200	11755400
183	13472600	13868200	12599900	11758500
184	13472700	13866500	12599300	11757000
185	13473300	13869600	12599500	11756600
186	13473600	13870000	12600500	11755000
187	13472800	13869100	12600400	11758700
188	13473300	13868800	12600300	11754800
189	13473500	13866400	12599400	11754700
190	13472200	13868100	12598100	11756900
191	13472500	13866500	12598400	11753700
192	13472100	13867600	12597700	11755300
193	13471500	13865300	12597600	11753000
194	13470900	13864800	12598600	11754100
195	13471400	13865400	12598700	11754000
196	13471800	13867200	12599500	11756200
197	13471300	13865800	12597600	11757000
198	13471800	13866000	12598200	11753100
199	13471700	13864500	12598100	11755000
200	13472200	13867000	12599900	11754600
201	13472800	13867600	12599600	11758500
202	13472700	13867200	12598900	11753600
203	13473100	13868100	12599200	11757800
204	13473100	13867800	12599500	11754400
205	13472700	13868300	12599000	11754500
206	13472000	13868400	12598600	11754600
207	13472600	13867600	12599500	11754000
208	13472900	13867300	12599000	11753800
209	13473500	13867000	12599200	11754400
210	13473300	13866300	12599500	11758800
211	13473300	13867200	12599100	11754000
212	13472500	13866300	12598600	11757400
213	13472800	13866900	12599200	11754200
214	13473200	13870000	12599400	11757800
215	13472600	13868000	12600100	11758500
216	13472500	13868700	12598600	11756600
217	13473500	13869200	12600200	11753200
218	13472700	13867200	12599900	11758200
219	13472900	13866900	12598500	11757700
220	13474200	13869900	12599600	11757900
221	13473600	13867600	12599800	11754100
222	13473100	13867300	12599100	11753900
223	13472900	13866500	12598700	11753700
224	13472800	13868700	12598600	11755900
225	13473900	13870000	12600100	11759600
226	13474100	13869600	12600700	11759100
227	13473200	13869200	12599800	11754600
228	13473300	13868400	12599900	11758700
229	13473700	13868400	12599800	11754400
230	13473500	13868200	12599600	11754200
231	13472400	13865400	12598500	11755800
232	13472800	13868300	12600500	11755700
233	13471400	13867300	12598200	11754200
234	13471700	13865400	12598400	11753100
235	13471400	13867400	12599700	11755300
236	13470600	13864200	12597700	11754000
237	13471400	13863500	12598900	11756100
238	13472200	13867100	12600000	11754400
239	13471600	13866000	12599100	11753400
240	13471600	13863800	12598400	11755000
241	13472400	13868100	12600400	11755400
242	13471700	13868100	12598600	11753600
243	13471600	13866200	12601500	11753400
244	13471900	13865700	12598900	11756100
245	13472300	13865600	12599400	11757500
246	13471800	13866800	12598400	11752900
247	13472100	13867300	12599100	11755500
248	13472400	13866200	12599200	11753700
249	13473000	13866400	12599500	11757100
250	13471700	13867800	12598600	11757200
251	13472200	13867600	12598700	11754600
252	13472200	13866200	12598200	11753200
253	13472500	13865700	12598900	11756200
254	13472700	13865700	12599100	11757700
255	13472800	13865700	12599200	11758400
256	13473200	13865900	12599400	11758600
257	13472900	13867100	12599100	11758400
258	13473400	13868200	12599100	11754300
259	13473200	13866600	12598700	11756500
260	13472800	13867100	12598300	11756000
261	13472600	13867200	12598700	11754300
262	13471900	13866300	12598100	11757300
263	13471800	13865900	12598400	11753900
264	13473000	13866700	12599300	11758300
265	13471900	13867800	12598800	11757400
266	13471500	13867400	12598200	11754400
267	13471800	13865600	12598200	11755100
268	13472100	13867400	12598100	11753400
269	13472700	13866500	12598800	11755600
270	13472800	13869500	12599000	11756600
271	13472700	13867400	12600400	11756700
272	13472100	13866000	12598200	11755700
273	13472800	13865400	12598500	11756000
274	13473300	13868700	12600700	11756800
275	13472200	13868000	12599100	11758900
276	13471500	13868200	12598300	11756600
277	13471200	13865000	12598200	11756000
278	13471400	13865100	12599000	11752300
279	13472000	13867700	12599600	11756800
280	13472100	13866300	12599000	11757000
281	13472100	13866300	12598600	11753800
282	13471100	13865100	12597900	11752700
283	13470900	13866600	12598300	11756000
284	13472000	13866700	12598300	11755300
285	13471300	13867200	12598300	11756600
286	13472200	13867000	12598700	11757800
287	13472700	13867600	12599500	11758600
288	13472500	13866600	12598700	11753600
289	13472900	13866300	12598600	11756000
290	13473800	13866000	12599700	11754600
291	13473300	13866000	12599300	11756000
292	13473900	13867300	12599700	11756700
293	13473000	13867000	12599000	11754100
294	13473400	13868100	12599400	11758500
295	13472000	13867100	12598200	11753600
296	13473300	13868800	12599800	11754700
297	13472200	13866100	12599000	11754000
298	13471600	13867200	12598200	11755100
299	13472000	13866800	12598300	11757200
300	13472600	13868800	12599700	11756300
301	13471900	13865700	12599000	11754700
302	13472500	13865700	12598800	11757900
303	13472300	13865400	12599200	11757800
304	13471500	13867400	12599600	11755700
305	13471900	13865900	12598600	11755400
306	13471900	13866800	12598800	11757700
307	13471500	13867100	12598300	11755600
308	13472500	13867600	12599300	11756400
309	13472000	13867100	12598700	11753700
310	13472500	13868400	12599300	11754600
311	13472500	13868100	12599100	11754000
312	13472300	13867400	12598500	11754000
313	13472800	13866600	12598800	11756100
314	13472600	13867200	12598800	11755800
315	13472600	13867400	12598800	11757500
316	13472700	13866900	12598800	11755400
317	13472500	13869500	12598600	11756900
318	13472800	13867300	12600400	11756400
319	13472500	13866500	12598900	11753700
320	13472100	13868700	12598200	11755600
321	13472700	13869200	12599400	11759200
322	13472700	13867900	12599300	11758100
323	13473100	13867000	12599500	11756100
324	13472200	13866600	12599000	11757900
325	13472300	13866500	12598200	11755100
326	13472300	13868600	12598100	11755700
327	13472000	13866400	12598500	11753700
328	13471700	13868100	12598100	11757300
329	13471900	13866500	12597800	11753800
330	13471700	13868300	12597700	11755600
331	13471000	13867500	12597800	11754300
332	13471500	13866400	12598200	11756900
333	13471600	13867800	12597800	11757300
334	13471500	13867400	12597900	11754300
335	13471900	13865400	12597800	11755100
336	13472400	13868200	12600000	11756400
337	13472500	13866600	12599000	11756600
338	13471300	13865900	12598500	11755100
339	13472300	13867000	12599200	11757900
340	13472500	13867800	12599900	11758100
341	13473000	13869200	12599300	11755100
342	13473100	13868100	12600200	11758500
343	13471500	13865900	12598100	11753200
344	13471900	13866100	12598200	11757000
345	13471800	13866700	12597800	11755500
346	13471000	13866300	12597500	11756100
347	13470700	13865300	12597500	11752600
348	13471300	13865800	12598800	11753900
349	13471100	13865200	12597400	11752500
350	13470900	13865900	12599100	11755000
351	13471300	13865600	12598300	11750800
352	13471700	13866200	12597500	11753200
353	13471400	13865100	12597600	11756400
354	13471000	13867100	12599100	11756600
355	13471300	13866600	12598000	11753300
356	13471200	13866100	12598000	11755000
357	13469900	13865400	12597000	11754200
358	13471500	13867500	12599200	11755700
359	13471900	13866500	12598600	11756600
360	13471200	13867600	12597700	11755200
361	13470300	13864700	12597100	11752500
362	13470600	13863800	12599000	11758800
363	13470900	13866300	12598700	11755500
364	13471000	13864800	12597200	11752800
365	13470800	13865700	12598300	11753500
366	13471200	13863700	12597400	11756800
367	13471200	13866100	12598300	11753300
368	13470500	13865700	12597000	11754000
369	13470600	13863200	12596800	11756200
370	13470600	13867400	12597800	11753700
371	13471200	13865000	12597300	11754300
372	13471400	13865100	12598300	11751900
373	13471500	13867500	12598600	11755100
374	13470800	13868700	12597300	11755500
375	13471200	13867800	12599000	11757000
376	13470200	13866100	12596900	11752800
377	13471000	13865800	12597300	11754600
378	13470800	13864800	12596800	11751900
379	13471700	13866600	12598900	11753600
380	13472200	13866700	12598100	11755100
381	13470800	13866100	12596800	11755800
382	13470900	13865700	12597000	11754600
383	13471500	13864500	12597500	11756900
384	13471100	13866100	12598600	11753500
385	13471200	13866800	12597600	11754600
386	13471300	13866200	12596900	11754300
387	13471500	13865600	12597500	11756000
388	13471200	13866400	12597200	11752400
389	13471400	13867700	12597100	11756600
390	13472300	13866400	12598200	11756300
391	13472200	13868200	12597900	11756700
392	13472000	13865600	12597900	11755600
393	13471500	13866500	12597300	11753000
394	13471100	13867100	12597400	11754600
395	13471600	13865900	12597700	11752800
396	13471500	13865600	12597500	11756800
397	13470300	13865100	12596200	11751500
398	13471300	13867100	12598300	11755900
399	13472000	13866400	12597600	11753100
400	13471600	13867900	12597500	11756800
401	13471100	13864700	12597500	11755000
402	13471700	13865000	12599100	11758600
403	13471700	13865700	12598500	11752400
404	13472000	13864400	12598000	11757100
405	13471800	13864500	12599000	11756600
406	13471700	13866300	12599000	11753600
407	13471600	13865300	12597700	11753200
408	13471600	13865700	12598500	11754600
409	13472100	13864600	12598200	11757500
410	13471400	13864000	12598900	11757400
411	13471700	13867900	12598400	11754300
412	13473000	13866800	12599000	11755800
413	13472100	13867200	12598100	11755100
414	13472400	13867400	12598200	11757200
415	13472700	13866200	12598500	11754900
416	13472300	13866000	12598200	11755600
417	13471700	13864600	12597700	11754800
418	13471900	13864900	12599200	11758000
419	13472700	13869400	12600000	11757700
420	13471800	13867000	12598900	11752800
421	13471900	13866800	12598500	11756700
422	13471400	13867100	12598000	11754600
423	13471300	13866600	12598000	11752700
424	13471800	13866300	12598100	11754500
425	13471300	13865600	12597600	11752300
426	13470700	13865500	12596600	11752000
427	13471300	13865000	12598300	11753500
428	13470600	13864200	12597900	11751100
429	13470900	13863700	12598200	11755600
430	13471200	13866500	12598600	11753000
431	13471800	13868500	12597800	11755400
432	13471000	13868400	12597900	11757600
433	13471100	13866300	12597800	11752900
434	13470900	13865600	12597800	11752300
435	13471400	13866700	12597800	11752300
436	13471600	13867800	12598600	11755900
437	13471300	13867800	12598100	11753300
438	13470400	13866900	12597300	11753000
439	13470800	13868500	12598000	11755600
440	13471000	13869100	12598300	11757800
441	13470300	13866100	12598100	11752300
442	13470500	13866200	12597200	11753900
443	13471700	13865600	12597800	11755200
444	13471500	13867300	12597800	11752100
445	13471500	13865900	12598200	11752700
446	13471300	13866000	12598200	11756200
447	13471500	13864300	12597900	11754300
448	13471200	13865600	12599200	11753200
449	13470900	13865900	12597100	11752400
450	13471700	13866100	12598000	11756700
451	13471800	13867400	12598100	11755000
452	13471600	13865700	12598000	11754800
453	13471100	13864200	12597900	11756800
454	13472300	13865400	12599700	11756700
455	13472500	13869000	12600200	11755800
456	13472300	13866800	12599900	11755700
457	13470800	13866200	12597600	11754000
458	13470700	13865000	12597700	11754800
459	13469900	13863300	12597500	11750600
460	13470800	13866000	12598200	11753300
461	13470000	13863100	12596400	11753400
462	13470900	13862800	12598400	11755400
463	13470000	13863100	12597500	11757300
464	13470400	13863000	12598300	11755700
465	13471100	13866300	12598500	11753200
466	13471200	13865500	12597800	11752600
467	13471000	13865200	12598700	11753900
468	13471600	13866700	12598700	11755500
469	13471900	13868000	12597800	11756600
470	13471100	13868500	12597400	11756000
471	13471600	13869000	12598000	11758000
472	13471400	13866200	12598900	11756000
473	13471000	13865100	12597400	11756200
474	13471200	13867700	12595500	11756500
475	13471600	13865900	12597500	11756000
476	13471300	13865700	12597400	11757200
477	13471400	13864200	12597500	11757100
478	13470900	13863800	12598200	11756600
479	13471700	13866800	12598700	11754900
480	13470600	13865900	12600700	11754200
481	13470800	13865000	12597300	11756600
482	13471200	13864600	12598000	11752000
483	13471500	13863600	12598900	11757100
484	13470900	13866700	12598500	11757800
485	13471600	13866400	12598000	11756400
486	13470700	13866400	12597000	11756500
487	13471100	13866500	12596700	11755900
488	13470500	13866300	12596200	11754200
489	13471100	13864200	12597100	11752600
490	13470300	13862700	12597600	11755900
491	13470900	13866100	12598500	11754600
492	13471600	13866100	12597600	11755300
493	13471500	13865200	12597200	11754400
494	13471000	13864600	12595500	11754600
495	13471000	13863600	12598400	11757500
496	13470600	13866800	12598200	11757900
497	13470600	13865100	12597000	11754600
498	13470700	13866300	12598100	11756200
499	13471800	13865600	12598000	11753500

============================================================
# BITSTREAM: 10ms_101etapas.bit
# VENTANA: 10ms
# ETAPAS_PRINCIPAL: 101
# NUM_MUESTRAS: 500
# FORMATO: idx	freq1_hz	freq2_hz	freq3_hz	freq4_hz
============================================================
idx	freq1_hz	freq2_hz	freq3_hz	freq4_hz
0	7496100	8241300	8214800	8696300
1	7496300	8242400	8214500	8696900
2	7496600	8242400	8214300	8696600
3	7496800	8242100	8215400	8697300
4	7496700	8243000	8213900	8697200
5	7496500	8242400	8215200	8697100
6	7496700	8242200	8214900	8696900
7	7496800	8192300	8214800	8696900
8	7496900	8242800	8215200	8697700
9	7496200	8242200	8214700	8696600
10	7496300	8241800	8215100	8697200
11	7496100	8241800	8215000	8696800
12	7496700	8192000	8214200	8697400
13	7496300	8242700	8214000	8697000
14	7495900	8241400	8214400	8696000
15	7495800	8241700	8214000	8696600
16	7495900	8241100	8214500	8695900
17	7495800	8241900	8213900	8695900
18	7496500	8242200	8215200	8697400
19	7496100	8241900	8214600	8696400
20	7495900	8242000	8213300	8696600
21	7496000	8241800	8214200	8695900
22	7496600	8243100	8213800	8697200
23	7496000	8242700	8213500	8696700
24	7496800	8242000	8215300	8697400
25	7496400	8242100	8214300	8697200
26	7496400	8241200	8215000	8697200
27	7496300	8242300	8213700	8696800
28	7495900	8241700	8213600	8697200
29	7495900	8241200	8213900	8695700
30	7495400	8240200	8214200	8696200
31	7495600	8241800	8213300	8696000
32	7495500	8240700	8214000	8695500
33	7495900	8241000	8214800	8695900
34	7495700	8241000	8214200	8696400
35	7496000	8242300	8213600	8696600
36	7495800	8241400	8214100	8695800
37	7496000	8242100	8213900	8696500
38	7496100	8241500	8214800	8696800
39	7496300	8242200	8214700	8696600
40	7496400	8241700	8215200	8697000
41	7496400	8241900	8214900	8696400
42	7496000	8242100	8214100	8696300
43	7496000	8242200	8214000	8696500
44	7496300	8242000	8214900	8696400
45	7496400	8192000	8214300	8696400
46	7496700	8242100	8215400	8697300
47	7496300	8243100	8213600	8696900
48	7496500	8242700	8214500	8696400
49	7496800	8243000	8214900	8696900
50	7496500	8242300	8214400	8696700
51	7495700	8241300	8213900	8696400
52	7496100	8241400	8214800	8696900
53	7495800	8241700	8214300	8696500
54	7496100	8241500	8214800	8696900
55	7496200	8242000	8214600	8696900
56	7496100	8242100	8213600	8696800
57	7496300	8242600	8214400	8696500
58	7496100	8241400	8214100	8696700
59	7496600	8242800	8214400	8697300
60	7496300	8241900	8214400	8697000
61	7496600	8242200	8214600	8697000
62	7496400	8242900	8213900	8697000
63	7496700	8242600	8215200	8697300
64	7496100	8241700	8214400	8696200
65	7496200	8242500	8214200	8696700
66	7496200	8242500	8213400	8696500
67	7496600	8243100	8214100	8696900
68	7495300	8240800	8213200	8696000
69	7496200	8241600	8214600	8696700
70	7496300	8242800	8213600	8696900
71	7496200	8242700	8214000	8696000
72	7496400	8241900	8214900	8696200
73	7496500	8243000	8214000	8696500
74	7496100	8241400	8214400	8696100
75	7495700	8242000	8213700	8696300
76	7496100	8242200	8213500	8696600
77	7496300	8241800	8214600	8696300
78	7495300	8241500	8212800	8695900
79	7495700	8241700	8213800	8696200
80	7496100	8242100	8213400	8696500
81	7495500	8241600	8213200	8695800
82	7495300	8240600	8213700	8695800
83	7495000	8241100	8212500	8695400
84	7495100	8241100	8213100	8695600
85	7495300	8241200	8213500	8695800
86	7496200	8242000	8214700	8696700
87	7496100	8241500	8214700	8696600
88	7495400	8240500	8214100	8695900
89	7495300	8241400	8213100	8695900
90	7495800	8241200	8213800	8696200
91	7495600	8241900	8213100	8695900
92	7496300	8241900	8214600	8696900
93	7496600	8242900	8214000	8697100
94	7496000	8241300	8214700	8696100
95	7496500	8242400	8215300	8697000
96	7496600	8242500	8214300	8697100
97	7496300	8241600	8215000	8696900
98	7496400	8242700	8213800	8697100
99	7496500	8243100	8213800	8697000
100	7496600	8192000	8214000	8697100
101	7497200	8242900	8215900	8697100
102	7496700	8242100	8215500	8697100
103	7496300	8242100	8214700	8697000
104	7496000	8241100	8214600	8696500
105	7495500	8241800	8213000	8696000
106	7495800	8241900	8212600	8696100
107	7496100	8242600	8213600	8696500
108	7496200	8242200	8213800	8696000
109	7496000	8192000	8213200	8696400
110	7496300	8242200	8214700	8696900
111	7495800	8241800	8214300	8696400
112	7496100	8241600	8214500	8696600
113	7495900	8241800	8213800	8695900
114	7495400	8241300	8212700	8695900
115	7495500	8241000	8214200	8696100
116	7495500	8241800	8212800	8695900
117	7495400	8241100	8213600	8695900
118	7495500	8241100	8213500	8695400
119	7496000	8241500	8214400	8696300
120	7495200	8240200	8213400	8695700
121	7495500	8241200	8213000	8695800
122	7495600	8241700	8212300	8696000
123	7495900	8241200	8214200	8696400
124	7496100	8242300	8213400	8696600
125	7496000	8242300	8213700	8696500
126	7495600	8241500	8213300	8696300
127	7495000	8240600	8213100	8694700
128	7495500	8240600	8213500	8695800
129	7496200	8241500	8214400	8696200
130	7495900	8241100	8213900	8696500
131	7495800	8241200	8214300	8696400
132	7495800	8240300	8214000	8696000
133	7495800	8241400	8214300	8694700
134	7496200	8241400	8214500	8696500
135	7495900	8241800	8213800	8695800
136	7495600	8241300	8212700	8695900
137	7495700	8240500	8214200	8696100
138	7495800	8241700	8213000	8696100
139	7495900	8241800	8212400	8696100
140	7496300	8240900	8214300	8696200
141	7496500	8241300	8214600	8697000
142	7496600	8242200	8213500	8697100
143	7496500	8241500	8214500	8696800
144	7496600	8241800	8213900	8696300
145	7496000	8241200	8214200	8696300
146	7496600	8242800	8213700	8696900
147	7496400	8242700	8213600	8696800
148	7496000	8241600	8213600	8695800
149	7495700	8241600	8213500	8695600
150	7496600	8242100	8214700	8697000
151	7496400	8242000	8214700	8696700
152	7496200	8241800	8214600	8696700
153	7496000	8242300	8213300	8696500
154	7496300	8242000	8214200	8696300
155	7496400	8243100	8213600	8696800
156	7496300	8242100	8213900	8696100
157	7496100	8242000	8214400	8696600
158	7495800	8241700	8213700	8696500
159	7496200	8242500	8213700	8696600
160	7495800	8241600	8213200	8696200
161	7495700	8241300	8214200	8696300
162	7496400	8243000	8213900	8696700
163	7496500	8242500	8215000	8697100
164	7496300	8242300	8213400	8696900
165	7496800	8243100	8214200	8697100
166	7496400	8242400	8213400	8696800
167	7496700	8242900	8214100	8697100
168	7496400	8241900	8214000	8696900
169	7496500	8242000	8214800	8696400
170	7496200	8242200	8214000	8696600
171	7496000	8242100	8214400	8695900
172	7495900	8241700	8213700	8696300
173	7495900	8242500	8213100	8696400
174	7496000	8242000	8213700	8696200
175	7496100	8242700	8213500	8696500
176	7496300	8241800	8214300	8696500
177	7496300	8241800	8214500	8696500
178	7496000	8241700	8213500	8696100
179	7496600	8242200	8214600	8696800
180	7495600	8241500	8212700	8695900
181	7495600	8241500	8214100	8696100
182	7496000	8242400	8213600	8696500
183	7495700	8242200	8213900	8695800
184	7496100	8241700	8214300	8696600
185	7496200	8242000	8214700	8696800
186	7496500	8242300	8215000	8697200
187	7496600	8192500	8213900	8697300
188	7496000	8241800	8214800	8696600
189	7496200	8242100	8214900	8696800
190	7496500	8242600	8214500	8696600
191	7496500	8242500	8214800	8697000
192	7495900	8240800	8214100	8696500
193	7495900	8241900	8213800	8696600
194	7495500	8241700	8213000	8696000
195	7495600	8242000	8212500	8696000
196	7495300	8241000	8213200	8695800
197	7495600	8241200	8213900	8696300
198	7495900	8241400	8214300	8696500
199	7496100	8242100	8214500	8696700
200	7496100	8242100	8214200	8696700
201	7497100	8192700	8214500	8697700
202	7496700	8243100	8214700	8697100
203	7496500	8242500	8215200	8697300
204	7496700	8242600	8215000	8697300
205	7496800	8192200	8214200	8697600
206	7496900	8243100	8214200	8697500
207	7496500	8243100	8213800	8697100
208	7496300	8242700	8213400	8696900
209	7496200	8242300	8213800	8696800
210	7495900	8242300	8213000	8696400
211	7495700	8242100	8212800	8696300
212	7495500	8240700	8213800	8696400
213	7495400	8242400	8213000	8695900
214	7495500	8241900	8212500	8696100
215	7495200	8241600	8213300	8696000
216	7495800	8241300	8213600	8695800
217	7496100	8242400	8214100	8696100
218	7495600	8241800	8213600	8696400
219	7495600	8241800	8213900	8696400
220	7495800	8241200	8214700	8696600
221	7496200	8242000	8215000	8697200
222	7496400	8243100	8213900	8697300
223	7496000	8242100	8214500	8696900
224	7495500	8241500	8213600	8696900
225	7495800	8242300	8213900	8695100
226	7496100	8241900	8214800	8697000
227	7496100	8242400	8214400	8696900
228	7496000	8241700	8214100	8696900
229	7496200	8242500	8214100	8697000
230	7495700	8242000	8213600	8696700
231	7496100	8242400	8214000	8696200
232	7496200	8241900	8214700	8696300
233	7496100	8242000	8214500	8696300
234	7495900	8242200	8213900	8696400
235	7496100	8242000	8214600	8696700
236	7495600	8241900	8213000	8696700
237	7496000	8243000	8212700	8696600
238	7496100	8242200	8214800	8697000
239	7496400	8242700	8214600	8697100
240	7496300	8242400	8213700	8697100
241	7496200	8242200	8213700	8696700
242	7496200	8241900	8213900	8696900
243	7496600	8242300	8215200	8697400
244	7496300	8241900	8214600	8696600
245	7495600	8242400	8213000	8696700
246	7495400	8241700	8212100	8696200
247	7496300	8242400	8213900	8697300
248	7495800	8241400	8214200	8696500
249	7496500	8192000	8214100	8697300
250	7496700	8242800	8214500	8697600
251	7496600	8243100	8214600	8697100
252	7496000	8242700	8213500	8696900
253	7496900	8243000	8215200	8696900
254	7496500	8242600	8214800	8696800
255	7496800	8192100	8215200	8697800
256	7496500	8242300	8215100	8697100
257	7496200	8242300	8215000	8697100
258	7496200	8242900	8213700	8697100
259	7496100	8242800	8213600	8696900
260	7495700	8241800	8213800	8696200
261	7496400	8192500	8213900	8697400
262	7496100	8242300	8214700	8697100
263	7496100	8242400	8214500	8696900
264	7495900	8242600	8214000	8696600
265	7495600	8242000	8214400	8696000
266	7495500	8241700	8213500	8696500
267	7495400	8241700	8214000	8696200
268	7495100	8241200	8213900	8695700
269	7495400	8242200	8214200	8696400
270	7495700	8242000	8213200	8696500
271	7496100	8242000	8214900	8697100
272	7495600	8241600	8213600	8696200
273	7495500	8241800	8213700	8695800
274	7495100	8241300	8212900	8695900
275	7495400	8241900	8213100	8695900
276	7495600	8241500	8213900	8697300
277	7495500	8241700	8214100	8696500
278	7495000	8241300	8213000	8695900
279	7494900	8241900	8212100	8695700
280	7495700	8241800	8213400	8696500
281	7496200	8243000	8213800	8697000
282	7495900	8242900	8213300	8696900
283	7495400	8241600	8213500	8695600
284	7496300	8242100	8214600	8697200
285	7495900	8242500	8213200	8696700
286	7495600	8241100	8214100	8696600
287	7495800	8242400	8213400	8696600
288	7496300	8242600	8213600	8697100
289	7496100	8242200	8214100	8696300
290	7495900	8242200	8213600	8696900
291	7495600	8242000	8213500	8695900
292	7495900	8241500	8214400	8696600
293	7495500	8241300	8213900	8696500
294	7495600	8241200	8214100	8696300
295	7495700	8242500	8213500	8696600
296	7496300	8241600	8214600	8697000
297	7495600	8242300	8213000	8697100
298	7495500	8242300	8212500	8696300
299	7495200	8241800	8213200	8696100
300	7495100	8240400	8213700	8696000
301	7495500	8241900	8213300	8696200
302	7494800	8240900	8212800	8694900
303	7495100	8241000	8213400	8696200
304	7495500	8241600	8212900	8696100
305	7495600	8242300	8213200	8696000
306	7495900	8241800	8214400	8696800
307	7496100	8242100	8214200	8697100
308	7496400	8242900	8213600	8697100
309	7495600	8241900	8213800	8696000
310	7495300	8241700	8212400	8695900
311	7496000	8241600	8214400	8696100
312	7495600	8241500	8213800	8696600
313	7495600	8242200	8212600	8696100
314	7495500	8241800	8213100	8696200
315	7495700	8241500	8213900	8696300
316	7495800	8241100	8214400	8696400
317	7495600	8241400	8213700	8696400
318	7495600	8241700	8213000	8696300
319	7495300	8241700	8212200	8696200
320	7495200	8241400	8212100	8696000
321	7495400	8241600	8213100	8696600
322	7495800	8241800	8214000	8696900
323	7495200	8240800	8213600	8695600
324	7495300	8241100	8213400	8695800
325	7495300	8241900	8213000	8696200
326	7495100	8242000	8212000	8695900
327	7495100	8241100	8213200	8695500
328	7495000	8240800	8213500	8696100
329	7495500	8241600	8214000	8696300
330	7495100	8240500	8213700	8695600
331	7495500	8242000	8213000	8696400
332	7495400	8242000	8212600	8696300
333	7495500	8242100	8213300	8696400
334	7495800	8241900	8214100	8696100
335	7496000	8242500	8213800	8696700
336	7495700	8242400	8213000	8696500
337	7496000	8243000	8213400	8696900
338	7495900	8242200	8213800	8696800
339	7495400	8241800	8213000	8696100
340	7495400	8241700	8212600	8696000
341	7495300	8242000	8213400	8696200
342	7495400	8241700	8213300	8696200
343	7495500	8241500	8213800	8695600
344	7495000	8241300	8212500	8695600
345	7494900	8240800	8213000	8695900
346	7495100	8241200	8212200	8695800
347	7495600	8242200	8212900	8696200
348	7495500	8241700	8213000	8695500
349	7495300	8241900	8212300	8697100
350	7496000	8241700	8214100	8696800
351	7496200	8242600	8214200	8697100
352	7496500	8192200	8213900	8697300
353	7496000	8242100	8214900	8697100
354	7496300	8242700	8214000	8697000
355	7496100	8242100	8214800	8696500
356	7496200	8242300	8214800	8697300
357	7496500	8242700	8214900	8697400
358	7496200	8242300	8214200	8696800
359	7496500	8192300	8214300	8697400
360	7496200	8242000	8215100	8697400
361	7496600	8242900	8215300	8697400
362	7496400	8242700	8214400	8697400
363	7496100	8242200	8214300	8697000
364	7496300	8241700	8214900	8697200
365	7496000	8242200	8213800	8696300
366	7495400	8241900	8213000	8696300
367	7495800	8242200	8212600	8696600
368	7495600	8241500	8213400	8696500
369	7495800	8242000	8213300	8696300
370	7495000	8240600	8213100	8695200
371	7495000	8240700	8213400	8695600
372	7494800	8240700	8212600	8695300
373	7495500	8241900	8213200	8696100
374	7495500	8240600	8214400	8696100
375	7496000	8242200	8214300	8697000
376	7496300	8241800	8214900	8697200
377	7495900	8242000	8213500	8696100
378	7495900	8241000	8214300	8696400
379	7496000	8241400	8214600	8696800
380	7495300	8241300	8212800	8696100
381	7495100	8240500	8213300	8695800
382	7494900	8240300	8213000	8694900
383	7495100	8241700	8212200	8695900
384	7495100	8241400	8212400	8695800
385	7495700	8241500	8214000	8695800
386	7495200	8240400	8214100	8695800
387	7495200	8241400	8213200	8696000
388	7495400	8240500	8214000	8696200
389	7495400	8240800	8214200	8695400
390	7495700	8241300	8213200	8696200
391	7495800	8241100	8214700	8696500
392	7495400	8240600	8214200	8696200
393	7496100	8242700	8213600	8696500
394	7496000	8241800	8214200	8695900
395	7495900	8242100	8213700	8696400
396	7496000	8242200	8213600	8696600
397	7496400	8242500	8214400	8696400
398	7496100	8241600	8214500	8696000
399	7496800	8192000	8214700	8697100
400	7497100	8242500	8215500	8697800
401	7496900	8242900	8215000	8697600
402	7496800	8192100	8214000	8697300
403	7496900	8242600	8215600	8697100
404	7496200	8242500	8214400	8697200
405	7496600	8242700	8214700	8697200
406	7496300	8242000	8214600	8696900
407	7495900	8242600	8213200	8696500
408	7496100	8242300	8214200	8696500
409	7496900	8192700	8213800	8697400
410	7496300	8243100	8213300	8696500
411	7496100	8242600	8213500	8695700
412	7496400	8242500	8214500	8696900
413	7496100	8242800	8213500	8696200
414	7496300	8241900	8214300	8696500
415	7496100	8242000	8214100	8696600
416	7495600	8241700	8213400	8696300
417	7495900	8242200	8213400	8696400
418	7496000	8242500	8213500	8696500
419	7496800	8242900	8215000	8697100
420	7496300	8243000	8213100	8696700
421	7496100	8242500	8213700	8696200
422	7496000	8242200	8213200	8696500
423	7495900	8241600	8214300	8696400
424	7496100	8241200	8214100	8696700
425	7495400	8241400	8212900	8696000
426	7495500	8242000	8212700	8695700
427	7495500	8241300	8214100	8696300
428	7496000	8242400	8213700	8696600
429	7496000	8242300	8213000	8696300
430	7495900	8242300	8212400	8696300
431	7496200	8242100	8214100	8696300
432	7495800	8242100	8213200	8696600
433	7495500	8241300	8213600	8696300
434	7495200	8240700	8212700	8695100
435	7495800	8241800	8214300	8696500
436	7496000	8241400	8214000	8696700
437	7495700	8241200	8214000	8695900
438	7496200	8241100	8214400	8696400
439	7495600	8241000	8213200	8696200
440	7495300	8240500	8213400	8695900
441	7495300	8241400	8212300	8695800
442	7495600	8240800	8213400	8696300
443	7495500	8241900	8212700	8696000
444	7495400	8241000	8213800	8696200
445	7495500	8242200	8212400	8696400
446	7495500	8241200	8213400	8696400
447	7495500	8241800	8212900	8696100
448	7495200	8241200	8212200	8695200
449	7495400	8241800	8212500	8696100
450	7495100	8240900	8212600	8695800
451	7495400	8241900	8212700	8696000
452	7495400	8241100	8213500	8696200
453	7495400	8241600	8213100	8695900
454	7495400	8240900	8213000	8696000
455	7495100	8241300	8211600	8695600
456	7495200	8240200	8213000	8695800
457	7494700	8241000	8211300	8695300
458	7495000	8240500	8212200	8695000
459	7495000	8241400	8211800	8695500
460	7495000	8241000	8212500	8695800
461	7495100	8241000	8213200	8695700
462	7495300	8240300	8213600	8695800
463	7495400	8241500	8213000	8695000
464	7495400	8241700	8211900	8695700
465	7495300	8240000	8214000	8695700
466	7495100	8239800	8213400	8694900
467	7495300	8241400	8213000	8695800
468	7494900	8240900	8211900	8695800
469	7495600	8240300	8214500	8696300
470	7495600	8241000	8213200	8695800
471	7495500	8240700	8214000	8696200
472	7495800	8241100	8214200	8695800
473	7496100	8242200	8213200	8696400
474	7495400	8240400	8213900	8696200
475	7495700	8241100	8214000	8696100
476	7495500	8240500	8214000	8695400
477	7495300	8240600	8213700	8695100
478	7495400	8241300	8212700	8695800
479	7494600	8239900	8213500	8695200
480	7495200	8240000	8213400	8695600
481	7495400	8241100	8212800	8695800
482	7494700	8239600	8212400	8695200
483	7495800	8240900	8214000	8696000
484	7495800	8241200	8214100	8695900
485	7495700	8241800	8213200	8696400
486	7495700	8240900	8213900	8696300
487	7495500	8241200	8213700	8696000
488	7495400	8241200	8212700	8695800
489	7495200	8240900	8213600	8695700
490	7494900	8240600	8212500	8694900
491	7494500	8240400	8212100	8695200
492	7495100	8240500	8212500	8695600
493	7494500	8240300	8212000	8694700
494	7494500	8239600	8212300	8694200
495	7494700	8240100	8212600	8695300
496	7494200	8240200	8211500	8694700
497	7495200	8240300	8213300	8695600
498	7495300	8240800	8212700	8694900
499	7495400	8240300	8213800	8695800

============================================================
# BITSTREAM: 1ms_3etapas.bit
# VENTANA: 1ms
# ETAPAS_PRINCIPAL: 3
# NUM_MUESTRAS: 500
# FORMATO: idx	freq1_hz	freq2_hz	freq3_hz	freq4_hz
============================================================
idx	freq1_hz	freq2_hz	freq3_hz	freq4_hz
0	35872000	35872000	35872000	35872000
1	35875000	35874000	35874000	35874000
2	35867000	35867000	35867000	35867000
3	35870000	35870000	35870000	35870000
4	35869000	35869000	35869000	35869000
5	35872000	35872000	35872000	35872000
6	35867000	35867000	35867000	35867000
7	35870000	35870000	35870000	35870000
8	35867000	35867000	35867000	35867000
9	35867000	35867000	35867000	35867000
10	35873000	35873000	35873000	35873000
11	35872000	35872000	35888000	35871000
12	35869000	35869000	35869000	35869000
13	35867000	35867000	35867000	35867000
14	35872000	35888000	35888000	35872000
15	35870000	35870000	35870000	35870000
16	35872000	35872000	35872000	35873000
17	35870000	35870000	35870000	35870000
18	35868000	35868000	35868000	35868000
19	35873000	35873000	35873000	35873000
20	35870000	35870000	35870000	35870000
21	35871000	35871000	35871000	35871000
22	35872000	35872000	35872000	35872000
23	35874000	35874000	35874000	35874000
24	35867000	35867000	35867000	35867000
25	35871000	35871000	35871000	35871000
26	35868000	35868000	35868000	35868000
27	35877000	35877000	35877000	35877000
28	35873000	35873000	35873000	35872000
29	35872000	35872000	35872000	35872000
30	35869000	35868000	35868000	35868000
31	35870000	35870000	35870000	35870000
32	35871000	35871000	35871000	35871000
33	35873000	35873000	35873000	35873000
34	35869000	35869000	35869000	35868000
35	35869000	35869000	35869000	35869000
36	35878000	35878000	35878000	35878000
37	35869000	35869000	35869000	35869000
38	35878000	35878000	35878000	35877000
39	35871000	35872000	35872000	35872000
40	35874000	35874000	35874000	35874000
41	35872000	35872000	35872000	35872000
42	35871000	35871000	35871000	35871000
43	35874000	35874000	35874000	35874000
44	35865000	35865000	35865000	35866000
45	35874000	35874000	35874000	35874000
46	35878000	35878000	35878000	35878000
47	35870000	35870000	35870000	35870000
48	35870000	35870000	35870000	35871000
49	35870000	35870000	35870000	35870000
50	35874000	35874000	35874000	35874000
51	35870000	35870000	35870000	35870000
52	35873000	35873000	35872000	35873000
53	35880000	35880000	35880000	35880000
54	35875000	35875000	35875000	35875000
55	35878000	35878000	35878000	35878000
56	35873000	35873000	35873000	35873000
57	35875000	35875000	35875000	35876000
58	35870000	35870000	35870000	35870000
59	35868000	35868000	35868000	35868000
60	35863000	35863000	35863000	35863000
61	35875000	35875000	35891000	35875000
62	35869000	35869000	35869000	35869000
63	35868000	35868000	35868000	35868000
64	35872000	35872000	35872000	35872000
65	35871000	35871000	35871000	35871000
66	35869000	35869000	35869000	35869000
67	35855000	35855000	35855000	35855000
68	35865000	35865000	35865000	35865000
69	35863000	35863000	35863000	35863000
70	35861000	35861000	35861000	35861000
71	35863000	35863000	35863000	35863000
72	35863000	35863000	35863000	35863000
73	35866000	35866000	35866000	35866000
74	35865000	35866000	35866000	35866000
75	35871000	35871000	35871000	35870000
76	35870000	35870000	35870000	35870000
77	35867000	35867000	35867000	35867000
78	35871000	35871000	35871000	35871000
79	35865000	35865000	35865000	35865000
80	35870000	35870000	35870000	35871000
81	35866000	35866000	35866000	35866000
82	35869000	35869000	35869000	35869000
83	35863000	35863000	35864000	35864000
84	35867000	35867000	35867000	35868000
85	35864000	35864000	35864000	35864000
86	35864000	35864000	35864000	35864000
87	35873000	35873000	35873000	35873000
88	35867000	35868000	35868000	35868000
89	35866000	35866000	35866000	35866000
90	35869000	35869000	35869000	35870000
91	35867000	35867000	35849000	35867000
92	35871000	35871000	35871000	35871000
93	35872000	35872000	35872000	35872000
94	35866000	35866000	35866000	35866000
95	35866000	35866000	35866000	35866000
96	35870000	35870000	35870000	35871000
97	35868000	35868000	35868000	35868000
98	35873000	35873000	35873000	35873000
99	35873000	35873000	35873000	35873000
100	35871000	35871000	35871000	35870000
101	35870000	35870000	35870000	35870000
102	35868000	35868000	35868000	35868000
103	35864000	35865000	35865000	35865000
104	35871000	35871000	35871000	35871000
105	35866000	35866000	35866000	35866000
106	35873000	35873000	35873000	35872000
107	35870000	35870000	35870000	35870000
108	35868000	35868000	35868000	35868000
109	35868000	35868000	35868000	35868000
110	35864000	35864000	35864000	35864000
111	35866000	35866000	35866000	35866000
112	35868000	35868000	35868000	35868000
113	35868000	35868000	35868000	35868000
114	35865000	35865000	35865000	35864000
115	35867000	35867000	35867000	35867000
116	35872000	35872000	35872000	35872000
117	35871000	35871000	35871000	35871000
118	35869000	35869000	35869000	35869000
119	35874000	35874000	35874000	35874000
120	35868000	35868000	35868000	35870000
121	35857000	35857000	35857000	35857000
122	35853000	35853000	35853000	35854000
123	35862000	35862000	35862000	35862000
124	35869000	35869000	35869000	35869000
125	35866000	35866000	35866000	35866000
126	35867000	35866000	35866000	35866000
127	35862000	35862000	35862000	35861000
128	35867000	35867000	35867000	35867000
129	35868000	35868000	35868000	35868000
130	35867000	35867000	35867000	35867000
131	35868000	35868000	35868000	35868000
132	35867000	35867000	35867000	35867000
133	35871000	35871000	35871000	35871000
134	35870000	35870000	35870000	35870000
135	35865000	35865000	35865000	35865000
136	35872000	35872000	35872000	35872000
137	35868000	35868000	35868000	35867000
138	35865000	35865000	35865000	35865000
139	35870000	35870000	35870000	35870000
140	35868000	35868000	35869000	35869000
141	35867000	35867000	35867000	35867000
142	35865000	35865000	35865000	35865000
143	35876000	35876000	35876000	35876000
144	35865000	35864000	35864000	35864000
145	35864000	35864000	35864000	35864000
146	35869000	35869000	35869000	35869000
147	35866000	35866000	35866000	35867000
148	35870000	35870000	35870000	35869000
149	35871000	35871000	35871000	35871000
150	35873000	35873000	35873000	35873000
151	35865000	35865000	35865000	35865000
152	35872000	35872000	35872000	35872000
153	35875000	35875000	35875000	35875000
154	35866000	35866000	35866000	35866000
155	35860000	35860000	35860000	35860000
156	35870000	35870000	35870000	35870000
157	35867000	35867000	35867000	35867000
158	35865000	35865000	35865000	35865000
159	35868000	35868000	35868000	35868000
160	35862000	35862000	35862000	35863000
161	35863000	35863000	35863000	35862000
162	35863000	35863000	35863000	35863000
163	35865000	35865000	35865000	35865000
164	35859000	35859000	35859000	35860000
165	35861000	35861000	35861000	35861000
166	35858000	35858000	35858000	35858000
167	35866000	35866000	35866000	35866000
168	35870000	35870000	35869000	35869000
169	35870000	35870000	35870000	35870000
170	35868000	35868000	35868000	35868000
171	35870000	35870000	35870000	35870000
172	35869000	35869000	35869000	35869000
173	35869000	35869000	35869000	35870000
174	35872000	35872000	35872000	35872000
175	35867000	35867000	35867000	35868000
176	35865000	35865000	35865000	35865000
177	35863000	35864000	35864000	35864000
178	35873000	35874000	35874000	35874000
179	35865000	35865000	35865000	35865000
180	35870000	35870000	35870000	35870000
181	35869000	35869000	35869000	35869000
182	35866000	35866000	35866000	35867000
183	35864000	35864000	35864000	35863000
184	35869000	35869000	35869000	35869000
185	35868000	35869000	35869000	35869000
186	35859000	35859000	35859000	35859000
187	35870000	35870000	35870000	35870000
188	35863000	35863000	35863000	35862000
189	35865000	35865000	35865000	35865000
190	35860000	35860000	35860000	35859000
191	35866000	35866000	35866000	35866000
192	35865000	35865000	35865000	35865000
193	35868000	35868000	35868000	35868000
194	35866000	35866000	35866000	35866000
195	35866000	35866000	35866000	35866000
196	35867000	35867000	35867000	35867000
197	35868000	35868000	35868000	35868000
198	35861000	35861000	35861000	35861000
199	35864000	35864000	35865000	35865000
200	35863000	35863000	35863000	35863000
201	35861000	35861000	35861000	35861000
202	35864000	35864000	35864000	35864000
203	35865000	35865000	35869000	35865000
204	35875000	35875000	35875000	35875000
205	35874000	35874000	35874000	35874000
206	35869000	35869000	35869000	35869000
207	35872000	35872000	35872000	35873000
208	35869000	35869000	35869000	35869000
209	35863000	35863000	35863000	35863000
210	35862000	35862000	35862000	35863000
211	35859000	35859000	35859000	35859000
212	35869000	35869000	35869000	35869000
213	35864000	35864000	35864000	35864000
214	35866000	35866000	35866000	35866000
215	35868000	35868000	35868000	35868000
216	35869000	35869000	35869000	35869000
217	35868000	35868000	35868000	35868000
218	35868000	35868000	35868000	35868000
219	35868000	35868000	35868000	35870000
220	35868000	35868000	35868000	35869000
221	35868000	35868000	35869000	35869000
222	35871000	35871000	35871000	35871000
223	35869000	35869000	35869000	35869000
224	35873000	35873000	35873000	35873000
225	35867000	35867000	35867000	35867000
226	35868000	35868000	35868000	35868000
227	35866000	35866000	35866000	35866000
228	35865000	35865000	35865000	35865000
229	35859000	35859000	35859000	35860000
230	35864000	35864000	35864000	35864000
231	35869000	35869000	35869000	35869000
232	35865000	35865000	35865000	35865000
233	35858000	35858000	35858000	35858000
234	35868000	35868000	35868000	35868000
235	35870000	35870000	35870000	35870000
236	35874000	35874000	35874000	35873000
237	35875000	35875000	35875000	35875000
238	35871000	35871000	35871000	35871000
239	35869000	35869000	35869000	35869000
240	35863000	35863000	35863000	35863000
241	35867000	35867000	35867000	35867000
242	35860000	35860000	35860000	35860000
243	35869000	35869000	35869000	35869000
244	35861000	35861000	35861000	35861000
245	35868000	35868000	35868000	35868000
246	35867000	35867000	35867000	35867000
247	35869000	35869000	35869000	35869000
248	35875000	35875000	35875000	35875000
249	35869000	35869000	35869000	35868000
250	35875000	35875000	35875000	35875000
251	35878000	35878000	35878000	35878000
252	35873000	35873000	35873000	35873000
253	35872000	35872000	35872000	35872000
254	35870000	35870000	35870000	35870000
255	35872000	35872000	35872000	35873000
256	35871000	35871000	35871000	35871000
257	35870000	35870000	35870000	35870000
258	35868000	35868000	35868000	35867000
259	35872000	35872000	35872000	35872000
260	35869000	35869000	35869000	35869000
261	35877000	35877000	35877000	35877000
262	35876000	35876000	35876000	35876000
263	35871000	35871000	35871000	35871000
264	35867000	35867000	35867000	35868000
265	35873000	35873000	35873000	35874000
266	35873000	35874000	35874000	35874000
267	35867000	35867000	35867000	35867000
268	35869000	35869000	35869000	35869000
269	35874000	35873000	35873000	35873000
270	35877000	35877000	35878000	35878000
271	35872000	35872000	35872000	35872000
272	35876000	35876000	35876000	35876000
273	35874000	35874000	35874000	35874000
274	35870000	35870000	35871000	35871000
275	35864000	35864000	35864000	35864000
276	35868000	35869000	35869000	35869000
277	35868000	35868000	35868000	35868000
278	35871000	35871000	35871000	35871000
279	35877000	35877000	35877000	35877000
280	35868000	35868000	35868000	35869000
281	35871000	35871000	35871000	35871000
282	35874000	35874000	35874000	35874000
283	35870000	35869000	35871000	35869000
284	35872000	35872000	35872000	35872000
285	35872000	35872000	35872000	35872000
286	35870000	35870000	35870000	35870000
287	35871000	35871000	35871000	35871000
288	35874000	35874000	35874000	35874000
289	35874000	35873000	35873000	35873000
290	35872000	35872000	35872000	35873000
291	35876000	35876000	35876000	35875000
292	35870000	35870000	35870000	35870000
293	35873000	35873000	35873000	35873000
294	35873000	35873000	35873000	35874000
295	35875000	35875000	35875000	35875000
296	35872000	35871000	35871000	35871000
297	35869000	35869000	35869000	35870000
298	35879000	35879000	35879000	35879000
299	35878000	35878000	35878000	35878000
300	35876000	35876000	35876000	35876000
301	35875000	35875000	35875000	35874000
302	35874000	35874000	35874000	35874000
303	35871000	35871000	35871000	35871000
304	35865000	35865000	35865000	35864000
305	35873000	35873000	35873000	35873000
306	35870000	35870000	35870000	35871000
307	35872000	35872000	35872000	35872000
308	35874000	35874000	35874000	35875000
309	35876000	35876000	35876000	35876000
310	35870000	35870000	35870000	35870000
311	35868000	35868000	35867000	35891000
312	35875000	35875000	35875000	35875000
313	35870000	35870000	35870000	35871000
314	35867000	35867000	35867000	35867000
315	35864000	35864000	35864000	35864000
316	35861000	35861000	35861000	35861000
317	35865000	35865000	35865000	35865000
318	35871000	35871000	35871000	35870000
319	35862000	35862000	35862000	35862000
320	35861000	35861000	35861000	35861000
321	35870000	35870000	35870000	35871000
322	35865000	35865000	35865000	35866000
323	35868000	35868000	35868000	35869000
324	35865000	35865000	35865000	35865000
325	35865000	35865000	35865000	35865000
326	35863000	35863000	35863000	35863000
327	35866000	35866000	35866000	35866000
328	35862000	35862000	35862000	35861000
329	35866000	35866000	35866000	35866000
330	35865000	35865000	35865000	35864000
331	35871000	35871000	35871000	35871000
332	35873000	35873000	35873000	35873000
333	35868000	35868000	35868000	35868000
334	35874000	35874000	35874000	35874000
335	35875000	35875000	35875000	35876000
336	35869000	35869000	35869000	35869000
337	35869000	35869000	35869000	35869000
338	35865000	35865000	35865000	35865000
339	35868000	35868000	35868000	35868000
340	35868000	35868000	35868000	35868000
341	35873000	35873000	35873000	35873000
342	35869000	35869000	35869000	35869000
343	35873000	35873000	35873000	35873000
344	35870000	35870000	35870000	35870000
345	35875000	35875000	35875000	35875000
346	35867000	35867000	35867000	35868000
347	35869000	35869000	35869000	35869000
348	35872000	35872000	35872000	35871000
349	35871000	35871000	35871000	35870000
350	35871000	35871000	35871000	35871000
351	35869000	35869000	35869000	35869000
352	35873000	35873000	35873000	35873000
353	35874000	35874000	35874000	35873000
354	35870000	35870000	35870000	35870000
355	35872000	35872000	35872000	35872000
356	35867000	35867000	35867000	35867000
357	35870000	35870000	35870000	35870000
358	35868000	35868000	35868000	35868000
359	35866000	35866000	35866000	35866000
360	35872000	35872000	35872000	35872000
361	35872000	35872000	35872000	35872000
362	35869000	35869000	35869000	35869000
363	35874000	35874000	35874000	35873000
364	35872000	35872000	35872000	35871000
365	35872000	35872000	35872000	35872000
366	35864000	35864000	35864000	35864000
367	35869000	35869000	35869000	35869000
368	35869000	35869000	35869000	35869000
369	35870000	35870000	35870000	35870000
370	35870000	35870000	35871000	35871000
371	35862000	35861000	35861000	35861000
372	35864000	35864000	35864000	35864000
373	35867000	35867000	35868000	35868000
374	35872000	35872000	35872000	35872000
375	35867000	35867000	35867000	35867000
376	35870000	35870000	35870000	35870000
377	35878000	35878000	35878000	35879000
378	35877000	35877000	35877000	35877000
379	35878000	35878000	35879000	35879000
380	35870000	35870000	35871000	35871000
381	35869000	35869000	35869000	35870000
382	35871000	35871000	35871000	35870000
383	35878000	35878000	35878000	35878000
384	35879000	35879000	35879000	35879000
385	35878000	35878000	35879000	35879000
386	35883000	35883000	35883000	35883000
387	35878000	35878000	35879000	35878000
388	35880000	35880000	35880000	35879000
389	35879000	35879000	35879000	35878000
390	35878000	35878000	35878000	35878000
391	35883000	35883000	35883000	35883000
392	35876000	35876000	35876000	35876000
393	35876000	35876000	35876000	35876000
394	35877000	35877000	35877000	35877000
395	35877000	35877000	35877000	35877000
396	35873000	35873000	35873000	35873000
397	35875000	35875000	35875000	35875000
398	35873000	35873000	35873000	35873000
399	35868000	35868000	35868000	35868000
400	35879000	35879000	35879000	35879000
401	35875000	35875000	35875000	35875000
402	35881000	35881000	35881000	35881000
403	35876000	35876000	35876000	35876000
404	35872000	35872000	35888000	35872000
405	35873000	35873000	35873000	35873000
406	35871000	35871000	35871000	35871000
407	35871000	35855000	35855000	35871000
408	35875000	35875000	35875000	35875000
409	35879000	35879000	35879000	35880000
410	35879000	35879000	35879000	35879000
411	35880000	35880000	35880000	35880000
412	35873000	35873000	35873000	35873000
413	35875000	35875000	35875000	35875000
414	35881000	35881000	35881000	35880000
415	35882000	35882000	35882000	35882000
416	35877000	35877000	35877000	35877000
417	35884000	35884000	35884000	35883000
418	35893000	35892000	35892000	35892000
419	35882000	35882000	35882000	35882000
420	35882000	35882000	35882000	35882000
421	35881000	35881000	35881000	35880000
422	35881000	35881000	35881000	35881000
423	35881000	35881000	35881000	35881000
424	35882000	35882000	35882000	35882000
425	35882000	35882000	35882000	35882000
426	35871000	35871000	35871000	35871000
427	35868000	35868000	35868000	35868000
428	35870000	35870000	35870000	35870000
429	35875000	35875000	35875000	35875000
430	35873000	35873000	35873000	35873000
431	35875000	35875000	35875000	35875000
432	35873000	35873000	35873000	35874000
433	35873000	35873000	35873000	35873000
434	35877000	35877000	35877000	35877000
435	35873000	35873000	35873000	35873000
436	35877000	35877000	35877000	35877000
437	35882000	35882000	35882000	35883000
438	35876000	35876000	35876000	35876000
439	35870000	35870000	35870000	35870000
440	35866000	35866000	35866000	35866000
441	35874000	35874000	35874000	35874000
442	35873000	35873000	35873000	35873000
443	35871000	35871000	35871000	35871000
444	35870000	35870000	35870000	35870000
445	35872000	35872000	35872000	35872000
446	35874000	35874000	35874000	35874000
447	35873000	35873000	35873000	35873000
448	35869000	35869000	35869000	35869000
449	35865000	35865000	35865000	35865000
450	35870000	35870000	35870000	35869000
451	35874000	35874000	35874000	35874000
452	35867000	35867000	35867000	35867000
453	35865000	35865000	35865000	35865000
454	35868000	35868000	35868000	35868000
455	35866000	35866000	35866000	35866000
456	35870000	35870000	35870000	35870000
457	35867000	35867000	35867000	35866000
458	35870000	35870000	35870000	35870000
459	35868000	35868000	35868000	35868000
460	35865000	35865000	35865000	35865000
461	35869000	35869000	35869000	35869000
462	35870000	35870000	35870000	35870000
463	35865000	35865000	35865000	35865000
464	35870000	35870000	35870000	35871000
465	35863000	35863000	35863000	35863000
466	35862000	35862000	35862000	35862000
467	35862000	35862000	35862000	35862000
468	35864000	35864000	35864000	35863000
469	35860000	35860000	35860000	35861000
470	35862000	35862000	35862000	35862000
471	35875000	35875000	35875000	35875000
472	35865000	35865000	35865000	35865000
473	35867000	35867000	35867000	35868000
474	35874000	35875000	35875000	35875000
475	35872000	35872000	35872000	35871000
476	35875000	35875000	35875000	35875000
477	35872000	35872000	35872000	35872000
478	35871000	35871000	35871000	35871000
479	35873000	35873000	35873000	35873000
480	35865000	35865000	35865000	35865000
481	35870000	35870000	35870000	35870000
482	35869000	35869000	35869000	35869000
483	35872000	35872000	35872000	35872000
484	35872000	35872000	35872000	35872000
485	35870000	35870000	35870000	35870000
486	35864000	35864000	35864000	35864000
487	35869000	35869000	35869000	35870000
488	35864000	35864000	35864000	35864000
489	35870000	35870000	35870000	35870000
490	35869000	35869000	35869000	35869000
491	35872000	35872000	35872000	35872000
492	35873000	35873000	35873000	35873000
493	35866000	35865000	35865000	35865000
494	35867000	35867000	35867000	35867000
495	35880000	35880000	35880000	35880000
496	35877000	35878000	35878000	35878000
497	35870000	35870000	35870000	35869000
498	35870000	35870000	35870000	35870000
499	35871000	35871000	35871000	35871000

============================================================
# BITSTREAM: 1ms_5etapas.bit
# VENTANA: 1ms
# ETAPAS_PRINCIPAL: 5
# NUM_MUESTRAS: 500
# FORMATO: idx	freq1_hz	freq2_hz	freq3_hz	freq4_hz
============================================================
idx	freq1_hz	freq2_hz	freq3_hz	freq4_hz
0	34205000	34205000	34205000	34206000
1	34206000	34205000	34206000	34206000
2	34209000	34209000	34209000	34209000
3	34209000	34209000	34209000	34210000
4	34209000	34209000	34209000	34209000
5	34208000	34208000	34209000	34209000
6	34211000	34211000	34211000	34211000
7	34210000	34210000	34210000	34210000
8	34215000	34216000	34215000	34215000
9	34212000	34212000	34211000	34212000
10	34212000	34212000	34212000	34213000
11	34211000	34212000	34211000	34211000
12	34213000	34213000	34213000	34213000
13	34209000	34209000	34209000	34209000
14	34219000	34219000	34219000	34218000
15	34234000	34210000	34210000	34210000
16	34211000	34211000	34211000	34211000
17	34209000	34209000	34210000	34210000
18	34206000	34206000	34206000	34206000
19	34211000	34211000	34211000	34211000
20	34207000	34206000	34207000	34207000
21	34209000	34209000	34209000	34209000
22	34205000	34205000	34205000	34205000
23	34207000	34207000	34207000	34206000
24	34210000	34210000	34210000	34210000
25	34206000	34206000	34206000	34206000
26	34205000	34204000	34205000	34205000
27	34201000	34200000	34201000	34200000
28	34207000	34207000	34207000	34207000
29	34202000	34202000	34202000	34202000
30	34209000	34209000	34209000	34208000
31	34208000	34207000	34208000	34207000
32	34207000	34207000	34207000	34207000
33	34207000	34207000	34207000	34207000
34	34210000	34209000	34210000	34210000
35	34208000	34208000	34208000	34208000
36	34212000	34212000	34212000	34212000
37	34214000	34214000	34214000	34213000
38	34209000	34209000	34209000	34209000
39	34205000	34205000	34205000	34205000
40	34207000	34207000	34207000	34206000
41	34207000	34207000	34207000	34207000
42	34204000	34204000	34204000	34205000
43	34206000	34206000	34206000	34206000
44	34207000	34207000	34207000	34208000
45	34203000	34202000	34202000	34202000
46	34207000	34207000	34207000	34207000
47	34207000	34207000	34207000	34207000
48	34204000	34204000	34204000	34204000
49	34201000	34201000	34201000	34201000
50	34204000	34204000	34204000	34204000
51	34204000	34204000	34204000	34204000
52	34194000	34193000	34194000	34194000
53	34198000	34198000	34198000	34198000
54	34199000	34199000	34199000	34199000
55	34199000	34199000	34199000	34199000
56	34200000	34200000	34200000	34200000
57	34202000	34202000	34202000	34202000
58	34201000	34201000	34201000	34201000
59	34207000	34207000	34206000	34206000
60	34211000	34210000	34211000	34211000
61	34209000	34209000	34209000	34209000
62	34210000	34209000	34210000	34210000
63	34207000	34207000	34207000	34207000
64	34210000	34210000	34210000	34210000
65	34206000	34206000	34206000	34206000
66	34207000	34207000	34207000	34207000
67	34206000	34206000	34206000	34206000
68	34202000	34202000	34202000	34202000
69	34206000	34205000	34206000	34206000
70	34208000	34207000	34208000	34208000
71	34204000	34204000	34204000	34204000
72	34204000	34204000	34204000	34204000
73	34207000	34207000	34207000	34207000
74	34208000	34208000	34208000	34208000
75	34211000	34210000	34211000	34211000
76	34209000	34209000	34209000	34208000
77	34206000	34206000	34206000	34206000
78	34211000	34211000	34211000	34211000
79	34210000	34210000	34210000	34210000
80	34204000	34204000	34204000	34204000
81	34206000	34206000	34206000	34206000
82	34211000	34212000	34211000	34211000
83	34211000	34211000	34211000	34211000
84	34207000	34207000	34207000	34206000
85	34206000	34206000	34205000	34205000
86	34206000	34207000	34206000	34207000
87	34207000	34207000	34207000	34208000
88	34204000	34204000	34204000	34204000
89	34202000	34202000	34202000	34203000
90	34206000	34207000	34206000	34207000
91	34209000	34209000	34209000	34209000
92	34211000	34211000	34211000	34210000
93	34214000	34214000	34214000	34215000
94	34209000	34210000	34209000	34209000
95	34211000	34211000	34211000	34211000
96	34206000	34205000	34206000	34206000
97	34208000	34208000	34208000	34209000
98	34204000	34204000	34204000	34205000
99	34204000	34204000	34204000	34204000
100	34206000	34206000	34206000	34205000
101	34211000	34211000	34211000	34210000
102	34204000	34204000	34204000	34204000
103	34204000	34204000	34204000	34205000
104	34204000	34203000	34204000	34203000
105	34204000	34204000	34204000	34204000
106	34207000	34207000	34207000	34207000
107	34205000	34205000	34205000	34205000
108	34200000	34200000	34200000	34201000
109	34206000	34206000	34206000	34206000
110	34206000	34206000	34206000	34206000
111	34206000	34206000	34206000	34206000
112	34210000	34209000	34210000	34210000
113	34205000	34205000	34205000	34204000
114	34209000	34209000	34209000	34209000
115	34200000	34200000	34200000	34201000
116	34208000	34208000	34208000	34208000
117	34208000	34208000	34208000	34208000
118	34205000	34205000	34205000	34205000
119	34207000	34207000	34207000	34207000
120	34204000	34204000	34204000	34204000
121	34207000	34207000	34207000	34207000
122	34207000	34207000	34207000	34207000
123	34205000	34205000	34205000	34205000
124	34205000	34205000	34205000	34205000
125	34205000	34204000	34205000	34205000
126	34207000	34207000	34208000	34207000
127	34202000	34202000	34202000	34202000
128	34205000	34205000	34205000	34206000
129	34203000	34203000	34203000	34203000
130	34203000	34203000	34203000	34203000
131	34201000	34201000	34201000	34201000
132	34203000	34203000	34203000	34203000
133	34210000	34210000	34210000	34209000
134	34204000	34203000	34204000	34204000
135	34205000	34206000	34205000	34205000
136	34204000	34204000	34204000	34204000
137	34202000	34202000	34202000	34202000
138	34200000	34200000	34200000	34200000
139	34207000	34207000	34207000	34208000
140	34206000	34206000	34206000	34206000
141	34206000	34206000	34206000	34206000
142	34202000	34202000	34202000	34202000
143	34200000	34200000	34200000	34200000
144	34199000	34199000	34199000	34199000
145	34203000	34203000	34203000	34204000
146	34208000	34208000	34208000	34209000
147	34207000	34207000	34207000	34207000
148	34210000	34210000	34210000	34210000
149	34205000	34205000	34204000	34204000
150	34202000	34202000	34202000	34202000
151	34202000	34202000	34202000	34202000
152	34206000	34206000	34206000	34206000
153	34203000	34203000	34203000	34202000
154	34206000	34206000	34206000	34206000
155	34206000	34206000	34206000	34206000
156	34204000	34204000	34204000	34204000
157	34212000	34212000	34212000	34211000
158	34208000	34208000	34208000	34208000
159	34209000	34209000	34209000	34208000
160	34208000	34208000	34208000	34208000
161	34208000	34208000	34208000	34208000
162	34206000	34205000	34206000	34206000
163	34207000	34207000	34207000	34207000
164	34200000	34200000	34200000	34201000
165	34205000	34204000	34205000	34205000
166	34207000	34207000	34207000	34207000
167	34207000	34207000	34207000	34207000
168	34208000	34209000	34208000	34208000
169	34211000	34211000	34211000	34211000
170	34209000	34209000	34209000	34209000
171	34211000	34211000	34211000	34211000
172	34205000	34205000	34205000	34204000
173	34207000	34207000	34208000	34208000
174	34213000	34213000	34213000	34213000
175	34210000	34210000	34210000	34210000
176	34205000	34205000	34205000	34205000
177	34214000	34214000	34214000	34214000
178	34213000	34213000	34213000	34213000
179	34212000	34212000	34211000	34211000
180	34212000	34212000	34212000	34212000
181	34212000	34212000	34212000	34212000
182	34206000	34206000	34206000	34206000
183	34206000	34207000	34206000	34207000
184	34208000	34208000	34208000	34208000
185	34204000	34204000	34204000	34204000
186	34207000	34207000	34207000	34207000
187	34213000	34213000	34213000	34213000
188	34209000	34209000	34209000	34209000
189	34212000	34212000	34212000	34212000
190	34210000	34211000	34210000	34210000
191	34214000	34213000	34214000	34214000
192	34209000	34209000	34209000	34209000
193	34210000	34210000	34210000	34210000
194	34209000	34209000	34209000	34209000
195	34210000	34210000	34210000	34210000
196	34210000	34210000	34210000	34210000
197	34217000	34217000	34217000	34217000
198	34205000	34205000	34205000	34205000
199	34206000	34206000	34206000	34206000
200	34211000	34211000	34211000	34211000
201	34206000	34206000	34206000	34206000
202	34209000	34209000	34209000	34209000
203	34211000	34211000	34211000	34211000
204	34206000	34206000	34206000	34207000
205	34208000	34208000	34208000	34208000
206	34215000	34215000	34215000	34215000
207	34218000	34217000	34218000	34218000
208	34219000	34218000	34219000	34219000
209	34215000	34215000	34215000	34215000
210	34212000	34212000	34212000	34212000
211	34215000	34215000	34214000	34214000
212	34204000	34204000	34204000	34204000
213	34203000	34203000	34203000	34204000
214	34207000	34207000	34207000	34207000
215	34207000	34207000	34207000	34207000
216	34210000	34210000	34210000	34210000
217	34210000	34211000	34210000	34210000
218	34211000	34211000	34211000	34211000
219	34210000	34210000	34210000	34210000
220	34215000	34216000	34215000	34215000
221	34213000	34212000	34213000	34213000
222	34213000	34213000	34213000	34213000
223	34213000	34213000	34213000	34214000
224	34204000	34204000	34204000	34204000
225	34209000	34209000	34209000	34209000
226	34208000	34208000	34208000	34208000
227	34213000	34213000	34213000	34214000
228	34209000	34208000	34209000	34209000
229	34212000	34213000	34212000	34213000
230	34201000	34201000	34201000	34201000
231	34209000	34208000	34209000	34209000
232	34211000	34210000	34210000	34210000
233	34205000	34205000	34205000	34205000
234	34205000	34205000	34205000	34205000
235	34203000	34203000	34203000	34203000
236	34203000	34204000	34203000	34203000
237	34213000	34214000	34213000	34213000
238	34212000	34212000	34212000	34212000
239	34218000	34218000	34218000	34218000
240	34209000	34208000	34209000	34209000
241	34211000	34211000	34211000	34210000
242	34214000	34214000	34214000	34215000
243	34224000	34208000	34208000	34208000
244	34212000	34211000	34212000	34212000
245	34219000	34219000	34219000	34219000
246	34211000	34211000	34211000	34211000
247	34210000	34210000	34210000	34210000
248	34213000	34213000	34213000	34213000
249	34208000	34208000	34208000	34208000
250	34213000	34213000	34213000	34213000
251	34208000	34208000	34208000	34207000
252	34208000	34208000	34208000	34208000
253	34207000	34207000	34207000	34207000
254	34210000	34210000	34210000	34210000
255	34216000	34216000	34216000	34216000
256	34213000	34212000	34213000	34213000
257	34208000	34208000	34208000	34208000
258	34207000	34207000	34207000	34207000
259	34202000	34203000	34202000	34203000
260	34207000	34207000	34207000	34207000
261	34206000	34206000	34206000	34205000
262	34206000	34206000	34206000	34206000
263	34207000	34207000	34207000	34208000
264	34211000	34211000	34211000	34211000
265	34208000	34208000	34208000	34207000
266	34202000	34202000	34202000	34202000
267	34200000	34200000	34200000	34199000
268	34208000	34207000	34208000	34208000
269	34206000	34206000	34206000	34207000
270	34207000	34207000	34207000	34207000
271	34208000	34208000	34208000	34208000
272	34208000	34208000	34207000	34207000
273	34211000	34211000	34211000	34211000
274	34205000	34205000	34205000	34205000
275	34200000	34200000	34200000	34201000
276	34206000	34206000	34206000	34206000
277	34209000	34209000	34209000	34208000
278	34214000	34214000	34214000	34213000
279	34209000	34209000	34209000	34209000
280	34207000	34207000	34207000	34207000
281	34199000	34198000	34199000	34199000
282	34204000	34204000	34204000	34204000
283	34199000	34199000	34199000	34200000
284	34206000	34206000	34206000	34206000
285	34207000	34207000	34207000	34208000
286	34212000	34212000	34212000	34212000
287	34210000	34210000	34210000	34210000
288	34208000	34208000	34208000	34208000
289	34206000	34206000	34206000	34206000
290	34208000	34207000	34208000	34208000
291	34205000	34205000	34205000	34204000
292	34206000	34206000	34206000	34206000
293	34207000	34207000	34207000	34208000
294	34203000	34203000	34203000	34204000
295	34199000	34199000	34199000	34199000
296	34202000	34202000	34202000	34202000
297	34205000	34204000	34205000	34205000
298	34203000	34203000	34203000	34203000
299	34207000	34208000	34207000	34207000
300	34211000	34211000	34211000	34212000
301	34208000	34208000	34208000	34208000
302	34211000	34211000	34211000	34211000
303	34206000	34206000	34206000	34206000
304	34204000	34204000	34204000	34204000
305	34206000	34207000	34206000	34206000
306	34204000	34203000	34204000	34204000
307	34210000	34210000	34210000	34210000
308	34203000	34203000	34203000	34203000
309	34203000	34203000	34203000	34203000
310	34213000	34213000	34213000	34213000
311	34209000	34209000	34209000	34209000
312	34205000	34205000	34205000	34205000
313	34207000	34207000	34207000	34208000
314	34208000	34209000	34208000	34208000
315	34208000	34207000	34208000	34208000
316	34205000	34205000	34205000	34205000
317	34208000	34208000	34208000	34207000
318	34207000	34207000	34207000	34207000
319	34206000	34206000	34206000	34206000
320	34213000	34213000	34213000	34213000
321	34210000	34210000	34210000	34210000
322	34211000	34211000	34211000	34211000
323	34205000	34205000	34205000	34205000
324	34208000	34208000	34208000	34208000
325	34208000	34208000	34208000	34208000
326	34203000	34203000	34203000	34204000
327	34203000	34203000	34203000	34203000
328	34208000	34209000	34208000	34208000
329	34208000	34208000	34208000	34208000
330	34208000	34208000	34208000	34208000
331	34206000	34206000	34206000	34206000
332	34205000	34205000	34205000	34204000
333	34207000	34207000	34207000	34206000
334	34209000	34208000	34209000	34209000
335	34204000	34204000	34204000	34204000
336	34205000	34205000	34205000	34205000
337	34210000	34210000	34210000	34210000
338	34203000	34203000	34203000	34203000
339	34205000	34205000	34205000	34205000
340	34209000	34209000	34209000	34208000
341	34219000	34218000	34219000	34219000
342	34211000	34211000	34211000	34211000
343	34211000	34211000	34211000	34211000
344	34207000	34208000	34207000	34207000
345	34210000	34209000	34210000	34210000
346	34210000	34210000	34210000	34210000
347	34206000	34206000	34206000	34206000
348	34212000	34212000	34212000	34212000
349	34208000	34208000	34208000	34208000
350	34212000	34212000	34212000	34211000
351	34205000	34205000	34205000	34205000
352	34205000	34206000	34205000	34206000
353	34206000	34206000	34206000	34206000
354	34204000	34204000	34204000	34204000
355	34209000	34209000	34209000	34210000
356	34200000	34200000	34200000	34200000
357	34205000	34205000	34205000	34205000
358	34205000	34205000	34205000	34205000
359	34210000	34210000	34211000	34211000
360	34214000	34214000	34214000	34214000
361	34207000	34207000	34207000	34207000
362	34209000	34209000	34209000	34209000
363	34208000	34208000	34209000	34208000
364	34203000	34203000	34203000	34203000
365	34206000	34206000	34206000	34206000
366	34209000	34209000	34209000	34210000
367	34211000	34211000	34211000	34211000
368	34210000	34210000	34210000	34210000
369	34206000	34206000	34206000	34206000
370	34211000	34211000	34211000	34211000
371	34210000	34210000	34210000	34210000
372	34213000	34213000	34213000	34213000
373	34203000	34203000	34203000	34203000
374	34203000	34203000	34203000	34202000
375	34208000	34208000	34208000	34208000
376	34210000	34210000	34210000	34210000
377	34203000	34203000	34203000	34203000
378	34210000	34210000	34210000	34210000
379	34216000	34216000	34216000	34217000
380	34210000	34210000	34209000	34209000
381	34212000	34212000	34212000	34213000
382	34211000	34211000	34211000	34212000
383	34221000	34213000	34213000	34213000
384	34206000	34206000	34206000	34205000
385	34206000	34207000	34206000	34206000
386	34212000	34212000	34213000	34213000
387	34207000	34207000	34207000	34207000
388	34211000	34211000	34211000	34211000
389	34212000	34212000	34212000	34212000
390	34211000	34211000	34211000	34210000
391	34210000	34211000	34210000	34211000
392	34210000	34210000	34210000	34210000
393	34212000	34212000	34212000	34212000
394	34210000	34209000	34210000	34210000
395	34214000	34213000	34214000	34214000
396	34215000	34215000	34215000	34215000
397	34212000	34212000	34212000	34212000
398	34207000	34207000	34207000	34207000
399	34210000	34210000	34210000	34210000
400	34213000	34213000	34213000	34213000
401	34216000	34216000	34216000	34216000
402	34211000	34212000	34211000	34211000
403	34209000	34209000	34209000	34209000
404	34214000	34214000	34214000	34214000
405	34214000	34214000	34214000	34214000
406	34209000	34209000	34209000	34209000
407	34213000	34213000	34213000	34213000
408	34213000	34213000	34213000	34213000
409	34214000	34214000	34214000	34215000
410	34214000	34214000	34214000	34214000
411	34211000	34211000	34211000	34211000
412	34212000	34212000	34212000	34212000
413	34214000	34215000	34214000	34214000
414	34212000	34212000	34212000	34213000
415	34206000	34206000	34206000	34206000
416	34210000	34210000	34210000	34210000
417	34211000	34212000	34211000	34211000
418	34215000	34215000	34215000	34215000
419	34213000	34213000	34213000	34213000
420	34214000	34214000	34214000	34214000
421	34213000	34214000	34213000	34213000
422	34213000	34213000	34213000	34212000
423	34216000	34216000	34216000	34217000
424	34212000	34212000	34212000	34212000
425	34209000	34209000	34209000	34209000
426	34209000	34209000	34209000	34210000
427	34204000	34204000	34204000	34203000
428	34214000	34214000	34214000	34214000
429	34211000	34212000	34211000	34211000
430	34210000	34210000	34210000	34210000
431	34211000	34211000	34211000	34211000
432	34207000	34207000	34207000	34207000
433	34207000	34208000	34207000	34207000
434	34208000	34208000	34208000	34207000
435	34210000	34210000	34210000	34210000
436	34207000	34207000	34207000	34206000
437	34204000	34204000	34204000	34204000
438	34209000	34209000	34209000	34209000
439	34206000	34206000	34206000	34206000
440	34212000	34211000	34212000	34212000
441	34205000	34204000	34205000	34205000
442	34212000	34212000	34212000	34212000
443	34210000	34210000	34210000	34209000
444	34211000	34211000	34211000	34211000
445	34211000	34211000	34211000	34211000
446	34203000	34203000	34203000	34204000
447	34207000	34207000	34207000	34207000
448	34208000	34208000	34208000	34208000
449	34206000	34205000	34206000	34206000
450	34206000	34206000	34206000	34206000
451	34206000	34206000	34206000	34206000
452	34207000	34206000	34207000	34207000
453	34211000	34211000	34211000	34211000
454	34212000	34212000	34212000	34212000
455	34205000	34205000	34205000	34205000
456	34210000	34210000	34210000	34210000
457	34206000	34206000	34206000	34206000
458	34207000	34207000	34207000	34208000
459	34204000	34205000	34204000	34204000
460	34203000	34203000	34203000	34203000
461	34207000	34207000	34207000	34207000
462	34212000	34211000	34212000	34212000
463	34211000	34211000	34211000	34211000
464	34206000	34206000	34206000	34206000
465	34209000	34209000	34209000	34209000
466	34210000	34209000	34210000	34210000
467	34209000	34209000	34209000	34209000
468	34210000	34210000	34210000	34210000
469	34205000	34205000	34205000	34205000
470	34207000	34207000	34207000	34207000
471	34209000	34209000	34209000	34209000
472	34208000	34208000	34208000	34208000
473	34210000	34209000	34210000	34210000
474	34201000	34201000	34201000	34201000
475	34206000	34206000	34206000	34206000
476	34207000	34207000	34207000	34207000
477	34208000	34208000	34208000	34208000
478	34204000	34204000	34204000	34204000
479	34203000	34203000	34203000	34203000
480	34204000	34204000	34204000	34204000
481	34203000	34203000	34203000	34203000
482	34213000	34214000	34213000	34213000
483	34208000	34208000	34208000	34208000
484	34217000	34217000	34217000	34217000
485	34209000	34209000	34209000	34210000
486	34208000	34209000	34208000	34208000
487	34207000	34207000	34207000	34207000
488	34206000	34206000	34206000	34206000
489	34210000	34210000	34210000	34210000
490	34215000	34215000	34215000	34215000
491	34207000	34207000	34207000	34207000
492	34203000	34203000	34203000	34202000
493	34211000	34211000	34211000	34211000
494	34208000	34208000	34208000	34208000
495	34203000	34203000	34203000	34203000
496	34208000	34208000	34208000	34208000
497	34212000	34212000	34212000	34212000
498	34209000	34210000	34209000	34209000
499	34211000	34211000	34211000	34211000

============================================================
# BITSTREAM: 1ms_51etapas.bit
# VENTANA: 1ms
# ETAPAS_PRINCIPAL: 51
# NUM_MUESTRAS: 500
# FORMATO: idx	freq1_hz	freq2_hz	freq3_hz	freq4_hz
============================================================
idx	freq1_hz	freq2_hz	freq3_hz	freq4_hz
0	12402000	12812000	13048000	13338000
1	12401000	12810000	13049000	13338000
2	12402000	12812000	13046000	13337000
3	12400000	12809000	13049000	13336000
4	12400000	12810000	13045000	13336000
5	12401000	12810000	13045000	13337000
6	12401000	12812000	13048000	13336000
7	12402000	12811000	13046000	13336000
8	12399000	12809000	13046000	13335000
9	12402000	12812000	13047000	13338000
10	12400000	12812000	13048000	13336000
11	12401000	12810000	13046000	13338000
12	12401000	12811000	13047000	13336000
13	12400000	12811000	13048000	13336000
14	12400000	12810000	13045000	13338000
15	12400000	12811000	13047000	13336000
16	12400000	12811000	13047000	13336000
17	12400000	12809000	13045000	13336000
18	12401000	12810000	13049000	13338000
19	12400000	12810000	13046000	13336000
20	12401000	12811000	13048000	13336000
21	12401000	12810000	13047000	13337000
22	12401000	12809000	13046000	13337000
23	12399000	12809000	13046000	13335000
24	12400000	12808000	13046000	13335000
25	12400000	12810000	13045000	13335000
26	12400000	12810000	13047000	13336000
27	12401000	12811000	13046000	13337000
28	12398000	12810000	13047000	13335000
29	12399000	12810000	13048000	13335000
30	12401000	12810000	13047000	13338000
31	12399000	12810000	13048000	13335000
32	12401000	12810000	13045000	13336000
33	12400000	12809000	13046000	13336000
34	12400000	12809000	13047000	13337000
35	12398000	12812000	13049000	13333000
36	12400000	12811000	13045000	13336000
37	12401000	12810000	13045000	13336000
38	12400000	12811000	13046000	13336000
39	12401000	12811000	13044000	13336000
40	12400000	12811000	13047000	13337000
41	12401000	12811000	13046000	13336000
42	12400000	12810000	13045000	13336000
43	12400000	12810000	13045000	13337000
44	12400000	12810000	13044000	13335000
45	12400000	12811000	13047000	13338000
46	12400000	12811000	13047000	13335000
47	12401000	12811000	13046000	13339000
48	12400000	12811000	13047000	13336000
49	12398000	12811000	13048000	13333000
50	12401000	12811000	13047000	13337000
51	12401000	12810000	13047000	13338000
52	12398000	12810000	13048000	13336000
53	12399000	12810000	13047000	13336000
54	12400000	12811000	13049000	13336000
55	12399000	12809000	13044000	13337000
56	12400000	12811000	13047000	13337000
57	12399000	12810000	13047000	13336000
58	12401000	12811000	13045000	13338000
59	12400000	12810000	13046000	13337000
60	12401000	12810000	13046000	13338000
61	12401000	12812000	13046000	13338000
62	12401000	12811000	13045000	13337000
63	12402000	12811000	13048000	13338000
64	12401000	12810000	13046000	13337000
65	12400000	12809000	13048000	13336000
66	12400000	12810000	13046000	13335000
67	12401000	12810000	13045000	13336000
68	12401000	12811000	13049000	13336000
69	12401000	12812000	13047000	13338000
70	12401000	12812000	13049000	13336000
71	12399000	12810000	13047000	13336000
72	12400000	12811000	13047000	13337000
73	12401000	12810000	13045000	13337000
74	12400000	12810000	13047000	13336000
75	12399000	12813000	13049000	13333000
76	12401000	12812000	13047000	13337000
77	12400000	12809000	13045000	13335000
78	12400000	12811000	13047000	13335000
79	12401000	12811000	13047000	13339000
80	12402000	12812000	13049000	13336000
81	12401000	12809000	13047000	13335000
82	12399000	12810000	13046000	13336000
83	12399000	12812000	13048000	13333000
84	12401000	12812000	13047000	13338000
85	12398000	12808000	13044000	13335000
86	12400000	12810000	13045000	13337000
87	12399000	12810000	13046000	13335000
88	12399000	12810000	13046000	13336000
89	12399000	12809000	13046000	13335000
90	12400000	12809000	13046000	13336000
91	12399000	12812000	13049000	13332000
92	12399000	12810000	13048000	13333000
93	12401000	12810000	13044000	13336000
94	12400000	12811000	13047000	13337000
95	12401000	12811000	13048000	13337000
96	12401000	12812000	13049000	13334000
97	12399000	12809000	13048000	13335000
98	12401000	12811000	13047000	13336000
99	12401000	12811000	13047000	13336000
100	12400000	12814000	13049000	13332000
101	12399000	12810000	13046000	13336000
102	12400000	12811000	13050000	13335000
103	12400000	12812000	13049000	13334000
104	12400000	12813000	13050000	13333000
105	12399000	12809000	13045000	13336000
106	12401000	12810000	13045000	13337000
107	12400000	12810000	13048000	13334000
108	12399000	12813000	13048000	13332000
109	12397000	12810000	13047000	13332000
110	12397000	12811000	13048000	13331000
111	12396000	12811000	13047000	13330000
112	12399000	12810000	13046000	13334000
113	12398000	12810000	13047000	13333000
114	12397000	12810000	13047000	13330000
115	12399000	12812000	13049000	13331000
116	12398000	12812000	13049000	13332000
117	12397000	12812000	13049000	13330000
118	12398000	12813000	13049000	13331000
119	12397000	12810000	13048000	13330000
120	12397000	12812000	13050000	13331000
121	12397000	12811000	13047000	13332000
122	12399000	12811000	13049000	13334000
123	12400000	12810000	13046000	13336000
124	12400000	12808000	13048000	13336000
125	12400000	12809000	13044000	13335000
126	12397000	12810000	13047000	13331000
127	12399000	12813000	13049000	13333000
128	12397000	12811000	13047000	13332000
129	12397000	12810000	13046000	13331000
130	12398000	12808000	13043000	13334000
131	12397000	12811000	13048000	13331000
132	12398000	12811000	13046000	13332000
133	12398000	12810000	13048000	13331000
134	12397000	12811000	13049000	13328000
135	12397000	12809000	13048000	13332000
136	12396000	12810000	13047000	13331000
137	12396000	12809000	13046000	13330000
138	12396000	12809000	13046000	13331000
139	12398000	12811000	13048000	13332000
140	12398000	12811000	13049000	13332000
141	12398000	12811000	13047000	13332000
142	12397000	12812000	13049000	13331000
143	12397000	12811000	13048000	13331000
144	12397000	12811000	13047000	13331000
145	12396000	12811000	13047000	13330000
146	12398000	12809000	13047000	13330000
147	12399000	12809000	13046000	13334000
148	12397000	12810000	13046000	13332000
149	12396000	12809000	13046000	13332000
150	12397000	12809000	13048000	13331000
151	12396000	12809000	13046000	13330000
152	12397000	12812000	13048000	13331000
153	12398000	12811000	13050000	13332000
154	12398000	12813000	13048000	13331000
155	12399000	12813000	13050000	13333000
156	12398000	12810000	13047000	13333000
157	12396000	12810000	13048000	13332000
158	12397000	12810000	13048000	13332000
159	12397000	12810000	13049000	13332000
160	12398000	12812000	13048000	13332000
161	12399000	12811000	13047000	13331000
162	12399000	12809000	13044000	13333000
163	12398000	12810000	13048000	13333000
164	12397000	12811000	13047000	13331000
165	12398000	12810000	13047000	13332000
166	12398000	12810000	13048000	13331000
167	12398000	12812000	13049000	13332000
168	12396000	12810000	13047000	13330000
169	12396000	12809000	13047000	13330000
170	12396000	12811000	13048000	13331000
171	12397000	12810000	13047000	13333000
172	12396000	12808000	13045000	13333000
173	12399000	12811000	13048000	13333000
174	12397000	12813000	13049000	13331000
175	12398000	12811000	13049000	13332000
176	12397000	12814000	13049000	13330000
177	12399000	12809000	13044000	13335000
178	12397000	12810000	13049000	13332000
179	12396000	12810000	13047000	13333000
180	12397000	12810000	13048000	13333000
181	12397000	12810000	13048000	13332000
182	12397000	12808000	13044000	13333000
183	12399000	12810000	13047000	13333000
184	12398000	12807000	13044000	13334000
185	12398000	12808000	13045000	13335000
186	12400000	12809000	13043000	13334000
187	12397000	12811000	13048000	13330000
188	12398000	12808000	13044000	13333000
189	12399000	12809000	13045000	13335000
190	12398000	12808000	13043000	13336000
191	12397000	12808000	13047000	13331000
192	12397000	12809000	13047000	13335000
193	12394000	12808000	13045000	13329000
194	12398000	12810000	13047000	13331000
195	12398000	12811000	13048000	13332000
196	12396000	12809000	13047000	13332000
197	12396000	12807000	13046000	13330000
198	12397000	12810000	13047000	13333000
199	12397000	12809000	13046000	13333000
200	12396000	12809000	13046000	13331000
201	12399000	12809000	13045000	13335000
202	12397000	12809000	13047000	13332000
203	12397000	12809000	13048000	13332000
204	12398000	12811000	13049000	13332000
205	12398000	12809000	13045000	13334000
206	12396000	12809000	13047000	13330000
207	12395000	12808000	13046000	13331000
208	12398000	12807000	13043000	13333000
209	12397000	12809000	13047000	13332000
210	12397000	12810000	13048000	13331000
211	12396000	12809000	13046000	13331000
212	12397000	12810000	13046000	13331000
213	12397000	12809000	13048000	13331000
214	12398000	12810000	13049000	13332000
215	12398000	12811000	13048000	13332000
216	12397000	12808000	13046000	13333000
217	12397000	12810000	13047000	13331000
218	12397000	12809000	13046000	13334000
219	12397000	12810000	13047000	13331000
220	12396000	12811000	13046000	13332000
221	12395000	12810000	13047000	13332000
222	12395000	12809000	13046000	13332000
223	12397000	12811000	13047000	13331000
224	12397000	12812000	13048000	13331000
225	12396000	12810000	13047000	13331000
226	12397000	12810000	13048000	13330000
227	12397000	12809000	13046000	13332000
228	12396000	12808000	13045000	13331000
229	12396000	12810000	13047000	13332000
230	12396000	12808000	13046000	13332000
231	12397000	12811000	13048000	13330000
232	12396000	12809000	13046000	13330000
233	12397000	12811000	13047000	13331000
234	12396000	12811000	13047000	13331000
235	12396000	12810000	13047000	13331000
236	12397000	12810000	13047000	13332000
237	12395000	12807000	13045000	13332000
238	12397000	12809000	13046000	13333000
239	12395000	12807000	13043000	13330000
240	12395000	12809000	13045000	13329000
241	12397000	12809000	13046000	13332000
242	12397000	12811000	13047000	13331000
243	12397000	12811000	13048000	13332000
244	12397000	12809000	13047000	13332000
245	12397000	12810000	13048000	13333000
246	12396000	12808000	13046000	13330000
247	12395000	12808000	13045000	13331000
248	12396000	12810000	13047000	13330000
249	12396000	12811000	13047000	13331000
250	12396000	12809000	13047000	13332000
251	12397000	12810000	13046000	13332000
252	12396000	12810000	13046000	13332000
253	12396000	12810000	13048000	13330000
254	12396000	12810000	13048000	13330000
255	12397000	12811000	13047000	13329000
256	12397000	12809000	13046000	13331000
257	12396000	12809000	13047000	13331000
258	12397000	12812000	13048000	13330000
259	12397000	12810000	13048000	13334000
260	12398000	12808000	13044000	13334000
261	12398000	12810000	13046000	13334000
262	12398000	12811000	13049000	13333000
263	12398000	12808000	13045000	13333000
264	12398000	12809000	13044000	13335000
265	12400000	12808000	13044000	13334000
266	12399000	12809000	13045000	13336000
267	12397000	12808000	13045000	13333000
268	12396000	12809000	13049000	13332000
269	12399000	12808000	13045000	13335000
270	12399000	12808000	13045000	13335000
271	12396000	12808000	13046000	13331000
272	12397000	12810000	13049000	13332000
273	12399000	12809000	13044000	13334000
274	12400000	12809000	13045000	13336000
275	12396000	12810000	13046000	13332000
276	12398000	12810000	13048000	13332000
277	12397000	12811000	13046000	13330000
278	12395000	12810000	13048000	13329000
279	12397000	12809000	13047000	13331000
280	12398000	12812000	13047000	13331000
281	12399000	12811000	13048000	13332000
282	12397000	12810000	13048000	13331000
283	12399000	12811000	13049000	13333000
284	12398000	12810000	13047000	13333000
285	12395000	12809000	13046000	13330000
286	12397000	12811000	13048000	13332000
287	12396000	12809000	13047000	13331000
288	12397000	12810000	13048000	13332000
289	12399000	12811000	13049000	13332000
290	12397000	12810000	13048000	13331000
291	12397000	12808000	13045000	13332000
292	12398000	12811000	13049000	13331000
293	12398000	12810000	13048000	13332000
294	12397000	12812000	13047000	13331000
295	12397000	12811000	13049000	13332000
296	12397000	12810000	13048000	13332000
297	12398000	12812000	13048000	13330000
298	12397000	12811000	13048000	13331000
299	12397000	12812000	13049000	13330000
300	12397000	12811000	13046000	13332000
301	12397000	12811000	13048000	13331000
302	12396000	12809000	13048000	13332000
303	12397000	12810000	13048000	13332000
304	12396000	12809000	13046000	13335000
305	12397000	12810000	13048000	13330000
306	12397000	12811000	13047000	13331000
307	12397000	12810000	13048000	13332000
308	12398000	12812000	13048000	13331000
309	12396000	12810000	13047000	13331000
310	12397000	12812000	13048000	13332000
311	12398000	12813000	13046000	13330000
312	12397000	12812000	13047000	13330000
313	12397000	12812000	13048000	13332000
314	12396000	12810000	13046000	13330000
315	12395000	12810000	13047000	13331000
316	12395000	12810000	13046000	13329000
317	12396000	12811000	13047000	13332000
318	12396000	12809000	13047000	13332000
319	12398000	12811000	13048000	13332000
320	12397000	12812000	13049000	13331000
321	12397000	12810000	13049000	13334000
322	12397000	12811000	13049000	13332000
323	12397000	12810000	13046000	13333000
324	12398000	12811000	13049000	13333000
325	12398000	12814000	13048000	13331000
326	12396000	12810000	13048000	13329000
327	12398000	12812000	13048000	13329000
328	12397000	12810000	13047000	13330000
329	12398000	12811000	13047000	13333000
330	12396000	12810000	13047000	13332000
331	12397000	12812000	13046000	13331000
332	12396000	12809000	13046000	13331000
333	12397000	12810000	13048000	13333000
334	12396000	12811000	13046000	13329000
335	12397000	12810000	13048000	13334000
336	12397000	12812000	13047000	13331000
337	12396000	12810000	13047000	13331000
338	12398000	12810000	13047000	13333000
339	12397000	12811000	13048000	13331000
340	12398000	12811000	13048000	13335000
341	12397000	12812000	13048000	13332000
342	12397000	12812000	13048000	13332000
343	12397000	12811000	13047000	13332000
344	12397000	12810000	13047000	13332000
345	12397000	12811000	13049000	13333000
346	12397000	12809000	13048000	13331000
347	12398000	12809000	13047000	13334000
348	12399000	12809000	13044000	13336000
349	12397000	12810000	13048000	13331000
350	12398000	12810000	13049000	13332000
351	12400000	12810000	13044000	13335000
352	12400000	12809000	13046000	13335000
353	12397000	12810000	13048000	13331000
354	12398000	12812000	13049000	13332000
355	12397000	12809000	13047000	13331000
356	12400000	12810000	13046000	13335000
357	12398000	12808000	13044000	13335000
358	12396000	12811000	13047000	13332000
359	12398000	12811000	13048000	13332000
360	12397000	12812000	13049000	13332000
361	12397000	12812000	13049000	13331000
362	12396000	12809000	13048000	13331000
363	12399000	12810000	13048000	13335000
364	12399000	12810000	13047000	13336000
365	12398000	12811000	13049000	13333000
366	12398000	12811000	13049000	13333000
367	12397000	12810000	13047000	13332000
368	12397000	12811000	13048000	13331000
369	12398000	12810000	13046000	13333000
370	12398000	12809000	13046000	13334000
371	12399000	12812000	13050000	13334000
372	12401000	12812000	13050000	13337000
373	12398000	12810000	13047000	13334000
374	12398000	12809000	13046000	13335000
375	12398000	12809000	13047000	13335000
376	12399000	12812000	13049000	13334000
377	12398000	12811000	13048000	13333000
378	12397000	12810000	13047000	13332000
379	12397000	12810000	13047000	13331000
380	12399000	12812000	13049000	13332000
381	12397000	12811000	13047000	13331000
382	12396000	12809000	13047000	13332000
383	12396000	12812000	13045000	13329000
384	12398000	12811000	13049000	13332000
385	12396000	12811000	13048000	13330000
386	12395000	12808000	13046000	13332000
387	12395000	12808000	13045000	13332000
388	12397000	12812000	13048000	13330000
389	12395000	12809000	13046000	13330000
390	12397000	12810000	13048000	13331000
391	12395000	12808000	13047000	13328000
392	12395000	12810000	13047000	13330000
393	12396000	12809000	13046000	13331000
394	12395000	12810000	13047000	13330000
395	12397000	12811000	13046000	13331000
396	12396000	12810000	13047000	13331000
397	12396000	12809000	13046000	13330000
398	12397000	12809000	13045000	13333000
399	12396000	12810000	13046000	13329000
400	12394000	12809000	13046000	13328000
401	12396000	12809000	13047000	13330000
402	12396000	12808000	13046000	13331000
403	12396000	12810000	13047000	13331000
404	12396000	12810000	13048000	13331000
405	12398000	12811000	13048000	13332000
406	12397000	12811000	13049000	13332000
407	12395000	12808000	13047000	13330000
408	12396000	12810000	13048000	13331000
409	12396000	12811000	13047000	13330000
410	12395000	12809000	13047000	13332000
411	12396000	12808000	13045000	13332000
412	12400000	12809000	13045000	13335000
413	12400000	12809000	13047000	13335000
414	12398000	12809000	13047000	13334000
415	12398000	12809000	13045000	13334000
416	12396000	12810000	13048000	13332000
417	12397000	12807000	13045000	13334000
418	12397000	12811000	13048000	13331000
419	12398000	12812000	13050000	13333000
420	12397000	12810000	13048000	13333000
421	12397000	12810000	13046000	13333000
422	12396000	12811000	13048000	13332000
423	12398000	12812000	13048000	13333000
424	12398000	12811000	13048000	13335000
425	12398000	12810000	13046000	13335000
426	12397000	12810000	13048000	13332000
427	12398000	12809000	13045000	13334000
428	12401000	12811000	13045000	13336000
429	12398000	12811000	13047000	13333000
430	12397000	12811000	13047000	13332000
431	12398000	12809000	13046000	13333000
432	12398000	12811000	13048000	13333000
433	12399000	12812000	13049000	13332000
434	12398000	12811000	13047000	13332000
435	12399000	12809000	13045000	13334000
436	12399000	12814000	13050000	13333000
437	12398000	12812000	13047000	13330000
438	12397000	12812000	13049000	13332000
439	12397000	12810000	13048000	13331000
440	12397000	12811000	13047000	13333000
441	12398000	12810000	13048000	13332000
442	12399000	12811000	13049000	13334000
443	12397000	12811000	13049000	13332000
444	12397000	12809000	13047000	13333000
445	12397000	12809000	13046000	13332000
446	12398000	12811000	13049000	13333000
447	12397000	12811000	13047000	13332000
448	12397000	12809000	13045000	13334000
449	12396000	12810000	13047000	13332000
450	12398000	12811000	13048000	13332000
451	12395000	12811000	13048000	13331000
452	12396000	12810000	13047000	13329000
453	12396000	12809000	13044000	13335000
454	12396000	12809000	13047000	13330000
455	12396000	12809000	13047000	13331000
456	12396000	12811000	13046000	13330000
457	12396000	12810000	13045000	13331000
458	12397000	12810000	13048000	13331000
459	12396000	12810000	13048000	13333000
460	12397000	12808000	13046000	13334000
461	12398000	12810000	13047000	13332000
462	12397000	12809000	13047000	13333000
463	12397000	12809000	13046000	13333000
464	12397000	12810000	13047000	13332000
465	12397000	12810000	13046000	13333000
466	12396000	12810000	13047000	13332000
467	12396000	12811000	13049000	13332000
468	12395000	12810000	13048000	13332000
469	12396000	12809000	13048000	13332000
470	12398000	12809000	13046000	13334000
471	12395000	12809000	13048000	13331000
472	12398000	12813000	13048000	13331000
473	12396000	12809000	13048000	13332000
474	12397000	12811000	13048000	13332000
475	12396000	12809000	13047000	13333000
476	12399000	12809000	13046000	13334000
477	12397000	12812000	13049000	13332000
478	12397000	12809000	13046000	13334000
479	12397000	12811000	13047000	13330000
480	12395000	12808000	13046000	13331000
481	12396000	12808000	13047000	13331000
482	12399000	12812000	13050000	13333000
483	12400000	12810000	13045000	13336000
484	12398000	12810000	13048000	13332000
485	12398000	12811000	13049000	13332000
486	12397000	12810000	13047000	13332000
487	12398000	12812000	13049000	13332000
488	12396000	12809000	13048000	13332000
489	12395000	12809000	13046000	13331000
490	12396000	12809000	13048000	13332000
491	12398000	12812000	13048000	13332000
492	12396000	12809000	13047000	13332000
493	12398000	12808000	13044000	13334000
494	12398000	12810000	13049000	13333000
495	12398000	12810000	13047000	13332000
496	12396000	12811000	13048000	13331000
497	12397000	12809000	13047000	13334000
498	12397000	12810000	13048000	13331000
499	12396000	12809000	13045000	13334000

============================================================
# BITSTREAM: 1ms_101etapas.bit
# VENTANA: 1ms
# ETAPAS_PRINCIPAL: 101
# NUM_MUESTRAS: 500
# FORMATO: idx	freq1_hz	freq2_hz	freq3_hz	freq4_hz
============================================================
idx	freq1_hz	freq2_hz	freq3_hz	freq4_hz
0	0	8924000	8211000	9613000
1	8416000	8924000	8212000	9613000
2	8418000	8924000	8210000	9613000
3	8415000	8922000	8213000	9612000
4	8417000	8924000	8211000	9613000
5	8417000	8924000	8212000	9613000
6	8417000	8924000	8213000	9612000
7	8416000	8924000	8212000	9613000
8	8417000	8924000	8212000	9612000
9	8416000	8922000	8212000	9613000
10	8417000	8924000	8212000	9612000
11	8418000	8924000	8209000	9612000
12	8415000	8922000	8211000	9612000
13	8416000	8922000	8212000	9612000
14	8415000	8924000	8211000	9613000
15	8416000	8922000	8212000	9613000
16	8417000	8924000	8211000	9612000
17	8416000	8922000	8213000	9612000
18	8416000	8922000	8211000	9612000
19	8416000	8922000	8212000	9613000
20	8415000	8922000	8211000	9612000
21	8417000	8926000	8212000	9613000
22	8416000	8924000	8212000	9612000
23	8416000	8922000	8211000	9612000
24	8416000	8922000	8211000	9612000
25	8416000	8922000	8212000	9612000
26	8417000	8924000	8211000	9612000
27	8416000	8922000	8212000	9612000
28	8417000	8924000	8211000	9613000
29	8416000	8924000	8212000	9613000
30	8415000	8922000	8210000	9612000
31	8414000	8922000	8212000	9609000
32	8417000	8924000	8212000	9612000
33	8414000	8922000	8212000	9612000
34	8415000	8922000	8211000	9613000
35	8416000	8922000	8212000	9612000
36	8417000	8924000	8211000	9612000
37	8417000	8924000	8212000	9612000
38	8415000	8922000	8211000	9612000
39	8416000	8922000	8213000	9613000
40	8416000	8922000	8211000	9612000
41	8416000	8924000	8212000	9613000
42	8418000	8924000	8210000	9613000
43	8416000	8924000	8213000	9613000
44	8416000	8922000	8212000	9613000
45	8417000	8924000	8212000	9612000
46	8415000	8922000	8211000	9609000
47	8416000	8922000	8211000	9609000
48	8415000	8922000	8210000	9612000
49	8414000	8922000	8211000	9609000
50	8416000	8922000	8211000	9612000
51	8415000	8922000	8211000	9612000
52	8416000	8922000	8211000	9612000
53	8415000	8922000	8211000	9609000
54	8416000	8922000	8211000	9612000
55	8415000	8922000	8212000	9613000
56	8415000	8920000	8210000	9609000
57	8415000	8924000	8212000	9612000
58	8414000	8922000	8211000	9612000
59	8415000	8922000	8212000	9612000
60	8416000	8922000	8211000	9612000
61	8416000	8922000	8213000	9613000
62	8416000	8924000	8211000	9613000
63	8415000	8922000	8212000	9612000
64	8415000	8922000	8210000	9612000
65	8416000	8922000	8212000	9612000
66	8414000	8922000	8210000	9609000
67	8414000	8922000	8211000	9609000
68	8415000	8922000	8210000	9609000
69	8416000	8922000	8212000	9613000
70	8415000	8922000	8210000	9613000
71	8415000	8922000	8211000	9609000
72	8414000	8922000	8210000	9612000
73	8414000	8922000	8211000	9609000
74	8416000	8922000	8211000	9613000
75	8415000	8922000	8211000	9612000
76	8415000	8922000	8210000	9612000
77	8415000	8922000	8212000	9612000
78	8413000	8920000	8209000	9608000
79	8414000	8922000	8211000	9609000
80	8415000	8922000	8210000	9612000
81	8414000	8922000	8211000	9609000
82	8413000	8922000	8209000	9609000
83	8414000	8922000	8211000	9609000
84	8422000	8922000	8211000	9612000
85	8414000	8922000	8211000	9609000
86	8415000	8922000	8211000	9613000
87	8415000	8922000	8211000	9612000
88	8415000	8922000	8211000	9609000
89	8414000	8922000	8211000	9609000
90	8414000	8922000	8211000	9612000
91	8416000	8922000	8212000	9609000
92	8414000	8922000	8210000	9609000
93	8414000	8922000	8212000	9612000
94	8415000	8922000	8211000	9612000
95	8416000	8922000	8212000	9612000
96	8416000	8922000	8211000	9612000
97	8415000	8922000	8212000	9612000
98	8417000	8924000	8211000	9613000
99	8414000	8922000	8211000	9609000
100	8414000	8920000	8210000	9609000
101	8415000	8920000	8212000	9609000
102	8415000	8922000	8211000	9609000
103	8440000	8922000	8212000	9612000
104	8415000	8922000	8211000	9609000
105	8416000	8922000	8212000	9612000
106	8415000	8922000	8211000	9612000
107	8391000	8922000	8211000	9612000
108	8416000	8924000	8211000	9613000
109	8415000	8922000	8212000	9612000
110	8415000	8920000	8210000	9608000
111	8415000	8922000	8211000	9612000
112	8415000	8922000	8212000	9612000
113	8415000	8922000	8212000	9609000
114	8416000	8922000	8211000	9613000
115	8416000	8922000	8211000	9609000
116	8415000	8922000	8211000	9612000
117	8415000	8920000	8210000	9609000
118	8416000	8922000	8214000	9612000
119	8415000	8922000	8211000	9612000
120	8415000	8922000	8211000	9612000
121	8415000	8922000	8212000	9612000
122	8414000	8920000	8210000	9609000
123	8415000	8922000	8212000	9612000
124	8417000	8924000	8212000	9612000
125	8414000	8922000	8211000	9612000
126	8416000	8922000	8211000	9612000
127	8415000	8922000	8212000	9612000
128	8416000	8924000	8211000	9613000
129	8416000	8922000	8212000	9612000
130	8416000	8922000	8210000	9612000
131	8415000	8922000	8211000	9609000
132	8415000	8922000	8212000	9612000
133	8416000	8922000	8212000	9613000
134	8415000	8922000	8211000	9612000
135	8415000	8922000	8212000	9613000
136	8414000	8922000	8210000	9609000
137	8415000	8922000	8212000	9612000
138	8422000	8922000	8211000	9612000
139	8415000	8922000	8211000	9609000
140	8414000	8922000	8210000	9609000
141	8415000	8922000	8211000	9612000
142	8415000	8922000	8211000	9612000
143	8415000	8922000	8212000	9609000
144	8416000	8922000	8211000	9612000
145	8417000	8924000	8213000	9612000
146	8417000	8922000	8211000	9613000
147	8416000	8922000	8211000	9612000
148	8416000	8922000	8211000	9612000
149	8415000	8922000	8211000	9612000
150	8414000	8922000	8210000	9612000
151	8415000	8922000	8212000	9612000
152	8417000	8924000	8212000	9613000
153	8416000	8922000	8212000	9613000
154	8418000	8924000	8210000	9613000
155	8417000	8924000	8209000	9612000
156	8417000	8924000	8215000	9612000
157	8415000	8922000	8212000	9613000
158	8415000	8922000	8212000	9613000
159	8415000	8922000	8211000	9612000
160	8440000	8920000	8211000	9613000
161	8415000	8924000	8212000	9613000
162	8416000	8922000	8211000	9612000
163	8416000	8922000	8212000	9613000
164	8416000	8924000	8211000	9612000
165	8416000	8922000	8210000	9612000
166	8416000	8922000	8211000	9613000
167	8416000	8922000	8212000	9613000
168	8416000	8924000	8211000	9613000
169	8416000	8922000	8212000	9612000
170	8415000	8922000	8210000	9613000
171	8415000	8922000	8211000	9609000
172	8416000	8922000	8210000	9612000
173	8415000	8922000	8212000	9612000
174	8416000	8924000	8211000	9613000
175	8415000	8922000	8212000	9612000
176	8417000	8924000	8210000	9613000
177	8415000	8922000	8212000	9612000
178	8418000	8922000	8211000	9613000
179	8414000	8922000	8212000	9609000
180	8416000	8922000	8211000	9612000
181	8416000	8922000	8211000	9612000
182	8416000	8922000	8212000	9613000
183	8415000	8922000	8212000	9612000
184	8417000	8924000	8211000	9613000
185	8416000	8922000	8212000	9613000
186	8415000	8922000	8211000	9612000
187	8391000	8924000	8213000	9613000
188	8416000	8924000	8211000	9613000
189	8416000	8922000	8212000	9613000
190	8414000	8922000	8210000	9609000
191	8416000	8922000	8212000	9612000
192	8416000	8922000	8211000	9613000
193	8414000	8922000	8212000	9612000
194	8416000	8922000	8211000	9612000
195	8414000	8922000	8212000	9613000
196	8414000	8922000	8210000	9613000
197	8415000	8922000	8211000	9612000
198	8415000	8922000	8211000	9613000
199	8416000	8922000	8212000	9612000
200	8415000	8922000	8211000	9612000
201	8415000	8922000	8211000	9612000
202	8415000	8922000	8211000	9612000
203	8415000	8922000	8212000	9612000
204	8415000	8922000	8210000	9612000
205	8415000	8922000	8212000	9612000
206	8415000	8922000	8210000	9612000
207	8416000	8922000	8212000	9613000
208	8416000	8922000	8211000	9613000
209	8414000	8922000	8211000	9612000
210	8415000	8922000	8211000	9612000
211	8415000	8922000	8209000	9613000
212	8415000	8922000	8211000	9612000
213	8417000	8924000	8211000	9613000
214	8415000	8924000	8212000	9613000
215	8417000	8924000	8212000	9613000
216	8415000	8922000	8211000	9613000
217	8416000	8922000	8212000	9612000
218	8416000	8922000	8211000	9613000
219	8414000	8922000	8211000	9612000
220	8415000	8922000	8210000	9613000
221	8440000	8922000	8211000	9612000
222	8415000	8920000	8210000	9612000
223	8415000	8922000	8211000	9612000
224	8416000	8922000	8210000	9612000
225	8415000	8922000	8211000	9612000
226	8415000	8922000	8210000	9609000
227	8415000	8922000	8212000	9609000
228	8417000	8924000	8210000	9612000
229	8415000	8922000	8211000	9612000
230	8416000	8922000	8211000	9613000
231	8415000	8922000	8211000	9612000
232	8417000	8924000	8211000	9612000
233	8417000	8926000	8212000	9613000
234	8416000	8922000	8210000	9612000
235	8416000	8922000	8212000	9613000
236	8415000	8922000	8211000	9612000
237	8415000	8922000	8212000	9612000
238	8416000	8922000	8211000	9613000
239	8416000	8922000	8212000	9612000
240	8415000	8922000	8211000	9612000
241	8416000	8922000	8212000	9613000
242	8415000	8922000	8212000	9613000
243	8416000	8922000	8212000	9613000
244	8415000	8922000	8210000	9613000
245	8415000	8922000	8211000	9609000
246	8414000	8922000	8210000	9609000
247	8414000	8922000	8211000	9609000
248	8415000	8922000	8210000	9612000
249	8415000	8922000	8211000	9612000
250	8390000	8922000	8211000	9613000
251	8418000	8924000	8211000	9613000
252	8414000	8920000	8210000	9609000
253	8416000	8922000	8211000	9612000
254	8416000	8922000	8212000	9612000
255	8414000	8922000	8212000	9613000
256	8413000	8922000	8210000	9609000
257	8416000	8922000	8212000	9613000
258	8415000	8922000	8211000	9613000
259	8414000	8922000	8211000	9613000
260	8416000	8924000	8210000	9613000
261	8415000	8922000	8211000	9613000
262	8415000	8922000	8210000	9612000
263	8414000	8922000	8212000	9612000
264	8416000	8922000	8210000	9613000
265	8415000	8922000	8212000	9612000
266	8414000	8922000	8210000	9612000
267	8415000	8922000	8212000	9613000
268	8415000	8922000	8211000	9609000
269	8417000	8922000	8212000	9612000
270	8416000	8922000	8212000	9613000
271	8415000	8922000	8211000	9613000
272	8415000	8922000	8210000	9612000
273	8417000	8924000	8212000	9613000
274	8417000	8922000	8212000	9613000
275	8415000	8922000	8211000	9613000
276	8418000	8924000	8210000	9613000
277	8415000	8922000	8212000	9613000
278	8416000	8922000	8211000	9612000
279	8416000	8922000	8209000	9613000
280	8416000	8924000	8211000	9612000
281	8416000	8924000	8213000	9613000
282	8417000	8924000	8210000	9613000
283	8417000	8924000	8212000	9613000
284	8415000	8922000	8211000	9612000
285	8417000	8924000	8212000	9613000
286	8416000	8924000	8211000	9612000
287	8415000	8922000	8212000	9613000
288	8416000	8922000	8211000	9612000
289	8416000	8924000	8212000	9612000
290	8414000	8922000	8210000	9612000
291	8415000	8922000	8211000	9612000
292	8415000	8922000	8211000	9612000
293	8414000	8922000	8211000	9609000
294	8415000	8922000	8211000	9612000
295	8415000	8922000	8212000	9612000
296	8415000	8922000	8211000	9612000
297	8416000	8922000	8212000	9612000
298	8416000	8922000	8211000	9612000
299	8416000	8922000	8211000	9612000
300	8416000	8922000	8210000	9612000
301	8417000	8924000	8212000	9612000
302	8416000	8922000	8211000	9613000
303	8415000	8922000	8211000	9612000
304	8415000	8922000	8211000	9612000
305	8415000	8922000	8212000	9612000
306	8416000	8922000	8210000	9612000
307	8416000	8922000	8212000	9613000
308	8417000	8924000	8212000	9613000
309	8422000	8924000	8213000	9613000
310	8417000	8924000	8211000	9613000
311	8417000	8924000	8211000	9613000
312	8417000	8922000	8211000	9609000
313	8415000	8922000	8212000	9612000
314	8416000	8922000	8211000	9612000
315	8416000	8922000	8212000	9613000
316	8416000	8922000	8211000	9612000
317	8414000	8922000	8211000	9612000
318	8418000	8924000	8211000	9613000
319	8417000	8924000	8212000	9612000
320	8414000	8922000	8210000	9609000
321	8415000	8922000	8212000	9609000
322	8415000	8922000	8211000	9612000
323	8415000	8922000	8212000	9612000
324	8415000	8922000	8211000	9612000
325	8415000	8922000	8212000	9613000
326	8415000	8922000	8210000	9612000
327	8415000	8922000	8211000	9612000
328	8415000	8922000	8211000	9612000
329	8415000	8922000	8211000	9612000
330	8415000	8920000	8209000	9612000
331	8415000	8922000	8213000	9612000
332	8415000	8922000	8211000	9612000
333	8416000	8922000	8212000	9612000
334	8415000	8922000	8211000	9612000
335	8415000	8924000	8212000	9612000
336	8415000	8922000	8210000	9609000
337	8415000	8922000	8211000	9612000
338	8415000	8922000	8210000	9609000
339	8414000	8922000	8211000	9609000
340	8415000	8922000	8210000	9609000
341	8414000	8922000	8212000	9612000
342	8414000	8922000	8211000	9609000
343	8414000	8922000	8210000	9609000
344	8415000	8922000	8210000	9608000
345	8415000	8922000	8209000	9609000
346	8416000	8922000	8210000	9612000
347	8415000	8922000	8212000	9609000
348	8416000	8922000	8210000	9612000
349	8416000	8922000	8212000	9612000
350	8415000	8922000	8210000	9613000
351	8414000	8920000	8211000	9612000
352	8418000	8924000	8210000	9613000
353	8414000	8920000	8211000	9609000
354	8415000	8922000	8211000	9612000
355	8415000	8922000	8211000	9609000
356	8416000	8922000	8211000	9609000
357	8414000	8920000	8211000	9609000
358	8415000	8922000	8209000	9612000
359	8416000	8922000	8212000	9612000
360	8414000	8922000	8210000	9609000
361	8415000	8922000	8211000	9609000
362	8416000	8922000	8211000	9612000
363	8415000	8922000	8212000	9612000
364	8414000	8922000	8210000	9612000
365	8416000	8922000	8212000	9612000
366	8415000	8922000	8211000	9612000
367	8416000	8922000	8212000	9612000
368	8415000	8922000	8210000	9609000
369	8415000	8922000	8211000	9612000
370	8415000	8922000	8211000	9609000
371	8415000	8922000	8208000	9612000
372	8415000	8922000	8211000	9612000
373	8416000	8924000	8212000	9612000
374	8415000	8922000	8211000	9613000
375	8414000	8922000	8211000	9612000
376	8416000	8924000	8211000	9613000
377	8417000	8924000	8211000	9612000
378	8418000	8922000	8210000	9613000
379	8416000	8922000	8211000	9613000
380	8415000	8922000	8211000	9612000
381	8414000	8922000	8212000	9609000
382	8414000	8922000	8211000	9612000
383	8416000	8922000	8212000	9613000
384	8416000	8922000	8210000	9612000
385	8414000	8922000	8212000	9609000
386	8414000	8922000	8210000	9609000
387	8415000	8922000	8211000	9609000
388	8440000	8922000	8211000	9609000
389	8416000	8922000	8212000	9612000
390	8417000	8924000	8211000	9612000
391	8416000	8924000	8212000	9612000
392	8415000	8922000	8211000	9612000
393	8417000	8924000	8212000	9613000
394	8417000	8924000	8210000	9613000
395	8416000	8922000	8212000	9613000
396	8415000	8922000	8211000	9612000
397	8416000	8922000	8212000	9613000
398	8414000	8922000	8210000	9609000
399	8416000	8922000	8212000	9612000
400	8416000	8922000	8211000	9612000
401	8391000	8922000	8211000	9612000
402	8415000	8922000	8210000	9612000
403	8415000	8922000	8212000	9612000
404	8416000	8922000	8212000	9613000
405	8416000	8922000	8211000	9612000
406	8418000	8924000	8211000	9613000
407	8415000	8922000	8211000	9612000
408	8415000	8922000	8211000	9612000
409	8416000	8922000	8212000	9613000
410	8415000	8922000	8211000	9612000
411	8416000	8922000	8212000	9613000
412	8416000	8924000	8212000	9612000
413	8417000	8924000	8213000	9613000
414	8415000	8922000	8211000	9612000
415	8415000	8922000	8212000	9612000
416	8418000	8924000	8211000	9613000
417	8417000	8924000	8211000	9612000
418	8416000	8922000	8211000	9612000
419	8413000	8922000	8209000	9609000
420	8414000	8922000	8210000	9609000
421	8415000	8922000	8211000	9612000
422	8414000	8922000	8210000	9612000
423	8414000	8922000	8211000	9609000
424	8414000	8920000	8213000	9609000
425	8415000	8922000	8212000	9612000
426	8415000	8922000	8211000	9609000
427	8415000	8922000	8212000	9612000
428	8414000	8922000	8210000	9609000
429	8414000	8922000	8211000	9609000
430	8414000	8920000	8210000	9609000
431	8415000	8922000	8211000	9609000
432	8416000	8922000	8210000	9609000
433	8415000	8922000	8211000	9612000
434	8416000	8922000	8211000	9612000
435	8416000	8922000	8212000	9613000
436	8416000	8924000	8214000	9612000
437	8415000	8922000	8211000	9609000
438	8415000	8922000	8210000	9612000
439	8415000	8922000	8211000	9609000
440	8415000	8922000	8210000	9612000
441	8414000	8922000	8211000	9609000
442	8414000	8922000	8210000	9609000
443	8415000	8922000	8211000	9609000
444	8415000	8922000	8210000	9612000
445	8415000	8922000	8211000	9612000
446	8414000	8922000	8211000	9609000
447	8413000	8920000	8209000	9609000
448	8414000	8920000	8210000	9609000
449	8415000	8922000	8210000	9609000
450	8415000	8922000	8210000	9612000
451	8414000	8920000	8211000	9609000
452	8414000	8920000	8210000	9609000
453	8415000	8922000	8211000	9609000
454	8415000	8922000	8210000	9612000
455	8414000	8920000	8210000	9609000
456	8415000	8922000	8210000	9612000
457	8414000	8920000	8210000	9609000
458	8414000	8920000	8210000	9609000
459	8414000	8922000	8210000	9609000
460	8414000	8922000	8209000	9609000
461	8414000	8920000	8209000	9609000
462	8415000	8922000	8210000	9612000
463	8415000	8922000	8211000	9612000
464	8414000	8920000	8210000	9609000
465	8416000	8922000	8212000	9613000
466	8415000	8922000	8214000	9613000
467	8415000	8922000	8212000	9613000
468	8414000	8922000	8208000	9609000
469	8414000	8922000	8211000	9612000
470	8414000	8922000	8210000	9613000
471	8416000	8922000	8210000	9612000
472	8414000	8920000	8209000	9609000
473	8413000	8920000	8209000	9609000
474	8414000	8922000	8209000	9609000
475	8416000	8922000	8211000	9613000
476	8415000	8922000	8210000	9612000
477	8414000	8920000	8211000	9609000
478	8414000	8922000	8211000	9609000
479	8415000	8922000	8210000	9612000
480	8414000	8922000	8211000	9612000
481	8415000	8922000	8212000	9612000
482	8416000	8922000	8211000	9613000
483	8415000	8922000	8212000	9609000
484	8414000	8922000	8210000	9613000
485	8414000	8920000	8212000	9609000
486	8416000	8922000	8211000	9612000
487	8415000	8922000	8212000	9612000
488	8414000	8922000	8210000	9612000
489	8415000	8922000	8211000	9612000
490	8416000	8922000	8210000	9613000
491	8414000	8920000	8211000	9609000
492	8414000	8922000	8211000	9612000
493	8415000	8922000	8211000	9612000
494	8415000	8922000	8211000	9612000
495	8414000	8922000	8211000	9612000
496	8415000	8922000	8211000	9612000
497	8414000	8922000	8211000	9612000
498	8415000	8922000	8210000	9612000
499	8414000	8920000	8211000	9609000

============================================================
# BITSTREAM: 100us_3etapas.bit
# VENTANA: 100us
# ETAPAS_PRINCIPAL: 3
# NUM_MUESTRAS: 500
# FORMATO: idx	freq1_hz	freq2_hz	freq3_hz	freq4_hz
============================================================
idx	freq1_hz	freq2_hz	freq3_hz	freq4_hz
0	35210000	35210000	35210000	35210000
1	35200000	35200000	35200000	35200000
2	35200000	35200000	35200000	35200000
3	35210000	35210000	35210000	35210000
4	35200000	35190000	35190000	35190000
5	35200000	35200000	35200000	35200000
6	35200000	35210000	35210000	35210000
7	35200000	35200000	35200000	35200000
8	35200000	35200000	35200000	35200000
9	35210000	35210000	35210000	35210000
10	35200000	35200000	35200000	35200000
11	35210000	35200000	35200000	35200000
12	35200000	35200000	35200000	35200000
13	35210000	35210000	35210000	35210000
14	35200000	35210000	35210000	35210000
15	35210000	35210000	35210000	35210000
16	35200000	35200000	35200000	35200000
17	35200000	35200000	35200000	35200000
18	35200000	35200000	35200000	35200000
19	35200000	35200000	35200000	35200000
20	35200000	35210000	35210000	35210000
21	35200000	35200000	35200000	35200000
22	35200000	35200000	35200000	35200000
23	35200000	35200000	35200000	35200000
24	35210000	35210000	35210000	35210000
25	35200000	35200000	35200000	35200000
26	35210000	35210000	35210000	35210000
27	35200000	35200000	35200000	35200000
28	35210000	35200000	35200000	35200000
29	35200000	35200000	35200000	35200000
30	35200000	35200000	35200000	35200000
31	35200000	35200000	35200000	35200000
32	35200000	35190000	35190000	35190000
33	35200000	35200000	35200000	35200000
34	35200000	35200000	35200000	35200000
35	35190000	35190000	35190000	35190000
36	35200000	35200000	35200000	35200000
37	35200000	35200000	35200000	35200000
38	35190000	35190000	35190000	35190000
39	35200000	35200000	35200000	35200000
40	35200000	35200000	35200000	35200000
41	35190000	35200000	35200000	35200000
42	35200000	35200000	35210000	35210000
43	35210000	35210000	35210000	35200000
44	35200000	35200000	35200000	35200000
45	35200000	35200000	35200000	35200000
46	35210000	35210000	35210000	35210000
47	35200000	35200000	35200000	35200000
48	35210000	35210000	35210000	35210000
49	35210000	35200000	35200000	35200000
50	35200000	35210000	35210000	35210000
51	35200000	35190000	35190000	35190000
52	35200000	35200000	35200000	35200000
53	35200000	35200000	35200000	35200000
54	35200000	35200000	35200000	35200000
55	35210000	35210000	35200000	35200000
56	35200000	35190000	35190000	35190000
57	35200000	35210000	35210000	35210000
58	35200000	35200000	35200000	35200000
59	35210000	35200000	35200000	35200000
60	35200000	35200000	35200000	35200000
61	35200000	35200000	35200000	35200000
62	35190000	35200000	35200000	35200000
63	35200000	35200000	35200000	35200000
64	35200000	35200000	35200000	35200000
65	35190000	35200000	35200000	35200000
66	35190000	35200000	35200000	35200000
67	35200000	35200000	35200000	35200000
68	35210000	35220000	35220000	35220000
69	35200000	35200000	35200000	35200000
70	35200000	35200000	35200000	35200000
71	35200000	35200000	35200000	35200000
72	35200000	35210000	35210000	35210000
73	35200000	35200000	35190000	35190000
74	35200000	35200000	35200000	35200000
75	35200000	35200000	35200000	35200000
76	35210000	35210000	35210000	35210000
77	35210000	35210000	35210000	35210000
78	35200000	35210000	35210000	35210000
79	35210000	35210000	35210000	35210000
80	35200000	35200000	35200000	35200000
81	35200000	35200000	35200000	35200000
82	35200000	35200000	35200000	35200000
83	35200000	35200000	35200000	35200000
84	35200000	35200000	35200000	35200000
85	35200000	35200000	35200000	35200000
86	35200000	35200000	35200000	35200000
87	35210000	35200000	35200000	35200000
88	35200000	35200000	35200000	35200000
89	35200000	35200000	35200000	35200000
90	35200000	35210000	35210000	35210000
91	35210000	35210000	35210000	35210000
92	35210000	35210000	35210000	35210000
93	35200000	35200000	35200000	35200000
94	35210000	35210000	35210000	35210000
95	35200000	35200000	35200000	35200000
96	35200000	35200000	35200000	35200000
97	35210000	35210000	35210000	35210000
98	35200000	35200000	35200000	35200000
99	35210000	35200000	35200000	35200000
100	35210000	35210000	35210000	35210000
101	35210000	35210000	35210000	35210000
102	35200000	35190000	35190000	35190000
103	35200000	35200000	35200000	35200000
104	35200000	35200000	35200000	35200000
105	35210000	35210000	35210000	35210000
106	35200000	35200000	35200000	35200000
107	35200000	35210000	35210000	35210000
108	35200000	35200000	35200000	35200000
109	35200000	35200000	35200000	35200000
110	35210000	35210000	35210000	35210000
111	35210000	35210000	35210000	35210000
112	35210000	35200000	35200000	35200000
113	35200000	35200000	35200000	35200000
114	35200000	35200000	35200000	35200000
115	35200000	35200000	35200000	35200000
116	35200000	35200000	35200000	35200000
117	35210000	35200000	35200000	35200000
118	35190000	35190000	35190000	35190000
119	35210000	35210000	35210000	35210000
120	35200000	35200000	35200000	35200000
121	35200000	35200000	35200000	35200000
122	35210000	35210000	35210000	35210000
123	35210000	35210000	35210000	35210000
124	35210000	35210000	35210000	35210000
125	35200000	35200000	35200000	35200000
126	35210000	35210000	35210000	35210000
127	35200000	35200000	35200000	35200000
128	35210000	35210000	35210000	35210000
129	35210000	35210000	35210000	35210000
130	35210000	35210000	35210000	35210000
131	35200000	35200000	35200000	35200000
132	35210000	35220000	35220000	35220000
133	35200000	35200000	35200000	35200000
134	35200000	35200000	35200000	35200000
135	35210000	35210000	35210000	35210000
136	35210000	35210000	35210000	35210000
137	35200000	35200000	35200000	35200000
138	35200000	35200000	35200000	35200000
139	35200000	35190000	35190000	35190000
140	35200000	35200000	35200000	35200000
141	35200000	35210000	35210000	35210000
142	35200000	35200000	35200000	35200000
143	35200000	35200000	35200000	35200000
144	35210000	35200000	35200000	35200000
145	35200000	35210000	35210000	35210000
146	35200000	35200000	35200000	35200000
147	35210000	35210000	35210000	35210000
148	35190000	35200000	35200000	35200000
149	35200000	35210000	35210000	35210000
150	35210000	35210000	35210000	35210000
151	35210000	35210000	35210000	35210000
152	35200000	35200000	35200000	35200000
153	35200000	35200000	35200000	35200000
154	35210000	35210000	35210000	35210000
155	35210000	35210000	35210000	35210000
156	35210000	35210000	35210000	35210000
157	35210000	35210000	35210000	35210000
158	35210000	35210000	35210000	35210000
159	35200000	35200000	35200000	35200000
160	35210000	35210000	35210000	35210000
161	35200000	35210000	35210000	35210000
162	35200000	35200000	35200000	35200000
163	35200000	35200000	35200000	35200000
164	35210000	35210000	35210000	35210000
165	35210000	35210000	35210000	35210000
166	35200000	35210000	35210000	35210000
167	35200000	35200000	35200000	35200000
168	35210000	35200000	35200000	35200000
169	35200000	35200000	35200000	35200000
170	35200000	35200000	35200000	35200000
171	35210000	35210000	35210000	35210000
172	35210000	35200000	35200000	35200000
173	35210000	35210000	35210000	35210000
174	35190000	35200000	35200000	35200000
175	35200000	35200000	35200000	35200000
176	35200000	35200000	35200000	35200000
177	35200000	35200000	35200000	35200000
178	35200000	35200000	35200000	35200000
179	35200000	35200000	35200000	35200000
180	35190000	35200000	35200000	35200000
181	35200000	35190000	35190000	35190000
182	35200000	35190000	35190000	35190000
183	35190000	35190000	35190000	35190000
184	35200000	35200000	35200000	35200000
185	35190000	35190000	35190000	35190000
186	35200000	35190000	35190000	35190000
187	35190000	35190000	35190000	35190000
188	35210000	35200000	35200000	35200000
189	35190000	35190000	35190000	35190000
190	35200000	35200000	35200000	35200000
191	35190000	35200000	35200000	35200000
192	35200000	35200000	35200000	35200000
193	35200000	35200000	35200000	35200000
194	35200000	35190000	35190000	35190000
195	35200000	35200000	35200000	35200000
196	35200000	35200000	35200000	35200000
197	35210000	35210000	35210000	35210000
198	35200000	35200000	35200000	35200000
199	35200000	35200000	35200000	35200000
200	35200000	35210000	35210000	35210000
201	35200000	35200000	35210000	35210000
202	35190000	35190000	35190000	35190000
203	35190000	35190000	35190000	35190000
204	35200000	35200000	35200000	35200000
205	35190000	35190000	35190000	35190000
206	35200000	35200000	35200000	35200000
207	35190000	35200000	35200000	35200000
208	35200000	35200000	35200000	35200000
209	35190000	35200000	35200000	35200000
210	35200000	35200000	35200000	35200000
211	35190000	35200000	35200000	35200000
212	35200000	35190000	35190000	35190000
213	35200000	35200000	35200000	35200000
214	35200000	35200000	35200000	35200000
215	35190000	35190000	35190000	35190000
216	35200000	35210000	35210000	35210000
217	35200000	35200000	35200000	35200000
218	35190000	35190000	35190000	35190000
219	35200000	35200000	35200000	35200000
220	35190000	35190000	35190000	35190000
221	35200000	35200000	35200000	35200000
222	35180000	35190000	35190000	35190000
223	35190000	35190000	35190000	35190000
224	35200000	35200000	34560000	35200000
225	35200000	35200000	35200000	35200000
226	35200000	35200000	35200000	35200000
227	35200000	35200000	35200000	35200000
228	35200000	35200000	35200000	35200000
229	35200000	35200000	35200000	35200000
230	35190000	35190000	35190000	35190000
231	35190000	35190000	35190000	35190000
232	35190000	35190000	35190000	35190000
233	35190000	35190000	35190000	35190000
234	35190000	35200000	35200000	35200000
235	35200000	35200000	35200000	35200000
236	35190000	35190000	35190000	35190000
237	35190000	35200000	35200000	35200000
238	35200000	35200000	35200000	35200000
239	35190000	35190000	35190000	35190000
240	35200000	35200000	35200000	35200000
241	35200000	35200000	35200000	35200000
242	35190000	35190000	35190000	35190000
243	35190000	35190000	35190000	35190000
244	35200000	35200000	35200000	35200000
245	35190000	35190000	35190000	35190000
246	35190000	35190000	35190000	35190000
247	35200000	35200000	35200000	35200000
248	35200000	35200000	35200000	35200000
249	35200000	35190000	35190000	35190000
250	35200000	35200000	35200000	35200000
251	35210000	35210000	35210000	35210000
252	35210000	35200000	35200000	35200000
253	35200000	35200000	35200000	35200000
254	35200000	35210000	35210000	35210000
255	35200000	35200000	35200000	35200000
256	35200000	35200000	35200000	35200000
257	35210000	35210000	35210000	35210000
258	35210000	35210000	35210000	35210000
259	35200000	35200000	35200000	35200000
260	35200000	35200000	35200000	35200000
261	35200000	35200000	35200000	35200000
262	35190000	35190000	35190000	35190000
263	35200000	35200000	35200000	35200000
264	35190000	35190000	35190000	35190000
265	35200000	35200000	35200000	35200000
266	35190000	35190000	35190000	35190000
267	35190000	35190000	35190000	35190000
268	35190000	35190000	35190000	35190000
269	35200000	35200000	35200000	35200000
270	35190000	35200000	35200000	35200000
271	35190000	35200000	35200000	35200000
272	35200000	35200000	35200000	35200000
273	35190000	35200000	35200000	35200000
274	35200000	35190000	35190000	35190000
275	35200000	35200000	35200000	35200000
276	35200000	35200000	35200000	35200000
277	35200000	35200000	35200000	35200000
278	35200000	35200000	35200000	35200000
279	35200000	35200000	35200000	35200000
280	35200000	35190000	35190000	35190000
281	35190000	35190000	35190000	35190000
282	35190000	35190000	35190000	35190000
283	35190000	35180000	35190000	35190000
284	35210000	35210000	35210000	35210000
285	35200000	35200000	35200000	35200000
286	35190000	35190000	35190000	35190000
287	35200000	35200000	35200000	35200000
288	35200000	35200000	35200000	35200000
289	35210000	35210000	35210000	35210000
290	35190000	35190000	35190000	35190000
291	35200000	35200000	35200000	35200000
292	35200000	35200000	35200000	35200000
293	35200000	35200000	35200000	35200000
294	35190000	35190000	35190000	35190000
295	35200000	35200000	35200000	35200000
296	35190000	35200000	35200000	35200000
297	35200000	35200000	35200000	35200000
298	35200000	35200000	35200000	35200000
299	35200000	35200000	35200000	35200000
300	35180000	35180000	35180000	35180000
301	35200000	35200000	35200000	35200000
302	35190000	35190000	35190000	35190000
303	35200000	35200000	35200000	35200000
304	35200000	35200000	35200000	35200000
305	35190000	35200000	35200000	35200000
306	35190000	35190000	35190000	35190000
307	35360000	35190000	35190000	35190000
308	35200000	35200000	35200000	35200000
309	35200000	35190000	35190000	35190000
310	35210000	35200000	35200000	35200000
311	35200000	35200000	35200000	35200000
312	35200000	35200000	35200000	35200000
313	35200000	35200000	35200000	35200000
314	35200000	35200000	35200000	35200000
315	35200000	35210000	35210000	35210000
316	35210000	35210000	35210000	35210000
317	35190000	35190000	35190000	35190000
318	35200000	35200000	35200000	35200000
319	35190000	35200000	35200000	35200000
320	35190000	35200000	35200000	35200000
321	35200000	35200000	35200000	35200000
322	35200000	35200000	35200000	35200000
323	35190000	35200000	35200000	35200000
324	35200000	35200000	35200000	35200000
325	35200000	35200000	35200000	35200000
326	35200000	35190000	35190000	35190000
327	35190000	35200000	35200000	35200000
328	35200000	35200000	35200000	35200000
329	35180000	35190000	35190000	35190000
330	35200000	35200000	35200000	35200000
331	35200000	35200000	35200000	35200000
332	35200000	35200000	35200000	35200000
333	35200000	35200000	35200000	35200000
334	35200000	35200000	35200000	35200000
335	35200000	35200000	34560000	35220000
336	35200000	35200000	35200000	35200000
337	35190000	35180000	35180000	35180000
338	35200000	35190000	35190000	35190000
339	35200000	35200000	35200000	35200000
340	35190000	35190000	35190000	35190000
341	35190000	35200000	35200000	35200000
342	35200000	35200000	35200000	35200000
343	35200000	35200000	34560000	35200000
344	35200000	35200000	35200000	35200000
345	35200000	35200000	35200000	35200000
346	35190000	35190000	35190000	35190000
347	35200000	35200000	35200000	35200000
348	35200000	35200000	35200000	35200000
349	35200000	35200000	35200000	35200000
350	35200000	35200000	35200000	35200000
351	35210000	35210000	35210000	35210000
352	35200000	35200000	35200000	35200000
353	35200000	35200000	35200000	35200000
354	35200000	35200000	35200000	35200000
355	35200000	35200000	35200000	35200000
356	35210000	35200000	35200000	35200000
357	35200000	35200000	35200000	35200000
358	35190000	35190000	35190000	35190000
359	35200000	35200000	35200000	35200000
360	35200000	35200000	35200000	35200000
361	35210000	35210000	35210000	35210000
362	35200000	35200000	35200000	35200000
363	35200000	35200000	35200000	35200000
364	35190000	35200000	35200000	35200000
365	35190000	35200000	35200000	35200000
366	35190000	35200000	35200000	35200000
367	35200000	35200000	35200000	35200000
368	35200000	35200000	35200000	35200000
369	35200000	35190000	35190000	35190000
370	35200000	35200000	35200000	35200000
371	35210000	35200000	35200000	35200000
372	35200000	35200000	35200000	35200000
373	35190000	35190000	35190000	35190000
374	35200000	35200000	35200000	35200000
375	35200000	35200000	35200000	35200000
376	35200000	35200000	35200000	35200000
377	35200000	35200000	35200000	35200000
378	35190000	35200000	35200000	35200000
379	35200000	35200000	35200000	35200000
380	35200000	35200000	35200000	35200000
381	35200000	35200000	35200000	35200000
382	35190000	35190000	35190000	35190000
383	35200000	35200000	35200000	35200000
384	35200000	35200000	35200000	35200000
385	35200000	35200000	35200000	35200000
386	35210000	35200000	35200000	35200000
387	35190000	35190000	35190000	35190000
388	35200000	35200000	35200000	35200000
389	35200000	35200000	35200000	35200000
390	35210000	35210000	35210000	35210000
391	35200000	35200000	35200000	35200000
392	35200000	35200000	35200000	35200000
393	35210000	35210000	35210000	35210000
394	35200000	35200000	35200000	35200000
395	35200000	35200000	35200000	35200000
396	35200000	35200000	35200000	35200000
397	35200000	35200000	35200000	35200000
398	35210000	35200000	35200000	35200000
399	35190000	35190000	35190000	35190000
400	35210000	35200000	35200000	35200000
401	35200000	35200000	35200000	35200000
402	35210000	35210000	35210000	35210000
403	35200000	35200000	35200000	35200000
404	35200000	35200000	35200000	35200000
405	35200000	35200000	35200000	35200000
406	35200000	35200000	35200000	35200000
407	35200000	35200000	35200000	35200000
408	35190000	35190000	35190000	35190000
409	35200000	35200000	35200000	35200000
410	35200000	35200000	35200000	35200000
411	35200000	35200000	35200000	35200000
412	35200000	35200000	35200000	35200000
413	35200000	35200000	35200000	35200000
414	35200000	35200000	35200000	35200000
415	35200000	35200000	35200000	35200000
416	35200000	35200000	35200000	35200000
417	35200000	35200000	35200000	35200000
418	35190000	35190000	35190000	35190000
419	35190000	35190000	35200000	35200000
420	35200000	35200000	35200000	35200000
421	35190000	35190000	35190000	35190000
422	35200000	35200000	35200000	35200000
423	35190000	35190000	35190000	35190000
424	35190000	35200000	35200000	35200000
425	35200000	35200000	35200000	35200000
426	35190000	35190000	35190000	35190000
427	35200000	35200000	35200000	35200000
428	35200000	35210000	35210000	35210000
429	35200000	35200000	35200000	35200000
430	35200000	35200000	35200000	35200000
431	35200000	35200000	35200000	35200000
432	35200000	35200000	35200000	35200000
433	35200000	35200000	35200000	35200000
434	35200000	35200000	35200000	35200000
435	35200000	35200000	35200000	35200000
436	35200000	35200000	35200000	35200000
437	35200000	35190000	35190000	35190000
438	35200000	35190000	35190000	35190000
439	35180000	35180000	35180000	35180000
440	35190000	35190000	35190000	35190000
441	35200000	35200000	35200000	35200000
442	35200000	35190000	35190000	35190000
443	35190000	35190000	35190000	35190000
444	35190000	35190000	35190000	35190000
445	35200000	35200000	35200000	35200000
446	35190000	35190000	35190000	35190000
447	35200000	35200000	35200000	35200000
448	35200000	35200000	35200000	35200000
449	35200000	35200000	35200000	35200000
450	35210000	35210000	35210000	35210000
451	35200000	35200000	35200000	35200000
452	35210000	35210000	35210000	35210000
453	35200000	35200000	35200000	35200000
454	35190000	35190000	35190000	35190000
455	35200000	35200000	35200000	35200000
456	35210000	35210000	35210000	35210000
457	35190000	35190000	35190000	35190000
458	35190000	35200000	35200000	35200000
459	35200000	35190000	35190000	35190000
460	35190000	35190000	35190000	35190000
461	35200000	35200000	35200000	35200000
462	35200000	35190000	35190000	35190000
463	35200000	35200000	35200000	35200000
464	35210000	35200000	35200000	35200000
465	35190000	35190000	35190000	35190000
466	35200000	35200000	35190000	35190000
467	35200000	35200000	35200000	35200000
468	35190000	35190000	35190000	35190000
469	35200000	35200000	35200000	35200000
470	35190000	35190000	35190000	35190000
471	35200000	35200000	35200000	35200000
472	35190000	35200000	35200000	35200000
473	35200000	35200000	35200000	35200000
474	35200000	35200000	35200000	35200000
475	35200000	35200000	35200000	35200000
476	35200000	35200000	35200000	35200000
477	35200000	35200000	35200000	35200000
478	35200000	35200000	35200000	35200000
479	35190000	35190000	35190000	35190000
480	35190000	35190000	35830000	35190000
481	35190000	35190000	35190000	35190000
482	35200000	35200000	35200000	35200000
483	35200000	35200000	35200000	35200000
484	35190000	35190000	35190000	35190000
485	35190000	35190000	35190000	35190000
486	35200000	35190000	35190000	35190000
487	35200000	35200000	35200000	35200000
488	35200000	35200000	35200000	35200000
489	35200000	35200000	35200000	35200000
490	35190000	35190000	35200000	35200000
491	35190000	35190000	35190000	35190000
492	35200000	35200000	35200000	35200000
493	35200000	35200000	35200000	35200000
494	35190000	35190000	35190000	35190000
495	35200000	35200000	35200000	35200000
496	35200000	35200000	35200000	35200000
497	35200000	35200000	35200000	35200000
498	35200000	35200000	35200000	35200000
499	35190000	35190000	35190000	35190000

============================================================
# BITSTREAM: 100us_5etapas.bit
# VENTANA: 100us
# ETAPAS_PRINCIPAL: 5
# NUM_MUESTRAS: 500
# FORMATO: idx	freq1_hz	freq2_hz	freq3_hz	freq4_hz
============================================================
idx	freq1_hz	freq2_hz	freq3_hz	freq4_hz
0	33560000	33560000	33570000	33560000
1	33570000	33570000	33570000	33570000
2	33570000	33570000	33560000	33570000
3	33570000	33560000	33560000	33560000
4	33560000	33560000	33570000	33560000
5	33560000	33560000	33560000	33560000
6	33560000	33560000	33570000	33560000
7	33570000	33570000	33580000	33570000
8	33570000	33570000	33570000	33570000
9	33560000	33560000	33560000	33560000
10	33570000	33570000	33570000	33570000
11	33570000	33560000	33560000	33560000
12	33570000	33570000	33570000	33570000
13	33560000	33560000	33560000	33560000
14	33570000	33570000	33570000	33570000
15	33570000	33570000	33560000	33570000
16	33570000	33570000	33560000	33570000
17	33570000	33570000	33570000	33570000
18	33570000	33570000	33570000	33570000
19	33570000	33570000	33570000	33570000
20	33570000	33570000	33560000	33570000
21	33560000	33560000	33560000	33560000
22	33570000	33570000	33570000	33570000
23	33570000	33570000	33570000	33570000
24	33570000	33570000	33560000	33570000
25	33570000	33570000	33570000	33570000
26	33570000	33570000	33570000	33570000
27	33560000	33560000	33560000	33560000
28	33560000	33560000	33560000	33560000
29	33560000	33560000	33560000	33560000
30	33570000	33570000	33560000	33570000
31	33560000	33560000	33560000	33560000
32	33570000	33570000	33580000	33570000
33	33570000	33570000	33570000	33570000
34	33570000	33570000	33570000	33570000
35	33560000	33560000	33560000	33560000
36	33560000	33560000	33560000	33560000
37	33570000	33570000	33570000	33570000
38	33570000	33570000	33560000	33570000
39	33560000	33560000	33570000	33560000
40	33570000	33570000	33560000	33570000
41	33570000	33570000	33560000	33570000
42	33560000	33560000	33560000	33560000
43	33560000	33560000	33560000	33560000
44	33570000	33570000	33570000	33570000
45	33560000	33560000	33560000	33560000
46	33560000	33560000	33560000	33560000
47	33560000	33560000	33560000	33560000
48	33570000	33570000	33570000	33570000
49	33570000	33570000	33570000	33570000
50	33560000	33560000	33560000	33560000
51	33580000	33580000	33570000	33580000
52	33560000	33560000	33560000	33560000
53	33570000	33560000	33560000	33560000
54	33570000	33570000	33570000	33570000
55	33560000	33560000	33570000	33560000
56	33570000	33570000	33560000	33560000
57	33560000	33560000	33560000	33560000
58	33570000	33570000	33570000	33570000
59	33570000	33560000	33560000	33560000
60	33570000	33560000	33560000	33560000
61	33570000	33570000	33570000	33570000
62	33560000	33560000	33570000	33560000
63	33570000	33570000	33560000	33570000
64	33570000	33570000	33570000	33570000
65	33550000	33550000	33560000	33560000
66	33570000	33570000	33560000	33570000
67	33560000	33560000	33560000	33560000
68	33570000	33570000	33570000	33570000
69	33560000	33560000	33560000	33560000
70	33560000	33560000	33560000	33560000
71	33570000	33570000	33560000	33570000
72	33570000	33570000	33570000	33570000
73	33560000	33560000	33560000	33560000
74	33570000	33570000	33570000	33570000
75	33570000	33570000	33560000	33570000
76	33560000	33560000	33570000	33560000
77	33570000	33570000	33570000	33570000
78	33570000	33570000	33570000	33570000
79	33560000	33560000	33570000	33560000
80	33570000	33570000	33570000	33570000
81	33560000	33560000	33560000	33560000
82	33580000	33580000	33570000	33580000
83	33560000	33560000	33560000	33560000
84	33570000	33570000	33570000	33570000
85	33570000	33570000	33570000	33570000
86	33560000	33560000	33560000	33560000
87	33560000	33570000	33570000	33570000
88	33570000	33570000	33560000	33570000
89	33570000	33570000	33570000	33570000
90	33570000	33570000	33570000	33570000
91	33560000	33560000	33560000	33550000
92	33560000	33560000	33570000	33570000
93	33560000	33560000	33570000	33560000
94	33560000	33560000	33560000	33560000
95	33570000	33570000	33560000	33570000
96	33570000	33570000	33570000	33570000
97	33560000	33560000	33560000	33560000
98	33570000	33570000	33570000	33570000
99	33560000	33560000	33560000	33560000
100	33570000	33570000	33570000	33570000
101	33570000	33570000	33570000	33570000
102	33570000	33570000	33570000	33570000
103	33560000	33560000	33560000	33560000
104	33560000	33560000	33550000	33560000
105	33560000	33560000	33570000	33560000
106	33570000	33570000	33570000	33570000
107	33560000	33560000	33570000	33560000
108	33570000	33570000	33570000	33570000
109	33560000	33560000	33560000	33560000
110	33560000	33560000	33560000	33560000
111	33560000	33560000	33550000	33560000
112	33570000	33570000	33570000	33570000
113	33560000	33560000	33550000	33560000
114	33570000	33570000	33570000	33570000
115	33570000	33570000	33560000	33570000
116	33570000	33570000	33570000	33570000
117	33570000	33570000	33570000	33570000
118	33560000	33570000	33560000	33570000
119	33570000	33570000	33570000	33570000
120	33560000	33560000	33560000	33560000
121	33560000	33560000	33560000	33560000
122	33570000	33570000	33560000	33570000
123	33560000	33560000	33560000	33560000
124	33570000	33570000	33570000	33570000
125	33570000	33570000	33560000	33570000
126	33570000	33570000	33580000	33570000
127	33570000	33570000	33570000	33570000
128	33570000	33570000	33570000	33570000
129	33570000	33570000	33560000	33570000
130	33560000	33560000	33550000	33560000
131	33560000	33560000	33560000	33560000
132	33570000	33570000	33570000	33570000
133	33570000	33570000	33570000	33570000
134	33570000	33570000	33560000	33570000
135	33560000	33570000	33560000	33570000
136	33570000	33570000	33570000	33570000
137	33560000	33560000	33560000	33560000
138	33560000	33560000	33570000	33560000
139	33570000	33570000	33560000	33570000
140	33570000	33570000	33560000	33570000
141	33570000	33580000	33570000	33580000
142	33570000	33570000	33570000	33570000
143	33570000	33570000	33570000	33570000
144	33570000	33570000	33570000	33570000
145	33570000	33570000	33570000	33570000
146	33570000	33570000	33570000	33570000
147	33570000	33570000	33570000	33570000
148	33570000	33560000	33560000	33560000
149	33570000	33570000	33560000	33570000
150	33580000	33570000	33570000	33570000
151	33570000	33570000	33570000	33570000
152	33570000	33570000	33570000	33570000
153	33570000	33570000	33570000	33570000
154	33570000	33570000	33570000	33570000
155	33570000	33570000	33570000	33570000
156	33560000	33560000	33560000	33560000
157	33560000	33560000	33570000	33560000
158	33560000	33560000	33570000	33560000
159	33570000	33570000	33570000	33570000
160	33560000	33560000	33560000	33560000
161	33560000	33560000	33560000	33560000
162	33570000	33570000	33570000	33570000
163	33560000	33560000	33560000	33560000
164	33570000	33570000	33570000	33570000
165	33560000	33560000	33570000	33560000
166	33580000	33580000	33580000	33580000
167	33570000	33570000	33560000	33560000
168	33560000	33560000	33560000	33560000
169	33570000	33570000	33560000	33570000
170	33570000	33570000	33560000	33570000
171	33560000	33560000	33560000	33560000
172	33560000	33560000	33560000	33560000
173	33560000	33560000	33560000	33560000
174	33570000	33570000	33570000	33570000
175	33560000	33560000	33560000	33560000
176	33560000	33560000	33560000	33560000
177	33570000	33570000	33560000	33570000
178	33570000	33570000	33570000	33570000
179	33560000	33560000	33560000	33560000
180	33570000	33570000	33570000	33570000
181	33560000	33560000	33560000	33560000
182	33570000	33570000	33570000	33570000
183	33560000	33560000	33560000	33560000
184	33580000	33580000	33570000	33580000
185	33570000	33570000	33560000	33570000
186	33570000	33570000	33570000	33570000
187	33570000	33570000	33560000	33570000
188	33570000	33570000	33570000	33570000
189	33570000	33570000	33560000	33570000
190	33560000	33560000	33560000	33560000
191	33560000	33560000	33560000	33560000
192	33560000	33560000	33570000	33560000
193	33570000	33570000	33570000	33570000
194	33570000	33570000	33570000	33570000
195	33570000	33570000	33570000	33570000
196	33570000	33570000	33570000	33570000
197	33570000	33570000	33560000	33570000
198	33560000	33560000	33570000	33560000
199	33570000	33570000	33570000	33570000
200	33560000	33560000	33560000	33560000
201	33570000	33570000	33560000	33570000
202	33580000	33580000	33570000	33570000
203	33570000	33570000	33570000	33570000
204	33570000	33570000	33560000	33570000
205	33560000	33560000	33560000	33560000
206	33560000	33560000	33570000	33560000
207	33560000	33560000	33560000	33560000
208	33560000	33560000	33570000	33560000
209	33570000	33570000	33570000	33570000
210	33560000	33560000	33560000	33560000
211	33560000	33560000	33570000	33560000
212	33570000	33570000	33570000	33570000
213	33560000	33560000	33560000	33560000
214	33570000	33570000	33560000	33570000
215	33560000	33560000	33560000	33560000
216	33570000	33570000	33560000	33570000
217	33560000	33560000	33570000	33560000
218	33560000	33560000	33560000	33560000
219	33560000	33560000	33560000	33560000
220	33560000	33560000	33560000	33560000
221	33560000	33560000	33560000	33560000
222	33570000	33570000	33570000	33570000
223	33560000	33560000	33560000	33560000
224	33560000	33560000	33560000	33560000
225	33560000	33560000	33560000	33560000
226	33560000	33560000	33550000	33560000
227	33560000	33560000	33570000	33560000
228	33560000	33560000	33560000	33560000
229	33560000	33560000	33560000	33560000
230	33570000	33570000	33560000	33570000
231	33560000	33560000	33560000	33560000
232	33560000	33560000	33560000	33560000
233	33560000	33560000	33560000	33560000
234	33570000	33570000	33570000	33570000
235	33570000	33570000	33560000	33570000
236	33570000	33570000	33570000	33570000
237	33560000	33560000	33560000	33560000
238	33560000	33560000	33570000	33560000
239	33560000	33560000	33560000	33560000
240	33560000	33560000	33570000	33560000
241	33560000	33560000	33560000	33560000
242	33560000	33570000	33570000	33570000
243	33560000	33560000	33560000	33560000
244	33560000	33560000	33570000	33560000
245	33560000	33560000	33560000	33560000
246	33560000	33560000	33570000	33560000
247	33560000	33560000	33560000	33560000
248	33560000	33560000	33560000	33560000
249	33580000	33570000	33570000	33570000
250	33560000	33560000	33570000	33560000
251	33560000	33570000	33570000	33570000
252	33560000	33560000	33560000	33560000
253	33570000	33570000	33570000	33570000
254	33570000	33570000	33570000	33570000
255	33560000	33560000	33570000	33560000
256	33560000	33560000	33560000	33560000
257	33560000	33560000	33570000	33560000
258	33560000	33560000	33570000	33560000
259	33570000	33570000	33570000	33570000
260	33560000	33560000	33560000	33560000
261	33560000	33570000	33570000	33570000
262	33560000	33560000	33560000	33560000
263	33570000	33570000	33570000	33570000
264	33570000	33570000	33560000	33570000
265	33570000	33570000	33570000	33570000
266	33570000	33570000	33560000	33570000
267	33570000	33570000	33570000	33570000
268	33570000	33570000	33570000	33570000
269	33570000	33570000	33570000	33570000
270	33560000	33560000	33570000	33560000
271	33570000	33570000	33570000	33570000
272	33570000	33570000	33580000	33570000
273	33560000	33560000	33560000	33560000
274	33560000	33560000	33560000	33560000
275	33560000	33550000	33550000	33550000
276	33580000	33570000	33570000	33570000
277	33570000	33570000	33570000	33570000
278	33570000	33570000	33570000	33570000
279	33570000	33570000	33570000	33570000
280	33570000	33570000	33570000	33570000
281	33570000	33570000	33560000	33570000
282	33560000	33560000	33560000	33560000
283	33560000	33550000	33560000	33550000
284	33570000	33570000	33580000	33570000
285	33560000	33560000	33560000	33560000
286	33560000	33560000	33560000	33560000
287	33560000	33560000	33560000	33560000
288	33560000	33560000	33560000	33560000
289	33560000	33560000	33570000	33560000
290	33560000	33560000	33560000	33560000
291	33560000	33570000	33570000	33570000
292	33580000	33570000	33570000	33570000
293	33560000	33560000	33560000	33560000
294	33570000	33570000	33570000	33570000
295	33570000	33570000	33570000	33570000
296	33570000	33570000	33580000	33570000
297	33560000	33560000	33560000	33560000
298	33570000	33570000	33570000	33570000
299	33570000	33570000	33570000	33570000
300	33570000	33570000	33570000	33570000
301	33560000	33560000	33560000	33560000
302	33570000	33570000	33560000	33570000
303	33570000	33570000	33560000	33570000
304	33560000	33570000	33570000	33570000
305	33570000	33570000	33570000	33570000
306	33570000	33570000	33560000	33570000
307	33570000	33570000	33570000	33570000
308	33570000	33570000	33570000	33570000
309	33570000	33570000	33570000	33570000
310	33570000	33570000	33570000	33570000
311	33570000	33570000	33570000	33570000
312	33570000	33570000	33570000	33570000
313	33570000	33570000	33560000	33570000
314	33560000	33560000	33560000	33560000
315	33560000	33560000	33560000	33560000
316	33570000	33570000	33570000	33570000
317	33570000	33570000	33570000	33570000
318	33550000	33550000	33550000	33550000
319	33570000	33570000	33570000	33570000
320	33570000	33570000	33570000	33570000
321	33560000	33560000	33560000	33560000
322	33560000	33560000	33570000	33560000
323	33570000	33570000	33570000	33570000
324	33570000	33570000	33570000	33570000
325	33560000	33560000	33560000	33560000
326	33570000	33570000	33570000	33570000
327	33570000	33570000	33560000	33570000
328	33570000	33560000	33560000	33560000
329	33570000	33570000	33570000	33570000
330	33570000	33570000	33560000	33570000
331	33570000	33570000	33570000	33570000
332	33560000	33560000	33570000	33570000
333	33570000	33570000	33570000	33570000
334	33570000	33570000	33570000	33570000
335	33560000	33560000	33560000	33560000
336	33570000	33560000	33560000	33560000
337	33570000	33560000	33560000	33560000
338	33570000	33570000	33570000	33570000
339	33570000	33570000	33570000	33570000
340	33570000	33580000	33570000	33580000
341	33570000	33570000	33570000	33570000
342	33560000	33560000	33570000	33570000
343	33570000	33570000	33570000	33570000
344	33570000	33570000	33570000	33570000
345	33560000	33560000	33560000	33560000
346	33570000	33560000	33560000	33560000
347	33570000	33570000	33580000	33570000
348	33570000	33570000	33570000	33570000
349	33570000	33570000	33570000	33570000
350	33570000	33570000	33570000	33570000
351	33560000	33570000	33570000	33570000
352	33570000	33570000	33570000	33570000
353	33560000	33560000	33570000	33560000
354	33560000	33570000	33570000	33570000
355	33570000	33570000	33570000	33570000
356	33560000	33560000	33560000	33560000
357	33570000	33570000	33570000	33570000
358	33570000	33570000	33570000	33570000
359	33570000	33570000	33560000	33570000
360	33570000	33570000	33560000	33570000
361	33560000	33560000	33560000	33560000
362	33570000	33570000	33560000	33570000
363	33570000	33560000	33560000	33560000
364	33560000	33560000	33560000	33560000
365	33560000	33560000	33560000	33560000
366	33560000	33560000	33560000	33560000
367	33570000	33570000	33570000	33570000
368	33560000	33560000	33560000	33560000
369	33570000	33570000	33570000	33570000
370	33560000	33560000	33560000	33560000
371	33570000	33570000	33560000	33570000
372	33570000	33570000	33570000	33570000
373	33560000	33560000	33570000	33560000
374	33570000	33570000	33560000	33560000
375	33560000	33570000	33570000	33570000
376	33570000	33570000	33570000	33570000
377	33570000	33570000	33560000	33570000
378	33570000	33570000	33570000	33570000
379	33560000	33560000	33570000	33560000
380	33570000	33570000	33570000	33570000
381	33560000	33560000	33570000	33560000
382	33570000	33570000	33570000	33570000
383	33570000	33570000	33570000	33570000
384	33560000	33570000	33570000	33570000
385	33570000	33570000	33570000	33570000
386	33560000	33560000	33560000	33560000
387	33560000	33570000	33570000	33570000
388	33570000	33570000	33570000	33570000
389	33560000	33560000	33570000	33560000
390	33570000	33570000	33570000	33570000
391	33570000	33570000	33570000	33570000
392	33560000	33560000	33560000	33560000
393	33570000	33570000	33570000	33570000
394	33570000	33570000	33570000	33570000
395	33580000	33580000	33580000	33580000
396	33570000	33570000	33570000	33570000
397	33560000	33560000	33560000	33560000
398	33570000	33570000	33570000	33570000
399	33570000	33570000	33570000	33570000
400	33570000	33570000	33570000	33570000
401	33570000	33570000	33570000	33570000
402	33570000	33570000	33580000	33570000
403	33570000	33570000	33570000	33570000
404	33560000	33560000	33560000	33560000
405	33570000	33570000	33570000	33570000
406	33570000	33570000	33570000	33570000
407	33560000	33560000	33570000	33560000
408	33580000	33570000	33570000	33570000
409	33570000	33570000	33570000	33570000
410	33570000	33570000	33560000	33570000
411	33560000	33560000	33570000	33560000
412	33570000	33570000	33570000	33570000
413	33570000	33570000	33560000	33570000
414	33560000	33560000	33570000	33560000
415	33570000	33570000	33570000	33570000
416	33560000	33560000	33560000	33560000
417	33560000	33560000	33560000	33560000
418	33580000	33580000	33570000	33580000
419	33570000	33570000	33560000	33570000
420	33560000	33560000	33570000	33560000
421	33570000	33570000	33560000	33570000
422	33560000	33570000	33570000	33570000
423	33570000	33570000	33570000	33570000
424	33570000	33570000	33570000	33570000
425	33580000	33580000	33580000	33580000
426	33560000	33570000	33570000	33570000
427	33570000	33570000	33570000	33570000
428	33570000	33570000	33570000	33570000
429	33570000	33570000	33570000	33570000
430	33570000	33570000	33570000	33570000
431	33570000	33570000	33570000	33570000
432	33570000	33570000	33570000	33570000
433	33570000	33570000	33570000	33570000
434	33570000	33570000	33580000	33570000
435	33570000	33570000	33570000	33570000
436	33570000	33570000	33570000	33570000
437	33570000	33570000	33570000	33570000
438	33570000	33570000	33560000	33570000
439	33570000	33570000	33560000	33570000
440	33560000	33570000	33570000	33570000
441	33570000	33570000	33570000	33570000
442	33560000	33560000	33570000	33560000
443	33560000	33560000	33570000	33560000
444	33580000	33570000	33570000	33570000
445	33570000	33570000	33570000	33570000
446	33570000	33570000	33560000	33570000
447	33570000	33570000	33560000	33570000
448	33570000	33570000	33570000	33570000
449	33560000	33560000	33560000	33560000
450	33560000	33560000	33560000	33560000
451	33570000	33570000	33570000	33570000
452	33560000	33560000	33560000	33560000
453	33570000	33570000	33570000	33570000
454	33560000	33560000	33560000	33560000
455	33570000	33570000	33570000	33570000
456	33570000	33570000	33560000	33570000
457	33570000	33570000	33560000	33570000
458	33560000	33560000	33550000	33560000
459	33570000	33570000	33560000	33570000
460	33570000	33570000	33560000	33570000
461	33580000	33580000	33580000	33580000
462	33560000	33560000	33560000	33560000
463	33570000	33560000	33560000	33560000
464	33570000	33570000	33560000	33570000
465	33560000	33560000	33560000	33560000
466	33560000	33560000	33560000	33560000
467	33570000	33570000	33570000	33570000
468	33570000	33570000	33570000	33570000
469	33560000	33560000	33560000	33560000
470	33560000	33560000	33560000	33560000
471	33570000	33570000	33580000	33570000
472	33570000	33570000	33580000	33570000
473	33570000	33570000	33560000	33560000
474	33560000	33560000	33560000	33560000
475	33570000	33570000	33570000	33570000
476	33560000	33570000	33570000	33570000
477	33570000	33570000	33570000	33570000
478	33570000	33570000	33570000	33570000
479	33570000	33570000	33570000	33570000
480	33570000	33570000	33560000	33570000
481	33570000	33570000	33560000	33570000
482	33570000	33570000	33570000	33570000
483	33570000	33570000	33570000	33570000
484	33570000	33570000	33570000	33570000
485	33560000	33560000	33560000	33560000
486	33570000	33570000	33560000	33570000
487	33560000	33560000	33560000	33560000
488	33560000	33560000	33570000	33560000
489	33560000	33560000	33570000	33560000
490	33560000	33560000	33560000	33560000
491	33560000	33560000	33560000	33560000
492	33570000	33570000	33570000	33570000
493	33570000	33570000	33570000	33570000
494	33560000	33560000	33560000	33560000
495	33560000	33560000	33560000	33560000
496	33560000	33560000	33560000	33560000
497	33560000	33570000	33570000	33570000
498	33560000	33560000	33560000	33560000
499	33560000	33560000	33560000	33560000

============================================================
# BITSTREAM: 100us_51etapas.bit
# VENTANA: 100us
# ETAPAS_PRINCIPAL: 51
# NUM_MUESTRAS: 500
# FORMATO: idx	freq1_hz	freq2_hz	freq3_hz	freq4_hz
============================================================
idx	freq1_hz	freq2_hz	freq3_hz	freq4_hz
0	27350000	31080000	31080000	28550000
1	27340000	31080000	31080000	28560000
2	27350000	31080000	31080000	28550000
3	27340000	31080000	31070000	28550000
4	27340000	31070000	31080000	28550000
5	27340000	31080000	31070000	28550000
6	27350000	31080000	31080000	28550000
7	27340000	31080000	31080000	28550000
8	27340000	31070000	31070000	28550000
9	27340000	31080000	31080000	28550000
10	27350000	31080000	31090000	28550000
11	27350000	31080000	31080000	28550000
12	27340000	31070000	31070000	28550000
13	27340000	31080000	31080000	28550000
14	27340000	31080000	31080000	28550000
15	27340000	31080000	31080000	28550000
16	27340000	31080000	31080000	28560000
17	27350000	31080000	31080000	28560000
18	27340000	31080000	31080000	28560000
19	27330000	31070000	31070000	28550000
20	27340000	31080000	31070000	28550000
21	27340000	31070000	31080000	28550000
22	27340000	31080000	31080000	28550000
23	27350000	31080000	31080000	28550000
24	27340000	31080000	31070000	28550000
25	27330000	31060000	31060000	28540000
26	27340000	31080000	31080000	28550000
27	27340000	31070000	31070000	28550000
28	27340000	31070000	31070000	28550000
29	27340000	31080000	31080000	28550000
30	27340000	31080000	31080000	28550000
31	27340000	31080000	31080000	28550000
32	27340000	31080000	31080000	28540000
33	27340000	31070000	31070000	28550000
34	27340000	31060000	31070000	28550000
35	27340000	31070000	31070000	28560000
36	27340000	31080000	31080000	28550000
37	27350000	31080000	31080000	28550000
38	27340000	31080000	31080000	28560000
39	27340000	31080000	31080000	28560000
40	27340000	31070000	31070000	28540000
41	27330000	31070000	31070000	28540000
42	27330000	31080000	31080000	28550000
43	27330000	31070000	31070000	28550000
44	27350000	31070000	31070000	28550000
45	27340000	31070000	31070000	28560000
46	27350000	31070000	31080000	28550000
47	27340000	31080000	31080000	28550000
48	27340000	31080000	31080000	28550000
49	27340000	31080000	31080000	28540000
50	27340000	31070000	31070000	28540000
51	27340000	31070000	31070000	28550000
52	27340000	31080000	31080000	28550000
53	27340000	31080000	31080000	28550000
54	27330000	31070000	31070000	28540000
55	27340000	31070000	31070000	28550000
56	27340000	31070000	31070000	28560000
57	27350000	31080000	31080000	28560000
58	27340000	31080000	31080000	28560000
59	27340000	31080000	31070000	28550000
60	27330000	31070000	31070000	28550000
61	27330000	31070000	31070000	28540000
62	27340000	31080000	31080000	28550000
63	27340000	31070000	31070000	28540000
64	27340000	31060000	31060000	28550000
65	27340000	31070000	31070000	28550000
66	27340000	31080000	31080000	28560000
67	27330000	31060000	31060000	28550000
68	27340000	31070000	31080000	28550000
69	27350000	31080000	31080000	28550000
70	27340000	31070000	31070000	28550000
71	27330000	31070000	31070000	28540000
72	27340000	31070000	31070000	28550000
73	27340000	31080000	31080000	28550000
74	27340000	31080000	31080000	28550000
75	27340000	31080000	31070000	28550000
76	27340000	31070000	31080000	28550000
77	27340000	31070000	31070000	28550000
78	27340000	31070000	31070000	28550000
79	27350000	31110000	31080000	28550000
80	27340000	31070000	31070000	28550000
81	27340000	31080000	31080000	28550000
82	27350000	31080000	31080000	28560000
83	27350000	31080000	31080000	28550000
84	27340000	31070000	31070000	28550000
85	27340000	31070000	31070000	28540000
86	27350000	31080000	31080000	28550000
87	27340000	31080000	31080000	28550000
88	27350000	31070000	31070000	28550000
89	27340000	31070000	31070000	28550000
90	27340000	31090000	31080000	28550000
91	27340000	31070000	31080000	28540000
92	27340000	31080000	31080000	28550000
93	27340000	31080000	31080000	28560000
94	27350000	31080000	31080000	28560000
95	27350000	31070000	31070000	28560000
96	27340000	31080000	31080000	28560000
97	27340000	31090000	31090000	28560000
98	27350000	31080000	31080000	28550000
99	27340000	31080000	31080000	28560000
100	27350000	31080000	31090000	28560000
101	27350000	31080000	31080000	28550000
102	27340000	31080000	31080000	28550000
103	27350000	31080000	31080000	28550000
104	27340000	31080000	31080000	28550000
105	27350000	31080000	31080000	28550000
106	27340000	31080000	31080000	28540000
107	27340000	31080000	31080000	28550000
108	27350000	31080000	31080000	28550000
109	27340000	31080000	31080000	28550000
110	27340000	31080000	31080000	28550000
111	27340000	31090000	31090000	28550000
112	27340000	31080000	31080000	28550000
113	27350000	31080000	31080000	28550000
114	27350000	31080000	31080000	28560000
115	27350000	31080000	31080000	28550000
116	27350000	31080000	31090000	28560000
117	27340000	31080000	31080000	28560000
118	27340000	31080000	31080000	28560000
119	27340000	31080000	31080000	28560000
120	27350000	31080000	31080000	28550000
121	27340000	31080000	31080000	28560000
122	27340000	31080000	31080000	28550000
123	27350000	31070000	31080000	28550000
124	27340000	31070000	31070000	28550000
125	27340000	31070000	31070000	28550000
126	27340000	31080000	31080000	28550000
127	27350000	31090000	31080000	28560000
128	27350000	31080000	31080000	28550000
129	27340000	31080000	31080000	28550000
130	27350000	31080000	31080000	28550000
131	27340000	31080000	31080000	28550000
132	27350000	31090000	31090000	28560000
133	27350000	31080000	31080000	28550000
134	27350000	31080000	31080000	28550000
135	27350000	31080000	31080000	28550000
136	27340000	31070000	31070000	28550000
137	27340000	31080000	31080000	28550000
138	27340000	31080000	31080000	28550000
139	27350000	31080000	31080000	28560000
140	27350000	31090000	31090000	28560000
141	27350000	31080000	31080000	28550000
142	27350000	31080000	31080000	28560000
143	27340000	31080000	31080000	28550000
144	27340000	31070000	31080000	28550000
145	27340000	31070000	31080000	28550000
146	27350000	31090000	31090000	28560000
147	27340000	31090000	31090000	28560000
148	27340000	31070000	31070000	28540000
149	27340000	31080000	31080000	28560000
150	27350000	31080000	31080000	28560000
151	27340000	31070000	31070000	28550000
152	27340000	31080000	31080000	28550000
153	27350000	31070000	31080000	28550000
154	27350000	31090000	31090000	28560000
155	27340000	31070000	31070000	28560000
156	27340000	31080000	31080000	28560000
157	27350000	31080000	31080000	28560000
158	27340000	31080000	31080000	28560000
159	27350000	31080000	31090000	28560000
160	27350000	31090000	31090000	28570000
161	27340000	31090000	31080000	28560000
162	27340000	31080000	31080000	28550000
163	27340000	31080000	31080000	28560000
164	27350000	31090000	31080000	28560000
165	27350000	31080000	31080000	28560000
166	27350000	31090000	31090000	28560000
167	27350000	31080000	31080000	28560000
168	27340000	31070000	31070000	28550000
169	27350000	31080000	31080000	28560000
170	27350000	31070000	31080000	28550000
171	27350000	31080000	31080000	28560000
172	27350000	31070000	31070000	28550000
173	27350000	31080000	31080000	28560000
174	27340000	31080000	31080000	28550000
175	27340000	31080000	31080000	28550000
176	27340000	31080000	31090000	28560000
177	27340000	31070000	31080000	28560000
178	27350000	31080000	31080000	28560000
179	27350000	31080000	31090000	28560000
180	27350000	31080000	31080000	28560000
181	27350000	31080000	31080000	28550000
182	27350000	31080000	31080000	28560000
183	27350000	31080000	31090000	28560000
184	27350000	31090000	31090000	28560000
185	27340000	31080000	31080000	28560000
186	27340000	31080000	31080000	28560000
187	27340000	31080000	31080000	28560000
188	27340000	31080000	31080000	28550000
189	27350000	31080000	31080000	28560000
190	27350000	31080000	31080000	28560000
191	27350000	31080000	31080000	28560000
192	27350000	31080000	31080000	28560000
193	27340000	31080000	31080000	28560000
194	27340000	31080000	31070000	28550000
195	27340000	31080000	31080000	28550000
196	27350000	31080000	31090000	28550000
197	27350000	31080000	31080000	28560000
198	27350000	31080000	31080000	28550000
199	27350000	31080000	31080000	28550000
200	27350000	31080000	31080000	28560000
201	27350000	31080000	31080000	28560000
202	27350000	31090000	31090000	28550000
203	27340000	31080000	31080000	28550000
204	27340000	31090000	31090000	28560000
205	27350000	31090000	31090000	28560000
206	27350000	31080000	31080000	28550000
207	27350000	31090000	31080000	28560000
208	27340000	31090000	31080000	28560000
209	27350000	31090000	31090000	28550000
210	27350000	31080000	31080000	28560000
211	27350000	31080000	31080000	28550000
212	27340000	31080000	31080000	28560000
213	27350000	31080000	31080000	28560000
214	27340000	31070000	31070000	28550000
215	27350000	31080000	31080000	28560000
216	27350000	31080000	31070000	28550000
217	27340000	31090000	31090000	28550000
218	27340000	31080000	31080000	28560000
219	27350000	31090000	31080000	28560000
220	27350000	31080000	31070000	28550000
221	27340000	31080000	31080000	28550000
222	27350000	31080000	31080000	28550000
223	27350000	31090000	31080000	28560000
224	27340000	31080000	31080000	28560000
225	27340000	31080000	31080000	28550000
226	27340000	31090000	31090000	28550000
227	27340000	31080000	31080000	28550000
228	27350000	31080000	31080000	28560000
229	27350000	31090000	31080000	28560000
230	27340000	31080000	31080000	28550000
231	27340000	31080000	31080000	28550000
232	27340000	31080000	31080000	28550000
233	27340000	31080000	31080000	28550000
234	27340000	31070000	31070000	28550000
235	27340000	31070000	31070000	28550000
236	27340000	31080000	31080000	28550000
237	27350000	31080000	31080000	28560000
238	27340000	31080000	31080000	28550000
239	27340000	31080000	31080000	28550000
240	27350000	31080000	31080000	28550000
241	27340000	31080000	31080000	28550000
242	27350000	31080000	31080000	28550000
243	27340000	31070000	31070000	28550000
244	27350000	31080000	31080000	28560000
245	27350000	31080000	31080000	28550000
246	27340000	31080000	31080000	28550000
247	27340000	31080000	31080000	28550000
248	27340000	31080000	31080000	28550000
249	27350000	31070000	31080000	28550000
250	27340000	31080000	31080000	28560000
251	27340000	31070000	31070000	28560000
252	27340000	31070000	31080000	28550000
253	27350000	31080000	31080000	28550000
254	27340000	31080000	31080000	28560000
255	27340000	31080000	31080000	28560000
256	27340000	31080000	31080000	28560000
257	27350000	31070000	31080000	28560000
258	27340000	31070000	31060000	28560000
259	27340000	31080000	31070000	28550000
260	27340000	31080000	31080000	28550000
261	27340000	31080000	31080000	28560000
262	27340000	31080000	31080000	28560000
263	27350000	31080000	31080000	28560000
264	27340000	31080000	31080000	28550000
265	27340000	31080000	31080000	28550000
266	27340000	31080000	31080000	28550000
267	27340000	31080000	31080000	28540000
268	27340000	31070000	31070000	28550000
269	27340000	31070000	31070000	28550000
270	27340000	31090000	31090000	28560000
271	27340000	31070000	31080000	28550000
272	27340000	31080000	31080000	28550000
273	27350000	31080000	31080000	28550000
274	27340000	31080000	31080000	28560000
275	27340000	31080000	31070000	28550000
276	27340000	31070000	31070000	28550000
277	27340000	31070000	31070000	28560000
278	27350000	31080000	31070000	28550000
279	27340000	31080000	31080000	28550000
280	27340000	31070000	31070000	28540000
281	27350000	31080000	31070000	28560000
282	27350000	31080000	31080000	28550000
283	27340000	31080000	31080000	28550000
284	27350000	31090000	31090000	28560000
285	27350000	31080000	31080000	28560000
286	27350000	31080000	31080000	28560000
287	27350000	31090000	31080000	28560000
288	27340000	31080000	31080000	28550000
289	27350000	31080000	31080000	28560000
290	27350000	31080000	31080000	28560000
291	27340000	31080000	31080000	28560000
292	27350000	31080000	31080000	28550000
293	27340000	31080000	31080000	28540000
294	27340000	31070000	31070000	28550000
295	27350000	31080000	31080000	28560000
296	27340000	31070000	31070000	28550000
297	27340000	31070000	31070000	28550000
298	27340000	31070000	31070000	28550000
299	27340000	31080000	31080000	28550000
300	27350000	31080000	31080000	28550000
301	27330000	31070000	31060000	28550000
302	27350000	31080000	31080000	28560000
303	27350000	31080000	31080000	28550000
304	27350000	31100000	31080000	28550000
305	27350000	31080000	31080000	28560000
306	27340000	31080000	31080000	28550000
307	27340000	31080000	31080000	28550000
308	27340000	31080000	31080000	28550000
309	27350000	31080000	31080000	28560000
310	27340000	31090000	31080000	28560000
311	27350000	31080000	31080000	28550000
312	27350000	31080000	31080000	28550000
313	27350000	31070000	31070000	28550000
314	27340000	31110000	31080000	28550000
315	27340000	31080000	31080000	28550000
316	27350000	31080000	31080000	28550000
317	27350000	31080000	31080000	28560000
318	27350000	31080000	31070000	28560000
319	27350000	31080000	31080000	28550000
320	27350000	31090000	31090000	28560000
321	27350000	31080000	31080000	28560000
322	27350000	31080000	31090000	28550000
323	27340000	31080000	31080000	28550000
324	27350000	31080000	31080000	28560000
325	27340000	31080000	31080000	28560000
326	27340000	31070000	31060000	28540000
327	27350000	31080000	31090000	28560000
328	27350000	31080000	31090000	28560000
329	27350000	31080000	31080000	28560000
330	27340000	31070000	31070000	28550000
331	27350000	31080000	31080000	28550000
332	27340000	31080000	31070000	28550000
333	27340000	31080000	31080000	28540000
334	27340000	31080000	31080000	28550000
335	27350000	31080000	31080000	28550000
336	27350000	31080000	31080000	28550000
337	27340000	31080000	31080000	28540000
338	27350000	31080000	31080000	28550000
339	27350000	31080000	31080000	28550000
340	27350000	31080000	31080000	28550000
341	27340000	31080000	31080000	28550000
342	27350000	31080000	31080000	28550000
343	27340000	31080000	31080000	28550000
344	27340000	31080000	31090000	28550000
345	27340000	31090000	31090000	28550000
346	27340000	31080000	31080000	28550000
347	27350000	31080000	31080000	28550000
348	27350000	31080000	31090000	28550000
349	27340000	31070000	31080000	28540000
350	27350000	31080000	31080000	28550000
351	27350000	31080000	31080000	28560000
352	27340000	31080000	31080000	28550000
353	27340000	31080000	31080000	28550000
354	27340000	31080000	31080000	28560000
355	27340000	31080000	31080000	28550000
356	27340000	31080000	31080000	28550000
357	27340000	31080000	31080000	28550000
358	27340000	31070000	31080000	28550000
359	27340000	31070000	31070000	28550000
360	27350000	31080000	31080000	28550000
361	27340000	31070000	31070000	28550000
362	27340000	31080000	31080000	28550000
363	27340000	31070000	31070000	28540000
364	27330000	31070000	31070000	28540000
365	27340000	31080000	31080000	28550000
366	27340000	31080000	31100000	28550000
367	27340000	31070000	31070000	28540000
368	27340000	31070000	31070000	28550000
369	27340000	31080000	31080000	28550000
370	27350000	31090000	31090000	28550000
371	27340000	31070000	31090000	28550000
372	27350000	31080000	31080000	28550000
373	27340000	31080000	31080000	28550000
374	27340000	31080000	31080000	28550000
375	27340000	31080000	31080000	28550000
376	27340000	31080000	31080000	28550000
377	27350000	31080000	31080000	28540000
378	27350000	31080000	31080000	28550000
379	27340000	31080000	31080000	28550000
380	27340000	31080000	31080000	28550000
381	27340000	31070000	31070000	28540000
382	27340000	31070000	31070000	28550000
383	27340000	31080000	31080000	28550000
384	27350000	31080000	31080000	28550000
385	27340000	31080000	31080000	28560000
386	27340000	31070000	31070000	28550000
387	27340000	31080000	31080000	28550000
388	27340000	31080000	31080000	28550000
389	27350000	31080000	31080000	28560000
390	27340000	31070000	31070000	28550000
391	27340000	31080000	31080000	28550000
392	27340000	31080000	31080000	28550000
393	27340000	31110000	31080000	28550000
394	27340000	31070000	31070000	28550000
395	27340000	31070000	31080000	28560000
396	27350000	31080000	31080000	28560000
397	27340000	31080000	31080000	28550000
398	27340000	31080000	31080000	28550000
399	27340000	31070000	31070000	28550000
400	27340000	31070000	31070000	28540000
401	27330000	31070000	31070000	28540000
402	27340000	31080000	31080000	28550000
403	27340000	31080000	31080000	28550000
404	27340000	31070000	31070000	28550000
405	27340000	31070000	31070000	28550000
406	27340000	31080000	31080000	28550000
407	27340000	31070000	31070000	28550000
408	27340000	31080000	31070000	28550000
409	27340000	31070000	31070000	28540000
410	27350000	31080000	31080000	28550000
411	27340000	31070000	31070000	28540000
412	27350000	31080000	31080000	28550000
413	27340000	31080000	31080000	28550000
414	27340000	31080000	31090000	28550000
415	27340000	31070000	31070000	28550000
416	27340000	31080000	31080000	28550000
417	27340000	31080000	31080000	28550000
418	27350000	31080000	31090000	28560000
419	27340000	31080000	31080000	28550000
420	27350000	31090000	31090000	28560000
421	27340000	31080000	31080000	28550000
422	27340000	31070000	31070000	28550000
423	27340000	31080000	31080000	28550000
424	27340000	31080000	31080000	28560000
425	27350000	31080000	31080000	28550000
426	27340000	31070000	31070000	28550000
427	27340000	31070000	31080000	28550000
428	27350000	31080000	31080000	28550000
429	27340000	31070000	31070000	28550000
430	27340000	31080000	31080000	28550000
431	27340000	31080000	31080000	28550000
432	27340000	31070000	31080000	28550000
433	27340000	31080000	31080000	28550000
434	27340000	31070000	31070000	28540000
435	27350000	31080000	31080000	28550000
436	27340000	31080000	31080000	28550000
437	27340000	31070000	31070000	28550000
438	27340000	31070000	31070000	28550000
439	27340000	31080000	31080000	28550000
440	27340000	31070000	31080000	28550000
441	27350000	31070000	31080000	28560000
442	27330000	31080000	31070000	28540000
443	27340000	31070000	31070000	28550000
444	27350000	31080000	31080000	28560000
445	27340000	31080000	31080000	28560000
446	27340000	31070000	31070000	28550000
447	27350000	31080000	31080000	28550000
448	27340000	31080000	31080000	28560000
449	27350000	31080000	31080000	28550000
450	27340000	31070000	31070000	28550000
451	27340000	31080000	31080000	28550000
452	27340000	31080000	31080000	28550000
453	27350000	31080000	31080000	28550000
454	27350000	31080000	31080000	28550000
455	27340000	31050000	31070000	28550000
456	27340000	31070000	31070000	28550000
457	27340000	31080000	31080000	28560000
458	27340000	31070000	31080000	28550000
459	27350000	31080000	31080000	28550000
460	27350000	31070000	31070000	28550000
461	27340000	31080000	31080000	28550000
462	27340000	31080000	31080000	28550000
463	27340000	31070000	31070000	28550000
464	27350000	31080000	31090000	28550000
465	27340000	31070000	31070000	28550000
466	27350000	31080000	31080000	28550000
467	27350000	31080000	31080000	28550000
468	27360000	31080000	31080000	28560000
469	27340000	31080000	31080000	28550000
470	27340000	31080000	31080000	28550000
471	27340000	31070000	31070000	28550000
472	27340000	31080000	31080000	28560000
473	27340000	31070000	31070000	28550000
474	27340000	31080000	31080000	28550000
475	27340000	31070000	31080000	28540000
476	27340000	31070000	31050000	28550000
477	27350000	31080000	31080000	28560000
478	27350000	31080000	31080000	28550000
479	27350000	31080000	31080000	28550000
480	27350000	31080000	31080000	28560000
481	27330000	31070000	31070000	28550000
482	27350000	31070000	31080000	28550000
483	27340000	31070000	31070000	28550000
484	27340000	31080000	31080000	28550000
485	27340000	31070000	31070000	28550000
486	27350000	31080000	31080000	28550000
487	27350000	31080000	31080000	28550000
488	27340000	31070000	31070000	28550000
489	27340000	31080000	31080000	28550000
490	27340000	31080000	31080000	28550000
491	27340000	31040000	31070000	28550000
492	27340000	31070000	31080000	28550000
493	27340000	31080000	31080000	28550000
494	27340000	31070000	31070000	28550000
495	27340000	31080000	31080000	28550000
496	27340000	31080000	31070000	28550000
497	27350000	31110000	31080000	28550000
498	27350000	31080000	31080000	28550000
499	27340000	31080000	31080000	28550000

============================================================
# BITSTREAM: 100us_101etapas.bit
# VENTANA: 100us
# ETAPAS_PRINCIPAL: 101
# NUM_MUESTRAS: 500
# FORMATO: idx	freq1_hz	freq2_hz	freq3_hz	freq4_hz
============================================================
idx	freq1_hz	freq2_hz	freq3_hz	freq4_hz
0	8140000	9690000	8800000	8860000
1	8140000	9690000	8810000	8850000
2	8140000	9700000	8800000	8850000
3	8130000	9700000	8800000	8850000
4	8140000	9690000	8800000	8860000
5	8140000	9690000	8810000	8850000
6	8140000	9690000	8800000	8850000
7	8140000	9690000	8810000	8850000
8	8140000	9690000	8800000	8860000
9	8140000	9700000	8810000	8850000
10	8140000	9700000	8810000	8860000
11	8140000	9700000	8800000	8850000
12	8140000	9700000	8800000	8860000
13	8140000	9700000	8800000	8860000
14	8140000	9690000	8810000	8860000
15	8140000	9690000	8810000	8860000
16	8140000	9700000	8810000	8850000
17	8140000	9700000	8810000	8860000
18	8140000	9690000	8810000	8850000
19	8140000	9690000	8810000	8850000
20	8130000	9700000	8800000	8850000
21	8140000	9690000	8800000	8850000
22	8140000	9690000	8800000	8860000
23	8140000	9690000	8800000	8850000
24	8150000	9700000	8810000	8850000
25	8130000	9690000	8800000	8860000
26	8140000	9690000	8810000	8860000
27	8140000	9690000	8800000	8860000
28	8140000	9700000	8810000	8850000
29	8140000	9690000	8810000	8850000
30	8140000	9690000	8800000	8860000
31	8140000	9700000	8810000	8850000
32	8140000	9690000	8810000	8860000
33	8140000	9700000	8800000	8850000
34	8140000	9700000	8800000	8850000
35	8140000	9700000	8810000	8850000
36	8140000	9700000	8800000	8850000
37	8140000	9700000	8800000	8860000
38	8140000	9690000	8810000	8860000
39	8140000	9700000	8800000	8860000
40	8140000	9700000	8800000	8860000
41	8140000	9700000	8810000	8850000
42	8140000	9700000	8800000	8860000
43	8140000	9700000	8800000	8860000
44	8140000	9700000	8810000	8850000
45	8140000	9690000	8800000	8860000
46	8140000	9700000	8800000	8860000
47	8140000	9700000	8800000	8860000
48	8140000	9700000	8810000	8850000
49	8140000	9700000	8810000	8860000
50	8140000	9690000	8800000	8850000
51	8130000	9700000	8800000	8850000
52	8140000	9700000	8800000	8860000
53	8140000	9700000	8810000	8850000
54	8140000	9700000	8800000	8850000
55	8140000	9700000	8800000	8860000
56	8140000	9690000	8800000	8850000
57	8140000	9700000	8800000	8850000
58	8140000	9700000	8800000	8850000
59	8140000	9690000	8800000	8860000
60	8140000	9690000	8810000	8850000
61	8140000	9700000	8800000	8850000
62	8140000	9700000	8810000	8850000
63	8140000	9690000	8800000	8850000
64	8140000	9690000	8800000	8860000
65	8140000	9700000	8800000	8860000
66	8140000	9690000	8800000	8850000
67	8140000	9700000	8810000	8860000
68	8140000	9690000	8810000	8850000
69	8140000	9700000	8800000	8860000
70	8140000	9700000	8810000	8860000
71	8140000	9700000	8800000	8860000
72	8140000	9700000	8810000	8860000
73	8130000	9700000	8800000	8860000
74	8140000	9700000	8800000	8860000
75	8140000	9690000	8810000	8860000
76	8140000	9700000	8810000	8850000
77	8140000	9700000	8810000	8860000
78	8140000	9700000	8800000	8860000
79	8140000	9700000	8800000	8860000
80	8140000	9700000	8810000	8860000
81	8140000	9690000	8810000	8850000
82	8140000	9700000	8810000	8850000
83	8140000	9700000	8800000	8850000
84	8140000	9700000	8810000	8850000
85	8140000	9690000	8800000	8860000
86	8140000	9700000	8810000	8850000
87	8140000	9700000	8800000	8860000
88	8140000	9700000	8800000	8850000
89	8140000	9690000	8810000	8850000
90	8140000	9700000	8810000	8860000
91	8140000	9700000	8810000	8850000
92	8140000	9700000	8800000	8860000
93	8140000	9700000	8800000	8850000
94	8150000	9700000	8810000	8860000
95	8140000	9690000	8800000	8850000
96	8140000	9700000	8800000	8860000
97	8140000	9690000	8810000	8850000
98	8140000	9690000	8800000	8850000
99	8140000	9700000	8810000	8850000
100	8140000	9700000	8810000	8860000
101	8140000	9700000	8800000	8850000
102	8140000	9700000	8810000	8850000
103	8140000	9700000	8810000	8860000
104	8140000	9700000	8800000	8860000
105	8140000	9700000	8800000	8850000
106	8140000	9700000	8800000	8850000
107	8140000	9690000	8810000	8850000
108	8140000	9690000	8810000	8850000
109	8140000	9690000	8800000	8850000
110	8140000	9700000	8800000	8850000
111	8140000	9690000	8810000	8860000
112	8140000	9690000	8800000	8850000
113	8140000	9700000	8800000	8850000
114	8140000	9700000	8810000	8860000
115	8140000	9690000	8810000	8850000
116	8140000	9690000	8800000	8850000
117	8140000	9690000	8800000	8860000
118	8140000	9700000	8800000	8860000
119	8140000	9690000	8800000	8850000
120	8140000	9700000	8800000	8860000
121	8140000	9690000	8810000	8850000
122	8140000	9690000	8800000	8860000
123	8140000	9700000	8810000	8850000
124	8130000	9690000	8810000	8860000
125	8140000	9700000	8810000	8860000
126	8140000	9690000	8810000	8860000
127	8140000	9690000	8800000	8850000
128	8140000	9700000	8810000	8850000
129	8130000	9690000	8800000	8860000
130	8140000	9690000	8800000	8860000
131	8130000	9690000	8800000	8850000
132	8140000	9700000	8800000	8850000
133	8140000	9700000	8810000	8860000
134	8140000	9690000	8800000	8860000
135	8140000	9690000	8800000	8850000
136	8140000	9690000	8800000	8850000
137	8140000	9690000	8810000	8850000
138	8140000	9690000	8800000	8850000
139	8140000	9690000	8800000	8860000
140	8140000	9700000	8810000	8850000
141	8140000	9700000	8810000	8860000
142	8140000	9700000	8810000	8850000
143	8140000	9700000	8800000	8860000
144	8140000	9690000	8800000	8850000
145	8140000	9700000	8800000	8860000
146	8140000	9690000	8800000	8860000
147	8140000	9690000	8810000	8850000
148	8140000	9690000	8800000	8850000
149	8140000	9700000	8800000	8860000
150	8140000	9700000	8800000	8860000
151	8130000	9700000	8810000	8850000
152	8140000	9690000	8810000	8850000
153	8140000	9690000	8800000	8860000
154	8140000	9700000	8800000	8850000
155	8140000	9690000	8810000	8860000
156	8140000	9700000	8800000	8850000
157	8140000	9700000	8800000	8850000
158	8140000	9700000	8800000	8850000
159	8140000	9700000	8800000	8850000
160	8140000	9700000	8810000	8860000
161	8140000	9690000	8800000	8850000
162	8140000	9690000	8810000	8850000
163	8140000	9700000	8800000	8850000
164	8140000	9700000	8800000	8850000
165	8140000	9700000	8810000	8860000
166	8130000	9690000	8810000	8850000
167	8140000	9690000	8810000	8860000
168	8140000	9690000	8800000	8850000
169	8140000	9690000	8810000	8850000
170	8140000	9700000	8810000	8860000
171	8140000	9700000	8800000	8850000
172	8140000	9690000	8800000	8850000
173	8140000	9700000	8810000	8850000
174	8140000	9700000	8800000	8850000
175	8140000	9700000	8810000	8850000
176	8140000	9690000	8810000	8850000
177	8140000	9700000	8800000	8860000
178	8140000	9690000	8810000	8860000
179	8140000	9700000	8810000	8860000
180	8140000	9700000	8800000	8850000
181	8140000	9690000	8810000	8860000
182	8140000	9700000	8810000	8850000
183	8140000	9700000	8800000	8860000
184	8140000	9700000	8800000	8860000
185	8140000	9690000	8800000	8850000
186	8140000	9700000	8810000	8850000
187	8140000	9700000	8800000	8860000
188	8140000	9700000	8800000	8860000
189	8140000	9690000	8800000	8860000
190	8140000	9690000	8810000	8850000
191	8140000	9700000	8810000	8850000
192	8140000	9700000	8800000	8850000
193	8140000	9690000	8810000	8850000
194	8140000	9700000	8810000	8850000
195	8140000	9690000	8800000	8850000
196	8140000	9700000	8800000	8850000
197	8140000	9700000	8810000	8850000
198	8140000	9700000	8800000	8850000
199	8140000	9700000	8810000	8850000
200	8130000	9700000	8800000	8860000
201	8140000	9690000	8810000	8860000
202	8130000	9700000	8800000	8850000
203	8140000	9700000	8800000	8860000
204	8140000	9690000	8800000	8850000
205	8140000	9700000	8800000	8850000
206	8140000	9700000	8810000	8850000
207	8140000	9690000	8810000	8850000
208	8140000	9700000	8810000	8850000
209	8140000	9690000	8800000	8850000
210	8140000	9700000	8810000	8850000
211	8140000	9700000	8810000	8850000
212	8140000	9700000	8810000	8850000
213	8140000	9690000	8810000	8850000
214	8140000	9700000	8810000	8860000
215	8140000	9700000	8800000	8850000
216	8140000	9700000	8810000	8850000
217	8140000	9690000	8800000	8860000
218	8140000	9700000	8810000	8860000
219	8140000	9700000	8800000	8850000
220	8140000	9700000	8810000	8850000
221	8140000	9690000	8800000	8850000
222	8140000	9700000	8810000	8850000
223	8140000	9700000	8800000	8850000
224	8140000	9700000	8800000	8850000
225	8140000	9690000	8800000	8860000
226	8140000	9700000	8810000	8850000
227	8140000	9700000	8810000	8850000
228	8140000	9690000	8810000	8850000
229	8140000	9700000	8800000	8850000
230	8140000	9700000	8810000	8850000
231	8140000	9690000	8800000	8860000
232	8140000	9700000	8810000	8850000
233	8140000	9690000	8810000	8850000
234	8140000	9700000	8800000	8850000
235	8140000	9700000	8800000	8860000
236	8130000	9700000	8800000	8850000
237	8140000	9700000	8810000	8850000
238	8140000	9700000	8800000	8850000
239	8150000	9690000	8800000	8860000
240	8140000	9700000	8800000	8850000
241	8140000	9700000	8800000	8850000
242	8140000	9700000	8800000	8860000
243	8140000	9690000	8800000	8850000
244	8140000	9700000	8800000	8850000
245	8140000	9700000	8810000	8850000
246	8140000	9700000	8810000	8850000
247	8140000	9690000	8800000	8860000
248	8140000	9700000	8810000	8850000
249	8140000	9700000	8800000	8860000
250	8140000	9700000	8800000	8860000
251	8140000	9700000	8810000	8850000
252	8140000	9700000	8810000	8850000
253	8140000	9690000	8800000	8850000
254	8140000	9700000	8810000	8860000
255	8140000	9700000	8800000	8850000
256	8140000	9700000	8800000	8850000
257	8140000	9690000	8810000	8850000
258	8140000	9700000	8800000	8850000
259	8140000	9700000	8810000	8850000
260	8140000	9700000	8810000	8850000
261	8140000	9690000	8810000	8850000
262	8140000	9700000	8810000	8850000
263	8140000	9700000	8810000	8850000
264	8140000	9700000	8800000	8860000
265	8140000	9700000	8800000	8860000
266	8140000	9700000	8810000	8860000
267	8140000	9700000	8800000	8850000
268	8140000	9700000	8800000	8850000
269	8140000	9690000	8800000	8860000
270	8140000	9690000	8800000	8850000
271	8140000	9690000	8800000	8850000
272	8140000	9700000	8810000	8860000
273	8130000	9690000	8800000	8850000
274	8140000	9700000	8810000	8860000
275	8140000	9700000	8810000	8850000
276	8140000	9700000	8800000	8860000
277	8140000	9700000	8800000	8860000
278	8140000	9700000	8810000	8850000
279	8140000	9700000	8810000	8850000
280	8140000	9690000	8800000	8850000
281	8140000	9700000	8800000	8850000
282	8140000	9700000	8800000	8850000
283	8140000	9690000	8800000	8850000
284	8140000	9700000	8800000	8850000
285	8140000	9700000	8800000	8850000
286	8140000	9700000	8800000	8860000
287	8140000	9700000	8810000	8850000
288	8140000	9690000	8800000	8850000
289	8140000	9700000	8800000	8850000
290	8140000	9700000	8800000	8850000
291	8140000	9690000	8810000	8850000
292	8140000	9700000	8810000	8850000
293	8140000	9700000	8800000	8850000
294	8140000	9700000	8800000	8850000
295	8140000	9700000	8800000	8850000
296	8140000	9690000	8800000	8860000
297	8140000	9700000	8800000	8860000
298	8140000	9690000	8810000	8850000
299	8140000	9690000	8810000	8850000
300	8140000	9690000	8810000	8850000
301	8140000	9700000	8810000	8860000
302	8140000	9700000	8810000	8850000
303	8140000	9700000	8810000	8860000
304	8140000	9700000	8800000	8860000
305	8140000	9700000	8800000	8850000
306	8140000	9700000	8800000	8850000
307	8140000	9700000	8800000	8860000
308	8130000	9690000	8800000	8860000
309	8140000	9690000	8810000	8850000
310	8150000	9700000	8810000	8860000
311	8140000	9700000	8810000	8850000
312	8140000	9700000	8800000	8850000
313	8140000	9700000	8810000	8860000
314	8140000	9690000	8800000	8860000
315	8140000	9690000	8800000	8850000
316	8140000	9690000	8800000	8860000
317	8140000	9690000	8810000	8850000
318	8140000	9700000	8810000	8850000
319	8140000	9690000	8810000	8850000
320	8140000	9700000	8800000	8850000
321	8140000	9690000	8800000	8850000
322	8140000	9690000	8800000	8850000
323	8140000	9700000	8810000	8850000
324	8140000	9700000	8810000	8860000
325	8140000	9690000	8800000	8850000
326	8140000	9700000	8800000	8860000
327	8140000	9700000	8810000	8850000
328	8140000	9690000	8800000	8860000
329	8140000	9690000	8800000	8860000
330	8140000	9700000	8800000	8860000
331	8140000	9690000	8800000	8850000
332	8140000	9700000	8810000	8860000
333	8140000	9700000	8800000	8850000
334	8140000	9700000	8800000	8860000
335	8140000	9700000	8800000	8860000
336	8140000	9700000	8800000	8860000
337	8140000	9700000	8810000	8860000
338	8140000	9690000	8800000	8860000
339	8140000	9700000	8810000	8850000
340	8140000	9700000	8810000	8850000
341	8140000	9700000	8810000	8850000
342	8140000	9700000	8810000	8850000
343	8140000	9700000	8810000	8860000
344	8140000	9690000	8810000	8850000
345	8140000	9690000	8800000	8860000
346	8140000	9700000	8800000	8850000
347	8140000	9700000	8800000	8860000
348	8140000	9690000	8800000	8860000
349	8150000	9700000	8810000	8860000
350	8140000	9700000	8810000	8860000
351	8140000	9700000	8810000	8860000
352	8140000	9700000	8800000	8850000
353	8140000	9690000	8800000	8860000
354	8140000	9700000	8810000	8850000
355	8140000	9700000	8810000	8850000
356	8140000	9700000	8810000	8850000
357	8140000	9690000	8800000	8850000
358	8140000	9700000	8800000	8850000
359	8140000	9700000	8800000	8850000
360	8140000	9700000	8800000	8860000
361	8140000	9690000	8810000	8850000
362	8140000	9700000	8800000	8860000
363	8140000	9700000	8800000	8860000
364	8140000	9690000	8800000	8860000
365	8140000	9700000	8800000	8850000
366	8140000	9700000	8800000	8850000
367	8140000	9690000	8800000	8850000
368	8140000	9700000	8810000	8860000
369	8140000	9700000	8800000	8850000
370	8140000	9700000	8800000	8850000
371	8140000	9690000	8800000	8850000
372	8140000	9690000	8800000	8860000
373	8140000	9690000	8800000	8850000
374	8140000	9700000	8800000	8860000
375	8130000	9700000	8800000	8850000
376	8140000	9690000	8800000	8850000
377	8130000	9700000	8810000	8850000
378	8140000	9690000	8810000	8850000
379	8140000	9700000	8800000	8850000
380	8140000	9690000	8810000	8850000
381	8140000	9700000	8810000	8850000
382	8140000	9690000	8810000	8850000
383	8140000	9700000	8800000	8850000
384	8140000	9700000	8800000	8860000
385	8140000	9690000	8810000	8860000
386	8140000	9700000	8810000	8860000
387	8140000	9690000	8810000	8850000
388	8140000	9700000	8800000	8850000
389	8140000	9690000	8800000	8850000
390	8130000	9690000	8800000	8850000
391	8140000	9690000	8800000	8850000
392	8140000	9690000	8810000	8850000
393	8140000	9700000	8810000	8850000
394	8140000	9690000	8800000	8850000
395	8140000	9700000	8810000	8850000
396	8140000	9700000	8810000	8850000
397	8130000	9700000	8810000	8850000
398	8130000	9700000	8800000	8850000
399	8140000	9690000	8800000	8860000
400	8140000	9700000	8800000	8850000
401	8140000	9690000	8800000	8850000
402	8140000	9690000	8800000	8860000
403	8140000	9690000	8810000	8850000
404	8140000	9690000	8800000	8860000
405	8140000	9690000	8800000	8850000
406	8140000	9700000	8800000	8850000
407	8140000	9690000	8800000	8860000
408	8130000	9690000	8800000	8850000
409	8140000	9700000	8800000	8850000
410	8140000	9690000	8800000	8850000
411	8140000	9700000	8800000	8850000
412	8140000	9690000	8810000	8860000
413	8140000	9700000	8800000	8850000
414	8140000	9700000	8800000	8850000
415	8140000	9700000	8810000	8850000
416	8140000	9690000	8810000	8850000
417	8130000	9700000	8800000	8850000
418	8140000	9690000	8800000	8850000
419	8140000	9700000	8800000	8850000
420	8140000	9700000	8810000	8850000
421	8130000	9700000	8800000	8850000
422	8150000	9690000	8800000	8850000
423	8140000	9700000	8810000	8850000
424	8140000	9690000	8810000	8850000
425	8140000	9700000	8800000	8860000
426	8140000	9700000	8800000	8860000
427	8140000	9690000	8800000	8850000
428	8130000	9690000	8800000	8850000
429	8130000	9690000	8800000	8850000
430	8130000	9690000	8800000	8850000
431	8140000	9700000	8800000	8850000
432	8140000	9700000	8800000	8850000
433	8140000	9700000	8800000	8850000
434	8140000	9700000	8800000	8860000
435	8140000	9690000	8800000	8850000
436	8140000	9690000	8800000	8860000
437	8140000	9700000	8810000	8850000
438	8140000	9690000	8800000	8860000
439	8140000	9700000	8810000	8860000
440	8140000	9700000	8810000	8850000
441	8140000	9690000	8810000	8850000
442	8140000	9700000	8800000	8860000
443	8140000	9700000	8800000	8850000
444	8140000	9700000	8800000	8850000
445	8140000	9700000	8800000	8850000
446	8140000	9690000	8800000	8860000
447	8140000	9700000	8810000	8860000
448	8140000	9690000	8800000	8850000
449	8140000	9690000	8800000	8850000
450	8140000	9690000	8800000	8850000
451	8140000	9700000	8810000	8850000
452	8140000	9700000	8810000	8860000
453	8130000	9700000	8810000	8860000
454	8140000	9700000	8810000	8860000
455	8140000	9700000	8800000	8850000
456	8140000	9690000	8810000	8850000
457	8140000	9690000	8810000	8850000
458	8140000	9700000	8800000	8860000
459	8140000	9690000	8810000	8850000
460	8140000	9690000	8800000	8850000
461	8140000	9700000	8800000	8860000
462	8140000	9700000	8800000	8850000
463	8140000	9700000	8810000	8850000
464	8140000	9690000	8800000	8850000
465	8140000	9690000	8800000	8860000
466	8140000	9700000	8810000	8860000
467	8140000	9700000	8810000	8850000
468	8140000	9700000	8800000	8850000
469	8140000	9700000	8800000	8850000
470	8140000	9700000	8800000	8850000
471	8140000	9690000	8800000	8850000
472	8140000	9700000	8800000	8860000
473	8140000	9690000	8810000	8850000
474	8140000	9700000	8810000	8850000
475	8130000	9690000	8800000	8860000
476	8130000	9690000	8800000	8860000
477	8140000	9700000	8800000	8860000
478	8130000	9690000	8800000	8850000
479	8140000	9690000	8800000	8850000
480	8140000	9690000	8800000	8850000
481	8130000	9700000	8810000	8850000
482	8140000	9690000	8800000	8860000
483	8140000	9700000	8810000	8850000
484	8140000	9690000	8810000	8860000
485	8140000	9690000	8800000	8850000
486	8130000	9690000	8800000	8850000
487	8140000	9700000	8800000	8850000
488	8140000	9690000	8800000	8860000
489	8140000	9690000	8800000	8850000
490	8130000	9700000	8800000	8850000
491	8140000	9700000	8800000	8850000
492	8130000	9700000	8800000	8860000
493	8140000	9690000	8800000	8860000
494	8130000	9700000	8800000	8860000
495	8140000	9700000	8800000	8850000
496	8140000	9690000	8800000	8860000
497	8130000	9690000	8800000	8850000
498	8140000	9690000	8810000	8860000
499	8140000	9690000	8810000	8850000
